D_ref,E_D,K_s_ref,H_s,D_ox_ref,E_D_ox,K_ox_ref,H_sol_ox,metal_thickness,oxide_thickness,P_upstream,f_pinhole,f_crack,f_gb_defect,crack_thickness_factor,gb_diffusivity_factor,grain_size,gb_thickness,lattice_density,trap_dislocation_E_b,trap_dislocation_N_T,trap_gb_E_b,trap_gb_N_T,trap_vacancy_E_b,trap_vacancy_N_T,trap_carbide_E_b,trap_carbide_N_T,temperature,k_diss_ref,E_diss,K_eq_ref,H_eq,k_diss_metal_ref,E_diss_metal,K_eq_metal_ref,H_eq_metal,flux,permeability,theta,frac_surface,frac_oxide,frac_metal,PRF,D_eff,P_interface,flux_intact,flux_defect,regime,system_rate_limiting,dominant_path
1.6821049745982216e-07,72076.24691442389,0.04207248537242704,6999.515780503816,1.936088982350498e-17,69816.40820858689,0.38352749112977713,68761.98775368743,0.0031818158913149183,7.402672461221863e-06,7218789.009044836,0.02050937116082717,0.025949479021036857,0.0006205286814010379,0.3444716427783806,22.229341157167507,0.0003217069418029461,4.2937277781725773e-10,1.0222683212975264e+29,20710.27104905921,292435813416243.2,25484.54525509899,2.863255845638268e+16,44171.9560014099,1.657778135754522e+27,39345.75643529021,1.7929738775784372e+27,1024.2281851620685,6.053098140356427e-06,64124.927936855354,5.858967782937176e-07,24444.874788340705,3.894003832842262e-05,95699.54214886624,0.0002223870936410858,11880.082326147229,1.7560140601881495e-05,3.623633879886517e-14,0.5477273708040693,8.387937719352364e-08,0.6830358200233337,0.31696409609728915,,7.478449968777309e-09,20703.394937064964,1.1862950877625634e-05,5.6971897242558605e-06,oxide,mixed,mixed
3.972015879209826e-07,69053.15927202556,0.04564039132230299,43872.54160004284,3.355229340321175e-17,69348.05614002382,0.1776377526467541,85178.64930544415,0.0035063264616885153,2.916422397667216e-06,4932430.726401521,0.007627904343748507,0.019241461646618507,0.07385247814712698,0.07070017775052811,66.54163441978416,0.00040408657871226274,9.97323061303081e-10,1.0611583929250525e+29,19522.85051200475,453520722120720.6,25720.098594720057,4.071171938989495e+16,46413.427353748746,6.101171788640796e+27,36352.56501197614,1.4225025148851845e+27,1016.4620216884971,7.044314723148457e-06,59692.04278314908,8.950435104383165e-07,37786.61135858702,0.00010769023608581384,75301.06165187286,0.0009328969437929134,25598.98072455049,3.477191871705401e-05,6.726155017191409e-14,0.4767548697320438,2.8983375522351986e-08,0.47666587413216693,0.5233340968844575,,6.266822894286392e-09,807759.9000396241,2.7436032447853252e-05,7.335886269200756e-06,metal,oxide,intact
1.6461120919545008e-07,72937.41281186856,0.0630133039969915,41793.70013242125,2.819305996044223e-17,70055.7342619242,0.19271461373864296,22752.204713511426,0.0032144983883663236,1.1450917061126334e-06,6719530.827943005,0.0004771772869030508,0.02140755198802523,0.03943744401195055,0.28237147299059207,38.76071315294806,1.5906705154345736e-05,7.665893459098594e-10,1.0451266839135716e+29,15989.976479671837,41634668293861.69,25186.51898309205,3.831370319846221e+16,49622.38186494099,4.7281818595490434e+27,23173.72095009295,1.926891875927951e+27,1012.3528673699541,8.521249440184408e-06,62730.90550865272,5.350374258463758e-07,24498.7173870903,0.00011417439810396499,97383.96313777738,0.0006647469468170223,26050.35673146286,4.3224412522716405e-06,1.4117254680100605e-15,0.5230395435594384,6.377137481427026e-09,0.7218972877745748,0.2781027058482878,,2.0909178058402196e-09,29333.483659570233,2.801688434850065e-06,1.5207528174215757e-06,oxide,mixed,mixed
4.184777775835621e-07,63641.570899276645,0.04101225489120392,18715.67885024471,7.704960026868292e-17,69830.88295921362,0.1662233287140025,76592.08171124841,0.0047507169884141165,3.988352723508581e-06,2991495.270088217,0.02474197432557211,0.010070496287946519,0.04443968477496288,0.10548329110298207,23.42553552654474,0.00014078749279822716,7.705659503667446e-10,1.0813108131597489e+29,19301.563305095067,662493334233405.8,27861.389994745994,2.595391480588619e+16,47854.75106741535,9.336752535120808e+27,29075.582470618006,1.909091347022891e+27,602.7137684432195,7.303778205507312e-06,55512.170077928255,5.369128656493191e-07,5533.223397931539,1.0682750119054362e-05,93145.43058507769,0.0003181239999341598,13425.51402021002,2.834715278446606e-10,6.054017877811957e-19,0.4724893454205182,1.0242062718289284e-09,0.6155514224678451,0.3844485765079486,,5.474145864189718e-13,92649.90453387874,1.9922663902690245e-10,8.424488881775816e-11,oxide,oxide,intact
3.3367550345652815e-07,75528.62751443338,0.0660922718424029,22369.700963892363,2.3448362311833162e-17,69530.55007511938,0.24103415164240466,130325.44007944182,0.0018106764631617466,6.711590852681053e-06,1967196.8526088565,0.021412388069656913,0.06162645495375307,0.02351020572106588,0.3971638112642938,40.78923090496472,0.0004860266010042883,8.583410351930976e-10,1.118051597510455e+29,19785.45668087439,458885307061856.94,29960.479278715437,5.7176531169218616e+16,43477.77561174322,7.110320116387249e+27,30819.33922763791,7.392732964015644e+26,604.343053760506,2.5766081891247735e-07,43837.69043977143,4.295245085148914e-07,48109.95829314451,4.4113992817835914e-05,79669.03627270967,1.4166005451285847e-05,35391.09453629186,8.785472658844048e-11,9.769845920435488e-20,0.04356036326703687,6.590879167570444e-11,0.3624454006732421,0.6375545992608491,,4.516760206013789e-13,136.34029837309865,1.8090047627104544e-11,6.976467896133594e-11,metal,mixed,mixed
1.1254961317952033e-07,79117.96944575141,0.06838144200541117,49016.66383754606,5.889113054587786e-17,69455.14333481586,0.27042774512654666,144789.10097810026,0.003335701025929684,5.554398173617585e-06,2544700.175225181,0.060354499461827645,0.05834033384361667,0.04619091441908709,0.1354723014806177,99.54193213358054,0.0004006325482554231,4.3012419126785763e-10,9.075863157961765e+28,15403.783098223734,163439766169610.1,28542.00963584174,3.1865916515774084e+16,42284.100560645595,9.489680863398646e+27,31198.471428327848,1.2323953151078128e+27,1090.458626711742,3.936051505658352e-06,65434.28142560471,5.403837324704062e-07,9550.786482910633,0.0001241931537710534,72007.9583310769,0.0009890901113357776,16578.5736470415,6.325552189849398e-05,2.8944335366842686e-11,0.49657589037990285,1.6566507667549512e-07,0.005012943485756147,0.9949868908491671,,3.493327375542512e-09,2513849.424455462,5.2776131212118974e-05,1.0479390686375001e-05,metal,metal,intact
3.147362329765154e-07,77351.2562752456,0.0763391721779782,46271.998130094784,3.681352942458189e-17,70388.08782063996,0.3106116580451634,113940.96437253886,0.004268560843408868,9.244311127540017e-07,5838259.411198026,0.06597263538951756,0.05411855957979675,0.022617011406534264,0.37987091294021824,82.5349682631921,0.0003415364223026395,7.378283765943545e-10,8.39760679510201e+28,17706.59512400691,598709364643161.1,26438.71260546714,5.344180644568622e+16,36974.57509945714,8.607239525742035e+27,24454.197425088743,1.547392901125623e+27,784.4728813227181,9.345920355148607e-06,63622.056866339204,7.644527470154672e-08,40042.07437536009,7.933472918268378e-05,92323.10581867346,0.0005290729031028433,35088.7205260246,4.2762722309411723e-07,1.232055002349025e-15,0.12032536248272581,1.1380765281406362e-09,0.11285638644353521,0.8871436124183881,,1.422762616274281e-10,4416353.999623756,3.60127778751274e-07,6.749944434284324e-08,metal,metal,intact
3.45817617233031e-07,64870.90758553144,0.04597383882457826,42658.63410905226,2.503537871541579e-17,70674.83987516919,0.15587590005313925,136434.8679011828,0.0024083014381302585,6.337376894869909e-06,5869661.405688981,0.09426063827740545,0.04309523785636984,0.005339494188495131,0.3665337717105874,20.733184223145035,0.00034633740389065367,8.50732157377778e-10,1.1565733721033401e+29,21204.38547244938,219501480175376.6,28785.974724227024,2.890063127181287e+16,46190.24729059935,4.8793281373006856e+27,39068.99862343796,1.8333980343418322e+27,1094.1914286402261,8.67396776982902e-06,56171.09925952228,8.66105227064022e-07,26665.47682747283,9.147351806615685e-05,88111.46846892574,1.3921155805189472e-05,17416.84555539673,0.0004330833788488076,5.945739336715719e-12,0.5830535374927055,1.33087134760502e-07,0.15648800734568802,0.8435118595671772,,1.827942876349762e-08,3914284.5866762274,0.00036118883239102,7.189454645778758e-05,metal,metal,intact
6.893508357300761e-09,61077.861049695064,0.05191491730120173,35984.98878479938,6.41833552316356e-17,69701.50985890158,0.14009360368298135,140396.6012238101,0.00282734152081838,3.398710615482351e-06,2044889.6012528592,0.073149979462828,0.087904086774174,0.04153817502567671,0.17989919726932918,79.51611578670567,3.960257003975103e-05,6.577114389740588e-10,1.1697977632546558e+29,23706.692130326475,535278248839150.3,26885.624369972964,1.4272079744592788e+16,41020.49255852699,7.802117035662709e+27,30576.489593774735,7.644454830365371e+26,1121.006357540056,7.780550618768403e-06,58672.64943611367,2.5747640971084884e-07,35579.295421379466,4.5013575959647675e-05,73383.67426119607,1.7004598424489648e-05,13972.000655774114,1.1478113983789981e-05,1.2847122831131711e-11,0.28677009131377706,6.546389935890107e-09,0.0007502679317550683,0.999249725521855,,6.036575752454557e-10,2041099.76591901,9.151161437705542e-06,2.3269525460844385e-06,metal,metal,intact
1.4220270773737422e-07,71911.7427566411,0.043839953305247,24900.27390203123,5.2213965727053915e-18,70367.80174113049,0.11390727232144734,93279.44921174848,0.003073235407896778,9.15908285311007e-06,643521.2047393488,0.060289242246967786,0.0367645681916857,0.010889941031207724,0.2993729191056504,79.15779068991291,1.201279306351839e-05,3.9585882152652763e-10,1.119866504670925e+29,24446.431906851984,777346959530761.1,25373.695861609634,2.0041321649498908e+16,45862.99022549314,6.449827572021862e+27,33268.60988048752,1.5942699252132263e+26,620.4292845668201,1.8289887511797914e-06,42936.04717385217,1.807863984228384e-07,48590.82295576098,6.733759422669474e-05,92018.23016737295,0.0004919534174328582,36530.93748194083,2.8926930323742348e-11,4.989502468109309e-20,0.018250920415587416,1.8098455183709399e-10,0.18408921759529287,0.8159107822237226,,3.5333906383056934e-13,85.47672153410824,3.853538363584536e-12,2.5073391960157812e-11,metal,metal,pinhole
2.4466119899223517e-07,64483.13192099041,0.03195186261663473,26540.00905488641,1.1749740269979507e-17,69532.12706386913,0.281974919943158,140185.1475532548,0.003609146043193141,4.587990022424571e-06,59368.131505437195,0.0783529269876578,0.033066580181755775,0.02988597794879182,0.13122934202219053,70.57872677487943,0.00034796322468857164,3.252032331591903e-10,9.018714582408787e+28,18426.396683101284,742266008867736.5,25671.50730833994,5.2221321997278104e+16,42372.156447234825,6.668062022697716e+27,31355.240627155166,1.4770078418669e+27,654.6300992463867,9.07551136204753e-06,59457.46921984687,7.314472143724124e-07,16031.74739796171,1.8110376227578877e-05,89488.6068501704,0.0003667268057346471,26340.2400654551,1.8429972905324132e-10,1.1572671333733087e-18,0.07964951153545628,5.736635682839126e-09,0.3363455403964996,0.6636544538668647,,5.401304514672607e-12,139.10958924216104,5.0223405406124016e-11,1.340763236471173e-10,metal,mixed,mixed
7.213769013413506e-08,69242.64794841703,0.011042707847843593,2689.3284960772544,7.229740719985402e-17,70858.91102359642,0.39067510878849276,95448.25175980282,0.0031561564060218696,5.268334134021524e-06,1488294.285601717,0.030293107766752113,0.04561804124935887,0.09421797537899256,0.31711165208012393,61.167728878528685,0.0004876337469143804,8.011570290778395e-10,9.70438474963055e+28,19432.35259945927,682346772010642.9,28584.91964123617,3.8168047224628424e+16,38659.52751083044,7.853220086962125e+27,33139.59493919924,6.174422320338761e+26,594.2730438131096,5.354999745348168e-06,58202.64241103707,1.7643258666563235e-07,47469.952925139,9.73810699628082e-05,73211.179581491,0.00015216857750245615,12432.875020481064,1.9981647854006683e-10,5.505309291545667e-19,0.023811149296096186,8.1229211044176e-11,0.47343900756814683,0.526560992350624,,2.570158850200287e-13,26435.530105492704,9.171829583515869e-11,1.0809818270490814e-10,metal,mixed,mixed
3.9867769281328473e-07,68604.28361637652,0.08875746414870124,27419.75398387425,7.336732503498276e-17,70297.05632580984,0.2360117999315694,155099.5130328842,0.003528133797376111,1.814746309853227e-08,8781727.787254073,0.028802344199140177,0.015352832520752525,0.011028596012733647,0.03510303277141065,86.64037345153749,0.0003376648569948312,8.728836331761524e-10,1.1330077925529976e+29,18363.0669419793,416313364080550.7,25963.484350247625,3516798919091450.0,49716.60420355771,2.821606907691218e+27,27631.966378640565,2.365995628423911e+26,783.8456372136787,8.768919951638173e-07,56863.430940740494,1.0673232804819216e-07,25358.614247255817,0.00012755860007652268,71663.23232288852,0.0001263035302670475,19656.611580968238,2.8508467964405984e-06,5.149322083229486e-15,0.2614657269940453,2.0384760696710817e-08,0.003199631819955293,0.996800347795284,,1.7380871525686358e-10,8721841.715104591,2.6930258448910067e-06,1.578209515495917e-07,metal,metal,intact
3.4773424914028815e-07,78010.47310552915,0.06628834680263689,34689.50090885986,1.5460431051625323e-17,69379.57614585517,0.13131469033360066,160354.07159829602,0.002292931385879604,1.90961591479818e-06,3275778.1331427055,0.06930574655197493,0.059411949476777345,0.0801470661324753,0.44021281903699633,30.38276483772345,0.0002146537454489642,7.821311660694682e-10,8.408155643283096e+28,24693.80321005141,351410713523889.4,27565.756327401672,4.270328062293204e+16,46577.70315895077,4.522139710726524e+27,21857.662537640717,1.679854025575737e+27,1145.157080989562,8.088122826591293e-06,52936.45774821812,7.611227098123105e-07,42395.4696678487,5.297155369697446e-05,82951.06115985871,0.0003354955873025704,15943.929809333653,0.0010042513842342658,4.41071503377109e-11,0.4504045216340485,4.0227330753006877e-07,0.018892816299496254,0.9811067814271961,,2.4679029441443686e-08,3124074.0369302365,0.0007911689825837186,0.0002130824016505472,metal,metal,intact
3.5843385255413357e-07,65566.37747886845,0.0718392968253338,46458.47013257833,4.755919255800518e-18,70153.98030341166,0.2497915675031671,162957.01985859615,0.004646170613902649,8.189528949559636e-06,1255889.8729057733,0.08320805212629633,0.005884123616160014,0.059283202220316925,0.3096075321909603,42.03222387474448,0.0004116937182373863,8.983398400404672e-10,8.10776007604323e+28,16783.949963101724,756775355971458.8,28770.481745013607,4.905139861188776e+16,40045.14174333397,9.394577843008956e+26,26767.651630131237,8.348998386044853e+26,1096.5912908892067,4.920667147836626e-06,68169.34010149473,2.4700700347173935e-07,31909.433644586596,0.0001292967837181595,81204.9932300775,0.0007297568395941322,19606.851023984906,0.0005794889209716357,1.1547288329500451e-11,0.2398144703130338,1.6153985692196873e-06,0.27194151890363044,0.7280568656978004,,8.00039626642006e-08,545275.7205501845,0.000459402356574091,0.00012008656439754475,metal,metal,intact
1.1471216340048328e-07,62310.57946473826,0.08713338230515268,26174.422356941395,2.656388302220825e-19,70996.25932455416,0.13582762104055393,146157.44629362808,0.0038330034850134792,8.430250812055263e-06,3572410.9791937764,0.03848504332950255,0.07298186853169253,0.07868545510726993,0.3904378071499998,3.433517948001057,8.114022869147976e-05,5.788718752186374e-10,9.507709262098037e+28,15669.9124462814,15009938455377.26,28306.302907456015,5.613374314535368e+16,39346.77111271864,2.67644461955426e+27,39673.13123319053,4.0862121703189076e+25,612.8504138425898,9.260365538274534e-07,43067.321883363795,6.395440514154328e-07,33441.21432711711,5.3956443799297655e-05,90650.88326667658,0.00035817936260891254,30384.068668845975,5.001249209844086e-10,7.998643726587648e-22,0.1639201174515273,4.0065137189265074e-09,0.0004542685948984543,0.9995457273985878,,3.921881986191472e-12,0.0006808962306622729,1.4522918480145223e-13,4.999796917996072e-10,metal,metal,pinhole
2.7326666322944024e-07,73829.20901312616,0.002963129134982815,22217.13866689911,9.536913677004877e-18,70836.0078493353,0.2991055730327285,85943.59237942992,0.0022299227146525998,3.519013903328227e-06,3991687.998150568,0.09754543062017834,0.012015561324562853,0.0868386067677799,0.11618931112976691,73.67128550854694,8.639847801325659e-05,4.658720162805651e-10,9.398413937696343e+28,16088.812332156716,151565444185161.88,26556.8835083418,2.994462763923492e+16,47069.92077719094,8.405422575578788e+27,22304.97759456296,2.228074939808594e+26,808.8631890955833,5.9954191599814104e-06,59417.62453490864,3.4793864392380423e-07,22785.585769189645,3.187666342952677e-05,72843.60360136068,0.00016857278727866278,34635.17212266964,4.6659539663296656e-08,3.1412338435860254e-16,0.33501886336533665,2.1270625794652306e-10,0.18627903068327176,0.8137209691040219,,6.70535547129128e-11,2275298.089198893,3.52849132882866e-08,1.1374626375010054e-08,metal,metal,intact
3.5217956123365707e-07,69453.68447286091,0.012149792169626668,33917.17487728881,5.942469001554184e-18,70895.85389022491,0.36134773851262647,106849.94915302344,0.004536609908129038,2.607782388761222e-06,6916992.740173192,0.09413887402286747,0.08223518544155534,0.09803971462362004,0.16269193150621908,99.0985930974365,0.00015305554320932594,7.444154569414383e-10,1.1893391507510512e+29,20933.222300207803,696371358375875.1,28429.020678331486,1.9831442739748228e+16,41721.75169557399,4.017259281306476e+27,35256.82435116851,1.996840819652895e+27,1128.5735125735343,3.2183537643303623e-06,65822.42217586386,7.730640874928905e-07,34017.31700507499,9.618146953948099e-05,95324.0962653781,0.0009887208165895273,39306.79713613259,0.00019209789132555114,7.946037332014711e-13,0.570988953392086,1.7008222728085683e-07,0.15516819755941672,0.844831632358356,,4.322060281134749e-08,4175783.182717352,0.00012983093240721282,6.226695891833832e-05,metal,mixed,mixed
2.660361114000103e-07,68040.64343647302,0.006958867662780661,14834.666234073333,3.362930247224061e-17,70478.63734025112,0.1792028602319084,50974.460870668976,0.0013559081832210337,9.185445390667215e-06,8519603.692313153,0.005053591853553486,0.0340826199440654,0.09450578523318796,0.2534871665348095,99.85570017243872,0.00015502480594977951,7.946934491997602e-10,8.718860496093828e+28,18509.838455949248,187470248169589.7,25260.105780057118,5638999008486163.0,40242.05395793223,7.951684497439622e+27,36925.31239948206,1.9509777809902168e+27,1087.4379338792382,5.141733204520708e-06,57515.53700734356,7.362297121253122e-07,49907.02320429685,0.00011207578931474268,99601.21671801881,0.0009970376620629013,38134.08503462578,1.9015958737202932e-05,2.3584320562282368e-14,0.5018265488242017,2.6142527258499443e-08,0.43933443802782396,0.5606655358296488,,1.1386245783431436e-08,21367.084158880993,6.169801614111521e-06,1.2846157123091412e-05,metal,mixed,mixed
2.9444042240237297e-07,76159.38757121073,0.05060010948429872,40777.84078540971,3.688137287706361e-18,70776.3944810539,0.30266982749234517,34819.29851937916,0.0010898157204476836,8.970282889445376e-06,1788780.2927269475,0.01807467286141142,0.005464486847334707,0.06700744205658662,0.25609047412938246,9.146063089474094,0.00044623225707514635,5.702717073176887e-10,1.0322507889887195e+29,20461.675244668997,586247530423497.1,29213.83205636778,5.235381455819047e+16,43142.83245909336,8.447163809171943e+27,22913.061271686394,1.4348897995371604e+27,592.0966274701749,2.9896880533237207e-07,66229.90007886813,9.648779116431425e-07,28037.1833752928,2.2117927831413363e-05,92088.9110045252,0.00027306001047060663,24156.145380928032,1.8431254709145685e-11,8.464535073867612e-20,0.17712415844569082,3.1960023876230924e-10,0.6923559301542098,0.30764406952618994,,1.9134854350420357e-13,8980.699464882553,1.0671155040656946e-11,7.760099668488739e-12,oxide,mixed,mixed
3.2950787139371266e-07,63698.195845676586,0.07933793637138349,4021.483298125309,5.045393346074514e-17,70959.479478824,0.30239135675480233,134698.87947274977,0.004160167566396384,9.447096651233964e-06,3400854.19011431,0.050824479052125664,0.027106623396813016,0.027835692179980633,0.02888195436813174,82.94570356734616,0.00016656423644857395,5.105086675708208e-10,8.378093695391378e+28,16307.757258140224,153292629833483.84,26548.414425601273,6876439122369480.0,39034.49972543945,1.4874289054795163e+27,32896.41970798807,5.353673646589735e+26,1151.2604178918064,2.768742268435548e-06,49492.48591399006,5.584166460802606e-07,33842.37732852664,6.003652124987664e-05,82421.74985686454,0.0009096623856872409,28811.2319178698,0.002755419139538608,6.472272012183114e-11,0.4513330025209173,2.804170963658273e-06,0.18394768960905497,0.8160495062199814,,9.926242563498637e-08,2108480.8006280116,0.002398210148102702,0.00035720899143590595,metal,metal,intact
3.620565004059654e-07,66792.66713681708,0.05490679806920573,21636.207608495737,6.759239849852212e-17,70312.31482107104,0.24941533555007744,118232.76499164703,0.004057485541296092,9.693039525309909e-06,3214559.7457903433,0.03494669361484316,0.01855914651807352,0.005516573735291885,0.0809291217116422,28.16099135592875,0.00030133739150915435,4.6119440156108047e-10,1.1722816438652803e+29,16344.290751159868,289290293977322.6,29811.179449360323,2.3374960631397036e+16,47644.65721898746,7.993955067008273e+27,29864.577971742518,6.864952593306014e+26,1171.4380069543195,6.971719895019759e-07,47242.60089217549,3.9264354145426904e-07,45502.4642579667,5.268854866422053e-05,74058.06145446042,0.00021992984450665084,15129.735022852703,0.0005306009139552173,2.7825484995951866e-11,0.36942948975831436,1.2434958914603508e-06,0.09408189856478555,0.9059168579393229,,2.6557627498052788e-08,2595523.4809338255,0.0004961055291297434,3.449538482547384e-05,metal,metal,intact
2.2784395933006565e-07,72180.38107973893,0.09074427164684166,36256.11702422464,5.302745763014099e-17,69026.26818921974,0.18060919438242704,47334.45972899192,0.0016508939937481728,8.856374540840565e-06,1914255.9285390226,0.017072412571123942,0.02972515704936262,0.0676366394555275,0.3112651083715008,21.510839223197188,0.000495730087982294,9.457470560816906e-10,9.849178946617795e+28,23528.183765635964,270881348482602.9,26865.310383993685,2.4140297875920188e+16,37571.46195387116,7.285752227301143e+27,36919.61369630766,6.027397596061208e+26,761.582961163053,3.7777754054269466e-06,51814.52019625618,4.7611670754552164e-07,47249.50973619563,9.297772106304116e-05,97495.84911345373,0.0003608027138561799,20389.333954856025,4.831889690364437e-08,1.0757269691408972e-16,0.11642796261284025,1.1893208935627696e-08,0.5791047692774831,0.4208952188293078,,9.961616578032134e-11,682.3541269831823,1.460272034450324e-08,3.371617655914113e-08,oxide,mixed,mixed
1.5672991078882907e-07,74017.02651893045,0.003768639068834324,32823.228583274045,6.931847234981791e-17,70924.0497220256,0.2628926514032141,74030.21674742782,0.003210248219909628,7.018249123956836e-06,6206772.15531963,0.05802860648367703,0.06270568918111859,0.04429184897718866,0.4461067511779517,96.45077112884557,0.0004524850263738589,6.747837686266346e-10,1.1244386097848351e+29,17022.670912766374,413869506933984.06,28241.19024714428,3.0321521546853108e+16,38437.91912601206,4.074912656583432e+26,34218.33567113893,9.741077572346503e+26,1252.8693986712801,6.114961487335776e-06,49565.714254530416,8.656157910069247e-07,44894.350155322434,0.00011382238973692498,99410.0230634227,0.0009731352284518054,13310.933250840078,0.00031962505204495404,2.921753939982319e-12,0.5864092277891582,6.317013635544405e-08,0.24174663704738256,0.7582532997824811,,1.3543684771860044e-07,3120278.5195896374,0.0002532652843675055,6.635976767744857e-05,metal,metal,intact
2.8953721614734577e-07,65935.18658426653,0.00834353606970929,18852.715694096078,6.948542290046755e-17,69025.00906198038,0.13079983284131924,31783.80114447126,0.0015820712120486124,8.48093514980508e-06,8432156.239175359,0.05448995467761043,0.06173260438025963,0.07694121723534166,0.401065735166559,95.64041074282882,0.0002645823921824537,4.821222741049751e-10,1.1827122056596826e+29,21228.167922359447,98095777765578.88,26520.660248964206,5.626649993568049e+16,47889.283236264164,2.542371169348981e+27,22336.12462977446,1.2810633630323254e+27,914.3488428674968,5.330960730476742e-06,61126.54033486135,1.1097963057132806e-07,44114.24354045735,0.00010301486688316225,86589.73654320082,3.1144005581687685e-05,11528.994081553326,2.4549539455250367e-06,1.0563246838980275e-15,0.21415256099564595,4.055807968729089e-09,0.28653531812777916,0.713464677816413,,2.5137297267868124e-09,2513.906559970786,2.868038315057651e-07,2.1681501140192716e-06,metal,mixed,mixed
1.9541880644110214e-07,71029.52333864427,0.07668416350787775,39397.24619932261,1.7251129150634108e-18,70540.97610672191,0.19019401261386215,68526.63943050671,0.0022661424924441493,7.625770392426791e-06,3831726.8561587194,0.0005340446477948184,0.06286141506304582,0.03525280371988526,0.3349349543549993,42.32915745316879,0.00034568297467792793,4.442939439386938e-10,8.163782774607297e+28,20678.780197449618,185388067499025.3,25369.23171508495,3.2717278075196324e+16,43936.71307016409,8.68960045975748e+27,36413.54280979246,1.0932295739862157e+27,1019.8753591936069,8.039282218115858e-07,50832.020636249916,4.107639143328508e-07,18611.46571508295,0.00010515904148057184,70956.7909305861,0.00019174717208822665,33624.54615348246,9.423004856478013e-07,1.5389913850792166e-15,0.4548619256925633,3.895560426129467e-08,0.859942515472961,0.1400574455714348,,2.32313158382741e-09,116.89693275846761,3.541162556639199e-07,5.881842299838814e-07,oxide,mixed,mixed
3.7066493708621734e-07,63892.583958776595,0.0038925616332309925,46207.69647601191,3.540004703944033e-19,69733.85762196274,0.3043835818700036,128328.81192918391,0.004640379700246687,2.530452100183505e-07,6786041.849274534,0.01892733409081131,0.02374181691154788,0.023324613623428924,0.42662918736888483,81.21756499817812,0.00011129059156842754,8.186873027946693e-10,8.191151171402556e+28,16825.32480079455,126494078285942.28,27131.539701929436,1028819616147997.2,45651.78183035315,7.237629385006773e+27,36599.69285613617,1.6863528079678785e+27,1223.0073048210506,2.7312552871798388e-06,46237.49159231267,1.230449501730598e-07,27351.543354318575,4.8780893570363066e-05,71554.98511163985,0.0006026927476151119,20025.538611323034,8.342733085088614e-05,8.7786330960487e-13,0.3961197475327894,1.6265390313910293e-08,0.008659695102753271,0.9913402886318565,,3.851185754557355e-08,6661865.380790346,7.788179201513088e-05,5.5455388357552595e-06,metal,metal,intact
3.075107208215902e-07,68106.46579078084,0.07481700390382673,14499.568345228592,4.588015994203509e-17,70726.78286400271,0.28015626784550424,102896.50780541857,0.0013836954581208354,5.643863209410847e-06,4326122.849369598,0.09387479629400972,0.06895143252678577,0.04033610953424615,0.30535587965761796,1.6354923176123142,0.0004576266819008918,4.5470987613149916e-10,9.249850032732426e+28,24355.931891411103,140731236293876.44,29376.836259453587,6170500518793256.0,36053.74739131715,7.8554952657923e+26,30495.67871845067,1.5059150967415625e+27,940.2269724167104,1.2021125610530226e-07,40165.18989794862,8.095216857869439e-07,38414.53189600271,8.18762245913331e-05,99849.81179057552,0.000398967865841594,32208.911297711216,0.00013906325805571594,8.691931901739789e-14,0.39946176340503714,2.861548542567701e-06,0.2307734965894382,0.7692236418620192,,1.5419378658173454e-08,3287.099638031784,2.4805492440725828e-05,0.00011425776561499011,metal,metal,pinhole
4.010076933787869e-07,62094.34038945526,0.0835960956366876,41896.8367896772,6.440382323483607e-17,70329.74318821476,0.29279636872800163,108381.87923337866,0.004005956498557671,9.205250133757498e-06,927076.8091008915,0.00259741231261849,0.06077305345986062,0.06619958432350168,0.09106081099790954,2.318387050220407,0.0004752631799694139,5.923114619299829e-10,1.1568619481472299e+29,24623.19849495809,145695869710567.6,28118.491329170938,5.185516648589904e+16,47058.319391466,5.527176219416487e+27,25210.292526524274,4.435588203060607e+24,660.9769726747127,7.294199232311713e-06,55464.624005164915,1.5658041527037634e-07,31937.839586032303,1.9683413778908355e-06,91931.53829464705,0.00045552946854867814,18874.544672640557,1.1511512140794134e-09,1.0542879518051166e-17,0.06372094132772464,1.3149850755579328e-09,0.7016580126520914,0.29834198603292356,,8.875182216154813e-12,26965.89968512138,7.965464670549466e-10,3.546047470244668e-10,oxide,mixed,mixed
4.4362044182935186e-08,75160.91662754204,0.05896254638457904,46650.01625715868,2.470393329298362e-17,70944.91613698464,0.1371309714822859,158541.54573457528,0.0019434692375696271,1.2275537349804548e-06,2142736.8871896644,0.02292775741030209,0.05474377574169281,0.0954957346780785,0.13236126568475584,4.968967326795008,0.00022987240030067485,8.673581421234987e-10,1.1685259012914797e+29,20115.00005603115,650871005363287.0,29291.810948073125,4.964975873419936e+16,48302.51770576439,3.849383391401573e+27,27811.96762669966,6.922991070489877e+26,724.5383793195216,8.189119780977187e-06,44915.22334296821,9.344273631409756e-07,40937.0541940717,9.99654726389364e-05,81232.78356400217,0.00040722541604507913,16600.510927592786,4.829200505502866e-09,6.207760208359929e-17,0.1774236757855485,2.228790632130231e-11,0.054268226272217245,0.9457317737054948,,2.7015528055838495e-12,1877224.6856247731,3.953673969595386e-09,8.755265359074806e-10,metal,metal,intact
1.7110829819658626e-07,63564.23668922917,0.09806547000834247,39172.88533660751,4.05712027561718e-17,70929.75916024829,0.35263346588085365,164165.77322082128,0.0007362747626871069,7.29537728430982e-06,3800039.83514365,0.06940403468179038,0.07860243826673492,0.0849281957895889,0.1414493463855911,89.99595092461107,0.00026847811367376295,4.1999967943065553e-10,1.0132012320111667e+29,18698.906950133598,595188805693963.2,25345.266625424665,3.4577322938047884e+16,43248.56272484581,9.246158229528233e+27,35312.64632588113,1.3855307966007978e+27,965.334877867298,1.9807435871438958e-07,43910.39220237923,7.298324959650116e-07,7544.61445044102,3.523323225997334e-05,73188.4991751756,0.0009371611488952857,31733.013938868244,0.0001249600911714537,4.3908651092193074e-12,0.5781959937945365,4.203929491072504e-06,0.07296474813759013,0.9270310479329188,,1.4602311950922905e-09,3082491.9420731375,9.366752699771255e-05,3.1292564173741156e-05,metal,metal,intact
1.8937763782186474e-07,72846.59759442728,0.030369263083514227,2248.593075675988,7.23450392825799e-17,69020.83721660158,0.38683697085532076,166463.34571861135,0.002175013782696685,4.920440685701284e-06,5761599.132765979,0.014050764638592813,0.08147384171428938,0.02467236878304431,0.20595359794225268,47.0844314019107,0.0003924587663346259,3.8035874828938024e-10,8.96225530843254e+28,22447.672060268676,183970247779927.47,28799.06456399604,1.055685922956219e+16,49560.85868770218,2.0606116539077296e+26,30978.055541138958,1.1963855697251571e+27,1160.2540400135395,9.939550364150397e-07,56434.07578308425,4.6662485154452365e-07,30815.466948850542,7.686824148026407e-05,98821.04980385621,0.0005279205150320512,39136.42349168799,0.002451013341395355,8.330227798909852e-10,0.5085909563023066,3.906371396292851e-06,0.0034113219024764795,0.9965847717261274,,7.461334392178022e-08,5664146.300647281,0.002155497645510322,0.00029551569588503286,metal,metal,intact
2.171293581086285e-07,73184.02689640125,0.006027966873286228,19513.62625998738,7.311325575921512e-17,70290.47113019694,0.11505005701509506,130404.87574704955,0.00396118828165032,4.179071305483787e-06,9137727.618398404,0.0038525183218745284,0.06680501587782206,0.002801787379168774,0.49138331014445374,8.151022673981863,0.0003087040420085856,4.1820901811660004e-10,9.346525977828503e+28,18210.680066903195,196124398535969.78,27978.154985344845,6413060874273326.0,40508.10127592964,9.427392649023645e+27,26734.314986237034,8.106143254166873e+25,648.8134379416995,1.5894194778894092e-06,42492.74679503112,4.807063360753244e-07,7092.7374615031895,6.703246246199165e-05,99645.75005410898,5.473424087234628e-05,5006.63149756795,8.460364664937494e-10,2.2067411268554306e-18,0.5854865529083929,1.3874206776900156e-11,0.49302095859051875,0.5069790413956069,,2.0081340823313197e-12,2157732.9291327894,7.610350281199212e-10,8.500143837382818e-11,metal,oxide,intact
4.1969936807033164e-08,75087.65392239805,0.07380068451196438,42646.69025766525,1.7842104575694443e-17,69614.51257360498,0.22189616072961732,26778.325463071345,0.0029837978851206376,6.322563714710446e-07,8411185.765759293,0.017982875577283616,0.09809129278183937,0.05539171963441983,0.1680928185979402,27.468728104273428,0.00014792696608335954,4.668533478414429e-10,9.62983986097118e+28,20047.736152512094,749679211818602.2,27276.387825959766,2.2614896039227412e+16,38683.98617703431,7.634279854571768e+27,31472.7697764838,1.0390834290941018e+27,967.0531193860254,6.263111366937377e-06,62198.7442960279,2.889002593211153e-07,16130.502015018908,6.2282249498329e-05,72608.31841377588,0.00010136002253947153,35333.04610061132,3.814551604587657e-06,7.456935729998586e-16,0.5096287033531777,3.4474183085568786e-09,0.5514330730290776,0.4485669235235041,,5.268993656617996e-10,390495.07470240793,2.2235238028501624e-06,1.5910278017374947e-06,oxide,mixed,mixed
1.6106955493313175e-07,68177.44562333991,0.006545719249997166,39017.27693493524,5.097231327060024e-17,69079.4156877888,0.160649761624541,59326.63198284175,0.0019000323958021158,4.773194128764291e-06,3661849.3785561756,0.02324496545367739,0.07143577730194829,0.041106550841441054,0.3580876413332519,81.04953542830127,0.0004282913313371503,5.151706066161221e-10,8.359039705590377e+28,18947.274961533163,675247296082100.5,25595.62812522776,3.097178263506063e+16,46046.72514403303,9.632819183797131e+27,23199.348266273966,1.7963780032432734e+27,759.0675356518876,2.3478952986314094e-06,51530.85128753259,6.632940813549921e-07,49124.054343991906,0.00011672900029694816,81481.09538968545,0.0006810446888815719,28698.0700923923,8.237352242016715e-09,1.0924308904848683e-16,0.16410132682294276,5.897685785396892e-11,0.15935814806463022,0.8406418518763928,,1.5568447881812883e-11,2452057.5063144504,6.954808914727817e-09,1.2825433272888975e-09,metal,metal,intact
2.528032420540575e-07,71606.10846334082,0.050530186266165934,30417.546602581657,3.228635753502295e-17,69848.20595941188,0.28523131661785933,159535.68652259576,0.004589685611301738,9.503872818525532e-06,3822743.5308018913,0.0022691571164973647,0.06039371738190513,0.07019945170103015,0.12511939089795815,71.30821936571968,1.7279708531551533e-05,9.058061866756875e-10,1.0558825431645183e+29,21728.760258360486,612357994785712.2,26500.521651474977,8775790099738200.0,46072.578464862185,5.634223456969451e+27,33075.14798916519,1.3362081763603626e+27,992.0400643693848,5.7868706457354725e-06,52207.67783194934,7.621254013976283e-07,9654.854697707513,0.00011747417299458278,75820.81850278792,0.00047526699991826176,34200.71147106006,3.2202295760421566e-05,4.608015396435464e-12,0.5761708399449038,4.858901787712616e-08,0.027773914626216575,0.9722260367847656,,3.0881588880422145e-09,3582936.2055996004,2.781039629734853e-05,4.391899463073036e-06,metal,metal,intact
1.7191721124433307e-07,69513.01116364654,0.044650201945693836,16079.217479984734,4.6775546850128164e-17,69355.75145150334,0.35067274511510554,123813.49209472598,0.0019601367063663334,1.017648601720486e-06,8089668.894231604,0.05362115358469796,0.020301218682183587,0.05388985410595118,0.12373861892306812,98.20557893904504,0.0003532957999361845,6.355229524994392e-10,1.1456017564057384e+29,15541.53579779086,649324481238445.5,27332.180388734287,3.874607749149458e+16,41962.90101392773,2.034408371930867e+27,37676.61711624352,8.185005328381613e+26,1072.25547193407,8.610411128113027e-06,48280.302188344525,7.027129191147133e-07,27199.384823325247,2.323095025750481e-05,73927.03544257746,0.00020207267121906454,37658.20515229167,0.0009406882290372734,6.218754816675971e-12,0.586853803274567,2.7600267788715156e-07,0.04632749722048359,0.9536722267768386,,1.9028577521740772e-08,7247097.344742271,0.000814862998849287,0.00012582523018798638,metal,metal,intact
5.229414235903664e-08,65504.04200209466,0.005108494471242531,29895.22535267756,1.6837485599792794e-17,69675.5014694931,0.37430788073317245,35036.971377962516,0.004377696945153883,4.633918488381675e-06,9042642.255119605,0.07938577709834267,0.007380925109445165,0.05837744187413377,0.10684429477321158,11.744504156743474,1.9901440065347157e-05,9.995830099133952e-10,1.1062749429709227e+29,18249.6233586568,262264052820208.0,25435.618936655585,4.31389627944576e+16,36242.29291957826,4.6492986259958306e+27,37010.901690734565,9.779235691670755e+26,1218.9632505649154,8.645268117979542e-06,63033.99745180564,9.006764703270869e-07,14899.11719457019,9.531029709855318e-05,84552.17832060462,0.0002650522656972577,6960.5680659719865,2.0000392524896577e-05,2.7518109874692227e-14,0.7038448122598927,5.595860731864764e-09,0.49904880202429347,0.5009511923798458,,1.8014149848169463e-08,445646.19161193253,1.1880109736219408e-05,8.12028278867717e-06,metal,mixed,mixed
1.5615699036508036e-07,75568.15990226105,0.05162271185021435,7232.341495073693,3.6592893179412596e-17,69229.03716118471,0.15094115429746224,26080.58283255415,0.0026788066494814996,4.914542342242371e-06,3707.980242425775,0.05539831459900027,0.09237503707700097,0.01932563894220029,0.22323272271741113,83.26920072046859,0.00017004463921372665,7.270580331867694e-10,9.624650158935145e+28,19357.326672270043,77809277955906.8,29709.650796664842,2.2778458947737536e+16,37237.861414287,9.762243572324332e+27,32091.433533061463,6.220179058427766e+26,835.5741590825498,1.4326579159348378e-06,50956.843278513035,2.7720270225905637e-07,20429.600067811036,0.0001114642764957337,81891.17073528378,0.00033185499632798097,24785.263676889434,1.39361930831825e-08,1.5189136793024724e-16,0.015465887138487264,1.2540412820234065e-06,0.22354609042812373,0.7764526555305943,,2.1432517900136388e-10,0.3933402108500806,1.5513914984735033e-09,1.2384801584708997e-08,metal,metal,pinhole
3.405518487913322e-07,75675.88604568747,0.060974607944767334,25805.5726929018,1.0043459649546133e-17,69499.06869328058,0.22291052679857082,68313.40123373433,0.0019528197482290505,1.8099929681336236e-06,7261111.58074162,0.049308204170722535,0.07301541694452564,0.019447194598590817,0.4045096344166196,96.78951066389443,0.00033333003536167215,7.779334825305186e-10,1.018148473033328e+29,19066.45180899544,673760290325633.9,28657.529261670006,2.549963523053912e+16,40360.949878283034,9.596938097549922e+26,38344.5411814246,1.3387504659168544e+27,887.3378702009381,2.909475929691962e-06,46260.1731040827,1.550471333661243e-07,22271.283882468808,7.628042418451012e-05,70726.06264304936,3.677500422589054e-05,13243.436178128934,8.246153949991095e-06,8.586220600102758e-16,0.34865948107146244,3.735207042161892e-08,0.22561070012824405,0.7743892625196854,,3.6309046387298943e-09,848.5917803024818,1.0852088620745088e-06,7.160945087916586e-06,metal,mixed,mixed
1.436259102211781e-07,61969.68768518403,0.032239792813722946,25338.845352347067,7.207120737946821e-17,69156.07989293123,0.21418256779934847,29063.895644721928,0.0008020572965687453,8.321925502295231e-07,6298259.973029103,0.06602192108249158,0.04408612889927294,0.00541727483242714,0.4141032677312947,73.51712614607332,4.8700571159275086e-05,8.923533664246794e-10,8.998554761525546e+28,23950.351578744878,527117021888564.8,29560.53705980308,3.501845014559949e+16,41141.973788758194,6.37041609520134e+26,24136.37885697062,3.2360949219651936e+26,1172.0738968899798,7.281349489931291e-06,42672.99795426917,4.4571811758016865e-07,39177.56273938609,0.00013075229870713318,80620.4672543286,0.0007235163885490762,20507.97360907696,0.0005269543728663397,2.720775472960333e-14,0.48939737979600245,3.187845205556911e-06,0.16672242947555474,0.8332743826792397,,7.22663779587939e-08,966.3517687483347,7.167242575403537e-05,0.00045528194711230436,metal,metal,pinhole
4.117023652972665e-07,78642.02541973807,0.009656334506190434,2215.1067743550984,4.795728190828015e-17,70349.11059675338,0.3453344551250672,68695.71471171798,0.0008087278839299952,4.938916720303292e-06,7135855.613452079,0.0315486836851827,0.047106551630872455,0.09339464497679555,0.41345724902871145,46.16650355383789,7.254544160727773e-05,3.886730239580924e-10,9.100431837139979e+28,20005.420077689567,792725508196113.4,27848.7319192553,4.976655831939281e+16,35126.25334052892,2.1139875360214793e+27,38596.1862491755,8.959695461060645e+26,782.8714028391743,1.600542099929819e-06,50786.03744402402,4.0113065560132493e-07,17190.128403604307,3.2968782321746765e-05,84335.9262277674,0.0008911444961903756,22998.349586023465,1.4221864332714914e-06,5.416013697553753e-16,0.46064922709090045,3.4277382251268605e-07,0.4357906585915406,0.5642089986346369,,5.420195042350669e-10,2520.5343712850567,2.380044516608446e-07,1.1841819816106468e-06,metal,mixed,mixed
2.931540177425694e-07,76552.42325612341,0.002602012794387244,15936.125972301465,7.275909676132195e-17,69608.42059858853,0.13028264356621794,42760.81391298219,0.0009103582722079523,5.117271508135468e-06,1523503.670947234,0.016553919515672644,0.025722507843728235,0.0072236942733206475,0.023397279663017044,60.06799224895722,0.0004656426474439278,6.933419928227038e-10,9.601653755179278e+28,20254.33976490976,1271956225312.0015,25690.515497350425,3.94535561977539e+16,45717.82606201461,3.557002005524741e+27,36387.570720949676,1.980902052439888e+27,1004.9812770425177,8.501239266496767e-07,58003.51341364802,7.958892170661797e-07,6865.686925900412,0.0001267311971658523,93445.95350647543,0.0008846808138371114,11454.847931596163,2.0187385793344756e-06,7.20382194108408e-15,0.484974470078831,1.0555242189358323e-07,0.6562865767977211,0.343713317649857,,5.01445599546625e-09,22431.44007377626,1.452246530467089e-06,5.664920488673867e-07,oxide,oxide,intact
2.973679790011698e-07,68379.5986016372,0.04045521676002361,6324.502448689263,3.7645655456726495e-17,69863.24608056553,0.23001449733404428,66062.23845389258,0.004284619873964002,9.027524599767872e-06,8988163.051099118,0.0707961299772285,0.08456421654223051,0.03763413520053897,0.2825266041195205,4.0105882564342785,0.0002736396124042622,9.206802469595832e-10,8.554532422948258e+28,22069.58898965992,678539045602086.0,25383.492142772895,4225960984947400.5,49589.588964083836,1.7819127905468113e+27,38567.20227454102,1.0130364410167684e+27,606.48071678636,7.2549846041311025e-06,55678.9747970505,2.89297727710844e-07,35417.95255599356,6.272844702883219e-05,97781.44271735157,0.000725453359486363,18064.298362969254,1.064029314195597e-09,6.029781025120048e-19,0.15162715295053644,1.2853109374359637e-08,0.22163570965143764,0.7783642774954529,,7.704420559641252e-13,2593.503821111168,1.588620119313807e-10,9.051673022642164e-10,metal,metal,pinhole
8.967151341658416e-08,60635.81475947792,0.07472076611537809,13821.729652479717,4.9385294621104465e-17,70892.28728174948,0.203727271614638,118476.70561651635,0.0017079153459948376,3.819985754449655e-06,7039365.293159129,0.05698779776993889,0.09596917687600934,0.059435334324710265,0.2342701578981562,40.659342845640786,0.0002567164585920817,3.4257673865273555e-10,1.0504128625317612e+29,21881.439130276383,355536189846830.75,29752.099245708538,3.867107629201952e+16,38270.64997630191,1.9688936538380167e+27,23214.751323224467,1.7180176574061105e+27,1124.5132010861205,7.890255772435435e-06,51739.62030053956,3.6831005236108424e-07,10451.940962994278,4.653881520634378e-05,75889.84368951744,0.000813603209672121,23613.526809109582,0.0017849423842583364,7.980309901943279e-12,0.5754706920871842,8.03528928774577e-07,0.22918599125785769,0.7708132052132134,,2.2931588666373063e-08,3467862.3171843593,0.001306309375161637,0.0004786330090966993,metal,metal,intact
3.563368638098254e-07,69574.56987105687,0.09068246902261813,23564.93298440961,5.4823011280012536e-17,69955.48769659943,0.10146155977764257,24676.45345700121,0.0006739325126057075,6.513629460697901e-06,9426009.937720375,0.040661098305587805,0.09416593059420643,0.0463663531637295,0.38388131563982886,34.62943525496028,1.6387669318795907e-05,4.6210921159381793e-10,1.0142166711722708e+29,18741.48164445052,34799123489038.285,25316.46155771715,3.05822840262108e+16,36286.71378486546,8.674876347182619e+27,27673.38948487007,9.347971989036107e+26,863.7466218963043,4.820069617034816e-06,68522.24726736092,9.544367939205112e-07,30230.771952087318,2.256056685493663e-05,85746.97149540488,0.0006264892910788541,22062.474479020362,9.2029220261899e-06,2.329830923568544e-16,0.5284064310235819,4.980896791976215e-06,0.03119699070839206,0.9687980283948159,,1.4022367155656861e-09,2.3264982754817156,8.98737192030019e-08,9.113048306986897e-06,metal,metal,pinhole
3.7445814767537037e-07,64137.55269593613,0.09986925986448575,5003.7342418436,7.514692654012166e-17,70201.60162444471,0.21578192688524556,69192.29061760799,0.0005986347043708881,3.468918021393887e-07,5170152.836102604,0.07152683841343217,0.06144889663385334,0.08848958514775983,0.3999276050513956,52.62181358534095,1.1490390945192328e-05,7.588133302496709e-10,8.573465488619637e+28,18084.501211967414,38208140936651.87,27092.267624934862,2.206872923563248e+16,46992.54533150971,7.72532940378139e+27,32629.69782537292,2.065139489985628e+26,1091.5397081358483,6.711350173788407e-06,47071.2629844466,7.54021384086272e-07,45302.77950314368,3.46678715401944e-05,88287.91450312032,0.0009562842159941831,17375.33355268113,0.0015100133434165683,2.282494992551573e-13,0.46571890879637157,3.0566162925747037e-06,0.4360101001155661,0.5639868432681414,,1.0278222042547885e-08,432753.3050960303,0.0008276501022744688,0.0006823632411420995,metal,mixed,mixed
1.6216906080356846e-07,67114.70445383988,0.06771736034762084,40323.903771907186,4.885069124495229e-17,70368.05391902875,0.12226086901436786,100538.20537002404,0.003564354404218719,9.07219867543558e-06,7394419.326099714,0.05789194835335396,0.019735079254475055,0.022432010327749764,0.4323904596177112,58.66134659094783,9.725927213283655e-05,4.3910678061079096e-10,9.453426046793766e+28,18276.25495333689,441542320335038.3,28559.89661906656,2486612332048345.5,45286.02268795808,5.11966146468926e+27,23600.81466529611,1.9031967440215894e+27,958.1304954037605,3.1022744384332546e-06,67029.01598641826,6.719476276894006e-07,33420.47397337042,9.413434474881746e-05,78161.39254227374,5.130329694631439e-05,19468.071408960084,1.1251257400194005e-05,5.285829779386932e-14,0.4855560878808452,1.8822483482724454e-08,0.5026175367423623,0.4973824444351542,,1.5091878882154972e-09,1059613.5345572066,8.874192044832548e-06,2.377065355361457e-06,oxide,oxide,intact
2.687442715707551e-07,78810.82907450576,0.00980320071953665,5222.327088976693,3.739397790504805e-17,69716.23819485588,0.17503754164275176,61223.11810018466,0.004982767204417534,5.206672242598096e-06,6834942.063842852,0.08577607033838429,0.015969678088248465,0.035878912871348825,0.08399286651111006,28.71720104560438,0.0003102447739997547,9.752750565966666e-10,1.0831592342318242e+29,22167.635022459082,80134981241542.42,27053.111324920137,4.774923519113194e+16,44143.10934323969,2.534944778466125e+27,36653.08547927417,1.0482269349610987e+27,645.7824738916967,6.0979442356273416e-06,58255.99103560246,8.009852607127446e-07,27960.464881048138,8.902532497949095e-05,93821.72311045272,0.0006354499000659579,6675.278508116873,2.02643633105316e-09,2.4407692258403507e-18,0.3278923743473925,2.0288317431954275e-09,0.44357938923347817,0.55642060873769,,2.7161746374225306e-12,101600.39973541483,9.281679505368012e-10,1.0982683805163588e-09,metal,mixed,mixed
2.214046197945379e-07,76773.09080155063,0.08966856803541061,15527.423439443548,5.236181313643776e-17,69073.12534482115,0.3682587085879955,20196.854996207305,0.003957893838451737,3.825257441824688e-06,8884547.453181325,0.013491306520670342,0.054450236368712414,0.062279589055082386,0.019829658940905003,65.32048762869023,0.0004994888737660897,7.489763694972629e-10,1.0805253617204023e+29,16096.083007569714,171057943464884.97,25885.6667460259,4.380187647358194e+16,35157.19054346187,9.577991363118434e+27,35407.11284481904,4.002137739026925e+26,764.0189773558328,4.253109095664735e-06,49755.42909549165,4.643902684402833e-07,19888.30978122724,5.291769705081125e-06,82475.23960377427,0.0005894178995176329,14123.433874891394,3.302535180374075e-07,1.2900449239512933e-16,0.4700587170847785,1.0400232214201153e-07,0.44341037557813,0.5565895204195479,,9.713613584005812e-11,12122.273496503554,8.420557589613492e-08,2.460479421412726e-07,metal,mixed,mixed
3.0188405165019417e-07,75027.25083320076,0.07428559539723473,17741.174915649783,5.3070457385858024e-17,69660.7958428128,0.24842114768082857,79298.8579106313,0.002564245328494329,6.136097096882812e-06,4140308.6097157146,0.07201567642540442,0.060214798799876054,0.07323764047514128,0.04421153087021688,19.806939586032293,0.0004207483450354485,5.368730025337993e-10,1.0623399739631627e+29,19632.703091788717,752093179020904.1,27808.608396664178,1.6008027057177036e+16,41833.37000831192,1.6177976400904196e+27,37981.64993922204,1.0220000108734448e+27,840.1991510188748,3.116310219805589e-07,69700.7883992473,1.9819309122552998e-07,29537.659495178697,0.00012164352540601247,75953.4788518866,0.0006078879191327049,19814.1307278757,4.355884506098465e-06,2.6352122241525485e-15,0.24625692687633358,4.479107286084764e-07,0.36669672120819224,0.6333028308810792,,1.127475763723278e-09,3313.7823855552356,6.746612484807715e-07,3.6812232576176933e-06,metal,mixed,mixed
6.707088035654218e-08,72525.44159356548,0.015394804207011427,1034.1710334239087,8.89262181498861e-19,69484.1122418221,0.24071114159672652,113871.468406212,0.0020733307770981375,6.089276063430455e-06,7150486.978191453,0.006719022484833514,0.02782420781895123,0.0826965585583862,0.1129042702016901,14.419887540147153,2.971070518937922e-05,5.11207204950548e-10,8.275309763410035e+28,15745.826824617308,686688407031765.4,28312.170616399257,2.397569550343798e+16,47937.40923439356,8.886955793207611e+27,34107.710470558835,6.855838904406896e+26,906.2401207500923,2.7563425480169266e-06,66541.29730333391,3.4618023397382154e-07,36446.63645626261,1.1401815970158032e-05,95216.04948531852,6.275161328512743e-05,28443.759481062167,4.549031082737198e-07,9.840007083855805e-16,0.35093053067240026,1.5482872983599281e-09,0.6001510326871189,0.39984896576459367,,8.675651018004418e-11,304711.64818987844,3.0293931970695234e-07,1.5196378856676745e-07,oxide,mixed,mixed
2.565876258990125e-07,64520.883816383226,0.04748218618082542,35070.65060577608,6.283902027294873e-17,70948.99997332272,0.11258106667370452,31570.2832043006,0.001074550566132777,5.363163333210952e-06,8607674.160346936,0.0056472199860428405,0.076884737930921,0.01618387766368688,0.4794853186876244,90.96047543030498,3.2007509740013966e-05,3.3873453281425357e-10,1.009754943361062e+29,15900.429751256468,120304695868761.83,27713.62539023753,5.146292741676947e+16,48582.318354859526,3.7132247271093345e+27,33375.23868788877,7.032453827646705e+26,910.1083306890989,5.969073194792415e-06,62540.45054890712,5.2848801584648165e-08,31970.564836566835,0.00013353257215696244,88590.53145788434,0.00038330413338834475,15334.383496730654,1.1082831986287626e-06,8.37077301362949e-16,0.21052258500528073,2.3221942048619088e-08,0.6017114401052421,0.39828853667281583,,1.1996777009298886e-09,784.3566301262014,4.087938450591829e-07,6.994893535695797e-07,oxide,mixed,mixed
1.5426555743204133e-07,79628.98534756577,0.023443540747887175,46092.55756457585,6.378888524956485e-17,69821.60713318358,0.3259782945841232,98782.73801326894,0.003914014249944657,1.4960583994535225e-06,7349932.181409569,0.09780047178645405,0.03463126097025952,0.09976222177533384,0.09980313091616361,72.30733728708654,0.0003990726756179074,6.07523270247752e-10,9.767101674476783e+28,17635.110062514625,488322294933353.5,26336.608433336634,1.8397333839970612e+16,49513.31950096121,8.993202592804044e+27,27795.06365158602,8.837925005517029e+26,974.9139403134843,4.230785466572611e-06,53895.86189093016,2.7637344855479927e-07,14073.300932850623,2.377517099000549e-05,73298.40748685272,0.0008589879804679711,30467.959140973722,2.512438555100962e-06,2.205572269212089e-13,0.5019204951691972,4.7478938738931656e-09,0.004551000451324425,0.9954489948007816,,4.926208914325507e-10,7263458.9291974,1.9264752550570445e-06,5.859633000439176e-07,metal,metal,intact
2.9427717404676568e-08,77568.43805940758,0.03624778736313345,20595.962592902604,7.11573322367865e-17,69164.02361817636,0.11775228626953002,96985.87350508085,0.002763015593692865,9.286106841057035e-06,7856388.301672937,0.08317687434135387,0.045144382800163994,0.04017903674871803,0.3107779740184395,90.00913552591892,1.3486590131196025e-05,7.800050638151399e-10,8.806150823940214e+28,21761.41531223917,548614222479330.6,25007.843705979765,7793875059747523.0,40496.138826004375,3.8861895327697785e+27,23655.152287557437,6.64634052391203e+26,927.5248552837108,8.424471630174157e-06,40466.18582305785,3.385368563780075e-07,7201.485387792464,7.437811608169249e-05,87684.95048772877,8.115366975158996e-05,18663.823547396645,3.568385483053376e-06,2.8815316698593686e-14,0.5717546598090251,1.2325492122252848e-09,0.29512082616597285,0.704879172601478,,2.716027949955973e-10,3073005.2458003424,2.724201623657738e-06,8.44183859395638e-07,metal,metal,intact
3.3959944776409694e-07,61464.82628675955,0.038290513108633045,32419.279287825186,1.1693232891975304e-17,70467.05107528354,0.30000434160338424,52986.616195952236,0.0030326380500528445,2.12922850267484e-06,2093336.350371342,0.01778353338856148,0.014709755557618486,0.05590985075836533,0.10054900251626502,28.42244001936404,4.560636562664188e-05,5.422225876927492e-10,9.804709496262517e+28,19658.512658774624,142735655234219.1,27858.410749723516,2.231135319986661e+16,36536.353780224425,9.319567891557813e+27,27104.312393535263,1.8831389071786667e+27,822.1444810405501,2.5889309587372564e-06,58126.35288094326,4.930674074193878e-07,12796.039776480084,3.455160673420542e-05,90299.02292323549,0.0006991950453239541,7222.011583734631,2.786452211410014e-07,1.920169655393374e-16,0.3903001518160197,7.167488789002323e-08,0.5842949812080682,0.41570494711704375,,8.138506825838798e-10,3329.5599133977657,1.1420263589043726e-07,1.6444258525056411e-07,oxide,mixed,mixed
2.1918926388086158e-07,66928.03384050707,0.04771155012181439,41411.05642448833,6.432599772311682e-17,70414.2957571409,0.19394080103968475,165031.79311596337,0.004345230508716812,8.466165672053238e-06,5943830.5888054175,0.006234832385969582,0.09506215287277263,0.020881152219371167,0.3389818060332005,64.85807255335806,0.00042039100715382847,7.266717214860587e-10,1.0013205187355674e+29,24546.285627259622,413467662020808.4,26560.99992592095,1.2197473324359668e+16,48508.97285733289,9.179066627209503e+27,33919.63146926339,1.3786739260463404e+27,1129.8013844553448,6.063738333452018e-06,68176.33148253737,9.862270035812912e-08,47890.81374251272,0.00011972499267918414,77451.25700924764,0.00026694309399026035,23284.099847028192,0.00013867645717664727,1.3672014744475672e-10,0.2608132326582507,2.6359048626275803e-08,0.0014351771945686697,0.9985647964463827,,7.259421655220543e-09,5924724.844750836,0.00012171602734609629,1.696042983055098e-05,metal,metal,intact
2.61202967257575e-07,71434.82246973863,0.030924419711690878,18256.90729893671,5.728428920914243e-17,69595.20970438421,0.269427877621969,111654.09728976728,0.0010685998355838588,8.379515611134516e-06,9580513.570773419,0.09379600777893995,0.0677700649437099,0.09513221689904626,0.37642193338161817,35.20488953187137,0.00021917815809639158,3.135257446430181e-10,8.545295918187008e+28,24147.1673346055,213364018592694.97,25054.680699934193,1.7350952367385022e+16,41106.32560344987,1.3967804368716016e+27,20615.48671802366,3.49604431824553e+26,953.1780585791157,5.158909926678106e-06,65965.98187295147,1.4547931322792473e-07,19579.735201758514,0.0001333915049532609,73517.90027076207,0.0002968748884374973,30997.63079177444,0.00014414123585297474,2.1043727851686134e-13,0.4148633442787699,2.0712096796461036e-07,0.3863032752607565,0.6136965176182756,,8.982982419472566e-09,183817.45652264458,4.983413458380256e-05,9.430710126917218e-05,metal,mixed,mixed
2.5168471782390037e-07,61852.33277862792,0.014220864923347528,22660.898797080514,6.292187875810346e-17,69475.89783888974,0.28863405137354387,151573.89022044378,0.004848809566752831,9.737926331732336e-06,5373952.232795408,0.02859231831387606,0.062243818428692976,0.08981389196997795,0.2693759783169287,75.94508817771589,0.00035564166000148084,4.5148870092273275e-10,1.1441998732204905e+29,18151.07186509712,704070473930368.0,27732.934141153757,5.272456587625432e+16,39946.7653376926,4.101711527916831e+27,37696.306737969324,1.451116472743167e+27,974.441898494284,4.461553779706448e-06,61607.24494896179,4.483513534272947e-08,17996.222606017618,6.620874457686867e-05,99184.35229278855,0.000746356338433776,5258.076494846085,2.7421237712818177e-05,3.4702272838393408e-12,0.23949513578678752,2.097675609981196e-08,0.02591218536379668,0.9740877936594472,,7.311424827563799e-09,5044930.687716162,2.23513457596674e-05,5.0698919531507755e-06,metal,metal,intact
1.7147964864981566e-07,79493.04655406288,0.04174760708061272,14037.605582824644,7.038680520168306e-19,69842.49961055625,0.23110435338702828,142104.30231527757,0.004403498217077568,7.206643515207456e-06,127346.21091945034,0.025536701707937183,0.028875293276264757,0.058586093164439294,0.10242231689219464,44.33176021250528,0.000127691526901823,5.605383423065707e-10,1.0892211433534264e+29,23496.199850709665,30502625655005.72,27363.117942179142,2.3089375968326376e+16,35663.968964080195,8.758445329182448e+27,27447.943313186734,1.8991047427220088e+27,1118.7318564597765,4.029912391312978e-06,57376.881053927485,7.283227918873294e-07,10500.279641227284,4.764131393902979e-05,89687.90663476904,0.00015562721041259951,9891.704659426658,2.1266921769621307e-05,5.824930359097971e-13,0.2035104341388563,1.3032445345982632e-06,0.48766620305682457,0.512332493698641,,1.6375759749829957e-08,17628.316904153064,1.6076218507343363e-05,5.190703262277944e-06,metal,oxide,intact
2.5152681022443297e-07,62631.80738414368,0.07992749013694346,40599.16862006871,2.2598021379808792e-17,70571.08761277104,0.21229378250004444,83204.98988396174,0.003889641810155323,1.2855803258909502e-06,7544783.354039878,0.05915839353096009,0.03942507836639953,0.03296127872445243,0.21058081265575726,27.614640044393564,0.0003017917813200965,7.458395808595006e-10,1.1788730638397648e+29,21554.387630746394,380754469658520.56,27328.796245770543,3.3006324446162816e+16,38830.2841884444,8.245597957702622e+27,28163.700157123185,1.277655267862343e+27,1269.7274434732728,9.203347336653495e-06,54799.00742409198,1.5035731747930406e-07,32751.312150045993,5.327047875368404e-05,78462.66435646042,0.00015806864430920886,23872.50701452198,0.0026587297225313033,1.950996042966725e-12,0.431740164738044,2.5172713801664577e-07,0.4390845373236958,0.5609152109491662,,8.039726935116455e-08,1475928.817930807,0.0020189406902063663,0.000639789032324937,metal,oxide,intact
2.1402765555946175e-07,65779.74793836966,0.033265128470539876,36958.31162885044,3.697739989469875e-17,70113.7095414034,0.13376885253789003,78322.78266204032,0.004485388362495044,2.0199517736690993e-06,776377.9004014379,0.026660139522394738,0.015438732458275983,0.0593847538288163,0.4416656482328577,46.07235758291229,0.00018549231705322956,7.808000638558362e-10,9.136942037031286e+28,24159.942298681417,594113205296165.6,25157.123884624078,3.3305128392661616e+16,44341.22681850481,7.24324155148132e+27,20854.959802579047,3.479906174414852e+26,1240.993247864778,8.48663267150707e-06,61532.42551888125,6.442840200155752e-08,48336.40239185567,9.198999653993148e-05,72047.04520489777,0.0001290776387665063,14415.27823895054,0.0001570301521228725,9.271483785130282e-13,0.11414796913304484,1.3872539087919302e-07,0.31928262544351227,0.6807172358310969,,3.4281320552638934e-08,309615.59236185485,0.00013398978674065653,2.3040365382215962e-05,metal,metal,intact
1.3582013084235704e-07,79222.62602967923,0.06220565123048959,34935.62646620364,7.411252190806702e-17,70088.89813587654,0.2073804843532177,56485.70470393909,0.004183305902593606,8.219598102915385e-06,1448803.5488202134,0.09543307953642446,0.042871719469605135,0.09449327584485265,0.13080923244381193,21.458141030964654,5.414970317491866e-05,4.859477077950955e-10,9.235199150018543e+28,20888.532215716725,735612122456071.6,28513.084892297342,5.646556108514685e+16,47554.22223613367,2.1352138057405785e+26,23280.918739942135,9.088473865210732e+26,1243.6986047744276,2.698058040054772e-07,54161.06859303363,6.978859745184041e-07,35908.74037295639,4.088196468708841e-05,73486.07456035733,0.0008342021006983668,34132.77427615032,0.00036787681634354013,4.951904422484607e-13,0.40104057724807235,1.2182395201441918e-05,0.31914707939434755,0.680840738210451,,1.168532938365483e-07,1454.1586151280649,5.382704023178398e-05,0.00031404977611175614,metal,mixed,mixed
3.8579390575846013e-07,76179.23507532032,0.04528207731309752,27307.22861360884,5.197065714330395e-17,70405.72719823889,0.3580213019525727,149233.6683785246,0.003513564206154748,2.4065245711821676e-06,2117786.07802634,0.04200152774267773,0.06377173910850115,0.09038760088930464,0.4039614910614862,80.97276595733487,0.0002354253535914616,3.864206409791329e-10,1.0138821547673135e+29,24304.615247131107,454061675994308.94,25761.617096289803,4.4231797750366216e+16,38749.65142606725,2.1287211898065704e+27,22511.157733569995,6.566682256372287e+26,658.757462442218,5.679317596130181e-07,41038.587077689306,7.78895562822306e-07,38831.884618286975,5.4113643996128534e-06,71478.69502341548,0.0006493813827545791,30717.07508629825,9.658837797804585e-09,7.962616257089927e-18,0.13518044065700724,9.973171460623507e-09,0.41594949882148,0.5840504912053486,,2.4042977155140103e-11,19633.885329907956,3.4981496975163586e-09,6.1606881002882265e-09,metal,mixed,mixed
4.134035448105713e-07,60386.86584924758,0.0148614639437865,28148.817340508624,7.263982146850868e-17,70452.00909489907,0.3357918366838441,69762.71972212539,0.0019987684255933827,4.436566635057011e-06,2173175.548938954,0.07449829470789686,0.08277994521283893,0.05501331970926601,0.10389494901867719,54.80343089245711,0.00018845039714095884,5.662428664869315e-10,9.755997910456115e+28,20414.966599246633,265127931062193.44,26325.70086871997,4.132909218074911e+16,40577.96551299664,7.796545887437142e+27,29200.607363222116,8.050652587617837e+26,655.3587147950051,6.179941198819579e-06,60133.072838152424,7.912408517026204e-07,21618.341818318084,9.252298607741718e-05,80003.48630098172,0.00041615312798673725,25823.36445995901,5.7762299591577575e-09,1.2418136929985998e-17,0.28664212310416665,7.541537064250861e-10,0.42881096980817496,0.5711890294376715,,1.7256285958935464e-11,81453.98016254662,2.6224264785892104e-09,3.153803480568547e-09,metal,mixed,mixed
1.368406601679263e-07,62547.283894190114,0.082552544823923,26420.347449625493,1.4374087209449078e-17,70559.87131902437,0.09980631314614871,139738.7374484951,0.0017477647133647429,3.2060910105035796e-06,1343322.127787893,0.09039596954604155,0.004573768819332614,0.044362353359550945,0.07840441619443944,37.38723562344652,0.00016624811074623003,4.836435168399159e-10,1.0011017341425536e+29,21924.570231942962,461091336060641.56,28092.021714981584,1.2919991085481934e+16,38697.36176816168,8.531171586588287e+27,39005.65141695691,1.522791952452145e+27,797.243046031695,4.145848666492328e-06,43707.52190028088,5.568378458352297e-07,47825.437679154915,1.7592062979931038e-05,75239.33120584536,0.0008632702246052357,8622.8764770362,3.9251607599142244e-07,5.016832047265146e-16,0.1212442265704432,2.313992399367026e-07,0.3775053276225812,0.6224944409781787,,1.4351489952383833e-10,9625.010531075843,1.4290305679712498e-07,2.4961301919429746e-07,metal,mixed,mixed
2.411125543935134e-07,66804.45822648032,0.04796029035539156,1221.5129477211053,1.4314283693146435e-17,69677.10988876142,0.12404213388338559,124674.11929622736,0.003992154607777859,1.4359809469923084e-06,9690367.640104817,0.0019627589101079545,0.08378639033858619,0.04700498336070491,0.050789978826124925,36.57545353461125,0.0002892858477540802,4.798365370823855e-10,1.1952139577847181e+29,20903.35549036955,545120238128556.7,29640.600982893695,5145044895869812.0,48225.23369515482,7.461386847703664e+27,26629.099436014163,3.573625720259899e+26,884.7321209571717,4.484254507141776e-06,61422.473057295225,8.139047186978692e-07,16614.29768588295,2.4210816355378246e-05,96654.07106959012,0.000959307005971531,5645.8647970775055,8.741784885121005e-06,7.232685058500572e-15,0.6268817246696976,2.41259817000267e-08,0.3936538349297325,0.6063461409442858,,4.3432817459418656e-10,2449098.9698671442,6.7637892472821086e-06,1.977995637838896e-06,metal,metal,intact
2.777491408543739e-07,68091.08125038909,0.03215400586928419,5910.782367703354,7.71354429451938e-17,69751.32723713023,0.13447839387487687,54790.790924934365,0.0035679024203992384,4.998824128790451e-06,8928202.703836905,0.07572414182660284,0.08541555944878615,0.011336287498205318,0.19384847893894086,68.5834406468254,0.00034992217874504314,7.483152055059367e-10,8.94112124217214e+28,20511.999594202,563593883442820.0,25795.338197772515,1.4025743007943448e+16,46664.564917627285,4.675606914237316e+27,26932.920198207546,5.8855002028002615e+26,1075.1449447205111,6.792858447108441e-06,51311.5841794772,9.170608072547391e-07,34229.213312535125,0.00012398849221806436,73734.81729229463,0.00019022651616745626,8812.303019694406,4.844098208720315e-05,4.2808922326613445e-14,0.5998893775732366,3.18694260850806e-08,0.4683647002909433,0.5316352678396306,,1.0231166031377142e-08,74623.79223672554,1.9241899047338703e-05,2.9199083039864447e-05,metal,mixed,mixed
6.626117737097451e-08,74517.49395770482,0.09678392585915763,31577.77028954102,6.482331330716359e-17,70663.4533836326,0.10920820321634668,29875.329529716662,0.0008522714048057903,6.231361237785225e-06,374817.63551371795,0.03391362937617635,0.08645392052805814,0.009533837689966221,0.30270310573354564,10.68318371089746,0.0002085472002913705,6.43269935474951e-10,8.530576347429345e+28,15677.183505631732,70380715731922.22,26901.527905535495,1.9691637643737336e+16,44852.82341148246,6.541038133679621e+27,39258.117112988926,1.4042823790425462e+27,741.9405697568993,6.39664837405047e-06,48457.62499887175,1.2817585846752252e-07,13296.9612716805,6.012615283451084e-05,79603.34510515377,0.00013119675970662103,23465.50673240436,5.479839656186503e-09,3.7568256020894455e-17,0.10881200421534104,7.67633669687885e-10,0.6361001920449919,0.3638998071873745,,4.737558924190882e-12,2250.173646515655,2.964546436724436e-09,2.5152932194620673e-09,oxide,mixed,mixed
2.7386896200399413e-07,64184.60422717559,0.07746091840498763,10760.64316020423,4.989841929645296e-17,69487.65810378325,0.3954398405654153,127702.41541670608,0.001208383388496665,6.822394133408131e-06,4314400.202956368,0.027403772034994184,0.08324063214516597,0.059714527488482626,0.32933216204385346,18.51500765687148,0.00025618573845189704,9.090349863352484e-10,8.371776582586642e+28,17064.341487843605,466218428124429.0,29547.059601227964,6775014698855455.0,46109.797070470835,4.059472998068275e+27,23578.333199203917,6.485405702058176e+26,787.399762134103,5.734450618634555e-06,64953.69057054464,8.785121362646536e-07,22605.000243961833,4.271522209507368e-05,87982.33096735504,0.0007504522301972262,33188.57719329726,1.6702405238915778e-06,3.300882551980658e-15,0.44455739240319025,1.0587178331366648e-07,0.6018885171223879,0.3981113770058288,,1.4677113143329381e-10,30865.51777764337,7.636336634442774e-07,9.066068604473005e-07,oxide,mixed,mixed
4.126962427015315e-07,67672.56799125716,0.0700068875179108,7879.499577747245,4.510100124149657e-17,69326.3099379863,0.3272282800950791,111534.38200408564,0.0021333901332689443,8.959931737221188e-07,9180016.743163787,0.06640267941788087,0.08533602245648036,0.09275866717117562,0.053747488424061046,61.0869580120695,0.00024681116920376547,4.730642377260357e-10,8.609250444271136e+28,20658.170473004524,150723170838695.9,29804.58426408192,4.0880536394080744e+16,40928.55278182637,9.800367823461648e+27,27213.854524075672,4.6619652385565104e+25,634.8716374831116,4.811336755264179e-06,69730.99179244917,1.8324489511603154e-07,6727.875498566277,5.738732961450483e-05,99682.02513013555,0.0008946682842715119,17613.28322047247,3.2582160538801375e-08,2.1181408628384066e-18,0.46805214691223185,5.977932973148972e-08,0.34215535736522307,0.6578445828554471,,3.254824903521556e-12,17296.39713197165,5.17658214745804e-09,2.7405578391343335e-08,metal,mixed,mixed
2.823643746499602e-07,71012.00315738292,0.03920371010876924,21168.486412955324,6.507979526233664e-17,70739.83530863753,0.32494325137372365,34871.06752375836,0.003556816846702715,3.046614762999233e-07,2403223.2205833616,0.08787284151091117,0.03424628085957331,0.07171633696482384,0.42050400491158746,27.237033293088853,0.0003897122430429782,8.371025589883002e-10,1.0219896762429769e+29,18259.834222587593,56606140663043.57,27956.2139019357,1.4645954445252024e+16,49530.17834127892,9.537415953042769e+27,30769.069727082682,1.3255013090016196e+27,1009.7017531857286,3.054182615339889e-06,56741.903946388855,1.2675503510995032e-07,5455.48647552508,0.00010547413050007009,71849.61191417731,0.0002674287202606231,15570.828147373699,1.5761692567230643e-05,1.144597041775866e-14,0.3280186260117451,3.73002668445602e-08,0.200214701377474,0.7997852613222592,,1.8151853256308565e-09,1332424.8443802055,1.1993125372973305e-05,3.768567194257338e-06,metal,metal,intact
3.534022583472833e-07,73974.6564638492,0.03781633158951857,2459.1294197046564,2.4905499074659715e-17,70743.44762092365,0.14124728791076557,113269.61999964484,0.0030667527652851498,4.755894428821325e-06,3357052.5739457184,0.03926075232086305,0.014407680091077318,0.0014841218297468415,0.3669368903203782,48.650931526702294,0.00028618037911761764,7.161941027187401e-10,9.663507356771713e+28,23437.455082515276,524466341718424.2,26111.807108962792,5.434400828148722e+16,36032.96162530723,9.222415944064318e+27,29394.454258119957,1.2934796050674626e+26,917.7788020979474,8.120595500764197e-06,57938.44724577269,2.559454820162869e-07,45166.17614556284,8.439333727700578e-05,91348.71824737139,0.0008801581986559999,20753.39671277933,9.628108741162733e-06,2.2670253633318504e-14,0.2039360495406857,1.2260532819938844e-07,0.6586121971057504,0.3413876802889213,,2.666873852640772e-09,61901.91411769243,7.1332303761828336e-06,2.4948783649798997e-06,oxide,oxide,intact
3.8692278906177743e-07,68774.3978060742,0.07611704654972581,46894.51208495637,4.315625586718723e-17,70394.84337035065,0.36191367239542727,56305.94408921876,0.0033605527037611524,8.384955749946987e-06,5311381.617340652,0.08201013496978683,0.07703850396216301,0.09555831828547513,0.26159053085783746,43.81998610123241,0.0001423118908243266,6.772257112283002e-10,1.0816700057910135e+29,23118.100843395034,591566043032819.5,28736.113208916744,2.902726202653872e+16,49873.168656362664,4.68517688658798e+27,29105.98826851251,7.820420749281687e+26,990.3783800685214,1.8662154636834475e-06,44575.20480898653,2.596860730327856e-07,13198.01217328659,0.00011238447927442099,92377.91754113107,0.0008694669005083872,38103.104642020844,1.6662423109074883e-05,2.213282127074253e-14,0.4621699601751304,9.723468502872538e-08,0.3588433904716203,0.6411565122936946,,4.001973004848597e-09,33341.249614293774,4.1760519697868126e-06,1.248637113928807e-05,metal,mixed,mixed
2.9269142567670287e-07,79414.61020223101,0.07531590123872366,2915.6200166209123,4.6438283298390324e-17,69323.21048872164,0.2102341884275571,163650.30734940726,0.0006669549777467102,7.877558824464485e-06,3378573.5990827754,0.010743297570598939,0.06332627016413296,0.051210954464479146,0.08745100898036699,46.898618348432336,0.00016460419015823226,8.033859674319459e-10,9.929882254099763e+28,18561.27542329634,575626258031039.0,26237.028032497907,3.63492041111338e+16,48547.115898063574,4.429574001348071e+27,34399.03865194915,1.320024739704108e+27,943.9599033209255,3.076326185721126e-06,46031.637671497796,8.627113246076908e-07,47358.18237789193,1.704589296425031e-05,87022.36303269508,0.0009702247297344612,17145.39693070004,0.0001513262002180122,1.487620831319709e-12,0.3257150609847562,3.5218537395187766e-07,0.329920669472089,0.6700789783425372,,1.2259354659606453e-09,1223144.0609389532,0.00012304193906448072,2.8284261153531474e-05,metal,metal,intact
3.914026141060829e-07,65694.48754996735,0.05105347273373279,36378.626765255714,4.0127087352599724e-17,70595.66709088707,0.31405737102563225,158339.46248961904,0.004423413239936835,1.101522407886811e-06,9823856.648914123,0.013384462596495686,0.07944367268586446,0.016848630293812568,0.4437224847420241,93.93983006418928,3.6079963787410595e-05,9.028274808422146e-10,1.1213975233406547e+29,16719.906247733685,520960471457221.5,28394.05453158575,5.964956600822663e+16,46088.880336416245,7.410879203490904e+27,24098.50897735408,3.977776739999502e+26,664.9001474641859,1.1977126961211182e-06,43173.945048741916,7.850490741037649e-07,30887.922837748814,7.57442874623553e-05,84253.09920477787,0.000857916199734543,38864.07238591102,7.659526131847173e-09,7.651903465486544e-18,0.3480004299374008,5.91150851379104e-11,0.3105900627994018,0.6894099371414831,,6.251725636423118e-12,4278397.156820719,6.595377694939612e-09,1.0641484369075613e-09,metal,metal,intact
2.1632396950896346e-07,68480.3780283941,0.06650939723695515,37829.794636392806,2.551137192970963e-17,69290.88456473025,0.13176328809109963,92985.19585528132,0.0035336685331660758,9.262494244328419e-06,4744083.901679899,0.067692554896446,0.005358871419730141,0.09328163634966842,0.4528954416847069,69.76934587366128,0.0003040101985320482,6.4101227036207e-10,1.1716263217472815e+29,18432.13349813312,496684238539731.3,25021.854611419312,3973038810009855.0,44104.68089223567,1.2996190971075256e+27,26501.042090713756,1.664187758908199e+27,802.1029723675775,3.8499795770896e-08,40148.08130710147,3.413196699021145e-07,25812.993427496585,9.756790034376838e-05,76073.57342197654,0.00038162080136005725,12795.53351630722,5.282939441016953e-07,3.5794034906652205e-16,0.32345713491557637,1.2126779745877192e-07,0.28182208094251526,0.7181777977896874,,6.301649552183106e-10,2388.685530837381,6.859885581406899e-08,4.5969508828762633e-07,metal,mixed,mixed
3.6903076044617145e-07,60225.90718050688,0.015123382379520128,43686.307432568625,6.303900455631069e-17,69285.53340317486,0.32968657516537614,133220.5113027594,0.0044002775174931475,3.3341151879040663e-06,8636915.006754825,0.06286371779430384,0.0411635725048669,0.0018984668906415654,0.2876044017891824,20.80675804744964,0.0003024902098521739,9.986764409662813e-10,8.218287367906085e+28,19363.01986612312,149105167896729.06,27489.96419854586,5.696668343026066e+16,47023.59084702259,8.765081127964616e+27,33920.32729504549,1.6548424342867085e+27,991.5201030038488,6.975821388646032e-06,54041.79087588259,3.231457043675087e-07,17613.396247562414,1.8483532368863513e-05,77581.87212164239,0.0004478836860647524,25924.48509272829,9.972097251997361e-06,2.0153580383818154e-12,0.5243626691427155,7.51272099656244e-09,0.0043988663530872794,0.9956011261341919,,2.703806558513369e-09,8553139.819234878,8.91176535619501e-06,1.0603318958023503e-06,metal,metal,intact
3.5491007122665023e-07,62537.31374070709,0.0109034315614212,15784.50693684637,4.344011837052517e-17,70601.81490745005,0.11072214905093229,76719.46129847257,0.004891070282549842,1.91965120883328e-06,4796948.214362419,0.03562244433932538,0.05357851724402175,0.06422768103522782,0.4315414625487147,11.23970460068428,6.028141643909433e-05,4.852392723011763e-10,8.894860931319818e+28,22398.205907949174,772231162764125.8,25011.90510613048,2.2536231160986668e+16,43413.5034870058,7.324765959860746e+27,27251.325025270697,1.739294691391994e+27,1268.5623244249844,7.036580304146461e-06,65915.39736641034,9.354695904087108e-07,20625.787407967997,3.5659706066237356e-05,94298.05300006326,0.0007957627033718908,28534.861480149833,0.0002919018761033234,1.1216670442100795e-12,0.6311086523182956,1.3150561501196965e-07,0.18877857886405391,0.811221289630331,,7.015767120220398e-08,2915169.285400665,0.0002390255241678447,5.287635193547871e-05,metal,metal,intact
6.012999903974955e-08,67242.56768956748,0.023938927567716647,10307.5526046281,4.7082468079881814e-17,69899.86706777425,0.3916496628491164,166929.06747004797,0.003997212012017601,4.8385046535914e-06,7057426.88489958,0.02034066870103734,0.05892715686139842,0.04263374755407994,0.23865584287793143,73.61201064054664,0.0002747862958595547,6.593445556668346e-10,9.172697663009018e+28,15327.377975561063,282260993465976.7,26000.99070431716,2.8694247788163456e+16,42959.81111188564,2.0196380388292287e+27,23467.140345980013,3.774258767323944e+26,922.4455816416507,4.60119330330643e-06,61000.80810342447,6.344154717783475e-07,11527.796263286024,0.00012595563615843235,70648.02201756588,2.792194965796975e-05,38451.679970610654,1.118751422689344e-05,1.5655426445034762e-12,0.604696903642503,2.5203133593248817e-08,0.010526726609646583,0.9894732481872198,,9.888346948536102e-10,6891342.415252779,9.811179108369825e-06,1.3763351185236158e-06,metal,metal,intact
2.1433000306956398e-07,62460.59664216026,0.008146912372586348,3128.502263388296,5.6301589983255706e-18,70378.2482804732,0.13278757516508694,56279.82749094867,0.0016453494753756342,8.522771248903648e-06,6862700.381131802,0.008003155088629548,0.06115119374311949,0.07712251739643712,0.28620940855073757,96.10279006302815,0.0002620548494638568,6.637869527633617e-10,1.111619881413607e+29,24164.92456624671,723861815368837.2,27422.05145650735,2.4774789563513004e+16,39812.703765090715,4.369168186496492e+27,20936.41011887717,1.6977257298900314e+27,987.5982795585405,5.961393174831081e-06,48014.3809487404,6.684833282284347e-07,39882.31265779013,5.665231199776367e-05,80302.6649364039,0.0004540506455779158,12956.726635596366,2.8596793167529927e-06,1.0122415111350631e-15,0.45285966491482327,7.20098036143663e-08,0.5843856736591754,0.415614254331021,,7.982606563563461e-09,71.29406573817593,2.6477260446048573e-07,2.594906712292507e-06,oxide,mixed,mixed
1.0299449787102535e-07,76853.08419766727,0.03684607457039221,25857.911178753708,1.3712786612417178e-17,69646.28291484191,0.3982898892949162,138249.9499126447,0.0014596941494724512,4.097472093630622e-06,4838019.2889410425,0.09846285696400195,0.061855059454103946,0.08334376742694077,0.19890718084968667,83.19990327457865,0.00019734486385086493,3.551173522403115e-10,8.809473535750235e+28,18183.580262495125,26401048590728.477,29820.102335663425,5.874499446326159e+16,40946.421339138185,2.7087640169808706e+27,23662.232320933443,1.5238582389843312e+26,1060.7477530309855,6.388007185774916e-06,64279.04266910971,3.11293347714662e-07,22675.659210794078,8.350285108193239e-05,96703.7356134702,0.00028850602890644305,18901.257400308135,0.000264399345996036,4.228315171896214e-12,0.4400911071329131,1.584863776655174e-07,0.0831942201563309,0.9168056213572915,,7.68386669901937e-09,3824225.782501181,0.00019442940818133246,6.996993781470352e-05,metal,metal,intact
5.25369617553321e-08,63044.15461470739,0.059060345352420926,23444.24944389109,2.0809343215900498e-17,70374.01701517992,0.24351669883509364,53579.91442593177,0.0021539952341467026,2.382676306795201e-06,6601807.886904156,0.07010084194806795,0.03512571811979067,0.01340973526422283,0.21184394006763563,14.124394864006996,0.00032077722922090203,3.645561252895988e-10,8.257613094331721e+28,16052.734907162412,205800341432696.2,28080.69217637685,4.892432449660258e+16,37030.104509655,3.9367673656334484e+27,22418.992707763537,8.134228986360989e+26,595.2748615506185,9.162846925277354e-06,47697.81418619576,3.5334369529785805e-07,7983.383538159211,0.00011883422468681197,94706.21787184612,0.00015706992288550965,15919.786997426056,7.060635899561269e-10,2.8089677635070873e-19,0.47821101353823825,7.556780332999211e-10,0.40935068330929003,0.5906493159350319,,8.781419177081499e-13,18375.32353521023,2.5290425615550313e-10,4.5315933380062373e-10,metal,mixed,mixed
3.924718663300158e-07,61387.666855868214,0.05417042501729471,25421.943081559322,2.3753492872528368e-17,69918.07446797009,0.32940253102267,113340.66386689896,0.0019885815718393837,2.101904968922331e-07,6073576.93731008,0.0661415858663069,0.07095664091888945,0.020581774510505874,0.24288875356270542,71.62958002529254,0.00010560032025117381,8.012496779170268e-10,9.358837657017768e+28,21095.290291234185,539163444058663.7,26020.457351177636,2.646649252779157e+16,47339.753299587144,8.812082949912194e+27,35980.80658377617,2.142185558524748e+26,622.8362397481235,7.306853639302626e-06,48478.288341197054,7.082639197478071e-07,12231.081716585959,0.00012559766118713298,97713.29282464134,0.0008669601584828479,7976.661572410159,4.162245169426595e-09,5.594972174569606e-19,0.5004296923734567,1.4150615767600505e-09,0.4249917848526021,0.5750082137323362,,1.3240595439208904e-12,1234693.6889003771,3.0345347998855717e-09,1.127710369541023e-09,metal,oxide,intact
2.1286920974406523e-07,75879.33947870343,0.0725569253232576,11875.112634342087,7.156926950698754e-18,70614.307360744,0.17853949076746828,40578.17910880063,0.002712222081144321,8.071624191554278e-06,2512648.0873732483,0.059422701824426244,0.06081663577160988,0.006024578655290553,0.016867194593344435,24.042937936030416,0.00022945604019078823,9.67003656927502e-10,1.0826985065815521e+29,18675.514415522863,726725181377604.8,27680.795846477708,6670597740558259.0,45172.20267989073,5.648423633224203e+27,21684.973493240723,3.219262758684558e+26,736.6794004333218,5.491428671471773e-06,59503.02450656188,4.149021335743303e-07,20523.468021608904,1.8841542374293408e-05,78753.46425271966,0.00016739283515394604,17273.329126846533,2.683801399018866e-08,7.120062583738479e-18,0.2902535746908567,1.9820794527742362e-08,0.17547964527648635,0.824520334902719,,1.8308774336246517e-11,37.796759958027394,1.2169880939202094e-09,2.562102589626845e-08,metal,metal,pinhole
6.593354705431329e-08,69133.61560416556,0.011301189579549458,24967.211179796963,6.846227117673471e-17,69123.87410286134,0.36421163021585573,27311.910196843906,0.0029688786083185864,8.941231240770174e-06,3383324.988572411,0.004887439201658045,0.027767982869101857,0.008910409204933694,0.20523194356059632,56.94398092861751,0.00022123685448341199,4.4611489576037147e-10,9.592044470841649e+28,21540.984483328837,755577936894635.8,25947.79164443418,4.566969625087108e+16,42745.476767354216,8.106358717775804e+27,37786.58365288384,8.560365096054267e+26,820.9887267513661,6.466326097313784e-06,43111.74208655354,6.771370239630205e-07,45120.79535489858,9.662744866310115e-05,76868.73917324026,0.00021061627741134255,11343.40995971753,5.6247284756035025e-08,5.554062997707874e-16,0.22814865387693772,5.843527534673403e-11,0.45102527736600645,0.5489747225755583,,4.963952899233045e-11,926418.5123073905,5.237775357660667e-08,3.869531179428353e-09,metal,metal,intact
1.2088665464302464e-07,77783.69854863358,0.008015332046218848,27816.716828786193,7.142668517856815e-17,69081.13713942941,0.3552664565239723,102601.55486797054,0.004526631406196911,3.78205847926109e-07,3239120.4127884265,0.07239810480936124,0.053808339601510914,0.09158308788775406,0.20129440418593628,77.32919575577047,0.00020009441955679629,4.558115323156127e-10,1.0204733660655682e+29,20579.926242366048,522588026757613.9,25647.042583350678,5.950754029192461e+16,44672.58318342058,5.032315225975573e+27,36190.16266945205,1.3555658982259794e+27,1203.9908353651854,5.559632288336378e-06,53230.019451494874,2.8100848805443756e-07,6487.973564491373,0.00013376931430877237,93255.18969427455,0.0004316988464862351,32182.663783897922,5.66346396776902e-05,1.685297439303157e-11,0.46736582707131974,2.423074744513309e-08,0.0004944401075417682,0.9995055356617106,,1.8565420652752947e-08,3234946.7106755064,4.429452670134022e-05,1.2340112976349976e-05,metal,metal,intact
3.8508495928331234e-07,73852.03117807952,0.010514592088175224,40562.79656542369,1.8668236413892666e-17,70604.90301775106,0.1274744992103729,27791.161442714707,0.0005119894109314732,7.859277441370644e-06,6586534.801875863,0.0774677108099194,0.009607500891586327,0.0480255861447402,0.1277684717433564,77.99222204128998,0.0002720090134124595,4.229945428030205e-10,9.973572847239841e+28,24380.005525096436,286242269433666.8,29648.673943981914,2.9637519303658764e+16,39879.615028564265,3.9939405924261504e+27,36662.01637689963,9.687593228625038e+26,1227.4769651499732,4.666392246938435e-06,62518.4798190637,1.879098776114638e-07,45942.25685076565,0.00011290452932592073,81785.12298402975,0.0006139288578008899,27236.81186357457,0.0004975702790667877,6.705468309664877e-15,0.39128164059450204,3.107958087885054e-06,0.01975944477346305,0.9802374472684492,,1.181590028371773e-07,0.7903488505210544,1.8931810285046304e-06,0.000495677098038283,metal,metal,pinhole
3.565306852565026e-07,76699.98817172043,0.07496481198760231,4367.290585421131,1.2596827652369637e-17,69773.37984122199,0.08101656729054056,73496.39097513753,0.001982154803546479,4.361061277795973e-06,4130993.0772409122,0.036148933666793316,0.011061083496513526,0.0897634098054326,0.39105167660465867,38.972065093625005,0.00021309173135722668,5.376610788432736e-10,8.180983502348019e+28,17988.35526903467,533384668620830.7,26010.722256997597,4.306169416201093e+16,47269.93332456001,1.8085491809556186e+27,24361.670033907732,1.2103112015230737e+27,980.9553464246537,2.2377523372756717e-06,44005.0182057432,5.195957518994664e-07,30925.230293371867,1.0617121804652624e-05,76674.61324740517,0.0006887089190657478,5542.667701901622,2.1847915571251602e-05,3.1611973251781716e-15,0.4089975800228569,9.161069512532958e-06,0.24497900671322734,0.7550118322172602,,6.472281956214381e-09,44.48574609075894,1.2673180211058056e-06,2.0580597550145798e-05,metal,metal,pinhole
3.898885532572726e-08,68875.2871311336,0.053611357842920225,37588.719218812475,5.562067146954547e-17,69793.22273093987,0.09037962133110217,57343.77493295362,0.001639198738568966,7.700377921859054e-06,2365693.1380841904,0.009501743766952342,0.07584791998172442,0.021043824241816167,0.17786803336883947,22.171222656248133,0.0004921213198982164,5.941748395584027e-10,1.1023834501207313e+29,23465.870074005124,256401867611840.3,26541.8089217542,4.604049247150294e+16,46944.4885052192,6.904170510085486e+27,36834.33212991244,2.2061821813425017e+26,637.7645394255715,3.3451238702555472e-06,58503.86918694324,8.370103087680674e-07,14258.176903404134,5.641402397295438e-05,97282.93353419947,0.00032481981681615997,21140.53680793305,1.5850482955533676e-10,1.426140391318589e-18,0.38352749820623705,3.129188512664533e-11,0.44118926781723716,0.558810732151471,,1.7647725058365216e-13,566547.7306145555,1.3056635896977732e-10,2.793847058555944e-11,metal,oxide,intact
3.137174276182722e-07,76728.1359152082,0.02149667716634652,12988.30395104411,2.874064275944768e-17,69971.09064898403,0.22214672093696514,161913.7224266309,0.004245152407254376,6.3074060209004276e-06,6116688.203773759,0.0859576895024137,0.03277059707266807,0.004370915513308136,0.4165650126275588,64.7793236607794,0.00022185802855907727,3.7606794600322705e-10,9.845435173486358e+28,21182.583634108712,618716525383228.9,25667.89508054895,2351150655595660.5,49706.92888040799,1.590671071985263e+27,33288.91026329439,1.2678559046330422e+26,1178.628650532198,1.467171354464809e-07,54978.509053129615,1.5179615724068635e-07,39038.77118189316,6.060207585897521e-05,85257.99413600011,0.0009361719740299863,9378.151926322376,0.0007716954008405245,2.6855435297729233e-10,0.3572449713453295,3.6635906360386716e-06,0.00523213982717062,0.9947641965821932,,6.528935873536505e-08,5986561.687195696,0.0006760441491377241,9.56512517028004e-05,metal,metal,intact
3.0844747946041773e-07,77983.46411720863,0.044350891361207644,2401.3850724790836,3.440485479563031e-17,69582.10349437606,0.27663425918299206,93854.35445871994,0.0035221885298080927,9.824618864347808e-06,6420981.174269214,0.008859838345414307,0.031856089289079875,0.05686117163950816,0.420910393551862,55.63338047312069,0.00041315594161384675,6.798726933513045e-10,9.695233394036125e+28,23744.077342179964,540002617186488.4,29873.70693777618,4.991436985955089e+16,41872.49355517187,6.08494162986017e+27,28983.507241585525,8.534530024920474e+26,682.4628917497203,7.112252352902968e-06,65317.06221891947,2.6953215255373133e-08,16391.561907803964,3.30053848884144e-05,87342.6738150467,0.0009467256599708858,20902.237322890564,1.0618765745532253e-08,1.426908182650779e-17,0.15263203909018314,1.0583568330772446e-08,0.5675563702292242,0.4324436191872074,,6.886703567859188e-12,2516.038011934661,3.2556104399101065e-09,7.363155305622147e-09,oxide,mixed,mixed
4.2065486924839975e-07,69223.55849633453,0.005514714697073367,9582.929637896967,5.657022198408155e-17,69714.1546880045,0.3007700949594307,60322.96513829282,0.003682709400575295,2.882621638482342e-06,9579202.732385738,0.06905255823205465,0.03833783963803725,0.05952872717899166,0.4531386257442415,79.34370263402892,0.00024265122491223516,6.644838716652178e-10,8.21340884997426e+28,16945.28574429962,73578972117473.08,26380.671642729096,8577613088913197.0,37231.29737028531,2.5793024741890374e+27,29379.21761977223,3.620493929701025e+26,1195.6864901525373,2.4965094249286247e-06,49782.048743550105,6.274131077593821e-07,34818.156354254694,0.00010312255957558871,80106.1383794712,0.000188493152759007,23826.273137864435,0.00033357628810676623,4.39276635605922e-13,0.6071865038212151,1.1025328585824049e-07,0.4296757798225612,0.5703241099241529,,1.4918342098703511e-07,1616508.8863128393,0.00023158076659233147,0.00010199552151443476,metal,mixed,mixed
2.2279929389308302e-07,63767.83819353333,0.012504136597004348,2511.3228214023366,4.971553623309087e-17,69526.16482958141,0.20295400849729536,45205.73381679241,0.0031516453427710366,3.036240430053566e-06,4651978.211327384,0.024326871390812847,0.06995550423224463,0.023155250454154088,0.467748351448135,34.3065135777052,0.00021562004380582358,5.031221443594168e-10,9.463547513096108e+28,22781.022067925987,114012372242696.48,27945.391882357122,2.0266320985036344e+16,49596.13539543072,2.4015189125110526e+27,27981.036148880863,2.3921680630089377e+26,598.7506547987455,7.687341249905825e-06,60775.8198556244,5.339784542997778e-07,17766.430809839403,1.4220963174420644e-05,99920.49177278308,0.00035223626766575053,10769.26091712522,6.718358452367904e-10,7.934553179778876e-19,0.33822441162835976,6.288898968243821e-09,0.6597960538189056,0.3402039398921954,,5.966807333520517e-13,72662.78786213296,4.3534018044154575e-10,2.3649566479524466e-10,oxide,mixed,mixed
1.3384147672989957e-08,77710.12182687884,0.021833651702579445,12089.84970779634,5.260811273957574e-17,69246.74400751344,0.27598648177433516,63157.48435674242,0.0025442432392884444,9.757953344785408e-07,3452601.4111030074,0.05610064579776972,0.097508074145689,0.04748429498768129,0.4470472554230143,30.64899307214314,0.0002864928056377523,3.531936107346016e-10,1.0748998821892914e+29,18039.19303432252,393965304599219.9,28761.14434134291,5.921859907901933e+16,36512.532695561466,9.298589870215296e+27,28116.98114978961,1.2255006131095101e+27,1149.5701486138464,6.220670578797113e-06,65454.28607714642,3.367666204574311e-08,24195.517891042746,0.00012574642747009883,80964.10299494496,0.0005699648200157769,15377.866438289748,2.263098679008251e-05,2.623062892080178e-13,0.19074962812706944,6.933672396771515e-09,0.03749409263636849,0.9625059004299592,,1.591271084112615e-09,3151346.0444700387,1.795031149394155e-05,4.680675296140959e-06,metal,metal,intact
3.1518460305959106e-07,66887.63221083909,0.05098965948740163,1868.9539213744579,8.118384142642216e-18,70988.38892724017,0.2275610041321628,82830.44383793851,0.004049025872526324,5.603897099007102e-06,2193834.496792272,0.029940534949222688,0.03501914817195589,0.07314998905863176,0.14974206670867637,29.362364585143286,7.777052855547983e-05,9.315727067361095e-10,9.222172161033378e+28,17425.310056670616,693611352531852.1,28226.949287047475,1.875257627526198e+16,46140.68357333622,6.522723292515295e+27,22585.474008152694,4.934193155341965e+26,989.9218096476702,2.819951244431939e-06,42784.653191781195,4.1230856038917017e-07,16291.292613468457,0.00013008824657550534,98474.80357361575,0.0005720760893097427,24893.230300244366,7.6274638852983e-06,1.2268518177177444e-14,0.3926396260118002,6.734149550184631e-08,0.5156363721929164,0.48436356046558826,,3.296284370462999e-09,5978.315012988346,2.649124848457158e-06,4.978339036841142e-06,oxide,mixed,mixed
3.633246796639278e-07,69642.62143798744,0.027121153774693957,21282.83584525864,3.3913434871954794e-17,70122.28150227627,0.20213814678506542,110521.9918132358,0.0029728044729185415,9.10224868218284e-06,179855.40169504748,0.006035134657582384,0.025685599832355827,0.08101307732746388,0.17442273804621747,74.5013055693844,0.00036706183113663604,5.672305969524523e-10,1.099030513989069e+29,20095.994663382124,748909934794351.4,25136.059773055404,2.2976276051628776e+16,47998.058399408896,8.933405937786136e+27,32724.42588554807,8.869721889290938e+25,691.5678588526699,1.30204362527553e-06,48553.773590660625,5.554406205155223e-07,6798.908121097535,0.00013411152923923964,80371.20127492178,0.0005313633988983107,30503.890791995134,9.71406535974443e-10,1.630174589677873e-17,0.18375542170786516,3.469810753194566e-09,0.549727762772187,0.4502722337580024,,5.464774935734399e-12,4166.762741172674,5.716483000078662e-10,3.9975823596657675e-10,oxide,mixed,mixed
1.9482872804742198e-07,64270.234043447475,0.021290421077318437,49675.019791739614,2.3850909417629e-17,70999.73631801768,0.38607420826060956,114396.02930632637,0.0034436387592273214,5.142344153363198e-06,1617052.6454991542,0.04329754485112761,0.044516560106213646,0.048447920472771584,0.22910445428749265,49.98140424725632,0.0003723033728619734,8.136449152237004e-10,1.0785365300302908e+29,16764.998816647298,610629404688221.4,27695.48351811175,5.823517127045442e+16,35361.96663039539,6.768076302835083e+26,29037.763943954604,9.877038938246832e+26,923.1231378646123,5.094612988096054e-06,68415.48432365803,5.967205300089605e-07,44621.81314844845,0.00010575346197466359,97958.49321362114,0.0005714314891258025,9679.641129559172,1.0651060967394324e-05,7.287608832609979e-14,0.21900562598735976,8.483056341406106e-08,0.41549303165236967,0.584506883517067,,1.2306674163945079e-08,367831.03059042443,8.152214095364629e-06,2.4988468720296956e-06,metal,oxide,intact
1.9848148711898923e-08,79092.27547083196,0.06685913746461414,13603.257229725956,3.6941860223267124e-17,70788.52290469772,0.32670655260014003,107206.77388094507,0.0010888545882971714,5.740151029736354e-06,8455904.430946263,0.02820219488712047,0.01708080431772541,0.05703655314902592,0.4211918007562455,67.75038753064104,0.0004645414054421833,5.214995615942577e-10,1.1986577810743136e+29,15537.114093477097,406604794459929.7,26884.96425679322,3.80870184086983e+16,49311.94887612384,6.879114941853361e+27,28197.904087895877,2.9498429054263777e+26,778.9361149009248,3.582724177925499e-07,55446.05060645062,7.009080678714156e-07,25070.26151728255,3.639501827868193e-05,92450.44368994773,0.00036899737120071484,37205.54369314213,1.2671346187484115e-07,9.001202551055025e-16,0.47080770529369614,4.355180174981981e-09,0.23318414618535607,0.7668158494594637,,2.0032674095612897e-12,4567715.414096112,1.1006963201119304e-07,1.664382986364811e-08,metal,metal,intact
1.2140038437268018e-07,65664.38613115594,0.09191920813231906,4080.9370944182638,1.672722426071232e-17,70486.83237330444,0.13887984579525792,95621.36062200723,0.001694862844215464,5.067999379044365e-06,7252606.898862469,0.012995710838007482,0.05865311087052907,0.07637097646067978,0.42513773651459547,35.50602295386806,5.1346062469976016e-05,6.453308218760725e-10,1.0048548517672532e+29,19012.1694145667,90853018791828.75,29768.96284229047,1.1307357938430322e+16,37890.60122875396,8.973912912088849e+26,34022.24404619173,1.3807122072801429e+27,677.249814993168,5.071879567965473e-06,62320.67247958186,4.4225097028565345e-07,6319.499705322032,3.426406427534783e-05,83073.63019383524,0.0007246102632795518,26205.533044411754,6.978647900172987e-08,2.798768511513379e-18,0.5635884512311191,7.680243337994052e-07,0.07765730939397235,0.922341922581694,,4.688182244196576e-11,0.6529241008164858,1.266709512931405e-09,6.851976948879847e-08,metal,metal,pinhole
3.4937746391732e-07,64579.21872540977,0.09917273625544477,35676.28915256481,6.740713246478454e-17,69127.6849100029,0.10991855722920599,169586.46146470224,0.002577314651833477,6.21285055057092e-06,6280113.096275757,0.037635934681091894,0.08401537659501186,0.05157433885921317,0.16846850797151638,77.8006208342701,0.00019600891719318442,9.658822175591459e-10,1.1352095808001984e+29,19114.514083046026,443996695255370.2,27430.040991301066,4.532063446368003e+16,43177.31800508972,5.146821056590026e+27,39367.84795615528,1.1509170409095842e+27,864.7646944466098,4.630623679067961e-06,57708.4843107145,7.869615431227911e-07,11935.767302179058,5.7213266393627314e-05,78725.0486312248,0.0009483877603222373,37540.427478918864,1.7089838836087866e-05,9.48351507089351e-14,0.6013380891513761,7.836728719391744e-08,0.31544041333173894,0.6845595083009738,,1.1541577890848201e-09,2230937.380020692,1.2819637215386509e-05,4.270201620701357e-06,metal,metal,intact
3.324025947191353e-07,77415.8227088732,0.05267346382169693,45238.867663112775,2.247823979483604e-17,70227.47519131067,0.3240093860550254,108574.0432494731,0.0011586581069148979,1.7499524844819492e-07,8208738.723096765,0.0930092123638876,0.033358471388883024,0.08543663259254604,0.4703368402560175,21.71753979945856,0.0004888868601957901,8.059533653581356e-10,8.866539360876066e+28,18443.96381395006,318414641609253.7,27758.75064945164,5.677396743141521e+16,36627.117951337816,1.7682361214942928e+25,36566.645860187695,1.5721040482882304e+27,1053.5359446679495,2.2221355780817035e-06,51456.26066063372,2.9853994077607384e-08,9382.14231566219,3.435118020337197e-05,74890.81942351213,0.0009438680592419195,22705.623216356547,0.002422508537931271,7.495450147939067e-13,0.2906912158442955,2.31669237659908e-06,0.14797693853177116,0.8520207447758523,,4.509968883643272e-08,5381215.753537957,0.0018326499390963417,0.0005898585988349293,metal,metal,intact
1.625266551558065e-07,60643.070510441095,0.060418430707172587,1156.9158048749664,3.991990683969906e-17,70708.84480140275,0.38305336950895236,141070.2939934249,0.004921480117768868,7.507358391708243e-06,4420872.284098949,0.008318977001910824,0.003174952146619577,0.024019566160033076,0.34854998200110965,61.717251649350146,1.341345363695016e-05,5.008993378429618e-10,8.517819077169902e+28,16064.398533005917,100892169066518.72,25636.013608772813,4.816320906243427e+16,40015.73775498458,4.287793297414827e+26,39703.3432963132,1.17654234948072e+27,1034.4330631021603,8.952946979618861e-06,48358.66867401827,1.314431866728135e-07,9227.942072454229,8.343457588174812e-05,86888.36635642787,0.0007903234725643496,6800.393316486817,0.00039787215771825275,8.404902522263239e-12,0.38554513340988844,1.0744338048288865e-07,0.15996267834597924,0.8400372142106403,,1.8759080893294927e-08,3069658.4775140425,0.00038117005207779456,1.670210564045819e-05,metal,metal,intact
6.675287514472292e-08,79025.42183875896,0.06254627423418108,15825.599944125526,6.492630119798668e-17,70314.81800883758,0.27867723991596766,165677.52371123675,0.00348727167145251,4.41619998078238e-06,1052215.5849939487,0.08990132797533411,0.07120166263789239,0.016297290876554616,0.49282618537671247,24.7329322027155,0.0003681479776050648,8.791917127428618e-10,9.837369485884763e+28,24767.0337963792,216850736308931.66,27722.834587902413,5.473833114489716e+16,42489.15104378663,7.52642235526274e+27,25498.30260898462,8.72006376496997e+26,578.4957921387755,1.466555323949109e-06,55051.80756053391,6.514624100777995e-07,8875.799483210172,6.437692220289323e-05,70614.39590201653,6.954870710446079e-05,13891.26663521672,1.0976840982026484e-11,1.8414879448609206e-20,0.3137502348631985,1.6345627465685197e-11,0.35553165737867976,0.6444683426049748,,2.1954240416379262e-14,3368.865326906735,3.3196900876349827e-12,7.657150894391501e-12,metal,mixed,mixed
6.33956656627274e-08,64758.64558895106,0.026530583491132846,47335.394796695036,6.215934302510401e-17,70476.61076713515,0.2985527350175568,162283.76185472254,0.0025871745349825438,4.252939618349373e-06,1391969.664559681,0.026945585328595742,0.026684667001787093,0.02688326389929844,0.07130598887404418,75.87066325633297,0.00013801089396822628,8.398065736200729e-10,1.0120124056025304e+29,23142.427448316572,236385094184383.2,26410.947188412498,3.117568567963307e+16,35653.52251026937,4.278801142407537e+27,38379.7145358423,4.9588547893097254e+26,870.5707034796424,4.924595798351128e-06,65137.576825264376,2.26587993880082e-09,30770.769384005187,2.7801904502939704e-05,97589.14052087379,0.0008331796600437921,7738.5874692726775,1.1151528787940846e-06,2.1356256618691955e-13,0.020532355263632986,1.1884342478090051e-08,0.015816697251515886,0.9841832908641417,,6.165991446863126e-10,1344533.311098189,1.023969351640067e-06,9.118352715401762e-08,metal,metal,intact
3.861106832229962e-07,79659.05661505884,0.0396456073476838,12775.650280919712,4.529635339414646e-18,69195.51659908693,0.12811348978433804,33206.02723589427,0.0031675103801948154,5.348907386921955e-06,9272455.816628,0.048629196742753546,0.008791822531380654,0.08063769217293001,0.25059281146824863,15.309744554521435,0.00044494427555280303,9.722197244310905e-10,8.075229726423904e+28,19038.838841565102,660672594286658.6,26453.30906027428,1.3408253240216104e+16,49628.492632930866,5.04862125367273e+27,22377.24956733967,4.420212432033558e+26,588.5912310340506,1.8555666900468527e-06,49292.5273211259,7.986080723915701e-07,35277.74576410133,0.00012801935400738224,73671.37797851759,0.0007587300086577312,25715.763388886156,6.272878032588736e-11,4.2052856531864306e-20,0.2147994873275762,2.0792666103801293e-11,0.47068896760635126,0.5293110323728559,,5.232795944114258e-14,18311.097519090483,1.9719605527867792e-11,4.300917479801957e-11,metal,mixed,mixed
3.1902206915113195e-07,65139.856355055075,0.0066662153011106525,19298.35052756442,6.135489810178469e-17,69966.05682350502,0.20810002541503214,154572.2446679378,0.004113671892360234,6.257678733284121e-06,5976911.110710821,0.045595935611218774,0.05217299250458529,0.0876422228935317,0.4332470614760915,80.25639818251719,0.00033121067443249533,6.613630460462688e-10,8.307528310837752e+28,24950.111601616845,114447755150363.61,27245.69067166462,1.2520939582464202e+16,41252.85534509717,5.821375506487589e+27,24531.059902406152,4.5912913721765914e+26,1210.351473084811,4.877581601859909e-06,67282.52652783049,7.156849636463756e-07,12918.092554666477,0.00011916425393937905,91519.08226632862,0.0005476593119328987,22245.82788266809,0.0002189045690359098,2.4117698073768926e-10,0.6372255791277639,1.252838485606165e-07,0.000673342458749001,0.9993265322574025,,5.640786303623191e-08,5965448.754973883,0.00017829350425818333,4.061106477772647e-05,metal,metal,intact
3.106783335496925e-07,77915.58848122397,0.009895067370432598,22462.138735657732,4.3241646738365766e-17,70794.51892841213,0.22659504639159384,78706.42902029025,0.0023542936698885747,9.779227845094599e-06,1637124.9661037156,0.09988141619703557,0.016554141521406517,0.07749151421236088,0.22287095785031666,80.1760990884221,0.0001651842586627795,9.228592374414009e-10,8.639151010875464e+28,22242.47341342501,364041676614500.0,26168.405084833135,4.189813086243301e+16,35475.08396646835,1.387898994307853e+27,38409.955036183965,2.6034687753705496e+26,806.8981318272449,8.143158226389215e-06,58460.717908347,5.216955237799388e-07,8172.467611563838,9.429896895660513e-05,98174.8271353918,0.0005827494601387943,32739.510910358593,4.1715519089426894e-07,8.253241020083467e-16,0.40488614837037457,3.245203241825802e-08,0.25787492566914894,0.7421250418788188,,1.1711268913444519e-09,4233.915129105664,8.263503468138532e-08,3.345201562128836e-07,metal,mixed,mixed
2.0958836919090484e-07,60898.776107084144,0.0006513339502026064,1800.6889489839846,5.770469086164612e-18,70047.05215341055,0.3312226719780989,126359.56368364285,0.0012735120909935227,2.1199351585615673e-06,6018467.867490029,0.050273672906697084,0.09680961181390955,0.024300107033996585,0.1828448787791337,7.608851452960396,0.0004947690096556705,3.0832792337922765e-10,8.36594792832922e+28,15574.482523545537,267904024789942.0,29466.9824153853,1.1771758034908382e+16,41288.5695739357,6.60630902104573e+27,26102.39827061694,6.766303955214034e+26,781.2947408686091,9.613210257704408e-07,47159.48313318308,6.616315389368634e-07,36405.71248755785,6.547919118770435e-05,75710.50424626883,0.00021355262453169572,21854.217075708428,1.1641721312158666e-07,2.4726575670626985e-16,0.31812312115458025,7.895594722559778e-10,0.30098769417326643,0.6990123050371743,,1.5111206558453476e-10,2357384.083230854,8.89584330003765e-08,2.7458780121210167e-08,metal,metal,intact
3.900236155368117e-07,68244.6518717338,0.0360275047786575,11311.559881027928,3.317182214664681e-17,70931.06924166996,0.30313927488541725,116057.80883560244,0.0037779039121656945,2.651550892150783e-06,4336885.380961671,0.05815964231854353,0.04025606007112085,0.023693648413933358,0.4290845934225879,7.200068281702794,0.00011019474153864677,7.653663395807224e-10,9.520973057383231e+28,21973.21226976425,789177851340638.5,28149.352678643074,3.70565083523186e+16,48789.52869540421,2.3124058669121275e+27,31706.930106240907,9.581250184230327e+26,941.3311725969488,8.939901634751544e-06,59917.009347853964,8.256504439048223e-07,45228.39124126009,4.137342874571593e-05,84922.47151479532,0.00031450775094009467,18790.4749531111,3.7465410609003214e-05,1.377104510745254e-13,0.35988480311109644,4.6335207102789196e-08,0.28709465007766855,0.7129053035871245,,3.751469726444772e-09,1945254.8959127418,3.140127148065241e-05,6.064139128350803e-06,metal,metal,intact
1.4684070742303933e-08,63854.79747809666,0.004244479433205791,3183.293087312191,3.148902652708644e-17,70077.36656354237,0.31339915682655195,71191.42098028332,0.0036443910085017504,7.744945703749766e-06,1039346.8322787638,0.01183671819024338,0.054310268038939076,0.09891538985059617,0.12328396826562622,72.8967293225975,0.00023855111066040536,6.44720670285496e-10,8.169233332815811e+28,16283.309207798146,43340318942621.445,27474.99763277416,3.1139547779408108e+16,47535.87650534407,8.926244486960114e+27,26012.980170972645,9.185670163251311e+26,615.4089135044283,6.821394349067483e-06,48580.090809696274,2.533156754392195e-07,42719.03076609935,2.856536867463903e-05,73702.44262672486,0.0005513894084468659,11561.65405207723,1.9084701179998278e-11,9.1835979162262e-19,0.03700642499039296,1.5391639453486313e-12,0.12489204396846221,0.8751079560299986,,2.511313719198206e-14,747767.5565339521,1.5502467456787097e-11,3.5822337232111814e-12,metal,metal,intact
3.487418417670244e-07,75451.10455582106,0.02493619047113538,17627.041825843156,2.305423297001478e-17,70424.97222601036,0.1207965533015008,50475.876790654744,0.004024645192108834,8.754806343572136e-06,9291757.485975482,0.05270473192375927,0.018251993447292315,0.03163604971785491,0.05845408546062066,30.707092512766373,0.0003507866083025314,4.370169721263145e-10,1.0810400514717927e+29,23912.401092542517,523770905788615.9,27239.631778658837,2.463817455615682e+16,38333.61414010841,5.572747362756605e+27,20788.921457858403,1.235126293608898e+27,1009.8024179573999,3.483574452689274e-06,58275.588825178536,4.734033410201831e-07,12114.514819303025,7.661360132410961e-05,75467.71914294975,0.00043016300202623173,21390.005004900904,1.0777463867927815e-05,3.755563045773639e-15,0.6149261943154344,1.719056360813508e-07,0.2107301897400371,0.7892696383543267,,1.1948727514361436e-08,637.9736058575332,1.1637520746340448e-06,9.613711793293771e-06,metal,metal,pinhole
2.1750389416981957e-07,74301.99205451523,0.002040096138973377,42780.03210896834,1.9725672372004204e-17,70979.40291374682,0.2023016460741891,130821.65243569083,0.0011533683849879552,1.5562215767958776e-06,2870181.7648317614,0.06962248480911984,0.06254427140560198,0.06239181999678956,0.4179241211170264,24.891336680110413,0.00014314360240432215,6.012122755438096e-10,9.2831593582422e+28,17001.956496364874,275982316866375.94,29428.00274526693,2.5636343239222708e+16,35716.55289670307,6.57726833242312e+27,25906.42450863118,9.155911944865292e+26,1183.6007467031673,7.2351120237604896e-06,62360.27927912773,5.948979167042192e-07,29030.197672118276,0.00013332145773766425,94963.65678587442,0.0009285979017197379,30664.323172943994,0.00011620769639821761,1.772036927900947e-11,0.4670746415310636,6.79730188029416e-08,0.003898435800388449,0.9961014962265929,,4.4786144433659774e-08,2843087.8833181434,9.352588580476031e-05,2.26818105934573e-05,metal,metal,intact
3.302883885756058e-07,70505.03399348236,0.09731379308098863,12556.340592645896,7.764262349432903e-17,69421.76773333362,0.31315128247202617,115556.74594214359,0.0019962003925830833,9.29146426186655e-06,9463977.849357685,0.033493431419926854,0.08862793380767921,0.009765735265455225,0.3694817649619374,81.96987459128123,0.00023255807706045614,5.847703658440108e-10,9.115702765749925e+28,17325.487528777252,761187081399376.6,27002.831998408925,4526864760683929.0,41537.026650024396,1.9924304095006275e+27,38169.15219048366,6.271161070049141e+26,795.6170908404436,3.3525025640232973e-06,69816.54298126283,5.894684465585089e-07,28060.97918180014,8.106003559324275e-05,84125.44756304362,0.000940346004507455,7924.975571214209,3.0721424101114535e-06,3.967483579718158e-15,0.44476729719508623,5.68240694409076e-07,0.46216010445133243,0.5378393273079733,,5.360565892169991e-10,8948.213786159495,1.1054474036350413e-06,1.966695006476412e-06,metal,mixed,mixed
9.182156243443962e-09,64713.11040150223,0.09093237939793088,18523.90081342868,4.068271726928536e-17,70890.517938601,0.22121224491312158,165448.05361931166,0.004194913711685301,1.5702382650099402e-06,7913230.294026903,0.05401003865415355,0.07557280194403192,0.04190342159226003,0.06393741728370157,57.65383094430588,1.5434315956222226e-05,3.295914007914887e-10,8.53709972676788e+28,20737.58379540992,220796033353012.1,27170.71937212504,1.3181810882878802e+16,38878.40319606477,6.682467605935979e+27,37715.132770389,1.2687745063100787e+27,736.8636543747539,7.617175857114742e-06,58220.346322522746,4.445263499132032e-07,35751.62039422857,7.96723963200797e-06,83738.40939610526,3.5345827271189555e-05,31056.987378056125,4.528267064572839e-08,3.483155946328643e-16,0.27603151187124914,1.2676536861953244e-10,0.05878968482006423,0.9412103150531703,,2.626519541598751e-12,6824882.674850878,3.704645227152301e-08,8.236218374205384e-09,metal,metal,intact
1.3417121853554154e-07,70085.58172756925,0.09768796119344683,44285.46471670873,7.486992864932172e-17,70603.00439760082,0.2128042165562697,137323.48984619658,0.004356660055793986,1.7664615737036332e-06,332890.8358164786,0.08404544852976023,0.08518031501688776,0.09395423847240762,0.2655229707965795,99.66948799126803,0.00029642581828123954,3.108431382796811e-10,1.096967500183892e+29,15875.985284890432,624487322790818.0,27769.840537016225,5297172597881883.0,42348.38646461199,4.126734052343374e+27,24727.31366406774,8.464361917321845e+26,1008.2043362982637,6.703264898920238e-06,41490.66704357359,6.728016817329035e-07,16321.82781427979,7.822237320761356e-05,76148.71657447628,0.00014633218655463087,28616.018386711126,2.216886366177031e-05,3.6197094021612305e-12,0.24657173983591174,1.8690919199197593e-07,0.013842981598375798,0.9861568314924323,,4.3953080949712535e-09,320801.1754269427,1.6261992567300638e-05,5.906871094469673e-06,metal,metal,intact
3.747636485696193e-07,64107.57868822951,0.015938709523314023,25083.93072131301,3.182810918874458e-17,69391.04435371199,0.08171957047323959,77874.10002870181,0.004472104853663707,9.544622248156166e-06,3780088.838016323,0.023102603525306003,0.04033738850083956,0.07891700275438525,0.3259595386481765,22.810260600083993,0.0004123713480828056,5.433777037107789e-10,1.1110090507687213e+29,18889.98386328839,677805931442806.2,25899.27655833937,1.2447994072479608e+16,37250.09135419513,3.953893053008203e+27,33798.61115989292,1.1140052083702007e+27,669.7564808705874,3.455837363748879e-07,40640.846082359174,1.7048973539333642e-08,10639.270429784381,5.5483519663995446e-05,74532.89876472906,0.00043842895712941114,18588.46962455866,2.4159439646352283e-09,2.2896745212241497e-18,0.12652286882331423,2.8120808298993183e-09,0.4288273831060576,0.5711726140818616,,6.042013628504213e-11,271.5855102278848,3.966282191777359e-10,2.0193157454574925e-09,metal,mixed,mixed
2.0622029456911876e-08,65604.50935275285,0.0014390630356350027,49577.52334826307,6.806788673746804e-17,69494.60557934296,0.2270635497677181,125202.08346950401,0.0012996758212440902,3.086792133998393e-06,6812511.222636093,0.06918336210099868,0.05037416648208108,0.0012808633706811578,0.2370443918598593,5.382206459351334,0.00040636304485458394,8.542560746920802e-10,8.798759760118448e+28,21216.38670134117,235182922624338.38,28096.679880905423,5.673501481783027e+16,45256.34518577964,5.497881414024439e+27,28894.284654487,1.9014702775902244e+27,1017.126793020179,9.435005566338076e-06,52561.467660320995,8.813988680612513e-07,28694.623714192163,0.0001086446579589336,87431.62094774451,0.0009146403164523427,12346.268153555931,4.0545242251834813e-07,1.8345124566443297e-13,0.5653491935235374,1.7860241611739632e-10,0.00021325503830776116,0.9997867447830898,,3.764778212041362e-10,6809249.415686845,3.564489574517951e-07,4.900346506655302e-08,metal,metal,intact
2.798216936837856e-07,76299.3552411733,0.06876183073038157,44751.707231476044,1.5224113769296946e-17,70679.46670212377,0.2993309773637273,82054.75440066238,0.002280987190300685,5.375257169544e-06,879960.1575511163,0.03648992423508241,0.06857293307617342,0.05335776982375082,0.456188468525045,15.03412755978567,0.00039822180436953857,3.872451434856325e-10,1.0954297397996127e+29,16211.696969322418,457109668619781.7,25593.784681679714,4.810253702101097e+16,45163.0052600765,9.598426880211339e+27,38451.95327774,1.4784225651230262e+27,751.2739691033173,1.5433961830336998e-06,64208.69734187305,4.350859378512363e-07,15321.716226057562,0.00011856027478782107,77046.77868129428,0.0006909878247864679,13365.506244011069,1.2243692240229161e-08,7.823825929336543e-17,0.24253858127557013,4.336344533712901e-09,0.5530595665461605,0.44694042911749493,,1.9597519023319525e-11,69529.23205379126,8.268322542807148e-09,3.9753696974220135e-09,oxide,mixed,mixed
5.36080708438276e-08,72148.52710066162,0.05312004108557805,30085.908974119153,5.018859912853178e-17,70982.41463533847,0.1583633186874392,79901.36999747108,0.0013319638093886477,4.721312673721095e-06,9079346.606277656,0.03117143179616068,0.0472560760058935,0.04758378381819136,0.07500282021574053,13.40473164724318,0.000426336318944583,3.416040444737577e-10,1.1645596254623228e+29,16208.115967445967,97007059301797.44,25171.32403588661,4.1495120229416136e+16,47382.0135268318,4.5554494143387445e+27,37065.80339132362,1.805667551372525e+27,880.0807718943736,6.566193336909246e-07,45754.513085509985,9.307503573913917e-07,11087.623589243653,9.821253930888684e-05,85470.38880539921,0.00027739586073963684,28048.24869518465,2.046178615243179e-06,4.517283943223948e-15,0.6726684817968349,1.9179087381134532e-08,0.47203023814327516,0.5279697426776374,,1.1706187112504405e-10,1410605.7870028298,1.5299843766826258e-06,5.161942385605532e-07,metal,oxide,intact
3.916786222800573e-07,71992.27802420425,0.01718329420140672,10665.910975354196,3.200055574928281e-17,70098.02309279899,0.35876670686845047,106973.66269848973,0.003318324606697238,8.285017436452794e-06,8310430.59601452,0.0035477194287981033,0.027670407986191137,0.0856948692203345,0.25503268595977624,7.427005312639506,0.0003489302024122805,9.908568328437694e-10,9.126227850496137e+28,15485.316129186955,204308667948637.62,26423.927777482386,5494204481437661.0,48522.63924557058,6.327150069823815e+27,30186.478149686784,1.667405563840564e+26,859.4920126829763,7.408438966810052e-07,46199.61663573564,7.692605235479662e-07,40529.585521622066,2.0588363718755414e-05,70416.59208660171,0.00022899467542964865,14635.198295040509,1.7962024104674338e-06,1.0982831516426806e-14,0.39975027384365486,6.17668575955605e-09,0.3810259168315413,0.618974076991773,,3.1249349035801593e-10,2620462.0413859906,1.4843942907948334e-06,3.118081196726003e-07,metal,metal,intact
3.6061616585299947e-07,65828.67562954056,0.08999291236582815,8110.043634865968,2.005005691142747e-17,69776.86241050356,0.08450305892706335,82602.08454353445,0.0023846102355446247,2.8523039191204364e-06,604177.4328637223,0.07227854314341074,0.0752009936573566,0.013831011199825315,0.21818378395635357,73.91262666615319,0.00026023133291593276,7.512709167696537e-10,1.1839759780032842e+29,24515.102199931687,368566437593619.9,27255.436621994413,1.9885563978768016e+16,35013.39681681983,8.059110156599095e+27,36301.43389208224,1.3868534270549456e+27,1157.3822079610222,8.481325803372473e-06,68391.44041514143,8.019653697900042e-07,16372.248936428563,2.0019023122353827e-05,80513.17922310336,0.00022354418676031078,21697.894217056288,0.00018468136547209184,1.5096137765074014e-13,0.3528753910829468,5.993392283728954e-06,0.26981552704978,0.7301784795579362,,6.095139642224405e-08,333.8359380509036,3.369018901211226e-05,0.00015099117645997958,metal,mixed,mixed
2.401374823187571e-07,74924.70139055813,0.0690842324264353,20683.68187158705,4.334353164270242e-17,70976.55108908335,0.27186200555122236,87548.36143030705,0.0017538579175424439,8.704961473292015e-06,8845230.385863688,0.03459185182863711,0.0778835924499543,0.018927117335033706,0.4790172972930459,72.8059431639467,0.00045113746461445737,9.105974277030427e-10,1.1923748363685923e+29,23407.973903684127,603232964282070.8,27448.549136552123,2.9326014590212284e+16,37312.34247835307,2.8864742669226673e+27,23413.00325783756,1.3272764033676356e+27,1121.3597408499618,6.548555064000911e-06,69093.66732558396,4.1304027853082126e-07,5863.333070522911,3.79728687200861e-05,90346.90871628438,0.0007746046590306651,7242.419898075254,0.0005627741149844519,9.79089323823969e-13,0.6342380877809879,2.656589136232034e-06,0.5487749743046432,0.45122236910622066,,5.0022862248538756e-08,36500.97430608064,0.0002719248668184913,0.00029084924816596063,oxide,mixed,mixed
1.907838391114114e-07,76575.26197446138,0.05728622717895299,31568.771452265228,5.455163491666953e-17,70268.05832748434,0.33812866210202214,120236.39983599781,0.004659192132208369,9.861461297638467e-06,3327537.8496433888,0.08525976382534259,0.05664278425276715,0.02446758011218541,0.12188070227934883,38.120004840903285,0.00018255146295771346,6.080629470030801e-10,1.0759009767019363e+29,17299.39652920798,253201748905125.62,26956.30281227995,5968830447944756.0,37824.9055653838,4.81620160906437e+27,35178.94907998006,1.960235735359053e+27,1147.4210751432697,7.662130264188957e-06,46500.582732135066,8.057973329151263e-07,44718.07602019838,2.992464391265961e-05,72220.96448185302,0.0009258634758379831,25679.479109636166,0.0004734510077791862,2.354157650214963e-11,0.4517103977971539,4.6087538914410633e-07,0.08682415087647562,0.9131753882481352,,2.8420201393604528e-08,2665387.3574466784,0.00038761964911993274,8.583135865925347e-05,metal,metal,intact
5.0364865458916324e-08,69868.05355295687,0.05534948228388892,41001.24325069919,5.826171778160485e-17,69931.16512703798,0.09176177265359149,95833.31388727872,0.003500519377946334,1.5990407312798842e-06,8105664.31981063,0.060553245067800396,0.06844091064161022,0.03022995548451608,0.010217272957425392,48.72003498112541,0.00047679033138174805,6.424348906911717e-10,1.0247014701021016e+29,21354.28688601226,357845681286690.7,26536.63580533864,5.49250561927561e+16,41046.44314075798,2.0073921993283325e+27,30913.428485163848,1.2704723383482506e+27,980.2389841653339,5.930304357645068e-06,40408.78037442823,8.760674827686133e-07,40410.42926134162,6.518318595306262e-06,83388.69139562844,0.0002636312185017385,8360.086727579996,2.6464142681210233e-05,5.756084576471266e-14,0.4995628578712168,3.762072892675424e-08,0.19675666843914977,0.8032432939401213,,2.0116924223474514e-09,4616485.211902008,2.1167824199664287e-05,5.296318481545947e-06,metal,metal,intact
1.2716517299779626e-07,62688.04338198293,0.03206347678811971,22452.13381630978,3.9443502732665086e-17,70020.75445146962,0.10782700136714088,168211.50011475722,0.0038504759860078005,3.1116941842331563e-06,9435727.955918085,0.005833264259707138,0.0036148970732724026,0.06434249747404788,0.3886278010488556,96.85650094101393,0.00041970013220901263,5.21145912177939e-10,1.1490376236786846e+29,24847.216806665307,689994666423368.2,27600.142960962326,5.827962906041018e+16,43570.63947213034,1.8970100868354838e+27,24631.330473400714,1.627990089889014e+27,1170.5214673502107,4.054268632768331e-06,47313.94241312858,6.201516826215751e-07,34840.45295626668,4.069161337704982e-05,74301.54737341603,0.0005214907184430084,36920.98957260703,0.0008470573832275174,2.387303755025003e-10,0.594848264913823,1.7862474071798373e-07,0.0025882152299459516,0.9974116061453134,,3.666635913281414e-08,9378266.620235713,0.0007844051487363095,6.265223449120798e-05,metal,metal,intact
1.1796517656184912e-07,61411.26632483396,0.08972058499871902,7586.2853814365135,4.47224403384638e-17,69174.1136353568,0.09884802920900598,117423.5561502718,0.0027201395375268177,2.2290550175899637e-06,8563467.41314552,0.04384511539595713,0.021461846481871986,0.07762764655719476,0.024987121073307066,1.0997288647053496,0.00016063473621809646,6.32052998835209e-10,1.1643529283263064e+29,16437.462818127355,240313966074475.44,25290.814282756215,1.3086697498192838e+16,44485.59734168918,6.59356009447564e+27,36802.29936322935,4.266519970824248e+26,1064.3570761507117,3.4218813673457437e-06,57605.30972443771,9.28644582025354e-07,9801.745219905555,8.832572911271068e-05,84751.63618747218,0.0005831310986679856,17888.402102381304,0.00032002096547325144,9.329144811074104e-13,0.6996331984785636,3.879134136148218e-07,0.23185901082171115,0.7681406012648752,,4.858665017206672e-09,4751129.469798686,0.00026787633667523945,5.2144628798011985e-05,metal,metal,intact
2.5759849597817977e-07,67749.54712989686,0.00230078049353296,8357.180409655455,4.1233496371023095e-17,69578.53397491596,0.3419034916366448,46467.7675703657,0.004418332916960498,6.46066747820772e-06,6806139.801740528,0.02288890861253563,0.044633684042415106,0.08894810148757704,0.27760287384044635,65.22359322601152,9.111756560057696e-05,9.59347820997996e-10,8.880859277458902e+28,21682.022554350006,460091420927717.8,27218.080054459944,4.9166244349887656e+16,41866.747174936616,6.168493584918168e+27,20266.32428303648,1.9926720129942027e+27,814.924010350726,3.960498752475207e-06,53850.95913816184,5.15762392751361e-07,36479.32034346631,2.4470744285589172e-05,79061.98645958831,0.000558960911501975,12409.568701093074,1.2805881229079777e-07,5.214932904421381e-16,0.3290449256941334,6.338147226719379e-10,0.40524372407548803,0.5947562752906972,,2.6233544065568374e-10,1514456.3586052347,9.39632966896496e-08,3.409551560114817e-08,metal,oxide,intact
2.0779700184515176e-07,62772.42466356427,0.09104699200921562,49445.41773524882,1.5653542724179607e-17,69649.3390422969,0.09636937060013231,74614.63435944225,0.0030917409354929946,9.756292965845635e-06,2885217.4189453395,0.07594177497520631,0.09897933318694999,0.038832860126118564,0.014182673337614343,95.07093006359526,0.0004002687969030119,5.024314686583036e-10,1.1318425651240386e+29,17781.619306938202,616611679084346.4,28617.39505029686,4.16109105880624e+16,42895.13846363807,5.827209469704732e+26,33562.773579571774,1.2052520018528558e+27,1154.847996208438,2.4056246783296837e-06,68021.63530774131,1.9597967049185894e-07,43456.20955526318,0.00012284502158901376,70354.02891560925,0.00025787261032171637,20947.904774986026,0.00033758284488039905,7.08827937865955e-14,0.28133523495592516,1.240864532837244e-06,0.25177843046450676,0.7482203286709603,,8.020660807516392e-08,48.06791504315905,9.663340968379782e-06,0.0003279195039120193,metal,mixed,mixed
3.358640152156926e-07,67602.97840834693,0.05123915179362357,49239.35721102689,7.159802703903949e-17,70116.03229600843,0.20937408480143566,115520.37265420014,0.004078636577374662,9.277556012507872e-06,2596566.806557605,0.09707881516900853,0.033543178667351,0.04227257187655407,0.38500351992065085,75.4276460146655,0.0002525597985528799,3.131023474033491e-10,8.231438123167236e+28,19511.41030731734,597908433349695.5,26912.61421593583,2843795413537611.0,36717.189100734446,1.0366316850912228e+27,22038.16691351083,4.857213647360685e+26,861.7323251522066,4.288172711335254e-06,62766.73506324593,2.830594491426899e-07,21432.355070779457,5.420087730823811e-05,97433.84641200711,0.00035732241601520024,22716.420253544333,5.0532219686619506e-06,2.144425369411019e-14,0.298269973081371,1.013008956882143e-07,0.4434643095938708,0.5565355891052335,,6.374240382210505e-09,84384.40911275716,2.5264766185263454e-06,2.526745350135605e-06,metal,mixed,mixed
3.573718456255522e-07,77626.51279712011,0.02385014960617856,21413.64595843777,6.048085367861334e-17,70359.91298331029,0.16043674761293142,75538.24309795452,0.0015434012022568354,4.554957531718084e-06,9911686.30447825,0.038366757340282394,0.030892820574938085,0.050477197123342026,0.430857212790379,91.07417908556802,6.484558644256619e-05,9.92265465817033e-10,1.097466456823276e+29,23447.13964610208,378267945811920.5,27644.1576214153,1.1409972789216538e+16,47686.29900784322,4.6950472866438733e+27,34432.16114498405,4.480270702370197e+26,981.3100275511463,3.142586336901284e-06,51930.686487741295,9.116675921040405e-07,46025.61228334081,3.2117240481339694e-05,79434.34385971303,0.00025960585375187594,29700.554677386357,2.67500193043144e-05,3.503315745246655e-14,0.49634590452542743,4.864248770323505e-08,0.5472938090933145,0.4527061422641977,,3.3978276311443233e-09,386946.5032728178,1.711544237106836e-05,9.63457693324604e-06,oxide,mixed,mixed
1.4739860671910147e-07,65546.73401295478,0.07814660931768815,28995.190759752222,7.674038177383359e-17,70741.74616115153,0.21341728784198516,114861.75959565547,0.0025740577510470213,4.1060422953613863e-07,3313922.539958326,0.02939134805692062,0.032150994080153594,0.06955063666527128,0.04476946536378872,24.149595589784557,0.00042206054495148426,8.417594454647587e-10,1.1875242375202408e+29,16643.023431121423,775996684354037.2,25562.242989040085,4.298036862656283e+16,40991.11037043529,5.873045338213483e+27,24507.123455428708,1.176077956713895e+27,740.1409797655705,3.827238658080044e-06,54697.01050068788,5.597272653557275e-07,29175.428907662812,9.891245851310157e-05,91817.06960876503,0.0006873775223413213,13499.980765005408,3.708524178696015e-07,3.3179169715154456e-16,0.2727663437822179,5.050506300267986e-09,0.20409320224378438,0.7959067927057095,,5.471200414512723e-11,1902713.9422445085,3.098085726723423e-07,6.10438451972592e-08,metal,metal,intact
2.590375001082474e-07,67796.65363732187,0.059325702009847936,41586.0596793359,7.131408089975542e-17,70842.82397586445,0.18286127059594653,109910.19267235423,0.002652433486609498,1.2628361432785427e-06,1269800.1264495368,0.05245911283901876,0.03483879446692871,0.031408265228255135,0.33225383180288465,68.45781456883374,0.0004877884650402078,4.881184978405014e-10,9.26080163023279e+28,21610.29782484109,46816987690663.59,28502.177034275293,1.580821997589991e+16,48036.99122584055,1.3022087568046824e+27,29618.2265972386,1.922648657168633e+27,1082.8861060860854,7.875210815388924e-06,69775.12338965043,3.7073848750345543e-07,49669.38594208461,2.5032071846796735e-05,73064.5930112741,0.0009793268331906252,28093.101700459465,0.00031950345855819506,2.65655139760299e-12,0.21500514634127027,9.888059250652082e-07,0.11667703710724257,0.8833219740868321,,2.4421979184183918e-08,955369.6374493525,0.00027718032615621724,4.232313240197782e-05,metal,metal,intact
3.1758626475158697e-07,78461.14968648316,0.001827094001724242,38221.35840092253,3.752357550264705e-17,70281.81315630356,0.1998882737113294,57850.33967741526,0.00335322730327073,6.503310626889212e-07,1861667.9721383194,0.09636072862911421,0.007174783042460906,0.07115026954771264,0.20687902826792523,69.5647512744291,0.0002735284284329572,9.616462093644649e-10,9.910577038392754e+28,18901.058533463893,669772632830571.4,25071.824596805393,2.6601197182485836e+16,40612.23234053334,5.905343983231365e+27,32039.414405431704,1.2163480110712367e+27,1001.3697029138382,2.665207002744947e-06,45316.23046755312,8.215011730890339e-07,30341.46532313526,1.9817233098740055e-05,91496.24103890148,0.0001899834608528385,15100.465485418454,1.874863022890687e-06,1.3650110384039931e-14,0.38095076235932096,6.299191083713731e-09,0.052802300160307424,0.9471976935405014,,6.121834588743494e-09,1629184.4718622845,1.529208663044093e-06,3.4565435984659404e-07,metal,metal,intact
3.242600342615046e-07,79556.43944415812,0.05407961447830323,4601.331679960212,3.7722095529630524e-17,70531.99463310048,0.35705641120541287,135484.9633837031,0.0022569357857955726,7.906052990113325e-06,1853675.0834506142,0.05703391663101052,0.05523661220500895,0.013149688871073897,0.2559452061030851,48.84127617990158,0.00047492714071895335,9.404067293125072e-10,8.489485121950034e+28,23486.415452123932,640975966874077.5,26761.456734774634,3.147760969133087e+16,45294.11998789414,1.7568001550340757e+27,39467.010417055484,7.37366077479903e+26,758.2473272136414,7.225759103964706e-07,46470.74252779089,7.114163721410264e-07,45950.77336664265,0.00011092499238618103,96938.56458213864,0.0002863879244348134,6822.512899982602,2.7900277094397697e-07,8.452484683091692e-16,0.14142366845741894,4.516137900177975e-08,0.4819235743223724,0.5180763805162487,,8.161174769847434e-11,8397.72680329254,1.1876473370088402e-07,1.6023803724309293e-07,metal,mixed,mixed
4.141890300230024e-07,61811.2593182267,0.08178180611603182,31459.07968117529,3.0794283319030696e-17,70761.07247057895,0.257544581129624,72635.76609302824,0.004194282887507776,8.35355041729869e-06,7766969.676809839,0.0742013869466388,0.07985705635063685,0.06694324605146221,0.05125031190102404,54.90381131245255,0.0004412762009516921,3.983847436674853e-10,1.0026561158481492e+29,18208.07378023779,759316312112919.8,25771.235596441846,1.5633911506345256e+16,37283.75763554133,7.897612798133256e+27,29664.889716867452,1.648058276441505e+27,845.7833468100393,3.249430534440668e-06,58160.180636413774,7.597355829102503e-07,38993.91327662397,3.934545299418923e-05,80047.26118508563,0.0003192302020652794,6441.950428223596,3.2591868335373705e-06,1.4895187951296394e-15,0.39168882361652135,1.1902530968724561e-07,0.3304753841545384,0.6695244968201517,,1.5353413482334448e-09,4153.924731862576,3.7817738985753697e-07,2.8810094436798334e-06,metal,mixed,mixed
3.2763753750078764e-07,68265.96605845839,0.08491333386177213,43526.16891768999,2.3579587924253807e-17,70133.46332633289,0.21738665815899721,146827.37712402083,0.003263180667480559,4.2696507946473254e-06,9747182.059914356,0.01834757067918805,0.01325251632498211,0.06300593060427495,0.49714164439087155,90.55710850705218,0.00015149407900222944,8.822594916964193e-10,9.10916695183925e+28,17048.233725913706,344905978909131.3,28179.755154338152,2.5428707478899572e+16,37453.82770664937,2.92760641331435e+27,25271.807677007382,2.2661589964749605e+26,1133.6495861363453,2.372681815349537e-06,52478.84452733261,4.598425758708786e-07,15454.068590938765,0.00010935980006228606,99199.5302435873,0.0004567667060082889,24064.864168212287,0.003562729326984581,3.539350435512254e-11,0.6224596014440169,1.8482316932092635e-06,0.1218042326980843,0.8781939190702225,,7.030231720968262e-08,7250028.519222878,0.0031826247037677604,0.00038010462321682063,metal,metal,intact
2.0191679775646779e-07,75298.41398057924,0.07102047083666539,8339.418984474396,4.702190572848076e-17,70059.14333023077,0.3316317385779933,147211.4050411551,0.0013637179008678712,1.6173528343364717e-06,1591559.0128926237,0.042011653969896486,0.07413259137293023,0.030462460209196254,0.38170931994389656,26.02917705629794,0.00043068235279475955,9.328356867354398e-10,1.0662477666079606e+29,22419.425856785932,547360708861608.9,27365.083947726467,5.508180848828447e+16,48754.87832113856,6.009615643820523e+27,20135.936341766504,1.1471054832079753e+27,1213.3898967093585,3.71818137132961e-06,62150.14927586305,6.559286322954989e-07,25877.107227226323,2.0734648072752596e-05,78511.53104712669,0.0003125612861124254,28454.536868006653,0.0015157588103117672,3.8659508732607057e-10,0.42457576860283935,3.011393018361183e-06,0.0034003407290175906,0.996596647877964,,2.334454865039036e-08,1573538.326692147,0.0012930381031804612,0.00022272070713130602,metal,metal,intact
2.857741670014198e-07,65630.85272710366,0.021698535437174368,14919.626965663345,4.186772762324394e-17,69219.81987434583,0.26514821674608274,32520.933077323127,0.004635228668973507,7.796929631269792e-06,9212705.838356704,0.07548964254026203,0.0176577199076734,0.0021717987271699635,0.26699787843317424,49.431226577164786,0.00022876268584401274,6.899297946621773e-10,8.197042815125344e+28,19800.258319267912,397082170328876.0,25299.64621122003,3.2147974012262864e+16,49045.22077233694,3.3034547870703185e+27,28576.065070553323,1.1098916572374538e+27,673.1339462075904,5.319611862243959e-06,55219.943799961424,6.337288919645195e-07,26942.74768199166,0.00012253749183880485,90125.31710706645,0.0005803930759333625,21752.939654731414,5.360770392138161e-09,1.1138017991458512e-17,0.37131988834370594,5.53528888720969e-10,0.5455161562075451,0.454483843238926,,5.618378901953586e-12,214641.27287778066,3.324863136334839e-09,2.0359072558033215e-09,oxide,mixed,mixed
2.553981730131659e-07,71563.4694143467,0.08677518652137922,21939.171457879234,4.908276124097162e-17,69016.19822628316,0.152812640109863,138828.4179452259,0.0034225428796273764,4.13495412172469e-06,6941663.997009608,0.014836230259931017,0.04653959967507291,0.003704182533903281,0.4473945063907451,55.23379233189215,2.4807239738309372e-05,6.491799598893206e-10,1.0874212682647637e+29,16472.509129289527,425293706705998.2,26811.916482434644,1.8957061370264056e+16,39916.05467612963,2.9875119092374846e+27,20041.75299838632,1.5219687491799429e+27,741.4821698680394,6.798050207234336e-06,55906.154265016434,5.034811136075248e-07,26857.619860901817,4.061754760200999e-05,98069.99381734923,0.0005981052910347956,19329.79812183117,1.834263073557063e-07,2.3174741950791516e-16,0.3641300205350642,4.7633400982328496e-08,0.7355106023548846,0.26448935001171436,,1.383601373112104e-10,25761.09818645992,1.296544605227013e-07,5.377184683300498e-08,oxide,oxide,intact
2.6377414206528986e-07,60359.691561628635,0.020080563384533772,47192.26734014108,2.3366962583917675e-18,69837.12859824418,0.1159612296182314,114724.42218994576,0.0022471749377510775,9.66713884394877e-06,6636203.936191182,0.04607752008624821,0.07547568341548729,0.057264950369280476,0.04998120426972678,4.496787477014774,0.0003360515499145464,9.851455676485707e-10,8.354908043623846e+28,24864.8964065068,550170676671421.44,27911.878833773964,2924134510090946.0,38488.6467202958,6.348707918480452e+27,37115.74916467276,7.485015248010938e+26,720.7966432102663,1.7351955783737732e-06,68210.94950208874,6.940737215271201e-07,17466.64949278257,6.103643678699813e-07,86393.33117005548,8.546559145061907e-05,35052.881368310365,4.890463612128401e-09,2.4144291468829737e-18,0.4883955237164751,2.86698273514206e-08,0.2813194015235051,0.7186805698066676,,8.087704629321735e-11,501.463345851921,5.2376964798571e-10,4.366693964142691e-09,metal,mixed,mixed
3.593953518208177e-07,64457.27927392969,0.008470707426573241,47667.69683425526,5.794153233456579e-17,70887.55245561105,0.17725814564354128,148509.62578285532,0.0030621324327814304,5.07765733420111e-06,2641758.925666795,0.06988411671602206,0.02960603345192383,0.026235637805037113,0.45823447239194065,44.72139709281492,5.964153236590472e-05,8.996844250976445e-10,1.1760911924536771e+29,22511.110229299047,247198856899740.62,29420.834423964225,1.5059011710469058e+16,36757.57804046347,2.792927630282195e+27,21117.701859764536,1.9412124932346382e+27,698.7250454130917,9.182496806820326e-07,45627.732484656844,3.2430680229491365e-07,22535.89169842724,6.785028218183033e-05,99947.05928240335,0.00042870032860280253,17853.009517640305,1.1160168546811469e-08,4.3470485485146067e-17,0.23470610303501996,1.3458841105959032e-09,0.5039275262529139,0.4960724724012019,,2.0753504644205332e-10,295868.96889559773,8.10086199140389e-09,3.0593065554075795e-09,oxide,oxide,intact
4.387241175959463e-08,63085.80095689547,0.08250641542904649,10364.327134944631,4.052494354865443e-17,69891.98888197055,0.12525334432754176,164052.5083938074,0.0034824285945436154,8.500269106126226e-06,1895018.0481508414,0.03201176820575454,0.09947538236235394,0.07552160107576143,0.09078571282770484,89.46199343977258,0.0002995932234972728,8.586287761722125e-10,1.1502103682046867e+29,16927.23071087481,369811157293419.6,27691.555120712244,4.431277070140112e+16,37178.91947301536,5.00897418435491e+27,20181.900983951287,1.0080311682888891e+27,1142.122222099591,8.97486535145455e-07,63189.622868084225,2.862359031531144e-07,30998.638676943872,0.0001271939937697041,87528.32332144101,0.0007411967828777984,16952.447904779117,0.00026070057516876184,1.1965314207324996e-10,0.31203139743626895,1.6462568363680565e-06,0.008834565703858896,0.9911637880393047,,8.678238916290072e-09,1849159.270059179,0.00020627422440866274,5.4426350760099104e-05,metal,metal,intact
3.9351873043776107e-07,78748.06552341112,0.024639441225689444,9185.874689484295,4.461847965604879e-17,70437.61248719168,0.20707031271970128,162771.72845545656,0.00401941894814428,3.54154566599545e-06,1575283.6732038462,0.04853469540902838,0.05265861994196329,0.06199135465374387,0.387237892956991,94.07150876813084,0.0003686920068573078,6.040873837070852e-10,1.1661625991237803e+29,21079.349103197725,212599388596649.97,28597.907198329216,1.0595418902811938e+16,45892.36873407835,3.7968710880362783e+27,37024.843244296826,5.774356340530687e+26,1140.0043343219968,1.6482099121875546e-06,66015.15944188612,8.463766205301247e-07,31608.116689631228,8.122654718876797e-05,81122.09377924063,0.0007019777063169209,35973.01179576676,0.00029900317347058555,1.922672580562363e-10,0.41247884696273995,2.05599507468537e-06,0.0030129201792490484,0.9969850238256763,,4.168349980383018e-08,1560088.2472947189,0.0002500760385848369,4.892713488574866e-05,metal,metal,intact
3.131820775455211e-07,63509.99150756717,0.08513960809104831,7494.699691039369,4.4429929020266386e-17,69265.9788798134,0.39888441004657327,105027.89620438415,0.004105457154315657,3.873487347164346e-06,4638862.10405516,0.023486053759935684,0.01316920163323181,0.0761933341653647,0.4193899673784287,70.10129316740617,1.2743697567845214e-05,8.604759173093276e-10,8.04153327929111e+28,15589.928079572705,349324071234503.3,27526.532560009015,2733821074953180.5,46029.234966826414,8.700786982544329e+27,22092.612930519008,1.0769161909312484e+27,579.4199039128649,6.0389932175062246e-06,49310.609692353064,9.87810159627151e-07,18790.192228292566,1.0324460061330846e-06,75597.33836714229,0.0007111584085424438,32424.704779958258,3.1154111706137156e-10,1.1577550629522217e-19,0.37920603474297104,1.54279616269363e-08,0.42415442105577217,0.5758455635162663,,2.006915956431866e-13,1191.0824025289603,5.6196503804552894e-11,2.5534461325681866e-10,metal,mixed,mixed
3.2303476292884835e-07,70459.87529753378,0.005826657736145657,39360.01684601628,3.885441263921159e-17,70071.84271248037,0.27366797757058225,49021.58306164315,0.0009623203573161219,7.0586473124012685e-06,759719.9434271101,0.07708819718019073,0.09586476747237538,0.0703931659126213,0.24872478024393319,25.122886543948688,0.000310575268004817,8.946561081538754e-10,1.0034435689088987e+29,22029.529477004377,573140172708714.1,27393.971737799435,1.976511223630242e+16,43071.96538779118,4.5048844567376854e+27,23757.703408665453,1.0462618071129485e+25,662.1781633037862,4.1174782757634e-06,54894.38032181409,7.801901961059069e-07,14610.994022595878,4.5810348348683514e-05,86427.17101958055,6.652030360386872e-06,11809.368068010364,7.815766842214902e-10,7.47754741621895e-18,0.25978440650652174,1.7734107052233634e-10,0.4106854108561111,0.5893145889665478,,8.067964329416614e-12,101897.65826230704,4.4466142362970204e-10,3.3691526059178816e-10,metal,mixed,mixed
3.80097785959175e-07,79988.98353552574,0.0003056244438947377,49862.57615284016,7.129155621935098e-17,70051.64486790885,0.26040914357649714,59219.588246696585,0.0005186311209004938,4.986519671438183e-06,6403790.8838312505,0.05295839156291619,0.018846182486140887,0.013788689175277744,0.06172554145226469,43.37347312495254,0.00046372965080629483,3.918656731310409e-10,8.57668092120237e+28,20188.70500271872,11602100640305.195,25119.807748147705,74380981105670.69,39544.431787245376,5.711760175219175e+27,34944.001795129065,1.0841997554086938e+27,844.0098784951622,2.364316214100213e-06,47502.37396089102,3.174883046217885e-08,30408.296019334746,1.2120072192065386e-05,96962.95420571478,0.0008750681222106755,7036.752960777272,7.92030217771751e-08,1.7969815808127397e-15,0.13746956250454861,7.783007308607203e-10,0.07038825368521802,0.9296117455364813,,5.169384781083552e-10,5451163.420531447,7.19172579867328e-08,7.285763790442309e-09,metal,metal,intact
1.5976024953132294e-07,61830.66717175029,0.09331093419266374,20532.315618923647,5.474827568555919e-17,70121.52726782362,0.1319914755242232,94774.14005954508,0.0015598511539208926,4.966037596869425e-06,1304716.2381397618,0.055167970467102964,0.020478794930396883,0.04394748923165526,0.10267051806609624,81.60721021118246,0.0002592854820461401,9.95200189355476e-10,1.126754511791689e+29,18731.26543753533,415982643295826.75,28333.91496005891,4.285731268408846e+16,40814.43651501914,9.685270093939575e+27,27767.256764820035,6.522733401316104e+26,719.7698963002297,2.2916207401830655e-06,59111.55362853765,1.978759963835344e-08,31756.152933742687,8.66356219637853e-05,75689.08515799257,0.000535158633882036,12152.268222571407,5.125620661332652e-08,4.9038190184281436e-17,0.035400203792342114,2.7978082334612465e-08,0.30430114296143507,0.6956988290604824,,2.8329662994616744e-11,711.5437355240955,9.699197336776532e-09,4.155700927654998e-08,metal,mixed,mixed
1.6737760803673805e-07,62229.06383870098,0.004676413079570843,8523.322170562025,6.476785288296863e-17,69501.41090644187,0.12858198458486497,62411.672480994835,0.0044422705321864025,1.6637452780504798e-06,2702984.399757661,0.04660813316865466,0.0347642163126018,0.02807059191959916,0.06601581240726209,88.17014606563257,0.00016536633281790338,9.59504372078416e-10,9.42508446439996e+28,21427.518506052267,727954550682412.1,29892.876851384688,2.676944115225459e+16,49114.555128780776,4.9217319753910374e+27,30280.625029822215,2.6857653568895833e+26,952.8022511240927,1.51643715094124e-06,43381.10974302567,1.7885433924310127e-07,24842.775550013677,8.248087250146066e-05,86509.10709904123,0.0004420116804490979,30123.210080346827,1.2957075140416879e-06,8.440565932520346e-15,0.2667999858119014,3.533598649597341e-09,0.13346475830492677,0.8665352381614748,,1.098927883618532e-09,1943169.2357729669,1.1322883651520024e-06,1.634191488896855e-07,metal,metal,intact
2.654124213429765e-07,74460.48904436812,0.09756024443486262,1597.8873234252337,7.429084686121909e-18,69439.31819401005,0.267204666741026,73119.61914898743,0.003853040199345573,9.680205285839371e-07,9684730.116036467,0.06650263707813273,0.0059408650110878945,0.01067136998088927,0.3793200102191182,39.97646740403578,0.00014861746358346017,6.389676719512122e-10,8.791831679331074e+28,16811.71637512629,782833183224822.9,28847.60063801636,4814472768340045.0,43718.92494662151,7.934023141826404e+27,28506.300074410952,9.625618537130882e+26,1272.479033334213,8.555476973914252e-06,47853.44269085641,7.849756585124189e-07,48001.62873449676,0.0001049432646576027,72955.1179889329,0.00017427894353035212,10211.50650632867,0.0010862066598010122,3.2405856805461623e-13,0.6281217121297532,1.421503214936263e-07,0.5690337692796303,0.430966088570048,,5.198940994972043e-08,394200.28421529575,0.0007624500564248285,0.0003237566033761837,oxide,oxide,intact
1.9454521556718116e-07,76600.1043377029,0.056464531723725585,9448.364115682483,5.4659076787806246e-17,69241.10192883102,0.296077797172619,92585.36453075615,0.002736110017452981,5.4429190198728705e-06,3176510.1985926037,0.07257002277750756,0.04395369290319734,0.03462783663369302,0.14933614202620754,42.39946992214412,0.00047332246976912007,9.515105482945028e-10,1.1054988345356879e+29,23194.35606482938,206738884197271.9,28028.657327801633,2.8538484289924636e+16,36675.81905218886,8.331746683534821e+25,26891.83441050172,5.548913461142774e+26,638.8937840534603,8.437383411374251e-06,54222.90258049485,1.917453637478267e-07,39553.25008158687,9.351131388197363e-05,86135.98783134938,0.00012550324630062912,16318.573071218625,9.19688954425265e-08,3.4557663990602767e-18,0.07547701640685332,8.937601951858677e-08,0.03073353905858353,0.969266371565397,,7.805272785079375e-11,2.694115529636597,9.596623058675936e-10,9.100923313665891e-08,metal,metal,pinhole
3.53879327399742e-07,78253.30566741717,0.0982470713899063,37633.78628662908,7.21776154170995e-17,70953.16030354437,0.264210902948034,99652.41054351404,0.00473064174136917,2.5894145185158135e-06,4624955.897806808,0.08113592178922686,0.0550675746084828,0.05719835625159184,0.3281649580682899,2.62837252549743,0.0001995680190813622,7.644169923743636e-10,1.1078470472099655e+29,18071.172994362198,169265115451843.97,26345.635531652162,1.2576659715666388e+16,35300.01849593768,9.130888901453787e+27,36789.0727877566,1.356201441570777e+27,607.5153658264653,2.7451006539539932e-06,57898.9142375464,7.239033904477697e-07,21763.695849919965,6.902692567282013e-05,71059.62146640083,0.00016077200605874243,14334.322387639742,5.371372666256641e-10,7.12672838855061e-19,0.3221701978987944,6.350375667931993e-11,0.514700350701661,0.48529964923483526,,1.3447281390421856e-12,403289.1069252659,3.365171957501036e-10,2.0062007087556052e-10,oxide,mixed,mixed
1.5707252232233178e-07,62897.32340861636,0.026440669449967272,30475.022840946887,4.2133790047178075e-17,70239.74984209545,0.17056014384834378,57408.527154272524,0.0018052113756516549,6.204649825157245e-06,1114953.0061639473,0.04784858351190757,0.08432937345368977,0.09117489319594535,0.13992158934747514,82.78063587819354,0.0004824492198173329,6.056988284819656e-10,1.0282064454739826e+29,16252.452658431093,295562461232313.56,26254.964150324537,7637917119556960.0,35058.87680177565,8.09385591823118e+27,34296.98111505316,2.781871113715614e+26,696.2903342460288,1.6249457026313698e-06,69696.46516863868,8.208514846776188e-07,29372.191791582158,8.046726288021437e-05,99808.37769388624,0.00048331567797115914,31319.608394775507,1.0926253306394814e-08,1.5411815854438176e-17,0.18349530178149256,2.111770888700425e-08,0.3576102886133221,0.6423896902689692,,4.097390314810205e-11,1645.7886709572217,1.958994049201885e-09,8.967259257192929e-09,metal,mixed,mixed
3.786124600369728e-07,74834.86659998202,0.06863431475801939,34838.01056193901,1.7255144237145298e-17,70824.91679989018,0.14529179332435738,75127.5202100378,0.0035311431920537367,6.494417186979085e-06,6122950.4560732255,0.07021071020324482,0.06198646788204382,0.04761734153896378,0.20183236498152685,59.42183545188829,0.0003620023559753709,3.0411219342858623e-10,1.1731485405555312e+29,20384.575007908716,554165560021731.06,26042.918203374174,5.6213301864309656e+16,44447.126046310455,2.6395842407149476e+27,33723.18124403496,1.6333552799481273e+27,1205.573269011845,6.832431077847524e-06,44813.89079896267,6.703421372778512e-07,18846.88836191983,4.614974325652288e-05,85079.54938702984,0.0003014547582381572,6943.26567521411,0.0005584924234061713,2.532754527397104e-13,0.6140119955515502,1.2219210147047533e-06,0.2794990223633289,0.7204997557156564,,1.0316724782246704e-07,2455.7772572777117,7.756489680343934e-05,0.00048092752660273193,metal,mixed,mixed
2.7868938219599103e-07,78039.5986503612,0.03421898578312663,24920.702473795514,2.7178364772370824e-17,70155.5592223241,0.18958968472957904,169080.78814907983,0.00234111732444232,4.8155219765055e-06,5349545.635122303,0.03127138173183846,0.050749817220483294,0.010360458822760064,0.3501386857685365,70.4657665695615,0.0004389686805493473,4.1683556167258096e-10,1.0796136400879591e+29,16267.461042320716,524717270865341.6,27578.66248709234,4.627523709023405e+16,35462.58760799351,9.862390240205504e+27,36464.60731219314,4.747524728717072e+26,850.6885586927748,7.330192119461281e-06,53734.71709025852,1.7543685294482118e-07,31369.01092057736,2.5457841522691693e-05,92725.82001448607,0.00036429854204595216,17317.326046351336,5.354402466402219e-06,3.8755456321549255e-14,0.2521820996498092,1.0749160950175304e-08,0.25337980655427583,0.7466201826965634,,6.247323999005224e-10,2784374.005625056,4.731048368437331e-06,6.233540979648879e-07,metal,metal,intact
4.1651846025472705e-07,69586.36356681472,0.06455258940945165,13041.152422352901,7.879985669528985e-18,70793.59953475358,0.3041231325079972,119227.55984177953,0.0014687952363339773,9.647986258229434e-06,7387357.126093813,0.02397098834826669,0.03910117753324569,0.07423855554306891,0.011511377717358546,57.27317952063571,0.00037081722170303447,3.1529460473316285e-10,8.541550002142155e+28,15301.676995196778,245638166456630.66,28938.762983322522,1.0895250319443074e+16,36492.2632027142,9.65333756107281e+27,30474.05596979199,1.7905205078922504e+27,1180.2142657946956,6.680046549733543e-07,58564.8255006875,3.4086934152761836e-07,7293.298999484062,3.6978394912137846e-05,86302.15526352396,0.00030867643726048056,5240.362172111331,0.0017960273497812263,5.217451079574329e-12,0.5882560764922342,6.176819437436523e-06,0.4766701920308429,0.5233236311497196,,5.304457271821755e-08,281039.99024165183,0.0010177445347934124,0.0007782828149878139,metal,mixed,mixed
3.909817041430175e-07,79798.01335689411,0.06364795755185189,12438.312719701229,4.0269299498554676e-17,69657.99598907544,0.10891057183737281,58341.216510770995,0.0036551766113125756,5.058355757137486e-06,6736719.7213117415,0.06278563875821894,0.07743270096738553,0.04177657874324034,0.32379941668969486,84.41070934528248,0.0002781919170218159,3.100605831012341e-10,1.1406596801085219e+29,24287.917249620776,393290366212592.75,29286.88437667158,3.4045667402951948e+16,39215.69442742372,2.146785694387988e+27,31758.460016769546,1.3725490744971482e+27,666.1111414121278,1.9214596519612884e-06,41560.65170367112,7.776816324717545e-07,22016.35327445527,3.889920224920924e-05,89966.82862626264,0.0006413338052156809,5778.09481888904,2.6991445869228912e-08,3.461739470474138e-18,0.41487155427813194,1.8662993186495004e-07,0.17854349995829105,0.8214563134117772,,2.0403194297822364e-11,191.22266860538252,1.445268229455393e-09,2.554617763977352e-08,metal,metal,pinhole
4.022092641326292e-08,70357.76934373059,0.09503578433782058,43118.31661194153,4.419970468590209e-17,69096.51522523236,0.1620267582750376,134315.69701854506,0.003127596468672391,5.178202231138347e-06,3440718.8833330744,0.023164486358039513,0.0012369531675442671,0.021490939779581195,0.34777394702187764,86.02032707017865,0.00031184420972167864,8.708976231985533e-10,8.064029257825171e+28,22567.204872228067,498663722412698.6,27322.1587935597,2.7198802937709524e+16,49824.487445299404,4.224935341494838e+27,36697.244606882465,1.7656001681493887e+27,1069.4636809892754,8.541287259591468e-06,55976.92730463212,9.345493429278505e-08,36650.81371396531,0.00011058355067805847,96609.66312653085,0.0007225203968016071,23848.85796049124,2.7161886857389975e-05,4.59903485453524e-12,0.21921907100374052,7.803273716178333e-09,0.014164472337832938,0.9858355198588933,,8.985818900662499e-10,3339278.51293522,2.5897741864221624e-05,1.2641449931683507e-06,metal,metal,intact
2.347101957741261e-07,67844.40337057902,0.0001857739321991471,3209.3630582486776,1.383551194816929e-17,70202.56625680998,0.3489560808337235,138675.70403355884,0.003951441153881668,3.889498033556187e-06,154693.26934200246,0.02253376470712481,0.05815046436395011,0.06493809782213975,0.21607526409047464,36.29503812058436,0.0003752293782090019,9.63003260502562e-10,1.1362203547383361e+29,15767.975172040531,308207141953010.5,28121.130321903365,3.57039491618535e+16,47672.62990984969,9.971713995539383e+27,25116.865087262246,8.32720876518533e+26,767.2366354412516,7.103876257301984e-06,46313.18146697704,5.29156480623723e-07,23054.00777835841,6.464127423312565e-05,76571.52871076162,0.000798723858184599,19149.692699622756,4.350431138521006e-10,4.2734686076941347e-16,0.09937269698145691,5.82475153231974e-11,0.007880328870830781,0.9921196710709217,,2.860457911695463e-11,151896.86652728476,3.712449489831694e-10,6.379816486893119e-11,metal,metal,intact
3.8287497494370734e-07,68586.88425795606,0.06201309920715142,17216.519170600983,7.533482231167966e-17,69542.07537939143,0.255561665134403,106102.376885383,0.0032369664012073455,2.6295569057664526e-06,3439215.8355888636,0.05562027789587188,0.056538991923371404,0.0077784115904196635,0.32729343042705994,41.374851851667664,0.0004892427973463121,7.396026971853863e-10,1.0538695688017861e+29,17868.485903202276,314776889475987.75,25341.692957216055,2529943478298823.0,35347.99312989349,6.1449029370505175e+26,36204.17038787208,8.652776377975268e+26,1088.752577100799,5.756495531508803e-06,49230.59407473767,1.1165197122951345e-07,18763.38175689587,7.19259453101105e-05,88133.59220428317,2.6253281980808143e-05,26890.369486817384,0.0013580043546044414,3.091408406649211e-12,0.30573999448476047,4.2454044200631037e-07,0.46597490009841475,0.5340246753611432,,9.591854847796185e-08,668261.941847512,0.0010729100460893472,0.0002850943085150942,metal,oxide,intact
2.758226534318727e-07,63919.595470700915,0.010270274146031164,37446.651069713334,3.464136562878661e-17,69683.90132052026,0.10674016344322763,147600.71187571736,0.0023758763903485684,6.051190702421466e-07,1950009.553334315,0.019045189882652965,0.04178737233589714,0.042172567394314374,0.2713176645039008,98.79324021754772,0.0004604165824936647,3.7890226367287294e-10,1.0947631636583095e+29,20985.68360880159,697406144970398.0,25655.247674710336,1.2851787820992592e+16,41614.56986001064,5.01794582380362e+27,39312.83577371639,1.0144520631964545e+27,575.0733283651847,3.437787851068107e-06,68350.36719876078,6.245838566657775e-08,10382.885481296107,7.486256670012234e-05,80782.1967950443,0.000793191432952368,33710.756611665915,1.4107522478855258e-11,4.9662327518990894e-21,0.14756985021269636,3.560897045947405e-11,0.6004403544167444,0.3995596455476466,,7.429033836537789e-13,37906.524974959684,8.847112080323699e-12,5.26041039853156e-12,oxide,mixed,mixed
7.435970510740333e-08,77369.06223008421,0.08653049993450768,28220.34258867686,4.106176381171609e-17,70701.24183567878,0.23634841582773347,111939.52043558209,0.004200958484646228,4.56132213654386e-06,1220194.2278806749,0.04771280093880451,0.07267399397557624,0.08461273169394512,0.3213155828816731,49.61092660329053,0.00019524297405253203,8.704652570736758e-10,1.108538205112345e+29,24619.823054493383,756427718035667.5,27669.7981328174,1.0839672117670662e+16,44936.02673009876,8.174742866791694e+27,29416.914516433477,1.6671954817893895e+27,1162.8067868486523,4.129801278569285e-06,43435.30977751227,7.178134085554723e-07,32005.900883223938,5.402316839770198e-05,91392.73743902723,0.0002547734732848975,26363.32751922301,0.00010537920262970405,8.892076879789089e-12,0.3691840498750594,1.6772362256943193e-07,0.03866879432567581,0.9613310379507016,,5.564404441529416e-09,1106884.7681374885,8.303535794301404e-05,2.234384468669002e-05,metal,metal,intact
3.596706740266768e-07,62342.269698662036,0.08556756442762979,49055.711160224586,1.4199960684448557e-17,70384.17908986787,0.13547266649428297,124209.83887246273,0.0010659033820151192,1.927990731761508e-06,9418622.901970334,0.06164920788189103,0.027908592553136092,0.01395727612631501,0.25493865475928884,4.860360756681898,8.664615959687084e-05,7.173673105217293e-10,8.559516453804946e+28,15457.298152463029,87475861116539.03,29476.68657352091,7873085510413183.0,42139.80941904236,2.720994693324463e+27,34333.36222154119,3.0846523683356115e+26,649.9713184688087,7.753641640011993e-06,57007.468215462395,6.890941534590994e-07,15118.65357483284,8.789106414443364e-05,70996.36831416523,6.81058433268865e-05,7641.101311971612,5.279398154829035e-09,5.610396571000518e-19,0.5241051872330962,7.418495915942983e-10,0.17486108149853355,0.8251389177596168,,2.0093776984013146e-11,1479.0185971034919,7.906033539662208e-10,4.488794800862814e-09,metal,metal,pinhole
1.4892637209827818e-07,73666.41096115824,0.09921027121255778,20211.087911777086,1.348393333716745e-17,69603.27060148884,0.36012867979728086,104279.56244971194,0.004622136472529088,6.27873993206192e-06,5957315.990604508,0.034242825562966914,0.09430144105154271,0.020311654785545603,0.049683482118744085,89.35579890916947,8.468193136923873e-05,9.006015254388292e-10,1.0637901461627655e+29,15268.879888286056,117712657232830.88,29460.442800810353,956520241555443.9,35678.008437069824,9.843807437815002e+27,26995.413032159195,1.683145418789271e+27,1018.6501267576461,2.4364199795143e-07,53581.09428557167,1.4440475180462383e-07,18174.78192037478,3.820951037287899e-05,94199.72568764443,0.0006185259495189884,15694.985194177883,6.441911965607028e-05,1.843365314666304e-13,0.3833664143727326,6.084928286195635e-07,0.47461990366782386,0.5253794878393476,,4.562904234149596e-09,567806.5606058632,4.2158276766176985e-05,2.22608428898933e-05,metal,mixed,mixed
4.21004537970949e-07,70384.64606008343,0.07133945400928275,33294.11673104577,4.49045063448211e-17,70429.68840412646,0.09348941538816709,144934.8373653713,0.001148550839814787,3.275367897594846e-06,1660427.2389658873,0.0013510469715495915,0.015041616628686553,0.04560757454101228,0.3486773943489972,69.6574492898182,5.731064304761795e-05,4.479906846947427e-10,9.457541210195212e+28,21652.67903288089,112056535854071.36,26201.393107871267,2.4906820339606996e+16,47273.22033678782,4.2598320988178374e+27,30590.233665862408,1.6312273141164424e+27,1267.8686065785487,9.017997469648775e-06,47750.107547483465,1.3522503227743442e-07,17211.900353461257,0.0001299489765923143,75939.93271942699,0.0008268076562168385,6753.331563841794,0.008465072706799595,2.822595363682431e-10,0.28353536025437176,2.312060061603791e-06,0.06899372623640336,0.931003961703535,,1.013540603292097e-07,1421513.0323598199,0.007905399944702313,0.0005596727620972818,metal,metal,intact
2.6677996570390163e-07,71939.64793521095,0.06383909348035259,4288.257065818663,2.0521259236071697e-17,70279.83889054757,0.11734381558730314,60537.60521437303,0.0007519429067898072,9.471307676250657e-06,1830933.462456888,0.07497023810669454,0.0802299875694301,0.09410263307616382,0.26525256881906384,22.497512151711057,7.032372131942659e-05,8.469337826203261e-10,8.322492286014248e+28,19775.142992246438,323746693590895.25,26758.651118397378,4.447900288253862e+16,37854.87134965633,1.342231907423394e+27,37161.044614172184,7.465333625328411e+26,1196.4389749076367,7.26099428043423e-06,44483.91133918664,6.676842156583902e-07,43355.70410742581,6.476918699643022e-05,74398.25351109382,0.0007603035592900836,25941.640121473836,0.0009353171432203748,6.666276940388226e-14,0.3840655002325645,3.208637316569803e-05,0.03152105240901707,0.9684468612178172,,1.0853175395981227e-07,1.086852590075237,7.144019064364606e-06,0.0009281731241560101,metal,metal,pinhole
2.48751042221211e-07,61156.853092434365,0.05582866496289548,38337.25734096429,2.0415610191066193e-17,69440.38754294305,0.3049350011183833,120089.36459100065,0.001244157669871671,7.4868190688126275e-06,5483398.5907349745,0.002014895538652663,0.058008563326438486,0.09949073213513729,0.13361048705768502,4.221355234860154,0.0001962784968629532,3.4416550806173686e-10,9.606995107334482e+28,16975.843924473887,708476637762960.2,27155.174756550387,4.941159315567221e+16,43869.5624176181,3.4078731929875456e+27,20761.196486746347,5.3352738655144504e+26,1213.9426086519377,5.078598649803284e-06,47049.22291674839,6.230148021757367e-07,49419.88349456804,1.1043862382165605e-05,92625.01236420481,0.00011355981148980541,10989.76253091417,0.0036803732319522116,2.221211507589166e-11,0.4991078982895781,7.698033100016886e-07,0.4010922332951955,0.5989069969014944,,6.287605836246018e-08,1487345.1894160253,0.002811811096453551,0.0008685621354986607,metal,metal,intact
4.0416763874252084e-07,74384.74761504702,0.04134816870811607,9759.169155516514,6.407196512559339e-17,69575.85909371714,0.15241068136493444,117690.8992879916,0.004135475387053885,5.856394838305309e-06,468483.80754070607,0.09590626802299523,0.06944270176205299,0.002884674365706098,0.21648634390765098,88.7647867991823,9.308090236703225e-05,6.96925714575606e-10,1.1516178781953886e+29,24737.405973109184,341175668240453.4,26746.646419989516,4.950581696968434e+16,36101.30244281787,1.4704289667495074e+27,25311.134074702833,1.439602425127655e+27,765.5234956239325,3.6284138463730006e-06,52643.91253285738,9.904440630646662e-08,33158.945764944685,5.8262652478082e-05,93372.68472629119,0.0009999601826592894,24142.49716556567,4.303200341548619e-07,5.577460760836966e-16,0.05158803944210993,8.144540186360333e-07,0.16895538606155036,0.831043799484431,,9.500410980630314e-10,143.17231618731986,5.3272821723841815e-08,3.770472124310201e-07,metal,metal,pinhole
3.498704298909217e-07,70923.04863824349,0.019925208974410313,35769.259810398726,1.4532607440973644e-17,69111.85334097616,0.30155203090142496,160737.45169498053,0.0042317992720717484,6.62485962744514e-06,4403494.323698592,0.05102735754248468,0.07665836463053563,0.04793776488454205,0.2900310956375199,66.51794792917678,9.22826663509962e-05,8.52462571108332e-10,8.056614451596243e+28,23793.72679814484,712744334163683.1,29266.950113620765,4.280944629367131e+16,38598.58377652925,7.471801504253436e+27,29229.251848492815,1.3716100087496916e+27,657.6140227564653,3.0391071063883197e-06,45795.902741827565,9.745800862992488e-07,43528.16166518184,8.205572132688016e-05,92981.0188331331,0.0009496034025466628,9017.849801774375,8.277505392484087e-10,1.6757330231629073e-18,0.16253895146764183,6.580578389924411e-10,0.49943739218680533,0.500562607155137,,7.740823503245273e-12,68822.1782493266,3.8295675437876943e-10,4.4479378486963926e-10,metal,mixed,mixed
3.092404023136295e-07,78886.18140916298,0.0881788485197162,19545.846934963236,6.289946745908368e-18,69130.13279655809,0.20865520938283544,101365.08049182597,0.0037652359679857706,2.5683320147221027e-06,5997595.920357557,0.013134615887242808,0.04978232864288794,0.017034642928129336,0.48732566667261135,72.4979402286646,0.00020252184385213205,7.882172430430623e-10,9.415483856340318e+28,22636.174929558885,661006685622784.6,27781.79760434068,2.9185549020730284e+16,49904.114628187686,1.2841313100641907e+27,20540.046175451735,1.6925737217614055e+27,605.0572423133381,5.000206207515681e-06,64383.62622457192,7.21502192664986e-07,11458.774147800572,7.775713493494183e-06,98107.84128739816,0.0004781123587751013,5298.74021764405,1.099215577904204e-10,4.286223326410909e-20,0.5045315933079632,3.191894681439759e-08,0.4945248610130589,0.5054751070679941,,4.009102124167958e-13,937.347553644865,3.7133262523487953e-11,7.278829526693244e-11,metal,mixed,mixed
4.0882480474934976e-07,67883.11302769253,0.020350715243692828,38388.61870978092,4.4969076626130833e-17,69497.92308174098,0.21908365349952746,88600.6838460719,0.0015337873750800785,4.07479001156048e-06,6170445.617444838,0.048488794118997,0.0511013352792035,0.00836857365773525,0.1203121643977229,53.652218194440465,0.0004979250101826199,4.1480653420125404e-10,8.435251621390783e+28,16503.53406976453,683033174064242.5,25967.836794869287,4.015469605638447e+16,37082.824176929455,4.132301906158442e+27,29795.8330984192,5.0849153499599894e+26,1237.8701121782017,1.7611609611167731e-06,61897.55319833846,9.839865826390735e-07,18480.161769800274,8.698868892397649e-05,90552.18569353767,0.0004370059070376617,20180.941327365777,0.0019678485725469898,3.914248773232601e-12,0.6650672356528636,2.636971312873392e-06,0.5335804212767448,0.46641694175194254,,1.5234417708004642e-07,599500.3293018746,0.0014608868196817181,0.0005069617528652716,oxide,oxide,intact
1.369520846930046e-09,65589.42564700588,0.08003284229947874,28294.84168246137,3.0729677663099924e-17,69267.91076443481,0.16427675783231224,57076.25598321452,0.0024065392615730563,1.1542452403633031e-06,13874.783790401607,0.05430769833190218,0.09786136515139464,0.026104258133329637,0.17940027035281192,70.24286981487742,0.00014930676011918074,8.616681376640492e-10,1.0543969513941972e+29,15491.53531546337,657484193590464.6,25033.92381724626,2.779273219459786e+16,42576.5112054219,2.056215287114988e+27,32469.581775386603,2.1005875620403735e+26,1264.6059046876921,8.130135144509002e-06,43657.4583161658,3.895831130209722e-07,45479.5733909507,0.0001276554582734218,95592.76263143538,0.0001730543929704297,29817.630962362004,2.952983018337971e-06,1.947896174233434e-13,0.043612720031254805,5.676638864192729e-07,0.118739903587379,0.8812595287487345,,7.830463246933053e-10,10158.87226181011,2.363598246664681e-06,5.893847716732901e-07,metal,metal,intact
8.45540916348149e-09,67876.06318649864,0.06059212774756414,22784.367736174197,4.391757377368592e-17,69566.94295452404,0.09414245936954196,163522.56480240135,0.001689126289669099,5.796491378166601e-06,6146732.2238256475,0.027443024216558375,0.09181409704208392,0.0859301510133582,0.3431166354007284,39.14239972950088,0.0004907263780277003,6.786501891795471e-10,1.0735148811640723e+29,18110.915586475603,605718689608406.6,28518.538237764817,3551305924109364.0,37421.15075769944,8.775904199433803e+27,21934.104801175836,1.1989123479717633e+27,693.1623974552452,1.1889283263988566e-06,50316.03223310239,3.9346099544003233e-07,10966.33894570635,0.00010667436062468833,84430.0395433525,0.0008152503665424148,12605.022586782505,5.715111679800798e-09,1.3869947844904823e-17,0.4741417544501015,3.0553994566748887e-10,0.4935725457416905,0.5064274539527696,,9.26329674883147e-13,501423.766028677,3.3730637223008223e-09,2.342047957499976e-09,metal,mixed,mixed
8.63189424500657e-08,76987.78356011654,0.0856628929575765,22836.584436503745,5.841215851149788e-17,70868.16820597425,0.13793422639245964,158050.31321788934,0.001453537947961118,1.1358284846831043e-06,8891672.577001607,0.0008741619027667951,0.022690367555425237,0.06337214868004552,0.34908432095274866,47.18935552736669,4.208956016772063e-05,3.586420924841142e-10,9.508168380428845e+28,16220.522820108214,179546746727407.25,27265.477992643253,3.5575264834160536e+16,45959.07062210454,1.0510964245704946e+27,29627.503487878763,1.3166337379854362e+27,1154.1676428795522,3.5334179978155986e-06,60794.13608848723,4.079351766110773e-07,5058.677754412817,4.454959486423983e-06,83830.69067504717,9.279561592153823e-05,16975.455337502215,0.003183407719142056,1.8192871378678174e-10,0.6377656746427278,1.6222627305662373e-06,0.005441025514181172,0.9945573522230883,,2.087495483825502e-08,8744749.179918954,0.0029053335019291176,0.0002780742172129383,metal,metal,intact
2.103076303070067e-07,65719.3282710673,0.06362208630047947,9258.706702541413,5.3764102266947715e-17,69061.48998305156,0.17857378644089988,109750.84197412158,0.003333541066295979,3.0590298935494493e-06,5758699.172717937,0.09295196232571437,0.008627807344906945,0.05460875374507481,0.12141320833515501,32.61999414129602,8.942905166009593e-05,5.968866377405734e-10,1.0356661716595717e+29,15997.224778231675,612856637004092.5,27080.566340876965,5.9830971838080984e+16,48693.4438219729,7.062049212000974e+26,33178.64388500438,1.5332456922330217e+27,1234.9306552713715,1.6942743789467559e-06,42143.35770116608,5.398603397094768e-07,40617.31135722133,2.426317804044616e-05,93497.65865292009,0.0001616710231078277,7359.1496759715665,0.0038299287512407543,1.9786078725047276e-11,0.5229777855662419,1.8206108619377062e-06,0.19077532812512693,0.8092228512640112,,1.0377777259957534e-07,3351132.397411704,0.003086513353245537,0.0007434153979952174,metal,metal,intact
2.0295260775189684e-07,74270.36250363721,0.05426961074799362,43595.955789797,6.123565575387003e-17,70044.70683673528,0.18660614239395923,62588.14297812136,0.0025085634724650667,4.168311275023845e-06,3196949.4840210057,0.051480840757323974,0.009897890661463201,0.07088733834581006,0.05207585501655409,14.640525743177378,0.00011986314161398813,3.6672563714096566e-10,1.1592617444049986e+29,20403.010118133578,580468988587526.6,29389.40728879645,1.5696094524198504e+16,37713.16193788615,7.672284263376142e+27,26829.08497321244,3.552782227624663e+26,978.1028887808093,2.090602140623955e-06,57129.917894742684,3.544690298867903e-07,13904.079869549243,0.0001255006022151702,85223.85111814,0.0001698632345438457,21905.826032943114,1.18631802922094e-05,1.8580600217546653e-14,0.43114277448416,6.478728144488079e-08,0.522916914494474,0.4770830207182447,,4.116174414627178e-09,52188.95259349732,6.033632120467849e-06,5.8295481717415504e-06,oxide,mixed,mixed
1.941254001186662e-08,73943.91450550426,0.09264928720029217,18308.319874706347,4.2772065664411066e-17,69551.41708493838,0.3237411795612744,35676.729670495646,0.002018229926226054,9.682062106172974e-06,496384.6752777424,0.07917671907446394,0.04899695115125948,0.07199436512329042,0.3890360744992673,63.35056025231318,0.0003833510472957254,7.502909440022881e-10,8.291546582232512e+28,23991.010535115754,279689095170591.66,28300.15911580882,1.273758206384107e+16,45537.7459313113,9.406108133315483e+27,29853.660117641855,1.5835013597039262e+27,876.6252207054483,6.2421333867435515e-06,53527.308792840064,3.6136735246716476e-07,46198.51681666381,0.0001224360770661312,88790.89791866785,0.00019970487696780522,12204.244886110086,9.783865060366848e-08,1.091343115992736e-15,0.08975372137683871,1.9993388768716875e-09,0.44392988032085556,0.5560701176798056,,1.804628232955201e-11,23424.25576959335,4.9786556018297306e-08,4.805209458537117e-08,metal,mixed,mixed
6.959552743929883e-08,77288.53871100885,0.028790154797619035,6447.83733236009,1.9021442483078174e-17,69217.04633592149,0.2042144001709585,67187.92357328511,0.0013697969377390565,8.790705114243395e-06,7066402.003629346,0.039114522818966775,0.015566905475089463,0.07130614743863262,0.28547847204208693,23.05871893024319,4.5157994288912456e-05,3.940974871915549e-10,8.461803698989263e+28,18322.26483656494,266853845563191.94,29218.199496179463,3.537327052099439e+16,40035.179158756524,1.0075837672634871e+27,23322.377159791406,1.329735017327879e+27,706.9220187862608,3.563964707207947e-06,54007.26131268005,8.777648870157475e-07,41772.32167159513,7.029376886347408e-05,77855.01590712019,0.00013402334703779573,33220.07942937731,3.855588305191084e-08,1.251289512282068e-17,0.25099207545936425,3.658571069805356e-09,0.2197163362835552,0.7802836600578738,,2.143611432367011e-11,176.2703406438501,3.2907155075727093e-09,3.526516754433813e-08,metal,metal,pinhole
7.511043737659735e-08,70321.71877952733,0.00939398348025962,41546.56292769227,9.463791067189857e-18,70706.999594933,0.3308412441412723,83027.77231608273,0.00217120519072699,8.395468470480968e-06,2782654.3906273213,0.03461817505530187,0.048567815898731416,0.028620349415075862,0.03745069738190645,38.53298958396621,2.0579195737555403e-05,6.468198553551927e-10,8.952560633737112e+28,15236.825815982093,624243932824320.0,27252.59384020734,2.318356047970118e+16,45984.71226805412,4.8305749344040117e+27,28322.05614486179,1.8174419210332505e+27,647.6256902413791,1.2183919746600955e-06,52262.246177713176,9.982047490644395e-07,23375.014942601414,9.710326748185959e-05,85676.4904636635,0.0007676154338344028,28775.71581221965,7.659251768149388e-11,1.0591205991246597e-18,0.3113779015970292,1.0202383687441311e-11,0.28952531086449085,0.7104746891253069,,5.76052977771529e-13,1204529.3171037366,6.441276632453359e-11,1.2179751356960289e-11,metal,metal,intact
8.140042307464203e-08,62383.125479542345,0.01604908628887306,22512.071871731103,3.139579487748686e-17,69277.74561106399,0.3683682526085342,38974.02072624596,0.004427778122214246,9.050252440507637e-06,87794.77540781241,0.08083274290463702,0.01603267766501523,0.07918406731705478,0.2393638451709056,11.192276304847482,7.354620336190136e-05,6.865001504821751e-10,9.054572363076709e+28,24115.550813952446,561723714505383.25,26838.264358869586,2.0080260809107276e+16,44432.211419324754,9.411475921278125e+27,30799.51066305248,2.9118967788925526e+26,1204.9953902806637,4.9534665888913746e-08,50068.4386653945,9.78975179783902e-07,44308.81600337831,3.371369726352867e-05,70320.58289095317,0.0009685691810701473,14465.344615190324,2.432902298033584e-06,5.921688606773088e-14,0.14216476710447426,7.696481437957587e-06,0.4844094373473691,0.515582866171193,,7.54982761750129e-09,3444.4766696546603,1.280257701663871e-06,1.1526445963697131e-06,metal,mixed,mixed
9.979092712638768e-08,62426.27773312626,0.059562683333187094,47358.83931663015,1.7332622744583977e-17,69926.73750410613,0.1492815727158946,134256.58992403347,0.002365761627192403,3.550331713954989e-07,9935138.765716832,0.06689514405349625,0.06464793742565945,0.021728513167646537,0.3022270831282194,77.01204682100378,1.8602176237967507e-05,4.281739233536075e-10,1.0628884125606737e+29,23718.65967431255,388906527033616.5,27970.237255946733,3.803521899677728e+16,42946.43432931684,8.911678276336347e+27,27656.855885775643,1.1203078510582318e+27,764.1665373647055,4.997416625910469e-07,69274.08688995481,8.362568854967717e-07,19370.89519647198,1.365784320912318e-05,86249.58992723565,0.0006627242810508665,39344.24941975108,1.519662119302527e-07,2.0085366641876698e-16,0.5626450343262164,1.5903710405520744e-08,0.07218561817449873,0.9278143659217909,,3.3854491591737687e-11,8334541.864294684,1.2713145474152394e-07,2.483475718872875e-08,metal,metal,intact
1.813366656962531e-07,71593.70018788299,0.07783770318176603,32504.39690591852,3.376803440917519e-17,70819.84843937002,0.3374989248413865,119041.09834200975,0.0013770812985045918,5.727523675518094e-07,1987113.7620376048,0.039400769743995416,0.007658937614363286,0.058266007572070455,0.37462168090225456,42.635874207889636,0.000291155572469328,9.685217073414333e-10,1.0249928319117833e+29,18196.12948904465,302955170697357.8,29072.170636851446,903416000278972.9,37536.93876633421,5.653274951180615e+27,21181.865418106485,1.2078152198351387e+27,608.3371141124443,6.260932029438713e-06,52119.53921895893,5.700964784289725e-07,18372.625824208364,8.741904156111693e-05,94268.20491003938,0.00011470936254021484,9440.672063428912,1.0464825474912167e-09,3.092713567273203e-19,0.2548061835092449,5.963705207767885e-10,0.5279535588891429,0.47204644051448663,,1.5700989031693869e-12,35314.353029050355,5.902560466030698e-10,4.5622650088814693e-10,oxide,mixed,mixed
1.1121454394021346e-07,61672.20814638867,0.00851826667152888,46751.03312442894,3.837439033030555e-17,70613.66643419125,0.28486334643671674,168564.25007328964,0.004164669122081623,9.22478353902157e-06,6684632.307618272,0.09315987665614027,0.050050697103926296,0.040956404176179254,0.29507862536399604,14.059697037103092,0.00032382077124957034,3.0175073134257236e-10,1.1809389892636668e+29,22146.454145208667,579950168679214.1,29381.78369227472,1.4590715561035572e+16,44368.863156944724,1.726161346620349e+27,33431.540147111795,8.935026640911224e+26,1231.7795538289279,2.252033368000635e-06,65043.06511501315,8.26414631171624e-07,9144.657962073952,9.627196862370334e-05,70473.05882768378,0.0007798349397768491,29799.463507032804,0.00027442422928018484,3.8354006333602624e-10,0.6784259694910543,3.131319200138176e-07,0.0002829676867569591,0.9997167191813231,,5.025499876405752e-08,6674651.038386912,0.0002238710674157426,5.0553161864442235e-05,metal,metal,intact
9.800417868429748e-08,70032.56571731834,0.02889469373133631,12166.77531663198,6.903620408207067e-17,70987.83280045952,0.1180307780893904,32437.103009492195,0.003903265843606577,6.509071216427795e-06,5745314.859251066,0.025392583618593857,0.009416537405607394,0.08246662418199374,0.4576641872308264,48.48795191289138,0.00012926528711033533,5.397927643900076e-10,1.113557594102246e+29,22361.698536773805,343224664119331.75,28372.058678803074,3.1263729005061988e+16,35343.45953299631,5.299353757325529e+27,27386.351386558108,1.8799391727367925e+27,1246.830180957245,4.324344741158203e-06,49867.693284209076,9.753447910089211e-07,7620.811202672584,3.196639101878018e-05,96080.01268720049,0.0005752677445946729,17779.14701550069,6.284069624091998e-05,4.032734601959047e-14,0.6849264190863364,2.908032324389523e-07,0.45368636411083707,0.5463133450859304,,4.1767235106818106e-08,2119.983800156012,1.2857282144654918e-05,4.998341409626506e-05,metal,mixed,mixed
3.0000107775572637e-07,78820.81560394507,0.046238344071716855,6568.708820615605,2.891635353395495e-17,69213.25550419158,0.08647874131568159,79718.48954686787,0.002498485630762891,8.247654475092316e-06,2188415.885967609,0.019491882792093202,0.03171455147001764,0.0026436688213521994,0.07303290968620195,15.833074787319415,0.0004499569608154945,9.70253104172197e-10,9.051768725819145e+28,23093.040227212146,615181481980085.8,28222.92040375883,5.865124139226906e+16,45646.55640370879,2.975778739864138e+27,25792.216686391785,1.1377391072192104e+27,1165.1440387891103,8.770313962729096e-06,44374.65611388696,5.840565828378385e-07,19267.276793811005,4.77015770579174e-05,82606.42990662434,0.00037633114814592336,10915.01459209161,6.465227518520263e-05,1.908528340409134e-13,0.46061896948853737,4.925440043294696e-07,0.5959322272707401,0.40406728018525545,,4.219144866578502e-08,1929.8481579431325,3.1429677101665196e-05,3.3222598083537436e-05,oxide,mixed,mixed
2.769819937540805e-07,67018.2398634262,0.03304394514202016,37063.76554649265,5.045953228933716e-18,70249.09429780174,0.34429849129131795,163796.16833580026,0.002922750144942493,9.510978120665207e-06,9169294.440214386,0.08583020716071155,0.060151695826637354,0.07400179715824831,0.3124167644167054,7.084079860022905,0.000313145255689754,6.334570872286477e-10,9.306675191142053e+28,18481.996165216475,18969600322665.25,25775.336520353347,4.174096074863871e+16,38929.63776550873,8.196773203434371e+27,39758.70871052075,1.8269362697594513e+26,1041.3112672781156,7.861499434966756e-06,64592.00466183541,9.618480489477001e-07,32973.61847041336,2.8701932886070895e-05,99438.77536701813,0.0003487462069052949,13115.89248344869,0.00015969604340286507,4.502266750506291e-12,0.6000943325868192,9.053482452355487e-08,0.0845213030949453,0.9154786063702303,,9.642888650506775e-09,7325663.911519744,0.00012184875319806478,3.784729020480029e-05,metal,metal,intact
2.2100641855349836e-07,75731.47238736015,0.07853808621437085,5793.001496556216,7.009907477222313e-17,69086.73854568269,0.31101141418547956,57741.09994336165,0.00474521930801176,9.061747118928959e-06,2158568.481776115,0.09578781529535212,0.09202182771450768,0.07126247163936475,0.3810417852125639,13.11518499124074,5.2488469771115145e-05,5.014799308132648e-10,1.0772124218953578e+29,19618.22994529567,284087729845526.1,27610.466901044172,8950265422304266.0,43369.80715583178,8.783056587240547e+24,37748.53008637464,1.4709104975739089e+26,892.7794003541267,4.542030596620038e-06,63702.592202600434,6.492747364956867e-07,24287.70192658015,2.385130249552279e-06,82894.02041272918,9.193347916350609e-05,19265.429579748376,2.2812781417996154e-05,5.7788030317177724e-15,0.3618521564739847,1.1678130716276088e-05,0.07433979943669428,0.9256485224325894,,1.127089162837087e-08,38.12722699989779,6.912844780931859e-07,2.212149693990297e-05,metal,metal,pinhole
2.7345609792315532e-08,63420.8628196619,0.018297776766427656,20877.174480254453,5.4357193318887334e-17,70413.47931895492,0.3708085317241992,96578.30080448306,0.002639467558488225,5.806785558951665e-06,2823750.8802567273,0.06297878423518975,0.04667969257355404,0.032707543867977466,0.345776175313296,49.07988068595241,0.0002457976425292778,6.699559464070032e-10,1.1175589469000598e+29,23459.44729153338,357043610728706.9,25615.10129380009,5.333367303440587e+16,44312.56128072123,4.1110345008446326e+27,38993.38268278283,5.697234608321749e+26,1212.0384620869324,5.443854984702896e-06,62922.49383548107,6.194635196740203e-07,23707.027990699826,0.00010647053656506202,99062.61135743436,0.0008826708667082012,23398.86522500552,6.858675348212313e-05,1.0586848080452235e-11,0.49542160153737286,5.071112545637251e-08,0.01760551110965298,0.9823944381792217,,6.106046478183014e-09,2710732.9910776773,5.867093431431514e-05,9.91581916780799e-06,metal,metal,intact
3.2123855961791424e-07,75325.62328484253,0.0803271605200311,42525.54700866486,7.687962988247421e-18,69910.70292573076,0.24466350621464888,166244.56890311447,0.002060793629234392,8.493431841339968e-06,9441802.17852951,0.015365483601939506,0.0723192243174191,0.08144965800958583,0.02567971673551985,86.59448097686342,0.00032852235957290344,8.669000965967177e-10,9.401102116143685e+28,22599.015729663795,207725676829477.78,27067.28756127828,2.402792277103567e+16,37796.74185740771,6.81300160120756e+27,31386.577414024185,2.4723125411968987e+26,655.6294465094371,9.0326526392956e-06,60708.15064102049,4.991417078626366e-07,47678.116193755726,0.00013206045435935364,75331.72727727181,5.021701110111418e-05,11403.835815113522,1.8163368072334175e-09,6.147877896163627e-19,0.13804984007967977,5.0090242272265105e-11,0.5264571940188546,0.47354280593105513,,6.9288979467537476e-12,925.5748552771751,1.829771249946871e-10,1.6333596822387305e-09,oxide,mixed,mixed
3.853799453940582e-07,67963.89457777592,0.035295550037169235,20901.05911560092,2.3304802940717842e-17,69306.65422451204,0.18199988664460348,61568.87947315552,0.0011945760358845555,9.048166878517197e-07,4195735.838663722,0.043511938330907385,0.04923226086527907,0.07957019954206675,0.17607588961551454,93.49406961865645,0.0003952693739777928,9.96150296999982e-10,1.0902960278214255e+29,22044.305418597003,194666860199419.75,28852.483600665175,5.121026063886713e+16,41200.36369909459,2.1958707356580805e+27,23890.56584979209,2.190289601751415e+26,895.6993658551584,3.790107004165134e-06,42817.46190811269,2.9914658911143644e-07,46320.28711208255,0.00010471764775634831,77909.09584773048,0.0008187862448914336,39481.641004807345,1.8365293014763062e-05,1.4228757007869636e-15,0.21753952669111637,3.6151371676974944e-07,0.33037354641090055,0.6696260920753827,,5.457925336705808e-09,1720.3687290393045,2.612145321439633e-06,1.575314769332343e-05,metal,mixed,mixed
1.3284505757316323e-07,68152.23288769297,0.07570101806079016,45760.82887063664,1.593882340601505e-17,69604.99200953906,0.339724004996162,167499.11086511431,0.0036387819212864627,9.240083302669868e-06,7442644.624352278,0.09665442807125854,0.03646072227559214,0.046894109713210126,0.2944412302739955,48.347992366324696,0.00011592665594537246,7.030388994662058e-10,8.020785738662857e+28,23078.179194784745,519744679654197.9,26143.277775561946,3.04995713833979e+16,41062.166362631426,9.033254112386562e+27,27871.142207549616,1.591089024592e+27,1050.026803867072,1.0538097283189694e-06,61995.01607139513,5.788933526640466e-07,8717.281277875256,6.405729152681521e-06,83109.78008084348,7.176775385593263e-05,16536.707318455406,8.465711204539899e-05,1.841676330930756e-11,0.6349559324479401,3.474037243327017e-07,0.010820384753582964,0.9891792678426927,,3.16641828151982e-09,7242680.988720691,6.926264830220313e-05,1.5394463743195858e-05,metal,metal,intact
4.9482728335834005e-08,63004.02408996252,0.004408775944051965,24717.011377320596,7.255564167774016e-17,70093.77457136322,0.3282852470419622,108338.50916926832,0.004972589645352804,5.157098776678501e-06,5362096.806038583,0.021973391646365772,0.006799348807180545,0.00580243125086982,0.09754804529222437,57.53666076490471,0.0002699295840515465,8.150484133334113e-10,9.3690759342589e+28,23158.8913441274,498183609548180.25,28680.976418577375,3449049028795543.5,48115.1470288809,5.999042725573586e+27,22973.018878468436,9.733458293604605e+26,595.5458655390045,5.453706167174814e-07,59329.09925868052,7.507733759451678e-07,10811.402734035048,0.00012128876788868136,98011.85006048517,0.00016313845437905655,6224.883702403171,1.0143593060440993e-11,3.7043111922365538e-19,0.5013010764808488,1.1762218903410826e-11,0.057735738912931975,0.9422642610753059,,6.791147864662657e-14,4739168.054002395,9.771860149908378e-12,3.7173291053261487e-13,metal,metal,intact
2.750478947731146e-07,68078.47874489543,0.07268253367719786,48253.38107362254,5.059915330588545e-17,70911.79240845182,0.2108093182212758,125613.27825396361,0.0013333652778926403,2.1697296474693603e-06,5160620.650726309,0.040367905463010716,0.028119570671076777,0.0819008683927564,0.01891192090415035,34.12321138870691,0.0003199040531056198,4.873628474052791e-10,1.0489731028008574e+29,22531.935874768315,800303582613973.1,26593.78530149268,2.047609108879039e+16,45074.76659172938,8.585237688421906e+26,27082.696826552965,1.5554343453947257e+26,951.6766138245002,8.045237802368551e-06,51515.148912375975,3.573186705613642e-07,45679.23582109736,0.0001212230891714703,96148.2109756446,0.00010475811060734819,35976.04690968051,0.00020348234080989,3.1198393105718957e-13,0.29150361057064145,7.487484459129658e-08,0.39508122918300764,0.6049186959421478,,1.170573589861584e-08,1121092.976105989,0.0001483652672920788,5.5117073517811204e-05,metal,oxide,intact
3.247223706013531e-08,64738.28655248575,0.019847847437514086,39754.51737658648,2.0562292418592754e-18,69866.96560736853,0.2078844583666965,65899.83075346464,0.0017696590946207561,5.389509315571499e-06,3292390.872322064,0.02826109568812154,0.0792266972408938,0.06600944327410997,0.041603181483986326,84.52456465288758,0.00011972626464437855,8.268146793803875e-10,1.1374287433565948e+29,15955.962394095479,141738298863352.66,25270.37508653676,4.442072792657708e+16,42432.98216842266,4.718777936101555e+27,33821.63908746237,1.444994937788466e+27,1117.0799174876277,7.850008860586362e-06,66913.85968385299,9.291515255631599e-07,35354.96955465139,4.7931922226104415e-05,94003.37395079597,0.0006611690255114563,13951.03844042701,7.402063699603404e-06,6.607166660717963e-15,0.4914365716806763,3.075912933597144e-08,0.41024567690852315,0.5897542923323474,,3.2372111716221867e-09,7162.989834944586,1.7530139753008695e-06,5.649049724302534e-06,metal,mixed,mixed
1.746118121532956e-07,71201.0860790424,0.046309661443175366,7426.282371977568,5.64517678444789e-17,69426.8031419076,0.37599876687824846,131571.71559407696,0.0019569801504054868,1.9965748829535908e-06,1821181.2622662268,0.023387237521130817,0.09288870033422582,0.04411566546306986,0.029550471572397055,4.655466139653997,0.0002895483630195468,5.884963638800655e-10,1.130954380939343e+29,23342.368494477407,601301663328116.5,27592.75636948068,2.085447379477514e+16,45080.600083576515,2.5636977761760836e+27,34579.384675432426,8.755276565126007e+26,703.1201825791649,5.430278422242342e-06,45166.47937447239,1.1238562708241859e-08,34901.87239063588,7.598856765598433e-05,95547.48415479544,0.0008936629784147112,31957.10783638319,8.901716258880062e-08,9.887562673502879e-17,0.025670025062542724,6.3182809641237815e-09,0.5199329110774966,0.4800670826042223,,1.8075163241008284e-11,50051.44879301644,4.681937380479011e-08,4.219778878401051e-08,oxide,mixed,mixed
8.329929592701627e-08,70772.5561842454,0.013849339711658831,14171.246806868721,5.908161350690774e-17,70697.2272256194,0.30534611927975763,125514.69557702556,0.002861246675312672,9.875754685594135e-06,3702603.487031801,0.07359878688885445,0.04222753775275293,0.02814550105574724,0.37827681046315004,24.416352634604085,0.0002549907419282201,3.8379970247954483e-10,8.342435231236821e+28,15189.987433700668,552490595750490.94,26037.304284381466,3.506937510947379e+16,47563.7322369699,2.8410911170403394e+27,26802.060126610428,2.8462633641305664e+26,838.9477970543162,9.383676132289545e-06,60119.8885258326,5.47317907215328e-07,34077.0733267249,4.818454460830136e-05,96061.53606022327,0.0007877048960125628,20725.394150081775,4.660942980027371e-07,1.8133409857077203e-14,0.30429420100342375,2.4214021985844307e-09,0.10892575005866298,0.8910742475199348,,1.0650736363272945e-10,2824747.029412346,3.918748462617341e-07,7.421945174100301e-08,metal,metal,intact
1.4942697179237503e-07,74624.64193439715,0.02854532704692107,26981.247345093816,4.2402674364936614e-17,70364.20505010645,0.289663242787478,140472.13807862182,0.002842207995966077,4.021146523293703e-07,4866487.067270278,0.02776706242365452,0.09056627534138885,0.03731676493675329,0.4954227735401623,75.21223273530417,0.00032832775369945344,4.703950239192974e-10,1.0408595555656247e+29,18166.7978564662,62800989819058.35,25507.08526441698,2.4480703641519372e+16,39199.40150944495,3.7022009662170295e+27,27502.016811765887,1.1113639849018521e+27,1028.016174327273,4.1637139181156654e-07,43408.653885814,6.796484873833793e-07,35657.974629576674,2.363463721644245e-05,78354.98408505836,0.00038517076819399035,27728.670464930365,0.00010420179381373946,5.287610596457618e-12,0.45829977985423853,5.12489419394229e-07,0.003070540801742224,0.9969289467088384,,7.808160481817335e-09,4827499.353442752,8.79493092400986e-05,1.6252484573640863e-05,metal,metal,intact
2.3325037582806027e-07,60360.592145782575,0.08462884195115647,48099.99729559472,3.4974662940402483e-17,69685.0662879612,0.2051177397349478,21043.343488557046,0.0021447970998802112,9.490710696823046e-06,9147791.719927792,0.07289658019728162,0.062163541690003765,0.05241182890363877,0.1621844305316634,97.8505723095702,0.00044412802613118143,9.305459431440636e-10,8.505001506395958e+28,19047.826606836214,604764738882030.1,25404.656216642397,4.14515954351307e+16,35327.83237312686,1.914409171221814e+27,25855.51081803728,1.4668574498407113e+27,920.2019536233315,9.227966254547574e-06,51684.3228526126,1.680686863048624e-07,32924.70703939121,0.00012386233978833912,96271.37614749094,0.0008055772114481693,22773.83898304012,1.706991797815429e-05,5.591624598959751e-16,0.32811799203154196,7.0866199468672e-07,0.05838943419335377,0.9416098571446516,,8.73836000900975e-09,5.9981893776530235,1.4467233567624097e-07,1.6925245642478046e-05,metal,metal,pinhole
5.676392696570027e-09,75509.04575032427,0.08854870941293,38969.12913329735,1.0402150387153833e-17,70084.31001373784,0.1576100297936865,48392.86887156659,0.0038075437921410394,1.5127902692328914e-06,5059321.717638455,0.03444417851176981,0.02240864230434119,0.017523517842413044,0.2910751146914756,36.04333980188768,0.00030372881424167416,6.879243561569896e-10,1.159091607244313e+29,22626.73440682624,71355220574822.88,26508.43171305734,1.3324803501164528e+16,49095.235341695836,4.335670752926713e+27,27077.206008069414,6.839284214814216e+25,905.9928684356805,6.609406919167704e-06,44834.75241140343,2.013203869464337e-07,31528.40887721149,0.00010605205469751444,74110.27716764256,0.0002899180376400332,32448.230869805666,1.6200779686185981e-07,3.7945254239247443e-16,0.28589858619475156,7.383279031662668e-11,0.25551682578343404,0.7444831741427331,,1.6029741387172188e-11,2624689.6431729603,1.4623413983028648e-07,1.577365703157333e-08,metal,metal,intact
1.8283096818945718e-07,73936.24129932073,0.038837485832534484,37687.55643754951,3.26488758032714e-17,69491.75169064132,0.31195562007049304,123093.75985100897,0.0009740705190149995,6.9515250372639706e-06,8269639.741639096,0.006438104427124657,0.00017823272544245782,0.06258305644438779,0.15396663984332498,40.97630592697398,1.7990692185486184e-05,8.225742724007588e-10,1.148261482152907e+29,22486.02049779692,82180787349904.8,27786.623828688724,4.767231390308866e+16,45881.11152021656,2.1063340425402068e+27,21804.56158815913,1.6209310613568439e+27,1218.1359451716166,4.197621484780083e-06,67791.62034172245,8.16831012307625e-07,20870.152594881336,2.6957250569721174e-05,87843.62666560877,0.0002746930042792646,34953.615205788854,0.005387151408186316,4.8813330775758084e-11,0.66695847978389,2.6368272413834416e-06,0.23400985140572034,0.7659875117670384,,6.29170745260471e-08,4539036.448278893,0.004901625502112641,0.00048552590607367496,metal,metal,intact
1.3917197344110914e-07,69011.15056179729,0.06664783858468037,38072.18777121915,1.5145098551923138e-20,69945.51057281291,0.23227957304378866,162572.05949971388,0.003014811565561622,4.455026007220568e-06,6055429.8338240795,0.013620807811834536,0.07613354712658496,0.036681649306857494,0.36890742516439456,18.205377126372557,0.00015861486576609966,4.1048259843943756e-10,1.026112561656825e+29,15107.296857086774,442765664973815.2,25092.039709755656,1.2036223788761072e+16,44299.5180132081,6.153240169470977e+27,29189.56476195878,1.5881960945516505e+27,1073.7186389803055,6.8942521482044465e-06,67775.14849471152,9.887008494637018e-07,39354.90734914608,7.968321107162482e-05,75548.76374168637,0.00025121631317767906,20278.873038650225,1.6335809849048816e-05,1.9127347015863202e-14,0.53712617627769,3.3156390786979146e-08,0.69959669000538,0.3004032768382292,,5.4284391679603055e-09,19534.47590882368,8.705866330155102e-06,7.629943518893714e-06,oxide,mixed,mixed
2.9223911688093173e-07,68969.09654803907,0.03930108195200067,8576.46175221325,1.2070925432936596e-17,70456.84696462976,0.19382730865720588,114955.5211772251,0.0015650648688287031,6.837334632628272e-06,292835.20766608935,0.06334390940117293,0.09541546996854418,0.05160534323255293,0.35431319479863327,8.447413356500721,0.0002654061998585695,5.589256351013732e-10,1.1156684828116629e+29,18417.64076106346,717450921667291.1,25267.19589256603,4.889122557508656e+16,49164.69429481323,2.2770197976356344e+27,38137.658501558835,1.3974345100372467e+27,1249.1863710597097,8.214678486551228e-06,54301.00788317082,8.618882500592618e-07,44434.86639450867,4.307927667007515e-05,94996.38786222781,0.0008088810606241445,39686.2928254174,0.0005891067137019411,1.0135689985073836e-11,0.23475140766196684,3.4741358393886636e-06,0.4505920620963033,0.5494044637678572,,8.833210872796025e-08,46109.60677164263,0.0003828176942865652,0.00020628901941537595,metal,mixed,mixed
2.0049478311359279e-07,61938.04606409836,0.04576398899757144,43928.82075209682,4.925063504215326e-17,69636.17668163977,0.1618387355602146,151241.28096251065,0.0038633569306375805,2.464805143553812e-06,7044598.044353603,0.07699383559296562,0.02283877493245391,0.0024416700575350813,0.4539246918478292,14.677901654706147,0.0003490850234371481,7.002514560708406e-10,8.172324616001696e+28,22526.082385377485,96141564875305.69,29206.265918646277,1.5190100006415996e+16,42394.858891084325,3.399418122748506e+27,30503.90871917527,1.3746698614102212e+27,881.0348101273785,3.812134595537209e-06,64615.39666421801,9.715869557836602e-07,27387.33104357513,0.00010703046790068018,85849.10664304165,0.0008076881817503489,17105.659251521043,6.636732690037286e-06,8.828342577578972e-14,0.52673709105459,2.5258667726553288e-08,0.06208502522433878,0.9379149495169934,,1.204364325438061e-09,6108851.04811221,5.918079155343807e-06,7.186535346934784e-07,metal,metal,intact
3.8810781803814075e-07,79501.30335087486,0.04124098592390851,35190.12991582491,2.6592241587499367e-17,70380.93217484016,0.21200867809720308,133491.7279184328,0.0033009680199364046,8.820953842829194e-06,5445548.705865958,0.03746553356653378,0.05631050356106775,0.07093491320880205,0.42727043741815895,51.54351605029668,0.00010743747784861554,6.81488718065549e-10,1.1548690756522056e+29,21123.19998329757,449590902078557.56,29194.81530605625,3.0114911138309676e+16,45728.87312685826,7.39065342921412e+26,24656.728090658748,2.296393325259408e+26,614.3239255876498,9.36889175894026e-06,62427.19404195571,3.5106783396998577e-07,37345.46335412449,6.779586579222646e-05,90496.92049602696,1.9653020161271784e-05,12381.078480394353,2.563997300922154e-10,1.736533292747381e-19,0.12475839965423448,7.202824836037556e-11,0.3795674335559496,0.6204325663720223,,3.3082230273180593e-12,1141.844730414515,3.7818775357222706e-11,2.1858095473499268e-10,metal,mixed,mixed
2.0456830325148606e-07,65249.0903413745,0.036429735684917315,19886.571880868833,7.385921912396962e-17,69473.55526521003,0.1157925977138389,146697.85480786944,0.004897647886829127,7.860594038316843e-07,7754201.694908728,0.01646781267606809,0.059514999526879366,0.07857450441124181,0.022058283153160142,33.536825366514336,0.0003029023177588147,7.773534972806064e-10,8.920009632575267e+28,22036.29655382856,166679252063487.28,25984.967328451403,1.9930238474167716e+16,39676.53032227707,2.8307446819891637e+27,32673.21117140187,1.638133889101822e+26,755.5724305958104,1.708359865071329e-06,53756.14391887502,9.926084164064916e-07,25288.4025976433,0.00012938884209427864,85914.57901724066,0.00048667667935123733,20251.447250293895,8.549432378624981e-07,5.829368735721549e-16,0.4861599583990485,8.942705322729649e-09,0.297212944868652,0.7027870461886428,,2.0443539113519781e-10,2986468.234955398,6.625520755545889e-07,1.9239116230790915e-07,metal,metal,intact
2.1150395509272653e-07,72946.91632525716,0.04814945263446922,1379.5546997319288,7.756741612290381e-17,69388.11552802919,0.20983391021157255,164819.0091537416,0.0032778346624654326,5.373427957407865e-07,8153625.893497143,0.028432091191776893,0.024367117975699553,0.005668785624088296,0.026575987993171006,30.02601225474776,1.027174654563776e-05,5.343627731983041e-10,8.824038652215041e+28,20549.557972226146,637538911448606.1,26351.918740231147,8220402505974766.0,39240.300716845326,1.1392453748880875e+27,35268.567675971346,1.1075299576885042e+27,628.6204146306551,2.5661912345492263e-07,57794.63408790094,3.3492289140861996e-07,48623.004507859005,7.54708677877011e-05,84816.78021305209,0.000824516205175317,35562.448858477146,1.4322730239637504e-08,8.475731903483928e-19,0.08724787842162933,1.7858273293077504e-08,0.41182148722857387,0.5881784949131529,,6.849685272970942e-12,2499.9855746375147,4.166439175583015e-09,1.015629106405449e-08,metal,mixed,mixed
2.0678822616937372e-07,73890.13585694146,0.04060653459655016,29316.60474821689,2.7427474246876205e-17,69613.86922502071,0.3722106522193355,93164.63590388051,0.003953218338566009,6.36556224005504e-06,7605209.686582406,0.09550214521095919,0.09724159793191124,0.026343142511419306,0.20756478591326435,58.1557061826157,0.00024159282192080363,6.936968369853987e-10,1.16122978734705e+29,24898.902368862822,467024200629016.9,28755.165434224444,4.2630727975218856e+16,49772.58112052542,4.314250729165117e+27,36741.33093462907,9.792153678437532e+26,1139.809247196494,4.048483727416018e-06,44243.51619416535,6.170528179242491e-08,30116.72653146697,2.2654176392172136e-06,85156.92431123184,0.0008861406949057108,37638.283865574595,0.00023943594896260855,1.520589535701544e-12,0.29914210497887017,2.34162278017233e-06,0.24913325308167086,0.7508644052955489,,1.4309064251291579e-08,3393827.446203472,0.0001713218496216201,6.811409934098846e-05,metal,metal,intact
1.7634578425136298e-07,75930.58852917097,0.05257647563258133,44318.15405565145,7.590924383253661e-19,70355.4513693443,0.2598117891821319,45500.81296997273,0.004788092877662034,7.834585943814437e-08,2608885.0705726957,0.015245091975216566,0.04450119972014212,0.02925044077230057,0.07979534606562366,93.27015410809523,4.996593641635671e-05,4.1555269863639484e-10,8.326667333142761e+28,17758.912872217566,763667961293630.6,27384.589443925073,5.553035038376681e+16,46246.653829095936,2.765320092779698e+27,37942.54652519971,5.1140054266382975e+26,785.1866585326215,1.2955516900486009e-06,50241.29497427591,1.8134376731969394e-08,40325.64794062585,1.5261447451670546e-05,81447.29967141313,0.0009533111688842181,5452.920804339343,4.857066833649947e-08,3.7999865388450065e-18,0.04229335858492901,1.646476543914782e-09,0.47217759491976524,0.5278224034337583,,6.432226868077507e-11,501163.0010601159,4.008948374051708e-08,8.481184595982388e-09,metal,oxide,intact
1.990058188212769e-07,73607.07793358192,0.03658183779856123,3816.5101266350025,1.0945877287646438e-17,70003.85362711862,0.2611631840944931,72487.06820999674,0.0039099000958662256,6.092500545470031e-06,7677026.430761891,0.013259407324719513,0.097621818448061,0.07055122793301137,0.4768439030257372,42.971922872039734,0.00043457885415997536,3.0592395955591545e-10,1.1794978714063037e+29,17733.89819648462,627215364130842.8,29651.202464302558,3.75858606814828e+16,48464.95999307505,3.1489849563729873e+27,31235.488396880733,8.986612006560163e+26,856.026080676264,7.897822520248945e-06,40852.24470004693,5.518633867174372e-07,18294.999234193194,8.968613337995664e-05,96737.74292284276,0.000930447075809406,39745.561951555566,7.341345962191254e-07,6.619360171168475e-16,0.5285934823787738,1.1013853303926754e-08,0.5536817337032478,0.44631825528289887,,3.461020176339192e-10,11037.40656045186,2.3708850276651564e-07,4.970460934526098e-07,oxide,mixed,mixed
1.80991512441471e-07,64471.83474848916,0.040197029080313446,14357.80221705404,1.8154609333718338e-17,69129.796240161,0.33453794431628164,146530.56091977522,0.004211906282843789,7.5807918810181816e-06,2689311.694229811,0.04592185499833358,0.0728727218830084,0.02957048601901004,0.28147524440751504,41.56890228993049,5.8885212162682384e-05,9.881519143610916e-10,8.03920353670434e+28,18556.36775020105,230894623317411.4,27736.20834298579,3.4152197504422176e+16,36131.15512038348,1.8197411699760906e+27,28065.65300085675,1.3310348617263767e+27,897.398690881668,5.369730989552418e-06,45564.264650133846,8.507861781887033e-07,7386.914831794105,8.629434053425678e-05,84827.08201363626,6.456783914231918e-05,27648.912441116045,1.566989256289133e-05,9.304083556374583e-14,0.5479752623506906,4.954229703298149e-08,0.5022867042447543,0.4977132462129487,,3.96506092968659e-09,332153.9533077989,1.1127176484383574e-05,4.542716078507755e-06,oxide,oxide,intact
3.9436177902379706e-07,77020.60117337189,0.024447897162593928,27320.588533612998,5.367069880704785e-17,69359.52125446423,0.22349094306019202,153913.23067103667,0.0013916118622552718,2.5357512902976695e-06,1388118.8150071653,0.004477686133974242,0.05678557989735179,0.010218434589512835,0.014451401677223526,88.9858588663717,8.510803326043432e-05,5.811000843103449e-10,1.100541972252718e+29,23105.103480311336,776144945098406.8,28480.582117645143,2.807516630968481e+16,45141.76913205274,1.800359713204752e+27,27824.833410803607,1.087825794705533e+27,929.0847182562594,6.0829230974328e-06,65980.30544737846,2.2194496191666118e-07,17588.550667820044,6.948508142543983e-06,88750.45644152281,2.121645357358983e-05,11123.780189506992,4.0293322998690825e-05,7.077329460203143e-13,0.25433563356271405,2.808399838620051e-07,0.11031159451771747,0.8896881246422985,,5.126132794659781e-09,1075126.8354634775,3.705799991127058e-05,3.2353230874202467e-06,metal,metal,intact
2.1881424460151958e-07,70047.75267345383,0.007582026895365596,48225.38517916698,7.453225701701793e-17,69586.06268208292,0.39497058343020947,95063.65587148714,0.0006190243668497486,6.73926435559087e-06,947404.4535478718,0.04815583612186508,0.013352350832233703,0.039753178763129726,0.19363043652419576,76.25043148919667,0.00010362123835084449,4.927890102708957e-10,1.1437407988314069e+29,16740.866391922955,231197102479183.94,25309.64816093862,6791378466250691.0,45788.00037740453,9.79629327444942e+27,38556.997106026975,1.1950052805028037e+26,769.6630897511311,2.148414178500899e-06,66631.11799833243,6.912652687516848e-07,35224.25833397092,0.00010633512735736942,88300.58074374724,0.0009742627909642524,37566.271936092606,2.2007176525906246e-08,1.1028349814068408e-15,0.15993017392940273,3.6027595049540466e-09,0.11278496896576953,0.8872150274314708,,3.405506128559083e-11,722496.7944069662,1.9501962996715742e-08,2.505213529190504e-09,metal,metal,intact
3.8764191671590363e-07,71729.1327290203,0.09171772489827679,39917.74940852845,2.576974554989408e-17,70128.43007756239,0.23070803127658274,144052.73785418377,0.002223717550889971,2.9275650289591665e-06,5337408.822619337,0.030578449865979018,0.08442508217870127,0.09041922526876543,0.259806099300614,32.11052501613801,0.00017522654393727853,7.348968610728405e-10,1.0648005971843314e+29,23084.04799928808,714489882504265.9,28570.375672608083,2.3327205318186784e+16,47135.54177740417,1.1747256822843805e+27,35740.564583797226,4.059751174340246e+26,1095.7585225426542,6.164552603618219e-06,40716.35097201433,8.865756692445729e-07,8606.713288274885,5.249036644502407e-05,97229.0654495096,0.00024171887790665713,25854.184426985812,0.0027060657887238793,1.5342621309409263e-11,0.6507520718515998,1.2898237274500944e-06,0.16850122416232785,0.8314974860139448,,5.4401445452978514e-08,3299672.4328398937,0.002052923206863659,0.0006531425818602204,metal,metal,intact
2.5622595034681545e-07,74657.42182856274,0.004385179319898095,23758.81138973349,6.079298257415851e-17,70905.07604631878,0.1853203796084117,81807.39287045338,0.0012674066086093118,3.180600701359664e-06,2166931.380346623,0.05583983369480452,0.011552648297859262,0.014443007040119239,0.4369730188697182,7.5137570270966325,0.00043781297885287385,3.5064585604922294e-10,1.1636891317110727e+29,23351.688948754283,159096069609734.53,26009.540207810227,2.9063898324757964e+16,38932.06272304198,9.769966842556012e+26,29085.54918467541,1.9883773231679252e+27,1047.4066270875599,9.220338997809572e-06,44973.976491407535,6.538829631378186e-07,24088.477928775977,0.00011708016613478948,73357.15558970101,0.0007928326622606786,23697.961660521025,5.5349651334002766e-05,1.9407403361268108e-13,0.4215789542252637,6.960822335797481e-08,0.48359783982568166,0.516402090566095,,3.3763580840374066e-08,412652.61879808083,4.657027348441391e-05,8.779377849588855e-06,metal,oxide,intact
1.9649165136818234e-07,67538.05060902178,0.035622861107182525,25575.487598685046,5.5383989013502215e-18,70669.73560620577,0.09563731482628918,129151.65906537729,0.003328117715041898,1.0570708765970445e-06,7416467.672837448,0.012633962556044313,0.0419769799151883,0.09343793246624169,0.4843423096238057,93.61403701291768,0.0004416946702650308,7.064332581448531e-10,1.1094521048273819e+29,21346.868903538085,488886829978065.94,29807.193351919123,9531383410588028.0,36577.673102847206,6.202792242835235e+27,39496.343843106806,3.1373654637009504e+26,1085.1493447520338,7.536397979389082e-06,41387.15015588086,8.793566695606004e-07,44060.489193129906,8.620117655871501e-06,80240.52685864248,0.0008567272510327747,6003.201839997353,0.0003052658998659301,4.11471717481088e-13,0.5320314177818073,1.294779541191141e-07,0.23158339748303985,0.768416473039006,,1.8999057780780742e-08,3898352.240545945,0.0002485128459601784,5.675305390575165e-05,metal,metal,intact
2.419984695468718e-07,67565.9760705689,0.011222832280134048,29103.212521497357,6.889268257170375e-17,70042.03495987298,0.22316930086862508,155799.99509053733,0.0028863340102241496,6.1826869222061025e-06,8696859.412017563,0.09325155378197016,0.017429274414597608,0.08826455637353153,0.1168823562329595,85.32142344496468,0.0002532062472813967,5.285971008339164e-10,1.056452501514973e+29,24632.538720745848,365440746502100.25,25395.619284405646,3.952801682100086e+16,38727.517202598996,7.352723955921377e+27,32743.98015111236,1.4556987304156917e+27,597.7304837217184,9.052359546075499e-07,59640.12379159592,6.831961418473444e-07,25509.193842980425,4.463203834994064e-05,75438.39933061469,0.0005919095587645059,38513.13047521185,1.6276909045186817e-10,9.53602350119371e-20,0.32512154739756266,6.879894951851532e-11,0.27070260862325357,0.7292973913079475,,1.290003986506554e-12,29109.909903010855,3.433273314567304e-11,1.2843635730619513e-10,metal,mixed,mixed
1.7694128342891344e-07,73682.58290892998,0.09467216602960085,41175.93360413036,2.4837965481027486e-17,69062.22368960475,0.36979074622635044,84944.37551808107,0.0034718412939443084,8.002519049084359e-06,5779923.013206864,0.0756240583472038,0.07366432377010815,0.016512907609560222,0.17659291426645676,76.46004779115559,0.00029792879469907015,6.80514142558913e-10,9.519727717311093e+28,19418.285058299414,736901030512711.5,25083.168848865345,3.5971798440320776e+16,41464.943092723915,3.3815182538914155e+27,39231.000106035586,2.5848920376825025e+26,1219.7559466979533,9.049840585748293e-06,60869.57846120756,5.768004435860754e-08,20932.35188670564,3.8355578630572745e-05,83610.26230727996,0.00013056701613033665,5079.528454664581,0.000888869131858412,2.0945597731988895e-12,0.30880846701814246,2.525967716776138e-07,0.4988201629697072,0.501179584433521,,5.3412976127966524e-08,136672.09657337103,0.00044436643700182955,0.0004445026948565825,metal,mixed,mixed
1.5749809493833997e-07,71620.7729339583,0.03012939129621125,3534.939855697192,1.977864073073142e-17,70193.63173838682,0.26758267140950265,64895.34308232063,0.004265948057478229,2.438690090890888e-07,3877063.3900295687,0.015685305315939833,0.07775096868133088,0.012919445511310159,0.370102787356399,28.255238736070783,0.0002794250553628765,7.532533861593634e-10,8.028221581636657e+28,23574.2152720655,336799103624632.3,25939.549885532586,1.3547275706801924e+16,40117.176176478795,7.264094747708067e+27,32363.47287329985,1.8505177123574075e+27,872.0874172419994,7.6077409351359005e-06,46763.20359510818,7.054331847080287e-08,46434.39159616345,0.00011469275707439268,77618.31937363859,0.0008043263509370367,6399.201745547003,3.1583500955494843e-06,1.3099546400821298e-15,0.1062380721684334,2.199775401245296e-09,0.26447776679464585,0.7355222310055789,,3.576952546432838e-10,1953287.6263287456,2.7433587562386826e-06,4.1499133931080167e-07,metal,metal,intact
1.0954975209121163e-08,76624.32248935291,0.06922165682318217,48818.492443996845,5.1337394874217e-18,70073.82146513862,0.15532471087932753,126197.59774292319,0.0019320033350051884,4.788276430184902e-06,4547115.031503331,0.014976682116303545,0.0850933558527583,0.022580518250332537,0.14762566584408437,13.761060465080952,0.00035392205664232365,3.9638379241017627e-10,1.153855812114417e+29,22203.49120367846,435216247609922.5,27517.685617555493,4.292532536731763e+16,49273.812642593555,3.68956032292885e+27,34350.53778164082,6.136159130381633e+26,1244.7300926522487,6.507284343116718e-06,56209.01473305486,7.310595162593153e-08,28109.984086643,7.754688908695856e-05,71801.76545611997,0.00038256102265948655,35357.59011705789,0.00020173385023473605,7.611727269942189e-12,0.29582881304149694,2.536906174445865e-08,0.05039209924834763,0.9496078753825906,,2.557832861417537e-09,4045098.9786689417,0.00017585102502907604,2.588282520566001e-05,metal,metal,intact
2.762684339985134e-07,78578.35737622678,0.05173933508282661,41677.64298409737,6.586937997084753e-17,69681.1228602316,0.26719523807485906,34678.13037600425,0.004987378777217753,9.653303218083273e-06,2938046.6753150076,0.05980800570972397,0.04810461571959236,0.07440680121169511,0.17533034986998683,63.66488531815631,0.00012864167342872213,9.767093604618229e-10,1.1067794674083888e+29,23222.353542067904,409953371149167.5,26874.362836329507,367034100017915.44,45376.22578021548,4.239244372525307e+27,28959.93537570849,1.724473572127984e+27,1156.523593076767,9.238030307789226e-06,57664.21749174572,7.337328831094581e-07,41111.16416437321,4.261182869718205e-05,83043.42685221834,0.00014098439991335046,37816.382132894774,5.17888935010678e-05,4.285639904767234e-14,0.44266066229494294,2.14937441642379e-07,0.3086813125507363,0.6913184725118222,,3.1589944483550664e-08,834.9196185839863,6.117620673481676e-06,4.567127282758612e-05,metal,mixed,mixed
2.3382426179840043e-07,71166.71371037977,0.015279200366191521,44595.01459779003,2.732098794266097e-17,70372.68179956982,0.30042442716727263,62169.00491445732,0.0034926162037024204,1.6234120153406649e-06,1284465.966901262,0.06556910069491802,0.07935077710539877,0.04355919225051277,0.4558605004943348,90.75234019471695,0.00010890817145996338,8.903897288380131e-10,8.764617677712089e+28,24905.066192418148,769980235544074.4,28671.193692669476,3224318700030583.5,40707.82289568428,8.509226299645108e+27,20450.724008262227,1.2664034955784476e+25,791.5886056978577,7.196072516955238e-06,63128.433553518626,7.372391981876995e-07,47560.478845679994,0.0001195091149802974,80767.72498268253,0.00036796337126681,14243.101419781426,4.0538915342375964e-08,2.8483465097462314e-16,0.13259110304728983,7.095496406140708e-10,0.1625822526267361,0.8374177466637144,,1.072073132311517e-10,829461.9492495869,3.175434313041849e-08,8.784572211957473e-09,metal,metal,intact
2.5470673103278153e-07,78619.65271278653,0.07685688009236764,42228.89656641655,1.8897123469552885e-17,70883.34972541904,0.36944938976787817,46619.42317018358,0.0012856717341815295,4.717384411504404e-06,7883274.708004713,0.04884608512139763,0.021806607193467255,0.058116041015101136,0.09661854357710264,91.59703157889732,5.786387263141097e-05,9.910026396275158e-10,1.1851749792726493e+29,15705.097346598764,767134751412701.6,26770.641200084425,5.196017568163598e+16,36919.67064110609,1.3594626407185988e+27,23430.556328040424,1.2571599431198935e+27,988.5489536843345,7.671876645648258e-06,49518.21457554627,4.4307594014449033e-07,34940.54025003927,4.439907544778748e-05,88517.67138601703,0.00030347448211289835,20855.32371260893,7.420343909093486e-05,5.690781163952195e-15,0.4487855172749505,1.8152392138409526e-06,0.20029656139750351,0.7997016233632825,,1.8451062195295874e-08,67.22188215175869,2.9423314571943833e-06,7.126110763374047e-05,metal,metal,pinhole
2.354477867816026e-07,70796.99062074182,0.07246208692353087,27667.813960501386,6.79415139306716e-17,70488.92420400874,0.1042855949879071,83388.47637657868,0.0022117685799685916,2.362870027992926e-06,3141047.981998204,0.08951773364682018,0.06090761199214785,0.0012097904820001192,0.15089690932992833,96.38083835234457,8.922271491380306e-05,5.471874211415774e-10,1.0100086500948973e+29,17790.703304578677,765701992395244.0,27297.484022332545,3.2699878614070084e+16,47917.483251813646,2.69862771562013e+27,34700.18247014464,1.1116743252862343e+26,577.5715387134194,4.149185286364979e-06,65610.15777123811,1.666553817834929e-07,8564.755736557916,4.6804635447346246e-05,86035.48486440058,0.0008160227258770798,36159.03080465318,9.832019715431918e-11,7.532593652321608e-20,0.28944608675271144,1.8259582091571622e-10,0.4614722243184617,0.5385277754989425,,1.7010245944778312e-13,35891.97761540547,4.2813646725802975e-11,5.550655042851621e-11,metal,mixed,mixed
9.711145367104854e-08,69705.00213523566,0.08433269226930194,32927.19959561515,6.318749770831225e-17,70865.42526164063,0.3507326602685978,102143.63984546927,0.0006494935906454402,5.083455193137966e-06,5518499.943240792,0.06325316676034866,0.005150711737060444,0.003770345070935103,0.019630185212414653,62.7605230573765,0.0004931713632887405,4.941344043754253e-10,1.0306425877277607e+29,20682.23722590429,111657484128098.95,29311.35524824287,2082421441130103.2,41817.509016670534,5.442610792993465e+27,20220.723254209894,1.0805779553086004e+27,945.5563028947056,4.244020362110062e-06,63501.22099024255,4.575662112437763e-07,35808.73174809911,0.00010804317950691965,97247.01675822613,0.0009168714629870942,29412.470751522833,5.356545538909045e-05,1.6381989444548574e-13,0.3804634700989794,1.4425165286340739e-07,0.520525109528472,0.4794747462198751,,1.0897321302297675e-09,762556.4308843248,4.4328745421495295e-05,9.236709967595155e-06,oxide,oxide,intact
2.800345315218562e-07,67442.11849797901,0.044220020159260645,19128.39293460563,3.4789446451220293e-17,70449.6425362296,0.1634246902384904,81305.10345979004,0.0026860158173963255,7.0897814793620716e-06,2971422.4925434934,0.06170797322418036,0.06804908041996721,0.012902571680970618,0.07929199301834698,56.0938356833651,0.0001343913541581925,5.309967646123579e-10,8.651979445614554e+28,23838.016437327256,119676747915647.48,28621.477711926396,4.494576465070507e+16,38616.693223297705,8.338615948936212e+27,21135.751111697264,1.2441554661338377e+27,827.4749474647739,8.411678219080377e-06,50288.37575643693,8.23354795348494e-07,39926.054576233546,5.447370107797665e-05,74640.30215888468,0.0007966755045053557,30830.37735755671,6.469490257984647e-07,8.986905741518255e-16,0.27388850839198603,5.1911779327546364e-08,0.40409970973470094,0.5959002383535198,,4.2441043712488147e-10,5414.757258644379,1.7935654833579934e-07,4.6759247746266534e-07,metal,mixed,mixed
3.281649084344884e-07,70857.04353766676,0.03726929639716531,21568.700235684308,1.7011321770918242e-18,69057.90012218925,0.23493839538458677,132574.49175634078,0.002007887348063336,8.83737946435959e-07,9087560.76125449,0.04259238749753858,0.04776034193927221,0.040597487278921,0.39929284876986915,37.59613647008024,5.609372543350496e-05,4.2461576318939664e-10,9.981970814367242e+28,21238.547331206242,440754980689042.25,29798.979970473432,1.6399605550198006e+16,43128.181306292136,5.662897451723025e+27,29518.965422334924,5.725906789106899e+26,817.9098810393207,3.197961713049555e-06,52695.58611330715,6.264290780611277e-07,49277.31278824449,7.087707879187699e-05,96308.70842552418,0.0005734547578906227,23415.071487886722,1.1545576257696402e-06,2.368237374681735e-16,0.2833841625349771,2.068440499499135e-08,0.5498423528612582,0.45015762645433677,,3.0933528873508445e-10,125990.39030331202,6.194250897889439e-07,5.351325359806964e-07,oxide,mixed,mixed
1.048977266162915e-07,77652.6077651041,0.06614961888492028,49612.53534413359,4.246029187500157e-17,69220.1807177534,0.35162621928271165,50769.280513694146,0.0012500019264180006,2.930801364563234e-06,8174926.46688034,0.05747112334420993,0.03801726794096863,0.05352737117676403,0.14361824120199215,23.367832987272234,0.0003617712601078959,7.234560129976096e-10,1.1898532130837125e+29,16993.56827672658,229954786160054.94,27458.974987798276,3.7862621312667464e+16,44407.870144707835,1.0475321837533478e+26,29328.780491686142,1.7601446930441394e+26,1057.7461654850106,5.571272499822436e-06,69964.32644746701,1.8452092808830805e-07,29713.105154984863,6.302897973358718e-05,75862.88112627101,0.0002999402050249497,8673.664155251732,0.00017824683053136684,3.644760424302229e-14,0.4054399227877168,1.0050572835050469e-06,0.32590223108409316,0.6740967638586233,,2.698716124213852e-08,2744.017860673687,2.9704814553590945e-05,0.0001485420159777759,metal,mixed,mixed
3.268336827355982e-08,70076.67350885757,0.06789582530320652,26904.887710903346,4.548854056573573e-17,69652.84895826287,0.11658291914823016,152130.48250743575,0.0032622944729984032,7.387393649086841e-06,7248331.489027907,0.04370323594336538,0.08165414182878647,0.07872545513199883,0.3981226012390594,6.519623297284752,0.00012703572646378768,5.546101327854991e-10,8.853989144096843e+28,16578.68849591022,158041475178596.62,26673.509876011038,1.3318854326705e+16,39125.611277654716,9.041656125868612e+27,34797.76844658336,2.4170791360651953e+26,1092.4387355186864,4.003852440390356e-06,50172.23812924473,9.855991808881303e-07,43400.52090827493,5.698472232748191e-05,99740.64010711877,0.0005680822888168071,30752.19008013141,6.676742396213555e-05,1.705693704229715e-11,0.5503427105051025,2.869744428587139e-08,0.007123196517132125,0.9928767747854236,,1.6466076879385627e-09,7125409.46690762,5.306926569977947e-05,1.3698158262356077e-05,metal,metal,intact
3.768880457963038e-07,73392.56653693708,0.05754160972426422,17094.857719214408,8.613838842690508e-18,70060.69654667536,0.3875707546976188,46133.1936934521,0.004792955771245139,9.531135640988347e-06,4822049.938029203,0.012859933520165791,0.07710736548825503,0.09078161373303896,0.19496141489120705,97.73556924075254,0.00033938780068274127,9.165146625164061e-10,8.708546607880312e+28,20492.63407464316,81604199862162.27,25121.886029914414,5.689998619822025e+16,48609.59330767808,4.995142398969268e+26,29804.46316095432,1.0554058402596686e+27,869.8642959661166,3.8723879674427514e-07,63095.91588315324,8.931960638577031e-07,23546.836226928262,5.16942264622826e-05,92219.76064411152,0.0006658533788896,37950.40221450244,1.256362919744731e-06,3.669579574309014e-16,0.49367215564953376,4.1044249880439603e-07,0.49505563362688204,0.5049439559306191,,3.0929008219776613e-09,20.218042077428677,6.912162209564208e-08,1.187241297649089e-06,metal,mixed,mixed
1.1045836712791249e-07,70268.34737213553,0.0439519698034938,21902.095656306712,6.174313943107103e-19,69951.00724393164,0.3980308215714475,143189.65732611617,0.0013160409579034784,3.966267097852096e-06,9282884.072468173,0.023805038145371164,0.07672176879081316,0.07779991985537625,0.027832317519789825,68.8309122792948,0.0003290125127383571,8.368928294594798e-10,9.089243575706881e+28,23678.73043855045,456235912627123.5,26175.871254213656,3.904263814676442e+16,36269.63788831833,2.648893790070575e+27,39554.51476142656,1.770491440607334e+27,679.5784306326618,1.8873050998046642e-06,59871.880796513884,2.4800244680038084e-07,46801.05809695062,3.5502699747880374e-05,94858.97061245344,0.0005847197594167773,30595.542685015072,7.004233644078704e-09,3.5534214646758357e-19,0.12019806607639011,2.228213773327742e-08,0.3036705300090089,0.6963294477088535,,1.0927266909664898e-11,17.485687526145067,2.2398076500620303e-10,6.780252879072501e-09,metal,mixed,mixed
3.3087656952258175e-07,66263.71099659427,0.01633869182815906,8231.591184022009,6.229043391888666e-18,70263.41859506286,0.09330974612196788,110373.94268432286,0.0014226550706155027,6.791775403214132e-06,6046574.188452531,0.08915312706442556,0.04985785258166226,0.06747212014700359,0.2697894017239202,29.85355336163447,0.00022354699683441444,8.851088858086614e-10,9.792365037779308e+28,18525.751703493122,438812108253143.2,25232.206113742403,4.722979815224146e+16,45972.809315303275,4.776217619212525e+27,39114.01707801146,1.829416331738444e+27,986.2182515700772,8.07737863554513e-06,41891.295256751706,6.787166718042282e-07,15815.731906042596,8.809647276694864e-05,83340.70791206695,9.070420981994269e-05,7007.210122821623,1.8324808657148394e-05,1.6485418587279447e-14,0.5811680458974507,2.3148083190431413e-08,0.35181634747378177,0.6481836293781351,,4.19923902366915e-09,20076.701831572864,4.4645543688901936e-06,1.3860254288258201e-05,metal,mixed,mixed
1.5057777388708412e-08,75395.51320123246,0.03668683676968139,10326.623305046667,6.970340279327013e-17,70350.56757360011,0.3114795480289867,145531.29257415753,0.003982813234994992,6.419006438870485e-07,2695497.0933239316,0.004071372712961473,0.09629600301015658,0.027328481276202552,0.39123150908480303,10.808297494842053,0.0003447282624187159,4.0280179704527756e-10,1.1069257036256054e+29,17692.797868116773,807135860590593.2,28810.86286849517,2.8948378722482612e+16,39954.20513077744,5.725407209163134e+27,36954.45549917243,1.6046451358349486e+27,746.4231569491864,3.7341706077889726e-06,49416.2841846051,2.308947129905333e-07,35007.55972979952,8.071944655769418e-05,98980.95519040512,0.00032761087544324523,14191.730635275379,2.661749889870238e-08,9.518070570451198e-16,0.14672956446726135,1.6906554039840397e-10,0.009818710189399874,0.9901812896415345,,3.3996128400444652e-12,2637780.619591339,2.319654021286604e-08,3.4209586858363383e-09,metal,metal,intact
4.237173151060175e-07,67716.62520656915,0.07900004896889766,36057.21906787024,5.232723896876323e-17,69907.92861751174,0.08424898417465,23170.73080574578,0.001417412153797283,4.941449453213756e-06,7107886.191978821,0.08633652130145797,0.09904129089721013,0.04103584118902627,0.06141464547189563,19.94085608275817,0.0003234926101921894,6.200930931203999e-10,1.1014956368806993e+29,22707.47222097879,283415762129823.06,28270.090271333916,2031272071662059.2,35491.253989819226,9.653250434260876e+26,27196.871404114358,1.967652769160722e+26,1243.0649984521372,5.108426684723871e-06,61269.693129543586,4.093667928249843e-08,11801.362704263498,6.629113655259228e-05,88936.32434474012,4.594389377372387e-05,8688.659052013152,0.00494771358366834,9.066363046461707e-15,0.32062114583919904,1.7350879399829058e-06,0.003160853460719924,0.9968374114513401,,3.638988061925978e-07,0.05186586681567233,3.783733609286654e-06,0.004943929850059053,metal,metal,pinhole
4.1210756311073236e-07,62599.89606849184,0.049396867298687176,33576.952433969964,6.385555209209611e-17,69757.39170149727,0.12169136287734093,152857.74479672252,0.002750455856771707,3.662762129438604e-06,9223980.795878857,0.08162704185344907,0.08128308281614785,0.08530829023172236,0.050337022893926095,27.902693352819426,0.0001143816643901398,3.353307891883358e-10,1.0654445532730829e+29,22494.134154354666,569217743362160.6,25461.213370214777,3.498177471377631e+16,42779.9739728549,1.2707744659949437e+27,30095.864883088572,2.042291507947482e+26,1212.2374344076325,4.174200070746057e-06,51404.76907160976,6.603117091307653e-09,13327.645534770516,7.285213330461383e-05,87304.10311547265,0.00023664212983621745,32516.08402121146,0.010756539445832427,3.6349641940732505e-10,0.1726046199726471,6.97217432968013e-07,0.02571461389762042,0.9742846888849466,,2.0869650767194143e-07,8592289.096969906,0.00802090605567885,0.0027356333901535773,metal,metal,intact
1.5507856485380795e-08,65728.48029351728,0.07067112690908864,27570.28879167053,6.957644957403522e-18,70533.23659763932,0.2592112875970772,146409.93403028604,0.003773818586420025,5.489589549903485e-06,3568715.5181343365,0.060883958555353654,0.0467058884962425,0.034009066159821785,0.27567271646009295,16.21367866325511,0.0003008839874856824,3.5325654975475647e-10,1.1123272627097608e+29,15430.1580555544,162504267888570.66,25662.23290575088,2.4382595830812348e+16,39852.91093931097,6.625041574954794e+27,26792.19109069391,1.9564661043917952e+27,1022.2423059187461,4.607012274060684e-06,60941.85553148439,9.315426377851001e-07,13382.380883989685,0.00010878644249918936,70192.77646259121,0.0007690300448605844,9782.042572115373,1.1154713472647103e-05,9.771866350177013e-13,0.5766896722007215,2.8485621119221382e-08,0.02753254171979976,0.972467429794579,,5.523154444882995e-10,3346366.8820764082,9.535895996759906e-06,1.6188174758871963e-06,metal,metal,intact
2.9265073230364815e-07,79014.58068967116,0.09060457139840454,7191.939177448607,6.732050562315034e-17,70590.37747194523,0.11616930291653402,86583.23120925792,0.0017909110830107472,7.609743034341132e-06,3421037.163953401,0.015587555401004722,0.06507515804626998,0.09599532537292069,0.08013157012035038,39.481457942739596,0.00021953154795358273,8.970555845557629e-10,1.1446233063563013e+29,21169.053937154975,149483268282454.47,28327.476546616806,1.8165196552981356e+16,49254.48215771195,8.62219408503641e+27,38064.48272017155,1.0122127173955624e+26,656.8586276508904,3.3796857160359844e-06,53326.823629442595,9.467576458342858e-07,22824.50600399662,4.944689918298324e-05,93979.37700878299,3.0980918047450924e-05,13581.448238248971,3.356186839055726e-09,3.920990079651169e-18,0.34155795648099135,5.360110561327816e-10,0.5437995302975156,0.4562004691664733,,5.788821245661592e-13,3363.850538666378,7.601655825594319e-10,2.5960212564962943e-09,oxide,mixed,mixed
2.379127177054824e-07,71110.36327636779,0.07779278505238292,36804.49308471212,4.088407902447785e-17,69429.33226220931,0.32750097726180666,63512.57081837108,0.002919431197909228,4.309020581581051e-06,8247699.255489726,0.03107774893142015,0.05969075096246514,0.001968878571968435,0.3934037303097642,11.019809064405353,0.00015816492010633688,7.185157614670452e-10,8.250135622530889e+28,24063.774662973592,762098083060909.4,25549.408597116373,4.6207285308730856e+16,46020.23703242733,6.38833579372045e+27,37569.53271949259,7.29435099834618e+26,1055.3999956210214,7.957033669569174e-06,52966.42288617446,7.795303529045875e-07,32227.49371148356,0.00010149957738491208,85521.75104838816,0.0006069054074987585,24500.74596935414,4.72338980212695e-05,7.333755699831042e-14,0.5715524076187919,4.0495500022393546e-08,0.6773941694780117,0.32260579002648837,,4.8027087617478745e-09,301462.0972682733,3.587910697492511e-05,1.1354791046344395e-05,oxide,oxide,intact
2.4317463382562345e-07,72322.75912955929,0.05334545684991295,43551.33144605743,6.533539568357522e-17,70670.00331366016,0.14830975774924074,107431.97757177509,0.0020373273296723443,4.198012117792546e-06,1244956.5397458493,0.08617656762648009,0.03056303628196085,0.0650427395501631,0.04824648661269312,69.93610551429677,0.00043404333320368606,7.106368508312311e-10,8.695750249283627e+28,17316.849364371235,806984411723271.1,29828.299987043953,828037918853535.6,45801.77931792343,2.2284164411476395e+27,32203.178647650668,8.003372696891853e+26,896.1645319122908,1.9129802475093084e-06,41827.88796916021,6.025321514224045e-07,15846.748953599115,5.8879792057434515e-05,76433.21065577913,0.000467254795790421,32504.86646299987,4.569641308004356e-06,2.678966167314448e-14,0.34977583928909706,5.778072030443617e-08,0.3674211866575535,0.6325787555617263,,1.3291057613712859e-09,271451.0337271456,3.111022654033449e-06,1.458618653970907e-06,metal,mixed,mixed
3.722190432357809e-07,72868.70293442956,0.03474494363390932,24684.047093487967,2.5478441713245665e-17,69263.08613338982,0.08673515968640176,160956.09363352586,0.0008347939016938404,6.811051235481967e-07,5606801.757436746,0.09265465944916838,0.04845468651759193,0.0829480829872559,0.4092600800411514,91.8579346796584,0.00044890641040426927,3.573173350519973e-10,1.0068911033200922e+29,17859.838395069426,286632132257743.9,26374.32998886751,5.870415057680455e+16,40855.72555205751,9.151706920512872e+27,34447.08165662075,1.3700511140643114e+27,878.7262566818297,6.518441966704583e-06,64704.17083199542,4.210393941799609e-07,34764.82306149632,1.58956606806121e-05,88979.12533722851,0.0009763524419847698,37740.23526176663,2.6353140185322413e-05,3.361514507971876e-14,0.34036684403451456,2.1295363958021588e-07,0.1625684695414443,0.8374313175049162,,8.347702635519907e-10,3469679.3595889914,1.9399577563306465e-05,6.953562622015948e-06,metal,metal,intact
1.0167155353991422e-07,66453.41445803535,0.0021015806908666742,25909.20523207402,3.581206227178043e-17,70006.6983792698,0.33490451742570326,121135.62480383765,0.0008470262625489015,1.0476026463148172e-06,1608013.1732622422,0.04972349426481387,0.09079293047717923,0.09196831121296986,0.18580507728817408,90.15528212608864,0.00023987536012712548,4.465684863278538e-10,9.99336534014264e+28,21950.022995718347,113428492067495.06,26738.511161445807,5.927653850939966e+16,38044.75841995664,7.945097830181653e+27,31955.462456990044,3.729995025171987e+26,996.0405066918404,9.197105360999251e-06,50895.24729944764,7.222834550934856e-08,32634.612270081536,9.332740109372855e-05,73458.85180270943,0.0008427909189552997,9224.20439514876,4.449582666039453e-06,6.166711165286568e-13,0.137331220245099,4.556916704570089e-09,0.0037071226192851646,0.9962928728237981,,2.53687646758178e-09,1592849.7256968792,3.4116512624811964e-06,1.037931403558257e-06,metal,metal,intact
1.1407452587165214e-07,71971.7111653048,0.08303901254454438,25693.20029292968,7.351557958480178e-17,69155.02809639208,0.3501491491100681,153310.75649836857,0.003975132490180827,3.733076609969229e-06,7974088.9570970405,0.04907717717498969,0.01991955743250356,0.0075231984898077395,0.06572734290949159,44.08134704921677,0.00021275303636630565,9.579281558466954e-10,1.0440102978424052e+29,15804.200835653028,295190672620227.5,29174.894881808577,1.0709598721355148e+16,46149.45672836939,3.3657866945583264e+26,27556.47918771692,1.0536329742788516e+27,1048.2345579684118,2.3092470242298482e-07,45417.26060860945,7.706131329516038e-08,7140.358545663629,9.868072543012954e-05,89382.17555737299,0.0009755051111775251,35614.74061250357,0.000703026040983618,3.761428231242691e-11,0.4032473124455761,2.3636441612099038e-06,0.02200078732968839,0.9779968490261505,,1.8633406948245056e-08,7547106.298199458,0.0006480039589118927,5.502208207172534e-05,metal,metal,intact
1.8600977343515656e-08,72629.26416943381,0.02373201052454549,39588.0152268056,5.756883321050921e-17,69534.14200502154,0.3960320080141889,32777.29144329151,0.0013100924436553769,4.603814340361882e-09,7514250.897690496,0.09146024361064363,0.006964529789503199,0.053934357895778225,0.07247782155637746,62.64693678870921,0.0003949844766483736,3.0730653282603914e-10,8.783548090362233e+28,18719.074878787273,319753090542068.94,29011.02489141671,1.6886042981277376e+16,35822.73467633937,6.067661364083877e+27,39039.66785538519,1.6593031151739762e+27,687.6440069245849,6.1710961981419865e-06,51595.41789227174,9.137940235860021e-07,40170.092104667616,7.63515258274665e-05,99972.57979637894,0.0005855722882297166,28347.40737307742,3.1267952520358773e-09,3.2912517514373894e-17,0.2570496729841681,3.8492173623696594e-11,0.00013247486317441288,0.9998675250983335,,1.3049375827278724e-12,7511905.885635115,2.6503371003585423e-09,4.76458151677335e-10,metal,metal,intact
2.0286047163247415e-08,76415.3709067106,0.010849626069637741,12060.560254181917,4.981728454645101e-17,70298.08614832538,0.36867789817422864,161652.69922821582,0.0011760192751186904,6.207001013588199e-07,7938934.751391278,0.04047333225333055,0.03966913721704456,0.0010413408536206245,0.06451925516066612,3.1951214497077656,0.00030685881033253265,4.4112761095223244e-10,1.1947353271251357e+29,16323.973338842065,209250976391896.12,27343.21858084948,2.2101851196677196e+16,45360.567473371964,2.24540265897378e+27,24002.101565178975,1.390277433244934e+27,1127.2236402983388,4.271970122330827e-06,47608.757530230636,4.776541053617387e-07,42508.11546723019,3.962254937660341e-05,86547.00537883054,0.00023560519014415357,22905.302413269164,7.136018713547981e-05,2.7321087988371602e-11,0.4934168884955374,1.5199138198831062e-08,4.389409054540762e-05,0.9999560907103164,,3.036488123537783e-09,7937871.419304733,6.556678599598014e-05,5.793401139499673e-06,metal,metal,intact
2.4292862455576447e-07,68396.57368348606,0.03149454936071657,33031.81660843526,1.6542002348454387e-17,69505.37629560308,0.17639815489553862,167798.39805093437,0.002301704130551548,6.2954384074818076e-06,3657374.6932023168,0.07063992123206245,0.09319309991653948,0.06910742555214804,0.23084640254236186,30.21214420265766,0.00022385115705624326,4.777709344698654e-10,1.0765267812085318e+29,20355.79059181768,730026671725490.1,27006.334821721677,1.966418442503594e+16,42048.402992014286,6.230407464482957e+27,24602.388661735844,2.5747129489435064e+26,1033.045724061259,7.363070748348254e-06,65085.928933886,9.48584706319613e-07,40481.24325569832,5.205880439949826e-05,78979.19285814413,6.704916734281686e-05,14067.445812721862,0.00011130561588458181,7.266220937587536e-12,0.44157953840718583,1.0442918051667393e-07,0.03711954176756574,0.9628803538032537,,8.031450737283359e-09,3318824.987038641,8.450401748593709e-05,2.6801598398644726e-05,metal,metal,intact
2.9439256562114045e-07,65525.45547163585,0.018168763099303334,33818.629071177704,3.0421615815714275e-17,70878.17769088974,0.23725662990509405,52433.44839234776,0.0034608891396372818,8.733191829184828e-06,8588696.743240206,0.035521258091617276,0.04610797022800959,0.03152151386556388,0.03817618236687916,31.93657530193021,0.00036564021882589846,3.0244579357347116e-10,8.533634403070509e+28,19698.605664108327,175790804495741.47,26702.34398911429,4.618428488652999e+16,42461.261751534184,8.872249564553523e+27,38678.84693537348,6.943379005612882e+26,928.0846995795255,3.332442978614475e-06,64452.65462333862,4.968033094181722e-07,22365.166373181863,7.872753193594913e-05,87397.83757786639,0.0008099040587978648,31602.818173916414,1.5188349460824418e-06,3.082318352977276e-15,0.5262053344236918,1.0196675364191695e-08,0.5236073713139036,0.47639261848942094,,1.3694275065848353e-09,131668.5940564943,8.04019794312044e-07,7.148151517703978e-07,oxide,mixed,mixed
1.6870428733232788e-07,77301.94409128929,0.005093983324613568,30831.71864568719,4.742064640609303e-17,69489.63766773086,0.18211330903998696,53442.8108569001,0.0022718471661058014,6.613381619618792e-06,6192935.498194446,0.044588637274584994,0.09401537770683287,0.034603964155715816,0.11086916250792213,44.95353621861854,0.0001434959756872637,5.481951733487164e-10,8.207398920765604e+28,19600.39982002079,255818246624709.78,28561.297729691207,4.576879553694815e+16,46472.93449364428,8.385369681372808e+26,39191.87842120084,8.640869247510387e+25,1185.4001989194344,5.235900350542802e-06,52757.96960366169,3.564273081735583e-07,17858.936855211552,0.0001021422960185867,86629.69975129774,3.4526157074279976e-05,14971.992406048168,7.024942239156341e-05,1.1497894821405335e-13,0.5378247369457797,2.3989425882524747e-08,0.5093998158588875,0.49060016015168645,,6.033777867324035e-08,95204.43001685882,3.134890834014466e-05,3.890051405141875e-05,oxide,mixed,mixed
2.950480135142936e-07,67693.55415119226,0.039883450036230686,40470.39624566798,1.3044696327849454e-17,70282.74418383162,0.16763185689032262,120481.4127507947,0.0018696359943278615,3.0998178553144606e-06,2742024.196092379,0.04489988885895236,0.033637129170835285,0.017795962008690838,0.4756829084979545,60.547851547986994,1.1059023171726465e-05,5.290318557702951e-10,1.031513681204877e+29,17358.107048838418,497134143020712.44,28975.934461654528,3.860247809130704e+16,36887.7584291538,3.941095718946022e+27,37889.54236230631,4.6633100241155415e+26,1046.0947959334449,5.703728322541312e-06,42704.2053922661,4.470292559697696e-07,27649.32834989616,0.00013283218114446593,98202.90425710243,0.00041832525559337843,35800.03575521312,0.00016712765616653012,4.1713055528390265e-13,0.38620251042632797,1.3989201626713767e-07,0.5466576295279957,0.45334223057998807,,2.3916764690848445e-08,318817.9080627256,0.00013280069483848994,3.432696132804017e-05,oxide,oxide,intact
3.727607480072028e-07,66692.26855808187,0.03375287248278371,17329.58550013192,7.544839428709356e-17,70835.3515493439,0.1983255455709681,34381.7708233094,0.004408795970024847,3.7124718019712505e-06,3733265.9872722067,0.06561144403881067,0.03201274904221857,0.05650987273082079,0.39204640116254424,92.41783539600924,0.00039016541784452026,7.428677681005811e-10,9.149056054283351e+28,23058.108596195354,60185886013269.984,28713.61905547169,3.0147488575195456e+16,40956.25828704835,3.821369263181438e+26,34378.33387886314,1.2639173788862458e+27,774.3966090923705,7.439755812445305e-06,55760.99222818254,5.779293688202154e-07,27860.296161754366,0.00011259233680433657,78616.56865067384,0.000567163238710692,29711.46699779666,7.838943963811539e-07,1.7552501827151075e-16,0.3215219631037946,5.997357256931853e-08,0.23600411249231756,0.7639958275341099,,1.3249860103934873e-09,569.9122120244609,7.63179956383872e-08,7.075764007427667e-07,metal,mixed,mixed
1.9151851867919745e-07,69385.2229115781,0.0857276980327609,12340.001279144228,6.06378489067972e-18,70690.45101549088,0.3965488703740523,127549.66060307232,0.0013477772009440785,7.752982705107447e-06,5503867.684259864,0.06662591659101863,0.0921530139620736,0.04065269047073617,0.32342730927320773,98.03028516267898,0.0003663991562441543,3.240242780425181e-10,8.127906656312866e+28,18684.334301088835,434367290440614.94,25698.04599341858,3.2579116773152124e+16,37981.020552333495,4.407095260124504e+27,26860.24325263428,1.4142697907011587e+27,1041.0498916836482,1.7752574106005096e-06,51828.03874087468,5.324557550635379e-08,28866.291086576184,5.53134651893392e-05,72260.0228157898,0.0008559596097678092,35510.21094988359,0.0003028997512144561,6.614051869784348e-13,0.22939215564666446,1.743201819248751e-06,0.4823954284149874,0.5176028283831934,,1.010274785937122e-08,109549.79022131405,0.00013773011932394203,0.0001651696318905141,metal,mixed,mixed
2.594813688670102e-07,73487.41520474087,0.021057073282623667,1925.8861091878011,1.090345709951492e-17,69853.95825487937,0.12882339076522928,41124.59522404743,0.003584763620831952,5.9838084234021255e-06,6495371.916517788,0.032776650508439656,0.08018793986522964,0.0873960814915709,0.3939932285000854,27.78838576864918,4.591261467270082e-05,8.645185439297572e-10,9.273729177703969e+28,17508.161932690702,164446976960208.8,26807.245473187093,2.831752175170105e+16,49980.322064545675,8.012767791626435e+27,21673.963804894356,1.4077743625501565e+27,1132.055766607415,1.1442036759968897e-06,40260.57230036368,8.853838456457432e-07,31393.133515997164,9.00639016789448e-05,81944.50572385173,2.9632299536894613e-05,32998.97344640357,8.711077387503171e-06,4.370445416778065e-15,0.5915071359629721,1.819076897755587e-08,0.45232329309382435,0.5476766887154066,,7.79136388167892e-09,1651.4830323199049,1.4647851780757167e-06,7.246292209427455e-06,metal,mixed,mixed
1.9245679542117515e-07,64090.73656802404,0.013162931170976201,24477.845240730887,5.248775901147765e-17,70631.40694201432,0.11485587813711463,89673.69329779157,0.002975558169264069,1.6318477051083168e-06,5029605.600714648,0.040860300176628596,0.048683713081936614,0.0030354782628861385,0.27268304037216323,81.70897930046044,0.000266192146904303,3.231346213960022e-10,1.0431196775598477e+29,23626.73264414639,198810820401604.3,26279.81189941818,4.011796527197658e+16,46297.33714338944,8.207842725493321e+26,35545.89847696612,3.0238221365326322e+26,744.4945515099606,7.405385968777021e-06,51121.70480659641,2.902358285861396e-07,18501.89443240308,6.91050916995136e-05,79126.5964791035,0.00028437595910431546,15212.394923595602,1.2198174515342465e-07,9.440710510517227e-17,0.349816596183968,1.6384652485535636e-09,0.6243658114727776,0.3756341868887571,,2.113984240881634e-10,255162.24272543614,9.123009473274044e-08,3.075165042068422e-08,oxide,oxide,intact
4.144789122264496e-07,60438.60769235178,0.09832030190472738,46809.7848083842,6.225174289682722e-17,69896.39855690752,0.10334160147815472,169536.80288546128,0.0008725876798652251,4.88015875277447e-06,5980566.79576474,0.02044638854069218,0.07156435158627887,0.055425672994124306,0.30696234017073726,98.617290212062,0.00047419752815879766,9.128262575339724e-10,8.486362149634342e+28,22089.15747340788,788058754464891.2,27670.58529541861,4.181417460704359e+16,39487.057168085834,9.89794684227823e+27,38142.32559658002,1.3109014049421122e+27,806.1378034148636,8.829989786453942e-06,53161.50834718538,9.204061644404524e-07,28438.094803368964,1.4578124287397584e-05,89044.91656903177,0.0006212759898710628,15984.709854353752,3.5137023728033253e-06,7.53015134104367e-15,0.4464570117112031,7.16394764648507e-08,0.5447794379619695,0.45522049039855406,,4.011841242834738e-10,435865.6708207071,2.3534596871633672e-06,1.160242685639958e-06,oxide,mixed,mixed
3.939091511567822e-07,60029.514098524516,0.019355698158562935,15112.958084727261,2.2438682216250545e-17,70334.4594015735,0.11535934961880917,164414.20259965883,0.0014952234591707118,5.775790543153585e-06,6987900.21246513,0.07160680375010949,0.08191559457262876,0.0895061457202648,0.23607011782396667,59.98783927283897,0.00037950060556240985,8.351135936351786e-10,8.223382797602587e+28,17439.84511553291,729268434907668.2,27572.006975623088,5880547069910268.0,46580.934680002756,9.915660614399676e+27,34893.067347955846,1.997878047040697e+26,754.6548991726013,1.6601330830427504e-06,57482.32920221807,3.4210175381206465e-07,32455.317267693314,7.209712060151922e-05,82199.5367081998,0.0005372451595305074,25995.97648486766,1.9790972960492968e-07,2.422543810283486e-16,0.2792815727279983,5.432290328145213e-09,0.4059661964132087,0.594033798154501,,4.957493430775779e-11,139448.5345536472,7.21186719356746e-08,1.2579105766925506e-07,metal,mixed,mixed
9.041047700241967e-08,67957.49557975808,0.043646840923685974,11048.072524782756,7.571376158580697e-17,69847.01235810363,0.32274132258871674,34443.229895180084,0.0005539866559602691,1.3658079758151446e-06,386342.3443397634,0.06834334596381061,0.06886175960992932,0.05676931976981724,0.16087026781998845,5.615272721736179,0.0004688173296337416,6.568213259233447e-10,1.1949493991889666e+29,20747.79635298287,688626359703811.5,29818.216515430468,3.670993396874194e+16,41746.97149068807,2.9501959558218226e+27,35089.72454878629,5.3695047489325656e+26,969.3668328764709,5.2914784174701414e-06,55899.9099018878,8.59225470144127e-07,44583.95358490456,4.798603546336062e-06,94083.9439348617,0.00016676015209481402,35781.178417664574,1.1555681651548668e-05,7.291525508041518e-15,0.15904559780052172,4.1682053118788895e-06,0.36702609532931874,0.6329697364653696,,2.7426907018471667e-09,390.3901316920551,2.5897700350656887e-06,8.96591161648298e-06,metal,mixed,mixed
3.30532361737979e-07,62002.600499900356,0.03705340296753397,20152.28061377499,7.795065280978806e-17,69871.59861635901,0.39099405208167554,100021.83753378503,0.0018594761714861364,7.496719090852982e-06,1294167.3225390273,0.0765323603544779,0.06833383248375641,0.07821399784968568,0.05777331382035138,92.17970304148233,1.8987544199887376e-05,9.20179316159454e-10,8.721496362853035e+28,23934.986873837148,399857819048994.44,27484.63572123044,5.141263272513581e+16,45053.61442105171,6.336739159533652e+27,34582.98178759042,1.9334618152161823e+27,661.7694685847064,8.364613208525937e-06,56962.14375276062,3.907192986139256e-07,13666.846120492113,7.250921114892199e-05,90244.56719251683,0.0008877169406837,12539.966210255112,7.460200395174076e-09,1.8198656190588362e-17,0.2541631574294871,9.294618413236591e-09,0.330547473123243,0.6694525175821384,,6.885165107525897e-12,9750.625976916903,1.9600701677459973e-09,5.500130227428078e-09,metal,mixed,mixed
2.1126218406215722e-07,62865.53606574782,0.05759714609980972,31088.91794385934,9.976870175915295e-18,69549.84983203564,0.26345207468261317,100315.73467073705,0.003788902816956783,5.009621061652837e-07,2086617.5934126985,0.01380700221181816,0.08333637907611384,0.01309414414153554,0.08294568543014372,6.282606963072994,0.00046677619945984807,8.991670479707789e-10,9.93848588910294e+28,24433.228891868766,35555447977187.195,26458.480045020384,5.817151723332779e+16,47014.132288205285,4.0432876920096286e+27,35202.58524964984,1.4591129840435955e+27,1052.6667074888796,8.30292223992035e-06,62406.092657816705,1.734822010548364e-07,5639.407594637101,0.00010761776720781057,84381.15248603845,0.0008735642216059248,12768.04444308941,8.189427701675403e-05,1.495291450450339e-13,0.34947398549992226,9.779006247027378e-08,0.16386287634486835,0.8361370258650691,,7.3448762115075034e-09,1383645.1622401646,7.125169539547941e-05,1.0642581621274618e-05,metal,metal,intact
2.775944239020549e-07,61012.47092739285,0.005271747333871693,9683.019262995684,1.3215671941735941e-17,69101.36517624444,0.23291576084315213,22262.007392546926,0.0016361002006515793,4.469537587188561e-06,821007.6152113056,0.05655343815661338,0.04058335456953797,0.07243489446672818,0.11376649272786672,6.8347538215249655,0.00017499982019578795,9.231576037656718e-10,9.028257540550316e+28,17689.95768796874,6826359523673.982,29833.63076415467,1.1709947282752942e+16,40268.3261793109,8.282462269842964e+27,23879.024397739417,1.9430408166908237e+25,858.6319123988764,7.505389508015404e-07,45515.549485070034,5.928791113422869e-07,30854.43722123011,0.00012110332350453458,94383.07200878384,0.0006736427689086964,34764.09176103881,1.2327163655986276e-07,1.0504974694669709e-16,0.20136641949123396,2.09590902005342e-08,0.26065973681724885,0.739340242223661,,8.10858937651211e-10,145.16050824950688,1.7450601350563346e-08,1.058210352092994e-07,metal,metal,pinhole
2.7965539181082994e-08,78064.95691739838,0.0593497889358125,21476.7889608457,2.5312860268549448e-17,69252.05926377195,0.34477947227083505,87195.83319361528,0.000723339104034977,1.0655391748974911e-06,3134074.50661124,0.044742130735488515,0.02856751378693357,0.07629190139581656,0.24723145844298608,6.996013231718035,0.00013036757723446186,8.807967560660046e-10,8.38002834141668e+28,24783.30659040578,182479843079498.97,25972.272308640822,2.6690638666440772e+16,42148.75454691642,6.229081121687549e+27,29926.495422192533,5.85178519885292e+26,1199.506157927456,3.128391086944885e-06,64358.71850785156,2.822126909111592e-07,22127.020921012783,0.0001171443029299145,72352.9899464551,0.00010543097435432235,12477.480419028401,0.0004687756871910989,1.85031964138724e-12,0.41308670655314617,4.023223351310572e-07,0.12641079160614352,0.8735888060715213,,3.862357297839791e-09,2273692.094577595,0.0003898982194745852,7.887746771651367e-05,metal,metal,intact
8.304155970853301e-08,63263.90288441077,0.012872082001846018,10044.567699044841,5.0499262676460066e-17,70184.98019685311,0.33996624314047413,83924.82082581896,0.0005799980440738813,8.774284972818827e-06,267102.4520134572,0.006613827583444404,0.025209935893877065,0.08001750290918351,0.3957008602324849,81.4226913388606,6.392683931262131e-05,9.949083794974337e-10,1.0002602479260797e+29,20775.670972636686,320613098508305.2,27928.6247381263,5.3539356198675544e+16,43429.147498388746,9.901870098583497e+27,21474.891595190362,9.283150108650119e+26,1194.2816562381172,4.955274831605306e-06,55586.10669198329,3.8272139028958674e-07,25658.876068016296,0.00012984088599222386,84674.33309986586,0.0005645864255376389,7531.99108248276,6.151293530053323e-05,2.7770330084488087e-12,0.18516507201273252,5.995721191827678e-07,0.29951102587879397,0.7004883745490871,,8.003000823214989e-09,113640.48753546424,5.192969611126289e-05,9.583239189270346e-06,metal,metal,intact
2.2980859730271783e-07,71141.53741021975,0.0506874768040462,14464.521371500381,1.7898529761890186e-17,69343.12369389413,0.14311517701745619,130033.3003654568,0.004959235312050286,5.950982705824185e-06,7952019.896546566,0.0531327568822252,0.05186250993368791,0.060022709192590756,0.45169828020420283,60.91134486814525,4.967750543734572e-05,5.089615456098668e-10,8.87978066206984e+28,15473.827831627803,97185856420957.16,25862.993439052523,5073152083597141.0,43903.2035170257,1.0238918155366704e+27,26614.295043234986,1.183159969362598e+27,765.1526619632792,1.1182444020257022e-06,68912.68215062055,6.044303680720357e-07,12091.282175993227,0.00013230402496824687,70043.10152167697,0.00036278132928683587,20130.038512006715,3.744748486993408e-07,1.8718062532371583e-16,0.5701972574654416,5.2412226348072135e-08,0.3326325007279649,0.667367446859809,,2.6237391439235546e-10,5686.48843573629,7.208203769915538e-08,3.023928110001854e-07,metal,mixed,mixed
9.755638901875144e-08,79063.31393619333,0.019440179738666383,45344.07962373725,4.580088772093831e-17,69269.8179460111,0.35823697317707426,163895.91935005746,0.0033719791938601595,3.693713558457646e-07,2738505.4038746874,0.028619440272515857,0.0009194186238655114,0.07281061024938214,0.18505997281588712,15.58216038602521,9.011132492585226e-05,5.177558009055572e-10,9.03537521997238e+28,23395.99805394154,634079351973351.4,25304.837965129987,3037416280341269.0,47603.4576213947,8.615887067085324e+27,30325.232060190592,1.7959672933790657e+27,1188.0174604328413,3.4449337684291246e-06,54093.0520159802,9.676650867550594e-07,12337.750823106204,6.52523133292956e-05,91553.25526057724,0.0004766909873653392,34532.14188488692,4.901634274184606e-05,9.190079591421309e-11,0.5792801431164752,7.646923384802715e-08,8.588731825379225e-06,0.9999913347989406,,5.8590752652824014e-09,2738104.4499325827,4.399948663967618e-05,5.016856102169882e-06,metal,metal,intact
1.590917263582496e-07,73240.88884032497,0.062114738395661326,25785.79461713663,4.6145225896563485e-17,70829.96066192415,0.3791489491375417,92165.62204188855,0.0030436077912007684,1.0381076379863774e-06,8802837.833964273,0.02838806829487193,0.038108032187388056,0.008263468741160183,0.46818232498327034,9.378918588004336,0.00041902053237826624,5.650301713448503e-10,1.1750459191526705e+29,19749.36388254314,671045765542160.5,29850.782853339075,5.032537893059403e+16,37954.338333612366,7.12039664405029e+27,39537.258521891185,1.9370848458388038e+27,1026.1152948393944,5.531291147453632e-06,58035.7034810356,8.181936029023604e-07,29229.12953893163,0.0001253412753539189,79158.65548311114,0.0003806487070279127,8719.719427566211,0.00016309503076662388,3.9420337318649214e-13,0.5883317792045047,8.220361396184018e-08,0.13441347878239013,0.8655864390139959,,5.068462632395344e-09,6460956.839306466,0.0001495421111010625,1.3552919665561379e-05,metal,metal,intact
2.6523003609367515e-07,61258.997027598314,0.04242313581684204,35434.22924636184,4.5367777925150876e-17,70507.43314843265,0.3154431143491835,41375.92222334609,0.004168858147075426,6.9117426396065624e-06,1847924.6688104675,0.03807502600315326,0.045385882978750326,0.08614867075371187,0.3751944576350284,7.987974772385092,0.00042695839222403907,6.821042271712959e-10,1.1772137401025839e+29,16531.98179030823,485585084420900.1,29603.583706579364,1.3245949084614414e+16,49928.24468377918,7.662237874956218e+27,23953.800506244614,1.7452843685047088e+27,629.0403207352653,8.682153060583494e-06,62863.23252761447,3.192655317772383e-07,41666.24816614009,4.1246705377961876e-05,73409.7627696762,0.0009229228188807039,36401.539057820526,3.205916942394127e-10,3.530226362011516e-18,0.06277181912598394,3.173808054317658e-11,0.3420278379215082,0.6579721620467538,,9.825923617884525e-13,619385.5161186983,2.43313216071291e-10,7.72784781681217e-11,metal,metal,intact
4.0337276199075533e-07,62125.59651836789,0.04371828870484365,28940.003785657253,7.425093781590157e-17,70585.61043740419,0.2288329072485078,138995.3622222775,0.003104598492890524,3.191770547817532e-06,9830727.79427652,0.0021129180384550357,0.014263829268497901,0.041382326201579285,0.27837960599947587,45.71842637098307,0.0004459977213787603,7.871020709311712e-10,9.021174432415766e+28,22011.54368456005,588057755678817.2,29001.872945322193,2210387136913575.8,37879.2121069361,2.69001003804155e+27,35035.058956343804,1.3503689735860214e+27,1008.4738559839191,1.346312372998909e-06,66677.76520921325,9.126735889107853e-07,16764.827370088526,5.6881929760606545e-05,99159.8605751463,5.7155065580750895e-06,25752.43751455609,0.0004993038799391114,4.346733162758174e-12,0.6715018372480704,2.268260298416391e-06,0.10889808343519916,0.8910996483045024,,2.335114393072386e-08,7634273.046305419,0.0004672705888783025,3.203329106080886e-05,metal,metal,intact
3.2672357462639166e-07,61740.85915254751,0.09182609928513769,47898.873528465316,3.522511796271019e-17,70627.81725552717,0.39996845217335797,165983.9403888341,0.0041544022851604506,2.6805541235941774e-06,473520.50674248766,0.02792450981079454,0.04242415686097713,0.08234954195060012,0.015716185520692205,42.74545582044814,0.00035912698600156417,8.511617577643431e-10,9.684222224676862e+28,22453.928462477423,543773483586383.2,29316.929460263025,5.761713955270011e+16,38177.66833984042,8.736186716623428e+27,37366.48656072232,6.673473938363791e+25,869.1496330545837,8.028938680606497e-06,46596.20121257682,9.380346032770999e-07,31664.348834890356,0.00011589639947559998,83678.47716305204,0.0009041495404306476,20836.400664141438,3.0944315237389817e-06,1.9463543155014638e-13,0.19412341903539318,3.817161692872556e-08,0.0511405507071633,0.9488594111212197,,1.4601253501160962e-09,417741.0052031548,2.596743816954612e-06,4.976877067843699e-07,metal,metal,intact
2.22044513235453e-07,77174.50979838456,0.08043026431322538,24616.423435536104,6.723991634069032e-17,69095.59046451717,0.21466905751924947,75831.7847524853,0.0022762423778686282,5.687673879333578e-06,4999203.027637808,0.00928920687965288,0.08179192906968571,0.07270267972596356,0.23510591139983722,53.207002154215864,3.589675523067147e-05,9.73604054935025e-10,9.959259666798062e+28,16854.57338333153,44744785576443.81,29598.771581925874,5.0857084493380904e+16,39059.6507862955,8.111161845395237e+27,29244.161425510036,6.251127618991794e+26,778.06980026939,3.712383818715294e-07,52233.626669302845,1.383531964461891e-07,42375.28706209411,9.30480095879986e-05,90762.4775701432,0.00018186357373121403,29745.516948887318,2.99789345665163e-07,4.76770692249616e-16,0.13130569166935266,1.3784794240760145e-08,0.5635887770106386,0.436411209204567,,8.136892377196455e-11,54373.80472141198,1.4042208592708773e-07,1.5936725973807525e-07,oxide,mixed,mixed
3.6838446343064273e-07,74144.36157500066,0.012323697969492942,38871.09871550381,6.591678322794168e-17,69340.63568006747,0.3874865766221939,159766.91723578383,0.0015365721112058509,8.264915479354682e-06,5669555.423961184,0.030112461445465442,0.04371334217203509,0.06358512374031851,0.14862404491723288,16.77869454449477,0.000189053299881646,5.601741542864901e-10,8.52763720526256e+28,17938.31440207251,798790432349364.8,26858.713225738607,3.04372234112901e+16,48603.382712460356,7.318304981725452e+27,34823.516069039244,1.9798302031736093e+27,591.287964697008,9.556507971983198e-07,45050.731950262474,5.665836338810122e-07,39393.5398537851,0.00011729603339112007,74979.86227184633,0.0006808246556556555,22083.95986082152,1.5292162115364825e-11,8.865490662325577e-20,0.1230896025692952,7.846524408028292e-13,0.41836709312261755,0.581632906876598,,8.880716859931536e-14,1270390.1653356827,1.1658670369537255e-11,3.633491745827571e-12,metal,oxide,intact
2.5942320387464893e-08,66034.22989543577,0.0587307169060438,17300.342130784895,1.8214900472595253e-17,69824.65607896414,0.18873491124821565,69831.16234125682,0.002487549101056616,7.681979128040112e-06,2354481.18408988,0.036931986366867245,0.09097876123480435,0.07574268468418226,0.2753106674804915,23.81109101936,0.0004926704316782043,6.024020013144819e-10,9.010648651775835e+28,18755.739617631698,461001265501675.1,25856.795922246052,1.648925058594663e+16,45459.19384924078,3.976761818480543e+27,35952.81045770102,1.544825182540905e+27,883.5385828003675,5.7130793340177676e-06,60386.76327758838,5.11937085200068e-07,8947.171593630328,7.651404065933269e-05,70711.93407929958,0.00014814227119879642,39527.584670514625,3.928449544364385e-07,1.3154143172210653e-15,0.4541073971793286,4.015330007865224e-09,0.5341039460548375,0.46589604992983247,,8.633869626357382e-11,45562.42081811001,1.802201326273337e-07,2.1262482180910477e-07,oxide,mixed,mixed
9.605000558637852e-09,62928.45811868716,0.07593974559066093,15108.632624215195,4.0843844798384735e-18,69601.16898287159,0.2701791901946783,132464.9811877048,0.0011418018335333639,8.556281306999998e-06,2806671.247705095,0.052193151427715904,0.026953799998904394,0.06030097800690209,0.16966291600422892,72.40401681104862,0.0004300328399254824,4.240411479478179e-10,1.1942573834155009e+29,15598.063987287958,210524520104538.3,28267.4091945329,4.667072205297173e+16,45119.69717133716,1.2002798859544562e+27,27429.016696919443,1.8399239814297016e+27,1223.727235824416,9.266259348897481e-06,47548.09390675535,3.1040814646211337e-07,10222.773079926992,4.48680283763834e-05,87199.76778510946,0.0007815450275294709,5335.9857704532915,0.0004400692188336391,1.2186916199615132e-11,0.45199483170869753,1.3873446451389925e-07,0.1463007991293945,0.8536990621361409,,4.643972903668276e-09,1918095.6841083104,0.0003684375326768935,7.163168615674563e-05,metal,metal,intact
1.4972451672396503e-07,74355.88874717389,0.09117861275634759,19673.344399196096,2.5150976989245156e-17,70471.70964700049,0.17104883094865564,104026.57463054017,0.004569579584726648,9.580239393540747e-06,8340778.348653622,0.04962449251875357,0.02491067470156968,0.06831313084029612,0.14297322426716721,10.54826542947414,0.00015736469904268513,8.050727748224287e-10,1.160702873546543e+29,15340.552704095013,343802451997874.25,27467.75156660087,4.105327235781725e+16,46187.4633700164,7.218201224365049e+27,39320.55176104001,9.040279298191874e+26,1139.2225772426486,2.3944140828422704e-06,52316.739006816104,2.0260358340811765e-08,31725.751181094718,8.959489198391088e-05,72076.80095955744,0.0009007540495672937,22585.673798686086,0.00025462030463078566,1.4984461322572139e-12,0.19969041847343924,8.787595721840194e-08,0.3955997269823448,0.604400185141698,,9.060833929999299e-09,2083960.0313027443,0.00019404102295109862,6.057928167968704e-05,metal,oxide,intact
9.653099308670255e-08,69523.78966871684,0.03270349487053896,28817.217617261307,4.387486788906068e-17,69728.25376133186,0.24050091353309616,123222.9528814087,0.0014649169644435816,4.645510917906812e-06,682731.5654073483,0.019714259554010672,0.019168945287736862,0.06903907664273483,0.4674311538859217,81.13496444635886,0.00017325563912609526,6.852649101283113e-10,9.532143942843402e+28,20227.569792207076,134719913621187.78,27996.830928551975,5.881298609358989e+16,39898.718379287326,4.563489356625183e+27,37291.367037942306,1.9283756581394587e+27,1043.310613381306,7.5787468002637435e-06,55079.515484605916,2.44948851783013e-07,23944.14031956513,1.4816509437067682e-05,97013.09992891694,0.00021409194577770007,39467.98472035822,4.1950383443901295e-05,2.126430740859889e-12,0.19985316034953796,1.5645799804799908e-07,0.09536339026447359,0.9046364532775283,,4.100804168464148e-09,544606.484276388,3.699197778025282e-05,4.958405663648475e-06,metal,metal,intact
2.471263825931688e-07,67181.95929241572,0.0775805879154669,6156.0832556003015,3.3850934779252047e-18,69823.35373655801,0.1120458229560778,146961.50444548405,0.00432951236206762,7.2187691888975295e-06,535994.268085894,0.00022667562226157134,0.03786732042554225,0.09383624369256635,0.3969023398420999,95.16306288361368,2.10285734237752e-05,8.56668911333243e-10,1.0395784588817599e+29,19577.822562614303,177209421933190.78,25067.82885950216,2.344888266184347e+16,49379.65137215512,5.601605784020466e+27,37479.73220642368,1.9660034549241743e+27,794.0605099915138,6.361370496377192e-08,59375.237643504865,1.1450930916813181e-07,24042.636347173826,6.800723716258474e-05,74512.80795579299,7.028531405697175e-05,8319.759928980438,5.452100320742082e-08,1.3939402258150104e-16,0.08904020842808555,1.5935694319765952e-06,0.48325553033739865,0.5167428760931695,,6.869285431674408e-11,243.02749921763996,1.2010834577252782e-08,4.251016863016804e-08,metal,metal,grain_boundary
4.0835849159962904e-07,66633.35157201918,0.09607521678457968,40158.76296983381,2.967022047587577e-17,69921.35707725285,0.22498632792520668,114640.7020389649,0.0016614561878720868,1.1702292450451542e-06,5308459.730918968,0.05351231597490851,0.07792412940889346,0.06674414770530084,0.1073950795083707,69.07168951557193,1.7493109071854118e-05,7.217292119181576e-10,1.047646758735414e+29,24928.558306278108,535546040761900.9,25901.634945571503,9556033321908912.0,43852.95371185847,9.69432377069414e+27,35501.68275035099,1.1816782280487824e+27,1194.9893379188836,8.837419651859222e-06,40325.51601037572,7.607933204378804e-07,33296.820453670174,5.905902046137443e-05,77653.27584241818,0.0005550216231241358,26099.816607887547,0.004068679969121786,1.2034013259326996e-11,0.5635057584791084,8.860641686621403e-07,0.12980981465338756,0.8701892992824437,,3.873499275076227e-08,3694933.8002295974,0.0031470247931045625,0.0009216551760172233,metal,metal,intact
1.7535195750084716e-07,65430.49199529017,0.010476373026770763,20401.739613042075,7.343918404634778e-17,70029.92007611308,0.307851977770357,113492.25108694416,0.0014794169721812213,9.460580951262106e-06,3161402.0666767806,0.03502604367645257,0.05995204327203753,0.021197537268368632,0.11904729090638035,23.727172359914743,0.0004053189484688826,3.6533122252004283e-10,1.0552232634210036e+29,16274.967377807181,104298709486364.11,25494.259825178007,2.4097930544290644e+16,41558.980181236184,5.167728649706524e+26,25440.10645964081,7.119854252886597e+26,689.3095001796233,4.372093805801769e-06,40939.64637046723,7.093772316546899e-07,31179.079691204475,8.087046448740392e-05,79558.72189303722,0.0008191333805528069,5613.012026974073,2.7994561329571324e-08,4.9117501708592107e-17,0.23846732290220835,4.2545171544207584e-08,0.45853831196925154,0.5414616454855768,,1.4186746923777116e-10,1798.9194855840224,7.965385765296484e-09,2.002917556427484e-08,metal,mixed,mixed
3.525347181691418e-07,61591.75643859138,0.09457184230924635,44110.983761348034,6.541892043479038e-17,70097.91422717854,0.2578490660252747,154237.63735556445,0.0005436265915796832,8.13234301535204e-06,6104288.113570812,0.0771608322004172,0.02196621208843162,0.08706018450273956,0.2742750636175607,93.06263045030659,0.00014135726526480147,3.6286830910723134e-10,1.1653585530036438e+29,23064.424203065922,540473432122402.3,28911.971132268493,2.6542211284677588e+16,39289.33157931212,6.267926063338503e+27,22678.81221996335,1.7147633702247307e+27,667.3119599149933,1.841294836619152e-06,62980.726315285516,6.100598718467115e-07,20085.711649687917,0.00010689989846470408,78314.71408914577,0.000762054024499316,8944.332518807101,5.0076943106308614e-08,1.1983682677323256e-17,0.39927127374439153,3.9679666194752695e-08,0.23633102663564257,0.7636689336846914,,3.4511953596778586e-11,496.1182918505147,2.936584912282088e-09,4.714035819402653e-08,metal,mixed,mixed
4.0244095111296524e-07,71291.87309044239,0.015813145229420456,33524.36697989456,9.382583460276363e-18,69014.21055615971,0.2864832496995296,36437.91640758715,0.00369072393463232,1.9824074915178616e-06,5033692.247777466,0.060023728343334554,0.08593350533507414,0.08216124670431556,0.3014890437623695,58.79521517449248,0.0001076368379405627,7.259225794846566e-10,1.1461781543814073e+29,19396.06442123235,797460082828057.2,29977.54975968447,4.4937960986262184e+16,39296.260828282146,5.6379179107891034e+26,36701.086686591894,1.8240615708477628e+27,832.7170166200478,2.798193339884493e-06,44721.19044301233,5.267588234302801e-07,8866.222624908583,3.2087754653530708e-06,89768.80040875053,0.0007825241521075007,16215.088939245885,6.909862847378044e-07,9.983977771766904e-17,0.5438316926654461,1.2591124121577062e-06,0.32368627320778065,0.6763124676798071,,2.677249843691111e-09,2048.495701097688,8.545915275471061e-08,6.055271319830938e-07,metal,mixed,mixed
2.952511753050035e-07,68210.7047921181,0.007896691927825633,33180.289973488296,3.142706168836122e-18,70561.02373316161,0.2469564430004701,80175.46183214852,0.004238418028779478,8.151873942294886e-06,6254293.314879415,0.05305952894511974,0.025886217865663426,0.025216786785363644,0.06217319709298219,90.83855166831461,6.815607497825873e-05,8.21024180510729e-10,1.0535727257944175e+29,23186.686120478324,783594679139851.4,27187.693945652736,1.8274967335499484e+16,40292.10217870447,1.2374103947152245e+27,35487.92428920297,1.0324335649541619e+27,1067.149297018586,2.73344535318368e-06,49038.028325729865,7.833779983410951e-07,33507.1460441317,3.84844830237659e-05,98623.01894209773,0.000417093679696977,37122.54590933735,1.4416382648174237e-05,1.6262137508954128e-14,0.5368944043937941,1.3252631933852243e-07,0.37390159233071546,0.6260982751429652,,4.2050631881129996e-08,9707.063559193331,4.293535842429013e-06,1.0122846805745224e-05,metal,mixed,mixed
3.6541398996522534e-07,78441.45175317171,0.05771970062828145,35247.616533823035,4.997904811377822e-17,70255.64114133942,0.14053373959673646,133334.54341855735,0.004060785828709641,6.479629734798561e-06,5230529.790814863,0.04897174856730312,0.06349408128669977,0.0016005512911794,0.21241160913590443,66.78511576709136,0.0003247111730008681,4.784060805012728e-10,9.255845523139789e+28,18937.547175438616,47683534552434.33,26920.594456340623,4955848447619051.0,41679.062311067355,2.6227835029563114e+27,39955.56584877204,2.637319212029842e+26,771.4935040421306,5.672578074273478e-06,60310.633062472145,3.1517070019324615e-07,39073.86538601331,2.6119051507053094e-05,97339.49789037139,0.0002098543197397697,7280.2479517276915,2.4445759778437503e-07,7.307072689924835e-16,0.20618285081924428,8.790513682925475e-09,0.58644781490466,0.4135521763048263,,1.8821817391075302e-10,308423.73612639535,1.7309433010020954e-07,7.13632676841655e-08,oxide,oxide,intact
2.9614403792417746e-07,67625.0532412991,0.05669850063329678,40796.881584153234,2.5662026943696706e-17,70352.09560379384,0.1613905862248038,29380.575897249022,0.0015298337064663134,5.54997301983548e-06,7201028.123354755,0.006153651174955875,0.024802284877512702,0.0668758303913386,0.24183912802872706,40.06521915668553,0.0004799173077731171,7.844764363695049e-10,9.395391611372536e+28,17218.995301701783,260209349433477.03,27205.910383480943,2.837302812540327e+16,37442.31169065562,6.513563951814582e+27,34925.2465015297,8.582158317781826e+25,1202.6870109018973,7.1359502556088376e-06,45841.54448909496,5.768333533025287e-07,12865.820737644122,7.980217653470239e-05,93850.13317118441,2.2595811515114347e-05,32030.39456532415,5.668322725710033e-05,1.0628046234323724e-14,0.6330678121721326,1.1507495537821738e-07,0.31844350753129025,0.6815563773937545,,6.680710772889675e-08,4.92451358670669,4.632216297856513e-06,5.2051010959243814e-05,metal,mixed,mixed
2.05219806399067e-07,66576.85606773844,0.09622902665285134,31212.684595197326,6.149793835987748e-17,69913.44072740558,0.3610471620357594,117950.04393827374,0.001865420202388587,1.7928175657803336e-06,9387859.99540125,0.09364004786962055,0.05725404422504552,0.09706743215122401,0.3632477200099074,91.98745377210612,0.00018785917987596074,3.367123976370063e-10,1.1348805818965105e+29,17155.654356988274,185190111413600.97,28180.85232595009,4067430236067825.5,38557.18396457425,8.459268998649517e+27,25415.855016564197,1.1321608457780825e+27,1207.302463372565,2.024492023105605e-06,67956.86942222988,2.1194770620198835e-07,36522.461704679146,8.383200863728833e-05,97621.0643821287,0.0006334502664078166,8480.341070829507,0.005943536756748333,6.20047186727622e-11,0.4687702712956848,2.0102966376142696e-06,0.04182173352628467,0.9581762561770777,,4.099056825165961e-08,8338184.452545248,0.004412201540629053,0.0015313352161192804,metal,metal,intact
1.6971293604017285e-07,78687.57626644048,0.049658724382617585,4267.999107376241,4.566158188771656e-17,70079.73143131688,0.3817970134696572,107925.47897967313,0.0045188804041198325,6.656133806593102e-06,6625168.139733596,0.007901542023105402,0.09466304121747794,0.00098247430567086,0.49263507336639606,50.087194565194174,8.351532585312465e-05,5.083743028303413e-10,9.916474323675276e+28,18497.510157081528,384412712312561.25,25086.863511706535,1.556842158680597e+16,45331.78326435929,9.993677526532043e+27,25129.872728171285,7.63383407043071e+26,1226.6214897631853,6.476562927816843e-06,41006.92285411141,9.215761059171245e-08,40072.923440416824,1.482883789297672e-05,90392.33569986868,0.0001115109659981826,39196.11390809627,0.0004879927262739233,2.9029974371948176e-11,0.3259504881312075,2.9009982560430238e-08,0.039556955643531795,0.9604430153464856,,1.7942402703953315e-08,6080514.142469262,0.0004363964073577027,5.159631891622058e-05,metal,metal,intact
2.8638826735471694e-07,79144.96230584953,0.03714075211572551,44015.36121853039,7.777185431570392e-17,70458.2648535785,0.34227086172709215,167222.62546959938,0.0039179031813647396,7.466920662326566e-06,2433925.3500690497,0.0003726946109818374,0.012123450848055007,0.09377504608545165,0.16419930335206942,50.93565673595945,0.00042140467552654405,4.529248706049343e-10,9.742987365761239e+28,24931.168110999468,593656293638472.5,25793.080436209704,1.945599571256666e+16,39785.05465994295,7.762485712555773e+27,38904.00522215549,4.825717712143029e+26,1084.5066874123522,4.005811015014151e-06,69423.63845967472,4.1184821640973277e-07,8281.932093085788,5.067004291520645e-05,93957.66430641079,0.0008208470337690932,16184.940583859448,0.0001133372781995276,1.376887748433351e-10,0.46221374382576874,3.316018164281115e-07,0.0018288058612791992,0.9981708625369045,,1.3347673724866515e-08,2422761.8377844384,0.00010127161515548154,1.206566304404606e-05,metal,metal,intact
2.1077931987256316e-07,66214.39069077924,0.09011568473504292,25173.741979920916,1.1308473414466586e-17,69882.85462075703,0.16519184986173807,101749.88171781092,0.004783087269734886,8.064356522423237e-06,1044646.0258720198,0.05282698584708125,0.04265184806095527,0.09188420577863808,0.2984993627821669,63.03371915012275,0.00046140258431814104,9.639652860218918e-10,1.122642834255854e+29,17278.50054731123,154092934044444.16,27496.63336190828,1.1563481613048872e+16,36478.29797947306,7.044120117954063e+27,33004.94971215727,7.979859316979323e+26,855.5293854412591,4.683072029943078e-06,59847.75794386315,8.190470689515564e-07,19348.05082315227,0.0001302591261278982,88067.23421908797,0.0008018334650510475,30433.007224792873,9.009095051633338e-07,1.2989489883748496e-15,0.3271486583048694,8.890142890055775e-08,0.3339829243865337,0.6660169867120376,,1.043307179609661e-09,561.4703420286587,1.3068719363474018e-07,7.702223115285937e-07,metal,mixed,mixed
1.8178168673928933e-07,60723.32125264828,0.03018208628803881,27142.823658430276,5.91255502095241e-18,69616.7492888565,0.15899303269609566,57582.171235566624,0.0031402178993465758,4.061922907775897e-06,8951308.788230306,0.019258946935117906,0.045026336411878885,0.09481944455864454,0.3730064134973776,96.70365532781142,0.00013850122153066677,9.651665256770695e-10,1.1243228347300033e+29,19880.69972418675,486978684850577.56,28278.262142155207,4.46689295357835e+16,39983.604578492224,8.650673731198101e+27,27312.581373802805,6.356469130939372e+26,586.7722182338853,5.773171370219659e-06,64111.43154164209,2.524803774908404e-07,43299.11443126363,6.133961771727885e-05,71141.89351512112,0.0006543007855810749,25228.812640325355,1.4373195966119894e-10,3.3289089365910125e-20,0.08123383790672542,7.174641396425793e-11,0.409119806638674,0.5908801932895795,,9.959511258602822e-13,2078.328324592988,2.0304654836493188e-11,1.2342730482470574e-10,metal,mixed,mixed
2.580692278886289e-07,69328.69203606583,0.027944638920200326,32400.75801156107,7.371773356094637e-17,70115.9512362832,0.09995787013254603,136855.38054525416,0.001307708742048162,3.5974876191698817e-06,6359484.354290727,0.03627844672357163,0.05128759110243007,0.0693417155959267,0.23206834553272254,41.715463210614786,0.0003695880916452526,7.041744773206103e-10,8.99221316738049e+28,21315.79394727706,471979580954439.8,25359.294831248466,2.1964401320113844e+16,36309.97623968689,6.214357515897305e+27,25243.57955247181,2.89073486653378e+26,651.960054648434,5.957081648407759e-07,57563.06812979927,3.45278655080241e-07,23347.426356353342,0.00011109705903700307,95810.26710805701,0.00030267759282408794,23552.495223112426,4.598913980397392e-09,2.233089519597078e-18,0.29002463333640177,2.1393081087170476e-09,0.45166602036758924,0.5483339774931025,,1.1461050211980418e-11,10009.329159385778,1.267539225915998e-09,3.331374754481394e-09,metal,mixed,mixed
3.8140472298785e-07,68524.0982872041,0.06820919179528344,11808.220044539816,7.632500918585293e-17,69710.67179426346,0.22566450651623404,61715.47474891086,0.003364023726804524,8.173960388351586e-06,1109538.4988995902,0.05253913360503777,0.0032243649048447924,0.02995465998586623,0.357119731779419,48.132029803775694,0.00014563902138434206,8.444137428128464e-10,9.130014887092078e+28,15378.37716858187,312256983375008.25,27401.966501712828,6516027289369041.0,48167.86907012623,7.599382498633988e+27,28545.30584460732,1.6561571865579748e+26,1255.5817224528084,3.7991503245323744e-06,47117.314963581295,3.788549160466716e-07,5826.442030843961,7.805976942995628e-05,92793.09365293651,0.00029154944727925215,31563.929329932864,0.00018196438606706241,9.315132884113626e-13,0.3783404569807909,5.211565466103577e-07,0.5130970249873492,0.48690245385610403,,4.818907386081436e-08,11471.651760904115,9.860822571478314e-05,8.335616035227927e-05,oxide,mixed,mixed
2.458685267977822e-07,68033.96524586598,0.02355552481834166,15240.321015139543,3.938210155898753e-17,70955.49161502338,0.2511087479858098,49801.51614587972,0.002386457331844287,8.013605747937424e-07,5715910.606041937,0.02623725734811219,0.04955698484501329,0.06555695210406244,0.18404485751191407,19.49877852284774,0.00047176804507509276,4.437235896081325e-10,9.501664004179692e+28,18340.53277232991,452283647081637.7,28766.27638011041,1.5460506958372346e+16,48028.14896632199,7.008892199276723e+27,22011.213056814584,4.615373657168866e+26,1080.3984594528526,4.299189600835137e-06,52087.84749692668,5.800049548740129e-07,23031.031908767134,7.608448801416512e-05,81815.1385283313,0.0004087229336821082,9095.727538856656,6.222106261231919e-05,3.3834999333646803e-14,0.5425545077871748,4.036789706039905e-08,0.42835454989137717,0.5716454097407259,,6.1452281613771395e-09,1204405.9107922295,4.6898777030669765e-05,1.5322285581649427e-05,metal,oxide,intact
3.5286037522937005e-07,66552.97998516298,0.08123056655787944,29746.124661950988,1.0653643965239681e-17,70856.62117335522,0.23081993890894287,55588.56050720709,0.00470586826080617,2.142436288152622e-06,4912621.511145217,0.09770789448859644,0.03800159495308638,0.05521423121376565,0.4565136744392793,92.86827276661636,0.00023046216056252797,9.929910104397164e-10,9.386387438753237e+28,18514.721899968576,89903886162169.66,26360.27740440058,9632937199531258.0,36515.85936120083,3.204311830683677e+27,38606.80989742761,1.568573003377324e+27,1164.0306275857738,8.265405007424224e-06,52049.921066523064,1.967456938246448e-07,14791.99405301724,4.343828560277653e-06,83118.70573339734,0.0005191801049832177,38715.96534364135,0.0003369240984601625,3.3948425381287086e-14,0.44197749432060696,3.2432425744523285e-05,0.18920953483666808,0.8107580327375873,,7.475629249961171e-08,968.5601083070411,2.8016677412537252e-05,0.00030890742104762523,metal,mixed,mixed
1.9163785050625385e-07,75439.14018252921,0.0039058713339155666,16428.89651232731,2.4494106871531174e-17,69333.0784611153,0.20913678882136877,79067.04779870808,0.00207641210251737,1.89113929694497e-06,5469365.995725394,0.05471089603827331,0.0101336942880522,0.04599355820442645,0.26408394253985507,7.306673991759482,0.00033833783072176256,9.043762548178208e-10,9.531804705941958e+28,16377.418209135729,536713441849233.75,25884.71382296344,2.5084726019956884e+16,43101.0904023224,6.891862333250171e+27,23971.571044986318,3.2622248973305864e+26,583.2937844558388,4.581764919843568e-06,68087.40717344695,3.2951079246888637e-07,16895.968580360648,0.0001286526390202968,71411.65629870124,0.000342152932956614,18353.318285088382,4.908146763968634e-11,8.659887837007811e-20,0.30545600546845403,1.3156107591562372e-11,0.36257168840927395,0.63742831157757,,1.0680866679704032e-13,1796295.6568405107,4.070129869371409e-11,8.380168945972254e-12,metal,metal,intact
3.516077973462386e-07,72248.5832474946,0.048313108344587366,30783.663318681967,4.378475633934678e-17,69687.23902253517,0.18382128254558716,154041.7888666159,0.0009802532029941136,9.481111650224047e-06,9409947.206133397,0.014505972341075203,0.03292900922380729,0.04861426533450877,0.1120122304322292,29.592884151729645,0.00031855987349356545,8.462316488805145e-10,8.25555211503291e+28,22925.155052384096,571655292095689.1,27597.143959613364,1.7902984052577944e+16,44653.64359659876,9.70946934081166e+27,36160.47458059421,4.791694169551769e+26,1225.2192766652965,9.1207620337313e-06,52821.578900629145,5.430598510521394e-07,36787.679384959265,0.00012435124644203402,89141.0293822937,0.0005146658799855848,28278.976153127463,0.0049610277124868445,4.0554181185551627e-10,0.5920475791906291,4.183878899343687e-07,0.025706358863135124,0.974293222748975,,3.351866890864157e-08,8873250.880586725,0.004472817803895385,0.00048820990859145975,metal,metal,intact
2.806881507981815e-07,74747.97701719498,0.019738743792887536,29056.226860495408,1.8333166298121653e-17,70370.08939373291,0.32527703474386654,60377.85562595995,0.0015226459911111241,3.3565565681354175e-06,2460903.3168303566,0.08001545017148513,0.08905497434451064,0.0069304819928665854,0.06942916285000456,25.833609608466308,0.0001913553990750231,5.85618595794735e-10,9.448598224078362e+28,21570.900940216983,199803680067295.5,26819.140234709823,1.54980600453615e+16,41997.36448977544,1.657585812304037e+26,25582.112676190667,5.703291811565804e+25,1201.225977067144,7.720030177901255e-06,69198.9467859239,3.782745189422933e-09,34581.972993005766,3.5080366583794844e-05,94569.7799775121,0.0007490869373593611,21454.979861280506,0.000491021583041763,1.7301534015068665e-13,0.05795784487338993,6.694176511882136e-06,0.27347242647534636,0.7265208793481418,,2.1829791381685921e-07,871.8593294343787,6.537689910358243e-05,0.0004256446839381806,metal,mixed,mixed
3.9239596250470775e-08,60967.92872470729,0.08888442086662296,36613.752543578856,6.185360185112718e-17,70214.32858027362,0.31283970493371493,31014.288937737634,0.0034485761763820336,5.47693252698969e-06,6091959.678982676,0.09716110443836054,0.049185225417032394,0.07927828443284518,0.052990189417688315,3.317388181605696,7.625873131668397e-05,4.900812223407337e-10,8.522099641519819e+28,19997.603414348327,495631403028347.56,29295.188164706105,1.69848590074191e+16,49000.19806937513,9.782674646323431e+27,22605.938774756356,6.293523528777236e+26,994.6952258181303,7.720091103538976e-07,63807.69580300833,2.9158368866927817e-07,36035.077771024226,1.8615762463953893e-05,74175.70287315245,3.8968848424486364e-05,37241.54870452845,2.7728745703954492e-06,6.7208751140199844e-15,0.3644349486824192,1.025164099314906e-08,0.43642442182984564,0.5635755679185135,,2.2485229307747576e-10,648455.8222768697,1.5813895593078143e-06,1.191485011087635e-06,metal,mixed,mixed
1.1972470237859845e-07,78583.99447163743,0.03355694063925157,40285.62096872474,6.645154009460258e-17,69597.96920500415,0.2301299504176385,32251.12164513397,0.0013210362877936754,7.062584633537389e-06,1375952.1568852526,0.08232740888097537,0.07043460989228666,0.09963988979584018,0.3552710575525417,34.06510622661756,0.0004662082267211117,6.834857012295784e-10,8.454157103929014e+28,22643.51188410294,334557993112864.06,26946.851846363847,3.849886566663272e+16,49745.21794002178,4.544608922340344e+27,22490.6723986788,2.5162323856515803e+26,843.8971082060527,4.45408927406774e-06,54144.616635284896,8.275210476941803e-07,26044.552074235675,9.095544829158573e-06,85934.72873262197,0.0008459644137352492,32298.849007206667,1.1561983698372679e-07,6.088971809021948e-16,0.3044789940902721,1.4189041157195864e-08,0.4172840126829879,0.5827159731279707,,5.6712175259487165e-11,94640.68357147477,5.5882516132799985e-08,5.973732085092681e-08,metal,mixed,mixed
2.7096729933806927e-07,72317.45420424208,0.044857894684471544,13543.207270215316,3.198065336435775e-17,69318.59744704995,0.39003682647963567,118786.92408684595,0.0029579419559560794,9.40374034871337e-07,2123271.566608659,0.026015817012462628,0.034428904925386895,0.08159131002930038,0.3316393078019332,79.64637363187684,3.9348797242826474e-05,3.448468846091924e-10,1.0485107715645656e+29,21870.77140440881,134350350505276.16,27798.68237228697,1.4197609833283082e+16,44181.78116861885,6.396779792827434e+27,28032.204793639357,4.526197787632661e+26,852.5950272750745,2.8025545269462235e-07,41965.64329630474,7.994810075379628e-07,19438.70551335895,6.959164584505431e-05,89068.95520337587,0.0009937910472155428,39112.90842773936,4.03078429727518e-06,1.481831264939884e-14,0.4045774504594214,2.143682707921329e-07,0.14544785756528056,0.8545519280664486,,3.823476676938563e-10,1459446.2722102923,3.369492483096508e-06,6.612918141786724e-07,metal,metal,intact
2.5286154971463885e-07,77584.9352324774,0.050041579818536824,34148.8289907746,4.6941377560441675e-17,69813.04522047279,0.2579971903490452,88099.60082487059,0.003366506384507016,2.25609938898783e-06,2904757.886050646,0.024466816906165957,0.019529039857136762,0.008409658446679794,0.330489724347823,14.804307015449492,0.00031548776416376713,4.280288396143417e-10,1.0501056279449218e+29,20669.96691193804,241347084105056.44,26583.581769806653,1595277531283219.2,40698.90455595867,1.0895454531243653e+27,22543.636309058475,1.2747934499679346e+27,799.5196173542042,5.082155061724769e-07,47189.11312219867,7.50027165236487e-08,36591.75475896086,0.00010230526059075087,75818.96737904784,0.0005103511538888285,34189.22705612745,7.245694967440041e-07,1.0535714074025704e-15,0.10354185872523007,1.476988123168839e-08,0.6874482220568205,0.3125517631732983,,7.29341930229032e-10,120056.90505920336,6.009615241016409e-07,1.236079726423632e-07,oxide,oxide,intact
3.2350290293758336e-07,69944.28655188114,0.056197591705568116,41929.800352328784,7.364991477812665e-17,69934.32010639855,0.11158564030271975,53875.984276678144,0.0010261345909684206,6.15970190983033e-07,7994585.004537981,0.07866597421826882,0.008944586643894569,0.09221669988524964,0.46964164828130783,54.14528608807653,0.00018672823487291972,9.039157819951268e-10,8.861391467302376e+28,17802.325622335524,558436292056432.75,25849.833715952565,5.129604978257038e+16,41804.10544748232,9.623837191600817e+27,25430.335433188622,1.0352615899475045e+27,993.5957249058581,5.977834180645102e-06,63152.48683703857,1.626460200975107e-07,14175.58624982835,7.115073311397622e-05,83296.24289067689,0.0003333228468502143,11277.168521073134,6.775752698549415e-05,1.0362234947919832e-14,0.4498018136053151,1.0557826271024475e-07,0.41301200326017723,0.58698789116156,,3.5968291556987723e-09,262501.1843919211,3.194600946220937e-05,3.581151752328478e-05,metal,mixed,mixed
3.3935719496595206e-07,66105.44236601278,0.07718096167058028,38569.6857710113,6.112982268810328e-17,70219.36514357854,0.37399204512474454,94066.73358869767,0.0009089574053401026,7.077337374239727e-06,4859628.57314847,0.02900366731899208,0.03848687189288399,0.054429441431691976,0.012525109315146003,1.7082077261240138,0.0002559752151871793,9.346620041046615e-10,1.0124996247102477e+29,15640.802773204041,293415735541855.3,29787.729971492518,5.9966647865678424e+16,47126.83612185028,6.129906592601992e+27,33965.77060791788,1.026754138387421e+27,681.9185653591838,5.745189046085958e-06,46276.63484257622,9.443009156398269e-07,32403.273246799414,0.0001328795338360226,93647.82687872392,0.0007736277493303144,11030.905966920644,1.3401335496808739e-08,3.3526917719578256e-17,0.2900412150037555,2.2653045972269587e-09,0.5829499923872234,0.41705000534747194,,7.756241322275414e-12,78936.03494846848,8.010209049042614e-09,5.391126447766124e-09,oxide,mixed,mixed
2.258755794048829e-07,77040.75247051367,0.055715794022203335,47806.101889423895,3.084773628420916e-17,69436.96689442355,0.14345901117995574,150751.4409401543,0.0024227332544261163,7.378754094189545e-06,5240781.741492193,0.07125687139129039,0.035335974870127296,0.021374843311517146,0.18641669622145662,10.724299532613772,0.00023384768378234414,4.0092051051947883e-10,1.074064842908212e+29,20700.279889503254,36173959616025.87,27773.235048765215,4.122723534229509e+16,41088.89513980084,8.892764836239778e+27,29008.721708715326,1.3629458051965296e+27,1202.2195448196144,6.4178090230506306e-06,43860.69255897821,5.45412859318403e-07,24921.567452533287,8.82867192352424e-05,93335.87747069639,0.0008496723333174212,7765.034649787423,0.0014869352005882379,1.3531178928261847e-10,0.550224239492949,3.3444560976288206e-07,0.028387466332825344,0.9716121992215649,,3.154532558760842e-08,4903903.228741169,0.0012915675757558958,0.000195367624832342,metal,metal,intact
4.764239717124837e-08,79916.88543917995,0.06719338486196588,23350.754967458055,8.237912179106253e-18,69248.47095034081,0.10238691074027875,21666.588261649416,0.0049988747049402454,1.544362468953232e-07,4946852.655459257,0.023587829174567025,0.02545361115027967,0.0754198351439813,0.3366845476535894,62.420786771454736,0.0003423621965897704,7.464914983085642e-10,1.1819309789900182e+29,24032.423981954867,563903075632397.8,28923.495104671343,5409766194921087.0,35604.8110117843,3.680703033586425e+25,29348.04108721733,1.946257804018046e+27,1049.1043863880539,1.4753576073942807e-06,66587.6354694477,5.021572588423077e-07,18676.345458923006,0.00011393559589264976,76774.72777029865,0.00031506276021669094,18378.264496655953,1.5884080753201668e-05,2.856622803093791e-16,0.5190822012518035,2.444241796136362e-07,0.4366050774816317,0.5633946780941887,,8.662798567006561e-09,2552.543378461707,3.520115905911286e-06,1.2363964847290381e-05,metal,mixed,mixed
3.410639996166117e-07,62250.92278986802,0.0829561395713768,22007.1548881466,5.709682013949989e-17,70916.29773134064,0.2550632163617439,124778.5172162731,0.0005708989857775763,2.677398230876696e-06,436429.9842335039,0.03230612905367831,0.09112057577528287,0.015778027135732797,0.46488725259971997,10.192028436420987,0.0004838750945763178,3.0004467207927295e-10,1.0203104901761233e+29,22119.9724016135,352783103190171.06,29589.115832818614,1.5907849900180884e+16,46344.560998607834,9.746814862118643e+27,36737.834999932136,3.333050330187922e+26,1015.8716751161373,9.338850192570897e-06,53087.007724158066,9.734794184471256e-07,48687.7711481359,0.00011571857680101462,89126.34927880885,0.00019512514451057477,36774.588337918874,0.00017096058020727058,1.931772842653741e-12,0.18145406691120106,9.662455983794428e-07,0.3025298696092412,0.6974691641451605,,4.0232693167037764e-09,189658.14253817103,0.00014096211818746072,2.9998462019809855e-05,metal,metal,intact
6.12065514692327e-08,76138.30035369196,0.017490055500153815,25296.58787089091,2.7741786018488412e-17,70840.91636257828,0.24733930370570884,62982.36607940368,0.002699814728651589,6.643750190543582e-06,2106501.305993059,0.03872682641161286,0.07423997521368497,0.005822493873819498,0.13616017172878514,51.69478173170524,0.0002801820864928221,6.893887190182675e-10,1.0267770387951382e+29,18105.99755048716,362432390318175.75,29743.604846699825,1.7666635646610176e+16,41318.36531345572,7.911580251968717e+27,25821.044729969963,1.5562761977064228e+27,699.0326528329811,1.1104310161912798e-07,43931.09295841929,1.6426754105569123e-07,13773.539840237243,1.168061870472157e-05,78024.93428283208,0.0003904615524202998,30234.557071923235,1.91752016143647e-09,1.6676088434399298e-17,0.2305487161515974,7.185026377784895e-10,0.3999754702806009,0.6000245290008964,,2.315176729659924e-12,569478.6855989805,1.5452102651565428e-09,3.7230989627992714e-10,metal,metal,intact
2.881131673552459e-07,75942.04814538543,0.09634639663638547,30264.691532090816,2.5960197743098833e-17,69028.23171344867,0.2995968993398529,147869.40113488433,0.0009353809569910609,5.729367731152529e-06,9453280.210116673,0.07487515191335137,0.007456469723657554,0.045273076448263096,0.3177871513341747,59.14823970376841,0.00039750242686940873,7.750545655153302e-10,1.0498569050387255e+29,18893.7939546604,750042987725470.1,25352.184946441557,1.8834208153635536e+16,42766.8403269514,4.8651436028584686e+27,39762.723618607735,1.096917703752796e+27,1099.353112982135,3.693287086481814e-06,64816.65814899573,5.694272378700262e-09,24328.962038338123,6.207283878094616e-05,70546.05937113066,0.0009136139999610958,16243.284395971168,0.003314554159471598,2.575594513099916e-11,0.13113395563558994,1.1565329462964773e-06,0.19237477695111602,0.8076240665159378,,1.829336790083143e-08,5640824.646509546,0.0027934232070411825,0.0005211309524304156,metal,metal,intact
1.4600701595268315e-07,60144.95679125903,0.016249793076651434,19608.28550985576,2.8313609270362416e-17,70628.31507365858,0.186485092734113,98600.80668331635,0.0030192426212108255,1.452444398952595e-06,6529719.301314304,0.09526804819892058,0.06137608865899015,0.06977290829574996,0.2085168870785919,86.1899207870804,0.00013190510400157843,5.834509954017092e-10,8.774151385644663e+28,19536.35684070744,659344121149067.1,26619.170035026506,4.856583725912702e+16,42527.3113899032,3.5835399203682483e+27,29907.28019560543,1.6999455494509e+27,1193.4271099534099,7.77276791702152e-06,43358.406768734014,2.1706987225527615e-07,38178.107906470046,1.2568600089498894e-05,94890.46253058387,0.0004027730454741294,37347.84506744558,0.0003577010920309078,2.8044581737369115e-12,0.4170662756958551,1.4708522471097665e-07,0.055057514161200104,0.9449423387535753,,2.890212959847013e-08,5636144.407152497,0.0002723481322974054,8.535295973350238e-05,metal,metal,intact
6.993633535533275e-08,72798.91282183601,0.03400722089297816,8908.411190509327,1.1018306886408603e-17,70661.8166312792,0.24780808942942534,104378.89743228599,0.004412219515204888,1.7250659884088387e-06,1147678.5737564266,0.07725048304874789,0.03383702883969969,0.08798457638028274,0.10966251217786625,8.866331839605387,0.00013923680979210774,4.740867632389645e-10,1.1484909184441888e+29,18407.633184605955,779368151859631.8,27507.191089332144,1.850728413532688e+16,41583.32838561053,9.365117708956331e+27,24336.08342668806,1.6618584119945262e+27,1245.1220613449016,3.372391457394429e-07,44185.74385451,5.986704878308653e-07,6265.6613158240525,2.6307516936361298e-05,73873.97155873763,0.0005620762932304447,27447.51878602986,0.0001134999976040247,4.728193819198928e-12,0.4355240551473408,2.1861402425070777e-06,0.030797371900549195,0.9692004419592083,,1.3982953788905515e-08,1059397.6982612207,9.02393854955197e-05,2.3260612108505e-05,metal,metal,intact
2.784259841752302e-07,60270.167054768935,0.033636460265418666,17538.465955959786,6.688841526302342e-17,69067.95119129165,0.10560775339330802,116162.35464260346,0.00101945789487882,1.1959869684836349e-06,302402.262761587,0.03171887211689199,0.05087810783689153,0.039124937665472204,0.49672926907728615,51.43921406232126,8.068607928068298e-05,6.672352400208184e-10,1.089788993696795e+29,23582.536027692076,754673657215472.9,29048.210101139794,4.236638620929169e+16,48737.96192077225,2.8687860969576e+27,25955.331143870197,8.218453007986855e+26,731.3556416267796,7.001383777286808e-06,65066.09396502527,4.050116532236206e-07,13917.445683637781,5.9639799262426286e-05,72317.34295130668,0.0006150332113485307,33287.1706755317,6.312006084953601e-08,9.911668332875921e-17,0.1572739276002068,4.5903310230791885e-08,0.573958106110158,0.42604184798653183,,6.382638880728651e-11,3759.4720721882422,3.5568404601425984e-08,2.755165624811003e-08,oxide,mixed,mixed
3.4852473713171806e-08,71127.9793625253,0.03058458745810248,34771.32714569469,1.9210565435889538e-17,69599.59232321808,0.2480161909806523,126205.7328913818,0.004243135774847135,4.7694102787722135e-06,1796672.9527602438,0.08121020877734982,0.059246470000149334,0.04460840527634572,0.04479774358719002,29.22830027324597,0.0003230643151085281,9.120028409780125e-10,1.1822846117863208e+29,17601.72062188417,521821240106673.44,25475.939292740964,2.1120784869700164e+16,41239.650385313,3.3460579472407556e+27,25868.013417797127,1.1900451298180501e+27,768.2593228085141,3.884200593441441e-06,58853.573116725674,7.929430447613779e-07,43294.349815023495,8.228454347630804e-06,79636.27615443297,0.00023789813803275212,17016.305267814234,2.8411607188954032e-08,3.639825249340815e-16,0.16688403077010816,1.1673178041614375e-09,0.20141717930327055,0.7985828195294116,,2.8308090144753208e-11,982783.6648052831,2.177734368841761e-08,6.634263500536421e-09,metal,metal,intact
2.9027067199452824e-07,72495.85703712932,0.037688674662731264,11240.998874000466,4.047266583910178e-17,69782.21589790855,0.3919440825653705,144324.40059420024,0.0038047652426414927,3.0672291252100715e-06,9599811.564386528,0.06307184608006804,0.01760344364953834,0.07994309780717083,0.46384725909003427,68.1912349301879,0.00011064105787599534,8.142733053009424e-10,1.0883308079744856e+29,19311.06644162557,94823988237360.64,26624.208283817094,2.68970897043346e+16,44611.60215879526,2.413521801898921e+27,38936.69594242133,5.492945618082729e+26,631.012569927943,6.666224074237413e-06,61330.92777765081,9.168745597910217e-07,32854.18142253168,3.097254864268469e-05,94743.95121967475,5.941427158017492e-05,7157.9410787452,5.0577338559269146e-09,1.243334229216878e-18,0.3044201480795955,3.1568534724577177e-09,0.3068028615953293,0.6931971352478172,,3.0441311849105694e-12,12817.60166133944,1.015732384814855e-09,4.04200147111206e-09,metal,mixed,mixed
8.188932800949616e-08,68981.47394424063,0.0486621437302511,23657.61336874708,2.95744693500098e-17,69250.79494816739,0.22652343870924485,30410.320711235534,0.003635253103508609,6.451788579561129e-06,9336635.721485468,0.06364327452343295,0.07326074890742887,0.07477565951977284,0.31846484836894884,71.76106466875814,0.00026912872235341833,9.8255300141262e-10,8.115790142398664e+28,21140.88296734383,561215108774149.8,28754.670842556097,2.1239975479502884e+16,36448.46444308744,6.794823959230709e+27,39812.428205851524,1.7673934555879064e+27,896.7058566739765,8.966784969573173e-06,45151.84102724135,3.832625267702494e-07,20446.45166738063,0.00012884996253987376,98837.18622986326,0.0009232161453955006,9072.48424798794,1.1224141502118566e-06,5.699039996323746e-16,0.5059506307661972,1.7481990181378197e-08,0.3175108735934421,0.6824891089245677,,4.164620078997332e-10,11854.551979036349,2.0520619436470224e-07,9.172079558471543e-07,metal,mixed,mixed
3.5239725212825834e-08,74378.64451389927,0.02364227382626558,45029.26851248429,8.471190612459301e-18,69272.57698520628,0.17532107098507857,165346.40777680022,0.0008187308941250116,8.273567856578325e-06,5926454.2070643855,0.03593398536682658,0.02895425375747947,0.05740418797972005,0.09346130489882197,12.00606435542986,0.0002421119876966773,7.082621358278697e-10,9.294331778917804e+28,17874.922413861786,269417247941571.25,29880.174742974967,4770150025764485.0,42240.95415653876,4.4375635708902226e+27,20528.691261693955,1.5272222952458433e+27,760.1067752987273,6.90904382383419e-06,46667.90883157807,7.405904365663227e-07,11723.523994259947,1.5016145888027142e-06,79753.54478903276,0.0007948672754190956,9806.138769411646,2.811733805234372e-08,1.7943956343403598e-16,0.5612916314707089,7.318300095067723e-09,0.3922959975084664,0.6077039951732336,,1.0347627067772968e-11,1609866.5826266964,2.243289862552736e-08,5.684439426816359e-09,metal,metal,intact
3.159627025972069e-07,64152.06358059823,0.05285649849908302,5300.290057076093,7.430696436127392e-17,69952.09965721468,0.2893467563173549,47502.362391123475,0.003040162500738256,5.756651777491101e-06,5060516.376085469,0.03894768237894153,0.08946070947986962,0.018319608411784555,0.2835743538716604,73.45529471149548,0.00023082604948707498,7.956797776311314e-10,1.108364834647342e+29,20816.523217555026,490549956815369.4,28664.52732494616,2.1953462332951252e+16,42708.43117204096,3.837543468505106e+27,34142.91075349242,7.897089779840532e+26,1031.391055502095,7.175238061108813e-06,50730.624881469106,3.6411633430518597e-07,16993.761649138058,0.0001272131102296055,96165.25939458935,0.0003567107434718299,18235.19701253871,4.120003437524129e-05,3.164202813710004e-14,0.48610167218712547,2.156161659344767e-07,0.3821377543068864,0.6178620300769477,,1.524053253031135e-08,2526.3857262171664,1.0315300954228186e-05,3.088473342101311e-05,metal,mixed,mixed
5.1810859069765066e-08,60522.41310674887,0.08108978287335968,33353.15993520101,6.101378783357108e-17,70234.77246570222,0.2167530620405249,156909.2971972181,0.0006259487175433381,5.103525547250973e-06,6262843.459785999,0.005173639716983176,0.014452860769415843,0.05576676202728567,0.14524218027393695,74.61772193504237,0.00011495609897402081,4.520300099100927e-10,9.082488836722762e+28,20483.718863833907,451799748533813.94,28548.421007606205,4.78682207310095e+16,48965.497800691846,3.023689579336e+27,32143.0547864014,7.936101297444028e+26,968.5372282335406,4.7313623760584826e-06,57178.350634082904,9.43772041284778e-07,41164.97875354633,3.4027555320363496e-05,97465.4830684156,0.00020442588211385133,11316.430579447297,8.780615305115101e-05,2.7886253986546753e-12,0.46445460325106924,7.316886396513539e-08,0.05196036117265135,0.9480395656584847,,6.765506881325139e-10,5577110.578013164,8.083747446055358e-05,6.968678590597429e-06,metal,metal,intact
4.726416323520509e-09,69476.77833941077,0.029994987450475515,27862.73094049447,7.744689340417336e-17,69243.08369764022,0.35590435196012016,112428.16013952352,0.004446501179031864,3.869426733169444e-06,1338426.492406792,0.07272745175997929,0.07212866526108816,0.04602041554015053,0.424631378519084,39.865900893784406,0.00029532417963501603,6.153062183761844e-10,8.05389653070036e+28,20192.690111625583,261082168654680.34,26696.113032622387,8648261013965532.0,43625.403832978365,2.049933397063838e+27,39058.92568238263,1.2977231948555914e+27,837.3352955538987,9.47534337307304e-06,46699.138821643275,2.3842692161746637e-07,42541.70841396001,3.667293057369524e-05,84461.40976518182,0.0004961409559137069,25443.28300482986,2.3763926401441743e-08,1.3721104236116523e-14,0.11403341988147798,1.1807151138529818e-10,0.00413674883340025,0.9958632510485281,,1.0802399555846635e-11,1325282.8880948925,1.9212840254102354e-08,4.551086147339389e-09,metal,metal,intact
5.8407659516074956e-08,71641.24728126993,0.08938443904383214,15951.837639644102,4.9020751698103285e-17,70871.37783676354,0.18591285589328094,31914.69774222737,0.0020285360835969406,6.284505946491049e-06,5805954.943334338,0.045711363813728555,0.024455297734274996,0.0026081970151389934,0.41612048807132856,30.45748066780492,0.00042856944453192745,3.430376632032404e-10,1.0780834527716443e+29,23036.97292156844,41876159789158.36,26861.36531349844,5.703225984774375e+16,40258.76023365765,1.8647492716466098e+27,24911.937874029478,1.934117563641182e+27,861.3363934392726,5.027926580302706e-06,51722.314964008234,2.0313215093785993e-07,10922.77078599581,0.0001283082918634385,94234.89084548948,0.00022739783881880614,12831.4578095933,1.3990728298158375e-06,5.059587503803198e-16,0.4315794384989471,5.937958821014349e-08,0.1418831183887386,0.8581168222316731,,4.765179843897346e-10,314.0627631077103,1.785541212307016e-07,1.220518708585136e-06,metal,metal,pinhole
2.6640253463739365e-07,68653.02170367373,0.05321378129885462,28378.63100036915,5.167150020770464e-17,69726.48639776136,0.21703770213592727,32141.20503519054,0.004769160739310224,6.851422394973316e-06,1354334.1975551713,0.038237439614437624,0.04254219465122565,0.09104911517602977,0.08835788968435995,87.33841987164486,0.0003582680918492731,6.317962977370679e-10,1.0933878400377777e+29,19222.391945419913,91910903828322.69,26124.093307618212,2.7392326125124936e+16,44235.566277992926,4.36478074870341e+26,37639.946744296685,6.613695641165334e+26,1160.6947017634197,2.220145368183219e-06,59059.85790749025,8.401138901638092e-07,43652.11119319495,9.221736983268374e-05,82536.72605791711,0.0006423832800420211,14866.41419534629,7.675025111964564e-05,2.354961743657563e-14,0.3589975229856639,1.4954247082353313e-06,0.31712091555983385,0.6828775890154578,,1.0972546661872494e-07,14.310359017538975,3.301947688753741e-06,7.34483034308919e-05,metal,mixed,mixed
1.1659825734458428e-07,68839.82060949292,0.05468002240372041,7071.195779818908,6.722562449209413e-17,70807.94016939323,0.13367803180579202,77262.15046806025,0.0014122339629248533,2.061946640347604e-06,9806875.137157932,0.07199971567986352,0.07060625658092791,0.03755727147480581,0.03957244567208125,22.374991020007183,0.00031234164383264675,8.12514554277257e-10,9.955424205424119e+28,15421.272761983291,377699589880402.3,26962.849302506707,4.389395746881508e+16,42481.2941003559,4.351821946330861e+27,27353.383591493486,1.7739374848077046e+27,750.0790810500478,4.4086773723452814e-06,67843.6555819627,8.476535783873133e-07,26608.922232949648,4.201280228456763e-05,80860.06868612039,0.0008792995712470419,5200.864440137044,5.812174341074753e-07,1.36322728557579e-16,0.4778744328100596,1.2260740298172943e-07,0.3881783333178164,0.6118215440747807,,3.874043075549149e-11,40128.54414309113,1.5889723971195003e-07,4.2232019439552527e-07,metal,mixed,mixed
6.756374378663605e-08,79308.7635103949,0.06435811168684215,16498.086300916457,2.568096235350614e-17,69502.27862065528,0.3027366153380769,91775.74476612764,0.0025199191201072725,5.3503367610301545e-06,2492981.190255755,0.00732910631249852,0.037051925422059685,0.05081783382318939,0.030119562101101366,21.383925347147205,0.00025746995340202147,5.903393613507321e-10,8.143464578425323e+28,15162.780221066008,723242041960151.5,27851.855719866042,5.723542762470774e+16,47311.82916146105,4.881615779253029e+27,38801.50140327014,9.482905168610119e+26,1087.9813099615567,6.919361946252911e-06,62088.20003089974,8.025406472828745e-07,25972.20053056055,0.00012823982848619451,83629.03292888374,0.0005442440633112402,30061.605418671985,4.584250821502475e-05,4.606682658525735e-13,0.46840519465022074,5.81996508430472e-08,0.2815961002283605,0.7184038415719887,,1.9664999152283063e-09,1146069.9127718343,3.977594571240026e-05,6.066562502624489e-06,metal,metal,intact
1.635598353377366e-07,62999.036648973946,0.0019382954201995837,17960.515084196468,6.197905762651093e-17,69412.39560890735,0.20522879156974633,25187.86569877321,0.0010059907531725543,4.6860528610080964e-07,6247041.466881018,0.0121027626275998,0.0852357443020588,0.060918968152405224,0.2621806071669935,48.106598709265874,0.0002120009490335657,7.681235112851594e-10,1.1256852430100319e+29,20281.979846935334,610292666386229.0,26432.5445734129,3.5615732607162492e+16,49150.9827882749,1.6945077703345202e+27,35334.4804457126,1.6691823454235206e+27,844.7711638643204,2.9194016839152375e-06,67608.76771219105,4.24900384136335e-07,47487.9781038212,9.86159614727235e-05,83371.30210890359,0.0007359500601340484,23782.55744300999,7.854812278265076e-07,3.9547164413359756e-16,0.243619213804804,3.2109647915779408e-09,0.28897848881080557,0.7110215079782295,,5.17195113244265e-10,2651376.9154645363,6.19342158076995e-07,1.661390697495126e-07,metal,metal,intact
1.529819380791879e-07,64884.622258884534,0.019033676449421538,10508.672632265438,5.664475378660373e-17,70762.8368233943,0.15646425978984246,73366.94987628813,0.00099279574831984,7.646198762798424e-06,2450641.9148204117,0.05689049803600392,0.05612880572664321,0.004157141361711561,0.05658721469929355,67.46685296255178,0.00030311596612820566,6.727554845012729e-10,1.0259119828845931e+29,20109.019321674656,582182596434791.0,26987.41347552301,3.660118649558435e+16,44996.644236609216,2.491069940187162e+27,31665.22749582711,1.7541649021085337e+27,1086.7393638258281,7.347921463940632e-06,58424.59757643548,9.828346989183076e-07,38039.19247594579,8.714495387451408e-05,82978.75182981856,0.00021613302148997974,31803.384072798443,6.0474902089856025e-05,1.608166942810916e-13,0.43633584989655466,1.5983940952396352e-07,0.48325846687128465,0.516741373289306,,1.3472641356683542e-08,17657.45732219511,2.6617989614217412e-05,3.385691247563861e-05,metal,mixed,mixed
2.9836950025156887e-07,62453.06790399015,0.058590607406995614,5464.157622095373,4.220771815500182e-18,69803.2899814378,0.25462617384292763,142865.83471794112,0.002307265078663241,8.807217223395735e-06,5270233.554145018,0.07791371335340869,0.03131604176034778,0.06631499832146513,0.1803750849736816,29.68280052951092,0.00016704442993097345,3.599276710748917e-10,1.1090651265669315e+29,18700.41308865,99398120812314.14,25441.44159283905,5.103046441547559e+16,44875.25540819178,6.29429142509782e+27,31543.227136160232,1.4802114568392604e+27,931.7641280380374,4.364305950598611e-07,57420.626365508506,5.388520642337932e-07,26363.46572898093,3.060501424025403e-05,90176.84711813735,8.045633926176295e-05,24276.57423142224,2.2736820494878505e-05,4.1238925664738426e-14,0.44942499212581216,4.145131031700386e-07,0.4123437145621612,0.5876558709247356,,2.145642867330778e-09,44890.87915494356,8.046122990182274e-06,1.4690697504696232e-05,metal,mixed,mixed
1.3294535533967167e-07,76228.14718166346,0.0009824625095234771,34997.67382984326,6.163463658437015e-17,69245.51303173529,0.37266899007049986,115852.12261063623,0.0036140312011444142,2.770191656960172e-06,185903.20250892962,0.011724109798272582,0.040707471443868576,0.07757425882695951,0.48674508504961134,53.32297399755075,0.00038145867498716934,7.658981405439951e-10,9.405070841299475e+28,19188.121767260236,267419132935491.0,28650.19864171798,2.144560639785422e+16,37348.44054579565,8.254160993203524e+27,30638.861510797924,1.6211961988162045e+26,1101.7876686339664,4.548915695320184e-06,48954.54996229652,1.1828911209830347e-07,24989.45396772588,6.460785507999712e-05,92252.39180466575,1.214684551361062e-06,24098.643643096602,7.510214366509615e-07,3.698548449973026e-12,0.08733476304904078,1.3597437553922048e-08,0.0004798882222772938,0.9995200981802852,,9.361497483941135e-09,185701.9519872849,6.533459692586182e-07,9.767546739234331e-08,metal,metal,intact
3.184150831386103e-07,67506.14799866741,0.07920020281303589,24066.110337645332,2.0722354776616882e-17,70094.0101243336,0.38477129614703465,59665.4388998602,0.004368435470726033,2.7261481570120305e-06,7584600.075509081,0.08685006868938618,0.09107010748677044,0.08484764059918112,0.19840795260745175,40.54961210131088,0.0001463251404246568,9.020423714252735e-10,1.0779332665726e+29,20644.47423364449,337750546433096.44,28790.306997879972,3843940378206790.5,39864.03017107643,6.138596862468161e+27,29449.699041330838,1.2155581098774357e+27,1209.8943190675718,8.466700260739521e-06,45858.750642744024,3.74619557692469e-07,33393.834660587796,0.0001284895242162441,70573.05682471943,0.000935200012846271,6299.886827896269,0.0007557692078092327,2.349220950148434e-13,0.5248840383176533,7.841145513882411e-07,0.3562132887178335,0.6437859271676152,,7.043840978962215e-08,31798.12062280106,0.00016363663775264005,0.0005921325700565926,metal,mixed,mixed
1.7796686457979776e-08,75689.3452767711,0.05510679018047821,22346.45277574123,7.599547029874454e-17,70912.13494592851,0.10733110434449569,22984.549519815948,0.003822960365446203,1.7012494474828507e-06,9965013.405061696,0.04698215096316149,0.002898959844091836,0.07804436140623924,0.14094012134582284,49.13498471899937,0.00013788938936482934,6.216497728298536e-10,9.965956098527438e+28,23265.905615289073,408766769796832.8,29306.870386744795,1.1693525372337556e+16,39635.72437776156,4.1640592022277226e+27,22825.891121499328,1.814243634570912e+27,820.7959797050901,2.703621098694904e-06,48802.632524788336,5.046833003001113e-08,20589.687054236405,0.000127763687503318,73840.02778320195,0.0009265400509693569,27550.736855350744,2.2087120691088028e-07,1.6737702566468899e-16,0.25174547122506724,4.5301598087465885e-10,0.4472455063213412,0.5527544932256427,,3.0067684255332884e-11,1594149.8319846052,1.6256356222746268e-07,5.83076446834176e-08,metal,oxide,intact
1.543515503037638e-07,71528.85231057888,0.0027869225960341208,15367.503789438317,7.373326594499135e-18,70963.84932576538,0.1656305045618222,90782.86393882408,0.0027171589696029152,8.637373833604494e-06,5221489.582097269,0.09208856888811234,0.030656296920523383,0.03996757712409425,0.3946274703221825,54.334978877106806,0.0002488956062962695,4.6248193448959335e-10,1.0625063898538322e+29,19204.122681194895,527868925553962.6,28134.719873474085,5.050934923451362e+16,38423.13228401428,3.6592767840691064e+26,25753.186412739175,1.0431948056906405e+26,582.4844010685198,8.234600829727865e-06,43799.81751026514,9.917974042059329e-07,12682.443297372203,9.783809146742843e-05,70254.427312849,4.821186734228909e-05,13796.259076810076,2.6624641329868055e-10,1.3674370110675767e-20,0.4956991977810621,7.21230027840924e-11,0.03812908055350692,0.9618709193743701,,6.240540481182067e-12,8.846801604133702,3.02505718050052e-12,2.6322135611818005e-10,metal,metal,pinhole
1.3839210982233567e-07,62673.69102848758,0.029190578196930477,14558.599814848645,1.8668242307449074e-19,70877.14680236287,0.2527370583766429,137746.26694237426,0.0027297518730043783,7.267667021412993e-07,2139114.8720524264,0.018708976067293746,0.06359404520602438,0.042485178827890845,0.3576446053424916,37.88806577589108,0.00038723720706342193,7.974600220299304e-10,8.77839465388983e+28,15244.676402566265,778861499681338.2,25499.003564867773,1.0339827193973406e+16,38456.96010296201,6.670641336736368e+27,32008.130884970105,1.6855778065633566e+27,957.0496078323398,2.141085209088608e-06,40534.0261477632,5.10098439917943e-07,33243.24146913648,0.00011793225636564774,76279.64677328161,0.0007970184111893855,13571.369826995216,6.101028557078339e-06,3.0180185702717976e-15,0.3071388932694649,2.6212528380583172e-08,0.6114717058637742,0.3885282679236975,,2.148802970730709e-09,96148.52793497995,4.188944701561332e-06,1.912083855517007e-06,oxide,mixed,mixed
1.667294724102245e-07,68222.3592293284,0.06733516596836665,10141.27682297119,6.694907657029746e-17,70960.12670148678,0.2739737653805508,38535.10408385211,0.00398932935585028,6.860435411527398e-06,9503284.375780487,0.06119798609485596,0.08843230797564346,0.09820701956779142,0.07434506546978346,1.3381649328148904,0.00028375453705852167,6.764674915209212e-10,9.887922080481427e+28,15627.71860540844,259316054326877.0,26377.670400054943,4341834646346788.5,47700.76162348795,8.989191530462454e+27,31084.42680389544,1.6532118960863592e+27,1025.1064462484671,1.8395419140379936e-06,60267.57970750626,1.8545107553694376e-07,14735.2741362029,6.688275034102694e-05,71931.08714819071,0.0008675585915038041,21306.352095716247,1.3754664144858362e-05,1.5224945686040447e-14,0.49121777566477437,8.722609706529962e-08,0.4852782255988355,0.5147216871750674,,1.7460871833826103e-09,66518.29642869117,4.715976801526851e-06,9.03868734333151e-06,metal,mixed,mixed
6.460355175109274e-08,70106.03223250696,0.03461376465099975,37349.874143982386,5.353078738616781e-17,69339.45848195768,0.16466918400378228,25996.384631055185,0.002626677263888043,8.877283874605747e-06,3776593.4084285446,0.003989180898631045,0.04996515577465664,0.0017509834844593845,0.2886699953818354,36.207541677467425,0.00042539030027491885,8.959132235515379e-10,1.029806236671582e+29,18281.817038000252,229334245744704.06,26322.868753424766,3.892352239002603e+16,48375.06176658874,2.458542129290458e+27,29947.881129115074,1.498803257830324e+27,759.474423730743,8.595907891419523e-06,69831.81693970447,3.137347097750403e-07,45754.902209745334,2.091298574709696e-05,99471.23588602405,0.0008116005372579217,6496.312324823078,1.141847490076939e-08,6.128480361005662e-17,0.13670865261158738,4.927002440320038e-10,0.7383323426126432,0.26166765689465626,,1.8006458408691208e-11,174745.71529385148,9.95275263972248e-09,1.465722261046909e-09,oxide,oxide,intact
3.554051783507152e-07,61169.33018526277,0.018916015717291717,40414.43529068199,2.7648721307322262e-17,70393.98818263368,0.32430021759488287,40144.90555150315,0.0008604873865453505,5.24544961591105e-06,6650341.570544561,0.050514995304786585,0.04165325161107561,0.02016807911492254,0.04286362421998335,56.691189529715324,0.00024068533978384858,8.594559945116817e-10,1.0762355163254026e+29,17656.745391512486,335062335859556.9,28523.20368487454,9686075932700888.0,45214.71908063418,6.939372514949241e+27,20888.650311864847,5.122067160679766e+26,711.3562985330134,6.2798895733702305e-06,62210.11079657021,7.574301733101105e-07,44945.732153252764,9.521156601899443e-06,70222.48787277109,0.0008742617706782699,26155.29728082617,2.1225248693304477e-08,2.5998020821557636e-17,0.2098319050405073,8.085276838843285e-09,0.4872892195092731,0.51271077240545,,3.454898256372389e-11,69524.64680035257,1.019263773858414e-08,1.1032610954720337e-08,metal,mixed,mixed
3.2516152523491565e-07,70891.99621790249,0.028035667429605594,31011.9658234631,5.080644312739662e-17,70583.54750731801,0.2794979348174878,101968.42294748283,0.002090847770529365,2.075803552179385e-06,6576839.270898379,0.06536321818690552,0.025559462604152844,0.08307617263942296,0.3223302329625371,67.32144282766356,0.0002664179063065962,3.41097251434416e-10,1.0592528783301307e+29,20954.6737784087,110352754895634.3,25677.98418667275,2.8472439689681524e+16,47502.06210191898,9.461109645588712e+27,20286.219230198414,1.531332460017126e+27,824.2539626657134,5.174918407367162e-06,59300.485865085226,2.028790523016822e-07,30430.720216013062,0.0001134995656917449,92035.9877079399,0.00010233136656029189,10028.586190404269,8.202843456714473e-07,4.052149683295736e-15,0.2791869538473137,1.3295703963233676e-09,0.1285883842838024,0.8714116143866273,,1.20224040737513e-10,4661162.56636322,6.573889335777246e-07,1.6289541209372276e-07,metal,metal,intact
3.0716833722452495e-07,77550.00840379945,0.09476177329632475,43245.95747955699,2.782517655247336e-18,70815.0292787003,0.15372835240231045,56037.16156980245,0.004554685305812092,6.554061644143965e-06,8119357.871534705,0.07456951457633776,0.07193527176966669,0.03628424217341783,0.2416708116295061,45.79872660016921,0.00018204069902236642,9.613601228747717e-10,1.0681025758834395e+29,22177.08110736128,699778619536878.9,25955.06923822987,4.7465364355413976e+16,49309.44826404528,4.997358517408414e+27,23345.691261385444,1.1525853674629244e+27,1239.257184125386,6.143206215438684e-06,57985.56626864201,4.659981066509845e-07,7794.175345435704,6.601388365045491e-05,94904.97824553397,8.32846037216857e-06,27188.698709146283,0.00025203082742759187,1.3493458028939463e-14,0.640124714250203,2.5772493012730335e-08,0.05864841060013805,0.9413515636273689,,5.060181643438423e-08,27.669326299163163,4.785261988592829e-06,0.00024724556543899906,metal,metal,pinhole
1.0688663328239753e-07,74555.2801807517,0.09329335470330215,45974.07348186211,7.100675671812462e-17,69317.71121092119,0.32616359397789635,34003.44762254854,0.003128300599088429,9.767991791295868e-06,9203218.25738228,0.010935262330771073,0.053952227886991215,0.06562021154592229,0.4346258480147981,40.87876486475302,0.00015235827529925985,5.681154728698041e-10,8.22440114959398e+28,21309.110069075632,802580722423871.8,26319.523375238947,2.1310051343952028e+16,46262.427130894626,1.7441707230936472e+27,23503.6857412447,8.970208788881674e+26,1107.8093199030882,3.169280054002923e-06,53373.176936208765,1.6081999833957887e-07,25123.461786793294,3.732393336107203e-06,80162.54253549216,0.00037080414409230533,26450.74335282469,3.337586364078046e-05,3.25337542326087e-14,0.44105097335285093,1.8978625260950948e-06,0.5925914206750093,0.4074066814624646,,1.1437469816755165e-08,2178.635338156933,8.650679634966466e-06,2.472518400581399e-05,oxide,mixed,mixed
9.941009426627809e-08,60408.659449857354,0.0033501306173260685,31042.821908521262,3.804571917313382e-17,70360.63386121162,0.3975395640112716,125411.73673898476,0.0020410831301290984,3.12085436211865e-06,6139936.117761904,0.012236090589928542,0.007730891177486205,0.06819174422332128,0.21998598922957188,19.618023840396905,0.00048056804780933566,7.095802687300485e-10,1.1163630755776202e+29,16911.239003457835,587098613426539.2,28505.209986763624,3858152322691432.0,46392.31254017984,1.51770146710895e+27,22716.90915797431,1.5028116744789115e+27,716.9029243731461,1.5595964170197936e-06,49870.100868586946,8.209951882187035e-08,30501.86943750619,0.00012316424412516983,77272.0444803317,0.0002836630838762523,28321.6186492172,1.7460546376405375e-08,1.2792770686252713e-16,0.14541661139155196,1.08590733080431e-10,0.1517283007198078,0.8482716991716015,,4.379746969650506e-11,4251924.260865335,1.5662018464811273e-08,1.7985279115941028e-09,metal,metal,intact
3.4247848571794173e-07,63370.04265577269,0.05888441966897493,9565.252730497785,1.1354145321748932e-17,70253.56839528083,0.10043809721160864,116325.21269764774,0.001339063182547814,6.702083418929839e-06,4059266.2781935656,0.050158485559289125,0.01907901580631786,0.023976203046046578,0.33990342654037253,25.627736781894264,0.00017436064362884285,3.481138115918521e-10,1.0800936964546889e+29,24878.39938669648,66433376786678.68,29322.488191514836,8845817609042635.0,43512.57091183711,1.1889504228552214e+27,21612.975498077772,7.789041993832214e+26,729.8455684283324,9.42902733023987e-06,47934.81435078639,4.85735458274815e-07,35631.617522194385,1.562491585344866e-05,94390.65852017415,0.0006506964068793064,31817.639613099593,7.716663103267143e-07,1.5310704545083085e-17,0.2181826527498519,4.123963141933425e-06,0.009348681967811317,0.9906471940690469,,3.261718873506218e-10,0.36692511671747235,4.172382586745649e-09,7.674939277399687e-07,metal,metal,pinhole
1.5993363097731714e-07,76717.63653468988,0.040767478740321036,31265.507444677536,3.245455035983234e-17,70715.18682202099,0.2116105923314871,31514.72180009167,0.0045328629784003194,5.6751273170005006e-06,8001799.353931339,0.07587817368034648,0.09290365788706634,0.03634912078516966,0.14613769433461654,41.39365951446402,0.0003257848470697993,6.2940018528448e-10,1.0508322775643538e+29,21381.894699835782,772895545943003.1,26705.201161847133,2.115463442191949e+16,39265.83423049483,1.8879547066728438e+27,24897.608585515653,3.7204707612140124e+26,640.5940875694465,5.809631156818765e-06,47459.51635170568,3.863979502534408e-07,21806.686945166846,0.00011783339165097403,75783.21686575263,4.734837114863387e-05,28149.89419767832,2.2856147382543937e-09,2.7247524387600985e-18,0.3374219308744733,1.7536815558961956e-11,0.4578254973242017,0.5421745026582614,,5.599514953037921e-12,145909.34961824008,9.339509076756769e-10,1.3516638305787168e-09,metal,mixed,mixed
2.2441712605203776e-07,60122.47507607301,0.02299255297652089,40349.280534999314,3.596042665739761e-17,69153.68881722834,0.31212305094303117,67691.30951679708,0.0049449866508597794,3.2824398244335256e-06,8256374.875481185,0.05334202987195752,0.04438085736894016,0.0891139813648093,0.22607421614454318,74.75475300482947,6.954090054739709e-05,7.904287017130441e-10,1.133267697461874e+29,18022.419203114747,589128739856122.2,27289.73873992123,7825756846484819.0,43980.52768370016,4.291849196481357e+27,37397.973422009745,1.5351107211412063e+27,770.862654755687,6.65454076336161e-06,56729.055044885405,7.872098785460788e-07,23814.063511104687,0.00012975232715468782,76601.75620858814,0.0006272056245807432,33407.55346119863,1.277001244869153e-07,2.502018917159131e-16,0.49010291416613183,4.40163803620635e-10,0.3609548672208279,0.6390451323390083,,1.6755447488095662e-10,2071857.6258049451,8.894229737733112e-08,3.875782710958416e-08,metal,mixed,mixed
2.0255983981205542e-07,79695.68769062782,0.0486470257763901,29999.61630466772,4.932681953997474e-17,70899.18685572635,0.3637747624979134,70070.70606500063,0.004599298641039825,6.160597160897998e-06,7650030.397805859,0.09233046231755558,0.023187817757674496,0.08550245966698206,0.4407163816162141,36.41044814211434,0.0002523439553183411,6.682251786217337e-10,1.133629895417049e+29,21771.063563739073,359390272246244.06,27137.77247116184,1.367886789241309e+16,36215.1678012963,9.836728775199497e+27,27011.676430067655,1.846891181457278e+27,1099.637231967502,8.8130402899554e-06,54968.15690444283,8.755723038050685e-07,47324.11672767165,8.185694753452275e-06,93732.71418748105,0.0008819159692308088,10561.108576905339,0.00013253903730346223,3.1536263463800904e-13,0.5290411751704002,7.155774240815825e-07,0.41808093516026346,0.5819183492623126,,1.4323749836386892e-08,783685.0404823989,7.696280523133127e-05,5.557623207213096e-05,metal,mixed,mixed
5.907891636099246e-08,66956.42556086605,0.04030004364048991,5424.696320385567,3.7257422210090477e-17,70302.54532459036,0.0960237025768764,37224.161100479,0.0046669438525097015,2.4790899138508817e-06,8307361.29137033,0.09334768817006885,0.01112504624665091,0.031367294299908456,0.2630002740899089,3.9404377190230995,0.00021647704744373757,3.54169789962009e-10,9.340504901695236e+28,24520.138265485657,61693466056061.35,25689.903201375713,1.0759895861682464e+16,35962.97176612118,7.22902623036581e+26,31216.597641051478,4.97099788535066e+26,1078.537993167064,8.663907929864027e-06,60638.42969535275,1.7256505772060164e-07,48111.013032337745,9.719522702124775e-05,84647.11262389543,0.0006479968479962168,37704.74439776311,3.8795580783132474e-05,4.917256546305303e-15,0.3274216726197399,3.8458280085458643e-07,0.1449643538257519,0.8550352615914473,,1.528509455980926e-08,2096.0880890825947,4.8618965756068745e-06,3.39336842075256e-05,metal,metal,pinhole
7.29045337674316e-08,70997.90089439315,0.07044558461769283,19655.38840284922,5.637223289383487e-17,69030.89649122651,0.11042763509584051,70749.88787125042,0.0027749221809407927,8.453711285051142e-06,5931133.172079907,0.0607248981396,0.06599812045953192,0.01904887299535902,0.32888026163684714,26.08152525488692,0.0004257442473568057,3.701118169273359e-10,1.1268691841547898e+29,15831.107503183965,243571873333477.4,27309.39956176297,6557930381072841.0,44404.62936357895,5.130602556203974e+27,39983.59428542387,1.4369003244235402e+27,1215.1763935665433,9.353084290612472e-07,53538.38386508169,9.085029514802805e-07,38772.28162533432,5.350617963228353e-05,86377.25551548554,0.0005926084729252183,12220.995831416767,0.0001690035294503287,4.3115554420456503e-13,0.5889791305783881,3.731000356313527e-07,0.5514250698187223,0.44857455708124216,,1.3008648023201474e-08,108498.92664628528,9.177337284340066e-05,7.723015660692803e-05,oxide,mixed,mixed
6.55730063759296e-08,68796.14585915027,0.04648727103307704,10960.72199881225,6.882341242051024e-17,69799.81116365951,0.17822883109395804,49931.80046886882,0.0036192251451368455,2.0523218210593576e-06,1567348.4965399334,0.09396920729178743,0.07901926329944556,0.09249140140100148,0.4460842780112849,64.71976998456668,0.00037339960264946067,3.610286544488993e-10,9.43160604023145e+28,17764.76594236591,636924514383856.6,26259.974613653267,3.1075757058776732e+16,37338.656185097476,8.848982028887719e+27,24665.88761438446,1.509515442682418e+27,675.4648632103638,7.842414340799373e-06,45699.21273303306,5.746662067981113e-07,8102.486464118432,3.0171269034454006e-05,93525.21403254899,0.00012785724580973289,10621.891243107053,9.746330202782145e-09,1.3260046701279908e-17,0.3837987163480003,2.133075401666715e-09,0.4025995995068168,0.5974003983601076,,3.643316652811097e-12,96872.62665879945,4.465120657137799e-09,5.2812095456443465e-09,metal,mixed,mixed
2.9782019413982245e-07,62509.100435211665,0.05561305415317441,1783.5257615519872,3.4117364459915225e-17,70206.70368403738,0.2017639180065682,45735.58070220276,0.0005604255644615661,8.951605550499741e-06,1477259.615729073,0.043766584627175406,0.07070297335418273,0.039836231421118126,0.30002091388265595,1.842908064148851,0.00013124701432139978,4.640154544053309e-10,9.21423126219621e+28,22950.48517188356,470784468429241.1,29445.301554531616,3.230097406707984e+16,43375.519451306565,2.0755939445458188e+27,32918.41159078191,1.3071358190105651e+26,581.8454858394755,8.124501610353721e-07,65551.9438956783,5.57680166818819e-07,28278.227175682805,5.001177828227978e-05,79352.41240266793,0.00042107006781496545,38560.57171949621,8.32781279526481e-09,2.6789951138657983e-19,0.1221860179127973,5.302382908893926e-08,0.00504091721211151,0.9949590297640595,,1.9044180266108116e-12,0.054510158746007197,3.075605324581598e-11,8.297056742018993e-09,metal,metal,pinhole
6.066438502687355e-08,77496.3477777821,0.005755777172042865,42747.40027941892,6.714484528986522e-17,70222.6794678015,0.2103519143959332,90884.84984764908,0.0015569699720738074,4.611142060898952e-06,4115172.8429432744,0.05153843789297847,0.008590718203523426,0.059613952935132504,0.3345182582681765,44.2049843583276,0.00048700747476791885,5.362793210057871e-10,8.15117900223367e+28,17743.458710232357,130367499765065.16,27015.767629505885,2.9506358257907932e+16,44528.55449896096,8.780955301050745e+27,37822.668702417155,4.917695410357459e+26,814.3467873357158,4.839944160429174e-07,41167.47234573636,5.177041722953378e-07,41301.9988223948,9.274458276551569e-05,82246.76439387401,0.0005249896846519067,35288.494328801666,1.4843004584211037e-08,1.7708571283942203e-15,0.2420336992174819,1.321872231162071e-10,0.014217323871073117,0.9857826759967397,,1.6556226206509987e-11,3983708.2244617487,1.3041012480854641e-08,1.8019921033563955e-09,metal,metal,intact
4.233103947474248e-07,67144.92486437419,0.06503672792145831,10504.386537775352,3.628004490802264e-17,69654.6910240239,0.3342493758506657,109215.2827194462,0.004274737691952668,7.456722067833241e-06,4507369.236472827,0.044031597938040686,0.07725740354238815,0.009863424368167317,0.4424721159643961,35.877347994192405,0.0001322709214766118,9.081265716555903e-10,1.0241206073636406e+29,21338.84680754102,654482095027751.1,29675.242836838137,2.2920440688448764e+16,44459.48286173213,8.478116710606196e+27,28529.547684270816,1.264409299295602e+27,1255.2302085712402,2.016001409304352e-06,55634.703930945056,2.0576499512115139e-07,32590.048930420664,9.805679630343257e-05,95587.5719565601,0.0007776854406408283,28946.827288278007,0.001930986253675191,3.3146064778059945e-11,0.4031282284599957,9.538146636202043e-07,0.17737622802163497,0.8226228181637013,,7.110856283426359e-08,2887492.1467741816,0.0016401941784352253,0.00029079207523996574,metal,metal,intact
1.0582125307830544e-07,70950.0487057274,0.05626838319610676,41998.02875320491,2.099513497176087e-17,70164.90286902421,0.2725074124139053,147472.8703065181,0.0009667861959302604,5.941496636010717e-06,8068901.746987796,0.05463483650247297,0.092447723607748,0.08960602120281475,0.33008082372180303,63.99949914879676,0.00023121556141059976,8.450394290136026e-10,1.0617506338218074e+29,19095.44828359806,439293377838451.44,27533.206379795036,6032452210538124.0,39145.033057656095,8.310300585775038e+27,27961.883498220155,6.324672288352881e+26,1122.370360047547,2.200118776833777e-06,53188.101138393344,5.711548000830359e-07,42245.27215722817,0.0001221089395776595,99770.02444870034,0.0007614022442263012,16406.79183536359,0.000973655160033131,3.029313780390864e-11,0.5162585905416409,4.81097532093699e-07,0.047758546776267445,0.9522409721262005,,8.967870888079469e-09,7110583.852667381,0.0007335807933699759,0.00024007436666315508,metal,metal,intact
4.197170057669432e-07,64643.9922418247,0.031601088492912884,6728.042027724509,4.62052550580326e-17,69449.960857825,0.15340629030067615,154822.28150842106,0.0040715836477887065,1.696152756647498e-06,839792.4323959596,0.01913452007915526,0.013081394303969426,0.03435970259846792,0.22038524105595902,49.8488901002637,0.00020401302088828187,8.456934246389347e-10,9.33109880503529e+28,17947.91572588815,417233269637146.06,26297.88523739322,5.022846906117676e+16,39385.22509847406,5.401491120448994e+27,36320.87943632796,2.822173959351005e+26,1191.9559436094182,2.952026238164515e-06,63995.167012141705,1.677792614347673e-07,16797.07658565217,0.0001041506640274537,91149.18776391193,0.000663222141087086,24813.745726714318,0.0005893456735265412,2.438790799661809e-10,0.23040082430300027,2.407006390536305e-06,0.003804806123218607,0.9961927868703909,,8.471586993442485e-08,831126.9883968132,0.0005499610434179542,3.9384630108587e-05,metal,metal,intact
1.2842391798098176e-07,76394.37808942406,0.043501573980108524,5034.482673314778,1.197711360868756e-17,70555.38459625962,0.21537247664368936,162095.23999830373,0.003868517715405154,9.344141092590542e-06,650562.8881299134,0.06158795447735061,0.0030007335877494236,0.047159074823255286,0.2935676831354234,57.115416943317854,0.0003599949484104447,4.433390647772714e-10,1.1231724350422104e+29,16843.390319418973,311363105813178.7,28389.93691211324,2.298914846589826e+16,44214.38593263016,8.389061495984074e+27,31122.043338489442,7.598759938535002e+26,944.3718313546874,2.635421776549291e-06,44114.77215264482,8.589637081197164e-07,28133.03770018366,7.953263634972698e-05,89421.71830778304,0.0001398846009989152,26005.672569714112,4.388897044398597e-06,3.9202759456839906e-13,0.26112886969363897,5.7370798125689485e-08,0.11007385016632362,0.8899260924628781,,6.304982583426716e-10,497408.91910137236,3.837905038069234e-06,5.509920063293632e-07,metal,metal,intact
1.1495514602203523e-07,68411.37637960784,0.052461553086056184,49130.82182260748,5.945489996865596e-17,69385.30696271222,0.3894497811923574,40285.67960546579,0.004567586689748382,4.427466583295155e-06,4419315.586878245,0.06760320013530015,0.020312717732957047,0.08504450608069163,0.15228231896892935,56.21003590225564,0.00044945001313763595,7.212939683374041e-10,8.950434252091995e+28,18818.07903676315,360047944225491.7,25535.599395669782,4.598577931282058e+16,45765.13717515761,2.6660265327347985e+27,28208.311120085855,1.3227399575015574e+27,601.9975572372599,2.0497246959309302e-06,64398.62723507661,1.860345798029725e-07,19194.533891165163,1.94444070086742e-05,92875.23412424201,0.00020060592883474671,27133.342320415948,6.175472930395195e-11,2.2574939970166266e-18,0.21345780806460987,1.9671577938994656e-11,0.046244262548417174,0.9537557374319114,,3.920295641231549e-13,3937143.521778515,5.056808371683865e-11,1.11866455871133e-11,metal,metal,intact
4.0165715023760714e-07,77259.39032514117,0.07403725432477798,12927.281813165244,1.9290505030768875e-17,69293.17013751219,0.13221299749777293,41157.73693166067,0.001624223467237046,6.7256569024416375e-06,1496502.122741902,0.0894029825804099,0.01470022648902032,0.04313426258766534,0.23107486364635357,8.816630192884706,0.00021582752202058925,6.174478123785543e-10,1.0339504019211805e+29,16143.852470608905,476213932076497.0,28607.52484608543,3.933574962498351e+16,38412.787228798785,8.942074188864444e+27,24938.74686642679,1.7507661522711823e+27,1181.8667556967275,6.5804804640002865e-06,48752.68145903607,6.998139927420222e-07,14286.624092813952,2.646264873943001e-06,91985.92754215504,0.0006487853933968624,17119.012804924114,0.0002531699489750184,1.2525256206467293e-14,0.456485366056461,9.941950257599924e-05,0.011607123624345345,0.9882934568730783,,5.5790009434464995e-08,0.8754463754718739,1.9412752203573385e-06,0.00025122867375466105,metal,metal,pinhole
1.2654109485737195e-09,60505.18879679709,0.049035217875605754,33960.85629325039,2.8589085205407415e-17,69308.90958551463,0.34730644513519715,96657.96421917462,0.001352021385116003,4.272813467203986e-06,2633214.9575223895,0.036045897390258055,0.03451786472016888,0.07417317726005337,0.19629325535134629,60.8762408300277,0.00014129514081175721,4.26735466640498e-10,8.157825615431608e+28,21024.96900745841,277834584176556.2,28258.58153184172,1.686050898136263e+16,49693.87754186144,7.735623547735101e+27,32443.329814821267,4.316119685932987e+26,773.6062930460477,8.852933837582724e-06,67474.13766547074,8.512073931830761e-07,48700.867577540565,6.281947999486364e-05,75367.32656209287,0.0009815356394630673,32001.81268380503,1.5452601721875815e-09,3.450495007778242e-16,0.17110382053592935,1.609007674079103e-11,0.007455029846387399,0.9925449701375224,,1.8412411674828646e-13,2587883.0787426587,1.3200305288740777e-09,2.2522964331350387e-10,metal,metal,intact
4.0707559699288474e-07,71811.71902680898,0.03626425015914625,27759.544132011986,3.811387752286639e-17,69721.46366277135,0.1670586134052235,62124.42104977885,0.002464836240089243,5.523080017177725e-06,9908468.685674028,0.033616974371072444,0.04741211591632635,0.06626331439057935,0.2954743473027198,89.6649319651124,0.0004697727557186266,7.583733556372697e-10,9.007344873236749e+28,17103.66969494106,101960802572502.72,25180.13266218603,4.699870008810929e+16,36981.12497733949,1.4712532725967298e+27,27747.79126261466,1.1562441100141038e+27,1070.6132103573852,2.514394713371717e-06,46427.22776441569,8.176170151095386e-07,6974.281040737418,0.00010056510382172431,96530.23327733192,0.0009246463235912272,33454.711398036176,0.0001572458688882129,4.0230651682288876e-14,0.713540959387036,1.564179818209928e-06,0.354314814052902,0.6456836217672799,,6.391350950864805e-08,1264.2757825377814,1.933046277098782e-05,0.0001379154061172251,metal,mixed,mixed
1.1647589484598667e-07,65237.26672348042,0.07658525920528977,43338.41273568684,5.5211939165852954e-17,69118.05040989425,0.27358343814043795,76367.29686038093,0.003548819787371381,3.7680990847012154e-06,2893096.7227563895,0.001524915790651586,0.04426766348117005,0.05097429559823782,0.4488044993869462,85.1629982547752,0.00011371728238292937,6.875347999647388e-10,8.697558183832798e+28,19409.87254386861,88647107805692.16,27105.212711049826,5.09726068041436e+16,49458.09928035908,8.210101041253166e+27,31296.166882558682,2.441800699624539e+26,627.4392767682269,2.4106406837674747e-06,55283.48684419411,4.842708766756022e-07,40117.60311416903,2.656615106501661e-05,78560.42964243234,0.00044370836348382357,29360.18184344408,1.2203166053286026e-10,2.2682460757047835e-18,0.10064389631729048,8.529881889052279e-12,0.1074288185488946,0.8925711814425754,,2.1307441817165678e-13,2255324.231584774,1.0913977663703659e-10,1.2891883895823667e-11,metal,metal,intact
4.464101343443372e-08,60785.72094603681,0.03488321441219345,7286.8786115923685,5.2517383092975185e-18,70936.50377424799,0.3996107023934347,96160.76294316046,0.0033792084875354316,8.72089690992525e-06,1546620.8826826543,0.05379118670255009,0.08258095854415545,0.08406813830224999,0.29050052840626167,92.75463656317535,9.601043467259787e-05,4.95638852228356e-10,9.191321553430702e+28,23534.179311826774,28114410051416.4,28250.042475690843,3.395697610882457e+16,45306.63810776988,3.6195494926356564e+27,38326.97938114592,1.0671391430097699e+27,616.7003692100285,5.221832817220263e-06,40215.44495228789,1.8103553810767372e-07,8337.46397133755,4.472024584830209e-05,82119.31810394574,0.0007407890706996726,18529.37462531562,2.5827739823544633e-10,1.3737563939047174e-19,0.2422086626679227,2.018959129213919e-09,0.2911920499346894,0.7088079480463512,,4.2811347786933845e-13,79.27000761108066,1.5162737266235094e-11,2.431146609692112e-10,metal,mixed,mixed
3.0877744459500696e-07,68720.33692285213,0.09125299073191735,49081.079989432175,1.832518496905921e-18,70616.30726821756,0.37752661707864504,129369.57131896932,0.0008898842555245636,2.805041452550448e-06,4347545.901678365,0.08019674780357448,0.021277296777839124,0.0564638203467696,0.19947054807620285,39.31527016295264,0.00039703877658853675,3.2157123921172696e-10,9.182191129769052e+28,24042.392203228796,481885237685647.3,25213.52514098262,4.379331063411912e+16,35582.56213615682,2.1571326412978362e+27,31108.303889066505,3.156773115022151e+26,1187.5745346366552,1.264835774382852e-06,59004.18171261635,9.504708737574561e-07,18247.021325702557,2.1380874942297936e-05,72578.93743613308,0.0008230738474669963,18434.615511654694,0.0050143368858490255,3.67850675039667e-12,0.6116241349642968,5.0811826424885216e-05,0.42884225149031013,0.5711069366832648,,1.2987759345425564e-07,44691.23795084603,0.002052906109752775,0.0029614307760962503,metal,mixed,mixed
2.182792911101778e-07,73862.11028856109,0.014063425006190646,7108.267846659687,3.577105482100851e-17,69392.0246723289,0.3200846106128196,78183.94563486495,0.0018426257348047308,2.0397879294153067e-06,4962903.260706581,0.05672819887421003,0.07655597766179324,0.09728622808584068,0.17257637438736628,69.00646401005596,0.0002752367666572761,8.064780341499411e-10,9.633333249702865e+28,21012.768207131972,167783307450090.78,27022.63841165356,3.288461540365759e+16,49546.99272779901,9.018116361950809e+27,24036.533344427542,4.810656638394481e+26,1152.308524637131,4.504156291540056e-06,42468.34651455164,2.7351852827041684e-07,22581.061216744743,0.00010714827595696125,86051.37488478736,0.0005547100774626135,14729.277114170343,0.00011425233580430409,6.616865528109249e-13,0.45288704289578957,3.054810367639096e-08,0.11498281575614658,0.8850171536957498,,7.961695949297636e-09,3574040.3298158925,8.4680338481148e-05,2.9571997323156086e-05,metal,metal,intact
1.3021218993122027e-07,70251.78382297771,0.0667979805854383,44700.99766665857,5.349036441326667e-17,70345.74174785674,0.206404594945294,163206.75306605987,0.004029394344147922,7.780624551583019e-06,6878175.664182384,0.039949388415774174,0.06306997909136404,0.031102553969262144,0.033075965833763786,16.461797399071695,0.0002445696591526292,7.186337485793751e-10,1.0771952997106124e+29,23048.097442254424,65668345349329.4,29227.446679922505,5.28182736120394e+16,37058.55026005396,7.389228579401072e+27,32951.51093174414,6.691420520284697e+26,1175.4355728017322,1.9863633931563663e-06,61178.45764137653,3.4963222792720246e-07,8202.469681016917,0.00012469324318988356,91577.89127467941,0.0007002429571691163,17228.74323423486,0.0008446091795113936,4.196574705554239e-10,0.5798180422245988,7.350103843343842e-07,0.003521385478996098,0.9964778795106194,,2.3313416512719067e-08,6809152.315538112,0.0007309267529095481,0.00011368242660184547,metal,metal,intact
2.6805716312666675e-07,75634.28897814687,0.07414124253990413,35044.88588239153,1.57928298534655e-17,69631.03314501644,0.1476840380852696,155927.07260400534,0.0026732569970511306,2.4475189281561005e-06,342140.9228934638,0.08929942324289883,0.0505273885149587,0.09786231069527374,0.44035949782195083,85.89057381547036,0.0003712976654108807,5.28003224459669e-10,9.538880719116e+28,20370.376715899118,666646682724452.4,26896.52090489231,4.5465626244918e+16,40550.885851637606,2.712539187740855e+27,30821.45532026476,8.100782341232866e+26,1119.2318032245116,2.835757054051006e-06,43565.702100533104,9.101152171652083e-07,6568.357204306862,0.0001043434611232786,95315.825674327,0.0003091848880824145,13678.69825996466,0.0004294870348858766,2.2041928418208925e-11,0.3329216509333163,6.618228858851643e-06,0.06140770670705076,0.9385856750640904,,3.894507633624708e-08,288772.23587868054,0.000321443606551513,0.00010804342833436363,metal,metal,intact
2.262763402353793e-07,70691.59240514264,0.03448434881412065,34335.26009068419,5.962959364691471e-17,69810.61421804245,0.38817887755841307,101484.98813760618,0.003407946372191612,8.449439311057267e-06,6158389.38968902,0.036615807591687484,0.0018372997568249995,0.015638802805126816,0.23584456648054047,66.11271477878611,0.0003003298102003814,9.817712907685295e-10,9.422234211168696e+28,24226.078961947027,790212629911031.8,25866.893186363435,3.771364241243651e+16,39439.655710580715,3.734327013803033e+27,36283.575701355796,6.838886974059147e+26,1190.9881588826897,6.6245585262979826e-06,48265.25628427832,2.438663705242784e-07,34693.86645192381,5.051072163564992e-05,89771.8438415209,0.0008370237480258265,29357.93532653554,0.000981654610248782,1.3916233833803979e-11,0.43459847904081605,2.0103808139789548e-07,0.21850471040021338,0.7814950885617054,,5.503508817015054e-08,3607939.1150624882,0.0009137550164864137,6.789959376236833e-05,metal,metal,intact
2.2896980993739703e-07,71315.85035927081,0.09480591619337578,30192.970198848947,2.989927569196781e-17,70967.59703198417,0.22972933770029802,37010.98972155529,0.0007699586439449801,8.315728035008257e-06,1006560.4760507017,0.06226716621457132,0.004199256569605354,0.04484209354417901,0.43495636537699056,15.896385957918046,0.00027676730666524097,9.425926016122893e-10,8.39183629335232e+28,17303.444962187456,555458181977291.94,26302.094380048056,1.7130578691146994e+16,40872.935160628454,3.0703396376557765e+27,32928.3191847791,3.7914994342809376e+26,981.9572765480534,1.6367675434589843e-06,47384.588849175125,5.279426983067176e-07,38528.61950795871,7.570055904025831e-06,96801.66923585454,0.0008218087491036184,5858.270430547828,2.2804672116172492e-05,2.9773328086622277e-15,0.22302517650541984,3.262434202739696e-05,0.02500502544460516,0.9749623502133675,,6.091816247756169e-09,0.9834036594604078,3.189131616903239e-07,2.248575895448217e-05,metal,metal,pinhole
3.429608997438643e-07,66983.90976079521,0.027291939464873183,24241.965177454716,4.85396003874515e-18,69528.14648632384,0.2954698236452501,139195.5228864926,0.004915056171035248,4.600596431245155e-06,4983908.7545025265,0.05492065474021856,0.07090141805080992,0.04027366108904845,0.27039148857723955,20.94987992007138,0.00023203917138984353,7.252490980638033e-10,1.1665870167249842e+29,15716.199159801841,115688572596749.83,28701.35635969681,2.5730900899897812e+16,43600.545688991064,2.1348701335999978e+27,21436.723995019154,1.4860412644068222e+27,889.6842764446205,3.91926811398167e-06,59029.97518914484,2.4942820220623486e-07,7867.827278953744,1.0355240479206213e-05,92573.7121403465,0.0006920633072123077,18267.25385209405,6.27121038962516e-06,1.2652056164105577e-14,0.4671725735255916,2.254632403565124e-07,0.529034855968781,0.47096491856797873,,3.692542997404939e-09,303696.5096407467,3.857034212531101e-06,2.4141761770940588e-06,oxide,mixed,mixed
2.4156262584603733e-08,62953.363329537184,0.07279817027065434,16352.668882335143,2.6328631950594532e-17,69796.06809530764,0.19300878402178406,158713.39741309386,0.003781538427129888,7.985023541660778e-06,7807869.527912753,0.06801280146949033,0.09651418337645401,0.03360837460843909,0.05527918607984589,19.13282641481504,0.00046785548832324446,8.262728234010024e-10,9.873569354029643e+28,19721.64944223564,773681198015496.8,25741.018904854733,4.461169359869556e+16,35383.13546603453,4.0305882308387243e+27,23807.090253123566,7.865759890418593e+26,694.7438441907536,8.403590656392488e-06,67729.07146135757,7.658291239270474e-07,41061.88071716496,0.00010090725431576711,74414.39169486659,0.0007513340816863834,8850.494430121846,2.563548758438099e-08,1.8242151492706982e-17,0.24254684683217292,5.342717461199469e-09,0.3952417849199075,0.604758209737375,,1.0814213665591628e-11,10084.790919941152,4.935212066167617e-09,2.0700275518213372e-08,metal,mixed,mixed
3.027531001236729e-07,63583.06246222937,0.09081066471144272,15453.63063613357,2.730429202110728e-17,70974.82440503765,0.2347453645550625,58614.48246353323,0.0029164100515263,5.42970252153939e-06,9703977.155521067,0.09247133851901292,0.02934069237622497,0.002224150428958939,0.17860593900913124,23.93234449661216,9.720835970226692e-05,4.219878948525729e-10,1.112952629523032e+29,17245.774416424447,372515962313500.44,27043.448842234964,9358901636349982.0,40469.57263704456,7.608582904378217e+27,35396.14985267251,1.8062095853922338e+27,1023.7439585110932,2.8974084703298037e-06,64505.57027657938,2.8037327461388806e-07,19618.069613742067,9.233331567583293e-06,96039.75713754563,0.0005593280781501808,34017.043457294945,7.001093785233807e-05,1.7902352386759683e-14,0.5187211425981552,6.838889953161881e-06,0.1489706741992006,0.851022486910846,,8.98560408042366e-09,2359.6524475299025,8.856796925756659e-06,6.115414092658142e-05,metal,metal,pinhole
2.936742025590067e-07,71688.21234980617,0.05402838086607978,29928.396454809477,5.397904955634495e-18,70505.03628401551,0.38040709573245174,60693.79152619272,0.004224687662647271,2.158196887276802e-06,8381353.075880568,0.09083079389389874,0.022984387150808867,0.05181472616469184,0.04907641696434187,74.9086018349091,0.0001258853101000054,9.271622232402965e-10,9.047440805451474e+28,22254.717924416025,365815180948992.1,26093.47108529844,7145181367537211.0,46532.88368561311,3.0235315237209037e+26,35299.15248442031,1.6750996820182217e+27,989.345379383805,8.05790066997019e-06,59957.089937322904,1.8940072811354046e-07,22384.606228584827,6.317056496333216e-05,84235.64299264894,1.8017766979233038e-05,24553.95848008985,4.2775556674666056e-05,3.70346185191246e-15,0.4255114664048682,2.97019667418254e-08,0.21795488035030228,0.7820450899477311,,1.6790958447708976e-08,2082.285376465044,4.079767660644716e-06,3.869578901402134e-05,metal,mixed,mixed
2.3742891642756501e-07,74862.69733466268,0.09316482949981296,43677.928468492784,2.1502384897828994e-17,69232.25477224345,0.3430921813203386,40761.7962086018,0.001873669624258501,1.8855605447121362e-06,9127329.402452616,0.07877663646695642,0.0008020178375440202,0.015027371368108753,0.26112015104585695,26.42247407598921,0.00037500399881458416,6.890929917478188e-10,9.824674264238608e+28,18649.314353421403,116121110275635.14,25570.76282802342,4.1576883185753464e+16,49497.88388786123,1.5724919891706777e+27,21076.210394313195,1.2611980148148609e+27,792.6950125151698,1.1691462211827294e-06,69151.47120508295,4.16461777593594e-09,43166.7664862034,7.903563857800736e-05,89929.23784734821,0.0006360517982107857,11258.448066199904,3.754885444654412e-07,1.435436769389578e-16,0.035217945630487066,2.2503020580480526e-08,0.4666108788646461,0.5333890986323334,,1.428145354420909e-10,90219.9502263118,1.8755208088667714e-07,1.8793646357876407e-07,metal,mixed,mixed
3.163790239308744e-07,67906.3564125613,0.029169834974830437,26934.888951896428,5.897104956821979e-17,70885.41417033917,0.14984360203251545,78840.98325521813,0.0017242185953202347,7.2716831359430065e-06,3496074.100953398,0.017226878576989575,0.07038170920285354,0.03125318639070713,0.13297736609954533,27.65280786704555,0.00020262000779224808,5.764409966080307e-10,1.199945068110108e+29,17519.282317961024,242815292282450.9,28694.457514689675,1.191831751951731e+16,46727.067247511564,9.060246675330549e+27,24586.986096388755,1.8738571388156476e+27,685.8217912913487,5.7924620712328665e-06,67046.34604266469,5.011775260154434e-07,29492.39359593295,8.423150897243306e-05,74038.90706484919,6.668198923687748e-05,10848.362699626025,4.819433259540597e-09,1.456342063126428e-17,0.22918304477379936,3.0088824444631903e-10,0.6277511494626423,0.37224885023646936,,6.140200848462321e-12,62001.99550066753,2.862048800779149e-09,1.957384458761448e-09,oxide,mixed,mixed
1.3945845052726586e-07,65807.62071093798,0.03949325507748409,29562.175576580506,4.716418229208591e-17,69725.24309112171,0.23199826772515836,158843.27352362382,0.0013802545149616185,7.420381173853314e-06,5281816.232614282,0.07890858273874957,0.07994799560537957,0.040489904240761994,0.2928576505563922,11.459655916564113,0.00023410617144984291,4.2116381867487297e-10,9.855817243893496e+28,20214.199233770418,430897338696322.5,28958.820851571127,5.318807724827825e+16,48908.29454581541,3.904978944363822e+27,38529.509910870416,1.830854614098748e+27,1080.7170945100672,7.01956572642514e-06,50620.84788103529,8.521036182267966e-07,46654.7821443981,0.00011646591067547268,93162.22338225273,0.00040132640973096923,36217.397774589306,0.00022906077430423898,3.888585046860315e-11,0.4711757240565647,7.146461418048353e-08,0.011296407577640135,0.9887035209577456,,5.166672771581347e-09,5137623.59689434,0.00018296352769388253,4.609724661035645e-05,metal,metal,intact
3.838689963598358e-07,73365.01386500864,0.07143138359196255,8942.723280886032,1.7232029886871e-17,69939.5726373709,0.24662538774800707,46377.292324443595,0.0038445878541251317,1.6566039196272004e-06,1518266.4873899876,0.08420920852036606,0.036842436128765574,0.014549048622382833,0.4375177456871558,76.71810145095444,0.0004396891244285246,9.582298775666412e-10,9.833130259181337e+28,16792.66605707049,572066164670565.8,26778.275718973226,5.062238962089241e+16,42545.11691135552,3.0379460752024235e+27,37851.1892612519,8.372575226188866e+26,1122.8679822714982,6.941213319034488e-06,48394.004809581966,9.638636175858923e-07,23878.86493854209,1.345454468589451e-05,71354.05114288168,0.0008402334906750827,33048.422171791266,9.91831948964183e-05,1.75975916830683e-14,0.4492423590014705,2.0329457402334028e-05,0.1567540752807506,0.843225595261847,,4.5473683130886624e-08,273.27839381412537,1.1162336458520527e-05,8.802085843789778e-05,metal,metal,pinhole
3.346961009942361e-07,63826.564816561986,0.000532723742834521,4572.752596544781,7.018553996510128e-17,69997.93348776923,0.38302130694994524,39567.96231812147,0.0010114214406196187,1.0023477617879535e-06,2951648.771012321,0.08101036962384901,0.05987650497699482,0.03543623484902614,0.48626397659821435,64.41800593377403,0.0004036527758201642,3.745291275912421e-10,1.0214471385683307e+29,24327.005740162644,440262909042038.94,27049.090278463937,3.739580206041275e+16,49066.28808167181,6.052562289955001e+27,23012.91978920406,1.525318673350289e+27,833.7756476315878,8.29129964652536e-06,51302.17544881129,3.856745772787484e-08,21878.358336485842,5.9532152104135045e-05,77015.28506127429,0.0008288446588219292,32631.176227769654,1.698286558643179e-07,1.1604313974847676e-15,0.13541961116032647,5.053006594875496e-10,0.07043641261137078,0.9295635868833285,,2.49278527119351e-10,2480047.637036,1.3805957796680122e-07,3.176907789751668e-08,metal,metal,intact
2.1241420102904042e-07,74048.30156124424,0.020513547452170728,46943.21666611669,5.0695468635535924e-17,70451.7536149125,0.09534740041140123,91409.52095387442,0.0042581804053905764,8.423926085302581e-07,9190115.221546553,0.0593115329330062,0.0942515214050433,0.014980660708637444,0.403183395100809,71.52378091747434,0.0004798442668729097,4.0309723687047847e-10,1.0028307698996939e+29,22571.904536712882,672743892746458.4,28237.90769007401,3.311682665068561e+16,42168.01646208368,7.741866597977275e+27,37511.147573815455,1.1587571055884232e+27,1113.1538135705377,4.433826699685516e-06,46929.110085741384,9.866797185596827e-07,49824.11141920942,9.473458381378614e-05,98768.36283018718,0.0004983947835276344,16463.14476925498,0.00010059628008036326,4.473327798654619e-13,0.5638316943890885,2.2695814057412483e-08,0.05345940635079322,0.9465405709533927,,1.1481585808824484e-08,8089149.591329407,8.293786834113379e-05,1.7658411739229475e-05,metal,metal,intact
3.472767588895305e-07,68355.72397948806,0.08762830034657443,12747.51525873311,3.3820764849835345e-17,70340.57157461486,0.11272901193084553,55959.38949187471,0.003393576148974074,3.6407088673221167e-06,4641106.700310457,0.0798141691210252,0.028677453887837358,0.09253347338956278,0.41069124980502236,39.066336665838456,0.00023594812409979003,7.40684582765468e-10,9.06208617687893e+28,22194.75178963832,272697275507289.25,28377.736191225264,1.917330119555902e+16,46826.257890290326,6.890056749555265e+27,29532.69533498217,9.825029746300991e+26,1129.2292318193663,8.247718188571021e-06,43766.522766766095,7.137637836771283e-07,6645.4285059783815,7.173183422954621e-05,82868.24553215156,0.0005431983990216885,24432.846086327954,0.00011867234380958924,3.4820065365777413e-14,0.6203876860851386,5.894201218797623e-07,0.2992250732201548,0.7007743373597234,,1.602936264731755e-08,2901.0344218760633,1.6050926290680654e-05,0.00010262141751890859,metal,mixed,mixed
2.5727304985879826e-07,61772.08268410434,0.06832963098414067,27917.101116131733,1.8386915067512527e-17,70204.20330826743,0.2775181864364495,80541.13300387276,0.004099550791455678,5.974150638072332e-06,6936217.554402385,0.041772809883031406,0.048111149008738995,0.05317438158836997,0.016360300344600356,77.62599575203673,0.0002057813965907751,3.2246492925419714e-10,1.1520935160426037e+29,23540.32616701297,381222297366296.75,29220.678891205043,3.939706984196266e+16,49338.872620825634,2.773624974789924e+26,24100.273572885475,1.4317092597844033e+27,1228.015407324206,9.48216805816802e-06,60571.48896486909,6.001148774415692e-07,9353.576010007819,8.891615506031143e-05,72467.23880355069,0.000763456122493476,5882.238473462991,0.0013439322426010115,9.906572164074045e-13,0.6459936986464027,1.7773225973561499e-06,0.3536948509718659,0.6463033717055365,,1.8393231865893446e-07,17878.422796129085,0.0003552357070288094,0.000988696535572202,metal,mixed,mixed
4.1067071511172784e-07,64006.8781639093,0.08450802609166454,16316.9963277341,6.788110353959507e-17,70839.2175761524,0.19661289072802293,42316.34050883399,0.002569139171372435,6.3577085574166756e-06,8041371.42500941,0.004396278555937904,0.014549140380304823,0.08667098279469386,0.1264955085341217,56.742701431646786,5.3050632897685854e-05,6.167504432711409e-10,1.158680387654192e+29,22506.665449911703,758092959082111.9,25526.03314913026,1.7770048825852744e+16,42646.028392176304,9.752535047630556e+27,33540.15374483841,8.871840869542559e+26,937.2426802763714,3.6146013789857695e-06,58093.25457107711,9.016868144066977e-07,25731.856959120614,8.13038052393615e-05,97831.47317755813,0.0003290486327839615,38809.968328969844,7.829790875264403e-06,3.9953113726494576e-15,0.5727090236579889,9.319194855525789e-08,0.6405357499306891,0.35946415687736233,,2.7904860728236083e-09,980.8421273640255,1.5762535684394788e-06,6.2535373068249245e-06,oxide,mixed,mixed
4.301146174427693e-08,73761.18560373111,0.024081734172669473,6084.160241553329,6.652159549912674e-17,70900.77060289508,0.19538674771538977,94106.88755726781,0.0013988095040110026,2.312218754845612e-06,3533982.5164418113,0.05762326202129084,0.038943882147114216,0.07608009291993348,0.054118282043277434,97.33726778563856,0.00033526442549255134,5.534511835357739e-10,9.564124162890533e+28,15068.04360915613,372055739455589.7,25987.656743766347,1.2708302154154296e+16,35998.3288342985,5.938502128270223e+27,31429.518571834626,1.3885018182704395e+27,1221.9127036333853,1.396218634622223e-06,63699.36986295656,6.123814247417534e-07,10287.895691244808,4.8517100414164197e-05,90888.0033879872,0.0005466395776756396,12067.14263536402,0.00037761597250101893,7.1883222144583286e-12,0.5646216156878455,9.671262592290622e-07,0.0512507511123607,0.94874828176138,,1.2323203304789661e-08,3100860.2292106817,0.0003089252293022803,6.869074319873866e-05,metal,metal,intact
8.707381346540731e-08,79602.1398435567,0.08148182296653071,22994.334493399554,3.97951947129496e-17,69512.655626886,0.293522346448666,97671.78157667947,0.004093040252022687,5.504839099164048e-06,7848382.958720576,0.0686480053592472,0.052786446681916455,0.08994669700570948,0.3466485133898766,87.17582289607789,0.00015001464562218304,6.502797084595942e-10,8.701954961997345e+28,16663.762807443487,556130052898166.0,26631.732646042135,2.7112671868565964e+16,48495.63523145887,4.6597874342564803e+27,37604.68775204793,1.7855193147655004e+27,1177.8392978237143,3.208620215923909e-06,56031.715082572715,6.424501639548673e-07,20055.100062861886,0.00011954661069542455,84537.34419412562,0.0007126994402247842,21943.397101848448,0.0003073876360200927,4.223917394093588e-12,0.628981364750646,1.5354823560146576e-07,0.10849811374124396,0.8915017327105204,,6.7665832688777826e-09,5833942.914451713,0.00023527490190095574,7.211273411913697e-05,metal,metal,intact
6.16953870816773e-08,64908.00109931775,0.07586352170201334,38474.10421538927,2.4320735573598434e-17,69034.69298572262,0.26437717621492896,148724.23298230796,0.003677662525631924,4.4094815501163595e-06,9094622.96165179,0.08752778808842349,0.038651738690899204,0.010194899256084905,0.1829823232555342,50.19366594176978,0.0001785548758951753,4.4050091349930233e-10,8.562410562609303e+28,24794.680518943947,538201397969764.5,25576.401150543985,3.4394692605649604e+16,44040.98453330262,2.2978092262097683e+26,34124.10712682687,1.9157317442925281e+27,992.5780291532277,6.210194412739606e-07,41924.157416543276,9.492170188603817e-07,30673.199031415566,0.0001236528783077756,90422.8349411035,0.00027060404888636064,38312.15297505023,0.00011274592247460272,1.7576185453213981e-12,0.5879461675122319,2.5921702865391836e-07,0.07881332024471802,0.9211864205382536,,4.742502974692625e-09,7499501.387238064,9.612294823271e-05,1.6622974241892717e-05,metal,metal,intact
3.2020919124707264e-07,62376.00399886073,0.07552296133502953,17146.143938515575,4.3002463253776504e-17,70082.16308639428,0.16857163667057373,121385.02606541582,0.0014374951003193097,2.109845606001024e-06,2386217.295870449,0.0992917788100597,0.05455162460021817,0.005242544392924667,0.12023944286693447,37.66763503617444,0.00017060870579106043,8.554079168877747e-10,8.446260592450783e+28,21102.266717961345,387554642803625.1,29412.549193918778,3.898290269652397e+16,41975.57134265627,8.567923291853696e+27,26035.247576341342,1.486973496070659e+27,907.5346795380135,7.021684066057177e-06,60181.59876759195,9.77860686692803e-07,49601.28173982945,1.8622356896111399e-06,78157.08828713286,0.0008008821374193984,14882.187624891423,2.8365962358126403e-05,5.017425064945063e-14,0.2639860076763678,5.980198994569971e-06,0.44254637158777893,0.5574476482132265,,1.356692811304417e-09,335605.17747646046,1.932203001461736e-05,9.043932343509042e-06,metal,mixed,mixed
2.852177119045065e-07,71221.37536495485,0.0036288612732268705,35806.78174779431,2.1604085518930342e-17,69075.1885453886,0.2248587677562705,72692.22633645189,0.0038019931743117955,9.833986179455047e-06,4755264.903085618,0.021405150780970134,0.0867264233975348,0.09694538480184578,0.24388999061646588,19.06766987576837,0.0004783087591321946,4.998283923983085e-10,9.38801778635191e+28,15095.936820044664,804740651026645.6,29532.902680959247,2.1648805931243172e+16,44685.883463123166,8.668131125220888e+27,22167.727478725294,1.5175426087659445e+26,998.6359182813176,2.8018508868944e-06,59783.69868735253,9.158459167314073e-07,37030.97180624679,8.29061805692712e-05,85892.0002049008,0.0008896805251933023,34087.22961737584,1.789404046822021e-06,1.8738940028273282e-14,0.46947997339339326,3.798198349428358e-09,0.29808381285423086,0.7019161833475707,,2.801490527236707e-09,1782068.1902046546,1.2862654238061675e-06,5.031386230158534e-07,metal,metal,intact
9.641972852870493e-08,76476.80295233974,0.04549783604975804,45593.72507113263,1.9592494119052525e-17,70623.99033357078,0.1277265080675927,136304.74756815616,0.0014336694982411452,4.154358033312574e-06,9959069.923141152,0.03787703239341397,0.096314886275706,0.0068772183651132366,0.22961766653298143,42.863101996499566,0.000427265017837439,7.325469643385733e-10,9.574210363193328e+28,18316.431743633897,746775080726356.9,29280.409720126336,2.0344743975520404e+16,37910.80769540667,6.411901107517261e+27,39916.9287912507,7.16434307190328e+26,810.9481760933274,1.1567483478171742e-06,67526.85118807892,4.890290219860135e-08,5713.001549297924,5.1538500167681415e-05,97091.41307836748,0.0009833964535903431,21574.85475120476,5.48488858035224e-07,1.3464254733774041e-15,0.3608432352692665,7.591824083553574e-09,0.40495450294535357,0.5950454894628224,,9.460078688009456e-11,2629537.0270236772,4.283943660973627e-07,1.2009449193786135e-07,metal,metal,intact
3.1934434836139015e-07,72355.8019447519,0.002202752072055711,35395.89428388356,7.460835257601466e-17,69483.21644379495,0.1996252557218514,81660.38978130752,0.0015711015979532521,8.83169016268404e-06,4676868.839673598,0.03689605104421118,0.09156601046144457,0.0004758956692428434,0.2831659211931233,96.19048747914185,0.00045207832011484166,9.373611829466083e-10,1.170653663279986e+29,22823.718551130205,398711388197403.5,25129.22898478901,3.3242406461815936e+16,38229.21820090389,2.8107976390342714e+27,23597.32483839515,1.1857216003265322e+27,886.4615301657532,4.351107316343105e-06,65944.14100197554,9.272398236333364e-07,27759.483041390853,2.1067452126868703e-05,78256.14759403333,0.00010058911076200814,32690.774983623545,1.5195610131646672e-06,9.909240689005155e-15,0.46975840609850533,7.502997825706901e-09,0.4778937651181703,0.522106227378832,,3.865088867941908e-09,897656.2240438822,1.1928146959784678e-06,3.267463171861994e-07,metal,oxide,intact
1.4232611380248003e-07,73017.74540937867,0.041523749947716765,22155.784532286354,3.853174955813585e-17,69884.43379511143,0.2056587278670699,120040.13993788119,0.0026121081438312127,9.137636806647144e-06,9676345.824456656,0.06441087832807271,0.028217953897539727,0.015153045546969838,0.2188192739703914,20.611393236688496,0.00028490285779166324,3.0344120829159633e-10,9.77690848882101e+28,17034.287579032556,650342388381381.6,28987.564543960758,3.972273179832978e+16,42079.24674359038,9.668634504744092e+27,31990.77582209814,1.818847923133197e+27,1068.8194292826506,3.242033432646902e-06,43594.59215620847,2.1678104123974207e-07,25769.382026990002,0.00011866844498337736,78450.27897720266,0.0008715980014813485,34335.36670816774,0.00012142880220676517,2.2383300591725196e-12,0.46885861818388747,3.639723486085863e-08,0.13593561574938876,0.8640643478533763,,3.902124302456026e-09,6932066.719115355,0.00010641436014656047,1.5014442060204701e-05,metal,metal,intact
9.057553660837606e-08,67595.89203849972,0.06556805877051082,17905.532442721676,3.206711815345627e-17,69258.92740916453,0.2047661669452613,58758.84627360613,0.0009316593039173434,4.013427581239355e-06,2034585.8382388428,0.020127683497419856,0.09695697232635637,0.07850096231378147,0.425908489510607,46.97290238688524,0.00017909735876328888,3.640440960371359e-10,8.187123353418076e+28,19100.055590853695,189542716689916.53,28899.39990776566,1.232404639934039e+16,47435.80068261748,7.207104488321916e+27,39383.06196748099,1.7567076215719302e+27,1214.4973816608435,6.228536724798873e-06,50348.471697740744,5.002724940587952e-07,7304.173728229829,6.140187112732284e-05,87049.74661520238,0.0002346558020071606,32959.541273360126,0.00011919118310836901,1.7677386478519173e-13,0.4794565461049424,2.512656199562191e-07,0.5194763734317608,0.4805233753026191,,7.378034866806987e-09,12733.452248752183,4.655589227290914e-05,7.263529083545987e-05,oxide,mixed,mixed
3.339208890075682e-07,72722.18767505809,0.05975707385683359,7765.46922311691,4.34562170217826e-18,70162.01022502623,0.23751145826070447,62793.720864210016,0.0023125418391745827,2.7879953772558445e-06,6757350.355590893,0.00774436757103144,0.02274763545903222,0.018478397932822948,0.4695886781804798,49.58275895311445,0.00011287380775782656,6.980939058567415e-10,9.36662168515675e+28,22215.70687669876,5836584101058.072,28603.120929436638,3.383196995609589e+16,45198.698305740734,4.036425208790703e+27,25983.50825008394,1.5847594806827837e+27,1240.7052640505276,3.988045038609984e-06,66385.89338441181,7.552705683890053e-07,48762.07700105827,6.355505822974345e-05,82836.83387444656,0.0006741872624594045,11745.000479426759,0.00012347413063818022,5.4409267339372295e-14,0.5641967768033328,1.2104967112773623e-06,0.5775383042782054,0.42246048522508317,,7.94170056344836e-08,586.8179308868088,4.779605957490889e-05,7.567807106327133e-05,oxide,mixed,mixed
1.0829852902896058e-07,70123.28027560964,0.007322309540391515,39247.16605500369,4.5999877004797145e-17,69047.3552415272,0.3402395528847205,93549.87644912668,0.0021652990803731212,8.985788332495797e-06,6312372.094747887,0.09101403209048477,0.009991012273430923,0.0740209703002688,0.34241355537659635,24.28794244454508,8.212012788170981e-05,4.0478769422035324e-10,1.0303968943720586e+29,20245.86960579013,159724337594138.44,26606.09521479917,4605989139119234.0,44620.456395775356,9.547100984002112e+27,35707.21004324895,1.2182429105978398e+26,913.5039467191838,4.802586019470901e-06,52296.39547108432,4.7110928889734353e-07,43761.808353287866,8.29228484536061e-05,85574.72132268034,0.00023020479892206885,34504.405098707255,6.635161815020695e-07,3.1210170002660457e-14,0.3286022188729631,4.665127183115368e-10,0.05851263615248853,0.9414873633809987,,3.0696095009250225e-10,5445332.046403187,5.404156234563899e-07,1.2310055804567958e-07,metal,metal,intact
9.125577780104367e-08,70573.61355895075,0.07956162422170894,26626.84840098826,4.2625915997272e-17,69193.579116408,0.20609873935239847,122084.1729020777,0.0007111282801516977,1.1276237302844e-06,8374851.926333137,0.09889667692800207,0.0034303564461124884,0.0502211319713153,0.34190474828059103,37.46555168694926,0.00045545029438670694,4.842765170671937e-10,1.129797230044761e+29,21040.74397827313,474267543412995.3,25840.682350822713,4.708855797674451e+16,48200.6122021064,6.830983675337253e+27,25654.647343538334,4.550504052864752e+26,1039.32238697377,7.120595862051125e-06,68320.79976669942,2.1897052447404694e-07,28598.665945381374,8.726585500906359e-05,75005.7172153827,0.0009450675794109745,37975.27480482032,0.0002986041225731842,1.4735088094965177e-12,0.42750219930548905,1.7283771195434417e-07,0.06429950379880775,0.9357003233634802,,1.5673777889312284e-09,7139911.2433232125,0.0002499776773601457,4.862644521303849e-05,metal,metal,intact
4.092474189558002e-07,72564.67680561653,0.03894311057236339,31660.918197727777,2.1929372808610717e-17,69747.36087489338,0.0979244087536941,60158.670774960956,0.003661374283498134,2.8130921641179e-06,6617989.472178004,0.046886870946531344,0.07595949094546516,0.061316199047223734,0.30381755303143254,61.34598309455214,3.1457811229025734e-05,3.6638409592650585e-10,8.062345780692059e+28,20470.069868412,347667159405859.06,28973.05517323178,5.437619985804352e+16,49198.50065864733,5.503331894410054e+27,35929.88155936422,3.661012311845479e+26,723.1067133518395,3.302877096356542e-06,53934.86446584182,4.163126382094536e-07,34141.33134407399,3.163486265888735e-05,84427.25954689251,0.00033210836825393875,8593.453261095201,1.1654824086340673e-08,1.0727955105265851e-17,0.25585079036905317,6.474185286383591e-10,0.5062289681030511,0.49377103124953037,,1.193854631499159e-11,279298.03412542277,6.360865827509582e-09,5.293958258831091e-09,oxide,mixed,mixed
3.7643777419510485e-07,61098.51373337473,0.09725156676342298,2027.028951594132,3.549416112431118e-17,70247.37281612144,0.152083187099752,26329.650047338197,0.0029623664730847464,3.508545123309382e-06,1463278.809207883,0.025148354078273455,0.07464742965199955,0.09840700912772174,0.3880439499776888,33.897288618447305,0.00022788377319121552,3.9289658904054294e-10,9.709879116004012e+28,17136.732200270835,727288279386709.9,29936.33526500869,4.593816490666283e+16,39710.66347119921,7.588665367089862e+27,21576.528210999455,1.0300289858687959e+27,907.6488704686801,8.622835059755532e-06,67447.40423232713,4.2319767358008496e-07,8680.925786574193,9.177090716648623e-05,88826.84054901561,0.0006192896002423366,29272.8645850271,3.3445731553219228e-06,4.67894013754737e-16,0.3791548447349359,8.214089787413846e-07,0.19329823608968383,0.8067009425013375,,2.8699341782253504e-09,3.3570168296215286,1.2914886957978978e-07,3.215424285742133e-06,metal,metal,pinhole
3.2461416945254993e-07,77845.54362815528,0.005385320070395442,37857.93538090868,3.639985876995754e-17,69991.79208795464,0.2988149961007165,33106.48080991949,0.0005321577795988671,9.090323882068373e-06,1924201.2450299717,0.008107317839634087,0.09910645983287948,0.09006110903623721,0.3778641560915745,5.346952216409008,6.563466955664319e-05,3.8295827567223335e-10,9.024463851600667e+28,23636.980338773094,542147713961044.56,27145.290256758763,5.629753420068741e+16,43741.94258015928,6.177013383631513e+27,23151.561215263733,1.44381697960011e+27,943.0574299309374,4.2077146364363225e-06,41267.22259213643,8.695022089168421e-07,48402.249276725954,3.33155939880871e-05,74853.75489529585,0.00025624175550881663,15271.427013231896,5.208935691661945e-07,2.1269014052285114e-15,0.2619633621350968,8.10700867380247e-09,0.798352001306861,0.2016479905861303,,1.7222098174152968e-09,2924.9500061766585,2.5054717452057316e-07,2.703463946456213e-07,oxide,mixed,mixed
1.2581918137812572e-07,62411.016633300605,0.051803525601637423,19760.42370246981,2.1896764262646417e-17,69755.97023158803,0.14212094145521015,148174.71675294393,0.0015994885919875914,2.758662318536953e-06,7598376.00432696,0.07537641992750141,0.039866039106772666,0.029617298331290662,0.3092998899176637,26.874275993455296,0.00012756868726899198,5.018157566218978e-10,8.548911244604346e+28,18536.635052357193,174177410263896.88,29657.175516614006,4.032173791627615e+16,46874.114265259166,3.0035207069616495e+27,34461.615482966125,2.647248757344876e+26,1172.3887487258203,5.624753395312024e-06,50128.85532587778,6.485112437754414e-07,35497.046347194395,9.319558324776255e-06,96834.81872043239,0.000523926539300069,12723.725252750679,0.0014263636404046249,4.7143054740381226e-11,0.5723633173046087,6.189273806550388e-07,0.024699051694979702,0.9753003293776396,,1.7831696069839438e-08,7165798.142352406,0.0012156411455720609,0.00021072249483256402,metal,metal,intact
7.683334372665894e-08,68318.32892205182,0.06149012660589228,28621.839488738384,5.768329242835572e-17,70502.62561771023,0.10116819219018792,66322.4092694555,0.002088407384252759,1.9726414370655195e-06,3864116.9628312653,0.004961717288039386,0.07803923314208595,0.07977975205496234,0.04050832922353672,17.05972786949358,0.0003930620016659348,9.50201650753701e-10,8.071698806668879e+28,17953.09388916451,653175135877233.6,26188.550956974006,4.5055581303578696e+16,39376.5681780593,5.385099631570753e+27,20066.937396090696,6.725312089852584e+26,877.3303178261142,1.4444525564649349e-06,41315.43510601671,4.954708288943274e-07,10671.67222978187,5.91145461463789e-05,93092.19567824004,0.000719873499661465,22161.112546213782,2.048454037330485e-06,1.7353468826139252e-15,0.4971613645194717,1.675759958806808e-08,0.5089847983633352,0.49101518487906515,,3.42927420824188e-10,168754.0682368501,1.1455009852587027e-06,9.029530520717825e-07,oxide,mixed,mixed
2.0572687332338412e-07,63755.921341992034,0.01159184500854281,13251.456143454465,1.0309966371467198e-18,70542.66077238465,0.30824171463221933,24226.585325187392,0.0012215820172413712,3.1597379890939563e-06,5194871.903265659,0.09117321012783511,0.07972527278823875,0.09938491036707173,0.3712798985366473,8.084200766185813,0.000306124157783702,8.384963214049677e-10,8.980696741654479e+28,16042.48690380788,471592525293686.3,28531.558625021844,3080718482605393.0,36078.89273294412,5.777541423514036e+27,34166.66270337523,2.7736328031187908e+26,768.9350728103868,1.2853015622008941e-06,40625.23611118645,9.147469044798425e-07,46946.14648736845,2.6174599130623897e-05,85655.67000025787,0.0007450744572692038,18305.331097197355,2.3711665632954292e-07,2.6295213121777706e-18,0.23996417578165252,2.8014430720842773e-07,0.013890337888794329,0.9861093819668985,,2.5606414822964223e-10,2.835825828924764,1.383079385450861e-09,2.3573357694409205e-07,metal,metal,pinhole
2.46372164139069e-07,74979.48684770754,0.045425106609704204,27408.59049695782,4.857513229927834e-17,69281.99778309751,0.3577277788732837,141430.1051272055,0.0031737359678745253,9.555196246201133e-06,3600619.3900195393,0.03548624515204043,0.0003683739559115845,0.09889078136900419,0.340743715826251,93.79682619724427,0.0001615701713638352,5.850518678104761e-10,1.0834192525403902e+29,24606.23325382147,411535847277371.2,29508.65420431956,1.587495064932894e+16,36385.27024524934,8.859881042464475e+27,35538.01109083114,1.4132326426934128e+27,1259.1808017634828,4.846463540106287e-06,44671.27130890703,7.707590357794538e-07,30539.58082192131,8.53562843458367e-05,82493.24797764418,0.000669379896637773,8240.636869851685,0.0021853433597783843,5.98592096732509e-10,0.5455259618218203,8.41181356420867e-07,0.013312465709434763,0.9866866931092089,,7.553484905635178e-08,3485105.992820171,0.0018869570295696257,0.00029838633020875865,metal,metal,intact
1.291562756202726e-07,60697.805279236476,0.009692442254015962,47514.58268861741,3.6498410640320114e-17,69703.03281708786,0.3471712197159329,103707.53985006646,0.0044894983235490155,7.711255182447991e-07,4461647.834331894,0.07261351556422527,0.004428750196929494,0.0003749481616894665,0.1690084526443538,22.631495788558574,0.00041357925918780817,6.533188399795183e-10,1.061549796674538e+29,17227.19711947617,329074525831559.94,27167.821608027745,2.9579025273341404e+16,48389.991887750475,3.498487661651754e+26,21407.50556279387,1.243018369946492e+27,727.2897154738214,6.130585712696669e-06,63202.34576016615,9.710966492809512e-08,34700.18433662876,0.0001126821464983207,70149.77126692167,4.3401757293843215e-05,14753.054717307125,3.376993434546275e-08,1.2788841481779624e-16,0.1190188739980435,2.263576894799165e-10,0.08745962448329028,0.9125403752903521,,1.9627327633146051e-10,3650392.4214826627,3.0905732350660264e-08,2.8642019948024833e-09,metal,metal,intact
3.2872641184453363e-07,78948.86846716431,0.04713470979610519,30384.62743231841,2.7324997743925653e-18,70845.7773411551,0.17239229440780687,64769.51983481916,0.004214344772347229,9.907909814869385e-06,2847814.4830812574,0.04505574936746239,0.02722971209643064,0.0087730730486047,0.09427068066109774,13.372043514612585,4.251601015466119e-05,7.109065247488737e-10,8.823999443392831e+28,16165.191407841612,426727944484976.2,28160.072450670974,8053469147547225.0,44252.26392296718,4.268978742632633e+27,37316.49059766845,1.970779310580126e+27,1035.6761247238128,6.0323040941028235e-06,52393.3315633452,9.417382582163808e-07,30013.702420536043,0.0001169374276706576,74442.31798090761,0.0006401630416141244,18114.74346397813,4.156738638160828e-06,2.286321997582889e-15,0.46569731651721447,1.4941890140701914e-07,0.1194701582293261,0.8805296923517726,,7.371339903095802e-09,65.1352392055456,3.5614086902819496e-07,3.800597769132633e-06,metal,metal,pinhole
4.04046608473581e-08,79978.94642769892,0.02764368290203832,1111.7878107090778,2.1212516169292572e-17,70025.82782408076,0.3732493657780138,129923.36345083234,0.001717732301063391,7.848349868838077e-06,4017037.7807311984,0.016265114983398932,0.0824545392022406,0.04582262857548178,0.49435354965450795,89.11465124153372,0.00039877854001324676,9.074944540949562e-10,9.095339247716576e+28,19847.023124280102,19824167165330.566,29774.6403645351,3.714645149797796e+16,35768.94306998239,6.766738388635786e+27,20354.265163926233,1.2515199579009448e+27,1225.4854356820238,1.6222896356521805e-06,55839.47291770673,3.286349716759279e-07,39857.50784487997,0.00013039265323791798,79364.09998914244,7.439339444436911e-05,16304.245868081454,0.00036270279249891573,6.292790465401618e-11,0.41568554401238356,3.065653519316417e-07,0.016167413108895343,0.9838322803257529,,1.143099059391847e-08,3870936.077259498,0.0003096899730561596,5.301281944275612e-05,metal,metal,intact
3.379191855079533e-07,62579.46511980196,0.07018612287829272,37091.79885969597,5.392992213850253e-17,70995.70354156478,0.24233844689517936,164741.9479113098,0.003984879091117792,2.8661214148184684e-06,1368794.346459623,0.09358913337820657,0.013416028846255515,0.08932865062981768,0.06088700812372412,5.8972975927925715,0.00031372008926100226,9.438778481098373e-10,8.680732722414535e+28,20750.11642451196,725800997077798.6,27345.99470683994,1.9054963313647804e+16,42259.33904633182,6.247649225520466e+27,32044.610940838196,1.5921969547829227e+27,1058.7383384262362,2.104654334004393e-06,45774.82223883927,6.384467581126653e-07,21585.39322516998,4.5245728045894044e-05,70493.20266098581,0.0007147433632156108,34063.593047860726,0.00014483742212187525,5.402264815956279e-11,0.3789355046827026,7.455320745318605e-07,0.00478989250719931,0.9952093619607261,,1.244363582236684e-08,1351755.3304496224,0.0001162821337390861,2.8555288382789152e-05,metal,metal,intact
8.045267328862581e-09,76656.21542457037,0.03614310723391407,14691.986970003485,6.26573879520384e-17,70333.22357294211,0.08727205866267228,53256.5228656829,0.0018313480014821842,6.157296554285351e-06,1201017.684591886,0.02110288279647267,0.0260771121852217,0.050776576290816236,0.20351879665243577,89.77219897708524,0.00011403539419678023,7.553785128731432e-10,1.066771339162404e+29,16674.55984849494,705537394575280.1,25934.202882167192,1.8104677779604376e+16,39832.17249526573,3.80185263190817e+27,20839.21173925013,2.30215808419758e+26,882.3640612599024,5.2508715111219555e-06,66790.86981450432,9.373593749117351e-07,39123.44357249152,9.451156070597173e-05,87130.98977886401,0.00045761987478259726,18569.381158932127,1.7739785865156133e-07,1.0316182821819142e-15,0.239102459695146,3.834609411337216e-09,0.5708653809836082,0.4291346151817823,,4.784027464138109e-11,67356.46339782912,1.2653518933511613e-07,5.0862669316445197e-08,oxide,oxide,intact
2.8493465228758165e-07,67362.77835889046,0.05441966966176843,3032.4193824562517,1.0092971571670316e-17,70790.04002651692,0.26181064750547556,44092.44606440781,0.0037404702567690167,2.709471704220561e-06,1909955.9752675274,0.04060414951768826,0.029086099979120292,0.08650323260034175,0.2285598269091161,18.375077278559097,0.00019180773784696094,9.626557738583187e-10,8.63046075815332e+28,23689.45437801425,22758938512584.375,28289.853929706216,5.7751393880222536e+16,42264.32827426944,5.782087117146739e+27,25356.17376759029,1.7781400497494002e+27,610.1719583873013,3.8762961241067604e-06,67400.54825087253,4.0448487033865554e-07,38151.43669526525,8.17542086588691e-05,99501.00556259595,0.0006088110255737226,13513.827150114736,1.1684349405544105e-09,3.190452298541932e-19,0.07758558404784054,3.967135915777394e-08,0.29829088319633856,0.7017090771323022,,1.3025508115593991e-12,132.01745170259414,1.3617551852824263e-10,1.032259422026168e-09,metal,mixed,mixed
1.247657642483716e-08,66186.3041738071,0.045697968094613704,37764.358667522574,7.588306675768893e-17,69692.70519044145,0.09681513050918557,154340.08508045535,0.00404455396894687,6.5302685372966e-06,2477838.936148231,0.09795954052669602,0.06563597773193118,0.0749666032910647,0.19750443023240652,4.957208578046025,0.0004998000742113699,5.81465315112741e-10,9.469828053789918e+28,15637.6421034958,314002912931902.75,25132.58830760644,2.7898114729961324e+16,41435.648816530214,3.9863324286256953e+27,30669.991611839934,3.88308409065254e+26,591.0963532104564,7.144443895633285e-06,52020.98981067955,1.0866047005870583e-07,16536.401377689966,9.241934809462785e-05,71337.13502086168,0.0001792468949659479,34270.69735590358,7.70083485002088e-12,2.8602990555522884e-20,0.1511289919647751,4.010524896506087e-13,0.46595741300671323,0.5340425869928856,,6.041626763931829e-14,159740.81491931778,3.919079329132948e-12,3.7817555208879326e-12,metal,mixed,mixed
2.6197438191143023e-07,74764.44789351952,0.016158390131823734,12224.582480160449,7.162796795322948e-17,69841.13292578263,0.11409227033578656,39939.81701725568,0.0048312006053765465,5.264614391321352e-07,1642641.4066358982,0.08140967038018314,0.020529556892928336,0.03351096222541059,0.24931786877628212,2.467890169027548,0.00012649435983863203,5.493097345980818e-10,1.0513669477032916e+29,23203.198524805113,423627897233618.0,29006.784547184274,5.218238065601672e+16,36815.393140348235,1.455462151901652e+27,26299.23650280995,1.133348663253323e+24,728.3809851638226,9.466872563670766e-06,60073.51569795244,8.654174770624584e-08,19027.291271174912,4.220636413231202e-05,91609.5279056089,0.00024477587429982115,39054.45431117583,1.1265216690111983e-07,3.63245903380698e-17,0.13688906147148122,8.645322378720465e-09,0.5352770419964917,0.46472294935818603,,2.523705167666211e-10,40012.98039677148,6.452211040243977e-08,4.813005649868006e-08,oxide,mixed,mixed
2.6275385965863394e-07,63177.840790320675,0.06756693506247327,40041.82096986729,3.2383746631164465e-18,69876.23728140807,0.1111654535877958,58152.518743743974,0.0046072458899599055,4.541959468642713e-07,3415474.7179460707,0.09096328144715467,0.08054737597286739,0.03507676533296485,0.41561027375056847,20.279462925578773,0.0004942776402500109,9.800947582639452e-10,1.1624019374203628e+29,21624.929449916388,419908907309422.5,29684.471428597128,2.7728492312215316e+16,49836.488588762986,1.2160984518730704e+27,33593.999332994295,1.7474531002213356e+27,911.4067900737559,8.157804846254591e-06,59989.09037711738,7.762193897910873e-07,42267.025559105045,6.380514941549204e-05,81037.62202455646,0.0003437755859317962,19213.81668739101,2.8887786424997926e-06,1.4311851730402976e-16,0.32402773308591143,7.994330610769152e-08,0.24861676555651363,0.7513831545001801,,3.2113381999180376e-09,2146.63634984217,4.504550127861542e-07,2.4383236297136385e-06,metal,metal,pinhole
2.917887706131163e-07,65985.88235388564,0.0656942948913591,42330.29222845575,3.952425191498822e-17,70908.66520925041,0.10597153461850238,157516.9562720962,0.004757774037662156,6.345033497166489e-06,9010610.164864661,0.01768093779431038,0.0033663064008744572,0.06945853998495599,0.09861546087797712,78.76070685856797,6.760276310633685e-05,7.939343060739365e-10,9.721406626183988e+28,18547.194446569363,152446116043683.03,26331.729586862275,1.2107493933340302e+16,35445.28141581141,6.183233282725539e+27,36548.853982053944,5.524309592807685e+26,1239.4030397737072,6.054803482605516e-07,48410.78471345327,2.0664226607075255e-07,9300.165900291544,8.316280872335178e-05,92401.37801675062,0.0008395607292101928,7187.768694911162,0.0042850549631053714,4.926489278651781e-10,0.5494041565728355,3.888485745229425e-06,0.01559734156117794,0.9843987699530767,,9.997699973907089e-08,8602088.219902791,0.0038909359123074703,0.0003941190507979011,metal,metal,intact
1.0753146283037759e-07,66171.78623399438,0.08476385781644415,36828.08607352606,7.467633343712734e-17,69658.11635513435,0.36570503015457995,151543.70551375506,0.004927418242454108,3.637880612839197e-06,1417839.2653575973,0.07557421226331978,0.05607037959745046,0.049518925847324105,0.34106906347013216,79.46225231748863,0.00039382402976503,3.1672275949517277e-10,9.921102685273866e+28,16541.746840049207,692635289513754.8,25142.015701020595,3.1400632871411264e+16,48198.31807588686,6.094134181027647e+27,34960.84388429526,1.7764454519071845e+27,1254.0091792169528,3.5740447678801323e-06,44215.09531510697,5.867516067596721e-07,20562.63779116561,7.218101195000142e-05,80595.12346285775,0.00012332725852575883,24938.97583399235,0.0003641736965062582,9.350505346324795e-10,0.4215310936384817,4.4621800190814313e-07,0.0003791488143973014,0.999620404967601,,1.6266227134700263e-08,1415759.563525934,0.00029817216191053736,6.600153459572082e-05,metal,metal,intact
3.035209677296949e-07,75159.88427517268,0.08628503151129241,10734.61377118904,9.756192898077422e-18,70927.26119083811,0.2959893003880107,97549.36544348016,0.0021924346727304127,4.350749687347036e-07,3637228.9303223547,0.09812561037147491,0.07639360420521225,0.06878009077604771,0.2682649403988601,9.29082182506537,0.00010321435213237067,4.72011838599736e-10,1.0571206361568075e+29,21523.021926920894,509721438441834.5,25453.480581788066,5.045916617901032e+16,41630.03211147489,2.751682027564216e+27,36012.175715011224,1.5954425800892076e+27,964.5797248726169,5.103006541619395e-06,65578.2162716499,8.71425804109014e-08,11072.730774679414,1.6924793483069543e-05,96391.38946086526,0.0008883215060800038,25648.75536421589,0.0001290488914117788,2.5908834291428873e-14,0.2984502291450063,2.5681067320328427e-06,0.45513243609528126,0.5448649957979865,,5.967235617814526e-09,230495.6739029273,6.429872243551946e-05,6.475016897625934e-05,metal,mixed,mixed
2.149326582379937e-07,64290.189493702586,0.02005182147128981,7652.9843746730785,3.172027492822592e-17,70695.55818522925,0.3482904490171879,126880.07211315646,0.0028127078057550475,1.8458756756879618e-06,2810110.1668000272,0.042806676198593414,0.06427474463444338,0.01811654970244355,0.4987391949031009,81.88215866651068,0.0002903123435231574,8.88064499822508e-10,1.1473577190918737e+29,24983.29943614138,615494225406156.0,27177.047588315407,1.1251175565754676e+16,41550.0871144047,6.824061914967075e+27,31962.613142711583,6.7913251501411e+26,1091.9482489243223,2.9343231911808576e-06,63763.71561808424,8.560922598319071e-07,12023.65691122764,7.334732650153366e-05,81329.64885665882,0.00024678366459260657,11781.82573534282,0.0001544586038523508,8.190343893278816e-12,0.5552177672540833,5.430058327193084e-07,0.01820436377387993,0.9817950932202874,,1.4415852762827088e-08,2695779.324560997,0.00013486255964721304,1.9596044205137767e-05,metal,metal,intact
1.7942044110559741e-07,63468.67498718886,0.08728117240566176,4460.681805006183,6.260391436515548e-17,69698.92773651704,0.2917104906564471,36062.21637218612,0.0005465013699124771,6.8894722590938006e-06,1152499.8675403735,0.045445888283647914,0.08761334142372774,0.0844064506698358,0.16613984488562858,61.841241658218614,0.0003322278617308049,7.074457664569142e-10,9.227452730169641e+28,20899.58818237127,528854466219293.44,29491.95444395524,1.4070628968851376e+16,35637.21684652645,3.760848586993464e+27,36376.57742487655,1.041701581185681e+26,912.6764430031064,6.744952823723413e-07,68971.01112737965,9.401484378592492e-07,46526.732041113966,8.360323816910077e-05,77748.47377388839,0.0009316644970518885,30274.80425392445,2.8193153501323386e-05,2.613829015565099e-15,0.21387886311814244,8.134265909787543e-06,0.08787443650509005,0.9121174292290002,,3.836107835809124e-09,0.5947150205877156,3.184909306615468e-07,2.787466257066184e-05,metal,metal,pinhole
5.141340849224899e-08,78784.38791470739,0.05390653918247546,7517.8244710233885,3.540838883391131e-17,70935.37007714725,0.25573510147834844,103952.37527759375,0.0006371627343392404,2.668614572165232e-06,6594050.002137578,0.07388151131792538,0.022285337743818356,0.015818140291652117,0.10937073201210253,44.533052164520406,0.00023315418852250022,9.756522191897514e-10,9.822183718965253e+28,16987.638028523303,551034498984399.5,28088.090767586968,2.9772169030979092e+16,36565.054799283,1.7069502104667644e+27,20909.276562209256,1.706287592769911e+27,1038.1700307757478,3.5405222657913685e-06,50992.60914099636,1.3748636704840303e-07,21975.025043746937,6.282856927024794e-06,84074.17381117251,0.0004881774692142963,11957.931495706993,0.00041486465451390784,5.378617513139382e-13,0.3756873444922044,3.0547992033589863e-06,0.500111036124188,0.49988590907660874,,5.398477109881393e-09,741102.6108536199,0.0003060941444134401,0.00010877051010046773,oxide,oxide,intact
2.2737426997026492e-07,65292.5107669917,0.07210221599241343,47138.22095645496,2.674694102790854e-17,70443.68402224469,0.25604947127175537,107721.62987727951,0.003580358631344292,8.904481952460852e-06,7780172.158373265,0.0662923283809509,0.021869101220163063,0.048903067989230116,0.3009243121535944,68.66377929033375,0.00012185130376848383,3.3404489224780715e-10,8.585527501648675e+28,22127.964236984444,743081954592743.0,27677.297806360715,3.4126745127142384e+16,41283.322341855,6.928745672021249e+25,21547.065790988738,8.316627922990482e+26,585.8746583650452,4.192095577909031e-06,66981.03778236658,5.322035189309984e-07,42898.81556180267,1.5219420572479134e-07,96677.39206513978,0.0006970977822315297,5824.947683652454,9.307170754423681e-10,6.013502635566361e-20,0.10875657348602284,2.9376712997101275e-05,0.0754643725874355,0.9245062506995673,,3.715571709717851e-11,15.124625701710286,1.623257236363266e-11,9.144845030787354e-10,metal,metal,pinhole
1.373225601695261e-07,61425.247769454676,0.08802375379271472,38514.85867197983,4.429384542831434e-17,69186.65788730096,0.38874536048509606,37710.597607365664,0.0038951913205744664,7.523620761325395e-06,9723053.186907073,0.020086699611544537,0.09934860763616161,0.08345119478596458,0.23766822552746858,57.93276741228823,0.0002009537351573971,3.9497630174276473e-10,8.85622712413618e+28,24979.957013177183,144759323110755.8,28742.37888452717,4.054372387326874e+16,39048.86214215281,3.379114249754478e+27,33102.62492844936,1.9940288085765132e+27,936.615044753125,9.17447282082212e-06,51183.70592559315,1.7911503581128008e-07,35513.338167550355,0.00012875619245546319,84707.97358635788,0.0002797181592776289,21032.15164755204,5.858058550861864e-06,3.726009623234353e-15,0.3347063677222382,1.2874925591925594e-08,0.4836266206139248,0.5163733665111496,,2.6011420587868e-09,6637.564100680111,1.1988446277323092e-06,4.659213923129555e-06,metal,mixed,mixed
2.1581223491506298e-07,65440.89906944823,0.06892526003237051,47231.949652218485,4.7745801089486865e-18,69541.6093956553,0.29203184891052975,52346.69240451855,0.002436584050323024,5.890355243821088e-06,8737486.916307757,0.03640573058904885,0.0738944617033519,0.049133033813101606,0.37167093711608623,87.44951956675612,0.0004311981684650386,3.7302884361863456e-10,9.615781679582425e+28,15610.877593827716,210868043886339.97,26485.879860069625,3.0710521849952268e+16,36636.3669716814,1.364760322188643e+27,33083.54203792047,8.1437382849271e+26,813.2328339927982,7.395020611545611e-06,42308.344155158324,4.236082013780941e-08,13784.954962551106,3.7334818906493674e-05,75498.20018971576,0.0009107733392980708,14587.405046051095,6.007780120850671e-07,5.966867707396721e-17,0.2678471519832569,3.424435633311273e-07,0.19878595239751412,0.8012137051589224,,1.5810596010028723e-09,48.135228203769856,2.5110324739242163e-08,5.75667687345825e-07,metal,metal,pinhole
1.400723621113063e-07,65094.36199570534,0.07487190059664979,40948.39987228692,2.294834022134616e-17,70940.16952670131,0.3192832201725137,143803.096059422,0.0030058451184636677,3.537395679728706e-06,8164376.865763529,0.08741750411890511,0.03317830763509218,0.03802811204828233,0.039284730777086996,76.08800717300927,0.0004551922316188551,7.888883420755559e-10,1.0417002736482218e+29,17918.688091979784,506047078845321.2,27154.78454526666,5.080788649090385e+16,46777.952734083075,3.604584032944575e+27,37498.80942600074,1.1228604156014288e+27,852.1433519904558,5.339580159489427e-06,42377.48644527816,4.622446672477975e-07,35140.39668574998,6.993131531486952e-05,81973.96765955511,0.0006246159732733231,31112.4712295614,3.2035401241495926e-06,2.3246715060910144e-14,0.3742929217571816,3.830457564515107e-09,0.1346949930575412,0.8653050031120012,,3.0155572998338364e-10,5698903.331898339,2.6148197455263944e-06,5.887203786231981e-07,metal,metal,intact
1.0406666755776417e-07,70468.66665789377,0.05462761341584154,15062.381203378682,1.1382299941235161e-18,70939.33647187958,0.15181577739753044,154903.32494983086,0.003343815781515714,9.882262398828316e-06,6230471.618052645,0.06972486612095512,0.0800086228051289,0.0222780107422206,0.35965730279120617,47.58897753114368,0.0001363746516352496,6.650813882528453e-10,1.0986043274908833e+29,19700.846302240723,646018808877621.2,27969.948380060465,4.88091136939099e+16,48080.05179660613,3.527564489406864e+27,27923.602759797082,1.894039929853328e+27,704.0703486777442,9.143031801291511e-06,67631.99653846811,8.882915951690026e-07,47610.95423599282,6.025666628419875e-05,87116.87136393192,1.2649331890321993e-05,18625.88934882033,5.449278592346145e-09,1.0258987931930815e-18,0.19045125458635476,1.7970517013788347e-10,0.08603803864767211,0.9139619611726227,,5.1816327823525475e-12,82.58953081939134,2.1377332336861754e-10,5.2355052689775275e-09,metal,metal,pinhole
2.8190801288156124e-07,61187.70335474712,0.05213039413601939,30208.525773951253,4.356539422083735e-17,69875.92652803143,0.25899730781439007,168686.62067067795,0.0009383631241195957,9.164781452558826e-07,3060204.21750972,0.07373187315781707,0.016339522698258013,0.09529102974716123,0.10485243067868107,31.607883602298354,0.0004092790946077945,6.21155746448843e-10,8.567979292693656e+28,18929.5755509639,338879444623653.7,25379.03723688205,2.3801813096689984e+16,37726.142998764735,1.0996475844175802e+27,32558.44238028459,1.8207300172712368e+27,902.2674992047317,2.482540549596241e-06,67829.16404201799,3.8185972039567656e-07,33579.70905379015,9.407678391976332e-05,80204.14284364661,0.0005329927010998337,17969.472419957467,0.00020745177131039957,5.696966270115128e-13,0.2854735127052937,1.6593293790228658e-06,0.1444304153374707,0.8555679253331503,,7.230954794235135e-09,2037481.1997633355,0.000162469983878993,4.498178743140657e-05,metal,metal,intact
2.353276283383387e-08,74299.66005983631,0.07456219410939549,44057.7030099071,7.540311218275393e-17,69908.74060582797,0.12455518257448099,100772.59976686054,0.002237242879542585,9.992775365772722e-06,6546227.985227091,0.01679615949026509,0.03263773687496946,0.008178911256775705,0.36235821776282834,81.36044035110746,0.00016210844442709113,9.98393996077162e-10,8.7465070923027e+28,17892.640605891535,505779782918807.94,27606.365522311477,144076916276337.7,46762.706324577346,7.391077906572232e+27,39693.56553454764,1.550298545098837e+27,1197.192798654096,1.3538633810507312e-06,40503.46015512214,4.200351794063725e-07,14852.678313273698,3.2214678204906704e-05,95233.66238818578,0.0005526188392989013,25272.549298670907,0.00012789667712763232,5.6577912840666615e-12,0.5768541019717844,9.304830586713338e-08,0.0798022079959083,0.9201976989557858,,1.7902758635493852e-09,5493234.483761919,0.00012003403644337362,7.862640684258698e-06,metal,metal,intact
5.675519863117737e-08,76826.80936883512,0.08191385995411893,24128.97133102962,5.3402190837253414e-17,69873.87061441471,0.2855560891839901,153179.59941727383,0.0012306964721853675,8.097166126502922e-06,2536186.015773629,0.07884268481814727,0.09221174718286998,0.035619909416206415,0.40734166800463245,89.10946116383607,0.00010017160921490499,5.415127371549969e-10,8.093580028960161e+28,19248.149920528038,54142409195454.516,26951.02911836692,1.6540034724926862e+16,42843.63544292592,9.965589466488855e+27,25071.746143573528,5.306384757801549e+26,576.974361071529,5.424103347437314e-06,58419.25267940007,7.68324302981019e-07,21333.25431709395,6.033258782724658e-05,94660.21944547891,0.0008834914401798056,22201.63381550599,1.4047056394258142e-11,2.0033821813141682e-20,0.24982102695538141,2.3157120560580911e-10,0.2986415967122187,0.7013584030562101,,1.2881604593283336e-14,3960.6439277165537,3.003168457958303e-12,1.1043887936299839e-11,metal,mixed,mixed
2.664747735632083e-08,72373.87565123138,0.052435352768256685,43030.60622782934,5.715716998856344e-17,70751.6163735215,0.16501583085926566,118637.75233541109,0.00308747249998425,9.454041986607241e-06,7829197.239368106,0.03240384634758315,0.03431176019973568,0.02553329676245541,0.06921172300010763,62.00497394384292,0.00031655816782898496,4.00613443558271e-10,1.1905254404971896e+29,16467.564689407554,812385636879278.1,29035.298493838294,7435791481421782.0,40755.54744159816,2.852710050684221e+27,35051.54243930091,1.8922862779928126e+27,615.8330316511717,1.941189922994103e-06,46563.316759579226,2.2725915424311874e-07,39567.765776826454,6.340115490296625e-05,72678.54594071332,0.0004588141854409584,25054.08212448917,8.732998556811957e-11,4.066755381073295e-19,0.10815285127222202,2.0013761143676012e-12,0.5094743130717478,0.4905256869262508,,2.8235567276813953e-13,1061829.280544397,6.914496824471848e-11,1.8185017323401088e-11,oxide,oxide,intact
5.26972947899746e-10,67136.91203277916,0.07879531964799866,10000.955785299762,5.77888908740023e-17,69432.5893121777,0.15394027775361624,160118.73497830174,0.003352905651659821,8.71821521911041e-07,1502676.4873506832,0.06203591602178785,0.0052428316571485716,0.08379071382690811,0.19560505569999825,27.933608371710687,0.00019821547217329868,8.171804481527925e-10,1.1803683697978826e+29,20238.979799023393,31823264665264.49,25433.36664153701,2.7454007884655788e+16,42183.246263488014,5.456702143069674e+26,35599.63244346969,4.150076271637802e+26,806.0202322311114,2.9950454597858407e-06,45535.752843875685,1.9068097435904503e-07,45087.182048877396,6.72579933871213e-05,79943.14703431567,0.00056601406446716,17503.28039185259,7.073492069410344e-08,7.458458863352796e-15,0.08961421106406744,5.971219182677164e-10,0.005522317565420273,0.9944776818374579,,4.106881306115719e-12,1483263.5321177945,5.999151129623486e-08,1.0743409397868588e-08,metal,metal,intact
2.447108808353208e-07,73137.55744350025,0.07810211364937304,31942.654860946426,3.67205405146262e-17,70306.14633009049,0.17363025162899895,159106.2789060931,0.003944465364597905,8.1115265478937e-06,1318042.7683278623,0.010828149480887166,0.08233337197779819,0.038935261359991195,0.10875205753592583,71.27663605476532,0.0004951818314312653,7.306650006785934e-10,1.0154639382358398e+29,18397.225709767223,402148415743331.44,27451.002643783006,3.2830180131831804e+16,47113.78887635376,6.867435135412453e+27,38225.64297357695,5.263116193939973e+26,1237.176601532142,4.328430164889542e-06,57621.515779730245,3.4463019205582375e-07,12256.16773451976,8.579303739598661e-05,76167.8498311678,8.642688697898482e-05,19570.6594006615,0.0007965113752735955,6.44070248945509e-10,0.3689181486861559,1.1464669240100594e-06,0.005868835873225654,0.9941300176598504,,3.40222531408675e-08,1298731.7656022764,0.0006907205095940778,0.00010579086567951768,metal,metal,intact
2.988670537682411e-07,76794.71094097603,0.057040517656585556,3907.0682702930044,1.4640401605108478e-18,70139.15149631673,0.0976825260829273,66632.55041096249,0.002995180805122136,4.742837975286355e-06,3240052.601232905,0.07764857146582907,0.07812909683474727,0.03283923021492235,0.0857884786068762,98.28937767498873,6.711065570491071e-05,4.0805469274671786e-10,8.28618081960489e+28,17563.05123063094,549657707235064.9,29407.172271492644,4.733539241217393e+16,47077.091938738886,4.511349539909211e+27,32870.216703352664,1.9750121628512546e+27,1191.233413421744,6.3057405539467165e-06,68495.82750174293,9.568451859969264e-07,19454.768193864977,7.731928223740276e-05,76892.42601172431,0.00025046250886638833,21657.23232245431,9.053472827328522e-05,5.938659011131874e-15,0.5755294785737642,4.877900032106457e-07,0.09628220079309877,0.9037173114168978,,3.0649566686011e-08,15.153183273290008,1.8247884424662752e-06,8.870993983081894e-05,metal,metal,pinhole
4.0202758760088844e-07,67272.50738456925,0.030565580655156,6041.0374218137995,2.812311813536202e-17,70409.64620105956,0.08815856209812116,23009.829565087755,0.0035910218854658966,1.7821110976588806e-06,513262.38362173544,0.012338945525520223,0.002311016863095342,0.050156080807147486,0.474031897285211,62.31442720141679,0.00038895934594926595,4.1174823843478715e-10,8.872069172097659e+28,20338.181781159532,361576603763213.2,29899.014411291126,3.4754657215040028e+16,47243.44321173618,2.069593679934082e+27,21863.26356314128,9.163498605259483e+26,1059.7485842401234,5.520666284416667e-06,68656.85824445426,3.802013748748918e-07,17307.51469016716,3.6515528631923885e-05,73998.23944427853,9.995136995247862e-05,29647.425420106152,3.1896077513341708e-06,1.0978082510035635e-15,0.23905401640522708,3.021401939809562e-07,0.42570071339833004,0.5742989844614761,,2.380177631160393e-08,5.660840194510814,4.1135641350031844e-07,2.7782513378338524e-06,metal,mixed,mixed
1.9999315836347693e-07,60910.37829284974,0.09230578403256716,40886.53080097827,1.5138690936069508e-17,70970.41731896983,0.1740061450500906,91554.49884260033,0.00234586240882969,7.147371544855015e-06,5825243.011757921,0.027631344726437624,0.05932025408283901,0.0035681194227534666,0.32654670815745895,95.04152763862453,0.00039132351001367496,5.62571943732587e-10,8.753812104457145e+28,15040.374125561762,689294639615605.4,29760.12962693152,3.728800579380789e+16,49684.25836561872,5.183279954591954e+27,24695.845071940348,2.019501487206924e+26,1037.0939006028402,6.122891345334494e-06,55956.36180913566,8.12880231903892e-07,6989.588372047955,0.00012953988232844438,85772.56963156235,0.00018200357678075984,17594.582688606148,2.6759969268391513e-05,7.065390167753861e-14,0.6527546471254541,3.2076930999160807e-08,0.6903976151738497,0.3096023527492192,,3.438880310927234e-09,99417.85194168928,1.887235780008327e-05,7.887611468308242e-06,oxide,oxide,intact
2.384636817519761e-07,60331.74247881074,0.01879111862855721,33277.960390640146,7.179573700565686e-17,69361.77700753359,0.3193870780474297,154499.85499992495,0.00232540009793765,9.932021316148713e-06,6857477.901813116,0.030850172625961927,0.01687182496906548,0.002389364895345475,0.3327018212609175,93.08545965035474,0.00022438194552078317,3.0697121617213634e-10,1.0316460527214576e+29,22435.88734718213,752995682397033.6,29697.281376860545,4.8059584652542456e+16,37046.11886891572,5.91114904184679e+27,30246.138966304683,1.1412950536245023e+27,908.6292073629321,5.194143724215025e-06,60283.460401731056,5.810825886039236e-08,42880.7721801279,5.580257569480583e-05,93673.32690360502,0.0004509839765328761,13069.153816991666,2.0160295591514055e-05,7.088214722229847e-13,0.15325541703141315,1.4304463423114832e-08,0.0984875468309893,0.9015124388645473,,3.2808207680126425e-09,5511284.22680686,1.9053238979515137e-05,1.1070566119989172e-06,metal,metal,intact
3.4009514283109876e-07,73401.68834147115,0.0732629656525871,23040.42922895849,2.588105248176489e-17,69135.0552727212,0.0975846172128259,121611.54791707228,0.004689937677691859,7.599470931822973e-06,9923011.345661756,0.010356485985778846,0.030729112318021223,0.017276008689365224,0.11391125097816575,59.770226665710155,8.19443630513786e-05,6.823535041584155e-10,8.80110065419872e+28,17812.10343595423,354881369054160.56,27193.92389084025,466796787320809.6,37666.384778408334,7.375229258587519e+27,27055.029563495584,7.95362842016304e+26,1037.4566816651902,6.459780611640617e-07,69170.67623091911,6.902266197132784e-07,47195.32190406229,0.00012797404311858785,70081.50670567476,1.1927894237392739e-05,14212.234639985862,0.00013005599313365524,4.009839323314461e-13,0.49359807653273113,4.894279356489648e-07,0.6114904355170396,0.3885090750550247,,1.197563290075749e-08,876513.0451031809,0.0001099711610004137,2.0084832133241537e-05,oxide,oxide,intact
2.5847843926136946e-07,75719.40893019087,0.045900204251275396,28477.082074718746,2.801300448250511e-17,69335.64658432288,0.2278869682414364,132996.68946145324,0.00050057651134704,4.528132841582384e-06,4278987.518160743,0.03479511066700143,0.0870853279436383,0.0049542448012516935,0.34396795985447925,13.663360953216932,0.0003367466847270337,7.243849911924235e-10,1.126291910094067e+29,20129.310210234304,172480083145608.5,25363.864475435475,1.6382378300820234e+16,41103.21418853279,3.4215868913024985e+27,33468.83939096767,1.7038903236051147e+27,865.4601233592119,8.795486266505765e-06,43534.84368365013,1.1747629336832083e-07,25203.190987040165,9.445593147426025e-05,82669.45174567166,0.00038450812415896516,22819.185530895975,1.077875833854965e-05,1.9808145910055858e-14,0.23842327941903974,6.09812347651546e-08,0.6642890902469497,0.3357108487718155,,1.012615494567796e-09,72832.7917346668,6.879650910579275e-06,3.899107427970374e-06,oxide,mixed,mixed
2.908956758748728e-07,75134.0277679033,0.0770258711104737,10935.085309110898,1.187896128811719e-17,69469.18479534499,0.2781152024448158,134919.9602016724,0.002665723967847261,5.7310952039856225e-06,6775557.882040718,0.002361223159358034,0.01094317539115598,0.034444020855494833,0.3724764775125557,40.149129186479946,9.841656879766184e-05,3.462076543047775e-10,8.666287843351233e+28,19818.29344247777,762509289953744.5,29169.231037322807,3.795277059936761e+16,37412.99088072776,7.158269924903824e+27,29700.51481097142,7.417823009457372e+26,911.8118235974048,1.4236512138183947e-06,64877.09928504125,7.487486010005664e-08,27832.104904220752,0.00012148848988346398,90694.97261781026,3.2398603383623546e-05,27830.658059177364,2.016958006202883e-05,4.7180075478218745e-14,0.2416297852135085,8.091978980344923e-08,0.6981034924620455,0.3018964266181646,,1.808803029374112e-09,232652.34067179824,1.6630997376910206e-05,3.538582685118623e-06,oxide,oxide,intact
9.600101997495618e-08,69080.8019103686,0.0430086695064309,34470.8333218955,1.9184501632057895e-17,70196.6422543311,0.3648224813065871,131719.51090736792,0.002022977325115896,5.457857363544529e-06,738229.3587720235,0.07902914111411044,0.08608861152378543,0.036572188377649695,0.27487891844372325,52.48047865431842,0.00030757940425116313,8.769738881462071e-10,8.201996776901689e+28,19738.643378894507,795932549189221.2,26408.406705314337,2.3883956501989612e+16,41362.335479391586,4.8461963786161064e+27,30395.97694031759,6.069173827130258e+26,1168.4377323906378,9.103778507540962e-06,51375.875140948876,6.540478189085413e-07,15533.552285406646,0.00011448962779785592,80450.18717452067,0.0003770114722941447,22145.49734874789,0.00019718331084356253,2.9054693279961024e-11,0.3570671487910075,3.525196245502991e-07,0.0328969940747944,0.9671026534055812,,1.3081282614891707e-08,679842.8659396145,0.0001562568330705009,4.092647777306164e-05,metal,metal,intact
7.94498611139795e-08,63717.67063059246,0.036939277487488924,32796.96351877197,4.1951528813856236e-17,69373.24601114416,0.3360197670477456,142740.20742301433,0.0016815338254541393,4.030483778444391e-06,9513070.634710288,0.011562627661595814,0.050300880972195594,0.004808183008398855,0.1616447266854061,72.66859059489339,0.00043710573001086444,7.023247910590947e-10,8.263956367758e+28,23771.967840777354,191711230248732.2,25277.231947460717,9843004775583860.0,35955.622767301385,5.8070729413708515e+26,30523.142175530316,2.5272322229673626e+26,646.4728823617238,7.5582380725361735e-06,68934.15098576585,5.31693312713381e-07,6666.804275444275,0.00011755885586483544,83863.45268093197,0.0002115089530232026,30518.799844131725,4.85877128022421e-09,2.9753069496852072e-18,0.6076227727061962,1.5086489393172892e-09,0.5834624024984586,0.41653759599289264,,3.9398845450507254e-11,2116.528333067831,2.093429478723353e-09,2.765341801500857e-09,oxide,mixed,mixed
3.0104777570995136e-08,60162.033438058075,0.0826571010406257,41345.603766160486,7.083648276353915e-17,70633.84509038029,0.18896729402999018,21380.360688968856,0.0009040579196297022,9.439018457929232e-06,3968323.287339893,0.008167998753347927,0.09337741389571026,0.06962026513256116,0.4112022348007095,63.41946874320449,0.00010244112390987641,7.312520220735936e-10,9.683021189806059e+28,24269.564901326838,420614799280960.25,29702.282835714454,2.975015416098297e+16,44027.406774664785,5.199385067243873e+27,31849.95891440908,7.154291238176539e+26,1162.0726436494674,5.59133049527338e-06,42348.11410238147,9.587528158832403e-07,21266.279897098633,0.00010859928530570805,78295.99582011712,1.6553202147100896e-05,9835.832265005996,1.654370994565456e-05,1.3563685665447096e-14,0.5879628832622936,3.827213455991211e-08,0.5974372654985496,0.40256269622931573,,3.495079492005647e-09,121.57153608516755,2.359588799892537e-06,1.4184121145762022e-05,oxide,mixed,mixed
1.8432097688013366e-07,60854.945396003845,0.04194294260496339,36633.8717031776,4.228014485600999e-17,70422.06408114759,0.38550307309563575,124911.89766522216,0.0009508953052021695,2.21821913019454e-06,2614899.805623079,0.03731807211368285,0.07644212650171614,0.09711988486766407,0.2635423150239117,80.74683753861734,0.0002934578215314163,6.180191406013348e-10,8.178710834457818e+28,21507.28725942863,771140223349365.2,26499.344960046597,2.9112670944560692e+16,48890.6266358332,6.749226780161413e+27,39284.331462614835,1.7059347864896035e+26,728.8379080821769,8.317024199594534e-06,45010.16798316593,6.180643937636836e-07,28933.360454153008,2.590557242995371e-05,71084.81764937755,0.0008030555492563074,31324.86619347499,5.604946204134799e-08,2.3516068732323997e-16,0.2544019702469489,5.449334873035211e-10,0.2303664031599911,0.7696335962950754,,1.1992533204377804e-11,1276299.334290735,4.0989195781152614e-08,1.5060266260195375e-08,metal,metal,intact
1.78095040824135e-07,70596.82168976049,0.015581660454878314,40124.139737635436,2.883120804902686e-17,69143.35662121681,0.36414906486118664,168445.91249469097,0.002179988658459739,3.5788628684465483e-06,6000429.283707204,0.027280406441588884,0.06654238017552554,0.05000265839490087,0.1302411537591033,17.671740415604905,4.382660011961985e-05,3.394948960893783e-10,9.36124817349742e+28,17010.48859906758,251279927998452.16,25489.856306581343,5.064433054354359e+16,38613.855160609855,9.557997037974748e+27,24830.990170949248,1.8452773644626862e+27,1200.4690699226153,8.26242308779887e-06,58593.65237287939,5.9602419657067344e-08,8745.560251945772,5.0904758392848425e-05,89895.93981396388,0.0006091645173125931,20098.22310968035,0.0004147198682803745,2.8901291541432234e-10,0.3479141989966213,4.630810715116838e-08,0.00039523945711420643,0.9996047142347787,,2.5519100797315545e-08,5994419.982229502,0.0003550552234669882,5.9664644813386296e-05,metal,metal,intact
3.8882060381777127e-07,66589.64349691533,0.014961707484491108,25637.642922841802,4.8044074905560734e-17,69402.57978334375,0.2383595288804785,44234.652996042365,0.001106070303733969,5.617909892876326e-06,623688.7838074685,0.017877303409056945,0.06611137517039074,0.022024862729494676,0.46522259552896633,24.183044939669195,0.0001223896891329827,3.7773010227551806e-10,8.339058896876567e+28,19138.2058519271,640076754155655.9,25738.191033692896,4.873579465338468e+16,49078.55716151321,8.711415076119295e+27,37800.66700256881,1.8379564499583624e+27,1150.8439985780426,1.108408964896736e-06,69977.42073278427,4.5515383913371786e-07,42974.172138938695,0.00012292357210927127,96907.03531166699,0.00023829903393432218,5707.98885064122,1.0848064734879682e-05,5.2601521794227805e-14,0.2170418826167348,4.002858788684544e-07,0.6733972796412491,0.32660232007287193,,1.3030948536108675e-08,2140.679383206877,6.224789474886259e-06,4.623275259993423e-06,oxide,mixed,mixed
1.6638136297821162e-07,73751.34571252827,0.03482956476096728,1260.4805235397089,7.63718117319869e-17,69857.49608724675,0.3165540288048189,55103.7729913442,0.0019297478311355097,7.180339666116e-06,5720007.03768322,0.041382471159160404,0.0977921118563436,0.09294320142255158,0.2080316332858977,80.39532210138216,0.00038225917130312335,7.98154809362713e-10,9.770542731704397e+28,23307.718989799505,514367637375696.0,29053.714777627876,1.066100166030625e+16,38533.25977591491,4.753426378074974e+27,30120.909193031806,7.0975905660665434e+25,924.6933337991004,4.343766648844004e-06,52855.14723449318,6.961549888763696e-07,11594.967143016946,6.96765611851218e-05,76540.88228807869,0.0007994523846632291,23988.021218252597,1.3019070518057644e-05,1.0552085405935856e-14,0.5905953429092797,1.9005310113390382e-07,0.3741330392248131,0.6258667707220857,,1.9209776748073027e-09,10214.384857569055,2.585249993007766e-06,1.0433820525049879e-05,metal,mixed,mixed
3.0601798508214783e-07,61277.38723653757,0.0988886172468969,24087.490494118712,6.400405926164726e-17,70511.71433147538,0.2797088612865418,45192.315860780785,0.0045438038792126444,6.974994918212781e-06,8948185.324877387,0.039527894304600894,0.03521841100772103,0.006328178541769854,0.37042026412530593,88.0297549753363,0.0004452721902858576,3.4364176837521864e-10,9.579496794296398e+28,16600.876229114067,103515371724944.47,27086.072910187064,6640211333889064.0,47434.111541685015,5.986411370908706e+26,34233.67676984707,1.0476672753739803e+27,866.5570205145407,4.563750668131625e-06,60215.62679053175,8.227740775013147e-07,48277.12879882425,0.00011629501520832979,76821.11864860631,0.000560528472611934,16027.291918929805,4.701072207727489e-06,1.814911087307451e-15,0.36276474862618685,2.8707175450543546e-07,0.19523022526729175,0.8047694876609536,,3.780732645471751e-09,617.8583571891934,7.093171728880903e-07,3.991755034839398e-06,metal,metal,pinhole
2.7541134783783297e-07,67726.89136579384,0.0182029393581927,8885.659375106874,5.995728717163709e-17,70575.40689024274,0.09274560613733089,128178.65440189213,0.0018330040054543443,3.7938799007597828e-06,4778386.420107157,0.042170828621410895,0.0008878118454942673,0.08026863444176559,0.4619623761707188,56.39021760706334,0.0002919495979884278,8.329676287746222e-10,1.1390152575235419e+29,16890.334024630632,504726707986944.8,29569.97247628293,7491801193226094.0,36176.76822941236,1.9746297227254328e+27,20647.358086804437,1.6764104070834257e+27,1006.2414753527166,2.1825012553607398e-06,50033.16576205565,5.258732556772406e-07,39703.05027585154,3.9915742598849254e-05,91096.73912334956,0.0008108630051899005,16738.659063918094,0.00025093214382971164,7.133653013741892e-13,0.3914296070809074,5.215719231268994e-07,0.4161292814678159,0.5838701969602611,,2.6421620820103452e-08,1029391.621225241,0.00019333519067817577,5.759695315153587e-05,metal,oxide,intact
1.8995508359271323e-07,76495.09477223927,0.025348857561908807,26117.94227219946,2.1390622778578312e-17,70038.09519052278,0.25382646462046926,95190.72967879583,0.0029055594267910264,8.666912682980681e-06,280402.5373994964,0.0028546787725153844,0.05749566548933245,0.00483259232306367,0.09478823095873438,72.6829467483688,0.00023539248736545362,8.750174934124477e-10,1.1611415516515051e+29,19862.674178482743,809769565564256.1,27339.120185993845,4.9250088162271144e+16,35552.782180056034,4.981390778319198e+27,34248.54871962944,3.1722653457475253e+25,1161.5956330992426,1.6455721844575426e-08,41608.10217872463,8.321567479926449e-07,42997.582726173016,5.4775832728920057e-05,97637.61520315279,0.0006013562399256882,17325.450618822346,6.14471651637874e-05,1.3444844359146287e-12,0.19885519144776212,0.0001544025225145034,0.6135139113032713,0.3863316861742142,,4.705046357153216e-08,24002.030510010492,5.190069395951485e-05,9.546471204272554e-06,oxide,oxide,intact
9.52005850207651e-08,77898.01439077323,0.09640406370858261,43736.337394499744,5.2818623373525836e-17,69878.39672997144,0.19449134097940085,117558.24151080889,0.002764749144275195,2.0905345197789676e-06,4680239.0623896625,0.0714261953341248,0.06957094709085256,0.02842487158363651,0.15015301924774851,78.13652223431912,0.000377022643279124,5.914427807200385e-10,8.415847544405473e+28,24502.172639825745,668459702545908.4,28196.463586310387,4.0935849343207224e+16,40147.867309896115,9.253887865653845e+27,39797.07563602034,1.723554966131262e+27,942.3322648507274,5.240282800590049e-06,62700.61494232011,9.07239037582027e-07,49041.514441398336,4.014518613417658e-05,75194.15208397049,0.0008960785930367459,38917.41411719188,8.526709023509964e-06,1.4596028194871783e-13,0.35672108116517565,1.8227446321840394e-08,0.04609710328398476,0.9539028784885688,,4.268556575708314e-10,4177518.510386102,7.017316753955643e-06,1.5093922695543214e-06,metal,metal,intact
1.0449159576222176e-07,69029.89467899056,0.09947426097486159,6381.603744548423,5.747323375782508e-17,69435.31865535553,0.3558059335023986,37859.7915851718,0.0012185637016662197,4.333550346114143e-06,3983419.7189310156,0.04923545452669781,0.09474946223976088,0.06280424784930537,0.277424963386288,2.004630553881677,0.0004967044073006148,8.826785233122383e-10,1.1397044134037279e+29,24851.259163614526,328801807370412.25,28382.82075357844,1.3888627711517602e+16,41162.22522938299,4.5398628964568957e+27,35018.332216024624,1.6703704477717927e+27,1056.1089570645515,2.2648911680824983e-06,45645.70122665477,2.1813169127688515e-08,34068.39804725002,7.85674050318075e-05,83555.25740024682,0.0001091060915819197,17212.90466320029,5.463797947538301e-05,2.146224279885636e-14,0.13020228673701237,2.501875963624758e-07,0.21901564883754254,0.780984100974861,,5.8423859489011155e-09,512.0191856450912,7.751964853230345e-06,4.688601462215266e-05,metal,metal,pinhole
1.2350787268194e-08,70229.14438088388,0.01445147749927571,45184.88629410049,5.890396879770324e-17,70548.77351096275,0.30516211459869086,42063.88384081075,0.0028499442636968145,9.149940148519734e-06,3038028.0705374116,0.07814239431799193,0.04155153666261067,0.057755215469629514,0.17320677735689013,94.91200365118095,3.5235102728163545e-05,5.574143137422774e-10,8.891863711167415e+28,22320.026506644914,15815155984582.34,26768.24511702863,2.4283509646515924e+16,46275.124079379486,3.264967755173928e+27,29574.904490391098,2.6702937075752712e+26,1103.7586091223948,3.11013319013062e-06,61815.49108692499,8.916426249561172e-08,16247.002732729778,9.081133602180436e-05,74784.79627998604,0.0008062326251684745,32575.86620146738,3.358040204217112e-06,4.605516766691219e-14,0.28165910300470837,4.4033527789398995e-09,0.26876864097609005,0.7312313546205571,,8.662968189857504e-10,1286365.9014100633,2.5356740803275054e-06,8.223661238896065e-07,metal,metal,intact
2.81225447566709e-07,66864.67409328556,0.03593490319838345,39535.84682269863,6.559474578424402e-17,69139.21731950526,0.28313274614499406,98355.58134278805,0.003593903049050712,2.020938499392824e-06,8282334.635243666,0.09856029290480865,0.06312810329711156,0.012340235639450288,0.4022883538864086,31.27696930388219,0.00029864343032948073,3.632161239419521e-10,9.119251269132785e+28,24371.122206085234,408921645699897.2,27263.244734486783,1.4774842768721898e+16,43392.19032158302,8.63688759934562e+27,31725.377657172503,1.9642359345216634e+27,1167.5451370477813,7.905163201806673e-06,50522.10651717946,8.975935992996796e-07,32275.73634443308,0.00013314429197517692,79510.76952750907,0.00034600019030652467,23147.862384554028,0.000476471159874356,5.908129161919819e-12,0.6309719922919927,8.556566492311802e-08,0.04706902779520727,0.952930886639128,,2.0910781426152117e-08,7384930.803765463,0.00039016918467460455,8.630197519975146e-05,metal,metal,intact
1.868362559106258e-07,69790.1625309536,0.0665358181714678,5562.688866087176,3.422103142402492e-17,69585.30693476756,0.3622297544631555,139425.95904087715,0.0016609317032475531,4.204265974648532e-06,1702874.9628880497,0.07057038323130185,0.04838984458100725,0.09068978725119506,0.06663462696073383,6.594998204307773,0.00036449945994555745,3.1981173619679653e-10,8.924850819221858e+28,19424.96969798708,160187424909809.88,26975.334670128304,2.582841496799383e+16,36859.6049610976,7.367597571127284e+27,27711.398905818405,8.07945050806164e+26,1248.1531319712985,1.618625918793252e-07,40439.22665903759,4.791249852488153e-07,11263.91770533301,2.4858105628657386e-05,92700.61486739997,0.00023297343077523865,26606.574154244485,0.0026751073104689005,3.3596333300315975e-10,0.43400821568580206,5.494714062400596e-05,0.019247828812907077,0.9806972240464689,,5.349884331606865e-08,1502126.0462214774,0.002098982347587461,0.0005761249628814394,metal,metal,intact
6.924698156094988e-08,64967.01199699056,0.07171554136064655,21523.478258023097,4.630483447292258e-17,69552.45867843917,0.22912089396049323,149767.43062589853,0.0016281320336699453,7.565204733629594e-07,5896273.722227769,0.06788401717950508,0.09558712185524279,0.0164860701764883,0.016658270061720416,8.928755438158191,3.2247643657592074e-05,5.271162755984028e-10,9.86184678754298e+28,15017.80729031022,578391946434172.4,27834.862836414493,5.534929704951654e+16,36841.6284987829,8.22163783696929e+27,31316.530297634265,1.7195892183565885e+27,857.7049020701096,3.815319141367508e-06,56281.42569322656,8.745384927796586e-07,35083.40897162298,5.108772656526736e-05,75040.99177601635,0.0006047460634499904,21342.76264202714,1.0989306536100488e-05,4.8847530938579875e-14,0.41584953394642704,3.233993091163107e-08,0.05592866672696978,0.9440713009330993,,2.6830447588495326e-10,5112996.926849708,8.896000091720045e-06,2.0933064443804423e-06,metal,metal,intact
8.524209371626646e-08,78705.00768576225,0.0997860728611347,23623.545710531598,1.232369427084968e-17,69628.45487993359,0.37358229428076767,90149.23860418482,0.0007897310756269761,2.2659129948624685e-06,9620758.213397203,0.055253225287392564,0.010511278873089868,0.051341761288742536,0.20298537582169454,96.9717733700365,0.0004435657397934639,9.470367728363853e-10,8.4012823362498e+28,20141.286680227462,430562461104387.3,29245.883343756275,1.4902217789873012e+16,41255.13081431335,7.134165818174878e+27,38002.837232958496,9.571381085683491e+26,1021.1821065061168,3.4968412433670045e-06,52909.79624061516,4.415680298256585e-07,22744.447822483067,0.00012688260876039667,83219.94434641223,0.0004998586635862883,35211.37572081438,0.00011154901506232366,7.783518535728202e-14,0.5563854343488688,1.1225252804320576e-07,0.5110256889210901,0.4889741988263818,,1.4258996028176519e-09,517604.96154759615,7.230630589463289e-05,3.924270916769077e-05,oxide,mixed,mixed
4.055408972092384e-07,77474.72113842535,0.044850144100479696,48547.21773117923,1.0588394443143339e-17,69690.05824191392,0.38939507985640504,135562.24723838875,0.0007803359081847834,7.561003244533497e-06,6060609.805087304,0.040233360734043724,0.057673711710674896,0.011967732877489427,0.08664642404467024,53.96582519794293,0.00046860238416045105,9.171206075031856e-10,9.748204538246984e+28,19824.41885914005,262995714602362.53,27059.712808502503,4.112796929659274e+16,40092.64711108893,6.575864744420756e+26,36443.673521000426,1.3357773925980418e+27,648.1930102878882,6.485672308767929e-06,66102.51750284318,7.746357065891619e-07,37854.400419373065,6.938152563135923e-05,83806.72959346231,4.678698670276089e-05,11838.398868936954,2.238430344011107e-09,1.0127087315848988e-18,0.20812906088484673,7.653351765820753e-10,0.25606636678837846,0.7439336324462863,,1.938818882181861e-11,409.96326514527055,2.911136786643068e-10,1.9473166653468002e-09,metal,metal,pinhole
2.3428272306691707e-07,68675.95202591116,0.05591963198517793,22564.095556318716,3.4625658600382544e-18,70316.27716505194,0.3156584048279504,124040.58969692716,0.002262681166843009,9.428759752844047e-06,2856965.1731330627,0.009064395770504377,0.07533377239479042,0.02945430535110342,0.40151340640099387,60.21006663450109,0.00019296801188888903,5.380029489053399e-10,9.585614023151066e+28,21461.903553782082,480220431103039.56,29731.71662280593,5.414845345590055e+16,45571.475983832934,9.817309123836775e+27,22040.947684676354,1.4715298133502474e+27,642.159375213908,3.869969795103319e-06,50888.243825651625,5.427368262439281e-07,49806.14826994337,1.2799314872302647e-05,90823.58867230934,0.0009053089847775613,6417.7867520172385,1.3681289162897967e-10,2.0611122488971983e-19,0.06916495321751628,1.796900261396676e-08,0.5301395266381024,0.469860455392895,,9.947781373002357e-13,123.48412183022853,3.2527667401086897e-11,1.0428522422789277e-10,oxide,mixed,mixed
1.266460090890769e-07,77877.48948662636,0.058160597782188954,13414.874550347817,1.412236150642437e-17,69460.33534877544,0.26817570476267794,69308.65330606251,0.0043061310616158924,5.011259022632323e-06,8724605.234584955,0.006594704481012943,0.0575517168886255,0.08201971515475295,0.3176361101785482,25.906530366632918,0.0003740531308746417,7.290528110229697e-10,8.725794746874367e+28,22792.23756490997,663620094885061.1,26416.792486205297,5.640231702485507e+16,40296.49065967154,3.5330838665607264e+27,27499.838876333204,5.2923006043146055e+26,599.7090303696822,6.072409112168708e-06,60229.27304639186,5.067042142748683e-07,43791.170221325265,1.2134804293854959e-06,86911.19620035056,0.0009869556031438925,20422.895375080665,2.539319293445406e-10,1.8280596696009461e-19,0.11654032218786138,1.31186972689666e-08,0.6720540024926551,0.3279459843886478,,3.312069861544443e-13,8455.15493509562,8.913971653680039e-11,1.6479221280774023e-10,oxide,mixed,mixed
1.5043538986101962e-07,60498.07946581756,0.06418538517909875,11741.74793615513,5.687908137506278e-17,70251.51142664466,0.2966141474185516,63746.85748369123,0.0008791425098956507,9.743766158673044e-06,7351007.443130042,0.047578519940906575,0.0791681128807683,0.09793140513006622,0.2520271984591465,93.39539033047119,2.908976668772625e-05,6.496841644608689e-10,8.642895709118211e+28,17384.379158570053,454830345469073.0,27564.21528150289,5.327991038215116e+16,49399.15458542206,5.347620694938471e+27,31512.987972180796,5.245828331481756e+25,1236.1776385926705,5.273182080016356e-06,64318.58053695134,9.899453601197188e-07,47621.31394780704,5.6214440342722376e-05,78840.32146077031,0.0002903977408307034,22669.66639293154,0.0007444095664192667,9.228303428603905e-13,0.608284090360258,7.91581289231082e-07,0.3587478794595035,0.6412513289592072,,1.8683011607624792e-08,30319.32991886588,0.00018642825874737618,0.0005579813076718905,metal,mixed,mixed
2.7645029974708167e-07,65740.15229408446,0.0470216742418082,18921.757407780402,5.91454571812906e-17,69851.34461956081,0.2009144233822073,80370.4584296217,0.0038854823311596396,9.087097650478001e-06,5266822.062954252,0.026120054868777567,0.035830649348715375,0.049274421911550625,0.06270626489002869,11.910028553265368,0.00033347163167062136,3.3089803878328264e-10,8.465119183154686e+28,24688.300077680993,658424807724603.8,25100.560351854994,4445141973169881.5,40374.286540647285,7.48813064874788e+27,25605.69105997726,1.2933500149361896e+27,1111.554015035731,3.2886659894856024e-06,63281.979473388456,1.4678497044543853e-07,5402.69860670219,0.0001315062265680474,86202.24252332993,0.0004150888958662396,37871.11384559928,0.0001201026420748057,4.730614161900431e-13,0.4450064668076448,1.1972105002266852e-07,0.5734191234432017,0.4265807568357485,,1.75718103610967e-08,273588.35218001745,8.203151413419708e-05,3.8071127940608623e-05,oxide,mixed,mixed
3.3176354386731366e-07,69932.81413970159,0.008195343652183993,38373.38360954957,2.622457403080192e-17,70160.64645365228,0.3310518144970977,21894.50177668646,0.003076867432615207,8.96277397672047e-06,6487685.486070097,0.037273930800945314,0.07765832087356668,0.084302952055054,0.48020787968054074,28.09030495144464,0.00040590032376990374,4.966793030419633e-10,8.280049588855662e+28,22994.476683254663,469450741905241.1,25040.69884205477,5.181299692072679e+16,36147.87639850017,2.611290171016608e+27,32812.37022731214,1.9694646399013436e+27,773.124201944804,3.3656075875351687e-06,61412.02806724,4.987732084005313e-07,32113.41765383374,7.344040389532238e-05,88188.14483472629,0.0005004252307150065,9986.916725462565,4.908662953630296e-08,7.308984091793868e-17,0.32718849760843655,3.1822285412712382e-09,0.487625565487687,0.5123744313300844,,4.4420125006356765e-10,22091.09288372408,1.566501640642352e-08,3.342161312987944e-08,metal,mixed,mixed
3.3432912995450424e-07,60465.07329013124,0.06027181805280249,21291.04816214532,1.1549974714908295e-17,69077.61793920501,0.2272508051562377,110215.70582717676,0.0022449608323866325,8.199993267823822e-06,2307428.6222085697,0.04714464111842595,0.09712068730285064,0.04497377335764296,0.27224037913925747,72.22832340088121,0.00012303008631294195,3.820790464573975e-10,1.0707892686782706e+29,21533.814054411618,165938875492795.44,29625.355630627295,1396567435058739.0,43055.13773667864,8.371542093061467e+27,22565.42548145416,7.994811762135957e+26,632.8175299249183,5.3980735541417345e-06,40287.17291542102,6.077398041725287e-07,11500.19291837373,1.0083178923749797e-05,79059.19437537977,0.0006537880028739183,16829.790331289067,1.5150628096320364e-09,3.43107554679176e-19,0.3780769774803235,6.119433809218246e-08,0.14792634995418447,0.8520735888514773,,4.637453140703233e-12,12.887421105270338,5.1410270893554826e-11,1.4636525387384815e-09,metal,metal,pinhole
1.0797148251829617e-07,63024.08377279284,0.029922078575450584,1313.4813314974222,6.141764219099274e-17,69947.08359573419,0.3936330319340664,112252.28755652877,0.003925373937063225,7.675480730611662e-06,3599921.885363713,0.08665581646770981,0.02344970177302732,0.05915841827535331,0.2367254723553428,12.555644155320895,0.000458666379258739,7.362567670605727e-10,8.768965912340862e+28,24424.56589473691,559473909163447.1,29537.58879402522,3.720646060988002e+16,37696.03969676022,2.9120325259588528e+26,34611.1955770503,1.577506769885472e+27,1271.1841183102044,6.529527604789728e-06,56917.82584874342,9.818951959628013e-07,32774.99538254349,5.935847259449129e-06,92116.97623045972,0.000748363735681678,32666.995765247855,0.001197664149503758,1.0474389349259279e-10,0.5731601877381234,1.6635612835865137e-06,0.03691496300695636,0.9630833734317601,,8.571751706365566e-08,3286311.7291725213,0.0009888359758763745,0.00020882817362738362,metal,metal,intact
1.4665586296164483e-07,77662.82091806544,0.012973527453814372,24460.798951054647,7.437785618602748e-17,70460.29399569587,0.1979852825645309,135116.33645505464,0.002834704482885114,5.122182945602862e-06,8350010.433170724,0.0037660636241091143,0.06323932076926965,0.04578145240139103,0.4229274245372956,22.433556228118267,0.00010461699009095241,7.61892098493877e-10,8.084018965571648e+28,21581.648769918444,400984482619884.3,26399.62149206507,3.2282533331312524e+16,44118.5531020878,6.482201490602253e+27,28402.128988523895,1.2800062049257724e+27,709.4835801094172,3.984998568261163e-06,67326.27883488749,3.3245127700539223e-07,28202.499205896933,6.576499773005424e-05,76655.71840799048,5.341402497766157e-05,29853.945836127055,8.083919974940129e-09,9.638193390476981e-17,0.3025762782559762,1.063406707955312e-10,0.1319447422783276,0.8680552576153316,,4.0230870380443946e-12,6102518.32725463,7.074619017674503e-09,1.0093009572656262e-09,metal,metal,intact
3.4419842278315996e-07,60569.2219886031,0.0845917628224763,27183.350462167666,2.845938385159719e-17,69915.78702400008,0.17973382210350414,94614.46137562787,0.00425096529918194,3.341601201787586e-06,8134384.25847717,0.03251218484525023,0.007534214541189593,0.09364434462527667,0.41252095693017643,16.71710148881748,0.00010423139507578056,8.123583553959698e-10,8.300048563603687e+28,17088.482755480043,602186912538748.2,29278.868369945478,4.074477445715946e+16,48271.32548457134,7.755206880996726e+27,35578.587718897965,1.0590830595225156e+27,1083.6151198620328,2.7160279193877036e-06,63913.706349580796,7.756459396052852e-07,9931.700305643513,6.176873756885293e-05,94351.32057996372,0.0007761781937081507,10125.692521506495,0.00016787893646447234,3.528700401302692e-13,0.6764473527806862,2.858224401429629e-07,0.3978265215357114,0.6021731926418484,,7.442345190139989e-09,2045317.251126905,0.00013009432905372668,3.778460741074566e-05,metal,metal,intact
3.3127065621050545e-07,64833.44547095349,0.06474367410730644,34076.357268095206,4.5617467846620276e-17,69985.12556038194,0.23524579299006998,142672.17163935743,0.0038148934117685136,7.443820584783626e-06,7696132.522264654,0.0886940983677681,0.08117038791573986,0.03952621820821774,0.2005155566232682,22.711201416829677,0.0001352270435984953,7.761356003715304e-10,1.1649703735865297e+29,21992.938431128598,18842080783153.41,28347.68465133418,2.735227632361285e+16,48818.09845198187,6.845816091028552e+27,38502.2525515858,1.5406652455370904e+27,729.5120568563946,2.4222209182303575e-06,45121.99613833206,1.2130325740511536e-07,19760.710441843792,0.00010177072770874812,92938.84244431113,0.000374095352727101,36297.001733630794,5.7044221975009275e-08,2.0357328321491762e-16,0.2826850620872927,3.80676725090978e-10,0.40788510339551237,0.592114896223811,,2.305983683345279e-11,1250475.6087018156,3.585123810556926e-08,2.1192983869440014e-08,metal,mixed,mixed
2.08781115771715e-07,76899.22316177851,0.03745869212438734,42132.23047861332,5.967621313216526e-17,70245.61639643878,0.13909672148597707,66392.4031603018,0.00218872289546938,1.4867436704781915e-06,9349095.701335793,0.0804035439206718,0.007212437817255994,0.044535819237453415,0.16012510242024972,27.343651148590073,0.00031620076223633616,9.338742856861194e-10,1.0737003864013065e+29,19168.74981157258,600165037499658.5,27073.359549380843,9894175054031018.0,39823.329487043266,6.015011914746211e+27,30154.36673278109,2.9414292541564647e+26,822.3557484287567,2.4695960534859454e-06,60934.27929693561,4.783097801427202e-07,28651.187171116173,1.3136450380461632e-05,89516.22561769726,0.0005287197819759323,39615.148625591784,9.281315086247991e-07,6.999156434188212e-16,0.4292920658077773,1.4096702302979169e-08,0.42227641558865425,0.5777235703146436,,2.597470967859285e-10,1840882.3166526868,6.952615153653976e-07,2.3286999325940153e-07,metal,oxide,intact
3.011552463001816e-07,73474.14203114795,0.03904824405301217,10848.128038857229,2.6046042955488453e-17,70482.5658557187,0.22265651980856693,107048.44924569335,0.0024890083225564907,6.677158372579004e-07,2252959.166054126,0.08288279951659183,0.09835554307744263,0.09777855968425901,0.24788068133866092,36.53647465434902,0.00010669536521130649,9.278743917836588e-10,8.793357178354774e+28,20920.9375485848,59229840229291.64,26797.375866004233,1.506649069450336e+16,38128.1776796399,6.258020118773402e+27,22357.363096530582,3.38335858651601e+26,983.5333021919014,1.7962547683153714e-06,53227.46143642423,2.4753514315465214e-08,46557.11445426721,2.801542268130283e-05,73012.47050227439,0.0008524034686332647,6641.960381262152,8.697060307529444e-05,1.2992739178349724e-13,0.07142073527094664,3.9817860617478854e-07,0.19095569387177522,0.8090439079496186,,6.032562217884856e-09,1191573.868967411,5.744465920727996e-05,2.9525943868014488e-05,metal,mixed,mixed
5.068467344273372e-08,71496.93940844345,0.024537143788893566,28756.501347988546,2.9081434614831887e-18,70620.33570399063,0.18810438067920596,151974.87798937623,0.002688535793809286,1.3474879880723392e-06,9312802.729733735,0.011353934837452302,0.037581299770339645,0.05493392969125952,0.08622922154523367,38.209190446257296,3.386790827122677e-05,5.413542883555257e-10,8.975191701011833e+28,21378.235262045753,223136125623498.72,27546.346348056897,3.001495971751881e+16,37900.42354894764,3.339602810141836e+27,33381.06868487641,6.91464891922414e+26,1126.544431731945,7.425326489885857e-06,49619.58229276298,5.143285760752626e-07,19821.95935423204,7.399585343451731e-05,89096.04958420509,0.0007757549594765308,30342.544318261855,0.0001759878053202264,4.7904113948235364e-12,0.6129009019159571,3.032450967542596e-08,0.014125710588728807,0.9858742590867616,,8.165918637018815e-09,9021839.65695955,0.0001574596323843934,1.8528172935832995e-05,metal,metal,intact
4.884844237802226e-08,73093.84055827404,0.09820016667663292,13684.443388811116,3.054173655855608e-17,70992.85755949498,0.29446595652518126,79411.55970019956,0.004441307264447587,2.5107301697848845e-06,4377578.907796846,0.005718499269591336,0.05541161780558318,0.03015762828970059,0.3499005513485017,68.08830587856694,0.00048452758002633475,6.598627990468118e-10,9.984406076743436e+28,23272.410380822632,447430233557112.44,25584.42305001325,3.690989730677695e+16,45668.571293003435,5.352841940462272e+27,37654.009976509755,1.6383728270442143e+27,905.443888788323,5.635549498650496e-06,42902.49188052164,3.0240299419109944e-07,33651.97946500107,6.852073021208129e-05,75264.08468595099,0.00013675780284504104,33773.47778243043,2.8128421095682695e-06,8.921326301290765e-15,0.2998621460220453,1.4370827544267772e-09,0.33124937388201015,0.668750624680907,,1.4783525549180921e-10,1768668.899164939,2.463987471528545e-06,3.488546380397243e-07,metal,metal,intact
1.337447974504039e-07,65333.64763263221,0.09241657877279622,21714.825566297077,3.969856365286217e-17,70475.38410987238,0.17264216621575912,37472.64733830282,0.0032344569024921124,7.005160905029661e-06,161775.06582446807,0.004595722823637423,0.013899677297584585,0.021811711663873353,0.43553864610554155,6.138673393438513,6.344579022463326e-05,6.535462092891141e-10,1.1186108719319677e+29,23856.103260238044,118502942085637.17,28077.926917588724,4.4154029387826744e+16,38201.356841456436,3.0467243103421636e+27,26584.333434285894,1.1042094667464086e+27,1272.2898520564395,4.749269768186932e-06,54865.85457714727,2.69001731954239e-07,13035.875676870583,3.126067160199418e-05,83242.83756832435,0.000509116739694166,14815.261841738835,8.509220891657487e-06,6.060854921433869e-14,0.15440605017068867,3.360227199625007e-06,0.45511946630046285,0.5448771734723374,,8.053526671611537e-08,1.924897452367392,3.3281448395940073e-06,5.181076052063479e-06,metal,mixed,mixed
5.543076536387461e-08,64503.59364030759,0.09424764430994079,46825.458649600376,6.913434563760077e-17,70933.86807087013,0.322474089384055,133937.234036004,0.004795023316072617,1.9590773375476876e-06,8965667.694830729,0.09227613551275238,0.06005799453161202,0.047224422307517167,0.059635691467792205,79.0838820543895,0.00018737355596194603,3.7404485232954474e-10,1.0529172413012838e+29,16756.003263920178,24004728235850.47,29841.008919766355,4.041414409313894e+16,39609.728408693656,5.022793309740774e+27,29968.742371612378,3.749898378093333e+26,939.447111667042,2.977000757481291e-06,63242.00645109016,3.277027199649661e-07,47953.34712534725,6.835345505275111e-05,71778.27771526123,5.735531209859942e-05,7805.424481233712,1.3525443564481037e-05,6.984223460847765e-13,0.31994484120863015,1.0518688462594107e-08,0.009823199255862662,0.9901767902254489,,9.318447886676153e-10,8747303.118126718,1.0800182893707306e-05,2.7252606707737305e-06,metal,metal,intact
3.8082720975129836e-07,78503.25581873299,0.08525009867331244,6882.886851627454,6.666299986952518e-18,69622.24027442896,0.26610404726229353,88305.87593855853,0.0037670836821421666,9.011320606100539e-06,4358214.91026608,0.09900356072143654,0.0533794504069679,0.07154508500760863,0.35480729028709235,71.17871226211659,0.0003306034654140637,3.011653955996144e-10,8.68812931546338e+28,23420.854574588964,581254517076007.4,27104.72434311013,2.4981727071308652e+16,47322.736580861354,2.308292732884461e+27,20718.65559239314,1.1174588285540569e+27,997.6749144319241,4.384249330893849e-07,64801.584572312655,9.246896694337845e-07,35963.839681403806,0.00010168625067959338,79187.60354836032,0.0002522015943597868,32349.481999087046,4.325258446111945e-05,1.7300308485485752e-14,0.4654412394028263,8.319077123813675e-07,0.2047616079822903,0.7952375601099972,,7.28801128478018e-09,780.3609867378335,3.068688791636555e-06,4.0183895669482895e-05,metal,mixed,mixed
1.7843612312138495e-07,69975.25034739994,0.05919400245417648,19032.63739987172,3.960035264744878e-18,70052.23999459519,0.11192382341714055,65740.74462372766,0.002768233561670745,3.938576843145412e-06,4444818.472358523,0.08178231507756437,0.030359666321523603,0.030816361010715925,0.3642383155868102,56.02542203305081,0.0003697566034232691,8.52011190540028e-10,9.552235071996671e+28,24722.757692515537,16401323001948.893,29863.314859123733,5.130755685290593e+16,38395.17161203873,2.526279479223496e+26,26150.400837687048,1.5976587426121084e+27,715.7312119925748,8.575324317560034e-06,50147.68617120348,5.726122624073566e-07,22436.767577517738,4.0118449416304814e-05,96121.7737823537,0.0001356920797971872,23042.874889668925,3.324748299268902e-07,1.8874866291040723e-18,0.3573750493239596,1.7436669177438384e-07,0.007958483316505614,0.9920413423168026,,3.3715160310133753e-10,0.2787558408541968,8.656949549730517e-10,3.316091349719172e-07,metal,metal,pinhole
3.671243450615096e-07,64160.43305750064,0.04014971622077156,33117.7257756372,1.1445418442766493e-17,69805.67798826958,0.18615426845006305,111192.92554778798,0.0013030239849880878,9.803076914815809e-06,1699724.6218454365,0.03293866665981468,0.08087433636192094,0.09128791510670699,0.2485408880468328,31.865610120341714,0.0004143125463534276,9.377793084917508e-10,8.819588439375827e+28,22653.372618581423,24565277126190.92,27284.59480578703,514621769177780.6,44377.603172706185,6.050199441899627e+27,20876.732260820652,5.051559198755953e+25,937.7388251713693,9.769053911535009e-07,61729.550517761796,3.0460806795635367e-07,37211.00871905622,0.0001204385835303047,81159.83973031638,0.0007887689820115411,29545.49321120245,6.220343245501222e-06,1.9698663728818706e-14,0.2080429720775256,2.881935200390877e-07,0.4945780682039932,0.505421643602487,,2.522767007209462e-09,7208.4502922407,1.947791107480476e-06,4.272552138020747e-06,metal,mixed,mixed
3.058946613973848e-07,76916.93982343387,0.011844998273626164,33731.56782730849,5.875893073280857e-17,69457.21427239005,0.21111842586713697,96824.77425421865,0.0036755662262493933,2.7604269377786643e-06,3472427.1358483955,0.02022125138745446,0.06720578497357134,0.08874708785816668,0.30665870677719215,56.334373603190095,0.00022724067725088192,5.564481126550166e-10,9.268528837347963e+28,22859.965939040125,690648275910021.8,27659.181412555543,4.5515662634202184e+16,35862.9608493659,2.807236693015558e+27,34653.01433592141,1.3144521644774262e+27,580.7361605419101,8.27518775865497e-06,56245.757298581724,9.09596903095773e-08,39783.87877150449,0.00011367783085398696,78100.60553255821,0.0005887892277559789,21623.88439680816,6.415267313454305e-11,1.103965410339834e-19,0.03834676011479165,5.054304426764191e-12,0.481635497705383,0.5183645022895627,,1.00958589472807e-12,367438.38997770543,4.14384189509543e-11,2.2714254183588748e-11,metal,mixed,mixed
3.906946563052403e-07,60085.33951326184,0.06781701201342728,36128.87256579636,3.908923355759873e-17,70635.67495500112,0.385029039439717,63353.4604930234,0.0017433890582434373,2.5566653508205427e-06,6472531.691596832,0.038651080824896655,0.07226651813823898,0.08255303769859516,0.47713546903668086,47.947102897308305,0.0004675612695066571,8.913608122978418e-10,1.0238272041397014e+29,18722.35166990038,740200468644535.5,29441.292150801077,4.276242331642979e+16,43469.08895740703,4.9182545443426896e+27,37233.26291268797,1.6413107477635995e+27,1106.2602690274389,5.766023310856176e-06,68309.02482675052,8.088760179901368e-07,13631.380223517177,2.0108869695829098e-05,72172.67485251755,0.0009502180969636937,29990.353252602323,0.00035696195619225974,1.780525953262132e-13,0.6437343782963001,4.266468232773422e-06,0.4568890107110685,0.5431067228206987,,2.853091701802652e-08,45294.68455093439,0.00013093716181049846,0.0002260247943817613,metal,mixed,mixed
1.873516983486518e-07,61563.315058936845,0.09010588700533757,23495.39398216247,6.525761794518707e-17,70589.72865117335,0.17171550733234003,60023.710279568855,0.00155096297515498,7.474964164050966e-06,6724801.999888828,0.08271058526947275,0.09043869568538711,0.0706359105055909,0.13457277491868522,17.502094856108247,0.00017186787908676933,5.781600492876867e-10,8.334359940888973e+28,16421.75185397251,698959259484591.1,29912.739313427337,1.0016673073097056e+16,47824.00129120699,1.665388308308039e+27,33046.38529834794,1.2551871267903623e+27,1143.5662597003472,3.4571462050672266e-06,64224.769953127354,3.920582940095481e-08,26726.131501808974,0.0001247759671044248,94433.17283418789,0.0007644340643300284,29092.707684894132,0.00041929414132740265,1.6635784069433956e-13,0.25317162072363747,1.6274597832854725e-06,0.27614709006306154,0.7238512824771552,,2.7082741782682645e-08,1794.8180995955236,4.293318495292653e-05,0.0003763609563744761,metal,mixed,mixed
1.1923151902352467e-07,69545.1636369956,0.040700033297938795,45382.44447071251,7.045115928265914e-17,70918.81496019429,0.3299625768495284,86899.89288630588,0.00182577340099963,1.209291531576712e-06,9521283.383377483,0.0006654542522522593,0.00021225098019265473,0.07964247867860065,0.42327822484177574,49.34519101843178,0.00010086348793048345,6.961792806469565e-10,1.1477001883635375e+29,24570.053728797902,645058538391187.1,25769.052803050592,3.425567118420514e+16,45399.62224927309,2.914367925713511e+27,34503.9038911484,4.2946693966661934e+26,899.7073865447389,8.699493290110917e-06,69364.93199675682,5.874458605478934e-07,41844.273544074465,0.00010115369227275809,91291.16968164904,0.00011985372220678392,16062.647566729447,1.0002064512692658e-05,2.8258458363483043e-14,0.40474674533428606,6.898149590528261e-09,0.12422354180752121,0.8757764512943291,,8.269232745625471e-10,7100146.118709669,9.083942216770428e-06,9.181222959222298e-07,metal,metal,intact
1.0363412080297086e-07,71044.8024302553,0.001079458743611913,39426.37788267069,5.724932454801765e-17,69170.89206343846,0.23847440878206616,76889.86891263026,0.0025552014305098496,2.1758586346752744e-06,2865078.9002239844,0.005506521309018009,0.06570687470714773,0.09634716216731215,0.48159152109822256,33.285330053774615,0.00012809560026156346,5.45333806943724e-10,1.0993605186419389e+29,18967.169346622908,48472463481652.98,25097.80744697207,5.5142112224859096e+16,37154.3852418539,8.353208789053931e+27,38940.227871822135,7.219505791012447e+26,921.7605693805193,8.32305925452732e-06,49069.37255010617,7.054363096375015e-07,27256.077015032788,9.393085921287509e-05,81170.29106194942,0.0007854827706147795,10695.044039899112,1.7887846754909437e-07,1.481066507572484e-14,0.3973519726550138,2.0082893040027527e-10,0.012689614114424232,0.9873103856847469,,8.997068358557271e-10,2781712.999366499,1.4861208381418026e-07,3.026638373491411e-08,metal,metal,intact
2.1088712608257945e-08,64425.127026850474,0.0011106986462334212,17008.95381222933,6.826509722968223e-17,70783.6757938725,0.2528842624387878,145060.42632225604,0.0012632731791574576,5.283050099084851e-06,3723608.950914662,0.09735086902528127,0.0528905130867443,0.08910089710778214,0.03075526448944773,19.25421731982831,0.00032027170205738397,9.94058145902114e-10,8.748067304548049e+28,15218.533694593423,248558373909588.1,25621.40100452655,5.523084799109767e+16,37626.64853767473,1.0677189153745316e+27,37536.5995810644,3.681337947872879e+26,975.7589146557818,4.653986942445797e-06,41469.17038743801,8.633320245967662e-07,19914.41239114177,0.00013106014381624777,87098.81342536013,0.0006055072570249517,8041.538685960273,1.7450343075079685e-06,8.056896784934347e-13,0.5235799348652094,1.974542366126644e-09,0.0013436279437514232,0.9986563700817063,,1.573572131778469e-09,3710555.26496935,1.3268311159504771e-06,4.1820319155749136e-07,metal,metal,intact
2.9127361101058205e-07,65155.55881197517,0.09704370902606214,11723.148301164263,2.0922426113911757e-17,70801.92145438687,0.13096816346862555,81573.99290657931,0.0006414057292760584,8.748451467649355e-06,2427279.5436668005,0.02262838036341456,0.025368383923991013,0.01747389514819484,0.4636531463417481,94.42866789876456,0.0003474250870031742,6.189078910572509e-10,1.0930165497439722e+29,21644.195023438184,806141053179043.9,28138.220577239153,5707855673291992.0,38961.24269068254,8.822183742405427e+27,29997.26229813743,1.3440752526391523e+27,712.120991602121,3.296410321502178e-06,60342.68166138556,9.3685037487905e-07,6221.854701957091,8.925305073408568e-05,86665.11366415811,0.00019647992483239296,27794.095370167135,1.1764256739498162e-07,1.2232162074230543e-17,0.5289361194907694,1.0678240917302483e-07,0.04646518493138327,0.9535347082862076,,4.80363805352883e-11,0.4693646457405043,2.034868670145365e-09,1.1560769872483626e-07,metal,metal,pinhole
7.050899995684544e-08,62116.72231569183,0.06012650380672956,25141.032244551265,2.1842662840866165e-17,69208.40054166019,0.21403474563010583,105882.29788039142,0.001630884155514899,5.71142265900364e-06,4563261.133981471,0.0870842316546813,0.01493407021811947,0.08587614697888,0.08139911582904233,45.00029918124038,0.00035881431998271865,9.288149098122112e-10,1.0310717625069747e+29,15071.746414709358,382965917190552.56,28819.644373435796,2.0168276453626124e+16,46939.47227231277,1.9298625649373063e+27,35905.666615922935,1.493582067535056e+27,921.1447372128496,5.119551637173868e-06,58335.54835325625,2.148233378376234e-07,13832.220441674483,1.5424028754333272e-05,76373.52619819301,8.891677139283133e-05,30770.90672011993,1.0444237707037942e-05,2.1398353691591988e-14,0.40119466091400474,4.450395866828521e-08,0.4123658312540148,0.5876341242420264,,8.531448703834975e-10,203939.38486497276,5.130300373440609e-06,5.313937333597333e-06,metal,mixed,mixed
3.73607464964315e-08,66256.51495582878,0.08335038281714711,48177.2735123936,7.594348152384152e-17,70562.99997149843,0.35629486024625795,86434.83003780102,0.0028687615080719114,3.953661460294787e-06,3366979.0305735045,0.0027566012421084253,0.006125017569282878,0.026171983397072093,0.021119616759195554,99.7838015940219,9.248288341561482e-05,4.3757088067337843e-10,9.762808510946222e+28,22902.45229116707,707934636888380.1,28361.64399991878,2.533993205818686e+16,44947.77694290556,2.525363782037528e+27,39614.18807147593,1.567353649068034e+27,693.7054512632028,5.448782157070561e-06,50363.48587816727,8.603855680180845e-07,9543.431395267584,3.865017603602864e-05,74931.813139342,0.0005225880516743546,26835.38194247223,4.065315679039663e-09,6.199181682875526e-17,0.5145203516656752,7.708245836395628e-11,0.13376611826332244,0.8662338816595951,,3.2737271199806293e-12,2494122.868939387,3.9009625310632535e-09,1.6435314797640926e-10,metal,metal,intact
3.648529205912623e-07,71958.25939182902,0.027472657048534677,14010.672825681524,6.3531707516686e-17,70469.09952647098,0.3199458692004311,98195.05820118362,0.002853810146082108,1.9335149477089375e-07,9151779.518666387,0.06875749140851559,0.02159812279263193,0.07795859165513809,0.43891588946297155,55.368111898149,8.725201318162784e-05,4.191333638088912e-10,8.123442279677177e+28,21741.86514722484,309227257232606.5,28634.686856766086,3.754083716414446e+16,45851.65656477601,1.1572719168021286e+27,28630.172503481022,1.1925967279689565e+27,831.2635802460384,3.426437449286448e-06,53079.20111666135,1.9795553588886736e-07,16738.01824207269,4.371802759866957e-05,78909.56985723667,0.0008729341049537767,22879.276496668703,1.3724988754785955e-05,6.314178306242453e-15,0.42711356198433537,4.2183681331189204e-08,0.11175858932302121,0.8882413684932976,,1.0187236682936077e-09,6838477.7711092485,1.1141985814689053e-05,2.583002940096902e-06,metal,metal,intact
2.869468122373919e-08,63449.719390075355,0.053686304417956375,29366.451805846133,7.06033459608258e-17,69405.31350922554,0.35217117982128093,49409.274344104706,0.0021122159003269638,1.4098883482282973e-06,6826006.745131339,0.08606854162092871,0.07172410919503841,0.03609082097189888,0.3329427080131992,47.77458675695082,0.00019796090215284143,7.91006906511228e-10,1.1515893516338417e+29,17554.990281417824,155283499856199.9,29886.555496199464,1.020376655382374e+16,44780.89545026958,3.520179578923921e+27,20219.732630898485,1.7864692631836532e+27,1216.121983878821,2.8525619389555283e-06,62259.955170331195,5.533530490189745e-07,20197.36659421488,6.684757833701709e-06,70860.0246976944,0.0006147566809749196,21685.129201692173,0.00030608113679367853,3.264517224297685e-13,0.6020204280874347,8.278899416324475e-07,0.34074184900779964,0.6592573231022587,,7.532084451787592e-09,2076409.740181235,0.00021877658177307804,8.730455502060049e-05,metal,metal,intact
3.5074756853453825e-07,75112.87514481274,0.06189568588859303,9793.963470560728,1.459349158582822e-17,69207.50872213746,0.2521144597921621,122338.22341995235,0.0019356267842365186,4.1440872667253796e-06,9549649.59309613,0.08882404935336466,0.097425003952568,0.07831385086966663,0.3745007924189018,37.77962099242487,0.0001899180431675191,7.715458490335275e-10,1.1096332291995981e+29,15782.199934393273,537648622715346.5,28151.969401103077,3.3723078450473588e+16,35937.82970171177,1.4100782912864224e+27,20389.525146171734,1.6012753400268248e+27,671.2502417227787,8.56489414927089e-06,45290.770384964315,6.011519545216239e-08,30280.742727558125,7.881869635334597e-05,81679.1430590962,0.0003161552695287737,29612.277799589086,3.4803018892451525e-07,3.3651278709552266e-18,0.1337261954758297,8.908318055160592e-08,0.027474035206604866,0.9725258757102145,,8.508123650060183e-11,4.13912881985865,1.844278598168094e-09,3.461859103263472e-07,metal,metal,pinhole
1.8218977754979657e-07,79898.59185338243,0.015744898605195116,8081.993281039576,7.791501364068501e-17,69214.87507271355,0.09212100717588978,109371.10860575452,0.0023522296501160764,9.860119102311235e-07,8215598.296029246,0.04634318199798526,0.03108735090146768,0.08747502867914483,0.25019893090520245,11.312342781606693,0.00042937920754290856,6.362790338032485e-10,9.43506039524476e+28,24242.50234341412,632185248030272.5,28872.811627564526,3.4342713051975772e+16,45430.439648412736,1.6799554669555774e+27,23392.006429400935,9.850334907847372e+26,950.9353437850664,2.787700995174141e-06,56854.85855411508,7.473002421158746e-07,21103.997184692602,4.24255598568039e-05,85188.61561339631,0.00014289598922838555,33094.98917459258,3.7626412430495e-05,8.060137958162355e-14,0.5877351081419052,6.559336731891846e-08,0.12993690204884184,0.8700630323577909,,2.840032418045182e-09,5851202.583192013,3.05900477291028e-05,7.036364701392199e-06,metal,metal,intact
1.9295446220555807e-07,77687.50546870238,0.008615923136664335,21101.04481985533,6.4031128276058484e-18,69516.16491103503,0.283572741655176,25606.16959046734,0.004682360714032685,2.9148363109688464e-07,2836288.654771697,0.07842809896920029,0.012996909679059561,0.09874454845904397,0.3634255257378417,78.94664395546907,0.0004024949350019232,3.9788795386593807e-10,8.088016030418932e+28,21253.825316797007,336043024118944.9,26017.13176622362,3.3655528226216596e+16,48074.871098823554,4.745679827149229e+27,31769.266241591115,1.7112010978032753e+27,1110.5835366094962,7.685871426896503e-07,50765.148378281825,4.300856715123206e-07,33114.40642761497,9.942459108917105e-05,91700.81055857363,0.000611779695370649,26527.61008921964,7.975486338895275e-06,1.47263398695361e-15,0.3853726017381709,3.451622060722494e-08,0.4125003758761241,0.5874995896076554,,7.199688976778908e-09,290360.82065469754,4.6858167607003005e-06,3.2896695781949747e-06,metal,mixed,mixed
2.570052559748913e-07,74457.57178148392,0.029463080811305404,33403.44190240285,3.788279054662364e-17,69868.64997677109,0.28719062111214316,132719.8235056309,0.0029886627695744072,3.69200579414613e-06,891464.3617456608,0.006862054704068007,0.09495114227973361,0.05746866719071462,0.15601053230940704,52.925482501801056,4.342865161394218e-05,4.3384700338717793e-10,9.193987269586985e+28,23985.704169225108,250175658562582.7,28855.825292049896,5.448917079013619e+16,48663.37875815362,4.0897608457690155e+27,34068.76189935641,1.6199382943223835e+27,732.0418923526439,2.8154399431946345e-06,55718.81712067155,7.586873374366598e-07,25230.90044098861,5.31586796986033e-05,83990.84542784517,0.0009170171026596087,11202.306442114968,1.1524718116275035e-08,2.0085834208071994e-16,0.20859655569302044,1.221269425897815e-09,0.17911912345535666,0.820880875323374,,1.375621331172513e-11,549182.8828438134,9.331488397508282e-09,2.1932297187667534e-09,metal,metal,intact
4.2518488997020636e-07,75540.2496335644,0.039701740811829846,30141.314467961864,3.15234303766298e-17,70342.56927327024,0.15995710847813455,74580.03666355641,0.0009273834932854127,1.4468348035153956e-06,9534156.188170813,0.02100405370892169,0.0004380805660460625,0.007010948055237611,0.3569084519340274,9.729203911890457,0.00028835468610819044,9.18114537138908e-10,9.31086482260791e+28,17344.127548510365,481324750191638.56,28202.909121969824,4112364323769551.5,35534.49723773217,6.199769174311249e+27,35123.46436026795,1.1550913776752833e+27,1038.8967034804548,2.6002271693354482e-06,68457.57950421072,8.645313163832308e-07,15776.543678660693,8.554395751726641e-05,95868.56215022027,0.0005116348570243329,27312.166416056116,0.00012635816030829244,4.616286004421924e-14,0.6738553051361256,6.030538441473065e-07,0.6896410579758654,0.3103583389702907,,1.9658396712179032e-08,34590.48162488917,8.992936593844559e-05,3.642879436984685e-05,oxide,oxide,intact
3.15752184535213e-07,75763.60568301404,0.08416644157253127,20996.163806824636,4.980159197395986e-18,69033.062822082,0.3666442039843693,102289.32166345872,0.0005082451691062784,5.163612295130532e-07,724567.4559836328,0.030689571786275814,0.05858938733541125,0.05293791308478236,0.15687463018076128,6.166682508792864,0.0003957986545826704,7.601102569175715e-10,9.55884614051433e+28,15919.662968872604,83380551506779.77,29239.420416738616,4.202001742035753e+16,41941.79272835149,2.5977243175553384e+27,37723.61729601307,9.919409913462354e+26,935.6164907791491,7.071007036039154e-06,63829.205284316486,5.123012284077609e-07,21219.07915079975,1.8242144456496477e-05,76011.2155871441,0.0003045315418087183,31201.528392064214,3.0433463962989662e-05,9.861499884444594e-15,0.2547846109542273,2.60036409742541e-06,0.6146286520183989,0.38536874761750356,,3.861166634281358e-09,2059.589937533555,1.3200683933196356e-05,1.7232780029793307e-05,oxide,mixed,mixed
1.9373798357727927e-07,72839.15207457946,0.056768150904962615,41864.30645328219,2.0463549202409507e-17,70821.52358600842,0.3747199288927348,129232.48597994586,0.0005404080680626397,6.764341858871072e-06,2417810.9044359014,0.06433096939530898,0.06499055776818288,0.04908984163001755,0.14707067141111066,19.017245934433298,4.8188129330264265e-05,4.4701963678937375e-10,8.58175044756262e+28,16617.937989776496,648134015586350.9,28104.507867711603,2.816952056858602e+16,40537.62290592151,1.1238180837066539e+27,27521.367548907365,6.184168226537575e+26,1033.6482734669162,8.817681370419495e-06,50658.788578234366,3.6047414415519994e-07,41400.49387540007,9.972770295216477e-05,90614.50119766983,0.0003455281500185979,21765.98957300302,0.0005179105414796876,1.9988075833314975e-12,0.2801835088430761,6.233857208135819e-07,0.4901335829521396,0.5098657936621396,,1.97484753098294e-08,131352.63779280154,0.0002905576458774091,0.00022735289560227848,metal,mixed,mixed
2.6074205337434555e-07,77109.32700526001,0.007400934556146766,16852.18744283438,3.0257226044040014e-17,69008.04322415976,0.32545300224368423,135252.33081735147,0.0031630102966655692,4.253896606011275e-07,9363912.790898701,0.09074569779478814,0.022116517666130858,0.054195170405124116,0.04558095741373636,31.3200541868439,9.78202344414199e-05,3.292472299333018e-10,1.1037936739265538e+29,15737.987498277618,366452061351505.7,29098.18889826435,4.981035921037888e+16,49860.961317338486,3.199278282998901e+27,24283.04071815389,7.76884989815867e+26,846.5295283342302,5.344437457206465e-06,61664.96725134255,6.164124886196823e-07,46749.318089543194,7.126859574046238e-05,94517.80400009532,0.0009925266526995518,8126.272821220361,8.513315109079742e-07,1.7168947007700072e-14,0.3290687206810216,2.3824234724081338e-09,0.0056363409980519,0.9943636566195246,,2.4988974948047647e-10,9237869.43656395,7.083208886638494e-07,1.4301062224412478e-07,metal,metal,intact
3.697574780307763e-07,76240.95683292058,0.011158410351293752,34719.034516176995,5.649331476844252e-17,69144.81371167878,0.37633347653340793,39977.21816829522,0.0042782844175428296,9.94547382060331e-07,8652308.11799977,0.007073214873867052,0.03654606806814846,0.0637456996308778,0.3964213091471709,1.472096101699848,0.00025545012593160537,8.868298824959954e-10,1.1979716984467936e+29,21891.295687722428,663117864623411.2,25425.569536274095,1.0140101615431454e+16,37137.500543224065,3.653487507570199e+27,28912.68012960357,1.7338479326286564e+27,956.1119812541002,2.172546714239884e-06,54592.099740095444,5.249016571707186e-07,23762.91115758531,8.025051871945365e-05,94639.10163576016,0.00020624000750875371,5472.627152381408,1.2278236016353693e-05,6.846367530012867e-15,0.5355527059749899,1.7532025386373413e-08,0.5518982614028259,0.44810172106514856,,9.481776699932391e-09,1521315.7865484455,1.0497056484083642e-05,1.781179532270051e-06,oxide,oxide,intact
1.676856081663357e-07,74953.94178162557,0.0380243645521268,44384.51775632384,9.18584298546321e-18,70759.5089982596,0.31684920777888403,112209.66644997413,0.004938665397668211,5.924325764572878e-06,4207861.282412004,0.06488629379032886,0.0038078346081888213,0.05517630311121111,0.4433774935216076,84.61418072229375,0.00023920365402031022,8.862861585846545e-10,1.1702042372980487e+29,24395.304554806582,33347224047256.71,27408.150555122756,4.587289779477029e+16,48538.883647290444,5.79318574663353e+27,32529.697928984948,1.4904410919290598e+27,1043.846602462016,5.907023075443577e-06,54252.55156672026,9.42995215472795e-08,36766.11830254915,3.2798197655400524e-05,81517.30257963321,0.0004194416029685305,26476.84581149847,2.0145251017761228e-05,3.2130833460023957e-13,0.22828210982474767,1.2714272147066022e-08,0.1504400904396374,0.8495598968460903,,3.1902107302083193e-09,2860239.887353462,1.7205949469055914e-05,2.9393015487053142e-06,metal,metal,intact
8.175053022198721e-08,65067.63060341081,0.001302811114824752,43440.23913776651,4.351955683160828e-17,70435.53664710346,0.3037178016519339,98986.03013654011,0.0031925054984236413,1.968182417536008e-06,850162.5710990187,0.0703095915918402,0.045278130332160424,0.06019130757497535,0.48188590326955694,83.92284803845544,0.0003149133558050614,3.49264097287343e-10,1.1152415407077735e+29,24174.374706983246,84700186815114.9,27704.07675642384,4.396687761997001e+16,37368.55686062117,7.708646181048949e+27,35769.39788996172,1.8623038353163872e+27,900.6398723049971,9.172022911142713e-06,51765.30619760296,8.9043700850152e-07,23788.019400189583,9.361854642062329e-05,72732.14693500186,0.0009716483542416406,36683.60336863194,5.11729602993939e-08,2.408054663354462e-14,0.3002394965864519,3.5387536365650985e-10,0.003317104345695018,0.9966828953004295,,6.296200879181334e-10,843511.2239880273,4.215241871894795e-08,9.020541580445951e-09,metal,metal,intact
2.0350889605988752e-07,74325.45527892429,0.08383701271158599,4936.1246686496615,3.7327631838776045e-17,69188.53702729529,0.2922970877190386,51595.08207044544,0.0031466246452356403,6.241609759865948e-06,3903034.9667319525,0.011435644881451707,0.07605866388970156,0.056656957079090506,0.28466575836903724,43.29429868890472,0.0004013726599939293,9.215680418131091e-10,1.1238795851755875e+29,18611.76887266513,317928954451505.3,25518.784597488237,4.2103283853056e+16,38541.58509380543,8.555007108470537e+27,30205.4328619945,8.385298366667929e+26,1144.853454044862,7.3561690017903864e-06,40597.07661907658,3.362997191384664e-07,11237.68535227409,6.760391541587838e-05,74374.12101335153,0.0007786423141775403,20217.06153991366,7.188031043797312e-05,7.974868885477264e-14,0.4905219336445707,4.849777687140854e-07,0.5918922581316124,0.4081072568906189,,2.2289080517546356e-08,1847.562640145992,2.1134331331832428e-05,5.074597910614069e-05,oxide,mixed,mixed
1.3857167895455918e-07,73271.67619418302,0.09038921912555005,30540.57691667512,6.565363940153033e-17,69283.1627026151,0.2639034425568961,94480.95708592079,0.0049641929654579905,4.103254640294488e-06,9760011.86020869,0.06211069072691061,0.07010932892079162,0.09628223088269626,0.40656962822961557,74.38388801341111,0.00027798169622206655,5.114422853037569e-10,8.914792386833397e+28,22580.05684574817,200127696189824.53,27661.546991625437,4.355771867997182e+16,36258.339527761505,7.68512612983047e+27,26361.634144908803,7.912887918444433e+26,733.4098758018042,1.1322418014824323e-06,54355.55026511269,3.3991731233723667e-07,5251.15024741494,2.1752602949453743e-05,91640.07172946873,0.0005300986402562385,33247.435045487146,1.2074273696149688e-07,1.9296319150715142e-16,0.589912177615407,5.2455265238469395e-09,0.41147925202572033,0.5885207427287532,,3.259650454287281e-11,1340181.0122063702,7.13789822982904e-08,4.936375466320648e-08,metal,mixed,mixed
6.863027889500576e-08,60800.982352875,0.07506485384091244,44130.28087918095,5.5044968561908655e-17,70258.31812897603,0.3350730675856441,121776.63610320048,0.0020477231799746224,8.931253776005628e-06,9855691.787042448,0.04988177851079051,0.08218845579485819,0.008581498699815641,0.09312278993776327,3.5985922339827,0.00039113092153881445,8.641016985522391e-10,1.0981417745124851e+29,15866.324462346907,133763924455036.81,29866.203037116564,2.4196275937611004e+16,42918.3284004269,2.6055227655339565e+27,33665.700522878586,9.215577894957904e+26,871.818705656297,7.46291563381926e-06,42731.42091319898,9.060670341223534e-07,15728.472367817945,0.00012692950130940064,79830.20615271048,0.000927886397986028,7620.475668066125,7.346711695314817e-06,4.595672935464121e-14,0.6439460902130563,9.156775837970267e-09,0.3370798466192279,0.6629201442239963,,5.759884344452119e-10,3370688.7276532827,5.798946379213983e-06,1.547765316100834e-06,metal,metal,intact
4.1768986434232213e-07,71398.90871576514,0.08397327093348887,11019.359978513565,7.264094660859572e-18,69001.95124470328,0.2566856267053089,108954.1123230358,0.0010478511648240908,1.2112691966897057e-06,7403440.028823099,0.022456623828265184,0.04882447467920429,0.04676055831757084,0.19043047760305493,52.67932807013202,0.0003468758631970417,5.975423691599169e-10,1.052075352451325e+29,21513.156650038898,276732081031804.2,26127.893723995592,7239389400021857.0,35834.76191884577,3.8728853612116785e+27,28455.47019136742,1.5363794242262119e+27,1116.4486525815335,1.3774026235810646e-06,40722.96773515314,2.0454837279689636e-07,41569.16979918562,7.152730674182702e-05,97534.39947898069,0.00041309075414060144,13364.576296074683,0.0020903119425452576,5.712140216814936e-13,0.3794313767006669,2.488668651518192e-06,0.5660244021258812,0.43397310920546733,,6.980412662493256e-08,54061.658821123485,0.0010344200068467054,0.0010558919356985523,oxide,mixed,mixed
5.6318454190883e-08,71770.72676861762,0.07042402744550794,39705.42789658017,1.022453715922607e-17,70081.11514436055,0.08949371173083136,55325.47008391869,0.0040121953981480905,5.516004678126013e-07,3556539.070096963,0.04107674513737247,0.0956705308794247,0.010741339180217996,0.49641418690220035,63.173231179431944,0.0001939166750725255,7.165958743117792e-10,9.732956347271742e+28,22673.706294612748,2077463914516.3223,25835.10317144016,2.0729841189411664e+16,36395.544585141564,3.4956931922612873e+27,20150.090524740444,2.576560508049315e+25,831.7770308423901,7.972851354752841e-07,43878.43737900622,9.605106560377597e-07,21168.525267435863,0.0001081403814799145,81597.63656544717,9.599095624501948e-05,11161.806268274027,2.6630397146661854e-07,6.599161291285553e-17,0.46707268217318715,3.847352114048909e-09,0.6264879969221424,0.37351199923050543,,2.5663442636691926e-10,72589.69672884628,1.6486797138861807e-07,1.0143600007800047e-07,oxide,mixed,mixed
2.0918723130047668e-07,64583.35452581923,0.05014871977389275,20327.41959984085,5.495282453911189e-17,69784.04666917842,0.29078543654389366,39243.016131614044,0.00411998871920188,4.29120592941828e-06,4283305.153286064,0.016095975700897006,0.0849538946170734,0.08284351934582654,0.4547828401034651,86.96124686964629,0.0003523177795090789,3.1609424213315007e-10,1.052786248133842e+29,23610.14587907741,711849326507380.2,28007.29504557214,5.912171437535856e+16,36365.39718651958,2.377539059653373e+27,29757.7529617928,6.463193459511398e+25,747.4263660738803,8.975403728546858e-06,45968.63574584152,7.32362194518705e-07,22930.460594532917,0.00010729423457737561,95474.58443598039,0.00046101517360726355,15824.286990642071,2.477297971167649e-07,1.1122783144839327e-16,0.3956236253831463,2.3758358206771534e-08,0.437579401574309,0.5624205746673329,,4.116152640717255e-10,1407.1205278747127,4.298679430879387e-08,2.0474300280797102e-07,metal,mixed,mixed
2.1771057318664278e-07,66401.09920776283,0.031400576218940594,6403.418569853652,5.136980233068827e-17,70500.06931776494,0.3659837828281655,30280.62614938058,0.0028900726359523776,3.5684493323578725e-06,8014191.499912282,0.08259836701226439,0.04588955553277175,0.024564344417510063,0.03195787421874016,46.76665905446768,0.0003791025254253915,8.630991538522801e-10,9.701819798089366e+28,23965.153212932593,132279715946420.89,28614.81048310007,5.731039944444837e+16,49654.54297422369,7.345021909369268e+27,23830.54196178345,5.2192118687541576e+26,669.4002481128254,8.392470807534318e-06,69465.55890455845,5.203369912866519e-07,10066.376162982826,7.063611026859591e-05,76696.99117661796,0.0003697604306261727,37383.490814624456,1.2720080158237922e-08,1.705589998881672e-17,0.5455235194749887,5.371327956057461e-10,0.45167391481596386,0.5483260846469034,,1.7280335824383024e-12,721762.1259041127,8.025028756316393e-09,4.695051401921529e-09,metal,mixed,mixed
2.06439463040756e-07,70425.93757270095,0.05781898844062004,25477.981502522784,4.202656688102143e-17,70587.4066568449,0.17410023685228876,130238.20346874718,0.000775954696479643,7.33766414858187e-06,4459176.362543757,0.06457271057692164,0.011615800404069843,0.0487187705208324,0.23298529017413294,76.14674848920905,0.0004358536358349503,8.382724448216205e-10,9.892379192841184e+28,17679.68694618845,121381070619947.84,29903.01873727497,3.3969935868406656e+16,36777.17768691412,5.547333109142893e+27,36776.77358257761,1.0409139266910095e+27,903.6507435282385,9.007497528836369e-06,46839.427092043814,5.416804977784643e-07,36220.75014847286,3.709196453179459e-05,82597.71714770973,0.00047789524252795696,26235.291112821535,2.8401314042509843e-05,6.954112641555134e-14,0.3480831250617319,3.335035054156202e-07,0.4752327546654551,0.5247669118310394,,1.8038421466667274e-09,95286.52884691198,1.497717976496618e-05,1.3424134277543663e-05,metal,mixed,mixed
3.209317888796661e-07,66078.58309650302,0.02218837010939817,31333.44846335995,6.751244764647367e-17,69311.9011767681,0.22148899454466048,118339.58757961229,0.0044804788767706105,3.162585380942628e-06,5902215.724498513,0.04349781619688157,0.02929668123263434,0.06730877589653553,0.20078986112691377,91.2316960580261,4.137597029719104e-05,5.047564904526306e-10,1.043261917583873e+29,21320.874632964533,576216340788621.4,28322.898921570977,2.2693599720846344e+16,46672.246435988665,4.684009645072397e+26,31248.898437649324,9.898235325835716e+26,809.5864824995832,3.772396833633438e-06,56330.141397119776,5.698636767282419e-07,18188.908934833766,1.585671910400518e-05,95727.24855089506,0.000294959639580695,7422.52959263274,2.2048858632437912e-06,4.283441837102809e-15,0.48233402353183336,3.516796546974061e-08,0.4319826161060241,0.5680173487260103,,1.765251212480661e-09,1080395.6969001854,1.6197250681429104e-06,5.851607951008809e-07,metal,oxide,intact
3.9760871232005676e-07,66673.33605269395,0.012649245576440583,34538.017565289236,1.5409612343649034e-17,69506.9490511896,0.2773544306562782,115345.22185016543,0.0024769632359966163,4.4822089431245104e-06,3587903.572544847,0.08181789659978014,0.023358043823378923,0.03864263914554427,0.24060059074680476,36.898472358334736,0.0003045739588732392,6.385285924478304e-10,1.1403644284929413e+29,16136.170229101606,563004859662816.9,26716.174155081975,2.8139891318716444e+16,47189.883326615185,1.2752186689970115e+27,35665.94792535539,1.761046792394441e+27,862.9395995110583,5.6976120305415184e-06,66873.1015095932,9.94681969730909e-07,41511.2381581359,0.00010005935973068317,72922.96975887608,2.068335628933298e-05,22302.930711082336,2.218462117362568e-06,6.144629368854432e-15,0.3276818489681223,8.26396313882468e-09,0.4725238519416835,0.5274761397943535,,2.289197679682263e-09,381912.4052911678,1.4991974362081886e-06,7.192646811543793e-07,metal,mixed,mixed
4.078187071409787e-07,79933.01430461738,0.06231164816693289,16673.660154321602,4.023765437308933e-17,69854.07294806032,0.08024356470463691,42032.84943800681,0.0025306917831660466,7.882495699243492e-06,8531095.077809453,0.05043521906386495,0.0016289983849361736,0.03650108934489583,0.11810520099331075,61.61279522185234,0.00015518348774567488,3.8481594315670866e-10,1.0055492947408938e+29,19264.008489760556,188317885040517.03,25076.21833727028,4.366716838831307e+16,45520.048619982656,6.36969340602269e+27,21370.39507319392,1.5103636798234707e+27,1176.9883327971447,8.637196950583382e-07,59174.87690240086,5.828649329921556e-07,17405.63384441215,8.65293970264887e-05,86456.90207019282,0.0007217660191470277,29944.84863284612,0.00014893259040157385,1.6892857075857374e-14,0.6358831028569167,1.911461391301785e-06,0.11031981876576519,0.8896782697728435,,3.85991319647211e-08,49.074429036609494,5.691416408643446e-06,0.0001432411739929304,metal,metal,pinhole
4.2398385812388967e-07,79819.44676819144,0.032537739041948864,48450.4352204501,6.028282921128551e-17,70103.99305563829,0.09125450918197073,24978.84510185527,0.002419327589765761,3.4242098599774943e-06,797580.3621126703,0.0018495100373741064,0.07470817715146012,0.09260765155169412,0.13518847140975668,96.56255876358085,0.00011854722503240932,3.5239755546830314e-10,8.137443034746072e+28,19232.943110924392,515141509541646.5,26919.813149975813,5.944504409947858e+16,47901.10703255496,6.146491827409647e+27,25817.243178284276,1.861371565341587e+27,1070.8619650347325,4.238903012012875e-06,40020.491468597276,8.064269215251477e-07,49232.85158631289,8.329087239428075e-05,76250.55394784926,0.0004321009143847978,38164.260957081926,3.843158511671918e-06,3.0366347090774557e-15,0.23843650551000933,6.075155418070296e-08,0.5274018362456631,0.47259810300278277,,7.80401733451813e-09,213.36151405947734,6.472646344089591e-07,3.1958938772629587e-06,oxide,metal,grain_boundary
4.063818847146839e-07,76049.17470379778,0.08224774493419415,40509.2440367663,1.9506542585809274e-17,70143.65755676535,0.3592719472051617,119300.2122722494,0.0026156529533729682,7.233276305267176e-06,9327092.474381976,0.010541423815157162,0.07442238656390407,0.01243254116013433,0.47835884024072994,76.55031320410448,0.0003192784815479266,9.40705837582691e-10,8.38621068625839e+28,22839.684526631278,793237184196776.4,26261.11311681912,2.1740716266367748e+16,37647.08084503946,9.098528884788471e+27,21353.286897368685,4.2044941037951444e+26,1013.5867024821118,2.0677337674238747e-06,41331.349540426716,4.268080710878446e-07,26510.447210000824,4.251759379959049e-06,70293.97734149537,0.00047933740848392413,6026.693894343556,0.0001572975510752422,6.104044406838646e-13,0.5249846724396392,2.754989699368763e-07,0.5272580169755537,0.4727417075254764,,8.24151075997751e-09,1694967.9227288433,0.00013370690117470746,2.3590649900534738e-05,oxide,oxide,intact
3.225493744304763e-07,65190.60279203461,0.08317208621388536,26832.48409615533,5.595992178992749e-17,70572.13999870939,0.15736860053841906,33664.134479666915,0.0034344283201294683,3.2371659634561776e-06,8196752.079828452,0.0701940167271505,0.06408067861005914,0.04970559735409488,0.12258214941251458,57.2177164973099,2.196047858903615e-05,4.2633042633577183e-10,1.0378123362243168e+29,18913.807305182847,11155618160860.303,28402.588488248814,7566712859587408.0,49411.864039693275,5.236893796500078e+27,21392.84634823343,2.492249392069895e+26,1247.5092138895748,1.3743250441660133e-07,52126.88554224452,3.62591353566328e-07,11009.857315519042,4.115254299082838e-05,85990.87770164342,0.0008354634130755833,20819.73867117598,0.0003940839645350183,4.684810855863461e-14,0.6038335962075498,4.767029484980123e-06,0.24338930653665786,0.7566059264338569,,5.276617146956098e-08,927.0490375182711,3.343850745754279e-05,0.0003606454570774755,metal,mixed,mixed
3.197651808732491e-07,61301.38276324932,0.030440665854474594,48746.849123689746,1.2879420150519331e-17,70175.84329294141,0.12434629346183826,70394.67573141448,0.001406594482955438,4.680031335490457e-06,7467018.247993827,0.03487293143941797,0.03323199830976499,0.02348751313850177,0.3738728049205616,39.592237089517425,0.00038495840193031094,8.393054414519702e-10,8.47369166457217e+28,17414.89705884965,330307694494521.0,28432.365148085464,8371256439960361.0,47740.63484194957,5.086479878262625e+27,24173.965927891764,7.557271551380301e+25,641.4357635656761,8.877302790633592e-06,62118.07584036731,1.9979598285860626e-07,44379.68745511597,0.00010592827244986176,88450.83556444485,0.0009446274209788289,27907.56888419246,3.5920330272466746e-10,4.649972247617623e-19,0.08976983426109313,7.79523854197335e-11,0.6046937458205718,0.3953062541014757,,2.909799254961532e-12,88137.31946738937,2.19929332147667e-10,1.3927397057700046e-10,oxide,mixed,mixed
2.248883809419919e-07,63955.38068455409,0.0735445608991696,49848.07066594504,5.738346526920434e-17,70817.06697803058,0.24902056246367532,21139.165049563468,0.0015090218950158177,1.6790160505353413e-06,5408114.385966055,0.05460234637731281,0.07374068153106826,0.09057725635062289,0.31319213622625014,34.26349887613954,0.0004334092891393715,3.8401746340309465e-10,8.66947448692417e+28,17463.042898284762,571090964616299.5,25683.339619350292,1.0475232888679164e+16,40418.06135561223,1.6809604496393104e+27,35806.901501659195,5.2328490831374324e+26,673.9715701976345,4.900407693508294e-06,43624.969579126526,2.72533789593991e-07,37693.063987448106,8.947213571660697e-05,72630.71941219315,0.0009918640572403503,28172.66295859582,2.7908887231000664e-08,1.4628600348436015e-17,0.14519978496175706,9.532414189578925e-10,0.46671006257169784,0.5332899364750607,,4.331698649647447e-11,181054.11480181923,1.2933381734745487e-08,1.4975505496255175e-08,metal,mixed,mixed
2.254622587112552e-07,62263.620197013406,0.026685383567568038,41062.374003124125,2.2284550621602145e-18,70519.14428978453,0.24484012774711822,119862.36341952253,0.0016776932020677443,8.693964697960192e-06,5106708.981588417,0.0968041137631816,0.023549297171733905,0.02499938703590986,0.27382464276574786,75.57999421819778,3.4093159911498296e-05,3.3809207752690107e-10,8.101217866105904e+28,16682.261958999545,722715077083141.8,25708.217311170767,1.0434951373020598e+16,36120.07105286259,3.566309860126636e+27,21229.049004696695,7.548112732448039e+26,590.4684288742991,7.814980189918743e-06,48774.20311161723,8.384591412795762e-07,36974.16033564313,3.1106067787756145e-05,76324.33557365104,2.4185863716294473e-05,32135.573074673073,2.1129982045896944e-10,4.693207520236247e-21,0.1586116697730013,4.173833561150573e-11,0.015451988535878342,0.9845480114223831,,4.520698977818404e-12,1.6451070595965753,1.0419911415283398e-12,2.102578293174411e-10,metal,metal,pinhole
3.415714928147128e-07,67327.07040342939,0.03860609442745048,47485.82785814087,6.240272507847118e-17,69330.52838332647,0.30642044872774443,82161.06204297928,0.004392154227114398,9.170523846369315e-06,4255979.232756253,0.058649127838360855,0.017955409174215866,0.09085106027853622,0.1152368647363406,99.23979685710731,0.00030544070591900357,6.993251542050347e-10,1.15240134668521e+29,15826.50812265044,349175487857549.4,25424.87702161913,2965516096528090.5,41394.35351425236,8.866228408898035e+27,26435.27127527615,9.278436855276909e+26,798.5674430931253,4.2565675966574313e-07,45257.49474020956,2.2370963525406751e-07,49744.614612391095,1.3749473961395667e-05,89263.650393369,0.0006822835110447803,35730.80467213204,2.01904732011387e-07,1.3480013904527548e-15,0.12702656926924588,6.3415736604208664e-09,0.3898624627546839,0.6101375309037425,,2.487843129727344e-10,847390.2457592279,1.4004731875689728e-07,6.185741325448971e-08,metal,mixed,mixed
5.763232427911777e-08,62745.018192577496,0.09865906741664593,41195.694963135276,3.720028686063016e-17,69387.26391795318,0.17307130976972707,120823.73229135136,0.003882595975052721,1.3348787847250933e-06,257648.03552616978,0.062453261182482664,0.0654705509254776,0.06804146967490313,0.13864591753039524,37.21566610273077,0.0004971572512883423,9.17702559282716e-10,1.0996630949180178e+29,21784.214511847822,743629769051914.9,29612.0385812514,5181719018047541.0,39212.09929539212,6.377634532746088e+27,33744.01694886006,1.6287701872230315e+27,985.455912414686,5.878922176082362e-06,60450.498917981735,2.712144567993332e-07,21138.526429883812,6.0822008094401046e-05,88740.28449877503,0.0009678782949765215,11484.780399045183,6.805669000357519e-06,3.0718864140487824e-13,0.1373706960703976,2.1466450153457153e-07,0.04624259760112939,0.953757187734369,,1.4698942628053691e-09,228944.56166517804,5.411321629052392e-06,1.394347371305127e-06,metal,metal,intact
9.267549264193032e-08,64944.894567454314,0.061190634393282206,24520.276443321392,6.851248224391396e-17,69925.61738872043,0.11893102952800175,61368.15401714994,0.004205387791426535,5.463147541779144e-06,6162828.190083147,0.03713642083863548,0.09083882679021896,0.06755548731835204,0.3121726082922698,95.87014890266094,8.435627788500433e-05,9.776143214517784e-10,1.059723711250778e+29,23174.989448589462,493526140556337.5,27840.262557163198,4.005254761265057e+16,44057.48002356645,5.419622482339861e+27,28464.811139050256,1.5752553206123756e+27,1155.4054079179812,3.0629214594164602e-06,66455.49175052164,3.071934964166757e-07,36140.18302016819,2.19070597561621e-05,73266.00526187241,8.206079897853119e-05,16368.452488656758,8.804719607806178e-05,1.4647578046130634e-13,0.4445132058524249,7.953995644823012e-08,0.5052337748492636,0.4947661456107799,,1.0114080624453138e-08,185396.06481370894,4.426848145663407e-05,4.377871462142771e-05,oxide,mixed,mixed
8.58946518956321e-08,76457.45334413365,0.012701528985673782,20797.848469248824,6.518498356216413e-17,70439.6411290542,0.22430441400546858,155357.05337331875,0.0005282890080209692,1.5320121096336184e-06,8771407.824653907,0.09825803938174632,0.06872423423440917,0.006616525497962438,0.12303719317242305,76.8983834180727,0.00034427844002062784,5.225205660259344e-10,1.1506051948922383e+29,18090.256726863074,477729014401969.7,29419.959989954674,3.8812088275935544e+16,47617.81637691608,3.578640775591537e+27,21143.729665895116,7.576276113981358e+26,916.7122565901507,4.766582956922873e-06,44452.50008232888,3.557169563507908e-07,18890.099366658484,8.481363916026908e-05,71863.79691376371,0.00033746635799393395,39954.68326499531,1.4438335595501473e-05,5.309726011558407e-13,0.5074087721195737,7.968962750518418e-09,0.009312973153087344,0.99068701887795,,4.053901077309292e-10,8576351.274430808,1.1909691968419578e-05,2.528643627081895e-06,metal,metal,intact
2.2020802276418673e-07,65893.67799154135,0.010368788291805297,48954.63882354429,3.608071379335223e-18,69555.68091269412,0.31779380855842476,135904.4760848594,0.0011639930877593184,8.815389981925014e-06,2373141.347741057,0.005576862777292558,0.07825850081545835,0.09611405045854406,0.16361583288534998,33.623680625657826,0.00040328855533446496,8.787867202942782e-10,9.8418303095272e+28,20066.94020638841,17721037054406.957,28529.508836766614,4.165117506952605e+16,48256.15955823479,4.484328939277165e+27,23097.584764378,1.0161835305244646e+27,766.8835419994964,8.72936203015723e-06,63587.51364506425,5.139094661406706e-07,20244.114302004105,9.131645265276104e-05,79969.019694104,0.0004491854457757543,34890.74013582594,1.644849803216357e-08,1.02394488059748e-16,0.3234049683322905,2.7858021759508805e-10,0.48398049471581367,0.5160195050056062,,5.207891245860167e-11,221714.68535701433,1.0222485191310216e-08,6.226012840853355e-09,metal,mixed,mixed
3.1040003888122455e-07,61658.26762213124,0.0731087394172003,2051.577710656739,8.519779125125748e-18,70284.24845151081,0.2647501396251166,160066.97424732373,0.004087389033382051,2.715382901218573e-06,6332161.8551599495,0.09580945593635676,0.017372270866232612,0.07506923388607067,0.035542340721327,59.68554166561944,0.00033541408671678607,7.342312481600478e-10,1.173919352673882e+29,15128.841457113667,566775610983902.4,28991.10937868278,5.070817954265897e+16,43310.060251325325,6.427562728909828e+27,22624.51275971261,1.517999362874909e+27,1102.3355481414435,7.649505874514671e-06,55809.1116807897,5.506499850405782e-07,9001.930757879883,5.484320710421117e-05,81929.07728759851,0.0009573878662724963,23946.829017521854,0.0009222432073026372,2.046962178039782e-11,0.6145535337477747,5.954059343801437e-07,0.03836967041192945,0.9616297341821362,,2.1807670532730986e-08,5738873.193120927,0.0007419520995919233,0.0001802911077107139,metal,metal,intact
1.2204156319177536e-07,74237.6082373809,0.09373371068954844,49771.62465408233,1.2993569054126996e-17,69707.02644558968,0.260116181847276,50623.64698473682,0.003972755524928101,6.143219634157489e-06,1013500.4322238197,0.08790678496649204,0.0913451566515608,0.03844335025940647,0.14188504799944202,58.6066343763368,0.0003439342551610478,3.9133494540669905e-10,1.096384433237174e+29,21248.339625162145,596106040465737.1,28233.722973272816,5821345022927363.0,41484.62771576982,7.612563199376232e+27,35970.14975791672,5.062011196325665e+26,672.9899398943267,8.885151021670362e-06,47672.35412256026,8.920665916196338e-07,44357.40986619493,7.41210779168515e-05,73933.32413185098,0.0009336989632367565,33751.25467634162,5.152269402524061e-10,3.3762199964383505e-18,0.08544129777385988,3.7093824129273656e-11,0.41958156378923406,0.5804184361736722,,2.626205427520411e-12,108058.01378152338,2.91722228143372e-10,2.2350471210903412e-10,metal,mixed,mixed
2.493366944413645e-07,72694.34973847258,0.06935804762499968,18079.386474032417,4.7273628596486197e-17,70062.41962946282,0.3270065942568559,168021.80756282425,0.003022536235689693,3.4324482454640952e-06,4534131.671253324,0.07520872969463847,0.05567373379654207,0.028868543612565366,0.49961267920098734,59.81159675993532,0.0003269324025090462,8.338895940791074e-10,1.0059694881033289e+29,23732.00471920554,656651529587365.4,25324.930148715383,4.901508854383915e+16,40225.65202922473,3.6208951937891333e+27,37322.443003085624,1.6478925644888106e+27,800.9847316526108,2.2681644429892194e-06,64243.48752715354,7.126614094903374e-07,35152.48301172517,3.1695697032531934e-05,85600.6579025726,0.0002647075532916874,27712.295640953307,3.5626544652650833e-06,1.3839374302175645e-14,0.320742261367355,5.1545461436075644e-08,0.3153085755050434,0.684691372949495,,2.8043175532477633e-10,1718369.8175467248,2.777587795379631e-06,7.850666698854523e-07,metal,metal,intact
2.7183556023684573e-07,70314.15642229021,0.08096887281657317,30586.930679110188,2.034528261715389e-17,69508.22568068664,0.1676940728793154,135771.56946263887,0.0027951538460601307,2.8798281984574024e-06,710412.5303251585,0.05126107510101483,0.07004249890385367,0.05367272986015067,0.06857118989634531,71.05939833356216,7.856054192116995e-05,4.6035844466461125e-10,9.161584220810713e+28,18003.550467127247,316576880585364.06,29342.24752374383,2131678551107219.2,45494.69450248487,9.23083743459126e+27,30728.8210275991,5.05262767017929e+26,925.2226692140009,4.099648795048239e-06,43989.929457823644,7.815223450662386e-07,12559.850016716391,8.262798385281879e-05,90805.81016644936,8.347433423400113e-05,7391.840693361104,5.630052517079698e-06,7.501036990330478e-14,0.3440659626071574,5.9151054207410955e-08,0.19208678509620503,0.8079131557527408,,7.607806616376578e-10,407514.57978663355,4.408040394127588e-06,1.22201212295211e-06,metal,metal,intact
2.8928108207281788e-08,75228.64040596761,0.04222073438028174,5344.927242345239,7.055301546910525e-17,69664.25638139951,0.23872283579708475,150239.38656471513,0.0029539899742190745,9.977213299594893e-06,5092597.588241236,0.0010369507887416085,0.09007674244555147,0.022348828009666845,0.08200860657063595,33.404916406030274,0.00029682152220887294,6.14817642166562e-10,1.0073170265686576e+29,18665.00152792737,227624335865176.16,28451.304701627967,3.4627376600451556e+16,36594.24469311292,4.289864038062301e+27,24041.58466978014,3.377879858610177e+26,1125.0090122689894,7.183878079683464e-06,40206.03216861328,8.29912069191856e-07,37170.64166730907,3.3226312070709094e-05,99105.16130192549,2.3783057751730074e-05,9603.543021381762,0.0001467086768706271,7.451464803194258e-11,0.5277104668555213,2.977248594348157e-08,0.004775363724648099,0.9952246065028657,,4.784633141184735e-09,5038009.573535937,0.0001299892002122741,1.6719476658353006e-05,metal,metal,intact
2.477093259372684e-07,75371.14759682989,0.04004753691549033,19941.394457315826,4.606581807073786e-17,69181.11243690545,0.3813029600982764,149615.98302452484,0.0024713217313204303,9.32004401845647e-06,4713854.422062608,0.041428119373383004,0.08960554448858828,0.018277206222823007,0.15823529284554202,3.8246099673481275,0.0002515654327265194,9.80459686120732e-10,1.0576596907490929e+29,19174.738446403877,162227675644930.56,26490.797311716466,3.981322581640801e+16,48452.44424187623,8.341293009012259e+27,27275.219441942623,9.952877564149377e+26,751.791483608389,7.763562204359444e-06,55544.705048826596,6.17155507265984e-07,38745.60162512122,7.893889751309429e-05,72851.05272297768,0.0002850613051756935,15495.389748079204,9.172826887037518e-08,1.0506393912761675e-15,0.24419498892937294,3.301884675256592e-10,0.29083196952861207,0.7091680301411996,,1.2848165276918761e-11,1996722.4125787602,7.320952053022689e-08,1.8518748340148296e-08,metal,metal,intact
1.249312431985138e-07,69698.58409589657,0.020874786338681138,36196.135354103506,8.9702991296129e-18,70144.96635820605,0.1986905811882843,88738.33963575443,0.003383624599461578,2.425005371393251e-06,1933647.4768029875,0.016945761202630735,0.020186657719656904,0.04892956201076253,0.013008766402561317,5.84689301410357,0.00029730892970426765,6.091777753948061e-10,9.332943663049979e+28,22055.57617885996,208273400160323.38,29948.5698047838,3.3580714748862236e+16,46745.680261042384,6.315637021075321e+27,26331.45443537268,1.998065857647278e+27,945.2504427806571,6.922681852584625e-07,56927.54893283323,2.4539096735405857e-07,41900.938556021356,0.00010047785107324503,94618.01647787757,0.0004899594654096589,8556.37885926631,1.261008432096721e-06,6.342362364599939e-15,0.18452314678839934,2.073415971251925e-08,0.29952427890569805,0.7004757003601422,,6.055584575675498e-10,858062.9477195623,1.1112190497025393e-06,1.4978938239418166e-07,metal,metal,intact
1.5031898025870826e-07,77394.76439252598,0.051392848062282934,3483.9834830097498,7.490278932538566e-17,70516.88375840578,0.18351584516637262,136689.03766001324,0.0010019227707053898,9.419621181065045e-06,3338193.146685183,0.09404215462777053,0.022014799656010484,0.0016123220649485394,0.3821602519098274,85.75666761976021,0.0003224224455083033,5.516121212899084e-10,9.719104479809994e+28,22662.655211096324,665025451706803.1,29974.79361741771,1.0950892673721934e+16,48341.668239019375,8.070575547565827e+27,32425.120469943395,8.436987352121442e+26,1138.4579529995476,2.383798118973688e-06,54572.48972073201,9.842922001161626e-07,37485.848663348566,7.143006686144646e-05,94959.6703031951,0.0003634116616909258,32377.194310650037,0.0004974799343920307,4.3784708751965487e-11,0.5007290082639628,7.345163235168607e-07,0.04373669562041512,0.9562625698632613,,5.699313667499075e-09,3012639.5165153174,0.00043646109887269234,6.101883551933832e-05,metal,metal,intact
2.1964579721291522e-07,76959.81603632498,0.014595366609285584,18222.996877996422,7.093137746456495e-17,69561.61848296714,0.11810699036622027,121546.58270715915,0.0024585954439502334,8.861741372145283e-06,2445594.9075487675,0.035722471493872386,0.018971522247086075,0.049355890263238944,0.32473751630695086,11.555471252231131,0.00045149741603099804,5.59606707995184e-10,9.444927811199646e+28,17886.01492963465,58580277102588.5,25752.447149496293,4.7378085048641e+16,35182.75299843321,3.6023176714549854e+26,35440.19510122416,7.056745842358372e+26,634.1184719245476,2.5765722065514246e-06,49727.89031939768,2.564708529288907e-07,23190.0694960906,6.417518763950795e-05,98133.95767077125,0.0005165842966352005,36025.505438979184,1.4656121935927117e-09,1.031780022088245e-18,0.17175147612785402,9.49700676215906e-09,0.1798484193174405,0.8201515711855528,,1.9036710894515183e-11,71.6485076121036,1.6225406044374169e-10,1.30335813314897e-09,metal,metal,pinhole
1.7282406318517193e-08,64251.53948974155,0.044038555960524466,23914.840601264572,5.865437543436024e-17,70016.67971870354,0.33381950470912647,23406.213685352537,0.0026599749220068405,7.895619583022029e-06,3680467.0487325653,0.05417121877916567,0.011467804737977044,0.03254188211103306,0.41012520215681136,89.55344213268079,0.00027216121979669407,6.756399317532441e-10,9.671540390428493e+28,20299.93648706681,56046554834368.44,27877.32424290952,8514824481284512.0,41129.02481631214,3.246635895756401e+27,26661.208546713766,1.149958260701843e+27,697.469574859477,5.568693218321641e-06,40898.07812498307,3.735837961776042e-07,15008.593125782103,0.00010363680758425481,73122.34777023051,0.00022156125426504633,8400.373490291562,7.0197035106517925e-09,3.5125550771380453e-17,0.3592155386545388,9.384426985116492e-11,0.5278312852104421,0.4721687146957136,,3.4744247167751808e-12,360615.45884936996,5.294677538690726e-09,1.7250259719610668e-09,oxide,oxide,intact
7.287868562185224e-09,74110.27763582848,0.052173864715265666,14387.999083213146,1.4706575516026113e-17,69937.25017349937,0.34686217145148973,97176.27574656472,0.0017607312086888706,3.7582475520786872e-06,9605480.638870995,0.02801753795609053,0.07181627889394182,0.008070222892270868,0.1083994801951096,61.5362837887187,0.0003345943169936642,6.476227138520541e-10,8.937285972012214e+28,17239.77998523562,781813933210219.1,25336.61231659291,5.591699604235922e+16,35513.080854465086,1.3129631189324263e+27,30958.2800261652,1.1868921209361655e+27,994.1230870246925,6.773615078092995e-06,53799.08283364827,8.981960049269265e-07,36867.44135357883,9.929403507073058e-05,92533.61256749714,0.00025322786870387437,37300.10409554087,2.354391834150579e-05,7.866664462646714e-14,0.5531191081133545,7.963022705708913e-09,0.2975430888391288,0.7024569031978487,,5.152743091217287e-10,4132906.6644498184,1.9991846855669573e-05,3.552071485836218e-06,metal,metal,intact
1.441703902860407e-07,79215.15338102885,0.0008229425700634585,27033.450829270758,7.29316366529759e-17,70041.40435371237,0.21256283558694083,23535.04066929791,0.004776846764915899,4.1242059861471006e-06,7366931.514820788,0.026500648846172203,0.07133210768040199,0.03780280437905354,0.0426301450842028,64.22359511193616,3.4872606625740465e-05,4.687247292112956e-10,9.64438886604197e+28,18794.12316801072,446886679837785.6,29619.788488381655,2.697904830703342e+16,41429.951143225,5.317507682424185e+27,35144.337704355865,9.076980152907462e+25,1203.125110101558,5.6066388444686385e-06,44860.92000935392,6.015766301413172e-07,10861.066744276512,0.00010425851148110048,87479.29839044515,0.0009029753425724999,14998.300433855049,7.799710028846781e-06,2.4560761966348787e-14,0.6465588759462099,2.043145095331707e-09,0.3481486076782693,0.6518513902785855,,2.8167997874844106e-08,2327777.655790043,6.1246005861162155e-06,1.6751094427305655e-06,metal,metal,intact
2.1368568851530184e-07,60839.89629785659,0.08405477073060598,6621.665811938108,2.437559383579542e-17,69580.07183576268,0.20123885160751503,146075.25884520248,0.0008382667617912138,4.21201238602302e-06,9484889.777600937,0.06376064386952383,0.09399069957479766,0.009343687983391556,0.03687639670692447,1.512747562507616,0.00035052757821373785,6.62463574818801e-10,8.616404797783706e+28,24015.36670094265,475350740443211.2,26925.9760041114,4.035500239460334e+16,41926.6891734458,1.1629343009346335e+27,30441.93169822993,1.5808574227014044e+27,885.8029723889724,2.2064242486677483e-06,56382.01274478776,6.643996851900519e-07,47004.37720129527,8.278093863791357e-05,82058.08124523517,0.0006723075942634551,15502.748734815503,0.00012869650655557673,5.1500471288614745e-14,0.370707497380986,2.2447126304991702e-06,0.3827776339358907,0.6172201213514786,,3.5626097597425253e-09,16747.221945934292,3.005061750931514e-05,9.864588904626159e-05,metal,mixed,mixed
2.309291053018111e-07,62600.931223034575,0.0858916741170442,10578.652478810256,4.160904793526198e-17,69570.8487041219,0.2040616400148419,46723.62243034635,0.003491338580729453,8.109849211620444e-06,784346.0417569018,0.0596887789694284,0.09121643489409831,0.02596223029553689,0.2790575950312783,42.121522923356096,0.00016895811293665068,6.463792047136711e-10,8.081576503108711e+28,19977.321439858395,715746194925953.8,27204.407845015245,1.4961362997241472e+16,48871.686490930384,2.991003216887136e+27,36510.54876765974,5.6278685041164594e+26,605.4014984132338,8.924777596655609e-06,41681.270383419964,3.546182755683157e-08,15922.601320559137,5.924498589684371e-05,75629.2866497287,0.0005797131032867205,35843.817535767404,4.728724262951676e-10,8.337668076106777e-19,0.05825962581551021,1.0239465191625021e-09,0.27930333484250436,0.7206966641335492,,6.969962484087396e-13,227.60209195035503,7.36734704500453e-11,3.9919895584512234e-10,metal,mixed,mixed
3.052717334080992e-07,71864.40572776081,0.031093975887530507,3404.6288264850846,7.324104572995591e-17,70010.27961162732,0.3407376582801216,103072.97810333568,0.0019091049888696338,4.871836508689046e-06,203125.6994903838,0.008673776239535448,0.03763879793992059,0.04811790716048989,0.439639935368074,62.15396467971228,0.000206420311471056,3.1831287784399635e-10,1.157339375070001e+29,24009.07453655334,785097102685523.8,29954.4500032934,5.09058107847951e+16,47096.11589108133,8.049093422875301e+27,23771.63609718281,4.2444234737239156e+26,1065.6415538911142,3.7479797554750473e-06,53493.42745237633,1.3408675442742056e-07,27543.785066695655,0.00011544365791163636,93704.29440966048,0.0005959296005437762,33659.700655168046,4.0534600729216664e-05,2.200475514360018e-12,0.08821222331737993,1.1228604021483252e-06,0.1764015611467957,0.8235973159928022,,7.06945904509691e-09,132024.01752865282,3.6058504289681275e-05,4.47609643953539e-06,metal,metal,intact
2.693322681154089e-07,67995.52798741733,0.0958299002156241,45295.483047860005,1.7143164491049078e-17,70211.67611608743,0.37485308554543023,96340.45347489243,0.004466882976956287,4.579020104088527e-06,4515348.6404554695,0.024563106631900384,0.055812148158723485,0.06326988631302065,0.25902074670810554,64.28839158804388,0.0003879037911492711,9.264264136572283e-10,8.967170493082242e+28,23372.143948728895,257769254332010.62,28536.292965111163,1.2987474789117838e+16,40735.53675201169,7.039817107404491e+27,21255.873452485128,9.529595154478946e+26,676.1297004612244,6.776078859708821e-06,52896.77810145723,8.288660780147654e-07,40233.81482754074,0.00010474158415891008,76518.29992192799,0.000977107144900024,38054.06485600859,3.836659212768238e-09,7.373560386367405e-18,0.1934217845051408,7.086785849350588e-11,0.5457626046508524,0.4542373952782799,,1.0805471029763528e-11,186506.37468079638,2.3353243008285503e-09,1.5013349119396876e-09,oxide,mixed,mixed
3.0495933224657845e-07,78917.08151283234,0.09935929383058262,24666.947294533027,8.390302048995378e-19,69418.34472876317,0.2889981930587367,132303.39647298667,0.0026028647326541247,4.623674931577836e-06,6556236.3019924965,0.07501410505504481,0.04363644632396009,0.08635477205532281,0.3435335797084049,83.47533521493608,0.0004175893069345562,6.29760893763947e-10,9.209166537426154e+28,20551.412600448915,803353848782555.1,29120.735705105966,4.456406649730909e+16,45447.644781096984,8.965032960251827e+27,27561.990298367375,1.5400015818011842e+27,599.0143741901046,4.697408883730181e-06,46156.344134012616,2.421701695863649e-07,8491.813607782895,4.389026871124505e-05,80584.85627936815,0.00035127405676117394,22374.036976237658,7.236019687742122e-11,2.8237389774126195e-21,0.42390938967835534,1.9995808732964157e-10,0.13560152940758427,0.8643984703924575,,1.0448286163495212e-13,23.99081908036865,1.240791158931784e-12,7.111940571848944e-11,metal,metal,pinhole
1.7234330485992398e-07,61205.30426912225,0.038700439123054674,49367.63591063958,6.012431428577822e-17,70148.76119591737,0.18511558269202746,144553.61093816193,0.0039225063844958675,7.252082112714499e-06,5476367.532645084,0.007459353311271066,0.08833308511291567,0.022886073889423892,0.448268937289602,52.78915659117714,0.000470380044333556,6.135310772358946e-10,8.0277320928864e+28,20317.924188095363,175387065656389.7,29118.802244054074,4.717846854471202e+16,37847.91863066603,8.009468551613574e+27,34697.24704578836,8.420173985386499e+26,812.0141062883474,3.894957053574192e-06,61543.06627924293,3.4378000437089613e-07,40269.16034218105,4.0988478169254844e-05,92671.81075628972,0.0005995718040466624,11667.502370438231,4.5372033370743726e-07,7.863990635814839e-15,0.23614656660124234,1.6788290911851126e-09,0.15985404822321436,0.8401459500979566,,2.7360455641542363e-10,3731810.5450220034,3.936867651821524e-07,6.003356852528485e-08,metal,metal,intact
6.426193490571713e-08,75822.16843887724,0.0802209162429597,8288.385884026025,1.2729843437855862e-17,70598.83299672737,0.2621363352142577,114173.99012004699,0.0017652358244485684,5.936995650282055e-06,5555357.275561424,0.06120599498894995,0.0952594336040034,0.07513413724191233,0.32444991950943053,83.8592620923027,0.00014721774035859347,9.529187876898399e-10,1.0891054284605822e+29,22777.726170718797,32197452901650.477,26843.908497596844,2.082188270048076e+16,41189.17733269141,5.683523188627224e+27,39138.43460310197,3.317124377777167e+26,872.867082119517,6.1955731383650595e-06,58892.24810700731,7.448817463208495e-07,34334.173934867606,0.00010032464904245446,78072.58698749103,0.0005058889921089971,25478.204867147324,4.099781302733048e-06,6.412135539750003e-15,0.405346957365907,2.1954194194250196e-08,0.4414471911842287,0.5585527868615772,,1.9125085929222466e-10,120156.05947929954,1.6693371237309178e-06,2.43044417900213e-06,metal,mixed,mixed
1.228984376948081e-07,66493.1081559917,0.09393488534379014,29692.921676430225,2.0211787058663288e-17,69416.2162563275,0.2428728631536276,39061.29959936686,0.004910852144108921,4.4412435579711545e-07,7776530.383829218,0.05716236995509194,0.07504565054171829,0.006485759964581596,0.2735145479418761,33.26110584926357,0.0003594799075865058,7.753326035483603e-10,9.219852729190983e+28,20267.819847448423,327201675310938.4,27803.748878082028,5.602473509600329e+16,40455.35527576268,1.495405853530993e+27,23497.815585729535,1.2415163883362553e+27,1097.0611468908423,6.602069866446881e-06,40772.05388282559,8.96201163576818e-07,38605.91233781048,3.9551843662462226e-05,70984.6932286842,0.0003446376830024843,13188.834298543603,0.0001106224784821805,8.822133259050052e-15,0.570758068027503,5.378692703950827e-07,0.48264631032727845,0.5173531518034511,,2.2788831167870504e-08,27903.550555020065,4.4852850580590414e-05,6.576962790159008e-05,metal,mixed,mixed
3.1124171656809637e-07,77816.397006111,0.009319960250712371,27609.978003610566,7.477807998875646e-17,69177.96917008309,0.32769476830915806,169347.83094666357,0.001786057026904153,7.321854525479848e-07,4979683.715611233,0.09645220060253686,0.018309912331021163,0.00021898388559895646,0.48127693733158766,38.52025482181591,0.0002786318403011144,9.003789449094909e-10,8.471904803457432e+28,18877.881745256447,239410604265119.22,29487.7025056648,2.4337123135478484e+16,48708.792734221046,8.957028004350276e+27,38820.66769032548,1.0580681416123342e+27,680.6265155468051,2.1218128952672686e-06,67159.35383560807,6.360929377449654e-07,40421.42598511848,3.615981271641883e-05,71740.98429998494,0.0005173335724251485,15765.664402759297,1.5632379647267308e-09,3.8312935796505616e-17,0.18282494658661289,1.0736704160243063e-10,0.01157334997490165,0.9884266499177311,,1.1822209905502206e-12,4851403.854627874,1.3815697805096912e-09,1.8166818421703957e-10,metal,metal,intact
3.031558193268362e-07,64387.19425315343,0.026136999507860536,3328.6314344646867,6.448025860166152e-17,70565.86999495621,0.18475573209574217,39470.39689120896,0.0006124065108516828,6.078720181873743e-06,9009506.704424033,0.09285072797134623,0.06789259834316011,0.013329540601074863,0.21198270002812167,37.33086349617746,0.0002869399848350723,7.782877888239911e-10,8.208911471146211e+28,24126.635266442514,622751844103764.0,26800.39074627348,5.541349778095172e+16,48809.036496603425,5.739838281037064e+27,22201.43669739467,1.7424429496192052e+27,839.325245164961,9.28217478362546e-06,52380.64233209456,3.7955048233140395e-07,46300.063539845854,4.182422114175839e-05,93900.88601112463,0.0007335176483864318,23647.45939913487,2.6307868698408504e-06,5.86745706764457e-16,0.2714815461953207,4.456030734801003e-07,0.146242811589788,0.8537567428071385,,2.1571350177794413e-10,1304.2500041040896,2.3644243569392953e-07,2.394344434146921e-06,metal,metal,pinhole
1.1535818904709455e-07,77450.14587421111,0.08140410278357858,20187.38959084424,5.0315819546249424e-17,69739.9993826886,0.15780393402780046,89587.99637688526,0.004874620149123602,2.500397342638838e-06,1531455.8269211068,0.01130133577546365,0.08887808451038468,0.06927901681359765,0.48268124882619573,39.215377851886565,6.0871666117860924e-05,7.198682988919777e-10,9.382178128789927e+28,23013.01308934888,55226404824955.42,25249.21035075886,5.568426832626481e+16,41306.74520548511,8.462774804410116e+27,32512.037569949607,1.6096379433195737e+27,1106.7688848223675,7.737033357556144e-06,45902.70249437353,2.131113929757432e-07,16187.831316423533,5.7311707596074714e-08,72027.1470935352,0.0009514174922074314,9556.782741447034,7.05733766307725e-05,5.570789604095954e-13,0.3016042906418868,3.853617212634464e-06,0.21193993697284264,0.7880562094099447,,5.390656597231972e-09,868983.7665601908,5.658005168670182e-05,1.3993324944070681e-05,metal,metal,intact
1.974565345792447e-07,68914.79160650131,0.08330720501663999,1467.1033915272212,7.576454999414937e-17,70713.99510002091,0.3426693072315514,76439.93545529034,0.0025993309555490244,7.126092687186049e-06,7839603.967140076,0.042334200042387374,0.08269655169027437,0.02976315583519603,0.11134792863720964,72.12453972764104,4.765031790436965e-05,4.184384369851608e-10,9.23185646290775e+28,18800.612151131725,69230288661249.06,27418.64664308253,4.23241727003479e+16,38788.999287689185,7.811525409977523e+27,36600.33094827036,1.6028496191887445e+27,875.0786623679503,5.881198642787062e-07,55409.2381438701,2.50336474912512e-07,10206.807762823071,1.7200150708808397e-05,98376.89052599501,0.0008440926760442701,31404.165657848138,8.963651364048318e-06,1.126718840736754e-14,0.5034519629630609,7.105729658850311e-07,0.4986511616664856,0.5013481277605484,,6.315211176325132e-10,45784.75769803769,3.4563522397450486e-06,5.507299124303269e-06,metal,mixed,mixed
7.629679656603384e-08,66148.37619032421,0.06985246578729026,35111.198938354784,2.2779506165379236e-17,69294.48282013259,0.3173635216119165,143063.01340795483,0.004122602605180336,7.198036715034808e-06,8909554.396381581,0.013033153838700155,0.06536305205523643,0.0935938225820244,0.48397782278576884,92.09861095648863,0.0003575296087459129,7.57411232450918e-10,1.0702851801136481e+29,17773.466957617762,125695964670311.9,25997.01397546222,5236645208413730.0,49667.68109895401,3.114403612722785e+27,33356.18550232171,1.6944803579840786e+27,750.5868090186473,2.5488132335617778e-06,56138.87840112019,5.656578756131995e-07,14535.585311472922,7.312303628653263e-05,77141.51783238698,0.0008970291759597799,24327.311875328738,5.777956554585894e-08,3.64342079067286e-16,0.5455355472887958,5.627867306383402e-10,0.290886864877494,0.7091131345597195,,1.4520804845636216e-11,3701812.4785082415,4.460345672400458e-08,1.3176108821854357e-08,metal,metal,intact
2.9821885667536045e-07,67553.61353817947,0.02228334481254081,22296.61805232639,4.129130237496307e-17,69807.26657369625,0.14454514792229706,20764.170000209226,0.0030601012732106793,3.256584140262547e-06,762062.7290341457,0.06505503151409416,0.017725560946361633,0.09402230037086722,0.24026795608200774,79.84456719351101,0.00024378239234407265,8.437203977564406e-10,1.145340721125419e+29,16931.73197086633,226392485797354.72,26131.073701297435,6324111394405249.0,47832.1795849226,4.9026349373951416e+27,35601.45222059893,1.2100628305023092e+27,873.5812334508132,3.1794683927867627e-06,41205.066191248385,9.473229884957291e-07,25922.472895731367,0.00011657934411753833,99577.52386280433,4.49941732730446e-05,37844.42686704138,2.8220535887355956e-07,2.454538861139004e-16,0.2715161561210263,7.565047012168004e-09,0.29060592374430905,0.7093940686906439,,6.256986627968013e-10,1114.763991488175,5.209411116662562e-08,2.3011124770693395e-07,metal,mixed,mixed
4.1620844384547526e-07,72885.71300459321,0.08946702190267278,10106.62967759125,5.1186691672760085e-17,70746.07417627628,0.1918973706728998,51736.07951782472,0.0013880275788675683,1.07037149249982e-06,5814408.720116306,0.018880403431130476,0.054934761110446005,0.012637112971999638,0.1657390448616428,87.0483328268109,0.0004224399850225458,5.935732826947164e-10,1.0920961650749508e+29,22895.511711138024,102140569272483.14,27494.4022162046,4.0992091777640056e+16,35110.90445685248,3.692145122397722e+27,35626.32102082388,4.8979706916237006e+26,1065.8195662642509,7.170491009168774e-06,60754.72005554309,7.662308721870402e-07,26821.46388323033,4.388387643921353e-05,81362.171431186,0.00038684824615048543,34584.256237228175,0.0002443990519587379,3.133572821072717e-14,0.5566132794548531,6.893065755748054e-06,0.42499020405199567,0.5750029028822485,,4.7768976464352926e-08,689.403170935566,6.378496996178206e-05,0.00018061408199695583,metal,mixed,mixed
1.8726841657194172e-07,67479.3843181077,0.00786763364696254,1560.6733922263268,2.4498194374154707e-17,69980.36561943621,0.10079840301354362,99581.62310106501,0.002984524844432814,7.301955316714414e-06,4168612.9228298976,0.06584004059392183,0.045946367091443265,0.0752672115983124,0.257595235059911,87.96540202026455,0.00041822470905227043,6.106605232704429e-10,9.888231616393025e+28,19152.833891121372,234707237480755.22,25217.471572667673,2.883433663295651e+16,41501.08539368137,7.18290954387648e+27,39455.62478206583,1.8803934119227703e+27,848.4429146624658,9.25135365430775e-06,51489.57374676775,1.533693986898259e-07,39213.72012203388,6.666462517264034e-05,71125.66752681947,6.347173384346035e-05,22461.54441499596,4.889771847992981e-07,1.299553834255145e-15,0.17506160071609966,7.348331201822394e-10,0.4451860577854471,0.5548139414797197,,3.1080390789601705e-10,148425.72941930668,2.397972904792921e-07,2.4917989432000603e-07,metal,mixed,mixed
4.2707422909863573e-07,75982.09127643594,0.06980512691003019,9166.629820329523,4.725577006113517e-17,69225.69366755002,0.1351871835958197,132175.33062521822,0.002661615764197523,9.62843580986556e-06,2324846.169391022,0.08568789370734453,0.01231285659027727,0.027493447035268063,0.4994492841426926,12.76287785836136,0.00045628032776341167,8.097129597997682e-10,8.6857021758722e+28,23755.92854600101,376734515477308.6,28459.675421526168,5.4045884682618904e+16,47765.58108834527,9.689116887768773e+25,39095.790039044135,4.440094922029554e+26,901.5610712170101,2.650509823337637e-06,57766.02640635711,2.2668813334621493e-07,31419.016190043392,8.761863220412687e-05,91867.86745814726,0.0001878321496242412,20608.6193215306,3.89929062800972e-05,5.866545352136094e-14,0.22236801233446993,7.447923479422578e-07,0.24787235311212302,0.752126902095529,,1.1466666976087139e-08,1717.8698804987837,7.903962772544108e-06,3.108894350755309e-05,metal,metal,pinhole
9.488612163687202e-08,68446.05543063933,0.0035435485984347055,26665.7896479081,7.751915469452809e-17,70538.92622466628,0.3754487638414245,47821.54947758952,0.0037956208011729435,9.704690027525906e-06,391269.3525680052,0.040757174358237266,0.04380757083143089,0.05234668563265948,0.4732289501852903,98.55944454053714,0.00018942972935246478,5.642627294581013e-10,1.0966869544126878e+29,21489.60782172022,631534783240191.6,26667.286648997197,2.552306381804539e+16,46063.24883479845,3.0146088344594893e+27,24405.018139589276,8.780977492712611e+24,836.4635113979336,3.7624743463650596e-06,68770.46507622176,5.994755800868954e-07,14360.88624591194,0.00011030192725753394,89231.71572380651,0.0002925872150824406,39005.708919012795,2.7146960757266472e-08,1.8007458545607546e-15,0.22698663820284212,5.636857534573246e-09,0.193642439158604,0.8063575552045383,,1.9504049760220351e-10,235298.54178263067,2.2689781608802254e-08,4.457179148464218e-09,metal,metal,intact
3.73497857908693e-07,65488.47060389788,0.02502559767050605,27983.457145012533,6.098331150319455e-17,70304.40267559704,0.21805622366366412,43982.96006287892,0.004885723765869168,9.35668787332795e-06,3262890.0827910304,0.09066249192013974,0.05111507662108778,0.09653207072970914,0.1296264705374375,94.31114552642406,0.0002758849214182365,5.753568975168164e-10,9.560491889548712e+28,22984.27667827637,381979210204869.1,28695.617903468272,4.216777630508661e+16,48476.60354679571,9.350245667388061e+27,32177.908045251883,1.0380194545886151e+27,879.0903110111935,3.3237392163886712e-06,69498.78996392492,1.6168673258269082e-07,8802.299066186864,4.5995698011192455e-05,90962.91666506107,0.0001779622960593962,31895.948938308527,4.5806810487118723e-07,1.5965468550506226e-15,0.35531606994946363,6.05879805492969e-09,0.37099239138657836,0.6290076025546236,,3.9479881578995833e-10,128641.40210885313,1.882416491048486e-07,2.6982645576633864e-07,metal,mixed,mixed
3.7307407899052034e-07,75412.36273164445,0.04283111321887536,42986.282539761596,4.171397334826723e-17,69377.95422384092,0.3010517240998213,20578.492142613857,0.003628778611468037,9.113043134027599e-06,7470523.730842408,0.06798775444813693,0.09977014644914603,0.024190103104229296,0.4897075133933954,33.82800735405955,0.0002900248723666575,4.2099223534802496e-10,1.114986329956613e+29,19002.086042152932,681609865336772.1,27312.453816872676,2.2809436357089704e+16,43986.10142792446,8.434361082426557e+27,28640.939487550495,3.9921335654030384e+26,638.3970355002461,6.670481610809497e-06,59766.92398847033,8.335352006271114e-07,44984.14198464106,8.22013434663192e-05,95898.83926177243,0.000278623841705283,12889.679117225416,6.305845528721971e-10,5.231507077948693e-18,0.1602493121192256,2.997639318514672e-11,0.3049599879653362,0.6950400120046872,,1.3861267403845422e-12,2950779.2631993564,4.730414479392232e-10,1.575431049329739e-10,metal,metal,intact
2.830614594602688e-07,79461.9128038941,0.09851388432924751,31753.438588116907,7.794322990676248e-18,70213.10639451836,0.16647688063800808,138427.99129520138,0.004962216408490998,1.8200766940940055e-06,199090.64814432748,0.08507582720690647,0.02802219419536335,0.05792432005754303,0.30174201691154695,41.831608685084454,0.00044290797936688065,4.972913485182791e-10,9.339691344148994e+28,23219.887882154082,407753243165649.3,27943.789701067784,2.313239734693954e+16,49224.17095625841,9.389832736536143e+27,38036.75109519593,7.331939724165221e+26,1010.9091404613893,1.664831018928813e-06,64006.404258772156,8.430590419360476e-07,39481.75829878503,9.629815003970643e-06,97544.24778548632,0.0006773009904060879,21984.162246988024,6.410700600367615e-06,3.344515831538625e-13,0.14450087622391994,1.0209565954015627e-06,0.06369274983308429,0.9363062292103203,,1.4898926156284098e-09,169593.51962131003,5.244219045338978e-06,1.1664815550286364e-06,metal,metal,intact
1.1603912427312466e-07,71840.78770560719,0.07971331556169221,17389.365847965168,1.0259624829874376e-17,69018.57631122836,0.1367332448554227,143402.21303357327,0.0007302531424983989,9.602362929757066e-06,7631114.551276078,0.05483260878845077,0.06205907132605653,0.08640411695251117,0.14812096850426026,35.72863857493457,0.0001490138144300606,7.073633176020464e-10,9.691007999457766e+28,17257.254045103527,765225052773070.9,25149.88064195346,5.72888332196014e+16,39251.26045174371,5.178442876426985e+27,22440.27945438837,6.386787395372772e+26,680.8131254107154,4.384335117340648e-06,59802.02118373077,6.249881851325497e-07,26087.70575661812,3.794227892600622e-06,72996.48542510398,0.0004090329402226526,30575.910890863976,3.409001125309574e-08,2.1687691763214507e-18,0.3643160341536261,2.032081878494791e-07,0.07446466765320577,0.9255351291386064,,7.434824775499857e-12,8.988052267054707,4.965476447832886e-10,3.359346360831245e-08,metal,metal,pinhole
4.223365884409451e-07,73171.78400713936,0.0380647887629526,3691.5490728627938,6.369558554837743e-17,70336.23902112973,0.13945799058584796,89923.99470164716,0.0037396581325940116,3.214387549966787e-06,4003484.570216569,0.0499937177362905,0.0641796382524318,0.08170355149115183,0.06326538799930634,45.450529534397646,0.00019505246660741658,4.683436858868368e-10,1.09498547641597e+29,23604.13605114069,186885597981010.9,28189.399152435108,5.7969073963552344e+16,37928.4803743071,8.489198631587475e+27,34755.651666013786,9.020786120616555e+26,847.9547829857784,4.495706380658422e-06,44023.759780293236,7.303659681597798e-07,41210.599111086995,0.00012639581536910317,99081.74368050526,0.0008985540839154243,10834.613378891714,4.057219106528585e-06,3.273306572157789e-15,0.2974929509662399,6.004953675895156e-08,0.4146681663469736,0.5853317736034895,,9.237425879407539e-10,50969.37318649483,1.4537241380245248e-06,2.6034949685040605e-06,metal,mixed,mixed
2.99558989732759e-08,72034.82775017568,0.06542262755140899,4157.126396899916,3.794751282921086e-17,69091.49415160126,0.19710845340106242,99155.84526708632,0.0006290514232739592,5.272407891317706e-08,34320.930397850694,0.07779309078796481,0.03542983958923337,0.044730972461759916,0.06365387159344231,3.0491207828353817,0.00013693637444719639,4.1320157813580134e-10,9.961070145001676e+28,19896.775562452647,780167054280349.0,25449.03916954853,5003076396774792.0,45626.96273742191,6.534755566591317e+27,30372.835061623882,1.982753110431029e+27,1235.3217509220408,5.911685711953139e-06,59710.46740181669,4.816560472077279e-07,21849.456805283804,1.0182151720698915e-05,84891.28894705795,0.0004364167940089119,10216.429245906966,8.899459042291311e-05,6.442111263024706e-12,0.09059364210074158,1.0906071693493189e-05,0.0033052924390296005,0.9966838014892768,,4.620070305378633e-09,33984.79179039722,7.48927283489076e-05,1.4101862074005517e-05,metal,metal,intact
3.6101935495481347e-07,67481.53530297427,0.08734126353335173,31995.579113776344,1.033514656968698e-17,70300.72976551138,0.09018640937117568,71911.87242283029,0.004352422439077646,4.799370542309535e-07,1081334.9583510074,0.07992905136724054,0.007975290210910521,0.03414050830015734,0.36212447925581753,3.6779605622799965,0.00016403218817390868,7.925573022587427e-10,1.0159655475284733e+29,21445.31282484436,695110272885049.4,26206.792528136244,3.6215004018583544e+16,42064.66614783047,5.252365883126219e+27,28314.592889212414,2.979789345286433e+26,1174.8958322037574,9.410406504816841e-06,41555.79911631105,4.979278335006925e-07,23499.4224925255,1.4311431675740073e-05,83447.37253438706,0.0006463557263193361,9178.893414331003,0.0001771075779417117,4.839236406056793e-14,0.34486363059188285,4.2626913458277055e-06,0.4757104553781544,0.5242852819304998,,5.629235037696281e-08,9186.673532686611,8.356733852859641e-05,9.35402394131153e-05,metal,mixed,mixed
4.2742778592312744e-07,67929.15636827613,0.07090349598648675,27709.96045201388,5.804100032774625e-17,70001.52509094152,0.14802323899891623,52618.354529003176,0.000563250055626081,6.920543096404036e-06,7022095.656761548,0.06815568749871778,0.032379547854106704,0.022800581077785903,0.2579789309754133,65.4645118219908,0.0004227887618458243,8.623357285225286e-10,1.1735529113581032e+29,22846.013129691644,620368262084274.5,29148.636289196696,5.467551074083231e+16,37472.25908328917,3.5466740995059145e+27,31631.72982234417,7.846237908882e+26,1143.2143319817278,8.640826261098197e-06,69888.28862731194,8.530876046709622e-07,49178.89065245414,3.412245749471913e-05,89675.37854455567,4.891776777087188e-06,10501.83470130723,0.0019006634264161974,7.057774116513674e-14,0.5325264022575621,4.107560602980515e-07,0.032889490569681115,0.9671100986742586,,9.771463842505627e-08,7.046971791917633,2.3667936249268036e-05,0.0018769954901669294,metal,metal,pinhole
1.95624682882576e-07,66772.25056321513,0.059521366742296085,14223.297161414184,5.219939294041319e-17,69666.7245456137,0.2913280216340063,65416.920797694045,0.00417731943122426,9.127403145054658e-06,2484372.6157574565,0.04912959199406075,0.026278460208797535,0.09905989184672263,0.429677101611816,75.8342100711414,0.00037579445693048763,3.4025318166779277e-10,1.0194566332098517e+29,22108.77795579569,730442093760357.2,27014.460373727186,3.709221445674162e+16,44829.37879311466,5.583974377942309e+27,28044.87613096922,2.2208658582290574e+25,774.9084048101247,1.3878067771385568e-06,59165.41192806822,5.417481684448493e-08,37845.81886783633,0.0001068620701473465,88346.11269055377,2.865561487279128e-05,32303.9325592116,1.5194466791696193e-07,3.637748862269067e-16,0.07326663628135036,7.883030205612793e-09,0.3655358085854428,0.6344641835315269,,7.485345825054952e-11,14892.069350083058,4.7853041965255375e-08,1.0409162595170656e-07,metal,mixed,mixed
2.0819103848621758e-07,60256.75960437311,0.016447347130476506,11894.616245558684,4.5052966321288074e-17,70522.13419702587,0.14505964393990647,128453.25847617965,0.0010525910353469808,5.275838039469676e-06,9068586.773673054,0.09000789516037731,0.0948239329858827,0.05871310635545736,0.44537612452695136,3.5693469141440306,0.0002822086977864413,8.107553890967408e-10,8.008609248410852e+28,21752.51935530256,622154001170249.6,26652.116410543327,5.255478533943824e+16,40216.21171245637,8.716152634754961e+26,25519.43379420859,1.4967408168683256e+27,888.6261247110012,6.019281316297915e-06,61696.330536660746,3.033768886459692e-07,33759.607079771726,0.00011136477044498164,98421.78817757894,0.0004738086721337281,36662.21295482381,3.5340152194411096e-05,3.651647597066586e-14,0.37102983747690205,2.073206075746175e-07,0.48699804520178386,0.5130017474776086,,5.4523597091534e-09,113944.24544090561,1.4008242100176062e-05,2.1331910094235037e-05,metal,mixed,mixed
3.738712852886405e-07,72672.04307868925,0.03569371311667769,39105.30068593789,4.211884076273374e-18,69678.29663456342,0.2940743295887891,32609.668614868235,0.0035427017394543798,6.993260345723099e-07,4927004.131199723,0.0729251849109853,0.09600253346585268,0.07219840883212279,0.44419627481786794,95.4694692299189,0.00044055986809253924,5.254026196998443e-10,1.0721678041730109e+29,17536.102088066644,291384332771314.8,25915.050533222155,2.607345012433011e+16,35988.295022358994,4.39774541375368e+27,35342.25916234673,7.537126753934658e+26,1183.1687764267267,4.945992251377519e-06,40364.353907639954,2.0030300429758727e-07,17945.58383787286,0.00012024523856162079,79702.51754300453,0.00033862827939688285,26589.498152523236,0.00020607189698051571,3.2830706821908673e-15,0.436890189139756,5.911491361728478e-07,0.2055445547904331,0.7944548540604306,,1.0323728826865475e-07,128.70720982075588,7.867482010323071e-06,0.00019820441497019265,metal,metal,pinhole
2.897321412053836e-07,63554.07635484041,0.05029501099466994,26709.476724451728,6.789471659422234e-18,69320.8265849979,0.22090011128758413,86955.48748225385,0.0033158282396974813,7.865926082399363e-06,6843996.626527327,0.08809398763436603,0.005751791275503856,0.027294121331194562,0.43358829389615655,63.553356871370724,0.00018500466572561055,7.695593036450348e-10,1.1409817566844784e+29,16887.19252990708,219814157386817.1,29358.212230392008,3362842791842637.0,43292.49991622666,3.2156270156748435e+27,33855.60242273736,1.5713802208019963e+27,1266.7014450488716,5.660290356313822e-06,52597.38451506671,7.562276551970558e-07,37242.584940518806,8.511814810578212e-05,95039.30938312673,0.00016465569011688257,14362.523161620142,0.0007591287681988543,7.264226542767561e-13,0.6067694163909472,3.257277598297807e-07,0.29270790850060247,0.7072917657716378,,1.1739655100645353e-07,14000.38138027838,0.00020273841963155902,0.0005563903485672953,metal,mixed,mixed
2.52297659698108e-07,61867.85420117122,0.051956381350777577,26466.27450559187,7.362510206583178e-17,69082.1336515094,0.3234710732620223,89362.51840901916,0.004101321429278448,4.446036091948124e-06,5687784.376086503,0.061952838645632155,0.010435122875014139,0.09735979456302445,0.04605168583059359,78.4593582095319,4.0317540557082766e-05,4.5624652001239453e-10,8.736824375625321e+28,16400.554859865242,684372027326126.2,28049.13121362418,4.685714676760552e+16,39459.43637009487,6.704421742788404e+27,21045.500620812607,3.301519189278081e+26,938.9599166364407,5.036461678064094e-06,48093.955565489145,8.587483229552582e-08,42605.94891238105,0.00011119723497679732,84284.49135932783,0.0006717682937767316,27496.605817192525,2.3855609141219183e-05,7.241819352537255e-14,0.18117499782132448,2.1109110478130633e-08,0.36894722687966663,0.631052752011223,,3.0630564548585715e-09,1310947.9171643707,1.678473570633961e-05,7.070873434879573e-06,metal,oxide,intact
2.3244657223047036e-07,61286.492873342206,0.04516598803744094,4714.802550377044,1.9063511630330265e-17,70109.80567673387,0.3103750719907543,150038.01622909412,0.003440116398962764,3.0094266701343232e-06,9035669.544097152,0.052626082922054764,0.05484219048060213,0.0359387117237389,0.3658352959931688,82.3265447725348,0.0004500218180169557,4.677207352201748e-10,8.646094508678179e+28,20788.204100814164,787318528627736.8,26222.749182310887,7925571450679113.0,36955.60386509709,5.1565192971565e+27,24769.13017863574,1.1479134099331303e+26,667.9865268714669,6.905296504977007e-06,67111.47978789955,4.402322077921593e-07,42469.51657418265,6.1041373072822175e-06,80386.46293579259,0.0008928548245930801,36845.13541961122,5.990270224342845e-08,4.403942173435263e-18,0.17371512489036997,3.925479637330319e-07,0.18204858185959769,0.8179510255924386,,3.278264934795051e-11,223.47244521364007,3.7492915292844755e-09,5.615341071414397e-08,metal,metal,pinhole
2.4658787808693335e-08,78055.20650652726,0.06325932223869364,35880.19847430707,2.018464777616695e-17,69719.19429748581,0.306081636915381,137070.74002896214,0.0014422607566290473,5.699467070119019e-06,2222780.5846905895,0.09916823483527322,0.04067718382482514,0.08422803445760665,0.23271566415670578,97.46582555546195,4.3139497985663944e-05,6.246570383977388e-10,9.479865276385932e+28,17723.815587739075,233716886774585.12,29326.961586412093,3.626372050744958e+16,37102.17371235287,2.5193182496845535e+27,28741.270015745,1.5008230320653879e+26,646.9407097915308,4.691570731791776e-06,69589.95304392354,1.741316850107204e-07,10125.733674029605,0.00010125401495690921,95119.47341466005,0.000387422208709861,23930.112074054905,7.713072500765335e-10,1.3934800584747823e-18,0.2610198171936001,4.583178517792109e-10,0.33783987469774285,0.6621601248439394,,9.607347232369643e-13,31202.305292502126,2.494584165566793e-10,5.218488335198542e-10,metal,mixed,mixed
1.5519539811048332e-07,68562.92217367016,0.0468451258513614,35542.571461675696,1.6289625615166265e-17,70903.20596625037,0.39011554076278704,71677.80676526087,0.00438104053276194,6.176368902996887e-06,315007.66149089957,0.0946596207042658,0.06699217875256822,0.06245118520990383,0.01497722970782625,41.159791931797244,0.0003097001467336803,8.878546511263628e-10,1.1632603001190428e+29,23667.844569658333,249591751176515.34,27214.777809452346,5.961610683805023e+16,45999.390375031995,3.824959010299118e+27,28488.105185085264,1.749369754456388e+27,1105.3180074974953,8.163686220520962e-06,60903.63157944498,7.26940803970548e-07,26275.947638445734,0.00011344475831103249,73819.6548750909,0.00038984534693011635,26501.12175015584,1.84330061649923e-05,1.3534744354698995e-13,0.2327098438371759,2.3111573375608893e-07,0.3578178208768959,0.6421819480073704,,1.2129660581762449e-08,12215.864368802982,7.666072279245856e-06,1.0766933885746443e-05,metal,mixed,mixed
3.216120212474369e-07,78972.52733364557,0.0734152004327221,48659.44157676845,5.2142337461497437e-17,69054.80090249049,0.39431353382051243,109628.36064814011,0.0010358371476331678,5.418751580081152e-06,2663260.9988959604,0.05905487898881506,0.06524909882223576,0.078887331886658,0.05887518777435574,50.81846038541038,5.4873723038017535e-05,6.375929033357862e-10,1.0036765820176256e+29,24808.691963097943,251734205655251.22,25221.38103681728,3.956197819598872e+16,35077.15846253827,4.0670177639347776e+27,28099.692857269943,5.16491809890163e+26,915.8780360469138,5.142715897193361e-06,41987.41801249238,6.113680900937717e-07,44676.31840309064,0.00010749522621119681,83477.63082259429,0.0009426956825829958,25429.53712262819,3.797134234187587e-05,9.777786524274384e-14,0.26223178737657205,1.8192008376177788e-07,0.41666331359903,0.5833365044808863,,4.5229398173650084e-09,127819.3996990876,1.8350137626099585e-05,1.9621204715776283e-05,metal,mixed,mixed
2.540596666702358e-07,75971.34322530052,0.006841962830449651,41308.48248411658,5.388260318935374e-17,69226.34963788325,0.160037853959189,105798.57656149035,0.0035159954153271313,1.16815666378846e-06,7688550.208107359,0.04278877991949473,0.013761775158136957,0.08697414521678587,0.20224277844187008,28.62064706406586,0.00027453443790468734,5.741589059470442e-10,8.247689430554184e+28,19567.08864042336,49676973135697.8,26268.24783639541,9052221928675916.0,38671.82786725703,3.0917830424309477e+27,35835.14479928794,1.1621664664200696e+26,670.8961492784077,2.8422399645882663e-06,45193.32220420818,7.949436439219996e-07,22480.989797609127,8.443320591275649e-05,80735.47155285763,0.0009695825254801099,16891.787122313133,2.2973770888400126e-09,7.79881092171096e-18,0.43117416125113,3.0136124842924073e-11,0.10300151212523018,0.8969984878446338,,1.3465994926225178e-11,5933685.886784211,1.9310565713031875e-09,3.6632051753682516e-10,metal,metal,intact
1.9595485193320694e-09,76060.63584599394,0.020418343602276214,45890.53900509216,4.4799847864174973e-17,70065.58526065365,0.3328066366492482,102360.76486096816,0.002883247114695765,8.65429596644765e-06,5007631.984204629,0.0846845875679988,0.07243103940106832,0.0964842363723554,0.15704970622281875,41.5984937189878,0.0004609985711088247,3.1246144185089e-10,1.0586099661249522e+29,20841.689032054233,655654767082907.1,29879.637495139257,4.639868034211713e+16,45503.27349292961,5.521038727543272e+26,29839.31556775185,1.2736466264530188e+27,1115.6710166318503,7.274073012785137e-06,54427.829044496044,2.6512041888467527e-07,45624.55904259008,8.924212900133403e-05,85374.54602025528,0.0007274276027353879,36112.5319099835,4.863754474095567e-06,2.052544815819729e-12,0.34817518096826,1.4811538932380028e-09,0.004681850118309947,0.9953181484005363,,4.76013674578451e-10,4946043.328620484,3.624914320568634e-06,1.238840153526933e-06,metal,metal,intact
3.2353095410637935e-07,70748.1659237404,0.04921423103342497,14766.905497374531,1.072110472699238e-17,69124.64032193778,0.3731069968762998,115794.57672349391,0.002758544863774199,8.537380079735707e-06,7575098.9165062215,0.051857301149809236,0.07835207578239133,0.07725928804353951,0.3710144776659984,33.11207083611981,0.00018108833485239262,6.966357378827865e-10,9.243683285218858e+28,23862.865700932583,532187881860704.4,29516.38470368486,3.160406198740521e+16,43660.33162807158,6.437971461400095e+27,24797.29330676062,1.6995613851574987e+26,790.3511738970998,6.0485223293345736e-06,47480.962923007,9.185283545781212e-07,13467.114580502463,0.00010927624748783237,70884.69472768277,0.0006258051882108435,34792.796533667366,4.629532523103904e-07,5.408987412475047e-16,0.6092635137910765,7.086538325134114e-09,0.4332426761880745,0.5667573167253871,,1.314569110025355e-10,24143.40324863991,1.3042012183707442e-07,3.32533130473316e-07,metal,mixed,mixed
3.007050877619323e-07,78126.69416999482,0.06949487296192439,23154.153311495927,5.142516981272893e-17,69576.48900371933,0.13012532661725174,156294.75057753344,0.00347604780746814,2.329086796190844e-06,3205776.7080016294,0.030065521053620762,0.09796049466060298,0.06266262903587827,0.42874458605575994,45.196488571766004,0.00047788005589711915,4.423444885932096e-10,1.0044062679309002e+29,22300.26317536183,685231814826561.1,28206.4373446415,3.812389821613109e+16,40981.26328320042,5.698837785262245e+27,36883.499618183916,9.55074298406329e+25,1112.1765639079968,6.557251515389875e-06,49432.45095191966,1.6352918458394612e-07,46379.913770606625,2.9211347604502462e-05,96243.92646301466,0.00018680624881613927,23267.232977693242,0.0006758636013129617,5.376251905277454e-11,0.24742279500052666,1.891946843373538e-07,0.01333332677980079,0.9866664840255146,,2.4015096285111774e-08,3105223.3679770827,0.0005457181644288527,0.000130145436884109,metal,metal,intact
1.064630356875177e-07,78274.49960495868,0.04095076255889629,21046.489264235588,3.3450558338767726e-17,70036.46229943268,0.1257800842489378,33620.28602502361,0.002427932451123543,7.1662962536897815e-06,3744461.180058495,0.09215501186901383,0.05301025814021313,0.004696273679712863,0.27109272408926216,93.74670306442198,9.376887541415494e-05,3.770975781681847e-10,1.1287286927796162e+29,20327.207451789196,455924011872106.5,25600.6230512704,1.533128397725768e+16,44520.04831479974,5.990096935351832e+27,37402.96017465681,7.515967013936148e+26,891.2497113589876,5.0445787450511915e-06,46414.90755727052,5.083502904267437e-07,12929.255017549862,4.134455242857183e-06,80177.37937486288,0.00015163265605652886,24997.778341912865,4.771520585577087e-07,3.9281104336308954e-16,0.4821318761800241,1.069701280198104e-07,0.2226450541635829,0.777354838866289,,2.568132097432038e-10,2653.0109660190633,8.777918846599317e-08,3.8937287009171554e-07,metal,metal,pinhole
5.4526639330894516e-08,78987.08627715177,0.07574838907462904,39839.34116023221,2.122305495254285e-17,69286.43466360432,0.27540114362411117,24916.193582193835,0.004770518686565197,4.007030973605829e-06,5088121.675460219,0.019702768897333064,0.052373355357691206,0.01052430063287631,0.49205486357447736,29.972596310083752,0.00036487646569865903,9.284219448271273e-10,9.814333830551338e+28,20399.523065086814,716506380745803.6,29251.121101627123,5.6642262183985496e+16,35919.72076171198,7.886922747514703e+27,38873.92484858647,1.2430502561956398e+26,971.3076617224377,9.068240794226759e-06,52628.40149832067,5.674491651562249e-07,16096.932978560671,8.566363171275223e-05,98515.00714000818,0.00043588441535050734,20644.118893927098,8.68512279329183e-07,1.0288272829712494e-15,0.5324438751988483,7.548569957086473e-09,0.6488614357318738,0.35113855671955635,,9.080237664204158e-10,11168.902543933,5.064484343923207e-07,3.620638449368623e-07,oxide,mixed,mixed
1.6125626636820306e-08,75850.41800291321,0.056418691809940726,2571.3084055291833,7.021797741587765e-17,69774.65408952232,0.12329388005529343,41750.66735372133,0.002838505376650944,4.223765405769764e-06,3615851.6337851207,0.06921150968400394,0.09178560142988214,0.017325994935090922,0.13653998661583108,92.28504612746325,0.00041621870775655946,3.049148036114355e-10,1.1427119193266974e+29,23383.725519550484,138942186541708.75,29541.084785430903,3.077727923608371e+16,36653.51338514317,1.3078729176836239e+26,30937.729714982743,1.7906081225370008e+26,1044.4836407206517,3.2266475546187826e-06,41741.1868062517,7.491894429375563e-07,32865.260116916696,3.982638868415501e-05,84014.93007480832,0.00011669935913908685,34376.635355531136,1.8086317214954966e-05,1.037750355107989e-14,0.4560541689999513,9.619659992190914e-08,0.3383466251774422,0.6616532786259578,,3.976646471857953e-09,3573.803641654532,3.71831417591258e-06,1.4368003039042386e-05,metal,mixed,mixed
2.3293827119765688e-07,74524.08728327008,0.061061772922017137,21343.737678283724,3.280283457545734e-17,69452.51858401872,0.24616957287438063,29611.811493482437,0.001060915549640564,8.222873002413724e-06,5183568.943359902,0.01426400427054661,0.0342005627742633,0.05197206054843012,0.3339538809385353,4.3793345104674115,0.000431924393319629,4.696542667250535e-10,1.0117876104268372e+29,24275.51803059278,93909364577032.61,27980.637622283346,1542851670207564.0,38213.98924250519,9.105655829719792e+27,25636.507857662546,6.222911443704663e+26,609.0687412619536,3.408717460980244e-06,68073.99825480347,3.764221904133032e-07,28962.11314945066,6.82388640721549e-05,77343.77417996677,0.0004944462075695869,23495.67903736244,5.980857537306786e-10,1.2588212774250783e-18,0.18964478438079332,7.975456835536256e-10,0.6555700639180582,0.3444299352843961,,8.360204566265068e-13,3429.7038296034384,3.0553304123365476e-10,2.9255271249702383e-10,oxide,mixed,mixed
1.758720791875673e-07,63633.02483857566,0.05993981487411197,28697.016497007182,7.714455772407431e-17,69791.94612122915,0.1438412001814826,53950.702224823675,0.0017985447002930638,7.3916132942405055e-06,2962949.568106713,0.030307073805335642,0.06583526569207764,0.05438284985597921,0.05585672243260424,51.65084364115643,0.00011748589658075371,8.0449526471845e-10,1.083705579461893e+29,22340.866402240903,606525795683548.5,25289.27737681709,5.66104835399758e+16,48171.02182889749,7.711955589263891e+27,36495.608697745454,1.1282698640875848e+27,893.1552860267549,8.44551478561848e-06,44645.88180439789,1.3354058051648295e-07,49374.348495367914,4.934433442096712e-05,86817.48677965497,0.0004592576450684299,13699.508517735374,1.2909286790953964e-06,2.5851681001544035e-15,0.123618614047,1.560379766220792e-08,0.47140027867046225,0.52859970572574,,3.551061286177451e-10,17725.751549688768,4.7200908269515804e-07,8.189195964002384e-07,metal,mixed,mixed
2.232426899773135e-07,64691.02944240583,0.07649517968515901,25968.25422130303,3.4396810547929784e-17,69880.65837306951,0.11330715470193758,163282.39616864538,0.004229391659426736,5.770023392907418e-06,1725587.9358373245,0.09480883446926622,0.09015719556545336,0.03207952159209708,0.38774585530098327,34.82992628432037,0.00010833853453025132,9.569008143703088e-10,1.1324397610632942e+29,20160.71162527953,309952772457721.2,26365.180701684454,1.4474471317021366e+16,41786.38703612642,5.4282805923678e+27,27178.542771543853,1.7047263548043392e+27,700.0625942407878,1.8734872168826417e-06,58631.26500477717,4.463126176248831e-07,23981.87413174147,1.9169320814112725e-05,83948.97609632694,0.0006560082573727884,19301.428339587463,1.6105705445935143e-08,1.951429764236674e-17,0.21380644254129091,3.932376440121044e-08,0.3003664396371487,0.6996335210390868,,2.9452106755406286e-11,2904.348412746561,3.3358965140669443e-09,1.27698089318682e-08,metal,mixed,mixed
2.3142221013552952e-07,68631.37923573669,0.01875350679515644,7720.533028694954,3.048831237694298e-17,70881.0954536998,0.14259190451169546,123384.53128820681,0.0024689956870858694,3.848462228860154e-06,8096459.697189801,0.06343212103163488,0.0006733311714169917,0.062057762594245836,0.2113073624790103,29.468900304760307,0.00016379274479226693,6.198331041599146e-10,1.0690241021281576e+29,15852.672996688107,279125649766386.72,26469.672130578274,3.0301060160271804e+16,45771.861289955865,5.327442308062054e+27,36432.30568452932,1.802756562803551e+27,1051.4331250397222,1.0058600295039005e-06,50204.29731653341,6.40779858507073e-07,34484.994534685145,8.878101652821492e-05,73309.70720311748,0.0004929218418148692,5749.490913282623,0.00011362687393423276,1.150143700661593e-12,0.5320327585871119,1.6521030879899584e-07,0.11180588701500425,0.888193947774687,,6.71676517862044e-09,6127096.547911941,9.74926784954567e-05,1.6134195438776062e-05,metal,metal,intact
7.790707400553471e-08,74433.71068064866,0.030800997587264543,8747.17270766319,4.0330507662335305e-17,69040.0821581866,0.18126683822657647,92431.9506335391,0.0011892921949395198,8.23487797844867e-06,981544.4464349439,0.07600651035504002,0.032885432627689656,0.059977921939890884,0.314347731027465,31.55264925550612,6.854117500287988e-05,9.889117685279505e-10,1.046400171154011e+29,19765.088233135182,51647475560150.695,25820.8465014101,3.4267734049628588e+16,46483.41225190227,9.771285124127372e+27,21289.959965815862,1.7682422364902535e+27,950.0921659662392,2.709207044939144e-06,65163.48452017248,6.628567208050027e-07,16954.4501472395,7.706904543430057e-05,81306.13145326955,0.0008601512903348767,34747.51185329455,2.772736724341767e-06,3.2885846192269e-14,0.34076284063024853,7.398402931449647e-08,0.4188313624970069,0.5811685635189638,,2.735236909556766e-10,173481.68143752284,1.915361156296707e-06,8.5737556804506e-07,metal,mixed,mixed
1.308670293151279e-07,75889.50484310348,0.029531412538164284,12294.70488484492,2.032425440323266e-18,70721.38756367851,0.34095402515851525,165842.1923176457,0.0008305898073184275,1.6640665932042343e-07,4177564.240412262,0.04228382669775357,0.06389519698940951,0.06525640754407867,0.3295807877731001,97.10717516506142,0.0001538781981206317,4.3508233153348196e-10,9.321532879559225e+28,15283.663354885566,21929739677604.39,25552.205093119523,2.6427846061509736e+16,37210.94088417175,1.4415855404502605e+27,35101.988118940484,1.9580658908644123e+27,690.9664267506417,3.5867398587016582e-06,51996.80334554236,9.265808451054073e-07,23170.037685588915,5.977029796367218e-05,87640.04380922645,0.00017248562516030094,21227.906747821784,8.015608804472098e-08,2.080362517128458e-18,0.3819323215907066,1.059855989451553e-08,0.36381170607292973,0.6361882833285103,,2.037153980835775e-11,7353.24246938163,2.0283647031331244e-08,5.987244101338973e-08,metal,mixed,mixed
3.044086799473568e-07,78373.11716576132,0.02661767714248789,16569.72482778661,1.0520120333586071e-17,70229.57667637798,0.28744908821808945,157855.57241508167,0.0009969444069061078,9.313167795449107e-06,7874510.811411905,0.025990229293170068,0.006426811967791364,0.07785225027981678,0.03718289975276297,43.86968416087725,0.00033389683223351043,6.033968690494308e-10,1.180428032691962e+29,23325.725584717147,126982740262466.05,27951.872358040986,3.600787695637491e+16,48053.630549611116,8.121705552594055e+27,22840.797712054264,1.5130138032043154e+27,707.5895778041129,2.034135714158965e-06,49108.52393330745,7.963790804335198e-07,23485.08246774344,0.00010889466030563603,98465.5200159608,0.000908670254048409,34012.3085567941,1.4679292457779794e-08,2.216802251407884e-17,0.4482257495626504,1.39742320522776e-09,0.4745160126800033,0.5254839859225734,,4.542563600450483e-12,28790.159877128917,5.586932863972455e-09,9.092359593807339e-09,metal,mixed,mixed
1.3237917501239704e-07,76866.8148254216,0.02575274130570886,10240.566442668049,6.065336908401229e-17,69723.4080644292,0.16867369124554582,59854.784291990676,0.004994029629348428,2.3376441469360575e-06,8599711.859670153,0.015496351598441425,0.009780840397454874,0.025146784760606045,0.06687957816201161,90.67804766605887,0.0002254880720002758,5.696901060332014e-10,8.968893415588057e+28,21939.017124132642,583273441658022.9,28720.110746666334,2.0323210914679308e+16,47222.63644288668,6.55630965961922e+27,21313.704292387323,1.2843537127963124e+27,1169.7638762100205,5.278627473531076e-06,45349.42592459406,2.750752068213265e-07,17447.916935720605,3.045726043289414e-05,87622.74481802271,0.0009954518143256107,7949.446477038472,8.601027058337907e-05,1.908341185115948e-13,0.5448765361994395,1.7188203169312976e-08,0.32429710943368967,0.6757028733781072,,8.922134795001239e-09,3636039.636974911,7.957549652886046e-05,6.434774054518602e-06,metal,metal,intact
1.1075810814471517e-07,66616.62180045997,0.001783342402453489,18992.192292786578,1.271070092682894e-17,69167.09790906539,0.28621007717668173,72082.70937268087,0.0006441567725762597,3.6767399873966865e-06,2296878.15427804,0.03133750605001361,0.08928886329996986,0.05116718752960282,0.4051177467829094,55.71210944182221,0.00036403263650375424,5.353169818626256e-10,8.482045080957745e+28,16381.896463815481,418349836768455.6,28464.25157259296,1094100455754109.5,42206.86466330183,5.204881888030815e+27,30549.142979284286,5.414754685708768e+26,1148.5748988207054,3.7066339699803344e-06,66063.62322917441,4.612621648892012e-07,19236.759247620488,6.868155728049241e-05,73550.66093296961,0.0001847881255548939,33380.644108672364,2.5892665641798512e-05,1.2512981024022906e-13,0.4339922028035978,4.735932218243621e-08,0.37044797834544113,0.6295519742952368,,1.1581897705149333e-08,686526.6836302367,1.949516198221908e-05,6.397503659579432e-06,metal,metal,intact
7.249313820012658e-08,76522.94085636952,0.019248619442127097,2761.4836294369197,1.4268990068365258e-17,70191.15420700317,0.3824884775167199,67854.0113728616,0.004313833437567183,1.307372863566015e-06,9876199.10548231,0.019398973315866073,0.018093106870583745,0.022932657524701357,0.47785670799019797,19.84335575792251,0.00035653380434370516,4.123842868917546e-10,1.1382899313331407e+29,16152.073728752393,322415561387178.8,26516.799829635787,2.7561647143329244e+16,44722.05861971715,8.492334940409071e+27,38624.68742487674,8.506656984794381e+26,960.7873745110562,7.704379893409449e-06,64970.39971190873,2.4604778708999707e-07,5133.612936980648,0.00011832026846286543,95983.08336938478,0.0005021124138036798,12505.417709130854,4.411867244955719e-06,8.82895247174037e-15,0.5775771018820043,2.970142892285019e-09,0.19278011753591187,0.8072198794939451,,4.208674271759444e-10,6241446.275299809,4.093229016068891e-06,3.1863822888682823e-07,metal,metal,intact
2.82806627069161e-07,72443.04157855365,0.06579939556187678,12708.241030417921,6.329654640220425e-17,70796.86126549146,0.1428074698571168,97791.43259846368,0.0030995588340834105,1.8650229387933392e-06,5044950.698586159,0.07133545602695976,0.08985207837616117,0.03936849274078697,0.10636601744383,55.03606306753813,0.0004838029776897066,4.833733406794555e-10,1.1210537053592035e+29,15519.988286109548,801110726173579.6,27098.258509509164,3.764566279247132e+16,43807.57113153675,9.443128968644269e+27,22185.906551521533,1.50154256526e+27,697.8719748713194,8.433618901699618e-06,51093.34066815159,7.251724991594956e-07,44473.03041829143,4.230654055019279e-05,90215.26941312996,0.00022992577427419987,20684.931207162175,4.661087140420896e-08,2.6450648901210193e-17,0.17711161472722925,2.735140394073705e-09,0.44965004173641754,0.550349955528442,,8.210897202444835e-12,150065.97622230454,2.1076913240732567e-08,2.5533958163476395e-08,metal,mixed,mixed
4.671422890768741e-08,66963.26435313429,0.03411725760824615,11579.63171610311,3.2560204629511346e-17,69974.37810762864,0.2402917072943228,160609.26984214105,0.0036541254447926656,3.2478341586070165e-06,7323222.289536335,0.03584141759812459,0.08805514982056016,0.08721380354857536,0.47181822542660007,6.9245829634006615,0.00017964588827566614,6.789156025659217e-10,1.0255334180895096e+29,16455.648283631628,131689440356395.84,28155.00313584481,1.104921531399371e+16,35877.998747147474,3.7532414016410286e+27,26232.98205309255,5.6079769750711074e+26,809.7021023819451,3.724282963228335e-06,49573.691297384226,8.301937407451578e-07,5138.7228499965095,9.506909301075789e-05,99702.98407808931,0.00039590806821351377,22036.43573620359,1.9869718720564143e-06,8.203765020445458e-15,0.6706675314560081,1.0704498738705304e-08,0.2258288237221557,0.7741711655733454,,1.837634156105795e-10,3851289.9268213613,1.4853065123841209e-06,5.016653596722935e-07,metal,metal,intact
2.892408028461621e-07,74181.62113982983,0.09516804025905752,32229.51450731739,6.205352225436491e-17,70169.4877078895,0.17135140161470352,96034.69337493605,0.003747713885452516,6.871129710456571e-06,8183204.474439479,0.01469551697290401,0.09374000699495973,0.09864797616902429,0.3042222558638843,37.09824242189873,2.339777780163721e-05,9.481049190494215e-10,1.0646060722186599e+29,24083.946466142213,105807697756707.58,28415.80653827929,1.8551551800573904e+16,46224.03928859792,9.186338752144309e+27,20409.790040130145,1.4406925010692306e+27,755.8422954558823,7.477119852973609e-06,57356.48404998086,4.7711927333469404e-08,43976.49779042311,5.560510885523381e-06,71271.76180067247,0.000427240932501559,30910.62060738949,1.0137946410623032e-07,2.7554036336227607e-16,0.08788312529587423,1.0647702715266737e-09,0.4761039660854126,0.523896032849817,,2.348140048901052e-11,854509.88457633,6.16200540958431e-08,3.9759410010387215e-08,metal,mixed,mixed
8.89127420461809e-08,68690.97629022617,0.014487863133372024,44785.230243998434,4.15519974643797e-17,70406.02821978176,0.26787611183677645,72343.02005742925,0.0010766121235034941,5.496325747206186e-06,4366027.681593341,0.01633646845062408,0.007078342650166269,0.07271540788162861,0.47095482472980366,84.30941110073631,5.671110494292695e-05,4.2581719013215314e-10,1.0381025484236148e+29,23642.674506108488,741680689916855.9,25105.813717430527,1.3698482254513104e+16,43801.54556538945,4.5000347091369767e+27,36968.459645675175,3.4171244535601724e+26,971.1208766256899,6.321516370792352e-06,47432.416835410986,9.028722261166564e-07,31212.61859760601,3.606428046401377e-05,95154.32328234325,0.0006323704113001211,16498.71707445058,6.329329374632671e-06,2.7923819237631126e-14,0.47738332981530857,7.603825600284122e-09,0.44514586278773266,0.5548541296084417,,1.3817918873855859e-09,933499.5997778618,5.181001795860734e-06,1.148327578771937e-06,metal,oxide,intact
1.9958632709304995e-07,71066.72585338108,0.08362873369886016,26348.952014990417,3.4831890581949225e-17,69650.85358897118,0.25086087821405456,105304.03646219395,0.0038358454880558328,2.2984106431570993e-06,9245272.074751304,0.09471311834671714,0.010823253573520252,0.09133272411126457,0.418839895813217,86.38545712942972,3.708970997620344e-05,3.3214634287740806e-10,1.1857302271279285e+29,22718.583532110133,434040848027311.94,29348.223092533633,5.93297228111648e+16,49482.850743595474,8.369816706480527e+27,31537.9465849254,5.877771689564192e+26,740.6618845922717,6.315200702707131e-06,46029.6598616623,1.3621612069292107e-07,24751.13398143204,3.280967274429119e-06,77181.77148897487,0.0005961666519590523,33813.91221914631,8.241507112888044e-08,1.5188019579665116e-16,0.2734326047219725,5.175232741718898e-09,0.27005652210617914,0.7299434727185882,,9.588497122102089e-12,3682152.2438047496,5.959165745779999e-08,2.282341367108045e-08,metal,metal,intact
4.1938008518881437e-07,63670.273972369396,0.06165604084266282,3960.830028967623,3.40834003929378e-17,69093.27850068071,0.376688661572943,97371.53839816329,0.002522332864078362,1.0840898255575232e-06,5520315.9770120345,0.058215423496099164,0.08974587691571288,0.06478090043616683,0.14386044650095411,63.75806639560474,7.925839698448762e-05,4.0364859157201454e-10,9.06597322125076e+28,16026.002732813911,285356420921745.7,26193.18701355248,2.1881020131051116e+16,36357.15624299371,3.2240478616874744e+27,38727.42617597439,1.4481878280957914e+27,995.5321448713514,7.699432278571227e-06,63882.388452697305,7.142465862826013e-07,13170.177921986284,0.00011069038006559831,71717.90426284568,0.0009621301408405784,32073.965109218498,0.000408872999888224,1.9698926825919771e-13,0.5933792744857916,8.97596227907148e-07,0.4316975703007587,0.5683015321030136,,1.792826761597824e-08,536651.1873104742,0.00023121723002607754,0.00017765576986214645,metal,mixed,mixed
7.742145770930586e-09,72042.81445728065,0.08171067225771923,48716.41055169361,7.64797216748721e-17,69977.59065567316,0.19717247991234077,106422.16740830259,0.0012403805477003312,9.923588636433575e-06,5619688.053147787,0.013900011330498044,0.09850599995575673,0.0334598383463013,0.03881540266993348,41.19852792968305,0.0002492028141354729,4.415310614382629e-10,8.19497597889078e+28,17181.842699986668,156677786005275.4,29573.497060310678,4.870988586173966e+16,44469.118815200316,3.646260788259501e+27,29296.31819941398,1.9115354886143655e+27,1062.3155023867298,1.8038019439489517e-07,48208.37864436381,7.13343685133738e-08,41893.377977708566,0.00011078113952763159,81529.49822717084,0.0004686180068269845,28236.10384792046,2.2442007650192664e-05,1.3938027856614194e-12,0.21814904996449994,9.953954632269029e-08,0.05050240076325768,0.9494974996971959,,3.125865264361822e-10,4971880.321398353,1.899969251689523e-05,3.442315133297433e-06,metal,metal,intact
3.9283511424761486e-07,78152.8032347504,0.01728721010037434,11648.600926105097,2.6895675745918035e-17,70270.91467313355,0.26667923063784094,45367.47209238999,0.0035057434668691106,9.792347421362758e-06,1653470.3095931192,0.032428328938469426,0.059088762662651985,0.06820784119972789,0.2853381509012893,20.098301563485084,2.2285192848846414e-05,4.946904452252435e-10,8.673946877509642e+28,18571.179649949063,635275440577482.2,25242.247661205616,2.874334501850336e+16,41912.15020254991,5.287621487326728e+27,36855.819077168984,7.139881988533675e+26,643.4707077005518,6.878456617200962e-06,69567.25530315688,7.902787556964651e-07,36363.72663403771,7.591256593543849e-05,70535.74375913874,0.0007862351878654769,34675.35698163875,7.344183057833201e-10,2.7777643554477237e-18,0.12815158602826657,3.691984743471514e-10,0.555313206732938,0.4446867928978635,,2.382048915367009e-12,6662.101831623059,2.8709756506956153e-10,4.473207407137586e-10,oxide,mixed,mixed
2.2396657881170126e-07,74913.18165302437,0.07559514039941163,4117.009527133407,7.28864028455597e-17,69833.44520969104,0.10352671220248184,79634.1394443922,0.001990358401510046,4.908032890043307e-06,5879146.497597419,0.04337231914367795,0.08829194598672964,0.05616826481093337,0.376636141351355,5.205362087682582,0.0002854107801337986,7.968538817711856e-10,1.0179983801057874e+29,23721.701436976495,411287808029332.8,26690.579410014067,3.1647602252130332e+16,40529.34153250861,4.964834290575579e+27,26070.10679662275,1.636962805703089e+27,1181.0169770986731,6.459393242805147e-06,46144.683755450445,7.454298589905845e-07,12508.436628788288,8.464807022580144e-05,90591.32177977037,0.00024997305010358406,36229.31757275885,0.0005665327268125729,7.377547914386703e-13,0.6376620790069063,4.964438617928284e-07,0.608907675180615,0.3910918283755233,,4.051775017813785e-08,47800.12742674899,0.0002693500520633621,0.0002971826747492108,oxide,mixed,mixed
3.5434937423153815e-07,73577.53866310809,0.09137900523707046,31776.42566057106,1.392426057954229e-17,70830.2646284863,0.2203065488184584,40531.75743157804,0.0032838080367898195,2.6254996520433485e-07,7117454.900001285,0.012806846412451892,0.03694980273646338,0.0956211601529743,0.31341880181734505,25.712885896382378,0.00035488446793218044,8.195944416396003e-10,1.0640785704542471e+29,20347.773989938632,171635409884203.28,28293.510640043307,3.489734375966814e+16,44273.33565597111,1.2081814071377135e+27,26568.824222390955,1.8900542825163337e+27,1186.467421429567,4.860383888638296e-06,65389.310882650956,4.494807196343829e-07,5428.51842989809,6.658282625913221e-05,87274.710990676,0.0009390052812676066,15540.147139395465,0.0005454806589419363,1.6885091447432365e-14,0.6241810036696677,2.3299663457790453e-06,0.6230593983002923,0.3769382717333619,,1.2477705369835403e-07,2842.231657771538,0.0001436867791903741,0.0004017938797515622,oxide,mixed,mixed
7.350237700755152e-08,69079.12924329382,0.08607771983888246,32553.375619451945,7.037661249452588e-17,70702.09657793485,0.1398333536685616,82496.30179179658,0.0007156303699848159,2.085101928890298e-06,4768310.664496769,0.0987522002589134,0.07436611295556565,0.06071767125922441,0.02447561872712585,31.435727147310594,0.0004107976096096644,8.244855787550152e-10,1.0730507573478517e+29,19920.79037456399,574864020973146.4,28397.705023265666,5.7380053052517544e+16,37378.257358696625,2.162735005434482e+27,30717.08648376064,4.2237075849717783e+26,984.0697926916824,3.018963168659341e-06,64660.10710362921,9.465995058321375e-09,24788.046321729547,8.498765259431945e-05,95786.12855162467,0.0009660186027652208,12872.604413100722,0.000153773075417841,5.645072079642759e-14,0.1047576958068109,1.0009727805151574e-06,0.3180031611858228,0.6819958378413966,,4.539829679418331e-09,45224.18566752732,4.089395433236054e-05,0.00011287912108548046,metal,mixed,mixed
1.5218807824174554e-07,77229.40592402719,0.06926213470466602,2783.065738864582,3.598804469032592e-17,70188.34216462141,0.08515359350908674,35769.18235765285,0.0028464207415305606,3.3665737318356273e-07,4264242.102308479,0.01811082932091977,0.08131673492790338,0.05285116970659431,0.48348630955198807,44.82583126996552,0.00021693373627292435,8.488835393184943e-10,9.267484374485742e+28,16353.6346781973,458617535202370.75,28778.870074775197,5.956194454584136e+16,42305.89750139279,9.320873820994926e+27,20505.065109488005,1.0117695467412069e+27,619.8247790463565,5.890555580635679e-06,50618.34659191415,1.2427139689011116e-07,7218.275864392058,9.606557315911037e-05,79865.72390007043,0.0006030017570411762,10177.243067595144,3.284905032185646e-09,6.036508833192207e-19,0.32073267626145474,2.781888949898122e-10,0.5690949785534172,0.430905021168394,,2.528687813776608e-13,323785.2442305755,2.2740337523522095e-09,1.0108712798334366e-09,oxide,mixed,mixed
1.4029469699644443e-07,69903.92966560039,0.03391800804752999,29400.663038693972,5.98272400633295e-17,69794.72968631431,0.31772416967051526,148656.60793101793,0.00481148316726451,2.742569932215287e-06,8939710.054903345,0.047460033250055454,0.0334572081195459,0.020068137553241182,0.11153426788010035,66.34108687982334,7.74512411263241e-05,7.629550788952585e-10,1.1294460677868207e+29,24335.66073139436,196840095374906.66,29674.253591091918,1.0084637463643208e+16,41762.3543433235,5.372760690020509e+27,28869.109209356386,1.6177983396685515e+27,1079.124246645487,6.47356763945262e-07,52996.093790573934,5.75798073695261e-07,39437.39462418059,0.0001122120151651943,81079.97337996696,0.0007842551598330909,12654.796804154943,0.000126206216307427,3.733890798688892e-11,0.5205884078162653,2.2467274756467798e-07,0.0022860741039413043,0.997713701223311,,8.827405021347664e-09,8888387.334042348,0.00011343245974627116,1.2773756561155854e-05,metal,metal,intact
2.7251808882983056e-07,77761.68320304978,0.03445302415922799,24323.420175593306,3.6246372637638913e-17,69132.4750713441,0.18725386934768873,70664.72702185938,0.0015783926461442994,1.382168979116359e-06,4385808.358281239,0.09010635333967408,0.09328461869081976,0.029026861238129142,0.42416722740460894,26.59842850925203,0.00032120749918326683,6.252594763518292e-10,1.055127635266053e+29,15178.225830906174,71999339359644.75,27184.136812599736,1.6238948397879806e+16,38476.00282381664,3.67173680194614e+27,26903.259885575724,7.34598522696342e+26,910.741405456795,8.584662890801698e-06,44792.58657410974,3.637817719699574e-07,15213.925253301813,9.685586954786525e-05,79908.06925067585,4.696557643202268e-07,31247.142064265612,1.264921545146102e-05,4.61459495856203e-15,0.44835923480444495,4.8138988748565435e-09,0.4451351821296123,0.5548648130564889,,2.8926334607157795e-09,50415.16089424373,4.9168153267721e-06,7.73240012468892e-06,metal,mixed,mixed
3.9694868569184796e-08,73713.91889982107,0.002829421145849085,5975.184543719917,4.8685280567158335e-17,70547.42873832771,0.2903915879881193,155628.0372205872,0.003712777976766847,5.789277735433551e-06,5631114.545354149,0.04318548130201835,0.02464788797902891,0.058089793620767216,0.11555799851606643,97.62600922728004,0.0004913670227819893,8.796054195767503e-10,1.0792806458634695e+29,17456.944367193086,297910428381583.75,26118.46091949322,3.2476386437960852e+16,46608.0085209308,5.856954013420069e+27,39156.015559233565,1.8135375565863928e+27,1157.9409134529283,2.006464395386424e-06,54474.58940372265,7.16847448692131e-07,49332.53864424339,0.00011554162718980569,94499.20949475565,0.0002712368717582501,9545.612239414502,5.220041675098457e-06,7.963038743057907e-12,0.4908842655160063,3.676686063817119e-09,3.5143605887314846e-05,0.9999648527174266,,2.9835573662119897e-09,5630612.729078349,4.562694463077185e-06,6.573472120212717e-07,metal,metal,intact
3.790280067586529e-07,69288.52262994692,0.02121930432946495,19272.83885985811,7.213665151407334e-17,70068.20865372039,0.27705753510484166,104639.9340646827,0.0007607543745759798,7.913304270186217e-06,1458002.484436174,0.04525256196069364,0.05590501550005558,0.06341876775505012,0.1548616949490739,24.517556930105844,6.176796679723696e-05,4.000836059930863e-10,1.1860217576213455e+29,22913.014645788757,766697122728042.2,26728.211527398467,4.825525935999633e+16,38855.67508081097,4.809309483040833e+27,28396.99489050979,1.3616181890398613e+27,695.9053307676975,1.9327107706649074e-06,43237.43797733115,2.60629506985907e-07,39669.50324754216,1.8009638914555912e-05,80482.67056487867,0.00033651605921966094,32769.690571963525,4.091753962694065e-08,5.584434248668284e-17,0.0800209632041469,4.9251578014885057e-08,0.38666384697740525,0.6133361037710168,,6.039408528787894e-11,436.5396534605437,6.996907461119426e-09,3.392063216582122e-08,metal,mixed,mixed
3.664753143883742e-07,78762.24208566899,0.09385750477494635,18794.140959485332,5.280257525098848e-17,70754.01047759065,0.08547963832795655,51855.94087071323,0.0007033797312232847,3.3218466100949642e-06,6328174.190976294,0.08438187693213488,0.09869004709760751,0.020422084534995853,0.3473621899371725,98.88126794270127,5.8181711928191845e-05,9.391981521248616e-10,8.59489363801265e+28,21865.917436110805,801863340100276.9,28443.790774418994,1.6768106730538562e+16,36558.603536270835,3.256143316989355e+26,22860.937140453345,1.7830908645328666e+27,818.191597309696,3.5830516116056463e-06,56447.61653225351,1.1596202320419871e-07,7693.558717636246,8.991440382778308e-05,89716.61476494308,0.0007434037432563645,34461.70987914347,3.765004506996453e-05,2.2044007225114715e-16,0.3928950342009993,5.092921573826435e-06,0.01310747059253431,0.986887436485892,,3.2938907082285213e-09,0.8976690394660318,1.3291565511915468e-07,3.751712941484538e-05,metal,metal,pinhole
2.615055185815729e-07,78631.39214268028,0.005395800565071685,22917.994329380766,6.974975764077757e-17,69103.13996580719,0.396958735222906,86745.15478969736,0.003276113783239169,5.631882576680013e-06,454794.17074815434,0.09165847225290588,0.0193437456733292,0.07595900962933855,0.48845457149220417,46.41419115453639,0.00016744803740442412,8.777849773789812e-10,8.730797249502775e+28,20132.189903041915,472599742899716.3,27352.950015803886,5.655060767086079e+16,35586.1615412789,9.203331501239347e+26,23363.65977867054,6.117535903044963e+26,1103.3492819702094,7.982156254552453e-06,40963.567310441016,5.043792317020477e-07,48156.93280299885,7.434533228136276e-06,83785.95075573635,0.00041041448227142197,22335.211782024664,4.817404658394267e-05,1.4398374291617785e-12,0.17127310231952317,3.5705708606638357e-07,0.20444434878553092,0.795555294157383,,7.068351872543133e-08,247723.9011821073,3.689424601882567e-05,1.1279800565117004e-05,metal,metal,intact
1.8339741839884054e-07,74691.56355265898,0.08683406163140796,16629.058557650293,5.606546560182426e-17,70509.26377190367,0.250277272465301,167329.04301476286,0.004153071691010296,2.3907741540131024e-06,5113736.4972010525,0.026379296713157682,0.005662478813548513,0.05342837507850234,0.29213043795330274,47.23435995202276,0.00014502648921876977,8.27903020473876e-10,8.076621766256333e+28,24417.063894608567,64877638984585.7,28996.15405372647,5.014834317161459e+16,38806.01282032803,3.729436438912243e+27,32114.8824502885,3.946203289915959e+26,775.7384800234056,8.331780713077276e-06,54668.35621333794,2.7454389772504704e-07,49071.9610832198,3.432611528863991e-06,98601.49588395454,0.00045197839620736234,36066.488261615305,1.5188970191689037e-06,3.9049373866118136e-15,0.13987258297824354,4.236426418829617e-08,0.34173889966950755,0.6582610579662282,,1.2862962151980702e-10,1899554.2866185638,1.3203165666446919e-06,1.9858045252421188e-07,metal,metal,intact
1.8790980777529106e-07,63197.63126399729,0.02718054139448157,18048.034109978904,6.424692223330943e-17,70136.72305437722,0.3363337331620731,139387.910856504,0.0017022557674936595,4.117380913320428e-06,8574271.5857697,0.09500201491220892,0.08093672366026779,0.019678813061845202,0.1836469425107017,53.71566747966033,0.0002435481263038731,5.200344311834087e-10,8.871868626576065e+28,24555.634706743564,350778864012167.75,29180.767360756116,4.610483384603846e+16,39360.57512414949,3.4692545049447047e+27,27282.486594159902,4.4012552010835774e+26,1135.4790541049006,2.540593285581066e-06,46800.160693396385,8.84008739396835e-07,33318.57790150028,9.044605412458823e-05,96490.76118985208,0.00026895793900060016,37422.528685672194,0.0012891129420516362,8.11943021020347e-11,0.618163588494459,5.98483969466989e-07,0.01625435289173279,0.9837450486242977,,3.2166062905274124e-08,8221773.60055315,0.0010331408954816484,0.0002559720465699878,metal,metal,intact
4.246096356785404e-07,75808.50542975191,0.017473402518969578,28855.221093338343,1.3564287130210945e-17,69148.93454673578,0.19357167356947447,136190.13475522696,0.004653842817588906,8.142398859422406e-06,2339826.4475234435,0.0851643595142266,0.06487410963121928,0.034861758143969857,0.06795873618742988,29.065381744960614,0.0002922590653513574,3.8951848598437594e-10,1.0471029947305852e+29,20945.05508723015,511358481678595.6,26162.026347295483,5.478278892883666e+16,46329.632252030264,5.967256686223224e+27,24207.5478354281,1.2529330309801364e+27,588.1223971180333,7.161349014882012e-07,63452.865132929284,9.233278942174363e-07,15676.11589271524,3.8555131437852e-05,82296.61194419906,0.0005180172670914358,20059.402406813344,8.447272794477629e-12,1.3153766560204957e-20,0.3459328277479977,6.088477930294214e-11,0.3565051622163856,0.6434948377227295,,1.8215107620098204e-13,5418.729915738064,1.9174293981722765e-12,6.5298433963053525e-12,metal,mixed,mixed
4.112633693544292e-07,68934.79930387088,0.07826325131162125,46134.48951599541,3.0138801067351166e-17,69753.95536609546,0.13768145510777152,73935.95392981304,0.0028733765011796637,8.923454303207959e-06,7661650.174361818,0.07976628120385745,0.09453904193876794,0.06293754937666443,0.26817670453826076,12.88696080271788,0.0002649082893986499,8.255567670733186e-10,1.0588468083555778e+29,20275.287507198373,400169945413016.1,26577.30134923707,2.012340355312272e+16,39161.70120552867,7.983993592596826e+27,29895.650159691882,1.2494626656345e+27,828.3593596994469,6.2443914134345965e-06,41067.03802691286,7.715193755146746e-07,26981.377340039653,0.0001101354517889154,98300.73545291598,0.00019731720794284377,29594.580284201125,7.314733644591944e-07,5.124926321588352e-16,0.48234004846053574,1.0775957025257397e-08,0.31704657377579376,0.6829534154482493,,6.744434446327634e-10,5354.758463739059,1.1806000060232705e-07,6.134133638568673e-07,metal,mixed,mixed
2.6017773008049694e-07,73027.07367553035,0.08641176418239276,12407.00973792687,6.362375927781001e-17,69137.58048631078,0.1774027010820089,98033.72325618961,0.002633089626939923,9.721458173406552e-06,6034577.168412843,0.09834594953207602,0.04420096458880875,0.024731419882052106,0.3530587955487004,17.54456239094956,0.00035608029436408144,6.606591850888144e-10,9.903855659062685e+28,16727.49983124083,60692352905318.27,28499.03928938142,3.0621676665991868e+16,46895.2433895078,5.10650535154784e+27,31828.192210790075,9.470687039068417e+26,705.7328817065357,5.829390376538604e-06,51616.15836740887,6.215318307323626e-07,10130.916581315796,0.00012498259395864636,85560.08733586292,0.0006347565022555852,8436.45560863104,4.1352856474772026e-08,4.511624721166571e-17,0.543155360269154,1.4286080204530558e-08,0.2814470529891474,0.7185529327247724,,8.647965691276346e-12,8926.637560478843,9.12968579682503e-09,3.2223170677947e-08,metal,mixed,mixed
3.567349146604937e-08,77527.12405962258,0.09042546759783526,45444.68333125842,5.59109857066176e-17,70651.117607397,0.24355259831570442,58857.076183477264,0.0021202522413828646,6.934739181227734e-08,6419261.985439849,0.08817910784432738,0.02520670707016795,0.09834337493096078,0.23381038777341936,10.080325456132739,0.0003864933193835401,9.791952847635319e-10,1.0726453033914126e+29,15977.072671941953,307298966653441.5,25700.805961214617,4.247833918835304e+16,45106.03234282299,3.773864135998034e+27,25038.33400781524,1.4096407041784119e+27,884.1079916407118,8.788105903128983e-06,48061.016378455664,3.9176882509482184e-07,32352.195652556453,7.457394493776778e-05,97410.7803379187,0.0001284738549044548,10782.735776788046,2.0885704206728877e-06,3.415844785626891e-15,0.3680054716745396,1.0244816741881794e-09,0.013346987828082958,0.9866530111474352,,1.0866288598372609e-10,6207293.536550095,1.6409187770152621e-06,4.4765164365762557e-07,metal,metal,intact
3.0992276857554893e-07,64788.37868330834,0.09498727690918023,43319.6328989473,4.086048652831568e-17,70719.48240398188,0.36721784525307183,82323.01474551618,0.0013441935640653374,3.454551024062132e-06,6365829.581480709,0.020624090577957718,0.03029647042466671,0.05173797873692904,0.42612308936229165,23.66316723745401,0.00038461143941750817,9.553281852127905e-10,1.1552504381360646e+29,19900.574593162662,566185543508192.1,26046.526729746143,5.306759087622734e+16,43029.343552019,8.069935902493031e+27,29465.756612448702,9.711909615870851e+26,987.3759401581328,4.834732194503823e-06,63336.28415121677,4.315534924464296e-07,48910.955551334475,0.00012016562580069555,71690.08857491282,0.0007389961099744608,23084.010745275322,7.119219179195155e-05,9.080824788460942e-14,0.3404099307462229,1.1089736073037515e-07,0.6200790786033109,0.37992081049932824,,4.670783238740656e-09,207381.07231701014,4.879732262243538e-05,2.2394869169516168e-05,oxide,mixed,mixed
1.349105861606788e-07,72264.37636537348,0.0787144995229055,42891.07111573051,1.4781422982526673e-17,70649.89023459479,0.3382534520800405,150190.44383957784,0.003647723462222584,7.934964303527685e-06,1198095.7920233617,0.038548671468080026,0.05827729296122832,0.014212765733925431,0.19106187759001325,84.87229337253166,0.00035399311075602873,4.766971485234838e-10,1.0043712683359096e+29,15112.408280580412,464973052341126.1,27504.161938058212,1.1027810009029302e+16,46959.3846424716,1.2437595786474385e+27,28683.387024507654,8.85577574734966e+26,819.1911129657599,6.9494146932259026e-06,61053.32972702484,5.7309452907284e-07,9702.108658971496,6.5852642088061e-05,77540.41206000239,0.00046549197797613053,26923.14225855338,4.550287308646881e-07,5.7155261761300534e-15,0.3680137210786157,1.1260333928573146e-08,0.4391645460857213,0.5608354426539448,,2.9387258856827056e-10,272072.6904049254,3.676043119915467e-07,8.742441887314137e-08,metal,oxide,intact
2.790068038467955e-07,79948.15600239809,0.018407089813583088,21837.090965389387,4.762732949588625e-17,70593.48763542123,0.0834477828531654,156136.2760827759,0.0032276657600157858,8.544674939790621e-06,5156751.317060966,0.05131629016330472,0.08030846601231208,0.03514919942630398,0.07900024183306475,69.48239888424962,0.00011790521375186695,6.658040745401162e-10,9.80255718930308e+28,19287.21813799444,432559748005724.1,28878.812081345866,4.344941429646433e+16,37127.92737649163,1.7787541905436975e+27,20003.89277415704,1.0756577549397535e+27,587.3019289141025,1.5762114696825178e-06,49204.143687646545,4.92166617799299e-07,48832.43810442565,0.0001149742249387774,95199.62921051195,0.0002977199181479048,32871.22579329464,1.0756500162340613e-10,1.0749136230514084e-20,0.061498166786917226,3.383224228501923e-10,0.10106351440387142,0.8989364852578061,,1.4771827455936825e-12,11.980335240801278,2.376666492653467e-12,1.0518833513075266e-10,metal,metal,pinhole
2.189440806904312e-08,63609.30494671268,0.06065815867662208,14248.19078596713,5.800205145722501e-17,69415.61400220479,0.1586308286798036,50006.079055114446,0.0020955842351652937,9.714804830332966e-06,1076759.0999182446,0.0943554417901427,0.07953096253165583,0.07003489627646212,0.42161537351702133,26.186344249929704,0.0003264537912222155,5.174909013766753e-10,8.515397847274576e+28,21053.23509296738,165573456840125.72,28925.16376574812,2.1050018043394356e+16,39574.163317302824,9.377619207519684e+27,32256.27313654832,9.41929009952e+26,1032.2156714562752,5.536494405720731e-07,56010.906475126496,2.0836267257423037e-07,33911.43041036429,2.818230695524345e-05,82158.65603709346,0.0007663529708716851,15152.338131725892,3.2327558507690995e-06,1.546300882293147e-14,0.1874791778515858,1.5076432325269798e-07,0.40747243131460853,0.5925274179210682,,5.487334059956223e-10,14233.912366742841,1.1058430234236219e-06,2.1269128273454776e-06,metal,mixed,mixed
2.0121760568261236e-07,73989.32079672941,0.03296352999083151,13064.137263614151,7.03492094502463e-17,70728.12636886234,0.14721172318137712,23766.603811104444,0.0030492023125264604,3.7728197020676883e-06,3506837.7585699037,0.08497450737764922,0.07340538817349855,0.09306853322282067,0.3772460448680979,95.40891957828957,9.058821817704038e-05,3.458504625884629e-10,8.508941808068056e+28,17337.125758643495,123430712593697.42,29575.521902671157,5.559292003818807e+16,39424.011270715695,4.737460338012061e+27,23794.893823387523,9.42413775028406e+26,843.1299265330324,4.374081940182516e-06,42638.931010249915,9.036842152327903e-07,23307.64480503635,6.42396216425127e-05,78606.65790711428,0.0006843129920493392,38616.3878944905,9.324461922400702e-07,3.127200842553366e-16,0.44469349710365264,3.2893399442848644e-08,0.24326793252878953,0.756732034577811,,4.5285121122186597e-10,3014.9279920871936,1.1278749819553299e-07,8.196586940445373e-07,metal,mixed,mixed
4.002426754482791e-07,67421.69084955138,0.01075791446171762,11098.729657345977,3.0270656391174765e-17,69467.40280225876,0.3288027838381412,148378.65694741815,0.004572504018869222,2.1397151780603636e-06,706201.4665747484,0.03167744737218744,0.015162224488570679,0.025646467463919954,0.4984981631372007,71.9610125191296,1.0875592944976049e-05,5.907246041430696e-10,1.067818322517102e+29,21661.44809771642,104678376102332.38,28569.899765132843,4.25664415586654e+16,37005.21449900188,8.239885116687001e+27,31808.77603151624,1.6220468997736716e+27,714.8501557743828,6.958689313810934e-06,67691.77134828237,5.167878121632883e-07,15364.227266636093,3.388560289121908e-05,88374.25131511019,0.00020726440088655285,15233.79325522392,2.8488160252923715e-08,9.721979765527797e-17,0.22666279677498272,7.77456265608062e-09,0.5636042348468315,0.4363957573786058,,8.371305716070438e-11,78741.07547663739,2.359462684617098e-08,4.893533406752736e-09,oxide,oxide,intact
3.7606205918857367e-07,65870.65617536916,0.06271427591081831,34649.52782183353,3.490099709527202e-17,70566.64280666175,0.2981874995108757,42949.82948605875,0.0036047329121098965,3.913389787554347e-06,6391602.5727542555,0.0841541743183219,0.047039311015446464,0.028384101047847433,0.2644901030793661,60.42804840083262,0.00027055623932591215,8.483928733855958e-10,9.409204720835397e+28,22971.482931785482,39634169545489.97,26101.8135317959,2.798900349114119e+16,43685.2094167471,3.181070841008636e+27,24754.74043824651,8.105779943115873e+26,659.3339913882,5.612822863848915e-06,54521.817827329614,6.811430030312558e-07,42071.00153121418,0.00011306227579949203,75996.51740436725,0.000339969830027728,14390.146699748384,7.712963938239648e-09,6.833546198890489e-18,0.17610250215509518,6.497567694526842e-10,0.44124847209345525,0.5587515272567879,,1.4870487580861606e-11,78146.58670291571,3.3003827756136268e-09,4.412581162626021e-09,metal,mixed,mixed
1.65593771946338e-07,70363.77971308788,0.03585745107883377,38698.74586269836,3.987909578085737e-18,69758.9162085657,0.18942605747533353,82945.60016539655,0.0021832317016458056,1.8737024890962214e-06,4523091.793056562,0.08538093384205439,0.02990111900170462,0.03099753061698653,0.07640446381463369,28.829550229048888,0.0002454102725734234,9.522546843214137e-10,1.0081286959123953e+29,24919.507464460854,63510958602518.15,29352.812037327585,3.924225654567533e+16,45008.147677148474,6.69704271928518e+27,21266.152569708483,3.6400959937491346e+26,640.0295828743813,3.849783454628494e-06,49948.944505194966,1.0379580396684736e-07,45710.78445478184,0.00010782911815506887,98919.00447009433,0.00041142451415587415,10416.324839531513,2.899656526408245e-10,1.8515716245571183e-19,0.048363973101247515,1.7077197558517657e-10,0.4658383696141958,0.5341616302150324,,9.648495733938716e-13,125391.56791984515,1.4957288088148343e-10,1.4039277175934107e-10,metal,mixed,mixed
2.441791030156529e-07,66291.55119100236,0.06444881132563035,4420.332543830217,3.97274978174745e-17,70873.98320803784,0.10387657019215091,68108.54166167196,0.0019155239569416218,5.497965187055412e-07,4900534.074709472,0.008268391952563132,0.006684139615198399,0.07936874977782192,0.4281335919091698,25.263079333718736,0.0004760485144948874,6.573191938239363e-10,1.1939728432280655e+29,23558.558705332583,665597659546406.8,26834.17385104982,4.422043149965157e+16,39334.00327469405,4.389974316042929e+27,20099.057987901397,1.5633618840662445e+27,868.1202699313983,7.317214697293003e-06,60825.38241845867,6.980414739242451e-07,36119.35724219361,3.6776195579149753e-05,91452.27267234962,0.0005872354618445244,6177.620176713,9.166934266346568e-06,1.0970182928906766e-15,0.36612514077997654,3.0264571325211484e-07,0.6439591568406531,0.35604054051363365,,1.7398940345377303e-09,7500.105404327603,3.8439532192558385e-06,5.322981047090729e-06,oxide,mixed,mixed
3.587835240771057e-07,75612.65567293807,0.07764712688850388,46421.86389657431,4.2721693148182235e-17,70033.54359271536,0.21122438297530877,28557.75822374996,0.0016169802479540777,3.366518556847584e-06,8504420.512236435,0.08980252284381228,0.04573685115537271,0.07204802808536254,0.21508694031838235,52.067984900376516,0.0004964630751203462,7.697757054612918e-10,9.157695228890563e+28,15698.291504903458,75167471073056.12,28687.23026835661,5.396708110589002e+16,42862.40065320263,9.459652490636074e+26,31889.446535249866,3.182417914409201e+26,1052.3555886702968,1.8999789511817356e-06,54781.70562698335,6.283863061184133e-07,38878.56267752933,3.011324388462055e-05,95957.77608939537,0.0007286700446298555,26800.992898818076,0.00027166257834417874,5.175437531140647e-15,0.5141964761331542,1.0599527237390085e-05,0.06936836303386364,0.9306210374388991,,4.26561534428246e-08,20.99098287079655,3.5469581719488023e-06,0.00026811562017222995,metal,metal,pinhole
1.0517946070670892e-07,79289.57020760223,0.09363108838172726,41275.69850268961,4.4312889714454006e-17,70274.13693183729,0.35863078895900097,142293.27781235255,0.0011449613845239837,9.783088505298298e-06,9898898.94480863,0.029773988234462694,0.09513454059046343,0.05067678128829626,0.3252712452619151,29.155706485333212,0.0002881325002470817,6.524570573133612e-10,1.057344243281061e+29,21408.42132851402,138322351884600.5,27397.79310895107,6485294406810228.0,39589.528496269675,9.85636779988515e+27,38093.30464103802,1.2835918612652932e+27,611.4786210086079,7.453662480952011e-06,59672.91987944588,3.9786326956500485e-07,28999.799163931435,2.5370540149417466e-05,71391.85305512644,0.0003077318368898972,13140.395583483834,1.5799477010246208e-10,3.4727262316639004e-19,0.2512049590234856,3.313724765545371e-11,0.5834107280019154,0.41658927196494744,,1.7448746344371856e-13,157509.39085937757,8.055823023371805e-11,7.743653986874403e-11,oxide,mixed,mixed
2.39295507481453e-07,65344.68836603885,0.06963475164618628,23299.20310798259,1.7444097408572804e-17,70484.00405306746,0.10631934303733148,162468.00089294667,0.002101002007395141,7.538258895532767e-06,9028025.571196653,0.02549889347130171,0.01022742531370207,0.08801745043666526,0.10316835951014924,86.83596788568515,0.00026109005864776574,9.841104772765991e-10,8.165712679454036e+28,24404.768379766832,478586454329724.5,28354.90885236484,1.1873205155659288e+16,47372.648227595186,5.802778357836068e+27,36997.50984458283,7.189058502809178e+26,1055.0387546689046,2.51547025592569e-06,42442.548319576854,7.414598516884691e-07,43114.10905968227,2.0290003291862802e-05,95271.1341189968,0.00018014958673746116,16154.463787377485,0.0003079248147694163,6.366696800552827e-12,0.5225884420274426,1.1741080957655626e-07,0.10059127954263422,0.8994086030465563,,4.9608396708204535e-09,7048251.265423336,0.00026558248235741475,4.234233241200158e-05,metal,metal,intact
1.362149468706048e-07,71885.10215812718,0.011427946498076257,19362.139877348887,3.2921080285216265e-18,70809.84082489458,0.08759224628310894,151750.95455081383,0.003286397942587839,8.89279034919544e-06,9555945.183566155,0.019530941088093053,0.08852552676695256,0.08081631466822253,0.2676226897923308,62.89827348069644,0.00012153574095029698,3.3042265197375117e-10,8.313860849886253e+28,20082.721126738958,515948503256386.75,29455.726433478907,3.2390765460012548e+16,49809.150698641184,3.8160549904365334e+27,33699.574156394825,1.9857923818810556e+27,1146.6384595008726,1.2560350125719601e-06,54832.8643891935,2.5877667030115826e-07,10024.831467996444,4.158734534269884e-05,78939.95568283598,0.0009018192373623032,31030.3710624765,7.432683433181228e-05,3.7610006537707854e-12,0.5740202900252804,6.287187227476765e-08,0.044663227861185185,0.9553367092669427,,8.220194259304946e-09,8554264.403356439,5.9735993449880414e-05,1.4590840881931862e-05,metal,metal,intact
7.103508979889107e-08,65784.01940478537,0.049312880066877195,48524.902332692975,3.127717059259176e-17,70965.80219500605,0.2732067266949181,150858.3369672553,0.0011838223870875714,1.1119302737575703e-06,3027673.3689427106,0.09892367796682505,0.01395925941238452,0.017178137725921035,0.41988350829476434,83.05134263891472,0.0004138508788016854,7.794216122041392e-10,1.1865038115657885e+29,20598.176066368294,702715763181090.0,26479.16687197236,5.373214855068394e+16,42931.38802877183,3.6355605366598503e+27,29138.072428804564,1.7352534840371985e+27,1158.7814649521574,6.649395235277696e-06,40794.46092278759,5.232400330473895e-07,38368.98429081657,7.52279001173651e-05,97727.02375927044,0.00039919412394844576,23676.092167015926,0.0006986210912778133,1.0888181048358244e-10,0.41588352426586334,2.2405309829480864e-07,0.0027699711850268345,0.997229804761875,,1.2594002535985555e-08,3007522.9019153486,0.000607533397707275,9.108769357053825e-05,metal,metal,intact
4.157644293871287e-08,75257.90441097454,0.07618148759751117,12219.693009478658,3.514858486923293e-17,70266.93953508422,0.35284242251678694,74772.68493694108,0.004840105676834716,4.701585967049534e-06,2987213.9999388237,0.028808615606017843,0.07101799495445915,0.07662402556192915,0.07116596350465128,32.32898231290099,2.7923698987127615e-05,5.676460770710812e-10,1.1029317237650177e+29,18472.05739087175,700477186128791.1,28298.3421094509,4.761793927829035e+16,38362.594802120744,4.8983169889145374e+26,23135.93942783831,3.8355322817021765e+26,904.240395675941,6.158986933588726e-07,53279.35183689441,7.276336712065521e-07,28794.684067757637,0.00011039146887424403,83744.86109915047,4.22410228923216e-05,6115.767407288064,6.565318226893854e-06,9.382847088439804e-15,0.38699234859424253,2.250776166988801e-07,0.48519133436700146,0.5148084405553819,,1.6980248192197555e-09,31316.06082534107,2.5499090116592835e-06,4.01540921523457e-06,metal,mixed,mixed
9.856394431315793e-08,66473.42136198362,0.040509801382312895,42303.26152286064,2.423858315605076e-18,69538.30448260577,0.10540167538684778,136828.1389342043,0.0015152038615465556,9.211848627556375e-06,4893493.230108439,0.06550062992517725,0.08104967153953392,0.028542562351000028,0.010587955019212803,80.64838816707847,0.0001596213458780216,3.855144005016958e-10,9.14018527820467e+28,20051.02581784112,375344831174875.06,29067.51059788568,3.84535791683364e+16,43924.5246390907,5.478731312066797e+27,38781.24699829789,1.0761266930067458e+26,1063.4886915502689,6.929400527049692e-06,42967.77526536633,8.419151253467687e-07,11868.172199476043,0.0001344853117193651,95063.79117642579,0.00039236592937750013,17822.28920248409,4.852643840324013e-05,1.9392875104237828e-13,0.6169281911363022,3.5493537976911104e-08,0.419945455748901,0.580054508757561,,3.808355341502239e-09,380681.8115460723,2.7765517444078127e-05,2.0760920959162004e-05,metal,mixed,mixed
2.397627836347543e-08,76375.65282905666,0.06128049566943129,39042.09565426187,6.466269670331072e-17,69619.58009358028,0.09700801266503943,64221.18776280623,0.0020813688385728077,3.552759070947958e-06,3222624.5008197925,0.038896994504047815,0.04788256003084798,0.08674650213381536,0.4940104416423458,94.7637442401681,0.00010185317701708484,4.984978987047386e-10,1.0373333834953452e+29,17920.653689722396,306548616665851.06,29332.21915468315,3.5505407699494612e+16,42080.32279336886,8.577710592020047e+27,37919.13764846895,1.458315706196135e+26,660.3953018291404,6.189323323523903e-06,45716.904364046684,6.292802880131955e-07,38653.045588307075,5.022159683490406e-05,70174.12373578547,0.0008998957373331948,30653.790062104108,3.784816471481599e-10,3.94344266150551e-18,0.15005159159623216,4.124500566693901e-12,0.15140673433921306,0.8485932656566625,,2.2344078224171958e-13,2153490.5846208124,3.0290638962151693e-10,7.557525752664295e-11,metal,metal,intact
4.212715218977512e-07,74815.60567021633,0.042317059974682894,6653.766899166298,3.7059610490510205e-17,69450.05225423235,0.1692804075988003,70490.09313177338,0.002254043010378763,9.583065492088003e-07,7001220.614460859,0.035329750935891385,0.09661550046604844,0.06667849086133475,0.46313629595427563,62.25876882435044,0.00018073138065329326,8.856132551934093e-10,1.1787634115686465e+29,18783.05939306173,745086443459393.8,25196.95753420842,5.905528562709e+16,45552.82521896927,3.4869369831488105e+27,34304.50910338583,6.385787372654892e+25,701.0719057502481,3.388458110066668e-06,60509.223688023,3.9573888865833117e-07,46917.746042514445,0.00013385150213226601,93104.1831126508,0.0003651291871668078,38966.67396165565,1.0820810062339637e-07,1.707721261573969e-17,0.14471696379306231,4.257912737715755e-09,0.44792978149659834,0.552070214245489,,2.3645637448351446e-11,26338.116723355804,3.5469784168464977e-08,7.27383164549314e-08,metal,mixed,mixed
4.1488093558305176e-07,63253.06728573206,0.0040924408821696595,47708.963469541166,6.669024551048399e-17,70462.6242055183,0.18170094525968822,108195.4357447245,0.0025416635999673627,7.097228881497726e-06,1776585.711623543,0.0007243157545777846,0.020667871802992538,0.036146358147560904,0.06762557028342492,17.264997371053322,7.277354287135605e-05,6.847904067991298e-10,8.00331052468797e+28,22750.432681535476,263899779848961.94,28218.734639786133,4.339981471947156e+16,48141.74924833286,5.569235636054745e+27,32652.306280686345,1.3003164875837778e+27,1250.577791613699,7.112237964032315e-07,42249.60833743612,3.208599202925112e-08,30328.224866713685,6.639316069299905e-05,82026.3273374396,0.00020387800650402405,7516.259560712451,0.00013023090817250267,2.7428041767693498e-11,0.14589489542164696,2.6919439907570946e-07,0.021285369182550706,0.9787143616230501,,5.59182059035832e-08,1696840.312075781,0.0001225851557330398,7.645752439462868e-06,metal,metal,intact
3.503740451307444e-07,72768.90209756664,0.016926341615313357,28647.977753641673,4.469103223274168e-17,69048.40879473416,0.28445336727703174,45961.263407094986,0.0031085700027654356,5.1807334125498395e-06,4558443.340312139,0.024282642748068076,0.0856025649654021,0.04332727459378085,0.11671723488086637,68.74913693480336,0.0004581359930294649,4.319534805520111e-10,8.129577926071755e+28,18266.71056371127,244848433614317.0,29101.255833875417,4.847119551152865e+16,37748.84925118908,6.466718330472884e+26,22159.05857581252,1.3491586005029135e+27,730.9889600575075,5.065726061512211e-06,58082.84087478485,6.922595063445914e-07,27795.179279331544,2.341602915729981e-05,77381.0818166649,0.00040004477949958175,24401.765555374044,8.488412010672551e-08,6.491785657033974e-17,0.33576623696458285,1.7894053366473518e-08,0.49603828072742395,0.5039617013785228,,5.062997242015921e-10,3937.6295482149258,2.1989833160056107e-08,6.28942869466694e-08,metal,mixed,mixed
4.0714909382441297e-07,65419.76384241995,0.021091019225502872,48042.51078557156,4.073378628285664e-17,69222.7142311918,0.19616526454502545,126544.70035466734,0.0047025436989497245,5.135727855888491e-06,7092637.5681445105,0.0212783506923575,0.02166189455115096,0.021592714785071927,0.13805770172872703,77.4727903582811,0.00010002875795875534,5.187701077670194e-10,1.1056133093511393e+29,16628.63600069854,651868754749375.8,29024.48149319105,3.343182460618886e+16,44886.237770432315,9.615562966255768e+27,27143.598715831547,1.3026405680434647e+27,1002.5035004347242,6.299456642302397e-06,43463.786414537855,3.1879816612277424e-07,37903.55722393679,1.1237068994943521e-05,70660.54481631743,0.0004147796656433489,35163.76801429053,1.967828227417119e-05,7.718889760934751e-13,0.386657414480634,8.725388550328281e-09,0.044909084577996174,0.9550909066966152,,4.877118859838567e-09,6428408.810239807,1.8351998398930046e-05,1.3262838752411447e-06,metal,metal,intact
8.094402130174127e-08,73589.74379469556,0.019540314833886963,45855.70108477059,8.415693892061827e-18,70716.02875566797,0.3573702568919013,71428.80671348955,0.0021981697159422996,6.8008715473582015e-06,9104096.662945291,0.07050216298125529,0.020858069075800872,0.023758055444897987,0.1540947075803523,85.51931703577084,0.0002112755167162821,9.426351107119844e-10,1.0712736905220557e+29,19475.305996817,706257926983310.0,25017.93822286089,2.1250324706121064e+16,37173.94826815929,2.8755654556693836e+27,31599.92588929312,1.7531951629473856e+27,1057.270262274983,5.6429684737163945e-06,57245.87131916292,4.564510710752135e-07,43925.3582306568,4.89495980589116e-06,83582.7843954938,0.0003886772067829683,33587.80132543164,2.0847389419901384e-05,3.076059348568891e-14,0.4604076785996522,5.32891205260185e-07,0.48205676818372606,0.5179426989250687,,7.570973699455997e-09,131047.41002687061,1.0631862228109398e-05,1.0215527191791986e-05,metal,mixed,mixed
3.676074880719869e-07,77964.33788041414,0.06524862799713674,37113.57711864017,4.406649082569963e-17,69886.45088718116,0.1497512985771421,130585.59974646542,0.0014222882593131118,6.028273975607533e-06,7017786.7083127545,0.02984485665493171,0.055571115300471596,0.007385260901299501,0.3219020633667357,15.540648939111984,0.00015639870013699493,8.164748520463755e-10,1.1992016151461604e+29,24664.6524784054,170299735515004.53,27240.55542824631,1.1631254115706758e+16,43830.338008062114,9.396566281422783e+27,31569.890309408176,1.7625371041281843e+27,1015.2348658803887,6.776346576852403e-08,56350.10640844908,2.2866842962964712e-07,18049.8317335089,0.00011165953086424573,72142.07112649517,0.00027290959396535303,27754.58209870317,0.00018632490600755953,1.1519903016711102e-12,0.4571619638928302,5.84277984431664e-06,0.32100983646344106,0.6789843207567148,,4.870131217735828e-09,2876544.7700962527,0.0001628763389754124,2.3448567032147117e-05,metal,metal,intact
3.9479170295107695e-07,68194.83415027964,0.03068302078588746,2562.3576039158115,6.628279798559313e-17,69565.5811540904,0.28600890575361065,28963.49741411249,0.0027872056544549755,8.472073487150775e-06,8070681.262752444,0.032622006587401435,0.05347256151157682,0.0878072069951456,0.43117166931313783,65.86543588150988,0.0004536244107810598,6.110559602824133e-10,9.654247612517347e+28,21418.536994629314,76072201636473.03,26589.238577770477,1.6645692736074952e+16,38015.76430967084,7.22392277626136e+27,30018.604987636252,1.4522826510323736e+27,620.635265816802,9.291967447702635e-06,41793.976687649774,8.145488108538145e-07,46174.466341027786,4.863211786689397e-05,89831.39964222396,0.0006109696650032315,36592.306173707664,9.692817657814475e-09,4.290587902237025e-18,0.1392214970474374,8.7461685004383e-09,0.3963295144335468,0.6036704768202847,,4.722019118987236e-12,1218.9473275946868,1.1739779287731873e-09,8.518839729041287e-09,metal,mixed,mixed
2.412969644674598e-07,72388.64062441948,0.097874323464996,46616.458359320095,5.957274151422047e-17,69371.43125847155,0.12644404313124236,64259.56032313623,0.0028238922164370356,5.318409718180401e-06,3676550.3525510714,0.05795452517612433,0.032516283015193964,0.03930009921144849,0.021524912732852536,63.126956619847384,0.00033045011960590437,7.720145743256292e-10,1.1003406923723343e+29,16115.482638418332,794728412038132.6,25726.46636746704,1.6101123140186116e+16,36706.47219422534,7.298634689750008e+27,38214.00715729772,1.0881356610298957e+26,851.270914292088,4.1785589805822724e-06,53815.160710091055,6.923274145434887e-08,9620.79376188559,0.00010192777754071325,96358.50775124898,0.0003110618239410618,23528.07605712607,1.1594986182836747e-06,1.1194322778360308e-15,0.2675011711689987,2.0440264854967672e-08,0.35818509881719796,0.6418148807425372,,8.240509625985685e-10,9843.904991914465,3.3307308357015145e-07,8.264255347135232e-07,metal,mixed,mixed
3.6803549128429836e-07,72599.8606410274,0.03795410544255376,46078.76649399859,5.5303366996749795e-17,70812.40000804458,0.23555509541891873,48889.18530576755,0.003613457676998293,8.033455182188012e-06,328231.2731742586,0.0026948649515937265,0.03162366658877229,0.0921913736821988,0.17110437497338465,47.72491362684507,0.0003553110517304772,4.537365408593304e-10,1.0860169613314667e+29,23651.91655471347,333409013262506.0,28635.894169041778,5.577485622243993e+16,35723.023024630886,9.730756863248399e+27,27615.461864029137,1.2873655730668122e+27,1007.6446825848834,3.1701382289604275e-06,56814.527473345355,9.684113591807095e-07,11141.823211260962,0.0001265620069509453,90133.98659560333,0.000825025075888149,21192.69010904437,2.69211051404133e-06,1.586243307917848e-14,0.3046595157611631,4.5965336318974987e-07,0.5547266748328099,0.44527286551382694,,1.040404645071037e-08,677.6123341197349,9.433220418972369e-07,1.7487884721440932e-06,oxide,mixed,mixed
2.304354392363666e-07,77338.63807167034,0.008717142940418173,37477.39284376683,7.402435334754184e-17,69051.30503840151,0.23943294686938948,143698.08224734227,0.004559161244735505,1.7367696320007608e-06,1802610.0610881075,0.08672711601904629,0.0080709598474146,0.009152423057906776,0.14434588983596694,66.25186823655817,3.291238377301336e-05,3.088314162789493e-10,1.101079869717762e+29,18298.052961448902,517923207468994.6,28963.73058948032,7178493530014107.0,39005.36536210676,3.868167954576815e+27,38465.92496436191,7.011699871610914e+26,1081.8252187615408,6.153910562478188e-06,67995.11554140574,4.399483377367262e-08,21690.019079163845,0.00013420587628144658,76478.57866779676,0.0007160096164594506,29915.19937810344,3.26685996460803e-05,2.4128530210654115e-11,0.15851736670555522,4.148767294033659e-08,0.0012299300570634921,0.9987700284552635,,2.061231896857787e-08,1797578.410922459,2.9268616680726173e-05,3.399982965354128e-06,metal,metal,intact
3.870436023497212e-07,63071.829753481594,0.06727388440939273,35626.550341735965,5.364443970734644e-17,70009.73339139778,0.33330395963449533,165616.31390161367,0.004334272863764081,3.467851477594702e-06,211883.21974821138,0.0517635554646362,0.05627705131493563,0.004427104470035442,0.11860212528693222,89.8240478819596,0.0001769449585855928,6.84045464173831e-10,1.0694123981285092e+29,18127.805044837503,215554062540234.66,28056.18329024712,9076608210974670.0,38244.06705076839,2.467972319905599e+27,28826.371939827743,1.9168033110354445e+27,1058.9072115091376,9.08319679384375e-06,43723.216325375804,6.659340774969893e-07,9879.372603954931,9.06899962917692e-05,99242.32874001996,0.0004058174837180205,11593.285703783527,0.00018606814410412212,7.902305735849594e-11,0.23602091429419866,1.9594042342595188e-06,0.015113954886674464,0.9848840857090913,,4.553233422175064e-08,204580.0660006144,0.00016483934830813175,2.1228795795990365e-05,metal,metal,intact
1.0005733753228782e-07,66045.22871793948,0.06290109928933421,7842.888211943135,2.7950664993123783e-17,69520.52513542493,0.32925737850154885,108941.53054673837,0.002550430751501363,6.77083458491402e-06,7121310.216387341,0.024648157349259705,0.018420363559497346,0.09919104160611154,0.1145913258929448,58.48125429220067,0.00021001761526919603,8.651035853108129e-10,8.044115998012818e+28,17196.626882391032,501435370751372.06,25825.777977785423,2.1393931292840548e+16,43542.334082472895,2.449849774490899e+27,35460.896577027204,1.5643642726983977e+27,1258.891056828897,6.34416115110068e-06,42543.48514465168,4.271648109488065e-07,31488.496069357374,9.701970407981206e-05,70927.9870234724,0.00033438869871731575,36969.728860006726,0.0019304276151368973,2.5439640391606712e-11,0.55441420774167,2.279149617240621e-07,0.15455765418255865,0.8454421179024795,,3.413608488086062e-08,4732271.906155752,0.0016058299288361486,0.0003245976863007487,metal,metal,intact
3.757673681207031e-07,65908.81423016405,0.09681312157734105,15193.920743935558,1.3271645882534459e-17,69808.04367784804,0.2615339156518425,36923.23328489583,0.003222015747642384,4.23628639020319e-06,7310873.978938643,0.08489798336864952,0.09447053681341495,0.0034519291760868646,0.2806314233781185,27.100202585152136,0.00011218093976330061,7.562535668598099e-10,1.0366530547909785e+29,20975.293641744942,790758778312922.0,27648.496311280836,1.028726191341536e+16,43758.8675279787,5.511009638454413e+27,24354.375215634962,8.797112464466809e+26,1216.9085024074689,1.8939268766108165e-06,41174.72570023953,4.830470777036092e-07,31248.084736318437,7.049802154635379e-05,77087.94145653068,0.0007058352301116338,12106.905414958805,0.0004983956306658322,1.7504692705174336e-14,0.5608126091731673,3.9140777232205844e-06,0.02758212361500933,0.9724139623072676,,7.116509773090015e-08,27.603568226820226,9.112241275560307e-06,0.0004892833893902718,metal,metal,pinhole
3.1668246324263496e-07,69679.52478560034,0.063492051691793,1394.5461314567901,7.771417724596957e-17,70969.83800095427,0.28051358414496924,131983.97129760653,0.004173866177664212,1.4762188310281602e-06,880043.6362152384,0.06717552434917806,0.010372792319521016,0.023305809919309885,0.3048771352454436,91.16709064064555,0.0004625400301498588,3.909415032735502e-10,9.571460199924502e+28,20302.723885192016,404835438918674.2,26679.383477408286,2.7604042310262228e+16,37089.83159001601,9.211083296294434e+27,24180.143422101046,1.4180841714920412e+27,1067.4511170531487,8.960917807366675e-06,45098.561506629005,3.3114205978522256e-07,18906.59189285259,0.00010989690412192561,99875.31563581158,0.00012089256932989153,25063.49569076074,0.0002126905811098372,1.4225556682796195e-11,0.27264363214838366,2.961912957166538e-07,0.020831944869269356,0.979167758939435,,1.5531692134782874e-08,839558.2947601159,0.00019079878274899648,2.189179836084072e-05,metal,metal,intact
3.8573246835689995e-08,72718.98725081327,0.013237510452862011,9001.181390544245,1.3398229098298342e-17,70182.97955769449,0.10946737844512588,35308.000196256115,0.0030542359201724224,4.399785990331869e-06,9630098.490571223,0.03372180454579841,0.028746285105858246,0.07439462339406648,0.1252886794676692,73.8147588321684,0.0002874091409538401,8.474532226335563e-10,1.1543070664643598e+29,15132.255928682041,412792770046858.6,28906.276268694346,2.0529190736563716e+16,48413.05237002496,1.8252532544318416e+27,37437.94078082715,1.6740103639667735e+27,1260.3016489434403,4.7907354432219706e-06,44518.03001652807,6.030455381832583e-07,36318.66560508397,4.99090433144518e-05,76735.86990793352,0.0007396497021323196,11706.09745984857,2.5027853582602024e-05,9.591758395547655e-15,0.6206407322615393,5.227327588510957e-08,0.3891218113036736,0.6108781364230502,,1.5267710898583453e-08,9312.173878732225,5.657987653573436e-06,1.9369865929028586e-05,metal,mixed,mixed
1.1211225838063533e-07,64205.86308416013,0.02904922508997101,32642.801726637877,6.237472699658461e-17,69892.38309467808,0.3841236121432609,117253.92102231071,0.004880138383910637,8.363093201808553e-06,6708881.878684963,0.04764240906523703,0.08486643058331572,0.09318854067909788,0.49068622308205495,6.004034030288207,0.00041692631891031924,7.954539559072716e-10,9.098585797550116e+28,15006.31664399122,711517477704582.4,25758.229737854585,2.4565035105238976e+16,47974.80130514891,8.419774049274175e+27,26694.06677136002,1.4654143377898734e+27,644.7010185987518,4.791988810244792e-06,41374.08161815865,7.186115458244916e-07,24687.98137434893,6.051847756889786e-05,71214.92943107097,0.00028779222874944906,6340.872896477838,3.846308097806947e-10,5.4849489188917345e-18,0.35396321209076886,4.029208455972264e-12,0.17547593848434453,0.8245240615116264,,5.424911638542808e-13,4128492.201007273,2.8527921799958405e-10,9.935159178111065e-11,metal,metal,intact
4.5642607785490284e-08,66390.38506659573,0.03433320247384956,23815.05707886049,4.209445799765e-17,70440.08870905501,0.28240907614094607,112020.53154710271,0.0008764480125114116,1.3564397788970519e-06,6226657.810997265,0.009773510862736642,0.04828240765503241,0.035004432664891234,0.20448786405181582,49.29026324690181,0.00013980900062980766,9.541789695708387e-10,1.092724555119048e+29,15220.165798018976,82618705967711.11,25954.52878515915,1.6063082230360152e+16,35234.56383050718,5.050627620551454e+27,22780.51063674277,9.972009580547506e+25,973.7465703177734,1.3760722504679029e-06,41514.805197413094,4.720455939920808e-07,23441.10531083612,0.00010563869382716402,83433.79020136176,0.0005819837440477012,9699.754856319472,8.514550903877063e-05,2.790520152102723e-13,0.4899483498844416,1.201738297252424e-07,0.14693068213226895,0.8530691976939015,,1.8643115183791403e-09,4370973.373382375,7.6032956107904e-05,9.112552930866637e-06,metal,metal,intact
3.9584057903756936e-07,67169.05893967753,0.04409884263160248,45815.99291602104,9.013903751056476e-18,69039.08171327389,0.25375317737196956,47609.069536088806,0.004679594169954674,6.31535478639767e-06,234192.7238791057,0.07965789354309304,0.08473648111144157,0.04662963008257334,0.1820554142253704,26.76151431488646,0.00023746816002635606,8.501069948077585e-10,9.120558027603624e+28,15844.473840728042,507101662127090.44,26826.028976707825,3.887337559965513e+16,39602.71609254322,5.701531426265475e+27,23707.056188724557,3.4378839962685526e+26,1208.9393950597823,7.79721726313039e-06,56698.18918521402,6.837339285952484e-08,36576.87346845024,0.00011819737101744793,90731.50251440848,0.0005039574986958965,17730.12695874559,3.393571194583517e-05,2.3607627298051527e-14,0.0736862981097907,5.440219147197266e-07,0.11730053911269193,0.8826989168653933,,8.615993535878074e-08,5.459497499311963,1.4203811547642901e-06,3.251533079107088e-05,metal,metal,pinhole
1.4312099383977004e-07,64637.40675020075,0.050236749398985515,31323.180561453388,7.654903775954435e-17,69519.2023350079,0.08407846020106523,25396.795121585066,0.004033536046222256,8.297896400981365e-07,7744419.504247011,0.029255113892970974,0.023866020963808875,0.07738246347761955,0.22626003859797245,99.48720685923047,6.31034402384775e-05,4.663631451077333e-10,9.514867110674156e+28,17577.56855276815,463218878153292.7,27290.576552373353,1.6591122381608072e+16,37582.330994993485,4.302333969630354e+27,32760.149876962765,1.6502741022467343e+27,1127.5438530578638,6.408359372840422e-06,46104.64755670844,5.886099215411645e-07,38696.93536216475,7.717582854610841e-05,97966.00764532856,9.71086768369629e-05,12245.684249007503,6.814601331505652e-05,6.005034297236713e-15,0.5320597016606244,4.571674000551696e-08,0.367518506814114,0.632481447469146,,2.05705281246822e-08,9686.644128941925,1.6891705923805628e-05,5.125430739125089e-05,metal,mixed,mixed
3.3259702709802883e-07,66326.01524296275,0.09411792768878523,43227.32768283771,2.649792341869466e-18,70177.77477571773,0.3816924752494748,119580.02599631588,0.004501383427483975,6.544256536747151e-06,3097810.347972861,0.08472673983347588,0.008470932415779493,0.01802424486162617,0.12688184888522855,98.4866847819105,0.00031397287289687705,4.58819955081135e-10,1.0343033144540402e+29,17622.505985364154,107523203331521.1,25872.803643931627,2703601346055035.0,44757.51199156877,7.434769914359203e+26,25010.480177892376,1.288887937215312e+27,674.6410195935731,6.544549264152155e-06,49013.00262496061,9.191553077169145e-07,46818.50361063155,0.00011892688142417031,92529.86695042254,0.0009124835646212473,28872.045947339815,7.740010667531877e-09,1.0983716961016726e-18,0.12836355794685228,1.0954842151307445e-08,0.07334361665422853,0.9266563723909295,,7.182708733705987e-11,38.545200772333196,2.616238619279411e-10,7.478386805603937e-09,metal,metal,pinhole
2.672305220040065e-07,72977.52523634968,0.029661175652413406,27532.254940139414,3.3078599524968626e-17,70105.27395618396,0.2812057147209438,74222.40361854117,0.0030926398940932863,5.026052283104854e-06,4606378.932007703,0.02079854251149738,0.03927016293220911,0.08384193128593102,0.35194418278568623,36.08613634985425,9.563717943768748e-05,4.4889017947921067e-10,1.191321832782701e+29,21802.41987300503,89161787693000.89,27386.52135898229,3.744957284919235e+16,38321.660270274355,8.62535637169503e+26,23111.131110314418,6.447089280686233e+26,847.3940218258224,3.0905572759231467e-06,62784.16917523186,7.071451978052544e-07,29849.399390405877,6.71057526141359e-05,78205.0181267428,0.0005367281417029043,22959.11923963227,2.3687749848505744e-06,1.8792935503328945e-15,0.39606246253543154,9.490219659572386e-08,0.5187281349161286,0.4812717701816749,,3.950731823346733e-09,4638.021171401822,6.652474917132465e-07,1.7035274931373277e-06,oxide,mixed,mixed
1.1340376279069224e-07,69831.72324911776,0.08196467166209845,43060.55468688391,4.414042798215253e-17,69742.04768002352,0.2515048817372332,87652.1951874411,0.0023344070889627245,8.41190137467202e-06,8233466.450175227,0.09602954576910484,0.06633915676589024,0.08850227826706551,0.29668754657445934,71.86808351067485,0.00010293253774984744,6.399333020799386e-10,9.551621088589742e+28,17664.84729254667,557701219282043.5,26240.78947210968,4.83216763933442e+16,37598.07079939003,1.530490276544762e+27,28934.01150922323,8.246019773320951e+26,966.3083525090292,1.3199502115703143e-06,43502.532434814486,4.7593619460625136e-07,31779.45165275047,3.774158392748561e-05,77704.85847031351,0.0005264464709303729,22923.059107613768,5.054841309228429e-05,5.667279563598247e-14,0.4706780166700177,4.2448808335045585e-07,0.3232385398170845,0.6767610356948321,,6.013869487883162e-09,65963.46459802226,1.3190043087267235e-05,3.735837000501705e-05,metal,mixed,mixed
2.2681947349956077e-07,65470.30334974028,0.04910129003491156,40684.56101381994,2.850644894038903e-17,70950.53849534993,0.08881020354923075,55489.81076534422,0.002590072758765979,8.042279016036289e-06,6668134.407465796,0.09271278037092813,0.008392083821908902,0.0803394585787878,0.1290652179791891,58.12128424279759,0.0004177847482586513,3.330988359173686e-10,8.421661125654955e+28,18225.22735578772,464301589674449.94,26155.54762364641,9456008328684258.0,46504.322307753624,8.143294214726349e+27,28341.111761712076,8.034338922438396e+26,803.7262577713366,3.6841438002150584e-06,59385.22114696345,4.5848425301863105e-07,6141.706368668973,7.992092493615785e-05,76194.67448164715,0.000850433615308117,8102.72874159877,9.860784111065057e-08,9.989819481283777e-17,0.5809743889766084,5.660317855541655e-09,0.30192636636891323,0.698073627970769,,7.622337368922276e-11,28027.570540338813,2.4559063070550547e-08,7.404877804010003e-08,metal,mixed,mixed
1.9215909622558115e-07,63396.00754062965,0.0798171258820161,30742.531858763927,2.836206120543099e-17,69556.32338003632,0.23443924259954974,51363.06939680708,0.004050975804295772,2.7941985097109455e-06,8339728.105171643,0.06523165118944065,0.04698466481765194,0.014771746631413462,0.17171619072815184,1.022496633456693,0.000462263823815325,4.3295551564029595e-10,9.18779545021937e+28,23256.780798611453,788719658730491.8,26525.20497884901,1.2378187225157424e+16,40604.47581583247,5.439026085520281e+27,35374.17959245862,3.9375047618266636e+26,596.4653429295385,2.596893278460102e-06,61967.48604499411,2.199004885475011e-07,26124.429118037693,3.718352394619685e-05,79735.92056307172,0.00021832949038317056,19727.940477682925,5.915246492989755e-10,4.1537769712824325e-19,0.2037886487039983,2.475679938444988e-10,0.5511477737736712,0.4488522259787609,,1.2541210062473683e-12,132272.56974448237,3.2761751787185404e-10,2.6390713142712143e-10,oxide,mixed,mixed
3.221182387502006e-07,66370.8637677108,0.09960510325054478,21781.393012237077,7.988120546493587e-18,69160.44364660436,0.3445205639500017,112958.15449240098,0.0010572293189263717,6.040400372693587e-06,5917328.274397079,0.008715495722295994,0.05699398659427501,0.012151982286037538,0.14887641181830638,46.45172529330535,0.00025389931604263084,4.0878960517156495e-10,8.239067502272428e+28,18233.496805078816,342300387769458.9,28476.34805016411,3401742757532104.5,43671.61343742219,7.56595526781063e+27,33536.80220072689,1.1678526420020174e+27,835.3445124662297,8.201524999760215e-06,68272.68668896968,2.932614442920883e-07,5914.512069843548,5.5387859919232694e-05,97671.12184389973,0.00047141425042861363,39590.474933171354,1.145129208468144e-06,1.5373365328172306e-15,0.5172296882665132,6.763629787727851e-08,0.6946849443629106,0.3053149880007916,,2.985150390568695e-10,3372.6286079687407,5.573493228819064e-07,5.877798855862376e-07,oxide,mixed,mixed
2.734063691531574e-07,61788.33408206165,0.02097381155792495,30959.580656059225,6.961599131317621e-17,69068.11897338436,0.3676100121138795,113642.35493393299,0.004546933381070943,2.995925861576241e-06,1278498.585482555,0.06700529839097734,0.08997847343774149,0.08711941710795723,0.3505868966597572,69.30922347307535,0.00012384381967249963,7.410356108481478e-10,1.1278468794162523e+29,23411.994526622704,812743643602492.9,26932.812185297134,295758405849486.0,40072.04523428561,9.195403619132634e+27,28583.60368743634,3.909247613840599e+26,575.1159627097207,4.126003304249564e-06,49822.28202173639,3.99737553885148e-07,5959.327960302281,9.553324021819422e-05,82402.07982350826,0.0008709893669341486,19796.079097094764,4.811981946778938e-11,9.870562732102332e-20,0.3234474581350359,6.366495948158723e-11,0.43732512634623855,0.5626748735900964,,8.134346227972318e-13,58183.958468311816,2.215612382378889e-11,2.596369564400049e-11,metal,mixed,mixed
3.2597270385140677e-07,79735.01959169202,0.006368576595242621,47875.857387760174,7.195792429749429e-17,70101.40677480768,0.2972134342333422,38111.21702098816,0.0027466837054152147,1.7788021114382525e-06,5796721.37344715,0.06101755066866896,0.0018076119187375938,0.09958358427815796,0.4711002658846165,14.281444826434923,0.0002681929877128742,3.7974625647468873e-10,9.65039029469513e+28,24340.864282350474,131440812127178.34,25588.864985130956,4.85394257377683e+16,46698.01965620742,4.859785811750282e+27,32417.064383589557,1.0095705750277685e+27,979.6055922259186,5.297711506030977e-06,65218.36011360687,4.226803746361672e-07,29632.331443384086,2.9846737655454526e-05,92757.21808569643,0.0004346799382413779,13878.654365421235,3.5993106381650743e-06,9.08367793181842e-15,0.4321486220275424,5.325070510492661e-09,0.22227942915919147,0.7777205655157381,,2.712505198237043e-09,3036572.533365187,2.849430371705583e-06,7.498802664594912e-07,metal,metal,intact
8.40147580524066e-08,62966.87612896388,0.09711367434207502,5674.72803855347,3.098134631797884e-17,69362.89734124031,0.26634921323299576,68178.4170289791,0.0027016340371975997,6.609240241226282e-06,7085700.482943045,0.09953607795221185,0.002697188768234159,0.07374425093875048,0.048066556287225566,85.09629299926695,0.0004866283032087342,6.13752519715724e-10,1.1137067284129424e+29,17832.055584060545,670734167160222.9,29580.091815563064,3.567310535351726e+16,44926.88491448572,2.3585007240960205e+27,32566.251508686466,8.26948457445063e+26,1031.6990995620495,6.3760585920530755e-06,57835.14206341119,5.443248117255916e-07,9731.190035637195,8.940556313176424e-06,91215.35410281422,0.0003968834857041981,18015.42239199076,8.147670159703621e-05,4.2479756689419774e-14,0.6149712203934589,2.220116304803302e-06,0.23274721321643796,0.7672505666672575,,5.011955206701496e-09,10265.30019996551,1.3562616295620407e-05,6.79140853014158e-05,metal,mixed,mixed
1.5509600673145149e-07,65264.517029675626,0.09143149920424641,24825.919060322478,7.628968250338024e-18,69109.84992494542,0.30879294211882613,157719.6763832034,0.0036715124662520483,5.99263247102098e-06,4956844.935623525,0.0001026672312349717,0.02749009200428871,0.018623872880436463,0.3084160548052765,13.936189959136279,0.00018437843713754954,9.418048752675992e-10,9.378602091752302e+28,15728.1925938556,490266222636007.75,29848.879654496355,4.229799840618029e+16,37760.38555657363,6.560677334412189e+27,24813.13101303992,1.741282470708993e+27,1100.78189561734,1.4551402049382918e-06,48651.89511540174,9.092432543376326e-07,22190.475031826274,6.850247559639811e-05,80112.43302648529,0.0004907099935426889,7344.110664463789,0.0005248514476373431,1.6092539817544144e-11,0.5894126044439478,1.073905674493024e-06,0.08280776250780134,0.9171911635865243,,1.3554246071297876e-08,4130128.756316579,0.0004989162636168887,2.5935184020454407e-05,metal,metal,intact
3.580329597653433e-07,77753.65445155516,0.03654932025267078,43170.64319467333,2.7468380766684156e-17,69278.80567867999,0.08791795211683445,86273.62780009957,0.0012267894239699866,3.298991170880151e-06,5880180.450783983,0.08350155291411401,0.027366750912781797,0.05635796963433282,0.4934410085006744,49.803206660153045,6.632601197854472e-05,8.072528545360884e-10,9.758067851482382e+28,17176.859876565744,592884263639756.1,29138.487665179848,1.5756382552176752e+16,38071.752960374004,1.906093970495132e+27,28615.921989180835,5.4346733042801176e+26,1186.0170536248097,9.416176398232095e-06,48684.8311222963,2.4112863538783496e-07,42136.95522589,5.812091225535056e-05,78375.25050926184,8.421566228877315e-05,8217.791728900793,0.0012980782022881685,4.030442464301309e-13,0.4011382962845923,7.37218657060044e-07,0.2783047146194937,0.7216945481618493,,1.390025325030045e-07,6242.330507611375,0.00023869051293942838,0.0010593876893487402,metal,mixed,mixed
4.278219662661551e-07,79702.73357418395,0.05152371692461924,34458.5828844579,7.306585211901151e-17,70779.59910338566,0.18765334909184944,44329.76590049484,0.004341648027223212,7.448113599362236e-07,6797270.113695431,0.07630223496469636,0.062308036441868955,0.05604613211585932,0.21845375816038481,30.98214229979647,0.00048229849806918007,9.015731784585477e-10,1.119578027646345e+29,20509.440809387866,327479971741183.94,25920.499773596057,3.512006196501162e+16,37520.75518769355,6.999536550100363e+27,20313.404065107028,1.894987605277172e+26,877.7113027185613,2.10870459564853e-06,47226.677572002474,4.7486899424328895e-07,17647.52645933044,0.00012622940321452375,93467.10316391817,6.0597949973420595e-05,14929.758393233406,5.599135762244844e-06,1.6628691825238556e-15,0.5076565674304553,1.1956403504492103e-08,0.45419642519793424,0.5458035628456623,,1.6721196805932445e-09,608192.6832623563,3.285679993179452e-06,2.3134557690653917e-06,metal,mixed,mixed
3.435353986215415e-07,77604.3115088922,0.006706765263916826,5208.257657275085,1.3802516801641793e-17,70781.1047816539,0.36052727732152967,30189.719289396337,0.003843365629962977,8.785813383313981e-06,5563471.09709245,0.024102467770324522,0.007837998023405988,0.09537986108912164,0.3449454596470588,92.96668661629853,0.000318956851232953,7.864933153233879e-10,9.375699393846426e+28,17992.49802099306,747830117459473.4,27743.7732596566,4.369376706369541e+16,39763.0988786614,2.7879812635725236e+27,32221.214828367247,1.49541885221702e+27,589.4288606217224,3.032542646096295e-06,51232.04015030503,7.247753151774303e-07,21352.17044669778,2.1431948187630532e-05,90543.98098629987,0.0007304624882454115,33884.54882018705,2.9364413877721077e-10,3.851910113883221e-19,0.33398719717922976,5.187332472749956e-10,0.37620064139236475,0.6237993580889021,,8.411571732748036e-13,13496.954284568257,8.580996057558094e-11,2.0783417820162984e-10,metal,mixed,mixed
1.1746497142040943e-07,72996.58017842376,0.02278484348697561,35725.216703048995,3.0934883266494807e-17,70647.346325508,0.354999007832279,157642.12261966083,0.004975210949115563,7.774757767245364e-06,2069926.5179450745,0.0398487688661506,0.03979913136479474,0.05258416377149868,0.28419692372517485,82.71520235651244,0.00020821322900851734,7.433448783290278e-10,1.1345986941221865e+29,21966.078475005357,94339579672764.48,26447.428462536118,1.9108029609481096e+16,40804.295648346895,7.518183107784925e+27,36030.550022992684,1.3426323605774566e+27,1035.7315736602454,6.983053121714062e-06,40677.837028266724,9.76793734207559e-07,17260.193580524385,4.690917153416049e-06,74606.48887228218,0.0008438892511760331,29236.422848102633,1.1939452883878998e-05,1.2366906794397142e-11,0.497341756375256,5.439120044132203e-08,0.003216961014115462,0.9967829845946842,,3.4314833394336144e-09,2054773.2774467207,1.0356413892676072e-05,1.5830389912029258e-06,metal,metal,intact
1.7970260139898398e-07,61601.87132771218,0.08771822611488199,28273.982119097986,2.390701217721071e-17,70735.38904928358,0.15303587323257567,20734.424115775964,0.004710608021447266,2.5962025515104765e-06,7176012.621197049,0.03323127092871245,0.009269504687306853,0.08369872803024747,0.3100438223627678,51.23628871833011,0.0001328188111853201,7.333627445013548e-10,1.1413118610719905e+29,24584.732311277367,530382920530617.5,26753.890318235826,5.847551119874878e+16,46542.777767461936,2.4261322097716726e+27,34277.49233373022,8.693494986091053e+26,734.9483555250675,9.097742886820944e-06,59277.746226530915,1.336066720084368e-08,6119.646622336304,0.00011321889022270104,98712.14018351224,0.00021568412997281244,28493.218365770535,5.807182699081472e-08,1.451233665972215e-17,0.19056435292753396,2.3234662753531624e-09,0.41167661048144344,0.5883233871950901,,6.953857417329224e-11,5089.3053021170645,1.2736106889900055e-08,4.5335720100914665e-08,metal,mixed,mixed
4.097476057815948e-07,70482.53547167507,0.03720476245168216,2278.9193866368405,5.3320600478286564e-17,70086.33851417415,0.15457947602662583,81012.27893286818,0.0043092237769270895,9.402201607459243e-06,136346.29117428127,0.010041747932710532,0.011904727462201316,0.005033203837077697,0.1748627743409194,35.11460879503686,0.0004021377265993714,3.116189340340904e-10,9.797875720828287e+28,17592.002318225223,313075303058004.25,27061.38090047614,1.3962744747472186e+16,45026.33819351207,4.798306014817011e+27,24437.92367335943,1.9308172386165245e+27,762.8565897016804,1.5316769133533517e-06,63856.51316776726,8.070440607193348e-08,37606.98617295727,9.31956070572145e-05,94322.2718556584,0.0007475862457257066,36472.470647798626,1.1398784053096914e-08,1.9835545410933791e-16,0.02133193779852508,5.694778073114436e-08,0.696270580674104,0.3037293623781154,,1.022557027681233e-10,96.67814882727829,7.378380857201505e-09,4.020403195895409e-09,oxide,mixed,mixed
5.9183285629912737e-08,60311.11938856057,0.059709791607283964,14872.822012218714,1.402172805865147e-17,69741.18027836183,0.12712393317143003,103186.1318854717,0.004905095091085495,4.989167624857825e-07,8038228.160088009,0.09941813616607564,0.09168350807590026,0.06859824755470757,0.21571628775831872,2.6913971079588714,3.871720072919989e-05,7.843242083035068e-10,8.23485434643963e+28,21846.42446535601,143055716390316.5,27318.622162176514,5.2918758772382616e+16,47955.56589384838,2.2980823922736337e+27,26754.305230621438,6.092412957823299e+26,890.3311626411904,3.6461427271312607e-06,58738.13868068291,2.1505222280456017e-07,16668.976470704103,8.599789989439795e-05,71044.59426574715,0.0002935092942411743,5698.437229986574,5.284092552868641e-06,3.3672393877356757e-15,0.4416109430801913,8.343577549933172e-09,0.19438402979436684,0.8056159618620556,,3.3267210662916186e-10,4428265.891529059,3.652433567205716e-06,1.6316589856629246e-06,metal,mixed,mixed
3.9306384037754287e-07,75068.37756511247,0.06638588702845862,32896.04245639975,3.188524455195591e-17,70611.03134745418,0.2756230423746315,113131.3487078435,0.0010273177830551537,1.460582782681334e-06,7182813.954447973,0.09627434084697321,0.034948740763445195,0.05476582408980873,0.011333956081792261,65.69839970126722,0.00047232482433971664,9.322152565867576e-10,1.001995499806897e+29,16290.83082774692,528150394552409.56,28719.501484114047,1.79884668672576e+16,42590.422485561154,2.965691747124726e+27,31601.09050695508,8.738313986768301e+26,1131.1893544584893,8.219180025846995e-06,55610.742727270816,5.079412466639481e-07,37278.85265689276,1.9563247979537446e-05,87519.99029087242,0.0008389674464493437,8774.728704309795,0.0046612182963544566,5.245157388617787e-12,0.5114227729762034,4.367173367349885e-06,0.3089414854435264,0.6910541473831062,,5.407141229659042e-08,2349704.555748358,0.0033530321769984525,0.001308186119356004,metal,metal,intact
1.7518141882103011e-07,68883.07953358098,0.08234210378336157,5511.134654578005,2.278632101858753e-17,69289.14497915158,0.12200554646862644,37353.56121631684,0.002006465147972556,8.687097927772428e-06,4246205.425288069,0.02522821255498766,0.09024996500437542,0.06894002776115518,0.1715123724811843,87.85594017260082,0.0003411405381098549,8.42050700035577e-10,9.999680143614231e+28,16032.489206992574,614446160767883.5,25557.263858725564,5.4966234017501384e+16,48243.39126444601,5.127968398049078e+27,28801.930009658274,1.1616901573163722e+27,652.326245102645,1.9693317986771117e-06,55019.97457034975,5.903313027544582e-07,14679.168251393388,0.0001306224431351946,78644.58494755397,0.00022445219734721538,31145.03989083315,3.589371382104374e-09,1.5195508447919701e-18,0.41340648869802454,1.1423765263894178e-09,0.40605997798710447,0.593940020870519,,1.2381170079762109e-12,128.48732237670512,2.923636318659965e-10,3.2970077502383774e-09,metal,mixed,mixed
3.3599784060792464e-07,77066.18874652151,0.022652296537447925,38162.35669665896,4.992248505591174e-19,69641.58371740721,0.15701912989390154,137759.26302988766,0.004816084789290418,3.585911208743181e-06,6024861.8117958335,0.08960763370704836,0.05016747217393835,0.07346309107849765,0.3164898985146466,9.843729454859957,6.214273373924298e-05,3.2457229843537495e-10,1.1105135521962229e+29,20428.107343880318,679077793120960.1,25256.434462067817,731430710023417.0,49129.203622359084,7.834472751034774e+27,30312.01832710211,1.3324419976488947e+27,1109.4423294555718,7.84625599234814e-07,48490.00039505669,3.265901523267791e-07,19641.97230916864,1.8413682952548638e-05,79419.62659868489,0.0003233014195207291,13261.330695492188,5.1640080875810504e-05,1.6846374791347335e-13,0.5003529299946089,1.056522937784843e-07,0.29799929145347226,0.7020006028942339,,9.771513679420223e-09,2171536.2583436593,3.6288485979327285e-05,1.535159489648322e-05,metal,metal,intact
1.6924956368760614e-07,73206.58148521457,0.03134275286645471,26521.181242421713,1.8415385251584063e-17,69107.0989872256,0.12937211564815704,36523.72517954781,0.0010810680864645483,6.901886068679056e-06,8221577.295081541,0.003074175471243986,0.01871761525439082,0.05225901968893069,0.34163098560773353,40.40078229806287,0.0001830172408678393,4.6481450514093026e-10,8.757959551167972e+28,21174.029577021134,653965378380483.1,25252.459062907066,1.7222734293825768e+16,40724.512992871554,4.578814790983015e+27,37190.527237896305,1.6893910477951844e+27,725.6865913873696,3.281320777054707e-06,66822.43495758947,5.603399139988112e-07,24852.499705830513,3.763807298872812e-05,91016.19619958942,0.0008122997280826075,9741.831783926353,1.01739703043187e-08,9.380772584325974e-18,0.4073532520935036,7.295455857755671e-09,0.7206624410895227,0.27933755161502133,,2.223238990250459e-11,1272.6925662945807,3.563962505928964e-09,6.610007798389736e-09,oxide,mixed,mixed
7.65863329557337e-08,66905.95000399472,0.08617309354939694,16680.768688836884,3.571210677097549e-17,69120.54068194106,0.2502347894276874,127023.87258815192,0.0018010847572367018,4.389952235887438e-06,1232963.8748880175,0.048024590690675495,0.08780543892468914,0.06119205822572589,0.4378196265617777,83.4341299242659,1.4340210350620055e-05,6.720717709318456e-10,9.878126070153989e+28,24020.97213216427,720949659862672.0,29164.038345675734,3.912826192236672e+16,38307.70506586022,3.156959692519866e+27,21001.437006709726,1.1650527722203903e+27,962.9465306310444,2.9659149321494562e-06,67237.99593663504,4.332087010351626e-07,45017.454973846754,2.1565132575394393e-05,71185.47267028864,0.00039473497780487726,32825.55501671122,5.0251320855567664e-05,3.4213499886918325e-13,0.188890120188901,6.693185566102623e-07,0.3892720651442191,0.6107272655372245,,2.6047762293978155e-09,300716.3980247902,3.5235590559924284e-05,1.501573029564338e-05,metal,oxide,intact
1.4798704415343024e-07,68711.69094790297,0.0954626833114452,1978.0012543693842,6.672131121837623e-17,70804.66065119937,0.17447588922148144,23962.035189696497,0.0011997028795969872,2.3536847827279944e-06,4731452.240037496,0.03754313057083838,0.008902812129937617,0.02694978146419839,0.023000116693201032,1.2437258457948874,0.0002669261074387177,7.23997297645936e-10,1.125513577409097e+29,15770.751394079321,644216738276607.1,25177.043346886832,3.733613715982772e+16,48882.30420350664,2.7738161640401285e+27,38483.94156893686,6.582115804029266e+26,940.9226214960756,1.4866797998828652e-06,66215.79036471472,3.092003598202572e-07,20917.179193603348,2.9473407226796955e-06,78425.82002398866,0.0007173049064850952,28006.592536694898,9.66158190383977e-06,1.4469280167679191e-15,0.4081468881450364,2.3205257899309847e-05,0.1647098147734388,0.835266979968662,,1.3416110070480069e-09,174.17638391497906,1.2315390654243643e-06,8.430042838415406e-06,metal,metal,pinhole
3.777991558246506e-08,69312.9215848429,0.044412614019626186,32188.289111982107,1.2523207548800544e-17,70403.2518087427,0.3856156899893548,58503.10054293386,0.0019451902569130322,9.235960795167958e-06,5692552.0220023,0.09442941863524369,0.09258340170422567,0.06364188072653867,0.20604116256993843,64.59908687085169,0.00029443936464350736,9.138378773905451e-10,1.190314931772826e+29,18170.350860937437,360781127325933.0,28343.686388964892,3.643402485806317e+16,46127.25435617933,6.351143139552636e+27,25529.00945305721,4.4481757808523126e+26,962.2752475692416,9.804310926336006e-07,44554.29307537144,6.953198009586442e-07,17793.79493393653,3.8744246968662856e-07,76405.84721880763,0.0008546707864738293,19072.34976321945,2.2845202484404322e-06,4.91249236160036e-15,0.5585208381301584,2.2666215378107614e-06,0.3983963045160788,0.6016014288623834,,3.289038467794169e-10,116726.92055708374,8.15414905331643e-07,1.4691053431087892e-06,metal,mixed,mixed
2.08667749858946e-07,68940.64869479698,0.07196211868962689,16235.641038111547,2.9874087310991894e-17,69464.23104238736,0.18007675449704602,71104.65257424615,0.004756646606513228,5.513606418860521e-06,4030888.712859394,0.06699515989808595,0.01679218532710752,0.05001095649321483,0.07669908294609783,65.3668481602382,0.00040865458406929536,7.611478882445125e-10,1.0226888156003956e+29,19272.55821734263,202795407699593.97,28881.01284791668,4.0461006751978056e+16,35555.35955533292,4.100163373353886e+27,25963.577467000818,1.1731448651502073e+27,1003.0960692943518,7.817622690640964e-06,60658.24588882734,5.487006131073496e-07,46711.978594228254,6.985539389387515e-05,99032.94197145564,0.0008657609056213785,28122.781026422952,3.230040241479259e-05,2.0949077172457364e-14,0.3378732009756687,5.965088914222501e-07,0.3029363688764899,0.6970630346146188,,1.1494571229594609e-08,3645.9933788956737,6.4091486585005705e-06,2.5891253756292017e-05,metal,mixed,mixed
5.4834506414592526e-09,73805.24829900214,0.08795989104088472,33780.73880484472,1.1794695999815255e-17,70427.92474901373,0.20339567895817423,38641.792483881225,0.0006903109825410131,2.4802532903687752e-06,5530421.9352678945,0.0333683823206954,0.02649580765718184,0.0841031947019798,0.21020839594106214,1.983658042447362,0.00015080609516521137,9.369320636382212e-10,9.786675118422258e+28,20839.42041007564,397729786245505.1,29501.731751456748,5.3139495927603816e+16,39473.978036050365,9.989454339716194e+27,37056.16283501312,5.6755131673219096e+26,626.4210351344923,3.971462742387452e-06,65230.63078180498,6.507756469305732e-07,6019.862947099716,0.00012610270171111755,80926.25131320005,0.0004932662127880219,9134.541501652533,2.1558125060991943e-10,5.598136657302865e-19,0.5708851457403636,5.032469363465868e-11,0.34008309374701634,0.6599169062026591,,2.626279715934351e-14,2099722.90361928,1.754088170741888e-10,4.0172433535730636e-11,metal,metal,intact
1.1014836627006659e-07,60954.73046435404,0.08421641880857171,37709.6622064099,7.60600547653097e-17,70914.20872361833,0.09586567686935775,104468.92212689223,0.000942027335188057,5.650733235423601e-06,3549285.9463010123,0.02491532681154514,0.0385955863956678,0.09744380704749189,0.012316227361000572,21.189093959811796,0.0003809289637611758,9.741947707309763e-10,1.0717841898111767e+29,16526.632380285104,718308124808837.0,27376.35013684109,9367950223029832.0,43173.88538796042,7.257536630874219e+27,33249.32042294438,2.1151106588722445e+26,716.3882389646095,1.7203793066121354e-06,54719.93638806521,7.646395996229588e-07,30590.405645981096,0.00010276848689335487,88248.10485486199,0.0007085280294026619,21418.964015407568,3.667747572060483e-08,4.864870127287015e-17,0.28185082390433763,4.198708570247677e-09,0.4661935997952005,0.5338063960060908,,1.641926725457482e-11,19844.280089998992,1.2597394780358158e-08,2.4080080940246673e-08,metal,mixed,mixed
2.6448054394632295e-07,77425.2166519885,0.08868931170156394,40243.31245745899,1.4456250997785963e-17,70568.55189955462,0.3624583410744294,129661.34398482318,0.0046857070020668995,2.9561430562808243e-06,801465.4682651933,0.08835803779882495,0.05846470286795953,0.09677279262299975,0.40947458399978653,90.39397439390417,0.00022105180722140403,5.98715010819331e-10,8.296613968821497e+28,18846.109678191133,429601559075067.3,27923.89045596269,5937227740273076.0,45040.34580900771,7.339139581614001e+27,21970.384522085766,1.7084499851349208e+27,712.4896041821067,7.594341328338825e-06,67888.7202909907,5.1932942939124176e-08,21055.8643734792,2.960700083587019e-05,80840.49032517632,0.00015923976977687257,6589.071672935497,4.528158753189777e-09,3.803515979195386e-17,0.07000470695514378,6.647974645454203e-10,0.2517141049774445,0.7482858943577579,,6.305021150176665e-12,336398.02532339934,3.071633316945642e-09,1.4565254362441344e-09,metal,mixed,mixed
1.2978742290084627e-07,67300.14028876006,0.09599268363099007,29610.21108561702,6.992861595748075e-17,70514.75192903522,0.12266106607522832,110140.08287731554,0.004371759611476617,7.324804871580617e-06,4292098.835189111,0.021534569044146554,0.009640073155502873,0.03682284493056591,0.25671919066160187,86.05283633523852,4.6996557478095196e-05,6.231622954407533e-10,1.0360715582768432e+29,16805.863847463006,691890173329472.9,26170.11028033655,2.7268410668536988e+16,47755.230574925896,8.599190795196197e+27,37448.32557725448,1.0918413711219374e+27,690.1981065907228,5.166009294610428e-06,67352.23651526388,2.3162700252367054e-07,14647.850327635853,5.2211587137223584e-05,85027.34057565194,0.0006756631347102187,24366.797685092984,4.053684926497213e-09,1.915977008991218e-17,0.3237748136498559,2.5095758711950125e-10,0.5601999927575556,0.43980000699148675,,2.2461665906529596e-12,480219.6161322757,3.3640717596969363e-09,6.896131668002767e-10,oxide,oxide,intact
4.60448987529497e-08,79124.61301100234,0.0031892950624999006,47589.20594388897,5.787356820503326e-17,70698.576449093,0.25703038586695914,21995.705690564126,0.0027790827165823273,1.7571766371439113e-06,5290001.087962881,0.08219836439535895,0.09038520348366494,0.0966578784513138,0.026746307766594812,88.53621080399199,0.0004484235061615802,7.739810564599557e-10,8.429482513046022e+28,22359.0808560069,770657487287204.1,26683.596434311858,1.9303933070039744e+16,40354.94801356889,5.46207486786653e+27,33213.19959300329,1.3506076865879118e+26,1189.3216931225725,4.854652276912347e-06,57736.2496043839,8.730951693603287e-07,34253.23936074735,0.00010911930427228717,76098.55158918884,0.0005701670104392864,39381.0277904817,1.22929835627829e-05,1.974690145555213e-14,0.5749873734243472,6.91697873953905e-09,0.2534641293645873,0.7465358637184342,,7.564688164612004e-09,1883264.4871716588,7.625276979169558e-06,4.667706583613341e-06,metal,mixed,mixed
2.6855423010850746e-07,66351.10772503159,0.07370040696375532,15558.446558592936,6.902698155533776e-17,70158.57183059212,0.31119395273310557,109538.64256798435,0.0015673218529684977,4.2883473083158325e-06,6513038.713143845,0.048216755248759964,0.049673527903460205,0.08099073794428874,0.4448778178198999,44.649220456231326,0.00016042757760599045,4.805107394322081e-10,1.1535783983918178e+29,18866.280826291768,646554509015346.5,26463.58540531527,1719537764890199.8,40628.35565724601,1.3794488725317186e+27,23066.93504996522,5.94175736295383e+26,1093.2615960474936,3.664927207194044e-07,42821.631459225006,2.853052236051511e-07,19520.325279746285,6.237793536829146e-05,84041.14567553783,0.00013876694764361667,33010.53803369804,0.0024779020780140173,4.9326197113533724e-12,0.4880117085378218,7.436008943813863e-06,0.4662113462140826,0.5337812177769736,,5.868702081921408e-08,714119.7844698719,0.0015969270058979433,0.000880975072116074,metal,mixed,mixed
3.173901694281168e-07,72547.05164091926,0.028729651451400627,37281.32961939757,3.839755048485979e-18,70923.92479586783,0.37523021605269075,149309.2085448957,0.0015054324983848478,4.474793501065848e-06,6465173.59368606,0.0034195747054901757,0.016703333945975785,0.09603947108113402,0.36812139367731733,18.535709438241593,0.0001776896079964159,3.6065951410264633e-10,1.1113944238103735e+29,15031.445241888661,751203536588550.6,28264.9092720082,3144667789271459.0,39556.83190734006,5.362936815316777e+27,26946.54769221393,8.005338284019153e+25,1249.8163055474552,6.741161121919438e-06,68134.81887239177,7.530790872715113e-07,9835.8631589705,1.5685901938321816e-05,73593.63579856102,0.0001768812476325094,28926.27542572757,0.005608870685322474,1.0829106102777948e-10,0.6637488446139689,2.048987578594697e-06,0.07794644727671987,0.9220515037357015,,1.16266443819052e-07,5352665.820079709,0.004908477881470984,0.0007003928038514899,metal,metal,intact
3.883890745519949e-07,78348.03344011835,0.02470069624274602,38675.228637228945,1.6913648546270517e-17,69829.28502905364,0.22611476026407357,118880.96507116948,0.0016033038287852582,3.899614349889114e-06,4721916.570873448,0.05224029879179773,0.0644347697844987,0.06387113165323184,0.3190636399035055,50.41132178008962,0.0003768921845660195,5.122274997965976e-10,1.1771048947639495e+29,16515.303995394184,268817422795921.12,29689.52046275759,2.388090475436715e+16,42012.28215395418,4.195224028167543e+27,26850.304713630478,1.1345338363052246e+26,1071.936564317748,7.133301463079377e-06,61657.755384245436,8.71753435096841e-07,20382.540583317306,6.885708629845316e-05,86698.85134373985,0.00025500643647169766,19497.40237834207,0.0003124451834658216,1.0777000975722627e-12,0.5790734494508867,2.6673486598411313e-07,0.3546134024388315,0.6453863308263026,,2.6258336055086434e-08,1373059.8917471308,0.00022726690772726497,8.517827573855662e-05,metal,metal,intact
2.0368042586999716e-07,76754.96359203188,0.09747482766440332,23286.413986178217,8.767363338127161e-18,69610.44327600715,0.22068966963074788,66015.1461283025,0.0015947149493180713,1.5661612943246338e-06,1751567.7400815608,0.03792475542316044,0.011345813409907665,0.01855165427324798,0.3192436703174358,48.319060353137985,7.609067522614439e-05,7.294239321992343e-10,1.0791064242164488e+29,22188.88899543076,271734152979942.66,28839.89813390392,2278232809374550.5,40178.39010590152,3.447145100892376e+27,39583.94762716793,1.4200656451295247e+27,1110.8798380256699,6.68023475990333e-06,69668.59037041757,6.439268577200308e-07,10403.075655067803,7.466981579412712e-05,91881.28663609535,0.0006936268721914527,16915.59072085398,8.548175657274379e-05,2.7294592266743233e-14,0.4706400008401633,2.0296575661056e-06,0.32579002800764895,0.674207942334785,,2.1456431661278412e-08,475.0080274367229,2.1146160829281832e-05,6.433559574346195e-05,metal,mixed,mixed
1.0122708657007386e-07,64032.51941960085,0.004989620313938311,45663.953671028874,1.4873208324877256e-17,69625.51426470654,0.08213211654808435,33455.1906210664,0.0017292667799445583,7.80255908928796e-06,2202960.537278158,0.009839375229332923,0.04271630606181769,0.05863407989530816,0.3900015076466811,91.42757730165084,0.00019426975272160445,3.1421145009814854e-10,1.0959519773003512e+29,21284.76393121333,190908721816504.75,29157.94958546983,6956905229844768.0,40314.88935019693,9.075111628364095e+27,22132.854506293603,1.4895030834958545e+27,636.5343879056128,5.1842535704023944e-06,44383.36858689401,4.899995640824909e-07,5182.020977872655,6.509445894825573e-05,93043.82153367202,0.0006558624659887099,27201.81385562459,5.4914287550116124e-11,4.2391361114812116e-19,0.4355229492603555,3.20701375097811e-12,0.5000851509787207,0.49991484901807215,,1.795875399650759e-12,347543.5991764964,4.333316749395788e-11,1.1581120056158242e-11,oxide,oxide,intact
1.5559794734025976e-07,72108.91231791131,0.06848887287468064,28014.867331917725,3.884400999121513e-17,70004.97249191202,0.3415210942273754,84180.11915705408,0.0011386988385866533,3.4708688831945414e-06,2679497.258266021,0.09124785112898136,0.04688573791555861,0.015333423222630834,0.4643847408090555,26.99013298061497,0.00038261586322638154,6.266132026522949e-10,8.910673844470819e+28,24368.575821227903,2613723583979.436,29055.671336597326,4202001442643815.5,41039.62044162827,5.76149508181649e+27,39879.43149900869,1.1303297590945671e+27,1078.0884886545264,1.526417438550206e-06,45591.68334721608,8.727581841602234e-07,27681.393268563475,2.2810630596874546e-05,77634.86110219065,0.0007367935682540544,39285.12167434652,0.00017999015083663554,4.158537605448699e-13,0.476512042570852,1.8306123505711783e-06,0.5033034739958359,0.49669469539181366,,7.156256993272491e-09,221414.04819502967,0.00011838779812663446,6.160235271000108e-05,oxide,mixed,mixed
3.13581257351502e-07,64337.47279492872,0.09664334626496378,43390.50337946459,1.761057572448063e-17,70230.5041048688,0.36636529842466004,54209.43810588491,0.003463545402435492,8.083922482213666e-06,4886167.476278397,0.06883165906193191,0.0065328180018703,0.048567030515288594,0.1815776461412349,51.341550075149286,0.00042480787424295437,8.234876686629584e-10,8.36226126618802e+28,23801.876669391102,642609565873185.4,26566.14283470219,1.261436810128989e+16,44693.5368135991,1.564758095187205e+27,20952.12725680431,5.449446288391238e+26,718.535836004898,6.437153225554198e-06,66368.78017373844,1.6866811269593912e-08,42103.46859160042,7.51107155804418e-05,87709.5090389765,0.0005656751966499134,22500.01939576915,3.766547540533302e-08,2.640996938300978e-17,0.0387232436760981,1.2055011806561759e-08,0.27258225342891096,0.7274177345160773,,1.0722260777548453e-10,2233.2668678504388,6.191625331607675e-09,3.1473850073725344e-08,metal,mixed,mixed
2.884318117400854e-07,69818.9823850723,0.01654707938435183,19848.274834390184,5.320789440376839e-17,69423.96904956135,0.367771001738011,53680.04157786019,0.0009210226976377988,1.0908257563696063e-07,5786750.125346019,0.04126745302310942,0.08281417057655477,0.024819237380428235,0.11777962815383576,2.508052376209427,8.826259174740096e-05,5.866550878561805e-10,1.197361916018033e+29,19856.066274080727,695350340073176.9,28586.277946894334,7551648117012580.0,36940.10516695889,4.416707178933434e+25,34990.62789638064,9.454360826921672e+26,678.5721726761915,6.808462136752933e-06,56652.127087604225,4.869425575648177e-07,7725.37380815621,0.00013250377871436932,93226.0278479672,0.0006451122750001227,21496.142335647746,5.709921917248763e-07,2.3442432082046345e-17,0.5298543236579555,3.750297139875998e-08,0.576616147268254,0.4233838152287746,,2.2673770368302556e-10,235341.43138724432,3.512676754393398e-07,2.1972451628553643e-07,oxide,mixed,mixed
2.390450672904651e-07,62202.594562138096,0.07926637694530482,2854.9264639634175,5.593419600101392e-18,70243.75681202814,0.19763576254526977,134560.12042341323,0.003204894623864811,6.814854941084615e-06,3853588.7980187046,0.07755434186648393,0.02482135115063379,0.0923532548252595,0.057255213967824764,46.340718472623664,0.00043488171802650064,4.364311020290159e-10,8.705094426073862e+28,19250.952135159925,732063110721191.8,27231.740355974565,9727628276568814.0,37739.37146015196,3.9651099052655477e+27,34529.76061938921,1.246332079963717e+27,1100.853126527565,1.244300501120642e-06,53438.56306793635,3.068864932557964e-07,43709.58300068471,7.813621177520394e-05,73764.44441282557,0.0009520998209962737,11138.266647479117,0.0005205184654619536,1.6649814728914486e-12,0.33517113359587825,1.3980370312545656e-06,0.41245084974367485,0.5875477522192938,,2.733258450916931e-08,284256.1187989019,0.0002813345148027815,0.00023918395065917206,metal,mixed,mixed
1.1400647507558116e-07,70803.08274926107,0.023116295064840794,11388.126351913843,1.556993868254445e-17,70118.20151737591,0.18416651704632553,97899.01229714647,0.003968697687191563,4.490735241858856e-06,3511353.7045979435,0.00013881992711198512,0.07886357587916161,0.011796096298341207,0.05639905897824036,97.92551497076973,0.0002938665435575118,3.266282794601895e-10,1.1342672631353294e+29,17057.693404509217,347438465363836.75,26968.887746206918,2.636941101880265e+16,40820.01035262597,3.2755666132021176e+27,30740.84124794545,1.0883956812588522e+27,625.5956643245452,5.387890733357535e-06,69449.83112529703,9.725246808147103e-07,45371.649302027676,5.3600298913802566e-05,99527.0268655878,0.0003407356110281032,28571.41308000194,2.9455999174231717e-10,2.9464975625859553e-19,0.11241035677991466,2.1804234961637315e-10,0.7726579578635568,0.22734204191840085,,1.8805586855832027e-12,1033.476520492282,1.0987004094458162e-10,1.8468995079773556e-10,oxide,mixed,mixed
2.4760592675971647e-07,62858.7209504067,0.08982837580643978,7331.53871459966,1.850063841219441e-17,69383.30435721058,0.14483589075755587,74927.51991008449,0.0006136359633074731,4.665662987163777e-06,5649358.029986144,0.019823640874728717,0.009118106295929185,0.0606492815186693,0.03620384412588814,16.407726774808243,6.1444206448033e-05,6.862944322656742e-10,9.154541506602529e+28,23168.151527975297,367439798862567.2,27882.764408530526,4.1835991565144024e+16,47404.71830564906,4.2483462567507056e+27,39838.22431229314,8.585602569541229e+26,1159.5111671249524,2.432925649264403e-06,43144.534477817324,6.329701963332576e-07,44176.88389003877,0.00013137029781837715,89800.04237161411,0.000393571316095202,7066.486028348983,0.00028188915776496235,1.3421349486024e-13,0.4956836312425978,1.0277450632449645e-06,0.4379159655455047,0.5620830067094321,,2.2272173842557465e-08,467.3263363940669,6.168305950710574e-05,0.0002202060982578566,metal,mixed,mixed
1.0879006254627047e-07,74256.24244658035,0.08091138860349854,31146.77128562443,1.548299058170495e-18,69298.63139381168,0.1408709383968712,94943.30148810401,0.0021634472447788593,5.570487950564789e-06,6214216.857546146,0.07956302857610122,0.020073867681617633,0.05150152039730117,0.43404532626590786,41.02596243672722,0.000472839165423626,5.097353478675585e-10,1.0415399284072485e+29,16234.893591966234,72811754401251.6,26532.278569627597,6241553091897324.0,38161.85974194051,6.300350659675989e+26,22473.20904476987,1.0056630979391267e+27,725.1290440942668,8.709968953926722e-07,62805.61021415763,4.2584285882378316e-07,24377.07866544121,0.0001066045745876606,99352.25596093318,0.0006390662101301132,8274.489134572977,1.3882383034696483e-07,1.7993826819917253e-18,0.3470830252997297,1.7979552855427926e-07,0.016983704402915675,0.9830161158015557,,1.5071525200548436e-10,1.3683742812744304,6.832144401726722e-10,1.3814061590679215e-07,metal,metal,pinhole
4.1703790046697756e-07,69995.13090047518,0.04792969346529035,47962.94673366697,4.174138580596202e-17,70321.65678604814,0.3211970256110043,23603.471014187293,0.0029493517640114845,5.911311235871768e-06,5212113.596027324,0.036727742567416115,0.04016814718268561,0.04981796663672535,0.36496730743462796,72.98462316839242,0.0003684422554252862,9.880983615433427e-10,9.946439119306488e+28,23473.870565114696,345689585006663.7,26998.206692372165,5.229418005119264e+16,44635.26381916941,8.305781356478583e+27,27912.19905557258,1.340698066699558e+27,708.118997971219,4.979137637465983e-06,61117.37957733798,5.815173126101723e-07,26471.88370269364,5.1948616246659826e-05,94031.42956911585,1.0012401684658336e-05,16655.74598669022,8.767541000848921e-09,3.078809204782245e-17,0.32896279142266777,1.179289662110169e-10,0.49381791065754566,0.5061820892245253,,1.6807499450894858e-11,716682.7566166405,6.541146592631582e-09,2.226394408217339e-09,metal,oxide,intact
1.7098275761194823e-07,72218.96205101894,0.049767758060761114,47010.3888255056,3.5046488862379246e-17,69364.28917073025,0.08282994398451128,76209.32625557166,0.003182532113457732,3.266193108388979e-07,550884.0229071012,0.010257679678882983,0.07410191492124497,0.05590229592491856,0.16769793407679737,61.90814296941562,0.00020652945275644608,5.952922365285548e-10,1.1709202382733235e+29,24109.319312779277,305141131780593.7,28575.216500096438,5.892245215287682e+16,46417.85924708229,1.4164909980685708e+27,35434.826328882205,5.514738917778307e+26,593.7271592111033,4.562458133927857e-06,66881.63636957311,9.903438755020319e-07,9240.44362073014,5.7290118066651855e-06,72128.50005311723,0.0003735636320740043,21065.502782247917,4.2536997506117916e-11,8.995743832062111e-20,0.2897609729630197,2.45478052427588e-10,0.1718953221351387,0.8281046776193834,,5.978224633196095e-13,351092.4756864813,3.545814664257701e-11,7.078850863540905e-12,metal,metal,intact
3.718668075800114e-07,65380.109767922695,0.013775189897859867,20794.447750756164,6.162014217009822e-17,69705.31128511766,0.11012425184047811,30635.37349511344,0.004866753401432793,1.4290468630019297e-07,8054789.079039146,0.08053179439452535,0.05161435310470843,0.007952373791306892,0.1551360069512484,78.26434195523116,0.0004906050017854472,7.931162117141926e-10,9.819542373650107e+28,19676.889449463477,419107018225846.44,26288.106742203356,5.427962238758225e+16,41376.144222700896,4.7684850245653496e+27,25323.90491789091,4.543905970131554e+25,1130.3505046407422,1.6922585694280253e-07,63350.199901541404,1.521127245452007e-07,47090.64091595778,5.802000959462982e-05,84358.17070532739,0.0002487064240200999,15997.61513836095,0.00013912674302470277,9.611055041232976e-15,0.34080738728994536,5.320164510217354e-07,0.4580166476122875,0.5419828203712613,,4.4144306705962534e-08,1216627.248449067,0.00010022163035113041,3.890511267357236e-05,metal,oxide,intact
6.176394100472687e-08,61028.63891322001,0.06801409816524377,3587.1239688965748,3.1299348823242516e-17,69196.32875745185,0.31865868254913865,102729.44696945017,0.0010962574782892947,1.541845556682941e-06,8292033.761094318,0.06775124159861498,0.08315658892960624,0.06882742682092577,0.45147453326776193,91.29892148880768,7.435819824185939e-05,7.542245983557016e-10,1.1249365048074263e+29,23136.670061017467,380213362292625.0,25944.23130431706,3.969450086029051e+16,41347.304594989895,6.494585907020854e+27,28154.40799219288,1.416447789070721e+27,961.3869549927917,7.505020085906895e-06,52485.1471832665,8.461461537310635e-08,5288.5657206173155,2.9390116989726746e-05,72815.98827320249,0.0008770686286857984,9261.61035258306,0.00010216148055148829,1.002556711687958e-13,0.4226099821719491,2.2671355054553785e-07,0.35048352905368674,0.6495162442327627,,1.0393549087426998e-09,2297977.389924971,6.92903651005062e-05,3.2871115450982085e-05,metal,mixed,mixed
8.802922635423603e-08,63147.2076372066,0.004863029388069251,44550.61326311083,4.661608305057614e-17,70318.13842987917,0.1907601611836897,138541.52902134653,0.0012362332345404329,7.726286488698382e-06,428828.25566043647,0.07179116885981261,0.03608927961136706,0.011234857226580176,0.07777226273121046,12.114242651568922,0.0004191914744361374,8.720875224339634e-10,9.48280509485772e+28,21902.32121970937,127579108102393.86,28649.88916505328,5.1985660624650936e+16,40650.72700588938,7.770910475965844e+27,29175.30997411703,1.1384716917118026e+27,614.249367881718,1.2249805306924107e-06,54312.0732007334,7.463757005053074e-07,12706.814264704206,2.891436892921968e-05,87907.72430423963,8.935529538807556e-05,37503.54107141634,1.3330414950992209e-11,2.4905419302224966e-19,0.20704050015187697,3.9723599357090274e-11,0.43520779792176884,0.5647922020385076,,7.811918452442607e-13,85940.02652714326,1.0322345623823651e-11,3.008069327168558e-12,metal,oxide,intact
5.000599249795e-08,69850.21710785948,0.0025840706966781704,35330.604727907645,7.324895690202825e-17,69172.39083917682,0.3069570890195668,91063.03444720525,0.000586557937025963,5.296938131749516e-06,3304865.1324941004,0.02169249295447699,0.05224689899292635,0.06480896992142737,0.02721274577916842,19.328582583028894,0.00010982804718626677,4.1394973628604144e-10,8.317270889339236e+28,24824.96364286235,421244110979104.9,27437.000996476057,1681259456265694.2,45599.19955600853,4.1792734344896063e+27,22998.603638574896,4.7203673858447944e+26,749.2514291465344,2.283263811876842e-06,54742.10761218534,8.571210275276022e-07,45847.392067031484,0.00012373068443334446,81850.45458459452,0.00047063241885068993,8051.599602752211,7.174987338249264e-09,3.53938944044972e-16,0.18838634372478782,9.327099854165552e-11,0.0430868316477513,0.9569131682589777,,8.426866675143828e-12,2982171.76103337,6.13621135940921e-09,1.038775978840054e-09,metal,metal,intact
1.6420591423648124e-07,76318.03026035344,0.06747314919554413,20108.965586466933,1.1569890654165735e-17,69202.06041989649,0.1596190495861789,28353.938988587877,0.0031116415551226627,9.85424980623235e-06,60248.59491396196,0.08063810044888266,0.01722299491662977,0.04968215768093195,0.04336429995845123,35.27534074535134,0.0002585101988484188,8.347268844388956e-10,9.041342230789499e+28,23294.613636355847,437826384436751.2,28069.01733227216,4.582990490003541e+16,41956.93859222116,9.000216116005163e+27,32960.22343287314,1.382187431553084e+27,967.9572278186713,8.783210420819455e-06,47739.75701621428,2.846915905654147e-07,24012.55069289121,1.3904297452048441e-05,76931.52245712475,0.0009630355507558867,18858.251372267954,3.1302520903337853e-07,3.7477811129277765e-16,0.06692289678356278,1.1501466738536186e-06,0.07959967894079538,0.9203991709125308,,1.1246600350220652e-09,0.4132970783842079,7.937085534536965e-09,3.050881234988416e-07,metal,metal,pinhole
2.1339868333603155e-07,62803.01488332552,0.09845348336007209,48334.415186665094,9.665680361194293e-18,70325.5684588348,0.19242360872697473,47918.35927032142,0.0033217679101217854,4.375421384919151e-06,5010974.828390183,0.011949102244549634,0.0063513880456784536,0.031119744934924413,0.38680776428183533,5.693825116515425,0.0002796402136777296,6.664109916044095e-10,8.90649565576038e+28,24463.553002971676,781036742522015.5,29198.107206024815,677825064407410.6,48850.877228721416,8.088866908804808e+27,38301.59905649911,3.58967159861344e+26,1163.3169715947943,1.7693759326564007e-06,54634.30424936594,8.91201562503094e-07,47778.949270190315,5.881779071510018e-05,98688.30470824684,0.0004486238874149742,9481.363557629564,1.412999317764559e-05,1.3732655420288736e-14,0.5121558623172279,1.3052764582687804e-07,0.5439507463497013,0.45604912312265283,,1.009835298351773e-08,873.8921883508434,6.590447956749212e-06,7.539545220896378e-06,oxide,mixed,mixed
3.6426946707765105e-07,70604.25094850102,0.04340994266655006,27231.099751192847,6.56901546010611e-17,70181.51961889485,0.2975772915108755,20417.58473136596,0.0037010748963470235,2.4163627975714564e-08,3125005.4614213537,0.0778662022293701,0.06621430087311843,0.003963954124552035,0.10098469558634897,36.99888957412692,0.0001881081951252721,4.918858499933465e-10,1.063283652896873e+29,18069.11057164021,617298951824002.1,29526.248351255555,3.666062411291156e+16,49737.70499280497,1.4214118652250915e+27,20981.5548933385,1.7210632097347738e+27,1198.6325390389525,1.4105345395034447e-06,48824.257477690335,2.970347203097398e-07,21522.076714700917,8.864334910322751e-05,91434.44047330285,0.0009645168779440162,5049.298502530362,0.0010732851619624645,2.3705475200652727e-14,0.4205022908782033,1.4612604733036903e-06,0.4069496871807943,0.5930488515587324,,1.0206575793962849e-07,671015.1719341127,0.000791187869147675,0.0002820972928147895,metal,oxide,intact
2.2173065267671098e-07,62074.68390136436,0.02215928544085369,48899.43924335865,2.424993154430193e-17,70418.41492259306,0.20153507400025003,62714.392858088264,0.004697243110134015,5.438963999127254e-06,4237326.892009923,0.055101224962200775,0.06761919102202725,0.043864296439585365,0.10420765352854433,97.23546659476405,0.0002608724609000944,3.093928800309098e-10,1.0295237588941384e+29,17269.73633766248,427908237566467.25,26550.087869751547,2.0675593708662132e+16,41598.17104783243,1.878799488663546e+27,21789.670232820074,1.119042986489656e+27,1086.0842478298491,7.1618053979163064e-06,43256.345501010685,4.0628581673510033e-07,37077.931830817615,2.386147911598198e-05,75148.32847099366,7.843833051326373e-05,9044.444546364131,3.509384751190426e-05,4.161611408126152e-14,0.3994903459125053,4.8917701780649614e-08,0.4276061134526666,0.5723938376296317,,3.482417593039046e-08,26235.107581529937,1.2094893644722209e-05,2.299895386718205e-05,metal,mixed,mixed
2.0148825822565664e-07,74739.81584617627,0.021477793747980877,13865.223227145943,1.9954588517563073e-17,70431.57145001559,0.38008911744843005,81382.65503982887,0.0024442733017698073,3.2213433875552986e-06,9264987.366488583,0.01664613773058256,0.08637502660698775,0.015299729128944254,0.27984343436610465,18.791574300474736,0.0001987342503414457,8.684352487397214e-10,8.622297870637086e+28,19290.5416679178,40262604926952.18,28283.518749863688,4.314976789255526e+16,42666.53653863174,1.6005265360832988e+27,32785.61883856706,4.634973435959551e+26,686.5767158810876,4.988247654950561e-06,63464.621650570814,1.4350421886663677e-07,40575.925814568,2.0972058642298844e-06,98675.07365366827,0.00011861560483320648,35875.58377158347,1.7361226218236575e-08,1.2968747252195169e-17,0.12917968432156315,1.4042789116899379e-08,0.7140929748944558,0.28590701106275507,,1.8256412333374428e-11,42703.17696945231,1.0071696730401027e-08,7.289529487835548e-09,oxide,mixed,mixed
1.2251164510892382e-07,62649.65074902491,0.07010141281372392,44490.44453540049,5.02797178304657e-17,69626.40754119589,0.3019335469858409,44950.48155138311,0.0034538748129325394,9.612032990147295e-06,4589858.670493498,0.0330220386997135,0.06754426516785278,0.033940929228022214,0.022731359674721223,35.59742457950136,0.0004315055959861531,4.709960738716801e-10,9.582540131579495e+28,23360.026449214853,518565610721155.5,25167.093280436573,5.753796723108838e+16,40924.48460303295,7.572097381231612e+27,20493.691241467874,2.9929384329421906e+26,1030.652681182347,2.8539645642241797e-08,62625.33208573952,7.83717204761124e-08,17019.541176396822,0.0001326532390960578,87929.5956214664,0.0006915423097530043,16626.602663791884,1.0814964108922795e-05,1.850554852821964e-14,0.29440052968909614,2.5751370577041425e-06,0.4345864673651379,0.5654109574978043,,3.727733976941901e-09,13597.395192515873,3.3745498959009075e-06,7.440414213021887e-06,metal,mixed,mixed
2.958811981314782e-07,74710.05589390766,0.07442891069603699,13468.124335951237,3.301878985686298e-17,69407.23601822076,0.2657539214663835,21600.684711996288,0.003226239525632916,3.991285053030352e-06,9659348.511403935,0.0854142964116772,0.04211662644143433,0.07703324210962592,0.018294455624666972,68.29100945324711,0.0004602295053742897,7.685301028405391e-10,1.0583586462607422e+29,23316.83823465625,629927703076852.4,26939.166878165586,2.220748424235925e+16,42788.42005406059,5.26199197773397e+27,34907.93721123924,3.574388662136671e+25,788.9487346474068,3.911457818100671e-06,40080.99121401432,4.91544407578071e-07,25524.707390375752,6.406920925604533e-05,98558.07445351053,7.256046663993048e-05,12285.840489182796,7.912608136194285e-07,9.580151730722837e-17,0.4449701755645483,1.3123847597886152e-08,0.26573768066890996,0.7342623062072425,,1.4879678146591896e-10,1970.9248856221166,5.849222048506834e-08,7.327685931343602e-07,metal,mixed,mixed
1.4497984206002086e-07,68852.85589681267,0.039802833367931695,9124.989664475524,6.604813987571654e-17,69779.26762805339,0.2584535856647875,149495.95949973166,0.0023626541269968107,9.96368726107397e-06,7505956.040807013,0.021881931840647666,0.008234892475898337,0.05768018206751425,0.4854482483988031,6.73914238002843,0.00037047102249158665,5.558090332377277e-10,8.658987430492546e+28,20994.66797981734,432009348384061.9,29520.235720234108,1.4850393672041212e+16,37399.30967273401,6.110655192713557e+27,31050.54542810167,1.4565893417951755e+27,812.8342308540296,4.0379973046597104e-06,57865.47246341771,8.815431283717963e-08,44786.41581779977,5.131361443219603e-05,96406.55808095791,0.0007091482096850925,33913.092177801926,2.7809685056918935e-06,1.4424509673416428e-14,0.13463536569063964,1.1345804883290889e-08,0.5471108353322572,0.4528891533219377,,2.317298211227076e-10,1021795.1190258075,2.288755418490543e-06,4.922130872013506e-07,oxide,oxide,intact
5.3246481019070825e-08,74893.86010612649,0.022754302238819694,49169.9110016798,2.9264815920921967e-17,70241.99786725041,0.38090751615682883,120697.97722362993,0.004821167373076824,2.8952535568025215e-06,7071621.025776162,0.058413138137119194,0.06826886434954793,0.033217601142710544,0.4552072187652396,77.65982448058149,4.4682918261307185e-05,3.3485760021086186e-10,9.207583906462897e+28,22969.08868544457,385989003513155.9,26627.739403711203,3934266060281761.0,44808.46066759413,4.182320886849111e+27,29493.6381580567,3.2527638887401666e+26,1263.1864524047985,9.023696909705163e-06,42045.79075568618,2.1037113545284143e-07,44228.347068616175,5.592504694980718e-05,98146.80697009627,0.0006942068899846331,34548.37382835945,0.0002287927461997926,7.643219632082508e-11,0.43334102409944647,1.9409884633790298e-08,0.00231716651980904,0.9976828140703063,,1.5666705096693333e-08,7033871.978141997,0.00019214547870401099,3.6647267495781605e-05,metal,metal,intact
1.2442567580846827e-07,61496.11633922701,0.0056795870460569775,39863.80039302023,1.3921602660873552e-18,70832.52084015553,0.3632807859187382,127634.02983298825,0.0030000857298533848,6.014913519008071e-06,448341.2089201166,0.08931887936851807,0.014202316658554665,0.08318518480185767,0.3155884794642091,8.595677212966251,0.00014714299040088203,3.2763805687263024e-10,1.1576757351180909e+29,17615.610490294122,491929632930693.7,28472.516534881695,3.961458228053933e+16,48132.67484789008,4.373326458273976e+27,34856.34920710114,1.9559957493121152e+27,842.1410864076597,3.004368487839913e-06,66311.75880840988,4.708737652597733e-07,39636.73882075043,0.00010335072014676797,96443.09259853105,0.000549600058594886,13760.109852210904,2.9563491845057282e-08,6.258437494033889e-16,0.10531391844423116,3.534771425286601e-09,0.2932026289781277,0.7067973674871008,,2.018991021103504e-10,170454.65347806583,2.1794281068786944e-08,7.769210776270338e-09,metal,metal,intact
6.264165692877667e-09,64775.88077809288,0.05089767232431486,25053.499573747114,9.767014310937007e-18,69694.78163044591,0.38894620892246146,77976.32939207403,0.004514795507705803,2.346529350749458e-06,6897992.511964543,0.08028582637805774,0.08916812592389435,0.00656417184905264,0.09190432595238708,65.03818019103768,0.0001246268828911862,8.087495765392589e-10,9.44059743357092e+28,16335.947026719175,592344045190672.1,27558.432552026756,2.356697059970636e+16,48943.15759343766,7.111891480181122e+26,38257.41082405188,1.2276496550596227e+27,1173.040789397737,3.068117526620635e-06,57339.91438263516,8.670767055877539e-07,29113.35644110961,9.916111877199359e-05,92829.82121275627,0.00015485077514687908,21113.05466834076,4.089696115187046e-05,2.9104616701072015e-13,0.6178577097413032,2.3738586695139173e-08,0.09969485884316817,0.9003051174182453,,1.7081136038867096e-09,5314261.011145615,3.293377597580386e-05,7.963185176066597e-06,metal,metal,intact
3.967781701042025e-07,62046.91701055522,0.035217412746392174,24024.889368166827,4.2263104273484e-17,69767.27503996169,0.27083542514675296,75795.4996733603,0.0042561944986063,5.709983587464257e-06,1121352.8192852004,0.005962587067339236,0.07396675477019062,0.009420075902810163,0.21731424427790497,56.851859367632784,0.00015906690781024432,9.387463311432383e-10,1.0843781199068076e+29,19555.67976763782,731535325925645.8,26031.788762809563,5.456673044870292e+16,41622.36277758361,2.3418700441673673e+27,30642.90240263995,6.413143739591993e+26,969.9158412002291,2.8614279050330463e-06,68879.4236455723,4.6378551176191124e-07,15616.926601985306,2.206320958674444e-05,85133.3991509357,0.0008685857833214635,39981.65846950034,7.69851218195153e-06,3.290697541611677e-14,0.3281405841593714,4.2540352230481894e-07,0.7758952099935446,0.22410436460293323,,1.6050058951942868e-08,6208.834333177067,5.144140787057713e-06,2.554371394893818e-06,oxide,mixed,mixed
2.967216237831751e-07,62730.12748138973,0.07680584402024919,23145.672077576146,6.391667756155246e-17,69104.64170014813,0.24604227629385267,100660.94914299551,0.0038262694186163206,9.579454387798025e-06,1062707.4105067279,0.008479762797253453,0.08064003674949756,0.013630309064118202,0.2785792698484511,34.872240364984485,0.00017592557876431724,3.6892966649691974e-10,8.599133653943335e+28,22091.869476078376,552416288505913.7,26344.35381202703,5.7431164496173944e+16,40662.00491125167,5.275219262855348e+27,20698.59333241839,1.0424515580134198e+27,825.0239277099366,6.007343545982597e-06,65368.5745754001,3.6639176077679996e-07,8295.159883732982,1.739011188636454e-05,88169.38098244945,0.000726360535535708,18950.024297348733,5.458632593721507e-07,4.212508321657729e-15,0.31671278918200646,8.192703550218017e-08,0.754632475547758,0.24536744252520637,,6.234600311425287e-10,9658.610472066035,3.6806052573747874e-07,1.7780273363467192e-07,oxide,mixed,mixed
4.181488719087235e-07,74021.91584698037,0.04295172048771385,42412.84315615485,4.787078906542701e-17,70581.49448471522,0.2697718931586426,25438.613354351808,0.0018833658403110956,6.568910391599584e-06,2215102.872691842,0.06410219398395456,0.03635016096085608,0.03908925887870645,0.01871890425377439,25.533539005832022,0.0002847297647308646,7.824790445433701e-10,8.624452869132028e+28,15448.14473876031,386325368188828.25,26892.284964207247,1469500054313691.8,36320.4028366539,3.1229811769437265e+27,34019.67655918211,7.381112799864538e+24,665.8588439579913,2.5701321015463024e-06,49176.52091653578,8.332617180874194e-08,42759.50192907166,0.0001010223905523171,89547.58085787419,0.0002767228442956863,22607.91182667972,6.267700946585339e-09,1.0740819832050604e-17,0.0421927999099533,1.4653981006706976e-09,0.38421271363675147,0.6157872848978502,,3.553393530485154e-11,8533.956645879422,1.9644536434436636e-09,4.303247303141675e-09,metal,mixed,mixed
4.0115679557861233e-07,66536.176822824,0.027749068832131196,41496.25068770759,5.447052770640125e-17,70293.36227375432,0.1957717294798731,108667.46155912263,0.0032930616071877726,7.369001490577913e-06,4157584.2805048586,0.09192986908654999,0.09846001022493543,0.061731524566435776,0.2216572646261897,88.44253988858058,0.00022625732333989506,3.968329637604858e-10,1.087190581147655e+29,19598.93620789844,265332301709485.16,25163.76164457217,1333481837071257.8,42609.359871889756,1.711196085163617e+27,39975.385129286544,1.6931111621162532e+25,840.8160061835126,8.590200092731215e-06,66483.82545266494,3.355002823106863e-07,15074.687863479026,7.351557400505531e-05,88423.82792309247,0.0006235188984966635,38034.777424805885,2.4384361288783503e-06,6.3099225752787205e-15,0.4125972194375003,2.8391912014255974e-08,0.41634399721120613,0.5836559743968819,,2.5518460684271513e-09,171289.20866941728,1.0413168347534478e-06,1.3971192941249025e-06,metal,mixed,mixed
1.9770275906635784e-07,64939.134967369086,0.04727981581281132,42381.14332444426,5.40297035779107e-17,70645.90146519658,0.25179610196005103,80792.91011065271,0.004803081416656115,7.348773384748958e-06,485312.9275482812,0.06395256968809006,0.009036189330134697,0.013567091264760203,0.17662562946264085,87.28531331552783,0.0002828077037939015,5.967741131837343e-10,9.495793014895214e+28,23025.399035799117,290493386957541.06,29835.591242240203,4.564129061181771e+16,44129.59624891529,3.174051268266761e+27,33482.77321143684,9.981048927249116e+26,1153.837740424125,8.927596315255178e-06,64919.92750638754,7.447721484601956e-10,29792.189885303884,5.8409316669757754e-05,90004.06739507781,0.00012120110402857592,36850.3009029854,6.910659243056791e-05,1.0754659712595339e-12,0.011990000015037276,1.614232665170135e-07,0.4922534524552033,0.5077463861215302,,2.8866094174442305e-08,76973.09813276319,5.609078743799425e-05,1.3015804992573661e-05,metal,oxide,intact
2.6263117420353353e-07,76929.20949342383,0.04311560113136443,26822.813513758807,2.7853982927770916e-17,70326.41360852902,0.29787000005660313,106054.07169558073,0.0040760546310823235,7.666873249652289e-06,1161041.3468761605,0.04951992049396124,0.06973907532429892,0.007491035352642708,0.060150526377188825,9.683459994872257,0.00014184175577246612,7.011446209417882e-10,1.0976015396708494e+29,23693.411613062923,589859462566359.0,29943.9407431488,4.647342982073294e+16,45226.04449267656,8.27725987565998e+27,24073.159379289886,1.945550602302695e+27,734.4671408166628,4.290448179750514e-06,41416.60473673457,2.871932852919371e-07,37358.897352661115,5.2310740752088465e-05,92591.64474372903,0.00011785457795091655,10645.44308967328,1.205562242172446e-08,1.1591573676778414e-16,0.09762999895311127,2.9126979371827484e-10,0.47144303032404417,0.5285569693846861,,1.3598073599041808e-11,166122.51323701988,8.855070482763745e-09,3.200551938960716e-09,metal,oxide,intact
2.8718748442737116e-07,60441.56216786161,0.08056973026975553,28891.119767677046,8.334911530990176e-18,69328.26736104711,0.3627844534792269,31167.091353036238,0.002538429035351658,3.0758367542488286e-06,8837057.333402703,0.08072048283235306,0.0027250161834414125,0.07586806203866307,0.08518041745768054,10.968758746337352,0.0004478766754548417,7.735920038662517e-10,8.436763540586288e+28,15469.385114589611,687408621792649.9,26248.742903815553,5.275815981331227e+16,38913.91975100083,3.4122031860901555e+27,36086.16999828795,3.400327507835372e+25,794.3208764540052,1.359276441286688e-06,61199.207125253924,5.641089425056086e-07,43574.69307902283,7.012226900039123e-05,76909.24914420235,0.0007537794313045868,6277.38066675962,1.2876398237793121e-06,4.697999349782813e-17,0.29291699053194725,3.476306327138596e-07,0.05800899482646856,0.9419906575428988,,7.375931650667109e-10,80.29000728559353,3.8056418224842554e-08,1.2495834055544696e-06,metal,metal,pinhole
1.703967572442723e-07,69368.13763248912,0.0030168612037411936,22044.481919438796,7.000792841651167e-17,69023.83688379102,0.08837743746315074,121974.8775258202,0.0025954100103924562,6.663383304278495e-06,6534350.217907301,0.0351389632120227,0.015296854885237503,0.005986796204469379,0.18862362014764314,21.635935266774453,6.88089332257646e-05,5.165047160618872e-10,1.014574244991788e+29,24743.276496746694,288046770435709.7,28626.795745477808,5.5452682807053736e+16,42814.21364136133,5.394265791385106e+27,23727.580595333227,9.688945731018178e+25,637.3995862477714,1.8891137676236838e-07,62053.89746414445,7.934808023918957e-07,26430.35309937304,0.00010499485032509707,72201.89658168486,0.00022696475480147132,20479.866736087366,2.6637822168228224e-10,9.182615108836725e-19,0.3336990021354316,2.0576202467216136e-10,0.5930889062210342,0.4069110935732038,,1.873971938273234e-12,656795.5059205669,2.2728081626966594e-10,3.9097405412616295e-11,oxide,oxide,intact
1.9039015439062243e-07,61996.24381103703,0.0955192876246495,29852.718402357485,5.313014232560494e-17,69982.84319113723,0.3283759550070354,150481.87995355154,0.0021357126282705195,8.596409900242633e-06,4123349.5192343947,0.05660741137493361,0.06603877294897387,0.03007725937380145,0.0831160357860078,53.51812021358718,0.00022676646831930626,9.098528266310822e-10,8.851279129982639e+28,20791.11422517082,808718924889574.2,25037.955719080554,4698847910649420.0,48353.220405629894,7.903587320291967e+27,34638.37148881434,1.4265928559502318e+27,1029.879619152638,2.1544908170038382e-06,67088.11933746283,6.546223727552138e-08,35722.5566902436,1.410527076356074e-05,79582.91865033745,0.0007565389675334048,39088.41346948969,0.000113473810232093,1.3239262742857044e-11,0.19508437382543892,2.9373435164007864e-07,0.027379691544996813,0.9726200147206513,,2.2287453952104393e-09,3860561.8356615114,9.568912529264124e-05,1.778468493945176e-05,metal,metal,intact
3.1259654252098083e-07,61530.59250481919,0.09346983012573479,36678.38988191854,7.675922972724748e-17,70031.2827244359,0.25229943704064595,22459.782876005233,0.0013673802881307737,4.348873773907476e-06,4592924.081602055,0.014150217185738296,0.08351625043891035,0.019170903010663567,0.1527140790860213,73.0911140476599,8.002918058826182e-05,5.619141733379531e-10,1.027488664385636e+29,22809.283671281737,129043723250707.12,25208.15532721436,1.021073219698484e+16,40056.55874247303,1.990793599757153e+27,25392.252316588685,5.591936197196962e+26,573.030662636051,7.3779861573566525e-06,58828.79771266539,1.1216155960483567e-07,28395.12343016536,7.555642091500048e-05,96767.90927137288,0.0002401274094267733,24305.357441375752,9.226664890933424e-10,1.0828064419258553e-18,0.09452915778356963,1.1399908899125357e-09,0.6478244171492122,0.35217558171079677,,3.67500470314458e-12,14399.73226048656,4.4495545616427744e-10,4.77711032929065e-10,oxide,mixed,mixed
1.202316939092884e-07,70415.8677851472,0.023329293319329758,39794.42477916186,6.059401386642142e-17,70464.6026752508,0.23147202565702735,61485.95683647922,0.002784614328213052,2.8368963377598017e-06,4708956.066707165,0.017480967578132237,0.04876762148613974,0.03231442035977054,0.472272249597683,85.00648328414971,0.0003517394417297118,7.387389876668309e-10,9.866780154975882e+28,22818.294683650412,492636959207170.94,27371.87555356595,1.761837461858597e+16,36900.55604929465,9.676254148076874e+27,27684.898626247017,4.5794169326614354e+26,668.8158435192427,1.1611397822476427e-06,60676.39777365031,1.0771289521430322e-07,21510.137755499505,0.00011310627509885435,99616.39750316578,0.0009188323687770551,21831.16635575038,2.6625537717073927e-09,1.2070323100552971e-17,0.18595051404904345,2.2653217330652535e-10,0.254366513495994,0.7456334862774737,,5.068188688273771e-12,2441818.127827597,2.3356543408048192e-09,3.268994309025735e-10,metal,metal,intact
2.1727210061225183e-08,78110.14073327568,0.07105953857034221,14578.425273051143,7.242845671367736e-17,70151.67833800576,0.22528644061648007,44521.66863602276,0.0008222177509924039,6.434809566540658e-06,28140.203846760065,0.0925828038393184,0.057854919432781385,0.019879300943402043,0.41291768844304555,18.821212320913293,0.0003275041771144576,7.672087080962026e-10,1.0391847767529035e+29,22223.19708005221,224626159427780.56,25652.221830813192,1.6718940228715244e+16,41711.18147326562,6.804100700537342e+27,35653.21571537045,5.781500838765989e+26,1176.1623351301255,7.940130304251874e-06,46518.06481656666,4.4890812832944754e-07,47857.30695979045,9.780568487026423e-06,80556.74933597918,0.0005760781086474832,17046.246429344195,6.317966602760939e-06,1.0473553018077048e-13,0.054193403654988405,2.795341628264803e-06,0.3837375357138702,0.6162596689445012,,2.7234974047055058e-09,131.09388739731833,2.1118818935013706e-06,4.206084709259569e-06,metal,mixed,mixed
3.6140305614288293e-07,77516.73342101334,0.0607635878423584,48860.425783920604,5.925409535082608e-17,70022.84875500358,0.39266769546309105,54637.240851765586,0.004584263865556161,7.995408961642278e-06,3017066.4569914904,0.08092941800130778,0.09340067425817894,0.02123326577730526,0.32300202658972565,96.27228478173578,0.00016134508957571457,3.4743014460291793e-10,1.1394047202747464e+29,18608.05529617732,577063211369487.4,26741.952784906225,2.6326134423945544e+16,42099.182813106876,8.024862227643824e+27,30845.792974988624,8.673347123374913e+26,611.599147277581,7.222648022677319e-06,46636.05966489824,7.891048219002646e-07,33972.684342336695,9.597234990588552e-05,89211.97651454606,0.0006856470479951301,38750.667099861836,1.0069242395399417e-10,2.465576383959982e-18,0.16137514507378037,3.1134064364588835e-12,0.14682426629430284,0.8531757337025838,,6.284017811846557e-13,2028000.9334698494,7.823430243061101e-11,2.2458121523383165e-11,metal,metal,intact
1.0619396020894198e-07,73322.7403010147,0.08599588857652742,9424.643448034261,7.730813999337112e-17,69669.02303436583,0.24290630104423094,142449.2512769114,0.001794974113219538,6.4448543531839135e-06,2230835.009154337,0.08628173459547177,0.08298763564493668,0.0337122913221987,0.0592952528151076,9.539263464717061,0.00025958979450312904,4.5946117236267115e-10,1.0851061959733813e+29,16566.686947628434,544914831847246.9,28804.296945920625,5.393083810122461e+16,40433.65167074661,3.359525715555407e+27,32338.547592804287,1.0234744701748035e+27,653.7829081749293,5.466053693444917e-06,51554.612304115915,6.848545161245615e-07,7573.159465644463,9.480824022241422e-05,85345.28753602196,0.00014300329339036444,33148.174947843036,1.2763541333426794e-08,6.161750146404792e-18,0.44915171502780976,2.625679336828329e-09,0.22125259917672793,0.7787473981975926,,3.4804413533476646e-12,359.1211097447442,1.1237443702057441e-09,1.163979696322105e-08,metal,metal,pinhole
9.33185743351037e-08,64044.78855675505,0.09273944756231144,16758.056687543074,2.8956110593889795e-17,69064.00103748833,0.08492562326906941,63316.373304797715,0.0027243482356918824,5.395228379222784e-06,5386381.192131978,0.06890415511072014,0.07871171321158839,0.0008233738753192307,0.28951932323071494,70.60307282249025,0.00012053536137439084,9.48635498456487e-10,1.011018535179911e+29,20586.873801068035,358569746118324.94,26781.441595940436,1.80151877251104e+16,39754.66890952796,9.603236990726657e+27,38694.25788847055,1.1783373450705692e+27,1252.1632755406472,4.362254594453943e-06,53639.49027467733,8.132441485089754e-08,23612.09049321361,1.0852169968795037e-05,96472.60868149603,0.0004399483863127244,27038.898232109343,0.0001691214344783805,1.390764540261806e-13,0.33808389358637125,2.3230955329137937e-06,0.355064637087623,0.6449330398168441,,1.8614207380626762e-08,7646.306736907443,4.9029601290997876e-05,0.00012009183318738261,metal,mixed,mixed
9.191581337474744e-08,62483.02615642951,0.0252109123810735,31833.94737882238,3.4250640755496653e-17,69400.80465724785,0.12155021233493096,168147.60374431234,0.004621229788477265,8.298606108818438e-06,7169013.6200811295,0.08441035221966053,0.051368555726026256,0.003295751489352318,0.0325316637140526,34.52447878918603,0.00015042049818335239,5.461656834655321e-10,1.1369268642393447e+29,22294.080222862514,429196413495078.94,26088.465885597296,2.328211187820299e+16,49915.13071443094,4.3466102092096293e+27,26649.37477461985,1.0038310389123071e+27,789.4024130527955,9.299603526997453e-06,58302.30214105976,6.732076862827001e-07,9499.895395131643,5.077944510487078e-05,92265.75228020674,0.0001788380618144361,34845.44559654857,9.330007855664615e-08,2.152901163534069e-15,0.6023606476252862,3.542184319651825e-10,0.11001726397276008,0.8899827356730214,,4.016626081629277e-11,5425489.759975916,7.871161153239307e-08,1.4588467024253079e-08,metal,metal,intact
2.834875320454555e-07,63352.52204623618,0.0004452320513543777,21770.33925954812,2.320812414073238e-17,69396.84470073739,0.34624716427099755,38296.82129816705,0.0013245998136956513,3.1561869406710046e-07,7895632.530209662,0.057751203254692234,0.03050171793794607,0.03692911297816032,0.1588214306703714,99.9781852314408,0.0004657310905925882,8.890068763648194e-10,1.1968141875800168e+29,22335.798690534823,707162555969334.0,28707.703318320335,1.6189691321284578e+16,49208.44143043965,3.0581158198700483e+27,29655.87844803047,4.3724018407514026e+26,713.7156838256276,4.076682643643466e-06,42642.82297919909,1.0556776506116362e-07,5043.53793795954,3.265975882817894e-05,94777.21864900953,0.0002018601035968811,24595.362317771393,6.404669795785484e-09,2.3906663161739868e-17,0.4184494618481385,3.1323707385872217e-11,0.026093563903210586,0.9739064360654656,,3.2087522806984455e-11,7432824.560485732,5.58240844285992e-09,8.222613529255637e-10,metal,metal,intact
1.1586144955172264e-08,60586.530936853436,0.04274727361741433,3762.312182141235,3.2993646889474085e-17,70294.5028551901,0.16603418792478897,42499.55395424587,0.002808486760230788,9.5990251289128e-06,9780949.495532759,0.06010916773395743,0.05296242037637346,0.002048246592755213,0.4082687452920488,74.22072026048805,0.00030802535888756823,3.487781104695143e-10,9.89769244071153e+28,17281.628472530647,786023998905314.5,26212.402247071434,4.335010634534823e+16,35016.71795110304,5.387127077104513e+26,26088.09257244879,1.4033902344731754e+27,804.8721402171972,4.907991611986667e-07,59940.23681210329,8.070233854251764e-07,32182.79024043066,4.7796473489741164e-05,86963.7994227448,0.00048127049118702595,15660.238404723763,5.091144726529121e-07,1.4894389900491162e-16,0.4553335954609681,1.3290824878296935e-07,0.10191742271926554,0.8980824443724857,,1.9286884979800764e-10,396.28542759048764,4.266838201520553e-08,4.6644609063770654e-07,metal,metal,pinhole
2.48293401070276e-07,76115.36955569735,0.09564891431562095,16444.589766244277,6.505294579195372e-18,70135.81357056837,0.09497052968773495,101278.96438157884,0.00432105811899235,1.8308760661682398e-07,4102772.9441917795,0.06465753865330218,0.04762892812149894,0.06582849937743285,0.4477640995147593,21.009555137506922,0.0003390643942178463,7.221077814035195e-10,1.0350060700500038e+29,16959.265877241785,811177731918600.1,25325.258748728018,3.825549367537567e+16,40584.48732174322,5.091665048878211e+27,38851.61922289042,6.015210653255487e+26,1027.4010600696724,8.512137672442515e-06,49967.00105346188,1.2966012633728083e-07,9969.038887383515,2.2941415105062234e-05,84590.97402623796,5.244294627694675e-05,33848.58735714723,0.00015386861485650527,2.400531242170058e-14,0.37056944188383195,6.823131668779072e-08,0.38601909961667086,0.6139808321520124,,8.244722267797355e-09,1002411.3627986867,0.00011037728906645697,4.3491325790048294e-05,metal,oxide,intact
2.2528460495022577e-07,60759.308319069634,0.08080268183468745,47606.266307334416,1.215248902427636e-17,70705.88638356086,0.21649486130131557,151043.08093953726,0.0016734427248901234,2.1825004598868904e-06,4780827.007121339,0.059222665228835625,0.06049387854019534,0.03859577068206765,0.27683727899656574,88.3555427362232,8.038793499765687e-05,5.989867063149156e-10,9.699788516040654e+28,22884.632720007954,20558686043787.953,29662.936204381826,5.75883408922108e+16,45231.292966128756,4.9370220433698824e+27,34865.62035661311,2.134839255726728e+26,1220.2861648662013,3.255399371794115e-06,50543.34291812298,4.1736582675750005e-08,43864.96889878262,8.405336105325136e-05,75659.91981470249,0.00028001057885553916,10105.653582151408,0.0041397737835518755,1.322275319578184e-10,0.20701485001068215,6.994553773497037e-07,0.025571436239232356,0.9744278643053902,,4.0696592577541804e-08,4492922.897118517,0.003469496021557495,0.0006702777619943807,metal,metal,intact
4.0505796588688445e-07,79396.38562117737,0.09909283735975558,46288.23813039289,1.7760813927861697e-17,69712.5548679846,0.2887328760250301,169978.80500870408,0.0035968054230262345,6.225317951747665e-06,3959209.6233038395,0.08456101733696277,0.05193264892567918,0.05402244078892252,0.30784155192939583,67.15368698608631,0.00020135361559356468,7.527311266759778e-10,1.102537769144199e+29,21115.098318442197,108954688763376.02,26308.684126318483,5.786376471727372e+16,37989.87395016817,3.7900503132786263e+27,33313.8486816862,1.938572795178736e+26,722.5088977063098,8.09656130384262e-06,65326.862881827925,8.318132119553202e-07,39257.204898840704,0.00011809311051237429,70424.91253912775,5.8279448984258256e-05,24697.139392802157,5.2747266898648866e-08,9.653273646748572e-17,0.22845624411310309,7.06025799784939e-10,0.42013193721204634,0.5798680620819279,,8.792706458239104e-11,67309.54676580525,2.1725217687473927e-08,3.102204921117494e-08,metal,mixed,mixed
1.7390109686206013e-07,78877.39712828206,0.07295846492673871,15672.049305097225,3.9290901812714154e-17,69589.14703862647,0.35366204332841594,52216.90124764704,0.004929488194337131,9.870620461135211e-08,549059.0221882722,0.0033831351658267506,0.036302517205766306,0.03795451500947151,0.16657135541758367,24.99356225391544,0.0002583230568535131,3.8178511951228724e-10,9.791365674127512e+28,15922.74970873837,137391529304354.64,28358.27608724023,1.750387994723593e+16,43269.12024357207,1.0709122951490256e+27,32306.17392775227,1.0313519838546236e+27,710.3457196589133,9.002060084931286e-06,60587.18735011482,3.224955715737885e-07,13716.732309222018,5.2847930557827596e-05,86332.29039678241,0.0006527408352950366,39830.59202145392,8.73814521005867e-08,4.364200476339808e-17,0.17966261381258097,1.1445938919151303e-08,0.2378361155913689,0.7621638729626922,,3.200454334740194e-11,300277.4926696545,7.871487748697694e-08,8.666574613609762e-09,metal,metal,intact
1.842393692273596e-07,73542.50715102353,0.018595065003980095,35987.5501685851,5.509562427710607e-17,70985.39059130994,0.3930576979912627,67002.95222439684,0.004326296491106158,7.174186587833989e-06,8278600.536017596,0.07856728363638701,0.05738871565864053,0.03070060459759202,0.4570391682700622,87.7402021249143,4.09701361771537e-05,9.873911804728356e-10,9.913610734181852e+28,15198.743143652908,237492008735428.94,28000.730269653974,2416727429373236.0,38984.38037210652,4.6103510834845254e+27,29729.985221979798,2.8652014855730257e+26,933.687729945038,8.861264137806905e-06,65681.90522680043,6.936260199048345e-07,19113.89787322915,5.0384131634737714e-05,72456.25883450953,0.0008140160813547089,12097.547454442458,5.2584010452036265e-06,2.114929835475483e-14,0.5868686584863111,1.5213392388670267e-08,0.41522514917406306,0.5847748356125445,,2.3971722194339048e-09,1765171.7939532357,3.8099114684336104e-06,1.4484895767700161e-06,metal,oxide,intact
2.5200462112132616e-08,72504.08761958964,0.04473202291254985,28568.13676811853,6.952921149776702e-17,70481.41084934823,0.11909024362372858,131215.60074778134,0.0038749727315214076,3.14182674068227e-06,7964546.583317389,0.056388024208274865,0.0010463155598570278,0.07045026984777074,0.22698307718364247,97.6235890996087,8.874683439904322e-05,7.304209042121122e-10,1.1712713122880624e+29,20535.57197474977,769248415736142.0,26512.319231747046,5.807293458598836e+16,44350.29754820247,7.866974931519454e+27,29771.140777825283,1.336927959325863e+26,663.514536264123,1.5075826137490985e-06,55119.70470981355,8.998895219616343e-07,33079.67948202004,7.176638867664196e-06,82325.3157219755,0.0008322298181151251,8897.427102477826,7.66337673355608e-10,4.926085770613398e-18,0.31264986398329175,1.773568394718068e-10,0.1432352678324151,0.8567647319902282,,2.9468816266174413e-13,5510771.824760811,6.516354628954133e-10,1.1470221046019475e-10,metal,metal,intact
3.5995055558774377e-07,77185.49190922163,0.06484821313973951,37169.762832009816,4.1409231859944966e-17,69184.2035719775,0.3669542422660735,96467.20579800775,0.001758606350915608,3.859162348451676e-06,8971126.72847887,0.05160901999969461,0.040015392882135035,0.056209685113367575,0.1612469038324908,54.548477649291705,0.00017369409408635617,5.836938779534807e-10,1.1387143459090395e+29,21708.78028052621,84984774967103.2,27909.884040605903,3.9980485494135944e+16,46638.257408166086,1.940818898154619e+27,30164.151897771022,1.9526719416456405e+26,954.3738490445887,3.835600024325207e-06,66775.54055218516,5.498486122693754e-07,38908.38366317064,9.563022047119447e-05,71573.34064084032,0.0009540812999874563,32594.392889298535,7.801850781532339e-05,9.378084904404879e-14,0.44714804719617657,2.125267985481358e-07,0.49877387211723345,0.5012259153559682,,5.934646004894138e-09,504566.9637474725,4.734258538154939e-05,3.0675922433774e-05,metal,mixed,mixed
4.287714605299402e-08,76186.7335759047,0.0034415280777694048,41739.64029130917,6.817038143242802e-17,70855.11019815966,0.34866473568421125,47182.93773491995,0.004458262964522524,9.897877778078828e-06,8798627.093488857,0.04561790868808279,0.03576780445670273,0.02677739425090104,0.07023041882869083,60.670455779743534,0.00026399718159202476,5.732634677562042e-10,1.1218689644240212e+29,24532.179473179418,738435829289194.6,26151.965566415045,4.656772611918105e+16,39975.84934541522,9.457216622191224e+27,36073.14358514395,3.0207110762852206e+26,834.4983241622267,8.890601589279843e-06,58945.35334564959,3.412197862298993e-08,30075.393668321583,2.403647043531971e-05,88044.52053033077,0.0008642118981723769,19176.577500282518,1.518712768150296e-08,1.3300058489792097e-15,0.1604864987155982,4.074648974763864e-11,0.03192884435425638,0.9680711556049975,,4.632362267447501e-11,8179684.3940861495,1.3491767862468496e-08,1.6953598190344633e-09,metal,metal,intact
4.048105850778965e-07,78173.61452889316,0.05692459085996035,46373.91780871702,7.684879552930591e-17,70537.11634601062,0.11954426675794619,78417.20126289822,0.00089286501934707,9.915358434628728e-06,3150536.195147132,0.06427625713039312,0.06550650926335494,0.07902606886955028,0.2803015560385031,82.37805856029898,0.0003610776161193009,6.54724276534903e-10,8.679378920231524e+28,23567.01847522761,248035920259173.72,29129.6868394677,2.484329394343115e+16,38112.820703096615,2.2646887526363863e+27,25771.35626291119,2.8141902558037592e+26,1137.4732341957786,5.200452333478184e-06,44090.24059966572,4.2895371933066046e-07,28513.574013015867,2.311158888492006e-05,87808.41340711585,0.0001496879220911458,29317.606732827157,0.0008323472887715686,4.831529451109537e-13,0.4254507070364716,5.638198081652653e-06,0.2743377789360735,0.7256565828658449,,9.020057890944303e-08,438.6592977947681,6.76298510744895e-05,0.0007647174376970791,metal,mixed,mixed
5.28445640689632e-08,72177.5948781188,0.025473027086217265,8454.28627979448,2.3968219307227944e-17,69476.80041325535,0.2566327217651981,117195.47964141112,0.0005848400510201483,5.822945512784651e-06,6432594.338268211,0.017592836440655273,0.05467767134468916,0.0845485604259509,0.42364138391634815,35.82431876577632,5.314826940911655e-05,7.137396239256464e-10,1.0131130794039293e+29,18833.08240172328,116859227479894.08,27358.74464917734,5.0048662207049944e+16,41418.89698479083,1.8359114765527726e+27,31917.308799839455,6.04253851937854e+25,1125.690292862755,1.817315529558938e-06,43042.59431683167,1.0010639768194852e-07,42838.281434729164,0.00013434033349038853,76791.78577455571,0.0004223133804479681,27287.157824044694,0.0007615908862594442,4.064343478571985e-12,0.28463663272914025,2.202272821269451e-07,0.32295158591595396,0.677048193856764,,1.1300378108942894e-08,2372238.4751194455,0.0005948691812219594,0.00016672170503748487,metal,metal,intact
8.259223437874e-08,79166.38728331609,0.027058703464984436,9856.011353850106,5.4416385915150174e-17,69933.7194310334,0.17674732200698548,65594.64588067909,0.0020147399132803222,9.03962774849221e-06,4307075.500368139,0.04642071117703305,0.07317401032945067,0.07537468218042905,0.38047365892288304,82.63006408226164,0.0002510694172796823,5.579574051277406e-10,1.1910560188561177e+29,22408.542530502888,621379363042198.5,28447.131931123346,5.582953729766436e+16,39446.423181312275,2.2147620837362282e+27,33710.77527615628,1.810689877256251e+27,1073.355553355776,3.319008019454324e-06,60534.0702083298,3.599162939166668e-07,21004.83562581207,9.516945325624056e-05,82237.61354153772,0.000827217409879984,35919.32442439167,4.043210207762689e-05,8.064450828931082e-14,0.45527061231957844,2.057363792970386e-07,0.4121105752590821,0.5878892190045387,,8.689980829097186e-09,27902.02243936177,1.371029441372992e-05,2.672180766389697e-05,metal,mixed,mixed
1.1841894372503992e-07,76022.35643765573,0.025614552545627382,5107.272155317822,2.216251948749848e-17,70544.25729424259,0.2392862249156964,38416.74538921266,0.0023907883238300396,7.41433729021947e-06,5420271.178680415,0.08871474932366524,0.011730668949198626,0.025418213254654487,0.12445824787610026,38.85535121333656,6.679477099273383e-05,6.045108116088064e-10,8.896307633322021e+28,16487.48737519549,738924629740637.6,25393.681770485735,5.108761657524613e+16,46730.30028032494,7.968716404866977e+27,28288.296213502297,6.0001547438282206e+26,841.7767781654271,6.28097896429791e-06,40104.469103108284,3.503347739182919e-07,30721.66336289598,6.105316221039467e-05,96192.91205372792,0.0005903953256515727,8352.379937322625,1.9041085696875233e-07,2.6310197340345904e-16,0.32391279684417473,1.2123330040763133e-08,0.37197749566630234,0.6280224922103677,,5.534463350068039e-11,26480.7404011809,6.718525836138234e-08,1.2322559860737e-07,metal,mixed,mixed
2.6207668710682714e-08,71519.44372217575,0.07889246035078158,38129.36321763071,6.926547455791737e-18,69764.85185014941,0.3430193490253971,128969.13982239846,0.004188449247796067,3.7247251667987797e-06,2249846.9393486897,0.023823299922083426,0.028372302259178916,0.08193744505514566,0.38362084266686386,74.96375801838595,0.00010542414420726848,8.899478119436539e-10,9.727101929522954e+28,18650.343728004264,238610978694767.9,27790.052605303805,1.953959870370638e+16,46293.738529991904,5.340254012788157e+27,34678.740222800276,1.904169445203447e+27,1108.5091766946086,2.8826701088337387e-06,40905.77772469693,1.1619006972470752e-07,16474.889441669995,7.366423133253569e-05,88626.57326906921,0.00013366499031255112,31569.646756575887,2.3433866999686123e-05,2.622088673575938e-12,0.2780442983695027,1.8712499263125117e-08,0.018624474874519813,0.9813755064129809,,1.245034239742303e-09,2155121.062231732,2.0236974670614285e-05,3.196892329071837e-06,metal,metal,intact
4.262536158622555e-09,78396.86916009695,0.015616901565321042,1660.2342677446482,2.9031676702729037e-17,70107.63772754619,0.1026922987711402,161815.1569627235,0.0018913180832447283,4.655609907269506e-06,5490103.75945867,0.06417588514081082,0.04735070709685254,0.05781663462190787,0.2889151918661659,57.855735570615884,0.00020935076124609008,6.348007478730872e-10,9.46549963447793e+28,20079.905121608805,147863143207340.16,28051.999415984323,8423281263257395.0,48840.50900003832,9.115995931341344e+27,27859.489481339566,1.5192952094919848e+27,738.490786426804,3.9042696507149e-06,51267.9084218214,3.201336309356666e-07,22164.90159850938,4.6282059164217005e-05,81750.91504385803,0.0006002998061611324,10475.57152862884,1.6612086188600415e-09,1.0841329636458687e-16,0.3314267650110267,1.6385136314568096e-11,0.023513606535551096,0.9764863934480639,,9.788217217553166e-14,5187830.740845845,1.3738038048537251e-09,2.874048140063163e-10,metal,metal,intact
3.896179879000526e-07,65161.590614049615,0.02512384751102257,28083.92288507945,9.534494725811416e-19,69007.15843913789,0.3094747588439183,129544.98123403906,0.002899117573356257,8.60372668635144e-06,524083.23022642464,0.026518853357783742,0.0514761629271228,0.0659335613238623,0.4419803383640624,82.13739963701813,0.00018044871564647404,8.288857820348899e-10,1.1868775960920452e+29,15355.893311661275,353551458286923.44,28017.03824827096,4272910638494946.5,42401.35595524698,3.911533384470531e+27,39178.93955309833,1.2299019702437776e+27,862.7121497558601,5.011976790850909e-06,69621.36670864084,7.822876150916929e-07,16844.547528464725,7.475781256968447e-05,93780.76405816272,0.0005974322982270784,13737.479744145567,2.815512427248318e-07,7.224923412295284e-16,0.26975135516834875,1.3484364506674042e-07,0.3936437576010551,0.6063561075552999,,1.7185026609296227e-09,161.54734215368737,5.113123567181111e-08,2.304200070530207e-07,metal,mixed,mixed
7.563444124740766e-08,66833.28649164496,0.06175169716259483,8647.368176796943,6.255592931311212e-17,70090.10113248232,0.08984469351313984,42524.512486631036,0.004527999147385485,5.6693967463636975e-06,3937393.903346848,0.05735721023210897,0.006059662905686359,0.04360575406620684,0.4588876477067269,58.28154601731759,7.389610389037654e-05,6.279326839370136e-10,9.932985215997502e+28,19711.49480689001,542828312162146.6,28173.394788353176,3.68214542943131e+16,38002.03439467049,4.215170572028718e+27,26344.769263977323,5.646798009511706e+26,1022.4883856455621,4.77530952566041e-06,55481.41762047428,3.679917933681313e-07,34467.61589203222,2.718822035328043e-05,78697.38578804467,0.0005088174414131018,16427.738610647404,9.644369017848194e-06,5.462493265488074e-15,0.3624645418183818,3.775416490797811e-07,0.2840203832480841,0.7159792392102667,,4.312620897787949e-09,1419.6319427470887,1.6748777232491889e-06,7.969491294599005e-06,metal,mixed,mixed
3.482425369826781e-07,64234.07412270326,0.08544384700273183,39648.6424964527,2.9126046393165665e-17,70454.77932950592,0.37838440317123617,117925.6440397663,0.003419716795564611,7.947417321678938e-06,4499151.94157799,0.022063524361627986,0.0807434321017984,0.041222645190287004,0.2448778309853497,94.46883506878096,0.00031114259100212363,3.674866516358051e-10,1.042058030308798e+29,19383.321144411657,194106313707643.9,26109.79176406575,8723484744127856.0,43094.5014789261,1.5101737880413094e+27,31332.127820747883,1.943901420425237e+27,739.5122041294903,2.8933676244286664e-06,59555.09763207621,8.423725380830604e-07,8512.054802844652,4.2895934852295004e-05,75021.64776085038,0.0009152141907256369,15317.21718083841,1.3099309371616067e-07,2.276344913391683e-16,0.5718389842119529,3.577821177943157e-08,0.5126072419335594,0.4873927222882287,,2.7882559608325627e-10,11246.38094717669,4.940982199211086e-08,8.158327172404981e-08,oxide,mixed,mixed
4.2581904709249e-07,67294.90371508758,0.09893835641953536,4790.381540738631,4.848080615489723e-17,69147.26030393854,0.13338476565191537,106667.78211034939,0.004601500002316676,2.399317724182218e-07,8409250.222318094,0.06651494121046046,0.012255609090901754,0.09173672370983119,0.07519257180105007,26.671892483046733,0.00015313363399249597,5.32632570490157e-10,9.134046154201066e+28,21812.289794001157,157206191057045.88,28040.092774442048,1.7252573290410472e+16,41014.13086548535,7.52604211868008e+26,23022.213897666108,1.1691464232912419e+27,1098.1402353335445,4.583781551424878e-06,45478.05276691179,1.9424339275335237e-07,15276.779396219357,5.3355404746771275e-05,88911.6509931426,9.658835889577823e-05,19372.74136642651,0.004711935445612754,1.2408859678303901e-12,0.49341790757075066,8.70949340442723e-07,0.2308416378626758,0.7691574911879837,,1.0586778085814528e-07,4178015.6103889258,0.0036581606943607327,0.001053774751252021,metal,metal,intact
1.0948238365712407e-07,72476.74147361566,0.026026100925435378,44202.8169773268,3.5271879282055513e-17,69003.66535639211,0.1698230305692961,43097.16679034304,0.004736638040722017,8.913921845722748e-06,1813026.9154748507,0.06471408342055429,0.016914817111941483,0.07353937962272251,0.40368061899429075,81.55379236845344,0.00019343144154943342,9.495484757206485e-10,1.0915910304870255e+29,19985.35925071233,733465170404591.5,27581.582947634346,2.0637902085906416e+16,35782.65502116682,9.060061253983481e+27,24300.077277646837,8.495626657699325e+26,723.7642286381652,4.064298046039093e-06,48149.15335073172,4.157417676928229e-07,37439.531747558765,5.779405982833741e-05,99886.87392464976,0.00046273946381991974,11989.239374085428,3.49497678193958e-09,2.439870455912505e-17,0.13412206453991563,4.057096313858573e-10,0.46225423475052146,0.5377457648437689,,2.418024414116244e-11,155177.82917507834,2.204441954429859e-09,1.290534827509721e-09,metal,mixed,mixed
3.559452552303048e-07,62717.72436626779,0.0902878929948227,36326.58656464541,6.45726438093728e-17,69978.82524154085,0.2415098008021706,122727.48344627557,0.0006873692404110308,7.63445118737328e-06,1024257.125237559,0.06828717445410568,0.01714285624609478,0.09093650440940444,0.14637279279513327,23.273917683827662,0.00028180017340617106,7.157012117066073e-10,9.288316646305526e+28,18012.729448129474,815934944827516.5,27198.077910030795,3.2199079097232628e+16,42327.261251438904,3.101349686800457e+27,30220.598458756125,1.4626927714690255e+27,1077.4006486216142,7.008035368810066e-06,66279.09040960408,7.886600627582868e-07,14582.084094112806,4.315873432824075e-05,82556.39780307804,0.0003059750880983591,21268.599598937566,0.0009080093025136885,6.390306350943728e-12,0.40568160398649056,5.643457344505465e-06,0.45552702152146785,0.5444673350211876,,2.9601805611152244e-08,68706.69998480171,0.0005179791784511621,0.0003900301240625264,metal,mixed,mixed
1.4551250879924965e-07,63218.2178589946,0.060491637659376395,22715.713399702872,3.105472972470106e-17,69234.1423376451,0.10472311752066772,28437.244137182795,0.0005169133378842585,3.7413284814735807e-06,8752744.646442866,0.07094135265487692,0.08307128478338675,0.014137634128739546,0.23170690964041898,84.05745233303554,0.00023463847746200617,8.192329016368736e-10,8.42516123702683e+28,15896.955520304127,217263871031898.34,26659.995265090685,2.1804879905225824e+16,43344.98950650274,1.777353809810462e+26,29424.09812431423,1.321099992806408e+27,762.6259628082599,2.5259719533436746e-06,49337.44852422041,1.8855572024718425e-07,21421.880992016915,8.713393757253825e-07,89368.57562642057,0.0007030304227828687,37606.054905247875,4.2407568130532395e-06,2.5299394901826144e-17,0.3441135015032537,8.23614781946258e-05,0.010943262999986558,0.9889743755218187,,7.437500319850942e-10,0.7835032042071902,1.6636894342431546e-08,4.2241199187108076e-06,metal,metal,pinhole
2.3095023891282015e-08,76216.66751013856,0.0016823230661150834,44838.67713882473,4.7465337831112944e-17,70167.6226965036,0.27127388263663305,164556.5027692543,0.0019788970565221276,3.729425761321378e-08,617180.6233664363,0.01715430584825214,0.012830253563176266,0.06535899419884492,0.09025475100661216,20.146203266546657,0.0004276820643069038,4.80925778362073e-10,8.393920320300778e+28,15936.47410822876,310840900351431.6,27585.167002078535,3.080027525084503e+16,43454.449730060165,2.2067522114268843e+27,25220.68571468107,4.8750279236261956e+26,1113.6594584318614,5.5484528312102615e-06,41837.59922802117,1.2577061807493233e-07,45548.38287664913,6.165008776017534e-05,79117.87716600532,0.0006761024094505669,38218.2577975683,1.210411403019974e-06,3.004964724167854e-12,0.11406634044738369,2.4837955076155023e-09,2.5078361121598943e-07,0.9999997467325933,,2.794294604394198e-09,617179.1351808945,1.0950065012968673e-06,1.154049017231066e-07,metal,metal,intact
3.3687824135200054e-07,64067.891400205765,0.04849975067381772,33875.674616705706,2.6391671338402064e-17,69858.5313267188,0.3971728165943807,54108.78713109817,0.0029274606177005155,1.6857879727997459e-06,3488543.555555474,0.03969049989790974,0.09533082958783104,0.05563244809074691,0.32066323520235196,51.03542075900089,4.665228278758251e-05,4.354953896456985e-10,1.0474941837278168e+29,19071.951840554004,181084026280929.47,27536.914891980592,5.421591607072536e+16,39923.15770218944,9.986937960903133e+26,31261.613399109112,1.6457295558859698e+27,631.5962611633151,8.988878359358391e-06,48999.063417741054,2.2294764970255207e-08,21733.11967762848,9.117297104879517e-05,76355.14935165677,0.00017042260002732732,31436.243787257812,6.679903907802788e-09,2.4528387579483842e-18,0.07303077248720537,4.0418196416317333e-10,0.45973901664332134,0.5402609829524967,,3.533503318470942e-11,9898.792147525544,2.0823965749431643e-09,4.5975073328596234e-09,metal,mixed,mixed
3.121645496771023e-07,61107.56401046019,0.06696638075966914,48312.398071910495,5.161602093261818e-17,69948.33978579816,0.3456255045194074,26931.64015827331,0.0024423547313844303,4.8433599769216936e-06,7920341.656723656,0.043011642428848994,0.08629390148072971,0.07257822343871065,0.3859110003988884,23.513910067784632,0.0004121493602655201,6.422984361658719e-10,8.11702042772411e+28,24995.825282636757,526224285022081.8,29791.097948021645,196216554554401.94,48712.7543782344,6.947063233578335e+27,23936.77787038616,1.7282589449792705e+27,947.833806514358,7.202306435115879e-06,49250.89155105375,4.080340477008497e-07,25639.873727188475,4.346099055740139e-05,80698.53177473234,0.0009805119008918838,34296.23716205207,3.6179685192137083e-06,2.7021581916881367e-15,0.47745340063268876,6.776054778219319e-08,0.49698413136138364,0.5030158008780685,,1.2728926576363577e-09,28244.615443711413,1.1784610687129976e-06,2.4395074505007106e-06,metal,mixed,mixed
3.812123333182304e-07,64374.06370829811,0.022436755603974998,37369.13924118973,7.070220700832026e-17,70171.4505706024,0.3716306690750584,30727.48617572645,0.003269908541643211,1.2913315760385989e-06,7551982.705381952,0.036584014842643744,0.03958560871606555,0.07646210937345861,0.28822168940313425,3.135351992992637,2.8334633453400482e-05,9.859178217325315e-10,1.0917900703655066e+29,15334.861920756222,484268324778183.0,25523.95014884582,4880190160202745.0,37518.14985867252,2.3371361252450332e+27,35725.85222157669,1.919885521449543e+27,1234.1056332647706,6.614144698704595e-06,46331.656773290655,5.639999424138696e-07,43036.17753970661,6.196262845575276e-05,85104.8890685355,0.000990898539811509,8828.858855608163,0.00034550196779991514,9.55556180035526e-14,0.5552743186062281,8.617361055658817e-07,0.5957448347915526,0.40425430347234187,,1.6811439754613135e-07,25787.437287552555,0.0001622440849541875,0.00018325788284572763,oxide,mixed,mixed
1.9799857638668856e-07,67081.57899070444,0.035156830678970394,45733.69748135666,2.3690678920543106e-17,69478.3247402077,0.1049690535378042,133693.33355567296,0.0029435643753731987,7.102391206703279e-06,9641007.355929554,0.05115029621706295,0.051744511271600485,0.02211207257160938,0.028338239898976388,67.91613526302945,0.00039626340207509826,7.99368949887071e-10,1.0269190990640527e+29,24475.911558133106,403284865257256.3,29723.31365680314,6276126099434991.0,49785.2143315449,8.322664757538565e+27,21985.85189179698,1.5422167398216726e+27,829.3816329349332,5.726108717109395e-07,64165.37489598132,6.870230121368652e-07,12427.106222381695,4.537859971411602e-05,83196.31802448872,0.0006433305687048747,36144.89535253211,2.64609020362163e-07,2.3221306083513292e-15,0.6235582911939289,9.831417004997676e-09,0.20984711010073975,0.7901528800678433,,7.715423322071684e-11,5442071.621726705,2.2249926386297203e-07,4.2109756499190966e-08,metal,metal,intact
2.498143710632521e-07,61371.7038270261,0.05608539658565336,36441.35044353774,5.755874861916886e-17,70947.51224028828,0.27500557961133054,85827.01731213371,0.0038780004227843582,6.061977635135361e-06,4690752.343408683,0.003178299429932359,0.06153373379466369,0.05428185479220933,0.33699907202266166,45.90738119267627,4.057019537894325e-05,5.407278166267928e-10,9.619992596673495e+28,17167.353318566824,387926629500554.2,27652.074783513104,1.693750340163639e+16,36214.95603516614,3.236305165737484e+27,20588.001228922694,9.390311599151074e+26,1019.5388570864335,5.927585399934926e-06,56054.09745458736,9.667827108201576e-07,37720.09335465661,7.839310754087363e-05,97121.05001532933,0.0007044727656499776,36727.36163604909,8.059677585027348e-05,2.164283877066001e-13,0.4821483311565975,9.632614093338805e-08,0.6294886610632923,0.3705112426105668,,2.1274730007144515e-08,172567.64007955606,5.50745985250079e-05,2.5522177325265586e-05,oxide,mixed,mixed
3.951649751805262e-07,76675.37181127977,0.0895478640529022,8003.393190074064,2.6606293064572365e-17,70665.40471318048,0.14627632259881873,122550.87028458882,0.0006597438779609435,3.789999208472269e-06,5137196.048905,0.0967611791091245,0.03593875073233483,0.04518694566598108,0.2599103327803039,47.34266808970856,0.0002713605843071031,4.786716985835685e-10,1.1934881629353944e+29,16242.414890606218,233166072618979.28,29634.72521262971,5.151171329415449e+16,47524.50789086476,5.083244138578401e+26,22810.259089010226,1.700265515418143e+27,797.9679266068873,8.460400921078848e-06,43195.250324880864,9.427375306294188e-07,10572.102615546133,0.00013126088469882517,77526.62536645606,6.133910972367167e-05,5911.051910256641,2.1555681712444503e-05,8.685404199982819e-16,0.5947743602925591,2.9181014773981766e-07,0.06418033655627435,0.935819371633578,,1.0254897280511591e-09,32.048058424115155,4.259565420844188e-07,2.1129725170360085e-05,metal,metal,pinhole
3.99222369190467e-07,75905.54639707222,0.07154065454439638,32594.257746371106,5.939735575816466e-17,70131.78351556025,0.0994859978011892,101038.09416874136,0.004616765457729873,9.843288908151641e-06,2659191.85943899,0.045830739836352226,0.05241016824640898,0.07302867154440004,0.4748133675777884,94.70450105076395,0.0003297641994117986,6.943338458606689e-10,1.1815277930523583e+29,15555.200719122615,13982377896584.82,29153.665506738682,3.4500139077160244e+16,39627.79939439638,5.169705279313469e+27,27594.22317367533,1.0714713897626707e+27,664.2995259842255,9.0528658628665e-06,64759.41358911389,3.882481511529963e-07,17534.132536274676,1.4384970088431775e-06,87581.09708705737,0.0005122679073513052,6861.183344346451,2.744153074017781e-09,3.9581683717372406e-18,0.2846110641365568,1.7061607189372198e-07,0.31884314722642887,0.6811566821574992,,1.259246746569824e-11,2335.8500515078117,5.273564194472013e-10,2.2167966545705797e-09,metal,mixed,mixed
3.616785250800462e-08,76083.41794424554,0.0583633136460466,45532.984082729316,1.9499059048218924e-17,70126.4038858657,0.0815444134157422,48099.78412097764,0.0032469263796388544,8.058287316414236e-06,4873043.297798947,0.05009132455063145,0.012681303582489818,0.03177611311150755,0.17401398001655616,17.971051011658542,0.00040979009481138454,9.150845283837749e-10,1.0674236061020793e+29,21456.374542835383,427584966751101.94,29339.676086782023,5.687524361777417e+16,35178.65957340696,2.239864831691181e+27,31062.679380872905,5.974298159183783e+26,825.7787707048047,7.727309839102656e-06,43005.69304411632,4.526604041996135e-08,35451.78294694914,2.8417805756770234e-05,74159.88783101682,0.0009191455941777138,32247.277201846005,7.449526487443756e-08,7.927312511673896e-17,0.11671013491113423,2.0224944699918226e-08,0.3492870263685563,0.650712953406499,,1.9621389771217488e-10,2686.469365485005,1.9202407082602914e-08,5.5292857791834644e-08,metal,mixed,mixed
8.839332413915922e-08,64611.86415145669,0.028578142159748892,45552.611880143486,6.858873366941049e-18,70261.75411340434,0.13410123332632212,41702.24162725061,0.003252523102403347,7.543112649095749e-06,7437758.379856706,0.00428562699681276,0.006247968269933407,0.057573128746708745,0.35920366954070576,43.12876426638007,0.0003379635431711799,3.5944699626857534e-10,1.1051017801661009e+29,21396.398111814233,405800114704256.6,27964.74186887002,2.0915957819589584e+16,42447.23489297733,1.853041687498574e+27,26207.951424179228,5.031060432813802e+26,1211.0292377417964,2.9437177782875425e-06,65751.90406324816,3.166758663337565e-07,38440.384945419566,1.4545366562457414e-05,71505.42653290967,0.00042348667932926216,26312.298828654006,1.1332085296330807e-05,6.677063639226423e-15,0.48595188906635867,9.916998684118496e-07,0.622575853489019,0.37742315481111266,,3.777527430814648e-08,57.48048825814235,2.2434451765959516e-06,9.088640119734855e-06,oxide,mixed,mixed
3.376450287333792e-07,71266.73323871384,0.09691251945495913,38906.64372593485,3.6116687103726713e-17,69458.10460450036,0.1992351715236979,156745.4778577654,0.0017006435973851374,9.390126131596978e-06,9562697.195208605,0.04533910562546968,0.06814291604947292,0.029358924142635738,0.13155378686428046,74.03350666317175,0.00035275219218325224,5.077299279656615e-10,1.1511347947924499e+29,19027.05017979732,504204073197618.1,26293.212182940824,3.9071908084297384e+16,39995.791750711796,1.2262246324575096e+27,28763.783556619328,1.3911130760140948e+26,1165.669293845828,3.1697412392835725e-07,59245.377355554854,6.06024433568092e-07,32177.685135766344,1.5017171651305515e-05,79296.28955272873,0.0004462501554767179,28652.759102655633,0.014920938253198542,1.8642897207550264e-10,0.5814548999744957,5.497767966864609e-05,0.20905991460440768,0.7908851077159237,,1.4205683793344866e-07,4572846.174583608,0.012292863205902727,0.0026280750472958154,metal,metal,intact
2.4376914426095633e-07,66099.19582856487,0.07053679867115653,2908.4186699907505,6.044717734013408e-17,70775.52801748221,0.31891991874973036,156621.63725573602,0.0011691277852546175,8.027209751980131e-06,7523480.588797603,0.05897727562205263,0.044974157647584175,0.02099016623923695,0.23917914098555063,16.06217469629812,0.00031699306414348344,6.117128313407319e-10,9.013028788723699e+28,24498.924564105517,482617189923583.5,29084.365480876793,8141346248646328.0,43788.07297122672,9.472175637763388e+27,23276.947012448385,4.199264432411217e+26,692.2284506089547,7.633841794321577e-06,47348.87762885544,1.7171946688913745e-07,47413.627308435,0.00011241009209599078,77121.03768490111,0.00033098548808599,26397.617871357525,8.763717583402639e-08,5.960375402440922e-17,0.09671672702843043,1.0209904522361684e-08,0.2783635951000131,0.7216363946900824,,7.832547634147697e-12,2771.443678021358,1.748224979612707e-08,7.015492603789933e-08,metal,metal,pinhole
6.806870462186476e-08,64309.15684386987,0.060228397670703954,14784.30612043028,1.8632532927723243e-17,69632.38493873854,0.23696394977461133,69516.12863650577,0.004136290616622972,2.244568816322757e-06,993223.1971815242,0.07324499218948692,0.04949898456388906,0.08863589402524875,0.37892196674260226,28.503610050165868,0.00027739657703709547,6.561176000504858e-10,9.146849307177821e+28,20456.903150032238,560469900487858.7,28980.244938119817,4.0851533659213784e+16,43231.08106566122,7.087137062694453e+27,32268.04440452096,5.0167170891828355e+26,1260.4148808846655,8.134638988176059e-06,51863.488077251524,1.1900306991483347e-07,16492.136436754343,2.5852371836425683e-05,77713.06938775249,0.0006703037497422372,18766.160282969577,0.00012420339603921626,4.766582795564528e-13,0.2238214326637491,1.9659877851639646e-07,0.35546152701225486,0.6445382763889667,,1.3884375680020138e-08,249921.57213904598,8.322064925250906e-05,4.09827467867072e-05,metal,mixed,mixed
2.697579487915584e-07,65646.80281739288,0.004530029624562511,39152.32290052497,1.658090240352766e-17,70875.48123167512,0.39485641037519226,77048.51666089581,0.0032021179832307754,2.0063135369136416e-06,8812605.512573907,0.010443338158732749,0.002222381373911245,0.06861190381134558,0.05476284498721057,22.026115037488513,0.00022054016175487883,7.370772271798051e-10,1.1928941540243884e+29,22265.706770127843,436971562158291.25,29782.203107591846,1.2786624838865736e+16,38777.52259514215,7.417259297842355e+25,37976.93889926083,1.5073721856830062e+27,732.6771576433921,5.803007588194204e-06,59576.78000832109,1.9254856005713418e-07,25302.866708580663,0.00012100482199088272,77867.06830703793,0.0007836767111947346,34996.016164500936,6.001496303625232e-08,5.63726669635908e-17,0.29422888933154123,2.3062041781373557e-10,0.5309148028049725,0.469085196964407,,4.5953353747245463e-10,1158476.7020974604,4.886451010936257e-08,1.1150452926889747e-08,oxide,oxide,intact
1.0272782995664321e-07,64671.318737904476,0.04332481331583974,6507.243545281709,4.640030573888363e-17,70156.63419647925,0.3323150559468422,145743.88336953975,0.0045058851534620845,3.8032172866174363e-06,5208973.3643691735,0.030735028438298635,0.020958655386514848,0.007612533272109689,0.45058935260065913,38.65280536225437,0.00045978536196724284,8.00379842329026e-10,1.1074620259528764e+29,22479.78288105101,547704799225893.1,26054.234661386214,9205668198664860.0,45942.53615874372,7.654303607013059e+27,21172.262188379882,4.0875557193558304e+26,1264.565386507967,6.633334062698819e-06,50104.567304224605,8.240320181641077e-07,48451.600079513206,0.0001044989949044065,96561.29738061668,0.0008957263889689999,18036.914914660163,0.00043691283175106756,4.767611388169198e-10,0.5546418438377221,8.264633231610924e-08,0.0006497467143934727,0.9993501706392742,,1.950966555225647e-08,5200902.843328784,0.00041098844889677375,2.5924382854293818e-05,metal,metal,intact
1.8056011607411673e-07,70861.65774173627,0.004111344823070523,33196.24969810914,6.87224147262131e-17,69973.92581724361,0.141529692938111,45948.46538500737,0.0010311371640910612,1.3706198044883538e-06,1688081.8481004622,0.0227111236138336,0.06738798788942374,0.07368392748777952,0.33817883468045873,8.676377660943341,0.0004772360701868781,3.2598287935822505e-10,1.0684861254503406e+29,20157.546276809393,501989550889582.5,26640.44925021546,1.4464081736611506e+16,48764.09885897282,8.972482650667481e+27,21538.38219329133,1.231357642553167e+27,801.3037695238675,2.3392575172757843e-06,69293.24470463142,6.72024146074797e-08,11357.963693282105,0.00010404225221193839,79317.76492987278,0.00042687538840232523,25253.01656152997,3.007897423451031e-08,2.656225477382406e-16,0.17949061043407516,1.652962894272836e-09,0.09986987276560005,0.900130125581437,,3.600913606110465e-11,1318320.5521654843,2.4730727351960312e-08,5.348246882549997e-09,metal,metal,intact
3.4403407475578606e-07,71403.23667162498,0.05345143373664117,23835.89147863035,6.982332854142942e-17,70641.30064792377,0.3369872652947091,84449.02402750059,0.0031725293765902385,1.2165091440311168e-07,8476939.936486324,0.08151867366717609,0.030993073719471687,0.04560361281415198,0.13439736217900786,95.8369923643084,9.429538189376075e-05,4.1089018361686324e-10,1.1471530035002531e+29,21711.496803046666,337957515448759.5,28969.225844903136,3.5337463996196628e+16,43044.64947095485,3.316068046367373e+27,25180.454829268783,1.6259038557663268e+27,1089.398833838788,8.375609770664875e-06,63265.79682476817,1.279865987960562e-07,38323.90286829835,0.00013404791766828943,87423.77449319404,0.00037840642179792864,38263.88702043104,0.0011196931410721095,9.38523978599748e-13,0.34186593487607037,1.6241691751332903e-07,0.04153584046211361,0.9584639971209689,,3.1765128284290596e-08,7656882.434015614,0.0009352524664934573,0.00018444067457865218,metal,metal,intact
2.321364489366334e-07,61682.825785341745,0.053824642552159505,9936.668244611194,2.510950121895862e-17,70756.80881138888,0.10808861025758619,116794.58525480799,0.004003622836440697,9.98638090398495e-06,8485055.607170438,0.01112413512623275,0.07450566826319216,0.08162043795971664,0.3587768798628224,39.76584633183653,0.00022244282383253027,4.141294214490024e-10,1.0023353445911749e+29,17376.496489072117,677211211330474.5,27888.788450390315,1.541172398331521e+16,39315.20424348259,8.837811296147733e+27,22524.852507370513,1.347123488887329e+27,628.050217280478,9.361536451516827e-06,68592.92683547325,4.3403392706019676e-07,44543.78234757096,4.358881905532693e-05,90850.24329687608,0.0009200790418927721,36546.07897325177,1.0690497148579229e-09,2.464613212526976e-19,0.1231487681263705,1.473159951128751e-08,0.27106697246616895,0.7289330128022317,,4.46254674815318e-12,9.126519855653953,5.980437908911664e-11,1.0092453357688063e-09,metal,metal,pinhole
1.4342871567890827e-07,78669.71452664674,0.06316357696687326,34567.14856201277,2.1355037315736308e-17,69864.49759715854,0.3230150556321724,157185.6958320057,0.0045518433635850595,5.8378506087109605e-06,5416817.145299078,0.050375220788143875,0.041306917810597914,0.039659870754681206,0.22411862792182954,56.530369821687934,0.00041031494712447363,8.31811889426496e-10,9.809360987566895e+28,19757.80549290497,709880289947964.5,25467.205209398377,1193399713661931.5,40327.201163638165,8.037143945870053e+27,21706.3255075437,2.7772106957527514e+25,929.8431701779419,8.355526538846692e-07,57033.59070539448,1.0121122998232575e-07,41425.300187398934,7.075212320823142e-05,98387.0540959834,0.0007525848764770412,17647.28809628415,8.284698321930521e-06,4.939029439302796e-13,0.190799720047724,2.9637277185895024e-08,0.03554392758305287,0.9644560427796702,,7.769878654792981e-10,4985258.19840225,7.159877082673961e-06,1.1248212392565606e-06,metal,metal,intact
1.830661794567252e-08,70537.33453185466,0.04989143310877325,38735.88828508867,3.3538489803796524e-17,69818.98392405828,0.09451889382669004,93430.39584650072,0.0012115575077417976,3.404242768612553e-06,6675096.153141034,0.05729436497952632,0.018668731666082225,0.06789788536150615,0.3800737821815995,83.75410043224299,0.00031135072190216295,3.7265954820254004e-10,1.1171502554723983e+29,16170.327572302636,698343940428444.2,25001.77262984065,652753407825600.0,46370.22721926679,3.1323223433960184e+27,22958.35885003246,5.8248384427437676e+26,1149.9999416767814,9.440568723996797e-06,42014.811679722035,8.102841712705454e-07,22305.654531385637,6.923214022721695e-05,93416.12154268686,1.585211393167962e-05,27434.461560816653,0.00015181299338650432,5.679179452086706e-13,0.6234045782441944,2.202569813554547e-08,0.26811365412126087,0.731886323853041,,2.5407725178719457e-09,3007958.6001478215,0.00012198442543096929,2.9828567955535033e-05,metal,metal,intact
1.629324925077677e-07,60766.88282156127,0.027836477299837348,19183.492597912616,4.812566850916365e-17,69568.72223988645,0.22853255725572852,161379.58272029276,0.0037183822807964027,9.566354662726914e-06,7797001.205101482,0.021114407793951285,0.028489235929267685,0.08929591173244977,0.2586147472681172,2.24854281699173,0.0003741542599167682,8.95161661553115e-10,8.348003298467338e+28,22281.945356838405,583983511456926.4,28592.97320090184,2818319428256269.5,42302.39584068593,1.626651488355947e+27,21654.20001882445,1.6806368198125275e+27,788.4270928708313,1.2797214053251946e-06,66185.38404805394,3.217763641230042e-07,25389.522988079192,8.999684730826062e-05,84151.68863930531,0.0005257736900459749,35463.27961744789,1.0829177315599598e-06,4.625891265583721e-15,0.3691273671894654,1.833567814604084e-08,0.6182885748848974,0.38171140677942444,,4.344658516858996e-10,684459.7222305567,8.19068180722722e-07,2.6384955083723784e-07,oxide,oxide,intact
2.365227553606807e-07,73501.5942206985,0.016699411220770292,19386.375278069932,2.7788018457808013e-17,69463.0883270153,0.19111405382931063,105437.24423041542,0.0007414699380990671,4.599043537315063e-06,3714034.4947714447,0.016896991725868674,0.043477693255100494,0.08887596504381115,0.39784028996163934,31.03351015153023,0.00021860951301362112,8.661015900377468e-10,8.93275587442545e+28,20862.169108468093,512834978169234.9,29718.29377998454,2.0947482732644868e+16,44739.82747987679,7.175520599503878e+27,23046.125191218736,9.548913628312672e+26,584.7044871627029,9.32016184182278e-06,47379.295675034,3.486059003763043e-07,41229.95605329293,1.9347878598553872e-05,74869.96352554936,0.0008788651919039316,26132.761018830144,5.544299094438276e-11,4.732269857378772e-20,0.07018969414580391,1.4932163597705336e-10,0.5585532869214267,0.44144671292925164,,1.1064752520456137e-13,3813.133086227895,1.633323841020426e-11,3.91097525341785e-11,oxide,mixed,mixed
3.4683341965416207e-07,77015.5548096162,0.039133242645566446,16919.560960577124,6.118602170973755e-17,69689.5062142492,0.2806413275995322,139569.03918287816,0.0008107292484005138,6.123284494488148e-06,1402255.2345829168,0.009375759546734705,0.08188440136049506,0.09141897909431379,0.09686510239997285,80.40801714431872,5.0461184197992054e-05,5.391403224920454e-10,9.67531288793575e+28,16739.63521364059,473749367925201.4,29086.57806782322,2341918830876053.0,39077.21790282982,1.1755103412423557e+26,20976.235047424387,3.5320479854698616e+26,601.1600519218634,2.052049461076984e-06,44290.128484318986,9.967379908698945e-07,31846.113229445684,0.0001190006147703453,74285.04833237959,0.00010642410645575525,11419.976980217147,3.4304573678896867e-09,1.967141891269085e-19,0.13723982840340035,3.263016517366568e-08,0.0984386399802201,0.9015613273896146,,3.2242398748460184e-11,0.018676022590632436,3.108906221717111e-11,3.3993683056725154e-09,metal,metal,pinhole
1.3794651489647719e-08,72648.92562477801,0.07130110964437548,25517.659087490294,8.72078441213161e-18,69230.5104177992,0.21495720311851108,127117.77915843236,0.0006976850150630962,6.4037744286218945e-06,228900.19457127465,0.01014791950721911,0.03775847536229254,0.04169063487016793,0.08850948786219762,51.91699640235162,0.000479400218205095,4.883806999027093e-10,9.942239978477336e+28,24775.878696214557,331117232290627.06,29755.337835824856,3.1557220122766332e+16,47714.869220675355,6.63502245277491e+27,30989.583075486982,7.839342171383377e+26,1134.8686261742432,8.763749539407682e-06,49670.36439034042,9.459289172667969e-07,12746.567105905178,0.00011582334836733005,84194.26346430174,0.000994774286672076,34254.23489089388,2.4532877335050842e-05,2.7785301998402717e-12,0.27523167323709286,2.3671648052707248e-07,0.0985808872775115,0.9014188760060078,,6.771609567684167e-10,181783.26788033068,2.2105473402840372e-05,2.42740393221047e-06,metal,metal,intact
3.3550955534066775e-07,60673.07079651387,0.05227560278952081,7147.559383767558,6.342048868282022e-17,70897.02715264283,0.296680586352405,49287.6592498417,0.0014490778161458666,9.814089672914184e-06,502223.6792790631,0.0400061317240143,0.024110782628537306,0.023008560409507165,0.07742163867686266,20.559250766298295,0.00024295554908412183,9.466331135901385e-10,1.1983776076501323e+29,21790.338461135896,92340141947840.25,27824.095893515434,1.8481542956432772e+16,46211.64439105995,5.841951470930681e+27,21906.733416151947,1.8423105079119633e+27,882.5068663682068,5.464777749835686e-06,58621.032625707056,3.69175025857337e-07,27568.192768141296,4.455084096511563e-05,72524.54991126338,0.000985115657700211,36627.31117409551,1.2926783532465894e-06,3.083588287960717e-15,0.1544990868131017,9.163232388814112e-07,0.2540299752525225,0.7459691084242382,,1.2076341811638635e-09,44.10353746168916,2.0137425297761922e-07,1.09130410026897e-06,metal,metal,pinhole
1.365879256254872e-07,60981.42609068369,0.023207452332650917,35478.57961019188,3.4602654111339735e-17,69770.24995764885,0.1555718196330811,107549.52820633157,0.0023314377919453058,4.513424082103974e-06,6089353.455586596,0.07633711733367037,0.09148720384392836,0.048209735830266616,0.08491145723841606,97.21990936757614,0.00037848814789415153,4.170216786543942e-10,9.348146342933687e+28,23336.848301606413,573783642970642.9,25048.975574194916,2.9653453776610296e+16,40477.298197814256,7.849268035805262e+27,24979.394984534832,1.2302004012779857e+26,1262.342954795548,8.755540749891664e-06,67566.21893588698,5.376101194842743e-07,26305.19960146556,0.00011516916285883771,91048.47702382546,0.0008315274436475182,26686.81464429063,0.0008299045788470496,1.4103092178716614e-11,0.577933943583174,1.688099036648314e-07,0.08020054181084377,0.9197992893792525,,3.301902661733809e-08,4893346.368994699,0.0006354721537415532,0.0001944324251054964,metal,metal,intact
2.8062115376441683e-07,74855.74738825728,0.006133234227708966,30851.973051602174,7.145219365337018e-17,70035.17289952995,0.36094709512061984,67258.58722543874,0.0006657205544686568,3.3764854934235173e-06,9755758.450153023,0.0461333007188102,0.05407745588473728,0.0330865090152711,0.2036465814096597,88.30981207300373,0.00014002804840108983,7.832658921166908e-10,8.845612965281378e+28,22159.816687225553,567251354595651.0,25627.06899904942,3.781357107593056e+16,37479.65602488545,9.930929774245858e+27,21457.21772337042,1.291629197747051e+27,1117.7094854237464,1.9511780018302835e-06,58756.09719195602,4.024881615696802e-07,34632.106380805155,0.00013044017111687634,88216.23872999742,0.000137370535854153,23170.595359648323,0.00022779841471472697,4.4578987064356055e-13,0.5258701102976493,1.1646109059209036e-07,0.39931893193263174,0.6006809516062777,,1.8743333533242334e-08,2493440.3432381935,0.0001775742457522911,5.0224168962435865e-05,metal,metal,intact
1.4240725094460881e-08,62788.791747506024,0.004735279610735514,13693.912951123195,7.397334448618948e-17,69200.00800632489,0.16817517702304002,84955.22660832305,0.0037253027691244184,6.892674187151291e-06,2018790.9687919929,0.029452555710823072,0.08421709454027422,0.023843776186250533,0.1645766379612708,14.212800401628792,7.146129533438166e-05,7.986765684735105e-10,8.49352539560635e+28,16368.14902259052,79084298314457.95,25787.74570288443,4.8184495390981176e+16,45920.36019122739,8.212180111024882e+27,28276.919528862396,1.8490805855470277e+27,1233.6661866263835,2.3103123523585627e-06,60414.44521936908,6.314466700976784e-07,30192.321199230504,9.0981516126135e-05,73601.55857511274,0.00024395835247729405,26266.724292274343,2.7772091480550207e-06,2.324595408769264e-12,0.4423335629605682,5.417683551357071e-09,0.003466899222566349,0.99653309535975,,1.5252200688073852e-09,2002858.4204751516,2.3941478266667235e-06,3.8306132138829723e-07,metal,metal,intact
1.4838661937242828e-07,74079.26880173004,0.0350071216315215,42813.47459600041,4.683738687909674e-17,69827.15285967987,0.24171591486197075,161224.5843144754,0.004291299800174555,1.520087944164999e-06,8762338.243241375,0.09969921995365805,0.07576444767867362,0.07683405588299289,0.09447392573685383,89.28450747191505,0.0004506464345222958,8.241819777679416e-10,1.0091025912233139e+29,23941.384846970504,297837901104106.75,27163.759262213312,1.864128307241734e+16,45388.2257515971,6.724115242720305e+27,28231.674189434772,1.8715122180571183e+27,760.6764870774907,7.219668231433532e-06,61077.11563197449,1.7700241962740754e-07,15994.095742872654,0.00010019941986643086,95461.37258041458,0.00066034827861039,39569.8105488807,3.64667578704555e-08,1.2892707539068114e-15,0.38878715150807686,1.357280732279456e-10,0.010640311655965254,0.9893596882083067,,1.9728367639081115e-11,8516548.24699951,2.7171224581717698e-08,9.295533288737805e-09,metal,metal,intact
4.201036681381945e-07,67816.5619969485,0.07349042765759022,29421.42953134853,4.9183559406703024e-17,69275.44872018968,0.16236542414562927,64677.06707943402,0.0021049561434852335,6.193700152243297e-06,3049230.0435109804,0.07343655695907338,0.06058040183116704,0.0999223451305741,0.33135015441796967,53.40244822935061,0.00039423435219317006,6.954070167437735e-10,1.016906441926251e+29,15949.071973733366,302065880274849.1,25418.754181667184,1.8199651761265452e+16,39181.2700806732,8.541196212848334e+27,35784.19114058699,1.7747802538627398e+26,932.5870567939139,8.741458640263683e-06,57199.70890716894,2.3210833035315465e-07,42685.95825537679,1.72675441468078e-05,96868.98623981621,0.00044542368018262417,37446.56822660668,1.2927988231898291e-05,6.2563863508590275e-15,0.20688536804900748,9.615274208215863e-07,0.2986496231261692,0.7013494153464102,,3.675542881594067e-09,1102.4110890108673,1.3256187790855276e-06,1.1602369452812763e-05,metal,mixed,mixed
3.422777734338578e-07,63297.627774087094,0.05881663836810809,8630.130971198829,3.0647705402888906e-17,69762.47480998935,0.30906849251768237,26608.691801680718,0.004846009768673738,9.634481442539953e-06,3081567.2089149184,0.07088284885970696,0.016254602913274428,0.043430138207981514,0.4174730950593693,67.63770702661786,2.7244672077998118e-05,8.815375418884333e-10,1.1725498872829222e+29,20614.018310133975,394929675403402.7,25202.702383460855,8628123691946300.0,38757.28252160514,6.854751067662765e+27,32710.452396044086,1.5146436671124785e+27,1004.1572617265972,5.900824953687557e-06,50480.97633351433,6.057963401561635e-07,9096.147570378209,5.605959630375029e-05,86924.64969262895,0.0005776308345198868,6154.663596007616,1.6074237274346257e-05,2.775100247495226e-15,0.5260746234989357,7.524975245037779e-07,0.09605425942322465,0.9039449880792508,,1.1437333814600799e-08,19.111530575871747,4.3852157683384897e-07,1.563571569751241e-05,metal,metal,pinhole
3.144385454898642e-08,71367.24944755557,0.02984786221807969,24390.600634448252,5.6194283333178e-17,69901.06452753083,0.13852014023673415,35574.854953769755,0.003187697405251749,8.30864782987982e-06,4390931.0664213365,0.014742071238135666,0.05716957798772025,0.09478447255358645,0.40010085683969643,12.600469307649862,0.00034174744234489817,8.716296596224867e-10,8.24102688704614e+28,19340.03923786201,109736823549426.89,27894.638832797973,2.560360257929729e+16,43614.85166619599,6.402342181532419e+27,33039.653253856784,2.4262590803624404e+26,778.5742505946403,3.6808710852019066e-06,45984.781235415016,5.622689617322037e-07,29804.628691574108,0.0001324042016597842,92302.17909013413,0.0009659082375463635,37074.49283739357,1.887192306083456e-08,1.001509199200044e-16,0.321710256711826,7.922875334811422e-11,0.4930419411318804,0.5069580587888909,,8.53875978517955e-12,609469.4607570997,1.3226631319072503e-08,5.645291741762055e-09,metal,oxide,intact
2.3592637690787075e-07,75476.93301152966,0.01223646721508924,17831.661465776586,5.851466057808255e-17,70524.86819423568,0.2239334193625277,167141.69688189196,0.0006023236117390583,5.327873679326685e-06,669871.8633205103,0.07924569924710631,0.08954718611707366,0.07026119603656868,0.1894782599417212,70.84852883948189,0.0002950876186248289,7.392294867987136e-10,9.924107526734995e+28,21832.5560404894,674239436755080.5,29982.242960405052,3.855345778454825e+16,46611.2298665578,4.5927336002297517e+27,28244.25696903433,1.7816175615754577e+27,1148.3136557423293,1.791656150057264e-06,63579.15518636603,3.0076039424612125e-07,49536.08573877586,7.026505884814887e-05,81638.74887092433,0.0005392188815707724,39235.39788300003,0.0002887598552135048,1.5494562056178573e-10,0.1734947034636227,2.8801471443641294e-06,0.0025848068371074023,0.9974123130157483,,1.9538330242934527e-08,663788.010341365,0.0002195564362192332,6.920341899427162e-05,metal,metal,intact
3.692596765014255e-08,78187.422629177,0.07626322960606724,9066.55290896415,2.233267717976098e-17,69369.39989237086,0.3844698465889943,115210.17951278409,0.0005761280195264826,2.2349985356416915e-06,2284144.138624326,0.0032264784048493017,0.08204812960026113,0.05209703227250973,0.33611746529937575,4.6996284524168725,0.0003854545362036619,8.696012764307023e-10,1.1658838628553196e+29,20011.856763060274,135997839994205.8,29550.19203200937,3.1840096475616812e+16,41777.09988696405,8.516476033677725e+27,26271.03215431638,1.0960138009084159e+27,709.7280540787683,1.7527325837705544e-06,46389.74458890385,9.795780289129449e-07,35953.21141300697,0.00012739077518771275,75163.40294534097,0.0006382621982254797,31742.258305641575,3.2870961175286144e-08,4.730165464765243e-17,0.21221533256402295,9.205434050394294e-10,0.7564149702653215,0.24358502881413513,,1.603124565617328e-12,58332.07632924238,2.3199811579822787e-08,9.671149595463357e-09,oxide,oxide,intact
3.706514628357859e-07,74600.57558631783,0.06960962129678797,6965.342827887211,4.818976350234828e-17,70398.52959806543,0.22459811422143577,27884.116606184303,0.003010198963289579,8.428644873851433e-06,8855192.582529413,0.06495734189555598,0.022324802003667057,0.08621657707584202,0.18929544605642779,70.91719578719625,5.0711395638881766e-05,6.708683579152016e-10,1.1559779387623222e+29,21064.892666829055,448086237604702.25,28491.45433439624,4.7901478615424936e+16,45691.61024307976,6.07725481385199e+27,28660.63402056088,1.394601376823902e+27,585.505819583639,7.0539930370083e-06,67373.5683137151,1.6538556447478817e-07,17078.271330228374,0.00012182676933855393,80805.71068300742,0.00020565827317951054,36332.79601250988,1.0902964780998415e-09,7.840862775994239e-19,0.2828065743176518,2.065910214640076e-10,0.3092799631763651,0.6907200366170441,,1.9938372232599608e-13,14744.69608284557,2.1948609899018443e-10,8.708103791096571e-10,metal,mixed,mixed
8.05302753460168e-08,75785.48106371294,0.07724479923541704,13354.200293820062,1.6338036053938187e-17,69844.18810015736,0.3147977053180871,43743.664724554605,0.0021264143919277265,1.607546657712497e-06,5846497.03220212,0.0764158325657543,0.08810155824951625,0.0835118352868993,0.1283379356555673,26.52743619758279,0.0002397476488837243,8.974370296141789e-10,8.901588557785598e+28,16491.88945750462,340464795976696.9,29373.896271374142,5.989682804201334e+16,42570.74103565767,7.692535748582007e+27,27026.50547602023,1.3139971084890082e+27,618.793002353953,3.0110743063558115e-06,50696.060931071224,2.785227985461044e-07,12006.989945722828,1.2961848693395861e-05,97907.94951232374,0.0006868458117663716,8502.16341863751,1.588215396350158e-09,8.685527350998258e-19,0.3826693667161745,8.816780910902067e-09,0.41287308588284155,0.5871269053003775,,1.6233336238081087e-13,360599.15533270186,7.385934244326294e-10,8.496219719175287e-10,metal,mixed,mixed
1.3001195878643899e-08,68475.43006629386,0.08117742793203334,4629.435607170165,9.11149805745627e-18,70276.25180891641,0.12545720790706194,49138.64787370217,0.001255905393163927,8.336023605509135e-06,8540203.362288546,0.03142909066946926,0.011256931183480983,0.042763742189187846,0.4611251528761815,9.039556080037299,0.00024501419342942606,6.629505174709965e-10,1.0658020428483711e+29,19871.344941953317,667422077978110.0,29230.09151265098,5.83850443269522e+16,43561.86248455103,5.978089172717634e+27,30050.75060563205,6.626134861839692e+26,856.872013595231,8.66039571585666e-06,62020.820151939086,6.30048667077287e-08,6897.936000938801,8.235150741257849e-05,86792.82746665241,0.0002477488067028372,9956.425245649833,1.837348508404741e-07,1.1142415832890239e-16,0.36855736141013046,1.1160767350507973e-08,0.2659587786979323,0.7340412101413005,,2.7308408589470443e-11,709.6328942242989,3.540068069645735e-08,1.4833417014401674e-07,metal,metal,pinhole
1.2365189978464598e-07,78490.06579359721,0.05812174791916408,14290.989683592486,6.637312890291734e-17,70680.30955661024,0.2342332095030641,141873.41361023515,0.0014303693803898506,9.942606759556768e-06,2726884.2426552633,0.032852050997564344,0.05886252123660627,0.06469859021199956,0.2690439259547185,70.15939132889044,0.0004648836898765524,7.419759256276945e-10,8.345805195673372e+28,23501.837562035616,27219196647692.008,28834.473939707903,8285584639393994.0,38191.42642407983,4.7889688295644196e+27,21039.870450462917,9.303610161204927e+26,795.4944990856848,2.3598751041925776e-06,45387.05312234127,3.308935948317467e-07,46857.41975192068,7.177935519701009e-05,81717.00541240419,0.00044470732038889475,18501.404112523913,9.766734293644014e-07,5.3852348687316616e-15,0.13498880010492983,1.1891175930821393e-08,0.5232590023835075,0.4767409857253164,,9.890090529442156e-11,135909.31715845998,5.872382099981081e-07,3.8943521936629325e-07,oxide,mixed,mixed
1.2619397619719707e-07,77203.36612878495,0.05300469422623372,33079.36619423669,1.4909215226349235e-17,70609.5680110367,0.21987851090785215,77363.04942447649,0.0024844658371197554,1.1889081232307504e-07,5581179.226369051,0.07806396848408534,0.003964172112651164,0.018717969975316065,0.40554559939477614,32.877340134855544,2.5236647552610824e-05,5.241149145715289e-10,1.0939238611564796e+29,17711.0764489304,241989500487310.53,26079.710338668356,1.22549414193891e+16,35697.91186445109,9.160504094330865e+27,34192.0670110652,1.0983598875661265e+27,1095.1829211542613,7.091252891235763e-06,61763.11821266303,2.3333392122044167e-07,10596.09191946004,7.679674610239489e-05,77927.07478680855,0.0004690014227942383,29527.378450434677,0.00027334766669063847,8.769661387795986e-14,0.48568237947648507,1.2749808402996454e-07,0.13654289743131195,0.8634569750706039,,9.208667210833784e-09,3992803.8997814795,0.0002414929696591752,3.185469703146328e-05,metal,metal,intact
4.2632062214043436e-07,71093.06121016222,0.07801185873481772,5742.800517199763,4.372250079348633e-17,70357.26318052667,0.3327052842308723,156426.86272777035,0.002233109329190826,2.8256789924838544e-06,7536779.330407008,0.07471999181927505,0.0387119459262944,0.04304708575046466,0.45973144333462695,49.002713188518996,0.00029912742420900174,8.842396347952293e-10,1.1465316415373128e+29,22376.289601803164,221291937148521.7,26225.686982246578,4.860318407572938e+16,46810.26059862801,2.327998882779955e+27,27416.9573881706,1.423392655050341e+26,625.0669152769195,4.995203865090421e-06,59590.00568960555,5.188164643229018e-07,14927.62756384123,3.140982667631249e-05,88567.20148201221,0.0003532057033344713,22289.10481136191,1.4994470461765152e-08,6.500212448804706e-19,0.4498443577989098,6.249819294945404e-08,0.1032123292780924,0.8967876082237146,,3.1803568780258822e-12,94.52351838924113,5.308290802494766e-10,1.4463641381515676e-08,metal,metal,pinhole
2.3121477253299613e-07,70730.96781978442,0.09401270814437215,15876.202065346466,5.294647116461132e-17,70772.92648565474,0.10859254476507209,25712.110292000412,0.004932807373669676,6.6952335345103235e-06,1769547.0491191421,0.007119284186058894,0.09264529512010565,0.007877127745390206,0.047171676142084076,65.77745260916183,0.0001838604980007297,7.919614324387076e-10,1.131333248923923e+29,16704.450352958316,813918931453618.4,29450.73538709001,3.3849340387481748e+16,44712.156216131494,5.925518050148893e+27,39623.37316945744,1.84766217986574e+26,900.5110287951975,2.332594698754928e-06,63746.78275840984,8.482105369458501e-07,17878.69147245598,0.00012200547624693654,82635.28716426992,2.4494612572076387e-06,21894.004370656014,3.532189658462954e-07,4.484178639501844e-16,0.41861232981078383,2.6129579995781036e-08,0.6584968914061495,0.3415030824642704,,8.758275074883478e-10,85.95806440262423,7.895025424878234e-08,2.7426871159751304e-07,oxide,mixed,mixed
2.0724562273539237e-07,60295.99740821528,0.050422082672514974,18582.53104586912,4.616338139759851e-18,69943.36758146097,0.2283253668581663,114305.51592888082,0.0017389349031017116,1.508266047373964e-06,575040.6390657397,0.05550955046207194,0.06103769392604202,0.09589449624241404,0.20002592446646353,80.02385156665017,0.00046276927271765903,3.9003599567609936e-10,9.949553730992033e+28,24488.89077980461,275715157718655.7,29078.712294282952,4.061618771056977e+16,47289.58192215577,7.870214350285509e+27,30418.23774570806,4.740878786191446e+26,824.3903753422844,3.2456843670816723e-07,52352.963409493896,3.125437343359203e-07,39322.7016739896,7.387057980485229e-05,95644.19588972972,0.00017183987043987742,27883.053272699115,3.825138503279757e-07,4.456550086698984e-16,0.09366302844700966,1.9818431249914195e-07,0.4135191284579698,0.5864806733577178,,1.4756195692910518e-10,11790.139539714839,1.5121228494787467e-07,2.3130156538010103e-07,metal,mixed,mixed
3.256692168623869e-07,75592.99421215826,0.06424982554083737,43903.74669781956,1.765607748983779e-17,70980.99939525008,0.315080532655711,69387.71616632561,0.0026221938366568147,3.615838031961826e-06,7903652.664504176,0.04164024659926521,0.017842340468077422,0.06275634553437026,0.3988852959199789,11.800228603054078,0.00026265698737251453,6.516598103928719e-10,8.144154167997294e+28,23904.204520024254,608159084150129.2,27541.23107133292,2.5297214890886396e+16,40197.09107768266,4.0027499624209757e+27,27954.39968295087,7.304954487715609e+26,677.5713744937458,5.683361964932736e-06,65185.71297023581,1.396149963667998e-07,17692.21244864927,6.181714999254218e-05,83002.20571491079,0.000744229326552134,7563.609335636671,6.259953872108423e-09,6.58732687789511e-18,0.29618940531809507,1.2698138258191714e-09,0.5849367364762865,0.41506326225389956,,1.2813726570423021e-11,197216.5786851844,3.786461057127128e-09,2.4734928149812955e-09,oxide,mixed,mixed
4.0013594111575793e-07,69413.79875581962,0.041972758698726055,32957.99916128788,3.995507995216618e-17,69593.40365618763,0.2330241150732738,142003.8759425598,0.003243919371414855,8.206089146119142e-06,1329219.6433421187,0.05340812740152055,0.09672245629271752,0.08045157349928504,0.18711196918801243,54.44581016714566,0.00027302370260040717,5.23663979636901e-10,1.1746407291612041e+29,19127.43871977803,9173396579550.96,29992.76804944637,3.085096861144029e+16,43583.46557343409,3.145020236129896e+26,32295.887406417132,1.142368798680846e+27,1046.206956825774,1.0438866265590717e-06,60463.99159032793,6.470392616511297e-07,7037.336047715988,9.67524801996209e-05,97868.92558840197,0.0003003297150749108,25312.287650463226,0.0004142119455000431,6.6982739127616105e-12,0.4441760032082561,9.34408977982878e-06,0.28082009385430373,0.7191705620559166,,7.013448694176612e-08,489000.50501643796,0.0002823364308699364,0.0001318755146301067,metal,mixed,mixed
2.3739105462008553e-07,70212.1091064644,0.0015300136241052458,23428.081368022977,1.220912663415414e-17,70534.10790884038,0.3543632386599226,63942.80457587866,0.0018202732348594395,6.594668008151619e-06,638603.4589079114,0.06234520766042936,0.07338229082455387,0.050336783461272114,0.08705599959819918,69.87316756099517,0.00011672413212198702,9.217510042295962e-10,1.1766731903472523e+29,20637.97659622218,261862608141502.88,29996.84075123032,2.9229803952035052e+16,36803.51443401218,1.2582077151387853e+27,30682.177311768828,8.625688751397403e+26,849.7873706482978,1.4984886769494394e-06,65866.62727034299,2.3786710443680955e-07,9076.76431265638,0.0001014651716692233,77990.99218411511,0.0008175409536352614,27633.630820333594,1.7295756386414977e-07,6.418294356567258e-16,0.22299618633651283,4.9838549133541824e-08,0.41342422832976605,0.5865757218316847,,3.2535448262285954e-09,5080.974424108447,5.767767175359128e-08,1.1527989211055849e-07,metal,mixed,mixed
1.586561949643926e-07,60044.678789717305,0.0012447089533716754,48599.20519512113,5.073066849653667e-17,69394.67087174825,0.13622179128923095,152432.7652539501,0.00494656352791133,4.687692500888199e-06,2005142.617296916,0.04264827029773436,0.03568073666420685,0.08771974595687457,0.25743624300554574,52.42241863470712,0.00023150117176340404,4.988023498397209e-10,1.1853993302892088e+29,19335.202980893326,74947248771301.53,29985.58131712837,5.790186733258161e+16,40137.341777507434,6.039249517959136e+27,33813.189638635384,6.510421453847906e+26,1141.2896839802668,8.02017442930995e-06,53396.06487061783,5.6444947196577626e-08,6447.933111425996,0.00012062610980497575,92891.52010530699,0.00045331995469761235,10732.923858333932,5.60244511521348e-06,1.5734571589197496e-11,0.23321723251028859,2.266775103647156e-09,0.0001953378137122969,0.9998046599195125,,2.214316552960396e-08,2004209.1239737198,4.671998546694867e-06,9.304465685186128e-07,metal,metal,intact
1.9863006240918432e-07,61893.70494864212,0.05708898805191104,12624.302954508476,3.0030899778429942e-18,69446.63865773278,0.104375992907996,52029.2902825535,0.0025053162100668854,7.114127349115165e-06,7712689.40063842,0.08309821151100943,0.03128904066884895,0.03221689320735676,0.46169794456015006,2.790396347532341,0.00024964464049228945,5.262270106500814e-10,1.1499901506035297e+29,15146.00840407945,477207471971953.25,27120.825987002732,2.2671488123031788e+16,38260.06319370041,9.208675093713688e+27,38042.2905934367,2.3238840789246387e+26,781.9261768630846,6.512034985807192e-06,61383.34739509002,5.093187773554831e-07,24410.958947470306,0.00011605885645438458,93030.58577499478,0.0008227855930593556,14014.618803164327,5.510449386596904e-07,6.450981715576338e-18,0.4282814101482729,1.7345536889143584e-07,0.004616247543355978,0.9953835790012753,,2.1016305876803065e-10,1.1212686239560834,2.1482878357653826e-09,5.48896650823925e-07,metal,metal,pinhole
2.0427060994127995e-07,60558.33696815259,0.08745194442283127,13945.121960896508,8.853648696902117e-18,69644.95210119073,0.254873898992236,91250.47371864493,0.0009468817336218314,8.992444396049925e-06,41085.757411454026,0.021733133882528458,0.07853191259218786,0.028302516750047628,0.24433783337929255,43.231313842633476,5.3744380312256865e-05,6.983530803462849e-10,8.006820661514505e+28,23923.057620845902,214505793503796.16,26941.107448441493,5.0549390298396e+16,36049.05594087319,8.642024585157649e+27,22695.508489053453,1.8882402530801865e+27,1190.180134775862,2.8672716531474503e-06,56142.67011150501,2.7095668673175667e-07,7439.881081649094,7.856343403517344e-06,95364.54498641074,9.405739354881022e-05,5166.2012806809935,3.64375613167098e-05,6.025661252494768e-13,0.08710503890357338,2.0399854447261364e-05,0.5224280945361788,0.477551505609374,,3.235513589357099e-08,21.275787920905916,1.1565620248308155e-05,2.4871941068401645e-05,oxide,mixed,mixed
1.8562357078594424e-07,76426.75053244573,0.08500366813274857,16151.919296251433,5.3613052777924004e-18,70684.63780255066,0.10837696369733497,26184.195165833476,0.0015447730806203602,5.993792688979558e-07,6990372.904763318,0.015813790999360873,0.07051641852714814,0.03878526026014709,0.3374476066975578,16.26077787198988,0.00044705629935786536,5.959250643054217e-10,1.1164299075976383e+29,18988.862606681218,404022173367345.2,28466.355341596704,2.5796279149657756e+16,46448.591385336214,5.883631582870456e+27,39880.13391958279,3.7386706638258663e+25,603.2576243662738,4.3160707153462195e-06,48331.337132844244,4.501379721549663e-07,19052.90777847814,9.165154624519973e-05,84160.41951803758,0.00037179342064760316,32906.3880887336,4.980676359454234e-10,7.851608368332986e-20,0.3497256049870236,5.444211311025675e-11,0.6934251787113992,0.3065748212341587,,1.4785470759739468e-13,40453.823346683734,2.7996866585291866e-10,2.1809897009250476e-10,oxide,mixed,mixed
4.0874340479024093e-07,77126.5916665046,0.013379120052433524,37973.269555739986,5.486122220633182e-17,69492.77484305938,0.1626111703039124,56989.39409149117,0.0007022718208535417,4.548982260858391e-06,3690110.3262144667,0.051985462303922474,0.021140150747037047,0.09924059067294974,0.19772615123661072,94.65081065491908,0.00019233694451296256,5.23114042019107e-10,1.1367850857313508e+29,15791.0425021628,422491824957244.8,29920.115662561904,5.595079620148034e+16,42714.39488380437,6.772871794058925e+27,33143.228842116456,5.809097030384706e+26,1076.6704378827308,3.55654231137706e-06,65796.11892969822,9.041701148907576e-07,40682.599718206075,0.00011767132501465608,84856.78084872931,0.00046484628382623014,9366.969575597479,6.756362709619376e-05,4.275674743413921e-14,0.4594646347537015,3.4128553101791866e-07,0.30725805998924205,0.6927415987252268,,1.7683089338935657e-08,7244.301580102686,1.4285146174518874e-05,5.327848092167488e-05,metal,mixed,mixed
2.557134069159708e-07,71558.15160024697,0.08216439929191988,17884.6960113161,9.225445014258394e-18,69789.67149358425,0.18982881250652583,29177.896162981357,0.0009140560954692705,3.313557379791877e-06,1189561.8741506245,0.08298363168147115,0.08691520079386306,0.0718740618294761,0.12099128319218845,34.43945592630795,0.00021996933642925455,8.425407040104487e-10,1.0333156346560624e+29,18761.184390852843,609374778788171.2,28727.108016051483,7029327362860879.0,42693.95277996483,9.261541504269262e+26,23993.176801388912,1.3583597608058897e+27,826.7861131488459,8.409860700650116e-07,58781.570610025716,5.5047381956255763e-08,40768.87133746184,2.0871982208832568e-05,71603.64683205198,0.0004419429965635179,31254.55034439636,5.264191165391298e-06,4.7007190704843545e-17,0.05636984052926239,3.1317967641326987e-06,0.011483762023949205,0.9885131061792867,,1.488372733852504e-09,0.07214577371481913,1.1728859834138386e-08,5.25246230555716e-06,metal,metal,pinhole
2.348477499380476e-07,60193.0517468112,0.0024587159363102184,8806.804284675003,7.505122001370833e-17,70606.25434660155,0.35949647415359326,22226.29898165592,0.0031333496941292455,7.356693135351069e-06,4842806.202156978,0.047378736254585906,0.03003715444167961,0.0672986119395544,0.127197239065098,71.43514008777044,0.00017719836291257073,6.913045835010221e-10,9.547998854700419e+28,21916.217440612352,122783321022914.28,25414.652971354386,4.6548822372147016e+16,48305.59335074294,3.43219643516518e+27,39212.69481277777,1.990701133770469e+27,780.793785751895,1.2115878338166365e-06,42324.77388751001,3.0844296858999624e-07,31592.719099816233,8.802742229507299e-05,91082.83420326846,0.0004205996050939798,38380.059962797306,5.822308683393603e-08,2.6616142750613537e-16,0.2569097982658559,3.6687724172315917e-10,0.4408891569530988,0.5591108426800239,,1.1571749532017245e-10,753964.1650188416,4.1290311010661046e-08,1.6932775823274985e-08,metal,oxide,intact
9.157522573761277e-08,71752.13268759889,0.05851651088909581,2352.798331383815,6.658747839459676e-17,69523.32440526859,0.39931407875823105,59122.48955703368,0.004739274963365812,1.8585290929578494e-06,1883549.120380163,0.009947707841391262,0.03915578487181285,0.09755935292020418,0.31150858704359924,66.01504171694803,9.181205588136207e-05,9.769672605631727e-10,1.1422317733489836e+29,18309.518682998176,331946400900564.3,29637.06641675898,5.5260766049037624e+16,36466.33057311838,6.668978545485034e+26,24482.040859969493,4.4883341218614455e+26,1177.6175743088247,5.675048592484875e-06,54937.839847053874,5.228404169929901e-07,20307.926644915122,3.2453588407372863e-05,75073.95436211256,0.0007424008462632358,6514.382978668719,0.00034029417141998535,5.050664555792364e-13,0.4274073136502532,5.026862339416353e-07,0.5046060982318203,0.49539339908194574,,5.4095458762151553e-08,159521.62011159258,0.00022562386635080397,0.00011467030506918138,oxide,mixed,mixed
4.060838266163616e-07,62911.21723145873,0.0167953361322335,25399.272526531793,1.0795450368982746e-17,70400.28695738441,0.11841881633850351,166704.06721239403,0.0031213313425955173,7.3145117586561605e-06,6443227.296424751,0.08721800007204296,0.06969757408150853,0.060345082389607514,0.3200802653413107,33.686213499932585,0.00010129257984396832,6.440918865556361e-10,9.002844441504797e+28,16598.96942791833,49945652756162.984,29435.999915972126,3.588918052913094e+16,47357.99837132338,6.022867280049692e+27,39923.90392230876,1.65771539793076e+27,811.1189690792216,5.264808781585751e-06,43291.44750667795,6.857465432771306e-07,48533.33844565075,0.00011402663174637396,99313.94480545164,0.00048050709740922985,33957.69876287977,4.2909995622794016e-07,1.7365213723011278e-15,0.25784885288761666,1.2922259779877753e-09,0.39503207101399673,0.6049679276937773,,2.1183305910079805e-10,1168635.3422675543,2.712814349234654e-07,1.5781852130447478e-07,metal,mixed,mixed
1.3766503529159448e-07,73909.5297743408,0.055511806652960835,30634.651207311974,8.143132984650406e-18,69315.59893156485,0.21763785572099015,110961.19625997101,0.004394439806052804,1.9355810195233656e-06,2779860.5129434443,0.02363166347201145,0.09350821290979047,0.07482407965772796,0.33951218703042746,69.39263668158459,0.0002674286339622252,4.3800313422030487e-10,9.087110699119472e+28,24134.72634042551,508242253716956.1,26180.814055255883,1.3800667080474066e+16,42877.91782436782,1.6032754419895e+27,32832.98814622817,5.719234914025938e+26,718.958736253587,5.581079394098522e-06,58960.17859432747,9.221263271702339e-07,11431.824143227079,0.00012076222145496245,99267.98297585652,0.0007722819701559247,7474.2470049239255,1.8492711338673587e-08,1.3898353535125138e-17,0.4845085424217222,2.9434686188312207e-09,0.5177775882077893,0.48222240884874223,,3.3005023803434035e-11,43180.40172677235,8.468600776610288e-09,1.0024110562063298e-08,oxide,mixed,mixed
3.354126160490383e-08,65369.15371159118,0.044527884799225245,9292.83391416011,3.338481947260935e-17,69116.42766164256,0.27218939740876524,158196.19200341642,0.0029398782411154145,3.97662975265803e-06,8529231.118058233,0.004156485817850477,0.02410555746676792,0.09854550139537291,0.49077625175613454,58.327335669774975,0.00013054797483950608,9.084573981304966e-10,8.828709334653186e+28,21003.382336964634,205396485956812.72,26483.75063587795,5.902160772020436e+16,39775.12057793915,7.443873224084619e+27,22426.40209531773,1.5545518056497748e+27,874.4816380468642,7.800557307820643e-06,43665.409343379855,6.881978371736857e-07,34357.32048568335,8.017399693572979e-05,81839.86109372074,5.698774174899172e-05,29963.712266504757,3.564447167161958e-06,1.0265914673019808e-13,0.44897691968174697,9.684280812685446e-10,0.04036650941398377,0.959633489617588,,1.2089490013422271e-10,7766924.741249222,3.095694934968149e-06,4.687522321938092e-07,metal,metal,intact
4.2178962619193395e-07,73105.04838946104,0.058008706845096666,41452.82958169543,2.4082285046361817e-17,70410.98959177805,0.16695573429420746,141634.38660266844,0.004628983400633202,8.545760377768625e-07,7613692.209364855,0.02221037749621906,0.07847941293937538,0.0453709069613041,0.43592862189110465,2.153362376540321,0.0002107122235462957,5.071249480226912e-10,9.588139845069195e+28,24964.670553461503,232058317922142.4,27762.360485565565,5.29353999788813e+16,42531.894969921035,8.730057721841755e+27,21514.816304632717,1.1262210244615753e+27,621.5938357569692,7.470249976665822e-07,63667.74143415209,2.5135865263877696e-07,23239.72015402753,6.490439528521035e-05,94469.46851673476,0.00031778847584362763,9907.816290585668,3.5783486386607156e-10,1.750333690394197e-19,0.2567783804259935,1.0234887379652459e-10,0.5194383233866521,0.48056167651099907,,1.1707747647980572e-12,1336424.4371706303,2.804510894485003e-10,7.738377441757128e-11,oxide,oxide,intact
2.1191163118330607e-07,73633.23184324053,0.061632023128402276,6138.9433427867925,6.091467278191204e-17,70822.87413877778,0.34350806604060763,141224.11309089256,0.003309816528994955,7.818193253603296e-06,7817615.402139283,0.04730094108458122,0.08874708666558816,0.0062290739846665765,0.2962566253114897,83.1025421550017,0.0002005988124900546,5.769098184733317e-10,8.27980198507921e+28,15755.564860905108,632669757106796.6,28918.994185031537,2.5992339536330564e+16,43302.80743709969,9.519031701913216e+27,29262.99481047824,5.9113675564061446e+26,1192.8595535577315,3.4767590194331375e-06,61956.62491772647,6.807091640641086e-07,18075.796781034805,3.5406446584895704e-05,87571.89986710291,0.00010834609003263792,5519.270650169258,0.0008812206444119733,2.4028914918806246e-10,0.6442103246856989,4.63970830089968e-07,0.006987452433125667,0.9930120835960442,,1.7318073944488118e-08,7684144.651810344,0.0007551298190755134,0.0001260908253364599,metal,metal,intact
4.9275753624714646e-08,68005.60387902742,0.03118544064299439,8702.943069370016,1.2372248109807035e-17,69346.45130478582,0.16307963668555375,143515.0628914375,0.00438583960941724,3.6525466361448388e-06,8712989.650316145,0.09935351868437033,0.08367293686015924,0.054884606899916796,0.48067132941475754,31.740296143347926,0.00016254307853403886,9.295480618863981e-10,8.441973936631053e+28,17487.232883358152,325614558435219.5,27750.85341815897,2.3689084092732196e+16,42510.16314647839,7.559212296269257e+27,22392.548921802147,8.28714844397733e+26,703.2905164765076,3.739274578354701e-06,46627.129785521756,5.918321976666674e-07,15401.339275851715,4.688577814502848e-05,95948.21596294132,7.6161874841614e-05,18162.19273049081,1.0413894428698839e-08,1.0383295343850368e-17,0.5184509260006926,2.3064806202471309e-10,0.44673622946722197,0.5532637703021298,,2.705415466027138e-12,412803.27570426295,5.004056738536667e-09,5.409837690162172e-09,metal,mixed,mixed
3.544990599722505e-07,64345.01365979018,0.08756360435065282,35548.962856429906,4.956179910804506e-17,69085.91209331904,0.3987070465856504,70193.83105277372,0.002896393605904729,2.9839748358955493e-06,9613687.19611662,0.06574661498454819,0.09576951852659552,0.033887565042218765,0.44949144076918424,82.203263744616,9.398218054996697e-05,5.63877441891332e-10,1.1916685178040164e+29,16868.391708755826,396129987231444.9,27625.4116990345,4.3319589062934184e+16,47239.072523853094,4.975521273855198e+27,23543.110252020244,5.937690724769306e+26,717.3078503503729,6.490389178745706e-06,67967.8975113107,6.159463304137536e-07,38245.30495586322,8.471606272697684e-05,96970.90497657117,0.0009066500533494878,37040.61339529304,9.660251194261022e-08,9.192035156592103e-17,0.2890398864648865,3.0498976267699536e-09,0.5146191988548844,0.48538079809521806,,3.523631618164372e-11,619469.5311125483,5.736165099685742e-08,3.92408609457528e-08,oxide,mixed,mixed
3.0474036304015024e-08,61637.08785581987,0.027452036036359612,18362.81290594771,5.150144892350676e-17,70764.84219895037,0.14684766254730644,36293.01213599799,0.001256603759623881,7.439157517256709e-06,5731556.345643106,0.0009713418302567867,0.0019840343717623036,0.030525029311394048,0.0988242931233609,72.05489509426852,3.805682946224633e-05,8.324106549137844e-10,1.1127575389970317e+29,15296.25478156914,424981666481654.44,25641.325106529028,2.449431163424275e+16,36413.77565962624,1.933294346477113e+27,24255.528089269035,1.8520930318605388e+27,1241.9208722426106,2.1862573375455463e-06,52534.67044561162,8.042608621284902e-07,26187.198410700552,3.9180469956514284e-05,80414.5763773448,0.00016282634663250127,21029.435835027336,3.23956204715874e-05,4.844328757380897e-14,0.6145109959204224,2.157882035942125e-07,0.697581203277689,0.30241858093410745,,1.8935548270376636e-08,1304.2185972509612,1.4841883622716923e-05,1.755373684887048e-05,oxide,mixed,mixed
3.894000754839102e-07,70711.32993068949,0.01715162113572632,17700.306235823555,5.209164410403295e-17,69537.34684195626,0.3369081709691857,66820.57675032347,0.00472990237301236,8.258605958635321e-06,1424316.5020810983,0.073914536486875,0.0024492190425161268,0.03531598076775545,0.3030303951593035,77.30699276770912,0.00023678937924367094,9.068771237126843e-10,9.258047319203514e+28,19440.836163593776,140180319785021.81,29957.293678178205,5.384962709810363e+16,35278.62307894434,8.260871394360452e+27,31863.56128998827,1.884914291934701e+27,949.3050868445218,2.6465760787548762e-06,50935.43655105832,9.575810864962245e-07,38488.38991922811,9.951423808783388e-06,74741.93062845149,5.541444823055899e-05,10287.20255045397,3.7171217585535795e-06,2.11165257367925e-14,0.2979772991134597,4.5673559718468914e-08,0.49843339071368,0.5015665636127602,,5.272771573454738e-09,46654.61049668319,2.2209685976096193e-06,1.4961531609439603e-06,metal,mixed,mixed
2.500490484149664e-07,61332.04238783667,0.06308514087769136,34182.530753977815,5.253603108628706e-17,70688.21041251995,0.25343832570199526,157362.04291494965,0.0024967366529878247,8.846167066814499e-06,3621078.6921841265,0.0667383154306134,0.04120967063760272,0.0051854467088001165,0.3556622154194069,51.8545340412019,0.00035713253794908813,6.743881336508189e-10,8.945576115120735e+28,20800.150405367545,384264093718524.06,27115.60081211119,5.1760028880656504e+16,35804.156061637615,2.476105937636876e+27,20104.593120599977,2.7489433340642393e+26,1044.8618805023991,5.475014562045714e-06,40554.90749788391,5.951308083757047e-07,37509.77642467055,7.916518547448431e-05,75422.56320798215,0.0005782313062865156,34418.22577989992,0.0007776580694306862,2.5948489226755256e-11,0.4048140327213692,4.6117302272536074e-07,0.11965531167198855,0.8803442271549887,,3.266218157333956e-08,2712528.5075185206,0.0006795643158755923,9.809375355509392e-05,metal,metal,intact
3.1959313062743634e-08,72229.49625667935,0.09303717885869538,32328.871532840232,7.388591243836143e-17,70550.19952493925,0.3477300106415895,61853.49192222234,0.0011307160298619071,5.409969346203931e-06,3814593.5477965944,0.015143690532599043,0.031188074366757166,0.014812753521666411,0.12578114096783377,75.09323548977099,7.682982253558454e-05,5.485343198090102e-10,1.0095454248554522e+29,15086.39563271237,304204629971924.1,26233.452070858384,1024806466016867.0,44596.18916048641,4.5280856735275206e+26,26413.91640756646,1.5489411217720612e+27,679.2179604942273,7.918329962853735e-06,47893.23979343947,8.824578013486189e-07,33180.69689432266,2.7479776045279283e-05,94818.49971163491,0.0002336558911420518,6897.53353118627,1.370867327225177e-08,3.1887933716125285e-17,0.24945801887456645,4.595863812765933e-09,0.6860312751902911,0.31396872021384514,,7.368958268068821e-12,46434.607671777165,9.62145169148161e-09,4.08722158077016e-09,oxide,oxide,intact
3.6949128957116555e-09,69190.22931041781,0.01472802083625569,1081.820885739443,4.3608616095089305e-17,70257.73192923788,0.339276234594259,147960.52943551337,0.0048728900900539066,4.188243830894718e-06,1947968.9173884883,0.09048998688058922,0.004614593093505119,0.09815332845187687,0.4523438448605389,90.4352386320679,2.2859950285759573e-05,4.015753823856071e-10,8.374776180052745e+28,16193.502978422488,50977666136754.695,25806.009536092657,4.064928086437104e+16,41170.331910705,2.1733900992415696e+27,24572.157158256996,2.5483746147118666e+26,622.1210491154369,3.4017342016964464e-06,61211.38505310473,1.5717331718816282e-07,20671.52112943732,2.445057449563547e-06,89009.98989735861,0.0004291105433170696,19911.88594804085,1.4165705358663758e-10,6.09019954712681e-19,0.13894010382372898,7.438175658461145e-10,0.3698366692487531,0.6301633300074293,,6.847313382708037e-14,373612.66770059144,9.20862279638483e-11,4.957082562278928e-11,metal,mixed,mixed
3.4388776084927314e-08,73739.2209532208,0.0928607304309884,12859.31064577611,3.218683837397545e-17,69959.62686850551,0.09247181347939483,40929.76682649269,0.001170635986416881,3.019128018939618e-06,3280470.89443761,0.052357606584548834,0.05974098240340456,0.04143070792283423,0.39238213354810836,45.1396709042784,0.0003430360292720385,6.00692728773256e-10,1.0399987059889484e+29,23847.001244809,77494298514834.16,26095.9379555941,3.517686600652908e+16,48425.06428842001,5.818471937409411e+27,21490.2228752686,1.2201311927839395e+27,1115.0636075163243,3.9758064337172845e-07,51884.70157573678,3.335848056193982e-07,39982.494188091056,0.00012225730715550648,86750.03533249591,0.0002426941421598006,20985.5129000793,1.842953076801241e-05,7.688813258342724e-15,0.34754900016357104,1.7239472148566145e-07,0.3411653172497753,0.6588345103555031,,1.4818206039633043e-09,1874.2703281345143,3.8112542871498885e-06,1.4618276480862521e-05,metal,mixed,mixed
1.887923091512243e-07,77087.33555397423,0.0920241663782198,47087.64319079755,4.9491492253452094e-17,69957.89381528598,0.3378202436288415,145897.86550976284,0.0011151957512322442,7.83994847033855e-06,9372738.122248396,0.04157639553319461,0.00409600504155098,0.08327314763712733,0.3646778754868399,93.22248081255623,0.00033192677475718253,5.468485367364302e-10,1.069914849569043e+29,24819.83562320538,202119839972485.12,27639.051309026276,336011466725023.3,42217.235265694784,4.900091327053567e+27,37275.21348239174,8.768931216124825e+26,754.2588627897326,4.678201045593772e-07,61589.49934318421,3.965568708197884e-07,21926.452178781536,9.796628617065849e-05,92851.21301247826,0.0006592658127455422,19679.64529513748,2.808701599260087e-07,1.0616014643537342e-15,0.4306071346163981,1.3450702444573964e-08,0.433554047515265,0.5664459390340326,,3.990062034016621e-11,1681767.1093752857,2.0920940679558194e-07,7.166075313042677e-08,metal,oxide,intact
3.699174789377797e-07,63819.811958579856,0.045015654348503166,45051.5965926859,4.517759350912409e-17,69998.10197343932,0.30363654835437504,120523.52628318168,0.001652220721341835,6.370346108759136e-06,1173344.6289221405,0.04431802692067302,0.05517618944075284,0.01155624370745818,0.3264288330415144,77.21387298750615,0.0004857821153302118,4.069221196136065e-10,1.1448138796367565e+29,16188.155027559254,106948557118560.9,27113.37581043834,3.610014210049079e+16,42189.23473268711,2.461576429292335e+25,36877.77917699712,4.328650583170171e+26,978.4478813223816,7.338756795703383e-06,46891.784121492296,1.0637083777620468e-08,16572.984329587147,9.501489851792931e-05,86167.89689064071,0.0006284478237050886,11079.655016174253,0.0001130115844653059,5.667260183460132e-13,0.06937237995494418,7.752707259957029e-07,0.6099756149673489,0.3900236097619251,,5.5424892750433e-08,26895.233825426374,7.274014962158214e-05,4.0271434843723754e-05,oxide,mixed,mixed
9.23786597091954e-08,70193.10378886096,0.041801806330014415,34240.89426554583,4.754490522175133e-17,69042.30090802311,0.3712810688448303,100868.70740244685,0.0032976027847533757,6.933553486830752e-06,863314.7432366826,0.0743106627744257,0.026570260925149365,0.01440251310874757,0.35396354939492536,15.079167997324433,0.0004082602879711767,8.274019763972414e-10,1.1322601052229904e+29,22552.070238111388,633310920565591.0,25512.712720355237,4.487875441700236e+16,41845.68310829664,1.909568027925919e+26,38380.12040850597,1.2239166468540696e+27,752.3770915146763,2.412298036803702e-09,66151.17374599994,6.690772080300794e-07,44846.767862681365,0.00012001429103833146,89881.40247831136,0.00013231898528695064,27108.81860542464,6.438786085607544e-08,4.3445819223158337e-16,0.09962482518496582,7.746488923512872e-06,0.5488393062540823,0.45115294725699406,,1.6751205989303795e-10,32653.068436668942,4.1304744089714463e-08,2.3083116766360973e-08,oxide,mixed,mixed
9.390058810569146e-08,69884.42129933136,0.029362625011779088,5652.281953626779,4.426162249488733e-18,69168.75597734639,0.1922019231635016,145208.28259999907,0.0006538796892931191,2.5712048151550606e-06,1870606.149750156,0.05851051333775073,0.02942983633167039,0.02584425690879791,0.44995874482506015,27.14961118165847,0.00042343868062542293,3.5027874237960974e-10,9.96960567334337e+28,15313.18326387629,389490460396380.8,29855.613150751284,5.2462789789718136e+16,39522.39500971675,4.445846943221138e+27,36522.42641786217,8.228778115202442e+26,858.3455234894302,3.2728305548276735e-06,51142.94390853679,8.687945170585474e-07,11616.851894002357,4.4280786652627915e-05,77294.71305708215,0.0004957491599928588,24972.342522684623,2.90972409156293e-06,3.3313326537859726e-15,0.464888399723014,1.5775769010912888e-07,0.5052687497100826,0.49473109253222747,,3.6934731246670194e-10,15169.30896405579,1.4295227862579928e-06,1.4802013053049374e-06,oxide,mixed,mixed
3.3335770757278216e-07,74483.91225469406,0.08909608464662333,48036.21263900927,2.3543931697321303e-17,70636.0163888136,0.1511143187705576,98558.66327286625,0.0016672029769934952,7.155056966558744e-06,7492339.129860412,0.09189530284980828,0.0756197992146635,0.08278310135561773,0.23014973942592892,46.03735574270012,0.00043306833240496287,9.443447027640562e-10,1.1963572795456995e+29,18853.245908022138,719241538669107.1,26879.17803922652,1853665865075831.0,44914.93832320234,5.482554529669716e+27,36155.07300790346,8.441169823735764e+26,1224.3405390963294,1.9988817210457496e-06,65277.6961633765,7.019735847903783e-07,22099.798236933784,0.00011532090318422585,78802.45829291553,0.00031395923342808366,29197.849214372236,0.0025716143943240793,2.9156284140076955e-12,0.6369479180730993,3.399513910785536e-06,0.3680154062063806,0.6319811942797084,,6.686882379318723e-08,77652.13167561393,0.000750421907173271,0.0018211924871508083,metal,mixed,mixed
1.4457319351597263e-07,68753.87950734477,0.09875252763967335,17024.248663885024,7.240598562533488e-18,70013.55986210836,0.349400984352099,145375.93928362505,0.004085274409341488,7.288198729472938e-06,6745039.985632069,0.04655692154731699,0.08743279135598821,0.08390348028347508,0.4878267466572147,53.82932260161584,2.1316095261913806e-05,8.35705128228178e-10,8.451798412171602e+28,24717.634770602734,500402243831786.9,25060.865639232114,2.1559862873168816e+16,38356.270060095885,1.5747584135229263e+26,38713.779086834635,1.560928117564341e+27,607.0050265077688,5.4044173596478195e-06,69119.03003894023,1.827493401605774e-07,41957.68749391944,0.00012170051406456112,73445.67912400523,0.0007707098113460455,10953.396062618667,1.908320848637936e-09,3.850184479059679e-20,0.07602057761840143,9.514461317038516e-09,0.0381933154724244,0.9618066750131143,,3.4322619888439452e-12,0.8173371145353273,1.0726764011801816e-11,1.8975940846261344e-09,metal,metal,pinhole
1.729800532834052e-07,62822.99023478979,0.04778956663716926,24776.337355585907,4.825846905604194e-17,69150.93681063924,0.32477189922764743,88173.93546529082,0.0022183166413875174,7.699982435598387e-06,8618248.459411904,0.029114029956764667,0.04183508101129674,0.003364755367761356,0.2937787480563422,57.77982674965288,0.00030726614897127666,7.047924936408625e-10,1.0346223079231229e+29,18139.315386325565,546552314797040.0,29242.312092557728,4.71150393139885e+16,47571.76994768994,7.021856919826124e+27,28782.20999966287,1.3078343027918075e+27,618.063714694746,3.4677865825821135e-06,66954.7118424156,9.706251830185765e-07,49975.319031693616,2.7912387218541173e-05,92966.1336234372,0.00014429293240997005,26765.62191810852,5.494418284384065e-10,1.286908176346999e-18,0.12467247238500054,1.4369111337288941e-10,0.6863795690359574,0.3136204308203514,,5.713413494488264e-13,142423.4643127106,3.9599938719873585e-10,1.5344244123967062e-10,oxide,oxide,intact
4.111508132339232e-08,69167.50968749852,0.09523593937784594,35931.013921171936,3.6126922425792034e-17,69621.17680225514,0.2947397160526929,131113.28197883832,0.004039575693454187,3.10794799517467e-06,2504487.413991532,0.06355879532164134,0.03243640079814008,0.08075156815446895,0.495867433507572,43.76246035973724,0.0004592114603438751,3.5614280920258784e-10,8.787186629276023e+28,22737.364223873356,147693348705405.7,29434.827867714856,2.246457751145728e+16,46795.1251153834,1.047515833996711e+27,37120.69484350839,1.8673210915720886e+27,800.3223973109225,1.1866683754672881e-06,53664.30198662777,2.945841445314911e-07,35835.71733530161,5.5096461505804034e-05,88018.0568879678,0.0005634986518185058,22476.019318353585,2.791132059386816e-07,3.1935581012635088e-15,0.17990007109701575,5.725348846773531e-09,0.13587154704478813,0.8641284472298629,,5.621624338372525e-11,1742809.1942037637,2.2282778718027374e-07,5.628541875840785e-08,metal,metal,intact
1.0271788225229644e-08,73457.97982752869,0.05737661860754174,16949.65821364782,3.1656140963302504e-17,70862.45226323958,0.2194219835597484,123024.58184346635,0.004762519899403083,1.313452936674952e-06,5705893.1496181935,0.04511267588232402,0.04333349357528524,0.05268348532469983,0.029770471380120726,14.510095242490687,2.4676932009557928e-05,6.325300430142621e-10,1.0197184377530654e+29,18971.78294973145,753269703802445.2,25890.68230815107,5.485583990234429e+16,47454.8548779991,2.741117919715942e+27,29059.237271364873,1.8878186717513986e+27,891.7719359100115,8.70340034746597e-06,64518.482186448346,2.09683084504327e-07,13998.01929212031,8.394720330443087e-05,77483.92268913072,7.732887217842774e-05,12679.985851699237,5.970878237273351e-07,3.322114068791599e-14,0.41686856936335825,7.349113391284061e-10,0.008279366725573296,0.9917206325395155,,3.8858720001546395e-11,5596894.753385123,5.121453112631001e-07,8.494251246423501e-08,metal,metal,intact
2.405799952586586e-07,72426.76569654114,0.012078988375145898,36886.05489891967,4.866680704138485e-17,70209.04107694529,0.27797029024070197,92804.43907517253,0.001289072283912871,8.811937860014793e-08,4473074.716460179,0.0011935712890002975,0.06291008425494674,0.06454247454299958,0.25007052182980394,21.88713719344689,0.00034331666588951224,4.727417991754663e-10,8.569198587585408e+28,21274.96313644846,450237931932633.1,29622.122355787593,4.913896692382209e+16,40103.032016048885,7.432808965517369e+27,20029.421924122864,1.433815013973491e+27,972.3368324699846,3.501427724719215e-06,58528.48813629107,1.6941159412871562e-07,48493.311042525536,9.054624385537466e-05,74570.87556645411,0.00037953732332120693,14537.366163229966,2.180615712296324e-05,1.0543059782612832e-13,0.20732388977314914,1.911859807529557e-08,0.007597412190391454,0.9924025686910105,,2.8248401360146667e-09,4396808.018567932,1.898291671107848e-05,2.823240411884763e-06,metal,metal,intact
5.961718524511713e-08,60708.02529928372,0.09153208857945712,48388.45229806807,5.552613979871652e-17,70556.69860745175,0.1199697975670616,160530.86907701768,0.00459264996281245,5.304437672330932e-06,5350472.156411198,0.09055330629829576,0.06712367804971808,0.04783645096774667,0.21445456826768794,81.99570080731472,0.0001694017103061569,4.056719596935411e-10,1.0546929624967576e+29,23816.228174586926,814544850406852.8,25610.753263787163,5.381269262756999e+16,37787.36726406859,8.587401940975556e+27,26168.50131739746,3.3301591657410814e+24,721.7857243092279,1.6065688614871096e-06,69034.67879621351,9.991090886146594e-07,13106.679937333203,4.836561068443346e-05,93595.36708986823,0.0008518888833567873,6052.437422280698,2.3001038430378345e-08,1.0844913493334687e-16,0.5576797034863717,4.496746191582047e-09,0.3116658144522207,0.6883341810510332,,2.088164206787298e-11,1754739.2549487327,1.6080258493115032e-08,6.9207799372633125e-09,metal,mixed,mixed
3.792657846517432e-07,79371.4515756752,0.058268703211049815,2963.1030954564253,2.1498568751849336e-18,69353.81118529849,0.3787350205934909,53066.05652023772,0.002910112587328631,2.2070064602636673e-06,5658434.431518879,0.04426737334955112,0.024516568793731243,0.042825724306454614,0.20706256007851784,91.55330998851926,0.00011181283921346713,8.737606968426497e-10,8.01692085596358e+28,19490.471157307908,757755911138066.2,27816.99331742081,3.1357155488209656e+16,45839.78472949464,2.42604552134045e+26,20667.707389617142,6.980034647441234e+26,786.4203015609124,2.1012106103144527e-07,61807.967300735785,2.712903978589174e-08,33742.612698933604,7.526406880007897e-05,82363.81683336134,0.00019272361561154306,18700.37193968735,2.0567703812178306e-06,1.9104885140001518e-17,0.09388736912949765,3.0077447352774074e-07,0.046173724641341826,0.9538259745841849,,1.0924813237679415e-09,1.2235236325588386,1.8284805849966125e-08,2.0384855753678646e-06,metal,metal,pinhole
2.597745368324375e-07,73152.43825871307,0.07440742514021717,26060.604168952526,6.772736300632145e-17,69760.33707262248,0.2726680987239297,156988.74910238513,0.00393164338314096,8.718478811625048e-06,4067615.9500928386,0.0917665062999941,0.08666121055502175,0.006119804107865349,0.38569891590216504,70.30125033247847,0.0002094856924616425,8.179915927607797e-10,1.1781196879281793e+29,21859.381814247416,676250610863493.1,28940.898612608096,1.2163554873041594e+16,36730.94539750944,9.2787653851668e+27,35681.21146068822,5.7549075212372115e+26,633.5179253081916,7.498721196173061e-06,53699.30190562761,9.056048731553609e-07,12182.42699991903,7.229890134766989e-05,87339.65578580768,0.000695006193835535,28748.674222280177,1.5550098498257883e-09,1.4774950689154102e-18,0.48672694494858354,2.2695644245522835e-09,0.22432565837708965,0.7756743393533463,,3.5991908767889597e-12,2814.256639383268,2.7139610854785306e-10,1.2836137412779353e-09,metal,metal,pinhole
7.478860775981554e-08,79057.46623991782,0.08288100755251246,32740.209243981764,7.523743352190855e-17,70889.07146715511,0.15452657318393997,22556.14204404286,0.002434489770663112,6.965325376612541e-06,6372034.474717706,0.0751725735307289,0.0038527233250002174,0.06990529939006915,0.35241371406908095,78.88471289763628,0.00015778724873255604,4.5416019255056544e-10,1.043765707611724e+29,15383.01764866697,373131160073238.9,26788.874702240555,1.9375513372932508e+16,41478.99781462802,4.82977514338613e+27,38101.49421173589,6.713898266986266e+26,948.4572248459001,6.866689420953865e-06,48529.474383163484,2.2404461102687536e-07,49496.46339171438,4.7112945678080886e-05,79485.63874113892,7.527213766197314e-05,18989.995223425634,3.421367678216776e-06,1.4854833454402755e-15,0.24482875413917318,1.1802281143732442e-08,0.2482752609815384,0.7517247272161806,,7.353656589121725e-10,2857.9567351054184,4.4849837824209516e-07,2.972869299974681e-06,metal,mixed,mixed
1.7316731450113765e-07,75273.15329072003,0.012418481883507422,32281.838178012036,5.004550412435144e-17,69780.55269452387,0.12063669071893496,43109.652347326235,0.000679289695949826,1.0217998177320133e-06,2627055.162609451,0.07673330797350447,0.09193619052770055,0.0038132095296118758,0.20904407150165935,95.94566247294377,0.0002573450065537968,7.809277515106821e-10,9.238868535350406e+28,21694.08366588875,215448485716253.72,26195.246438731927,6975803247707617.0,41521.770167347015,4.1559522314957794e+27,31152.93653134508,1.948315065169653e+27,769.7964389290241,8.536893739565709e-06,63526.604128739964,9.975760838429944e-07,5775.554081769858,0.00011455836591788685,86991.76865009798,0.0009477343393377715,5125.010481833163,1.1450877049558508e-07,7.627375568349683e-17,0.5608267392651296,6.745212489965235e-09,0.503286106828443,0.49671388642634445,,6.65990207644443e-11,212680.89507700482,7.167544244680206e-08,4.283332804878302e-08,oxide,mixed,mixed
3.6289379998571295e-07,64819.79223868584,0.03335121386074692,30043.34370582863,4.251370410632093e-17,69670.87210643814,0.16400567904414784,93783.95217436577,0.003304963307628264,7.965943415507864e-06,6279475.72046865,0.010641720925464957,0.004834087517302068,0.009705706728724568,0.4788023780939013,45.61560736965151,7.886914225178482e-05,6.023622568977839e-10,1.1102368915359816e+29,19582.131938770995,483903756122413.75,26850.48257235356,1.732526026893687e+16,36692.74485803669,8.047108714858543e+26,38423.35290514703,1.7367815889202355e+27,1132.8657989846597,4.0714670118050017e-07,64640.971552232746,8.296886391602519e-09,6604.643903441752,3.5735113368451944e-05,74255.10043656934,0.00018300295301080767,29181.185721184753,0.00029879795040303324,9.845704731805058e-13,0.17026088528068128,7.107781664713462e-07,0.7608137549520845,0.23918553426974906,,9.580127627289867e-08,121635.40273522364,0.000259821089857388,3.897686054564524e-05,oxide,oxide,intact
1.5809231745328814e-07,76277.7426603068,0.09232538298223934,11944.87685907745,6.1452796137574626e-18,70826.23409173904,0.1824242634272456,47098.85888492038,0.003820034809930997,4.792077741772372e-06,9239686.890902208,0.015085962512275194,0.01572942133196623,0.06659981722141599,0.1901421448498434,59.07223602515779,7.174079911533863e-05,9.786342420291007e-10,8.976511258143688e+28,20763.212447872866,218120646441885.62,29483.730136003775,1.922974982243505e+16,38103.745200835714,8.394167329070775e+27,37597.70033751791,1.7284523587041064e+26,783.368471658723,4.446776804174167e-06,69331.95023709221,6.410239029469605e-07,49570.60114431784,1.625212725949392e-05,82788.94427213955,0.00016596907526947774,12580.607546104617,9.46015412554445e-08,2.1836840656022118e-17,0.25363282059678605,3.06863825920672e-08,0.4767382589997031,0.5232617103139143,,6.89557405839752e-11,255.5097534260266,1.2436426478908327e-08,8.216511477653617e-08,metal,mixed,mixed
2.0562501921711123e-07,76004.31779701506,0.060000047088220036,13551.947005136506,2.2259041557643196e-17,70421.0372008328,0.31236019408533666,119745.16927773261,0.001907566846128324,7.264060038448699e-06,916284.76630214,0.0012291822186719819,0.08462887622248774,0.038268353197158156,0.03150599193860453,32.70394256596994,0.00012322933736022803,7.496022213957235e-10,8.989474141870486e+28,20177.369719944963,461899643378459.3,25029.859132130307,5.036678008169686e+16,43017.946745733825,6.881644799893407e+26,28008.84563744907,1.4470689270270903e+27,918.288769441252,6.965975702779153e-06,44079.99144553189,6.139284948540692e-07,22964.8749416912,1.3275526658860572e-06,82911.24263839706,0.0004748601831731766,37786.39884403974,1.4629769911682747e-05,6.090972275555124e-14,0.2807584343475229,4.927193239397263e-07,0.5449877531907128,0.4550117540899632,,4.563800902805799e-09,6366.175425907826,6.446286587400027e-06,8.18348332428272e-06,oxide,mixed,mixed
2.643171023330885e-07,72750.58600739826,0.08376945630179163,15302.911100156061,2.9763771688934645e-17,70786.21777308946,0.3704597390404088,132847.73154919822,0.0006317381863652077,5.907956673023815e-06,3003888.7114070607,0.03777015679978744,0.038271732207258304,0.07562689124615027,0.09608901114224644,24.562185609939455,0.000456496536799212,3.8054976117786157e-10,1.094303057585598e+29,20361.53657288376,774813590436139.1,29776.35213531483,2.8216554616355628e+16,46886.63131759073,6.9273667150802e+27,28720.354447585705,9.674192163311283e+26,600.7285547060158,5.956095892360987e-06,69242.39519408296,2.6491732312311475e-07,48999.582504488055,3.4836429933053924e-05,78243.90080840533,0.0005932571490373055,31936.15817311658,5.024182797795654e-10,1.3832669553808747e-19,0.03901720012714282,2.9741251749238837e-09,0.22207315845305375,0.7779268385728213,,2.102816387692596e-13,47.4899681996618,3.428956948453896e-11,4.681287102950264e-10,metal,metal,pinhole
2.2948690459563586e-07,67641.86040514048,0.06406067784742521,26261.492176715525,1.6693088502515927e-17,70848.80390620114,0.09083931486680774,64087.95021960673,0.004851884574150252,4.692116179259184e-06,849853.6456217737,0.025792439910862823,0.03618214871121549,0.02029932512940882,0.052287878736580695,29.787243786197266,0.0001438729338820591,7.520063778307858e-10,9.497056336017153e+28,24643.29447947372,300072474490120.9,28889.663836452073,3655923164470489.0,48323.74644678673,2.3669383718192537e+27,25562.210523788366,5.397725031846381e+26,1166.2523524911874,7.922658816577747e-06,48008.31354254789,5.68494884967417e-07,20782.791983531602,6.563962745146706e-05,77971.54309166313,0.0006781646624667353,22427.091714749997,2.3848047501175234e-05,4.077725974031302e-14,0.3395431174139739,6.148494478313389e-07,0.4895585762762808,0.5104408088742712,,3.518739699680124e-08,366.6446829419032,7.199881703849612e-06,1.6648165797325624e-05,metal,mixed,mixed
3.488130364683246e-07,76343.40098062095,0.06338848590688302,12842.992357032566,2.1112944244951983e-17,69296.32165272461,0.35415501735678895,166337.77758352127,0.004908536611393368,7.029416660394453e-06,3753685.0457439665,0.09697278616031947,0.07352757400371301,0.0527522693614394,0.14491014899071272,32.91691977890527,0.0003275264159992561,5.145714745100585e-10,1.0453325242115915e+29,17965.742731150676,700137735950.0741,27032.788124976905,3.4515925164455892e+16,49027.829766075934,2.1833948398444484e+27,20813.457067893698,1.0656037657108245e+27,1228.2649783227566,3.6596794756037452e-06,61304.537485596746,1.411647147288438e-07,25466.759368789142,2.7408121810314333e-05,93197.02686298997,0.00019857080283584692,5365.901128664461,0.0024887517596314003,1.1376423397265197e-09,0.3493868338405321,9.521211725349971e-07,0.005130858653603615,0.9948681892252238,,9.95360650009766e-08,3698146.2378631667,0.0019304653037107036,0.0005582864559206967,metal,metal,intact
1.2084327555156902e-07,63922.807220029135,0.07213340692010621,33676.2504868149,1.282131285884447e-17,70666.76066388223,0.35197243650637816,27158.27544983504,0.0010437802565383485,2.4906404633680306e-06,2751076.7635293286,0.06049511704130763,0.005543420197415426,0.045439577174833615,0.0717745398576249,91.70250697220081,0.00021506649726026774,5.321448186814627e-10,1.0355036673045191e+29,20026.303256601692,791972059079392.6,26470.593182007626,3.337139798443338e+16,42983.46510691445,3.897921575375555e+27,21203.399570423917,4.175909303328992e+26,999.5245414962671,2.6192458180612356e-06,57059.621712244254,3.055655736327975e-07,22688.64121921142,6.096435207279621e-05,83954.31688763111,0.0001248562825775289,32095.545962866447,1.6324282148461948e-05,1.3642474627074384e-15,0.3517815793178583,2.069869843860721e-07,0.17192416735614624,0.8280756256568693,,3.853974929080721e-09,50.72846212739258,8.037782087728121e-07,1.5520503939689136e-05,metal,metal,pinhole
8.831676718983642e-09,71335.62288007246,0.013948802852682136,21619.14879502624,3.907139052018372e-17,69963.42916772618,0.15914221972465176,128019.37773099238,0.0019717015132063413,5.621688833558084e-06,2070384.1693577697,0.01572143334354409,0.09884673976050445,0.03037225110521837,0.4145610119751831,98.35183094985969,0.00039064402626050836,7.564785241485067e-10,1.088442873740546e+29,24839.289779793326,237794657870774.72,29402.89138224061,2.220038740884324e+16,39121.60641723045,4.743212285817889e+26,39560.429558237185,1.5996648507789702e+27,1261.3864125093944,2.6171466220495347e-06,64077.22021195122,4.878795675133581e-07,43159.05910478648,1.15677497725076e-05,71299.4304382789,0.0005402298601065883,18751.981890464558,6.504888767669713e-05,4.5224085902216854e-11,0.3885270493076528,9.317025640580236e-08,0.002487174278079687,0.997512732551664,,6.0052193332560515e-09,2058650.9769566427,5.5604890571102484e-05,9.443997105594642e-06,metal,metal,intact
1.273243103156328e-07,70542.18274471919,0.021932845234206088,3706.843280301075,4.571943326901171e-17,70810.415875214,0.24196548279104563,24614.388513794394,0.0009873997872579708,2.782802968562518e-07,9054080.989842381,0.08331695862598094,0.0429834319374694,0.020708278157549227,0.13303370575518625,58.85905625314938,0.00027612257565460424,6.485481736539644e-10,1.1289010013440407e+29,22607.1588998452,173487294249282.28,27779.97903232836,4.7797049024338344e+16,43941.38400349531,4.6650543270436485e+27,33618.23993434952,1.1020470592049799e+27,1207.1592963261664,8.72477031968299e-06,62594.47380919115,3.8787598085941983e-07,13247.013730340577,3.587327045457785e-06,75574.54448525247,0.0005485693763237992,28837.56779512854,0.00037363180083449624,2.0951600895664462e-14,0.6127626283318393,9.218227683431334e-06,0.4602324233031938,0.5397583584691228,,2.54283643323708e-08,126312.17844081328,0.00017041585594707587,0.00020321594488742037,metal,mixed,mixed
2.9932934980624057e-07,79833.27454828673,0.08705399779190574,39957.20421222077,3.958813418953653e-17,69205.1430316027,0.3922002956926251,33846.68346638064,0.002607102556706175,9.360090882970322e-06,4084617.8880402446,0.07243933467645929,0.0011205308889918196,0.012785628500764864,0.4430949219056919,44.00429997411904,0.0003370384810806076,7.725450952442688e-10,8.600591013780289e+28,16631.580502911187,222525110147401.7,27075.667100353654,3.684730868610673e+16,47876.180412914524,4.452551405419506e+26,24474.061111341012,1.018910730834659e+27,662.6371226601703,2.2966537909099165e-06,53616.75818218361,9.691166333613672e-07,9433.144369990161,4.561848277780812e-05,76233.71240470133,0.0006798065033901501,37306.766084730916,4.517047800434738e-09,1.163721151974594e-17,0.5452105927221446,1.2248133152448393e-09,0.44517140133697203,0.5548285974382146,,1.194279409700668e-11,25909.758468456403,2.1135717555605466e-09,2.4034760448741917e-09,metal,mixed,mixed
3.284072375454154e-07,72007.95847679378,0.05519513364478473,18157.69728835199,6.219690778235901e-17,70473.12770333205,0.35298398514170637,48770.27375548241,0.0037581380776616057,3.485485620042613e-06,7375015.467200928,0.025075908352179217,0.06912573568504123,0.0176771139693656,0.22203343222898492,98.95341611959249,0.00022486031929145787,5.805187708657896e-10,1.0746705419560255e+29,18381.739375988236,736681212598354.9,25876.89253298244,2.5898741891091228e+16,48924.474609417775,6.270546811628073e+27,31409.89661917487,3.3460675912517637e+26,685.5702663862565,6.877173629662992e-06,69913.53210204346,4.990980612363527e-08,42335.97577826171,1.2341535773004042e-05,90090.52787628223,0.00020846218447898815,35419.654758395816,1.7505745439909535e-08,3.243179535605994e-17,0.06631197124326167,4.299634070297065e-10,0.5126641742618164,0.48733582530822017,,4.0674216922499435e-12,1105886.6210926597,1.3759738325644665e-08,3.74600711426487e-09,oxide,oxide,intact
2.9991920990443154e-07,68134.23369216552,0.017032211797972867,49965.944782220875,3.809896800876624e-18,70110.87610203621,0.14032524461552903,125122.11728441213,0.0014859641248372863,6.059458196010871e-06,4481726.129670409,0.034019203707074806,0.07738215898670293,0.061497045356411324,0.1730330971639123,78.6759683020756,0.0004445011784347695,7.146661004040064e-10,1.1881783406959803e+29,19481.992823439683,179720470347404.0,25907.935327066745,4.836853740458019e+16,37307.621477767156,1.0130255343928937e+27,23236.910398757565,1.986244868228137e+27,757.0813682377029,4.534207790854394e-06,54513.43701058215,6.608161695593008e-07,14186.565194890061,5.380193522497079e-05,97311.72752848359,6.536514071038003e-05,11646.35280738962,7.842764491160918e-08,2.5761990407918567e-17,0.4854083457644001,8.81124158017092e-09,0.35686477373319425,0.6431352174555642,,9.971928159039109e-10,258.5896928031857,7.3880389058760335e-09,7.103960600573315e-08,metal,mixed,mixed
9.879044054119937e-08,61350.74875146708,0.07851337853669094,29643.186980141065,6.277624862421565e-17,69635.01811686839,0.3796586056168517,100214.49666695144,0.0020323771197994066,4.975037131595767e-06,6642270.054871807,0.00249850823313792,0.08619162238845175,0.08056695265631916,0.09139303291405006,55.46921970152862,0.00048300565254507836,8.578004404613442e-10,8.840072530601839e+28,16653.088627549154,39229347322301.516,26385.700018444903,3.2641887382958816e+16,49891.20719972547,8.864457602675e+26,24875.049382366677,1.5599764446499784e+27,726.3986911382776,5.201499265749574e-07,44927.48007187571,6.861918916846078e-07,45903.23822140539,4.3230900733398286e-05,99283.78891619388,0.0007342886901978256,26652.208827137012,1.5138191477410365e-07,2.218612334064868e-16,0.2073389738044843,3.4106502871552174e-09,0.50897737466106,0.4910226219282897,,3.90582973463794e-11,211164.4272989135,7.849699807849925e-08,7.28849166956044e-08,oxide,mixed,mixed
2.7435052998176707e-07,71358.82589557736,0.04722960277356133,36334.14365415288,1.5069590699679533e-17,69140.30198626287,0.37924656637806425,36686.14657403946,0.0007972126265248542,8.567529733173259e-06,4226245.522305517,0.08396694924995096,0.002120851840461545,0.035506712899713355,0.29249826003967844,7.880361403800821,0.00017106081526239062,7.548808928888164e-10,1.0753394030074603e+29,20699.78569734378,143951004823477.78,29693.63641555583,3.835442303840491e+16,40845.94705842639,5.679058061829268e+27,23624.93363714863,1.5785189646261118e+27,1231.5155147173857,7.436976624602973e-06,59470.6063455118,7.344287411346783e-07,46487.76603802256,1.1959564212962272e-05,96327.83968783294,0.0007370884437152762,38886.45357929038,0.0007234929475767279,3.035376336090576e-14,0.5046835684342148,5.190712366185091e-05,0.011682393723586386,0.9882656991527516,,7.199447367746044e-08,2.770962272971496,6.39264331037894e-06,0.0007171003042663489,metal,metal,pinhole
8.758267710087981e-08,60618.25343670511,0.0464490840232413,38818.60901651595,4.878288404194813e-17,69744.78245230136,0.39558270657643174,99874.82506437704,0.003255771507509151,7.823292463115318e-06,7276974.562530424,0.037051403650651946,0.0841216014038181,0.0001239638508360949,0.4085405917651729,25.19647587607863,3.065223871720794e-05,9.311472143193571e-10,1.0821569823497745e+29,21820.095471770343,794906146193131.9,28038.949959091926,3.31653480788209e+16,43194.29414782494,5.627945909122213e+27,33951.55369670059,9.507657081618134e+26,894.735541932755,1.6787390786838988e-06,48856.942247648316,1.5908591731409087e-07,24979.091817174383,2.2460184768595696e-05,71252.35611528343,0.0004041037368120515,38687.16073068801,3.6009699374175034e-06,3.512389795806353e-14,0.33622083586798135,6.797048474911494e-09,0.25764342405602664,0.742356569146925,,5.155181193542651e-10,3705843.62262765,3.0658719699646037e-06,5.350979674528997e-07,metal,metal,intact
1.3526941322286928e-07,75055.49421757908,0.04317985910121034,45116.938080375745,7.565565591181652e-17,70048.2266312118,0.24742283130258902,65270.794303579256,0.004451229631278553,3.3001826859897334e-06,365973.9452908347,0.009639162606382732,0.0982571148946096,0.05697788986683074,0.35267157374219127,21.962481074031416,0.00021343334268229705,7.593414523230574e-10,1.0210179189860103e+29,23591.924773540108,69615758925877.09,26647.89891753081,5.299391379645726e+16,45910.301711579334,7.010839562683899e+27,31935.540776683298,1.025755299451187e+27,635.3784862144307,7.9967522469032e-06,67266.344453554,9.515495546863958e-07,27179.838498998466,0.00012268015213170262,74710.45570314045,0.00034771381835054703,27070.109983047176,3.3167577800238685e-11,4.393090320807681e-18,0.10978841166067399,5.430017573556936e-11,0.03501778852722984,0.9649822114184702,,3.547456078840433e-13,337100.6369054273,2.7552789111645988e-11,5.614788688592697e-12,metal,metal,intact
2.2055504968324078e-07,69624.2502460867,0.023998314073983753,5874.662483786183,6.783843180378095e-17,69888.9202684708,0.2586160658269376,73635.12117476846,0.00281744082361491,7.679199352044263e-07,2262557.117536096,0.06181435097148954,0.04315661656527521,0.07657179075323263,0.45012856281372615,14.887193867735405,0.0003674431848022468,3.7166698715988204e-10,1.090981226411872e+29,17906.259358045096,639740410128113.1,28644.21773451382,5.859915548252023e+16,48631.172117573784,6.473495536723916e+27,25698.612951322582,1.7899497870106172e+27,791.036633953298,2.4478732152458583e-06,67920.72341956923,4.3902758357036494e-07,27905.18276152512,0.0001292029141459458,89296.87908854194,0.0006512500248046589,19989.31281832187,3.9699610579935645e-07,8.054453117032491e-16,0.2514540053392504,1.638557032936497e-08,0.19516128862954651,0.8048386949848833,,5.331879082056045e-11,1307262.5446346134,3.100020299456421e-07,8.699407585371437e-08,metal,metal,intact
3.4147196218771766e-07,73316.75245435811,0.06378588111204797,42465.71720907147,2.6084079410290372e-17,69191.05732483712,0.14861914295151887,81087.72937259,0.002109044369667285,1.090449345465872e-06,9173944.213328531,0.07120153560853965,0.09999244005159483,0.06412701672473876,0.20466083100599247,32.510684664768355,2.9455370778291162e-05,6.736507778527688e-10,8.76086008675359e+28,18339.07941406686,516797150116438.25,26571.703635566155,6118156734534259.0,42030.135798412506,5.450814496526773e+27,38277.18595288428,1.5867577955513133e+27,868.7507186280197,4.474399450846891e-06,50399.605769779766,1.3291631070475196e-07,29946.224944084486,0.00010846101229520392,98973.83971512549,0.0002825798896544879,13209.300082455065,4.8376072700201225e-06,1.646659404386762e-15,0.29645659696889165,7.915940986425652e-09,0.4416910459199294,0.5583089461641295,,7.08110116736436e-10,714775.1150390917,2.5217270608468286e-06,2.315880209173294e-06,metal,mixed,mixed
5.708627750620375e-08,74586.06290163132,0.09296306319135908,34315.9519593514,5.014707273079493e-17,69960.34792006137,0.16109877241679016,79218.80537306954,0.00458128465636449,7.140535129062598e-07,6964059.660461175,0.03352242207000037,0.0906820136756366,0.03674178909780444,0.4686970652099284,55.08483631371419,0.0002484288938562609,4.0582218666850267e-10,1.1494506858877266e+29,21984.569305692563,274541795079060.38,28412.227897951798,4.96121742689539e+16,49343.93668114998,9.347851281021687e+27,25171.42713017255,1.469128417115328e+27,1182.5376499418778,4.4702505303093497e-07,44994.96003500286,9.667640280995334e-08,32548.172596178934,4.57302159638346e-05,70772.80044915232,0.0005062620815952619,13026.25040465446,0.00015021288224718594,7.857080483192666e-13,0.3436146321993104,1.4795027367969477e-07,0.04507414289651911,0.9549257091532071,,3.2985164306287837e-09,6265871.77702942,0.00012524814417208508,2.496473807510086e-05,metal,metal,intact
3.364627444252098e-07,61120.64087178756,0.08155647751152229,5158.124334760858,6.866835053327345e-17,69905.87287447786,0.16994894669117983,84591.20800248682,0.0026497694820081627,1.2779932358304072e-06,6508461.9804752935,0.055706509640957344,0.06666489097946243,0.047058329349376836,0.2426644956214166,90.26925663476318,0.00025039002090550396,7.124961297292308e-10,8.712457810788679e+28,20431.720215155416,740003698759514.9,27520.076361995638,1.4713370911811886e+16,42851.9436937813,3.5100460487207476e+27,22641.638397683706,1.5526995135986603e+27,894.02830824342,5.311823376557894e-06,58368.87659522222,1.5809834768588898e-07,36258.15223405084,9.371413445602718e-05,87739.75936800023,0.00042523189215363627,19404.78039969386,3.6394267495589804e-05,1.0757637583882316e-14,0.25327531699523315,1.901368977604084e-07,0.4715450075967541,0.5284548022663482,,2.590624865757193e-09,82924.97566643883,1.5823641381782077e-05,2.0570626113807727e-05,metal,mixed,mixed
1.7757323295393083e-07,63326.8990366364,0.05663241595869288,15316.40830157111,2.0093854016694767e-17,69730.05242706493,0.18018000651183333,152191.27156956212,0.0022851154899373224,1.3973483143469812e-06,9666384.299793316,0.04873996049496608,0.053667442565616945,0.09504784440178393,0.3455841134739848,47.830945896870084,0.000348453934732618,8.1547780464238e-10,1.1205652927333716e+29,15651.501295567492,479726122220590.8,26026.273857163447,4.757243431019695e+16,35899.91403768745,6.616249547065662e+27,36239.94855821271,2.3525049247684938e+26,651.3316589441843,8.910686493937164e-06,67688.22664427015,3.729904518884085e-07,43668.64919978053,5.504292951293274e-05,85980.41588044456,0.0005579695923753139,37190.09917382461,2.5339453119839202e-08,9.676812112966957e-19,0.14520470466324595,1.3682537986969569e-08,0.3028893257081329,0.697110660609329,,1.584194296465034e-11,417.65745725108025,1.7165898057972441e-09,2.3622863314041957e-08,metal,mixed,mixed
2.0062942816170347e-07,70671.26404128311,0.08649190815952575,18677.632506727143,3.1199453350452644e-17,70521.16101164892,0.3182768638432359,128699.95015928117,0.0028004370807964045,4.500055506265212e-06,7621587.528920152,0.08226031220965062,0.083403215382569,0.07146229152143947,0.09796011440884467,12.217655550972692,9.485184872164624e-05,5.795961936102868e-10,1.0519233501362087e+29,17143.992227252023,638704178789572.0,25993.00445613254,2.3519146834451588e+16,39105.47287189429,6.951487350886141e+27,31168.13181087766,7.729822688435351e+26,1082.2457022454018,8.004121143051516e-06,68700.010967736,9.324629652215574e-07,36701.84422486476,2.0405794597719967e-05,79871.16672237996,0.0005413331870501867,31512.980316923113,0.0007482525942307358,6.930415166656578e-12,0.5745877343924892,6.91538644900752e-07,0.12543288504292927,0.8745664234184259,,1.2827408901022724e-08,5279842.299378976,0.0005468873091293698,0.00020136528510136603,metal,metal,intact
4.032189910454456e-07,75206.40760901343,0.0549822843032797,31383.544826060603,3.232934131126813e-17,70447.25965175932,0.30914790924733454,148914.4107226803,0.0019235013930062924,2.902819553375371e-06,3910079.5581559073,0.019908583032762307,0.07204670368222474,0.07232977325815972,0.19296517410251757,43.07267192903352,0.00011919164134259758,7.332324416928473e-10,1.045945223640841e+29,17645.109994145616,370767924944469.25,26271.986353091444,4.6885184983107864e+16,48104.43922922395,7.148056786180196e+27,28372.497493903353,1.854224775000169e+27,624.7488642998128,8.043672612679696e-08,66577.33480322466,1.0257406448004127e-07,28445.2587124037,2.2292302860037812e-05,70104.72120983063,0.0006227517587076235,33494.22824885454,3.9531421482416654e-10,4.837460879934197e-19,0.1051774316038825,2.914193394587138e-09,0.5358409746272415,0.4641590224585652,,4.678084272531514e-13,146007.52191327297,2.2225394580174375e-10,1.7306026902242279e-10,oxide,mixed,mixed
1.8357616495675078e-07,79777.99723929193,0.05445907388863102,17240.63659817428,2.507668942013818e-18,70769.20763731354,0.3450055913382314,137906.20974606485,0.002064812494536537,8.128724643670158e-06,745819.9912876566,0.08901863361154974,0.014064450821036125,0.02070082475418278,0.4543339526245131,74.31253290654774,0.00020794252096682312,3.172212423291074e-10,9.10672136548097e+28,23882.904779148645,808280771899522.2,27227.45531388268,3783594360306338.0,45339.09230726226,4.176768700319521e+26,33413.93260603003,1.203271394803513e+27,1246.0305809914648,9.149630404280474e-06,64720.10146436369,5.051588055685423e-07,47748.28124524205,0.00013178447667683973,81379.9271488931,0.0002607414290165398,14622.233736581755,0.0015519467935042892,2.4225979690270455e-11,0.2642207400379097,1.814714926199958e-06,0.419270575950684,0.5807276093343897,,1.2502883616140558e-07,162939.26371805245,0.0012034679290625217,0.00034847886444176746,metal,oxide,intact
4.280805174085256e-07,69106.58624790731,0.08532347613462153,33460.74157151585,2.0654133886699172e-17,69344.29742878796,0.20836016450785982,26564.473323472987,0.001519721710511343,6.57751605773885e-06,9355919.597678073,0.03218011391739803,0.0068966099916680165,0.06715634636107892,0.41224682273308305,52.98837635524461,0.00040172490091227496,3.371321742745381e-10,9.287224203487415e+28,22427.00654800321,87128337717343.17,25190.225573728545,4.794475414518313e+16,38058.28458155301,8.803994583048826e+27,34734.58748873016,1.643927284649519e+27,934.6653433771016,3.526525159895275e-06,47791.806539695346,6.56254166588662e-07,47275.566770890895,5.670417651629416e-05,98024.50247602581,0.00018545633259910274,17537.159946140986,7.941383240394627e-06,5.222363224011547e-16,0.40547727515298704,2.905339575700663e-07,0.12464206696711799,0.8753576424989244,,3.4502106146927154e-09,11.945003754099424,2.1681221490835914e-07,7.724571025486267e-06,metal,metal,pinhole
1.6198214226348248e-07,74204.8161208102,0.028306899654149936,9658.976651495928,5.414503922303957e-17,69350.17773432836,0.3719979687270396,127388.740902082,0.0023803478081510896,7.933004368757086e-07,6451736.389640921,0.0520158414468379,0.01985021770603137,0.05219181093124356,0.10192933599092294,38.30195697745713,3.0407610027536896e-05,5.895826651934268e-10,8.735463976420098e+28,15814.71791507394,487903062248683.75,27477.03010390635,5.346816740756388e+16,45422.81621256538,1.439228264938402e+27,20438.375873618053,1.3932563733724723e+27,1042.382552533054,5.818614013658924e-06,63068.23031013156,3.859190346971489e-07,7748.022005498074,0.00010076729978590227,76480.9183182868,0.0007203020968565156,6736.765171072902,0.0002699408998291054,5.089401363839339e-12,0.5734465549313235,2.209330856109955e-07,0.014226900510859418,0.985772878556055,,1.0691036891574851e-08,6240947.9546389785,0.00023598694059572532,3.3953959233380096e-05,metal,metal,intact
3.0252105732094063e-07,77729.41157186871,0.0070702733300216395,14646.949956360237,5.931706504838213e-17,70526.29226303023,0.2187657844489576,141696.2159845113,0.0037500889257432355,1.2324505773861596e-06,8620042.517954055,0.0173648558320308,0.029206428972614475,0.01786099675407749,0.4062243614769532,87.648245711063,0.00018624160116311548,4.5773335365686996e-10,8.329876533747888e+28,22001.619867561472,252316280456728.34,26283.416398542722,4.119474367766246e+16,36926.707984473855,1.1131057497866198e+27,25047.751701251218,7.756262081213886e+26,753.548104145701,5.241299479426237e-07,48103.99738024654,9.59455457616439e-07,38268.238284184576,5.861759653774934e-05,71957.52558674966,0.0005611150987791977,28980.250083385145,6.211827885488942e-07,7.475171660794814e-16,0.35898385192972604,7.135394077357764e-09,0.3165354190768557,0.6834645737877502,,4.06796835253667e-10,3755001.26009553,5.667771393956748e-07,5.440564915321938e-08,metal,metal,intact
1.9363683774594821e-07,66128.07019256506,0.04819033750602429,11278.793104206636,1.1887263748604335e-18,70416.55125452485,0.10195992340309908,24369.404420518742,0.004142526792283439,8.66851521998998e-07,9719260.986394992,0.08369427848535475,0.0698422623701024,0.027946014354187875,0.15986505527001177,52.347883156876215,8.591542433907207e-05,6.67976411579901e-10,1.1222249535637524e+29,19935.83131813826,499795521602522.06,29905.76449042543,4.4099482797319496e+16,41336.77699993047,7.827092467170162e+27,25285.246343543327,1.078769502668367e+27,701.187769317349,6.446512499993166e-06,51968.92124289081,6.355793938262345e-07,20738.627893825484,1.0392642628522541e-05,87864.92822824822,0.00024554717851114503,33347.33105996538,2.6002896371721267e-08,2.394773384601358e-19,0.47506916480359296,2.786004914263222e-08,0.07700418544026777,0.9229957866996832,,1.793390235734238e-11,88.29060201696048,7.028353705394093e-10,2.5300061001181857e-08,metal,metal,pinhole
3.6229160388426575e-07,72919.1434869771,0.07024532642224486,11169.385745866435,5.1304424787594334e-17,69929.08227832781,0.14601048022591528,73788.52883836448,0.0007860028563355902,5.879507437279943e-06,4571460.069748249,0.031807349655199345,0.0030386291204088727,0.07166830121021624,0.1650050852946621,92.52750664315064,0.0001904172037998929,8.407401548987063e-10,1.1688200424677383e+29,19505.71334790106,12389007249187.115,29510.66670360865,1.7047137781545616e+16,39729.59184941998,2.8606083258336183e+26,39261.41552473711,1.1639829600289413e+27,1114.4497883531947,5.372905011676057e-06,44347.32957518494,1.533846632991276e-08,47135.2648248033,6.113797515506112e-05,78960.58499057055,0.0001157891417007018,9274.833665825407,0.0009273834271601481,1.9641702413575712e-13,0.10661513430396954,2.956580347039723e-06,0.33041004104436034,0.6695870023752926,,9.648350810709842e-08,84.2668525299143,6.354700903214293e-05,0.0008638364181280052,metal,mixed,mixed
1.8953558902075453e-07,70914.30731109188,0.024276193954739473,44947.422169760575,2.203963609719551e-17,70015.05902152986,0.2654009157204947,29455.46452935243,0.0008591677017053365,3.7051626480527313e-06,2577056.0198946907,0.07302874449816495,0.012596483933650848,0.028790920860650437,0.18800806022785507,16.946394618883282,0.0004938833827111222,4.313843450329217e-10,1.1305254806067462e+29,19957.20254210653,8063423007250.772,27685.999358142148,5.975268208291465e+16,42975.46938024283,3.9265799607886934e+27,32691.162442740493,1.0732541094579574e+27,578.8292468950888,4.269567885863153e-06,65642.5350411217,9.390692842133959e-07,28338.83080383386,2.6416798071726034e-05,79020.53290124185,0.00029821469492765827,14294.427904596814,6.222490973185632e-11,3.2236857604953587e-19,0.18963395294056493,4.9441292779012886e-11,0.3426970947328593,0.6573029052176993,,2.968277457320252e-13,892063.5643907429,5.123107274727668e-11,1.0993836984579638e-11,metal,metal,intact
6.509549336416211e-08,75190.09643525722,0.0628151219840345,18980.988017721123,2.998895700704894e-17,70657.29134426924,0.150251358110091,77545.44756186398,0.0015856080585920768,4.329086266262355e-06,2521174.168882159,0.009564804283126635,0.004980777841879193,0.06060310951441713,0.15603354704229297,56.60732467193845,0.0001558463228649576,5.332787159324833e-10,8.919310038039228e+28,22313.682700108413,641837617333033.1,25530.19970962543,2.5074256317192204e+16,38854.415306128765,8.181422856018412e+27,23851.26938992125,1.4757728268866987e+27,1048.8933166750735,1.015568227037852e-06,55147.423338457855,2.3520703324860632e-07,8039.274699139898,4.043153296239649e-05,78532.32258609902,3.99362729380225e-05,25147.954923324964,2.311071216580023e-05,5.968931662785193e-14,0.3954593173968124,2.1793385491426746e-07,0.6033411865615694,0.39665859550457594,,2.084314068656463e-09,86757.22434590934,1.650005841317335e-05,6.610653752626879e-06,oxide,oxide,intact
5.109526972178569e-09,70293.2931169217,0.014117591647747606,5802.808071689905,1.8026848206499054e-17,70125.99053761332,0.09828189481988689,87361.61906080476,0.0049521497187825555,5.001233550228029e-06,2920191.5723788533,0.014338743912158967,0.04105149750012343,0.04404785677891912,0.08385638119421744,86.77453555998976,0.00011540901510696763,7.894634192601935e-10,8.099741525478265e+28,24886.97404581221,346204241624779.94,26066.843115769334,1.134576444650256e+16,38959.203046273076,1.7643056139853305e+27,30883.80238964061,1.0519573259133902e+27,617.1276665330831,4.669789394223387e-06,41716.00550291755,2.391078214539523e-07,27071.675774587697,2.4572679716766018e-05,98875.25285524444,3.937926061192338e-06,24210.03906436053,6.351723423660695e-11,1.385592629722455e-19,0.14008057066393736,2.225349497425904e-12,0.5746836826092916,0.4253163173884831,,1.1640874202357477e-13,47519.71928883535,3.720273906327109e-11,2.6314495173335853e-11,oxide,mixed,mixed
8.923080266491643e-08,79423.60534270603,0.00022256824397018333,31485.70419662838,7.906582659803531e-18,69735.16084898851,0.2941539304543123,59596.25244918123,0.0018982749274093966,9.30625521062912e-06,3056091.8595375884,0.03384468356972574,0.07523343433579727,0.06167020944380317,0.1079619432475745,18.056700756193333,0.00021392895086599982,7.87575363139364e-10,1.1603942514314661e+29,20032.594677962406,444972406959508.1,27128.039031325927,4.692209594658401e+16,46859.383103548105,9.145217455062755e+27,25671.300308718426,1.9386052911754595e+27,837.7505099534156,7.46937294832208e-06,57134.740047659114,2.2926691601696188e-07,41743.34972576902,4.6433894947159987e-05,75382.70884976206,0.0005200983044007214,34972.38594854497,1.7344552036427086e-09,1.9701028682210187e-16,0.16414414211313477,4.103576173228999e-12,0.03498070430376362,0.9650192956921327,,3.6430681605362524e-11,2805668.049536758,1.4283960334416742e-09,3.0605917020103436e-10,metal,metal,intact
4.1260748995261336e-07,62147.81921227857,0.07227940600368842,42106.15629989544,6.609295512708992e-17,69158.75293886881,0.3356060654095716,44850.11434633767,0.0005578300899489288,8.019372528522223e-06,595042.1935554717,0.016191416380592953,0.05913055197461496,0.0902681725579592,0.4113814249313852,12.333871448260645,0.0004150230075024314,4.5969628788230223e-10,1.0560510796542748e+29,15685.934562725899,799417948567451.0,25811.256317753534,5.981640008044811e+16,35430.796738025325,2.934939636136249e+27,31652.163501294144,5.197014328078987e+26,935.5953666068215,8.377998398043123e-06,66309.30566331165,3.757855097991203e-07,29289.299538886487,7.132798137331724e-07,92492.1487164127,0.0007547390231484397,11911.059546526069,7.132457757704948e-06,6.7555839362750194e-15,0.17561683950454895,0.00048746724757139687,0.18672063415725,0.8127918985951785,,1.605690223624227e-08,1.238569978440879,5.414473966040336e-07,6.5910103611009145e-06,metal,metal,pinhole
1.640950557317286e-07,76510.19275328607,0.015353021176129269,6789.341808801923,1.7954250370544062e-17,69408.26016618186,0.28823228571137594,30942.599726220422,0.0025576454022504806,1.362085143716116e-07,8442270.459953466,0.08261455396845564,0.02759625434942761,0.012056200881030623,0.21933946364228657,95.71097533043867,0.00022597213115770748,5.351930057542611e-10,1.1830193654712595e+29,18353.924543432677,701359722478016.6,27412.4832105053,2.7149040881697556e+16,47646.480126917435,5.227669343934068e+27,27470.69212841923,9.125611133709564e+26,977.1224383338301,1.572036709480454e-06,52179.28307523534,8.802814854755935e-07,24557.35766928993,5.181757264285267e-05,98323.90648643892,0.00048466086544711397,29038.880617034905,1.3504767523240674e-05,1.3744913442075146e-15,0.5990112280482578,3.188721859254502e-08,0.3498041597347216,0.6501958083780598,,1.4704046642992717e-09,2790305.0284189023,1.0939777035635388e-05,2.5649904876052863e-06,metal,metal,intact
3.451316908106744e-07,69618.6314489386,0.09611605866886627,18772.12264773719,5.677295093948808e-17,70654.53933276351,0.3072029771947928,50410.96624424016,0.0006828169530051459,3.922876356245154e-06,4046138.298084425,0.09534222162257659,0.015890779212237558,0.0450056510405373,0.3203417190650051,61.46220605427586,0.0004989856919000458,5.298000186218642e-10,9.277880946308372e+28,15204.166096330691,423216234895799.94,26846.028820772954,1.63059698720705e+16,47196.110752911976,3.251144485521668e+27,25936.62102620797,8.174364442429249e+26,1134.3444523791454,6.346716869526146e-07,62284.39242790059,8.557917124758776e-07,12598.527117312147,0.00012050109625852246,70380.99327833767,0.0009411608533542666,20324.921022172133,0.0008954549244059204,1.1568521357158189e-13,0.6033353450312419,1.2479009148000102e-05,0.14132517226012856,0.8586623487307234,,3.177167954699798e-08,231.01326799015132,4.964840876017098e-05,0.0008458065156457494,metal,metal,pinhole
3.080904195359726e-07,65319.07872799725,0.06857955839111661,7702.827386695652,2.0832510655702166e-17,69012.9771680907,0.191458844442418,88873.32119158319,0.0011264196456218715,5.255318121990278e-06,7724626.886060924,0.07686887255144957,0.07272926380280197,0.05552488912880926,0.2251225268466655,66.86591019307421,0.0003629964582027857,8.834047592389199e-10,8.41635356094167e+28,16396.295165714033,300687994588491.0,26060.203041736942,5547447053550078.0,43711.18822791494,8.002271811008753e+26,35198.70053606046,7.425687645571874e+26,1068.265417541013,2.9834871339040617e-06,65520.36824036208,1.708047168805341e-07,27105.010804432965,0.0001095808921972748,82356.81152293037,0.0007655474227442058,15416.414989916992,0.000740185289001592,1.3649825500844467e-13,0.4053995884062492,5.450372866071978e-06,0.22590300768317087,0.7740915419439631,,4.388212158775062e-08,889.8203456329722,5.676470882901297e-05,0.0006834205801725789,metal,mixed,mixed
1.4767403974061648e-07,78429.39643927166,0.02821689953443538,36745.69558364567,7.112036457475969e-17,70172.83410594193,0.2334829691903081,92101.7211385293,0.004722009629834271,1.2404925854694385e-06,9881026.76742377,0.030999890666001572,0.08395128220703073,0.09987715958317223,0.22817771610901072,5.495772500589796,0.0002630507449552649,6.713405408499852e-10,1.1274533730967577e+29,20879.756469037486,10451578779054.043,26215.39533585732,5.361335348455836e+16,40898.97692405443,4.4119341986548413e+27,26442.931482509364,9.607382464126471e+26,631.8682812947411,4.5761695460202645e-07,48918.381500193515,1.4010737504868398e-08,7939.710425834464,1.7909021349751778e-05,77367.9243278997,0.00017574635623887294,35535.9160921545,6.590168629648331e-10,2.5080816225918993e-18,0.18998072890887271,2.1473573992442025e-11,0.08251754560404745,0.9174824543744791,,1.1256510262765351e-12,7977754.226983072,5.074585251811707e-10,1.515583377836624e-10,metal,metal,intact
2.422852564305893e-07,76964.03998920856,0.031728042301281435,26766.687701918225,7.188274617269625e-17,69398.04360955556,0.35124978757375946,127896.22914970842,0.0008999015252038547,4.054568256319934e-06,247193.12533700577,0.00728461851933824,0.0871455920176775,0.059835107746210835,0.04662536751570655,31.19377641036803,0.0002471868628808389,6.258680201912809e-10,1.1047762236222444e+29,17365.622275546215,203732293955423.0,29368.421972975084,602701947606663.0,48569.97863792464,5.944485349829278e+27,36624.171242331875,1.8690330934790114e+27,574.2354992001913,2.6842968478282563e-06,68649.2243791202,7.389999127736946e-07,36930.27482690119,9.89606070117641e-05,80657.96695229039,0.0008596093463268925,7720.586045560194,8.749006051414198e-12,5.860636547099879e-20,0.0339186055904085,4.880986630506128e-10,0.5049376565968227,0.4950623429150786,,3.236792736729965e-14,9772.347776965222,4.874865772817945e-12,3.8741402785962526e-12,oxide,mixed,mixed
2.765097336865943e-08,61952.2004901689,0.011922191795368077,1727.0317357549084,3.6893874888053475e-17,70676.67234620046,0.32211593522484644,33014.125826048185,0.004893635037244815,1.414221890042615e-06,3520349.442777232,0.0430005039679036,0.04555363446418864,0.029170720622147282,0.359877349212986,95.28731317315604,0.00022816429022361033,5.523499990864595e-10,1.1619488480133388e+29,16444.59177036606,607370102662197.9,26393.252283138234,1312245605663788.2,46920.85131996585,5.2750607273696746e+26,25370.687450140504,1.6078656199141187e+27,653.2387713652912,1.0969337378617069e-06,64541.39239695886,3.015397328103799e-08,11696.858547848633,0.00010977592710850548,74669.5511599136,0.000281476172311157,24223.316860448027,7.252674557471299e-09,6.783276436654075e-18,0.14618097766457278,1.6022487810960882e-09,0.5364470080454492,0.46355299035230196,,4.839186444815342e-12,361818.4205892528,5.395206032095056e-09,1.8574685253762428e-09,oxide,oxide,intact
4.7308330474869807e-08,75007.24214223401,0.0007920634988455502,16791.416774910216,1.6209210481865875e-17,69325.0252264961,0.0909488570478812,134780.80349585364,0.004351569347885114,8.519149444205784e-06,1214753.3345139208,0.01162223022520892,0.042366149988272546,0.08572479880607428,0.10563138959424118,31.99463286722618,0.00037303145562555596,9.897069248373491e-10,1.0079780781043598e+29,18823.952451031444,734648643150951.2,25225.488939987226,2.749997528034421e+16,35624.937943915495,9.640306975669471e+27,35859.88675519072,9.045574076196607e+26,961.9104830331972,5.414615093903553e-06,64442.10390740435,7.040835065421718e-07,11315.464066657842,0.000126321386108392,90713.71417611028,0.0006128858486697388,34698.78985949162,8.116413325524568e-08,6.694654173836358e-14,0.40942983078400447,8.495692548739672e-10,0.006429554439551973,0.9935704447108787,,6.374940079609603e-10,1196795.558128866,6.975534975108373e-08,1.1408783504161951e-08,metal,metal,intact
2.548404469349895e-08,79333.63770859472,0.046705017754663875,44955.93352938582,6.335125440192499e-17,69471.00735377407,0.28342998921039114,155511.92043939253,0.004862102307838888,4.896103580404996e-06,7733541.839089635,0.06514565930274857,0.053274484403120305,0.02651765782877501,0.24520506584769644,18.699502913947896,0.00032521717863065057,6.925622256484282e-10,1.0370970161512352e+29,15366.8041880567,436270818814467.44,28841.232374028317,5.782511414326474e+16,46443.06845706595,8.139130921566804e+27,33193.811479332086,3.1637666519679156e+26,823.1194698301863,7.528753292996867e-06,53466.61281471665,4.672999216234453e-07,19131.59511207499,0.0001118561401779915,76040.73386911779,0.000890490117562286,27380.522000562687,2.528248501479829e-08,1.695437356272383e-14,0.48837546542598825,4.010291081828958e-11,0.001407991915847728,0.9985920080440494,,8.119561491609237e-12,7708512.485421841,2.1613524410991783e-08,3.6689606038065085e-09,metal,metal,intact
1.3330016691686343e-07,78410.03963445814,0.0751497290408017,21207.454392638294,7.441989896845186e-17,69380.15953328497,0.3204391267990657,131889.8130605429,0.004281711365189281,8.159897408595603e-07,8660540.976729386,0.012167661190591128,0.080487966402615,0.06442544640447098,0.14233771440250392,88.86004450384618,0.00015441816960361988,4.572306848614907e-10,1.1886188391395364e+29,19377.85880899335,725151212081225.1,27865.114934878733,4.676067305208564e+16,38708.95915419202,6.0620407444625954e+26,22259.06840497307,6.1459428558550396e+26,744.9140341387492,4.868163061346153e-06,42072.90258695083,7.674725486572913e-07,14349.596778196888,8.004624738092072e-05,89598.77447182106,0.0002614964179404019,38396.93479177886,1.7598431524253998e-06,7.682809571865119e-16,0.5793931613662127,3.976012903365166e-09,0.41748474382389245,0.5825152522000948,,2.4679790755951916e-10,1779399.568185514,1.2771032423083945e-06,4.827399101170053e-07,metal,oxide,intact
3.271559011966728e-07,71198.95502362806,0.041115007991667764,17453.917955650108,6.622076461587341e-17,70943.93055094015,0.31446885832850646,124425.14554600535,0.00311733500919665,6.940207286190567e-06,9498596.789148612,0.03908970689153435,0.06928992147413557,0.06575729308038983,0.1100953036351498,75.68871043883347,0.0004759367811410182,5.877084765020319e-10,1.1799931165768717e+29,17442.12495605222,154758817606384.53,29091.200432584734,4.51093477570354e+16,41655.43217519722,5.113434894079432e+25,34040.995995440404,1.304937118571768e+27,1199.3796489907988,8.716965805903818e-06,66668.32532597703,5.529508971737954e-07,29902.325462470428,8.052551539091441e-05,73047.27464815212,0.0005017150776764987,32795.9253941991,0.007069782059794625,9.307242423356795e-11,0.6074100222623264,1.262286616068216e-06,0.1332614262536054,0.8667373114597785,,2.0892280447131137e-07,6615420.6321016215,0.00565858744036573,0.0014111946194288955,metal,metal,intact
3.574248237486774e-07,70177.29772998419,0.033126167462226824,22196.18756134784,4.828782251906075e-17,69708.67972219137,0.13281825885341825,85524.15628027744,0.0017795061851845599,1.7166066361014256e-06,3188981.483716266,0.0016437221750046046,0.040903050661316824,0.00929375895156936,0.29155251471185467,10.370148374213683,0.0004850320163809259,5.746031622655653e-10,1.0425754780588481e+29,19450.761194867137,52514743511939.44,29967.255026247563,3.652092377393851e+16,35745.290748042586,4.583742152890431e+27,22103.148952173302,6.362442261274175e+26,898.1721769209553,6.573195086907655e-06,55203.52784891108,4.3632242797397364e-07,15241.689873900403,2.8387154764140737e-05,85785.0198232464,0.0008295118784446162,37016.70211431566,7.20186635996353e-06,6.724905425253267e-15,0.4278513541091154,4.901571964620139e-08,0.8583001730307346,0.14169977795354585,,4.6100557270565195e-09,26614.168279759888,6.027723398586925e-06,1.174142961376605e-06,oxide,oxide,intact
3.015676112818618e-07,69735.65758444039,0.02166004254700365,29204.884558316335,2.6933499280613945e-17,70490.50793011388,0.12978197114171147,31284.492202672795,0.0015926119062709793,5.847837314997512e-06,7988532.758119418,0.07466247975569759,0.03374543978714465,0.09492301844357537,0.47546370134215343,54.63851954807565,0.00023707074519677216,7.47631517444247e-10,8.835857814843173e+28,18587.018999079308,197842586206193.7,28114.330404523127,4.025188738220051e+16,44987.24869990421,7.674512194576886e+26,26471.25993559703,8.888162052964248e+26,1266.4277290491073,5.498074770465288e-06,47575.605863009005,3.841856029072196e-07,24649.766543417565,1.2212607453812838e-05,80320.07843071046,0.0008486273978621611,24624.700896469283,0.0007032175453221632,1.7582919859979272e-14,0.575301975067051,3.692143158142513e-05,0.06729659369144426,0.9326664848769743,,2.1837136546497116e-07,6.711560816655572,6.7640958907524205e-06,0.0006964534494314108,metal,metal,pinhole
1.280559948846551e-07,66659.84399082346,0.009545442908846293,38282.556879573545,3.8600967591070564e-17,69544.57348784951,0.35971593324433615,72988.75943961815,0.004637466873647951,3.0476366985964926e-06,9815873.306218028,0.0047733459730571045,0.052094010393469135,0.06045246051251423,0.29767053979194313,73.22217695614317,0.0001817729765696624,3.20727042338021e-10,9.729003621098277e+28,24940.82710717564,510161095816645.94,25733.5984200087,8016249209632148.0,41663.67438874957,3.455458741665912e+27,29544.896691523078,8.619700308855779e+26,946.7366626938658,6.750769068889409e-06,55150.92724191416,1.2018291198215766e-07,34564.00216645262,5.765861650523821e-05,84967.8644308701,0.0004973874291297288,21348.64376979851,4.049760195926844e-06,2.1875891667698183e-14,0.30317466702783874,8.321295498177589e-10,0.15568395429158052,0.84431604487629,,2.238848921796804e-09,6667537.787219529,3.5009786697323104e-06,5.487815261945337e-07,metal,metal,intact
4.2261112579337643e-07,61708.838021474905,0.025856757147486295,33997.25841714234,1.5871609016264184e-17,70686.62557347426,0.1504591945903216,147104.5046770359,0.004430029532271982,3.4120850322498745e-06,6349615.394625609,0.09994887465086101,0.010702491322579109,0.015441744933715152,0.21370600460076547,50.267615119693204,0.0003764815820512784,9.709539713936028e-10,1.1232483139152489e+29,23518.384189255878,704673750609741.5,26429.220912757133,1868898840758488.5,35138.800750307586,2.894969162685288e+27,37258.030187987395,1.068951706036562e+27,1179.7419027945239,2.2608585019297164e-07,44429.02549646186,5.934520308457064e-07,5553.560418463162,5.4567084435963654e-05,71912.69509143181,0.0006449914648200653,26710.991310833953,0.0017549134133871356,4.299072241641376e-11,0.6386984130293415,1.1893003074423492e-05,0.0478002965225362,0.9521878104743895,,1.438542645543591e-07,5489141.907679317,0.0015207694828087294,0.00023414393057840624,metal,metal,intact
5.614679237165756e-08,79565.34746890205,0.06898998147867076,16103.628464537464,1.2945790319931795e-18,69239.2094974266,0.10713276991415539,169809.4707092175,0.003733258314079929,2.523680938842119e-06,936779.4280187299,0.05064099451289008,0.03661396630432402,0.08605182113532489,0.151130680304297,60.79227244781144,5.181536995612837e-05,3.046172297872641e-10,1.0855763768832484e+29,19329.51766808474,468034905874713.2,27896.34910845628,2.936782140011461e+16,39402.71764972077,6.648750341836072e+27,26970.113025594383,1.8087943976273376e+27,1167.032014009407,3.945238451947664e-06,41670.6260180533,4.171003046635227e-07,31073.029513088033,9.112270376911446e-05,84987.84579451085,9.392248018175666e-05,33536.18323830336,0.00012888268755067845,9.73189496886461e-12,0.2849903816478468,2.2576343067825248e-07,0.027932131964321746,0.9720676422722476,,7.999885131114904e-09,874536.9207216278,0.00010593251338349154,2.2950174167186914e-05,metal,metal,intact
3.7133414817511706e-07,70625.93936422834,0.008991461262854016,11445.519754463208,4.1446209693128947e-17,70018.66529081346,0.10295895414874819,88472.21311252784,0.003942092635756224,2.88557191012323e-07,8120102.635350085,0.043983274245075935,0.0531309658689781,0.042579389707445216,0.3848160744916264,35.40316155440756,0.00019690281324395272,4.866461171277582e-10,9.715521647947931e+28,21738.11262202138,4795490911770.001,27986.31039008813,5.26317384858299e+16,35507.39917226987,3.85565061962088e+27,34808.69777287723,9.374832951245242e+26,1000.0967584530067,8.300923744566475e-06,54022.085500355635,8.896103742155343e-07,46052.23971259271,2.5147752998132155e-05,80895.02908857136,0.0009617252214802231,15782.701636890379,7.606125297280654e-05,4.502278367446064e-14,0.4814619070837785,6.4161292088052e-08,0.1449850081158545,0.8550149277228534,,1.765068578484257e-08,5632102.23051882,6.395813502149615e-05,1.2103117951310383e-05,metal,metal,intact
3.798342648069381e-07,69429.47399053593,0.0354309519329691,34054.9645246158,4.575955287585134e-18,70216.08504852303,0.27922416932644095,139986.49264633137,0.004473550764269132,1.823609108769163e-06,7456307.95489917,0.042493950200644635,0.043262169743516966,0.02711579509737229,0.3354894210229515,54.728071177664404,0.00017888915284793724,4.077406720432213e-10,8.294917641838397e+28,21360.662698604654,296963656154196.56,26723.63166008014,1.5281203873235282e+16,37624.52832216354,8.428718416908533e+27,27730.14029337297,4.509936656392024e+26,888.7304276687269,1.3116211322454393e-06,41889.601357373445,7.35042533574059e-07,27607.13376459877,5.9204496483113005e-06,94570.47831490888,0.00035446916331366803,24664.07070326516,6.725100691577762e-06,1.1655304970092637e-14,0.5013553744735993,4.309472868185618e-08,0.3170035895373597,0.6829963673679117,,1.6396511541802633e-09,3001523.504709796,5.663094273061705e-06,1.0620064185160569e-06,metal,metal,intact
3.1817907852487085e-07,63877.80716003309,0.04508578946030341,20278.860287283245,6.466522216678038e-17,69178.19070690636,0.28685650141716923,133787.7437311771,0.0014007814292988127,9.387071360773647e-06,966197.1460122366,0.03194313695628687,0.016488145432376717,0.037169730331448304,0.2208461314500022,28.999813234124776,0.00021181679323571356,6.40443116808832e-10,8.271312791409956e+28,17589.280575959856,8691981217012.242,25112.92319417067,3722477897744417.0,47178.469994073355,7.50916038015932e+27,22263.72910586389,3.811971106686188e+26,804.5689824138133,8.037074948574263e-06,40046.60738201974,7.108558686331198e-07,7487.896719421122,8.154295026459459e-05,87774.79428350707,0.00039731427622090483,36800.04737277077,5.272339020352194e-07,6.963634068308901e-15,0.3845975203210783,5.632633763131849e-09,0.5273890696547351,0.4726109247126312,,1.1434743469827888e-10,127597.24382429483,4.2608529055237484e-07,1.0114861148284453e-07,oxide,oxide,intact
3.780381479173358e-07,77932.23148674653,0.08923392168487611,29239.037377798653,2.4773023791284624e-18,69903.76128204385,0.3390563625063314,155181.19890910346,0.0023967831119974334,8.582779786818323e-06,9119135.464022323,0.08192286310454766,0.09302733940867548,0.01798058273856221,0.24587421225072795,30.583036339321335,0.0003403623561434536,9.564966244486621e-10,1.1359839816471709e+29,20200.61083291516,195366024258308.22,26440.966296505572,3.204408169031123e+16,41690.94373540836,6.784307317432042e+27,24234.837785336764,7.092293583145607e+26,1238.0143435840241,1.6815078597541337e-06,42417.03434156063,7.068389429994689e-07,13057.044383965043,4.172261787473976e-05,72894.95123641065,0.0006988651935837095,17768.90265837137,0.008169026327557548,7.82658376459323e-11,0.6844957762936296,5.522024209668464e-06,0.22190835396832748,0.7780861240074629,,9.228993825995642e-08,4679468.218490845,0.006211699098036759,0.0019573272295207896,metal,metal,intact
3.8329464313285113e-07,79750.80797254594,0.09356878029741661,49752.1857747222,4.778518263270407e-17,70638.19163815798,0.35334436314690554,71514.25560110896,0.0044989146878121715,3.624746098533121e-06,3462880.413453961,0.06950632892917381,0.030186910718994982,0.05898335596782599,0.21709647613626515,16.63129693198234,0.00046377581257349095,5.512224848713218e-10,8.956784520078571e+28,24292.50635655882,5358455648530.432,27931.540315046946,2.862131639637363e+16,37265.95300022443,8.157223295719257e+27,31378.24930836217,1.8055952003994776e+26,576.1605399904622,5.7213438299014525e-06,69371.82337804684,2.400669959136189e-07,36816.69462708144,4.743935226602944e-05,90457.2323605716,0.000620872266406832,19950.95808103097,3.249527968019273e-11,2.355001685500374e-19,0.07102421498558442,2.1240451010540647e-11,0.20860221182531838,0.7913977881534411,,2.6099432595794003e-13,1920058.9372180747,2.60369498521518e-11,6.45832982804093e-12,metal,metal,intact
3.119394094934946e-07,69744.82090406373,0.04693071004134195,28524.44932205995,5.541323877098256e-17,70057.28133925583,0.3479920239498392,159915.456473582,0.0016123492030913204,6.6802750038775146e-06,112839.08437873925,0.06098446543833325,0.06516585513649992,0.0007264815169563005,0.37325408635054874,86.27862837292777,0.00029320960502629843,3.698544162699809e-10,1.17595722528758e+29,15277.508385847448,272405534611489.56,28677.670863221163,3.777381844155368e+16,49431.96659056601,6.509869202052896e+27,39511.84540509779,1.3100395721073274e+27,849.1640330151015,4.9069366684950755e-06,49659.1662552778,9.106189456640672e-08,32429.585916304,8.672763230239123e-05,97190.60512970267,0.000586821709567472,15458.815650718065,5.959809809799448e-07,9.446334182329131e-14,0.03279653088793659,9.541849122141285e-08,0.1068357569388126,0.8931641476426962,,2.3497762084449986e-10,87354.84664937346,5.133171297213023e-07,8.266385125864248e-08,metal,metal,intact
1.6057614252633307e-07,62191.20114952473,0.07700236524750051,49475.17910636517,4.1121337185274293e-17,70723.33632661588,0.17544257694591103,43492.18459119429,0.001818079107894747,6.638205552602266e-06,8704134.704635324,0.08853535509794488,0.08728815763085043,0.0163307176271212,0.2132606786085717,25.44060072345157,0.00013344062363558688,7.090892069030171e-10,8.154823188014518e+28,22381.401182443155,178432196783527.4,29555.375014995156,3.677776126759813e+16,36019.35457376946,7.498929162293148e+27,27228.863460704448,1.8588318813806204e+27,1029.2079571110262,1.4338660975160863e-06,68589.58115403033,3.141062557683509e-07,37668.13633610628,0.00013176373872127604,72780.15662757297,0.0001932744912972147,39661.70104924468,3.4686178944423454e-05,8.440969540632123e-15,0.4249705971988796,1.1540298002475628e-07,0.1522392048695815,0.8477606797274384,,6.559719901000518e-09,1113.7619757186183,2.9964474170061628e-06,3.168973152741729e-05,metal,metal,pinhole
8.570502258073563e-08,67212.27506574201,0.017883998885212072,28418.79725751492,6.924135951325466e-17,70770.57664177944,0.16925927985752742,161561.06975303823,0.0036641616235330923,6.383977037269038e-06,7233327.050741584,0.0974699598084027,0.018159477028539758,0.016656661415584022,0.2813773526984484,36.64688401128344,0.00020204738457225898,9.239094703581888e-10,8.033540357984402e+28,16588.393035720677,325672686981981.4,26635.879738435437,1.7533671339310246e+16,42819.787081517265,7.105783433407943e+27,22298.1723554503,6.428023507298849e+26,803.2027787128284,1.072557748561348e-06,62563.87692669397,9.535543231837969e-07,24582.23106745628,9.987335216939252e-05,72667.68217287476,0.00011023780335159954,14663.292121316406,1.4518127233064129e-07,9.369751595727112e-15,0.5089648439999641,2.9665317990577336e-09,0.03037523821239252,0.9696247588210757,,4.916051451358247e-11,6736767.384239508,1.254012546481512e-07,1.9780017682490092e-08,metal,metal,intact
3.7445700278954967e-10,61540.97750753702,0.08901023467076423,29173.262891000606,5.873346236084518e-17,70067.66898715874,0.3213908274509092,167657.43542147888,0.004825119571302364,2.431736500581649e-06,7644544.809405374,0.018540214819245646,0.0686553169849381,0.05054416176949485,0.4662416397875117,79.23585543929504,0.00017225857475837886,3.2830648909597307e-10,8.662672223942746e+28,17122.224454173916,274150193815218.0,25633.62053619409,1.4154202327434832e+16,46519.12801867563,5.301115415488592e+27,33514.322420085,4.8874087612866965e+25,1075.7904247718516,6.8276752099062525e-06,47968.96935367964,8.113381018048558e-07,32077.439573168995,2.3539792071681917e-05,78785.28463929998,0.0007311007553847563,28382.356146066893,4.6453563528764275e-07,8.064103376362035e-13,0.5763633476822438,1.5917212029333356e-10,2.391044351837501e-06,0.999997608796476,,1.3487116213051517e-11,7644501.647157576,4.0055055431622765e-07,6.39850809714151e-08,metal,metal,intact
1.68338129919562e-08,65053.537484673456,0.06085278696379346,46008.313471457746,6.1914345204168e-17,69312.62354291756,0.26870196828714277,77606.35793492875,0.003430120662087281,2.277630444321146e-06,5250805.305475613,0.04831577925194832,0.045481655202809515,0.041966543479994935,0.1516187427501551,68.39379903651485,3.6761221004652265e-05,8.563193965534365e-10,1.0290495504825099e+29,21263.118864874952,67867697251829.43,28213.433867784224,1.7751392567860936e+16,47594.145150300166,8.29893098126465e+27,34545.24258450894,1.9214058916479315e+27,933.436366932579,5.844276627929027e-06,68843.9261711065,2.968278863530645e-07,8142.648833588295,1.2748042660024426e-05,82725.88660895455,0.00040659836010225865,19027.080607924057,5.709211132381227e-07,2.456456093593628e-14,0.49974863083017856,1.881592094224519e-09,0.019463333711529217,0.9805366644068786,,5.82976221893183e-11,5018344.91462151,4.919677736498152e-07,7.895333958830752e-08,metal,metal,intact
1.1720662884456615e-07,67827.10426402526,0.04763843866770689,4752.189452678796,9.838612881871436e-18,69254.15813835473,0.37603382783033423,35904.662627001206,0.001968859148099845,2.9663015650836686e-06,7943502.89620252,0.03817324273577657,0.0873550274569265,0.03250128999668006,0.35116997228724456,52.205135557133715,0.00012964705916337408,8.54544713210754e-10,1.010670676480872e+29,22722.631099115817,363949572952053.7,26661.60669987445,1956055691191822.8,42725.09477369805,3.1685490760714184e+27,21826.383479435346,1.1903963939384582e+27,1017.5453642243024,3.95182721296572e-06,56571.85033752803,1.3079358644145582e-07,34176.88209761756,6.384962261485875e-05,90994.20341257006,0.0007060697107007062,27535.028473169332,1.6713334276561412e-05,2.1473307574304154e-15,0.32422484313366723,5.987897157933855e-07,0.24598458839073195,0.7540148128195523,,5.040563992855165e-09,333.6273940143368,1.7067373795181136e-06,1.5006596897043297e-05,metal,metal,pinhole
1.9691125151772493e-07,72608.47361831856,0.018545717141095503,4199.1149384673845,7.247192438071929e-17,69182.06721993837,0.20588927414834024,105189.69247618411,0.0027069463367060662,5.0434572183612855e-06,2911286.4319169056,0.06858807872930985,0.02101546518966788,0.009934675022455297,0.37561677524277504,46.5719048619386,0.0002710946726818023,4.4968408283129946e-10,1.1833708530743374e+29,18466.889795482562,37413598107617.914,25501.38755559717,1.888563357629106e+16,43156.49282950404,8.692057474219232e+27,34405.36136135781,1.6904342746706755e+27,1265.9578743754494,6.59254987614741e-06,53316.32111817847,2.5296042609949696e-08,18955.278028148758,3.788840637450116e-05,77205.46856046972,0.00046051259834145017,39885.7300929852,0.0004913261602893645,3.1332948027595655e-11,0.18206658969257208,1.519151308185935e-07,0.04017663725618767,0.9598232108286814,,4.3192993315833926e-08,2658302.88433726,0.00044058607173154375,5.0740088557820764e-05,metal,metal,intact
2.7067853400544194e-07,74171.29576142076,0.0651868914104732,4864.78875688134,2.7056127437201224e-17,70376.09085181629,0.12487348874759668,110674.33988331881,0.002448659416063699,8.627852498744888e-06,3949004.429908316,0.08841875568633037,0.07259866235253333,0.04205587065179325,0.46241078255246204,8.35979647092394,0.00019113133898605901,9.967288172367852e-10,9.438431218668092e+28,15053.103236729,557313524174290.4,26994.31248095708,3.639775447756235e+16,48960.92909921513,4.7099264030030153e+27,30107.105772168907,2.0395965134538503e+26,927.1439688251767,8.185554409897858e-07,50806.54501891047,2.2564974978380337e-07,29448.12156671069,5.128822036920093e-05,94120.71270064809,0.00011228140394574235,18141.019157458853,9.022067166588747e-06,2.401992157394378e-14,0.2938713083052052,5.454525095649365e-08,0.48212254397161736,0.5178774014831317,,8.883871554807347e-10,57476.6922299847,3.878766269723002e-06,5.143300896865745e-06,metal,mixed,mixed
4.506725879054621e-08,63722.463211717455,0.0559679695831051,18469.971545023865,7.696988403029747e-17,69270.23054153561,0.27150650983690927,38778.157388367465,0.0021176314344344745,5.5926081163843165e-06,8397976.560012031,0.013937733414038768,0.029625020487337027,0.012268328482427893,0.22792689552287343,66.68013350066448,2.7081538124247284e-05,7.058514111341874e-10,8.459548156081322e+28,16317.459443559357,301661501760550.4,29929.969553750543,4.135330463074002e+16,38502.50243429377,8.501017274859979e+26,37201.65644590711,1.9532466656279966e+27,853.8766223317664,1.2357229286421126e-06,57309.518057710295,1.9378604437978547e-07,39793.1096008162,7.101574437905457e-05,87232.33946299061,0.0009559762575329792,27013.49129441706,9.736091332087749e-07,1.248951769692213e-15,0.2526238769080535,3.967744108054982e-08,0.6638785497754687,0.33612141054709016,,3.945609206011384e-10,16901.50953920396,5.836968345731938e-07,3.89912298635581e-07,oxide,mixed,mixed
3.513234192056258e-07,73284.6094058534,0.03938797121397335,9883.894052675618,2.64730267314461e-17,70852.08015478916,0.14577581103722886,43662.00873144377,0.0023711561810476857,1.4231541077153448e-06,8023196.134369222,0.041817197055289884,0.05428503216754141,0.025778868179068364,0.4606553711005588,36.79892650420367,0.0004707734498738083,8.299551745827742e-10,1.1965705029162833e+29,15154.932899758507,627784575338033.1,28438.52885484977,1.8356921282675644e+16,35902.13155888778,9.496864826970604e+27,33451.125657792836,1.2943244771923062e+27,996.8487121672472,1.0784794894967058e-06,57538.48654250146,9.804006480061022e-07,32508.74601754346,3.5945559089849004e-05,91262.61458668717,0.000802220703495347,19746.476498027354,2.329050159873684e-05,2.9788240344838126e-15,0.5682220806737338,1.3000940801775188e-06,0.33281629136193824,0.6671824085439816,,8.95119341749114e-09,2386.635430769486,5.116313866609445e-06,1.8174187732127396e-05,metal,mixed,mixed
3.685649513497929e-07,66722.31465622623,0.08786790158157166,39301.28105183249,1.3176710097881658e-17,69256.93403671483,0.23377963478997005,134130.70537943195,0.0022062613503576927,6.782932507941517e-06,8675038.595626324,0.07364305058610728,0.004409442975436992,0.09766965775695802,0.020408403065282153,76.3610832504137,0.0003919336273475021,3.36229265203399e-10,1.1926151772040052e+29,18059.0904914056,513339687270502.25,28034.28725138835,4.51503597994736e+16,36611.18466090286,9.944595481008076e+27,32842.3273547507,1.4735977075998857e+27,946.979324177729,3.516618818455469e-06,51347.81841468656,9.624896084651425e-07,38096.9538299549,8.619662163584629e-05,75108.49097464189,0.000771995999569218,39406.33751405622,6.606819870555142e-05,1.1365660770200185e-13,0.5133271651105531,1.980800069715964e-07,0.40827294672289877,0.5917268551970944,,5.1732965545025745e-09,349421.44733373955,3.253951789439766e-05,3.352868081115376e-05,metal,mixed,mixed
3.822677370485282e-07,77944.45327891748,0.031004493745793824,49298.67283953347,2.1666973804326434e-17,70552.66779330255,0.19475994482026987,87306.58450623485,0.0026451276023798046,1.945266874890199e-06,4818437.649277518,0.06142691826649522,0.03222579896131809,0.009057992661779273,0.2381461608007551,67.60585531423497,0.0001716764097590963,7.4722714317469e-10,1.1620863680053717e+29,16415.556145256905,630412588943500.6,26600.24784060387,5.205074056215722e+16,37676.624341795425,9.884530028053166e+27,35229.40707787715,4.649717988354724e+26,1233.0809895941256,5.21766992451638e-06,56308.861707610035,6.745791061999557e-07,20295.62517897135,6.255593561467254e-05,73151.84785182742,0.00035009739063314704,14489.229211909504,0.0011423582504578084,1.5501262214887288e-12,0.5868939459377878,5.496775705038425e-07,0.4778376839963212,0.5221617663261083,,9.084539111809146e-08,843110.2269844072,0.0009127883472557382,0.0002295699032020702,metal,oxide,intact
1.5207822385606884e-07,63311.88645689575,0.03554960299289462,13301.175943177765,3.919414518187459e-17,69894.16186980788,0.17895695682614599,111430.60399710889,0.0011841166680264092,6.004830216181161e-06,6180411.18142855,0.08382178935742433,0.06459877218752892,0.0639638653600443,0.19180339802480756,63.81852161713738,0.0001092613930202606,6.507135445341122e-10,1.1547422408459174e+29,23820.218528869034,299418102225200.3,26980.870713566663,3.470471428321195e+16,46702.879092771385,5.590924365208406e+27,24846.703224986573,1.7987732056030565e+27,1119.7234433894182,7.058703546450719e-06,42188.787887861785,2.206552974087115e-07,23130.18683548574,0.00013117255806686768,91772.18575376565,0.00032142282922274676,36361.789440679626,0.00047284121044301154,2.863843848647625e-12,0.4427088586673727,8.043474622097304e-08,0.26252442368845186,0.7374754958768018,,1.003819294320508e-08,2555628.298572445,0.0003363250630937884,0.00013651614734922315,metal,metal,intact
8.480750591693073e-08,70144.10714365396,0.0953567334501491,6253.774612094018,5.4087734178144084e-17,69643.08773957976,0.39420351916425245,124366.3851643777,0.0024536028551467564,8.32192586847306e-06,9777499.187851423,0.02490087156020953,0.07692019179238338,0.034711188295030754,0.04205885965955823,64.4992255935127,0.00036258048551717766,5.054014414616611e-10,8.740144250837759e+28,20961.435192954486,720225379948584.1,27460.81361998273,2.3752803612626628e+16,38634.11031461813,6.985113323229659e+27,22767.10719740712,1.1244850103404648e+27,1269.3798837943195,5.858065038820772e-06,56795.36734686952,2.3379062461246776e-08,12323.049522358047,7.3435708553164415e-06,91196.16415400535,0.0007899725896527199,7687.982941200138,0.0031214737685887105,2.30169858939992e-10,0.29623371537916143,3.3941270170265856e-07,0.028224668782833227,0.971774991804465,,2.5861575243307975e-08,9145832.06418896,0.002684227464192045,0.0004372463043966655,metal,metal,intact
1.8845110256821678e-07,65944.48984101744,0.009223250317546094,29489.194314575492,6.172352996439687e-17,69044.33097551516,0.17569068039217758,130966.51188405827,0.0014900213819523313,1.5890909269294525e-06,3793333.7997384495,0.06380582610813368,0.07962526331635328,0.030741445105350346,0.4387007160038512,39.61559711346895,9.661397571944634e-05,3.222094903092781e-10,1.1694163179977545e+29,22767.622478279114,322273295488406.2,27270.18649335092,1.3579113551513656e+16,49573.52414058872,6.283283861290375e+27,36040.04797200383,1.8645696588539714e+27,683.1590348323735,7.240798164256669e-06,57264.3258556966,9.655156674061632e-07,23631.210911805683,2.6740509983809036e-05,72382.03919006146,0.0002953357669295797,36918.56816178281,3.478386558289702e-09,1.8341898950188282e-17,0.36457276369762626,6.271733564768971e-11,0.1274249642843338,0.8725750356529488,,3.2803262888007487e-12,2739307.249513039,2.8055402095002337e-09,6.728463487894682e-10,metal,metal,intact
3.117136190487546e-08,71478.96493797205,0.07177395815455698,46551.09890801627,6.861676393199191e-17,69336.4504846054,0.29098564887925177,144041.06161270587,0.0009700283191451825,6.672487391155123e-06,4806275.421881604,0.027044971698776274,0.06749876776633129,0.04838151689112069,0.09239571220699651,9.989596114866043,6.27338551881842e-05,9.504481467584388e-10,8.61322538494871e+28,24312.148647860584,13709912340479.498,28894.34746411679,9934860594081050.0,36337.92256529722,8.1617640292688e+27,34099.392964305516,2.169701461755456e+26,926.3260321280089,3.197726757869394e-06,61921.154665181726,2.989298109452713e-07,45250.30141054323,3.342372994287351e-05,80061.76261531604,0.0006162295246618019,7862.184103672225,9.998175235777854e-06,5.88937678643336e-13,0.25353067316277494,2.0026961420734055e-08,0.03868388608305478,0.9613160938899838,,2.7788220478078305e-10,4385267.8898528805,8.51675633176316e-06,1.4814189040146934e-06,metal,metal,intact
3.7777345977789905e-07,65977.9310854437,0.08210618944367175,38587.650240704446,2.7106623872264414e-17,69672.84774880575,0.2817473439620036,27980.418567891375,0.0005258605532510707,3.833978735097402e-06,7146455.282478015,0.06841105163663902,0.0927596753079586,0.03200560238291138,0.196991714141309,55.272475645097316,0.00029154955148353147,4.935405298894457e-10,9.907983113273484e+28,24253.853220569377,100229455474375.23,27746.744529686992,1257640697237070.2,37806.222259702074,4.1451622894110353e+27,31011.65652207646,9.325274980684067e+26,867.673021712824,7.386473710437803e-06,67480.98216068902,2.6397695973462357e-07,43500.22519938897,3.3638038895202874e-05,73647.45996176368,0.0009385033704213,39768.99972118414,1.7370068751949183e-05,3.8327133987609393e-16,0.25240735760578176,3.983760484642637e-06,0.04374597611626416,0.9562500401232511,,2.762956225765589e-09,8.570178936960044,2.153813441570944e-07,1.7154687407792088e-05,metal,metal,pinhole
7.882063054284263e-08,71825.89352622115,0.013078847781517891,23958.539278813478,3.651230473412023e-17,69260.69574132345,0.24436235770681874,27466.1625806854,0.0011203625420244164,4.852177359481184e-06,970006.423037089,0.05888561966625914,0.09986352905495208,0.07944115196926516,0.33343671140075287,50.32303241954773,8.768279220474323e-05,6.283074900056137e-10,1.0444869424490228e+29,17974.34980678107,391509800682749.56,29109.81089295249,3.615169781106343e+16,47481.47430876244,3.3214073353497427e+27,20249.17121284917,1.636027592290808e+27,780.0714220175654,9.168231218239398e-08,69877.60176737007,8.156272429275988e-07,25574.81665171429,8.524890076618254e-05,80272.59215741094,0.0009071377286660711,31370.15695381968,2.7090309252398317e-08,9.562005535444814e-17,0.24210162566241705,1.635750403686642e-07,0.46185841931731164,0.538141417107648,,2.8916422539452413e-11,32176.17320045905,1.2103951901041414e-08,1.4986357351356904e-08,metal,mixed,mixed
1.9154737912196367e-08,61442.48820777453,0.062379376990527015,16243.799622828601,3.117138672195376e-18,70618.35134545258,0.08226129883422566,103402.64580935508,0.000761175407198918,1.8327554981496989e-06,4077904.3095737947,0.0029771769073694545,0.03144172739180177,0.016061096934708745,0.08914174262096633,66.99901151830329,0.0004399332192997151,5.31179059276099e-10,8.110490834979953e+28,15026.963203750778,53794082628575.28,27143.947611983192,4.670767626570294e+16,47975.680535270294,9.430772487730941e+27,21726.647542700724,6.544676763876067e+26,866.03787060425,9.310670569636073e-06,55332.92908964833,5.30120346986373e-07,19994.803005829923,5.631999574950898e-05,88503.33792991276,0.000862889203647364,30048.697767206417,2.881213200867327e-07,2.6268767391940883e-16,0.43484312787647716,1.011728182524097e-09,0.7067119224260615,0.2932880765622104,,1.72151148444265e-11,109851.1406983666,2.2982774248409071e-07,5.8293577602642005e-08,oxide,oxide,intact
1.0370644686223947e-08,67776.01571433357,0.04162336096766769,49338.673804338396,2.29319037196631e-17,70753.11626626202,0.2691128739557724,99374.07786772016,0.0009547331230203795,9.259735994407054e-06,9732593.918966722,0.0882761787909442,0.09922212865142609,0.08226856768931688,0.3953015315778361,69.14512762295425,3.7608967317105434e-05,9.677048202180664e-10,1.000447413597864e+29,22874.36333735477,568260948582331.1,25474.06253884525,4.5597112216603576e+16,47037.01483754995,5.531364914442269e+27,20578.14172653819,1.424673000210651e+27,1026.6263321105105,2.7796534155960405e-06,62957.32866635494,4.5243613422209955e-07,8388.44415817802,6.348007445911042e-05,83688.44527449747,0.0008413081165410386,10334.000874852456,9.49404212629094e-06,2.0433525769387052e-13,0.6365921593320496,1.4032015674774419e-08,0.09425052473031445,0.9057494612376699,,1.9553260558402937e-10,7449365.170662173,6.7158605101320775e-06,2.778181616158862e-06,metal,metal,intact
4.1389096450979817e-07,75485.61142606867,0.07741214340068403,36515.77403986693,2.9341344533013096e-17,70347.30017903601,0.282636501357607,24078.0858416923,0.00414799415707606,5.860341596871216e-06,6766207.649226646,0.014600084680669216,0.0553118383906704,0.01402062736865846,0.2664742825516116,12.849118111577026,0.0003875929948772166,8.11283695530196e-10,9.82951283043698e+28,22938.85280723358,531616275863493.2,26613.887760671594,4.5394304098330744e+16,45607.41654195568,7.427008089180737e+27,23304.813069511314,9.234850102491228e+26,642.5296497997927,6.366726500475789e-06,60020.740537506485,6.582815344993783e-07,40321.05639519833,2.681376795168348e-05,90914.11867669529,0.0008765459142130496,19420.10640127217,1.0729172877854966e-09,3.721657337289204e-18,0.17755737381141343,1.0851279595195217e-10,0.5362164458255221,0.4637835540659654,,1.3069587962328341e-12,1085873.3085374662,9.078961857267176e-10,1.6502110205877908e-10,oxide,oxide,intact
2.8378504338008115e-07,63136.71266518107,0.08841913667590938,20496.301472483465,5.609309411887683e-17,69367.60669906685,0.23789099081043102,89077.14433788946,0.0025278587143845797,7.769033603183393e-06,7197278.254440064,0.08644224177627054,0.04626946256266882,0.03747096052858125,0.08251936079133497,88.63676827253097,9.948212303554285e-05,9.820197319205278e-10,1.198967580501169e+29,21294.349284761098,541618743132382.5,26149.822707833468,2.3633893542930916e+16,44161.88368467788,7.624156317188158e+27,21943.443413273657,5.463569143139739e+26,919.5541416807537,2.9242255672485597e-06,50581.566687413455,3.981262047715486e-07,44268.94814124908,2.761650768239396e-05,98247.5813549728,0.0009968960083952328,16766.17537082119,1.8832803616975247e-05,2.6457064082726587e-14,0.3255227429455612,7.074956235999622e-07,0.3884438199918553,0.6115554725125211,,1.6949287233932617e-09,72723.4736800748,6.821473960899465e-06,1.201132965607578e-05,metal,mixed,mixed
7.888433640021348e-08,74131.04838302283,0.07910502030688457,6235.20627889764,7.03605420889523e-18,69088.33959994755,0.32182678654372865,52818.809881263696,0.0019194141293610583,7.24563787896269e-06,6560130.18503156,0.08764394461605413,0.011953289127570594,0.0013316306763844295,0.1781541914568499,43.51748385319597,0.000386117701969081,5.063322210503505e-10,9.77423582736349e+28,15393.863414572232,391938298057033.6,28407.32829118497,2.610508907108735e+16,49960.219166556555,9.127754059744194e+27,26247.074098283752,1.1038403058626606e+27,853.0874161826297,1.331616367065275e-06,55269.123544535774,7.517729434926051e-07,41355.03536293104,2.475160997243541e-05,70821.7878217471,0.00012218683399899518,25113.487646158686,2.9432713177793934e-07,2.250918172157775e-16,0.35775038392278846,8.348178798134448e-09,0.24407294272249375,0.7559270489293275,,3.08172287718941e-11,6274.748992613259,6.933329687758806e-08,2.2499383490035128e-07,metal,metal,pinhole
1.1662159446502815e-08,78207.84884138001,0.005930293759995384,31876.875705379836,7.660757239363106e-17,70494.02824681828,0.29286579255500544,60860.548815544884,0.004979293566893412,1.2533014746613567e-06,6908365.773396094,0.006374203284543484,0.07498534959447177,0.07450536230488071,0.39296793280637854,55.80584795992314,8.311736717030147e-05,6.157494935832276e-10,1.1776949306210491e+29,17843.376535588788,254844034741215.8,26403.855164983266,2.5171121596350508e+16,36790.16386680717,5.064911816672308e+27,26546.807313659752,1.3692279112601951e+26,1251.4637024576841,1.7140229270912249e-06,42577.57261383906,6.25768748073959e-07,26909.46221104959,6.53927645142056e-05,82080.14306641069,0.00034191422606983117,7128.556542541208,1.8620582448124122e-05,1.1210596061396712e-12,0.6072913387067749,9.864884785352882e-09,0.006700300214329529,0.9932996899207858,,5.576451783241478e-09,6802719.340716851,1.570313925527701e-05,2.9174431928471128e-06,metal,metal,intact
1.6946659482437924e-07,60008.77756879504,0.057909856963832634,14976.923605023905,5.842398022453467e-17,69861.65182162287,0.34609675658764594,54370.75856429745,0.0018780912264366614,5.640350803344874e-07,2554640.6602990935,0.056267438773459556,0.019650737271579535,0.014657574937741792,0.2989833953302089,17.232021569460752,0.0003145225377577042,8.916904785759523e-10,1.0847746561563698e+29,23288.53197919332,121847619154210.8,28245.221126968692,5.016463219245196e+16,38520.200714743536,8.2745640040078e+26,32591.77104503759,6.743725107999709e+26,1263.2819415164058,5.845508628905602e-06,60046.69771869644,6.460436104155026e-07,6369.026014964606,5.187641691067249e-06,84621.14444527161,0.0006669734834847546,13835.718259772642,0.0018789902687760417,6.476845265768415e-13,0.5454901714779544,1.5365067561640398e-05,0.59617669142665,0.4038079435057884,,1.423398071798477e-07,101784.02763529881,0.0013346463325566115,0.0005443439362194302,oxide,oxide,intact
4.265834021086597e-07,62339.717064008844,0.011559728902580522,14104.451408075973,3.243669765187629e-17,69922.47533416317,0.23248952886328883,66676.75854644805,0.0008436225429984914,3.2690959200872776e-06,1716024.8199796178,0.0017563226958848036,0.06246773524591886,0.08121493839945293,0.4946790543992198,59.35156685460878,0.00043555928168356896,3.556676982145009e-10,8.04816940220632e+28,18378.976499907316,414907061642307.4,29271.07316465389,4.523185498423602e+16,47782.868519891475,4.076359743750638e+27,20374.017620202412,1.2587363197923246e+27,1061.6945872071683,6.432231001478391e-06,50426.543629245454,9.569188870274815e-08,42023.23033213714,9.264955374283547e-05,89189.14070215347,4.113125105606919e-05,12992.759139706617,3.414443674222203e-05,5.739732996871833e-14,0.15102778069554887,5.745108822294663e-08,0.5670744664046604,0.43292547614425136,,1.342187823611245e-08,19091.988808251794,1.758950227535555e-05,1.6554934466866477e-05,oxide,mixed,mixed
2.5329791128362836e-07,77820.68926654916,0.01781070143857271,30683.004598339732,3.820062861939032e-17,70921.59690680931,0.37005460461921874,50273.00967320345,0.0038986779649253568,2.690653491653083e-06,2021582.5018094804,0.09022234011136242,0.06901357069344541,0.004104474822269508,0.224390797120121,65.11061030278793,0.0001458963561612518,9.53468715116368e-10,1.1043525854381187e+29,21156.74936602599,352166157444889.25,25913.031971402546,1.114051361089863e+16,41222.1411032105,5.247338002282923e+27,29594.850964105535,9.980812132623637e+26,930.9691505363801,3.620381783695536e-06,50017.43168507502,6.4531498000748e-07,46226.06349217985,0.00011434421570335581,85327.58953950324,0.0009843434509171677,22568.531786375286,2.3418701073295327e-06,5.711698666265878e-15,0.24225870111704884,1.3347623367641658e-08,0.4613181947471333,0.5386817919052432,,2.0545820945093645e-09,274212.47115231946,1.5958329872608933e-06,7.460371200686394e-07,metal,mixed,mixed
2.2347671670631405e-07,76594.69713202372,0.06503142112464472,27111.855728913986,4.098476491818243e-17,69442.51887707146,0.3646584186845866,58076.84470524794,0.0034277749016994557,4.9540561340163215e-06,91321.02837311453,0.08775823909141928,0.044766646702714526,0.0029299602155683398,0.39498396072305253,54.1683562716498,0.0001443763707781121,8.221106944905805e-10,9.056127134328574e+28,20824.165539215588,332600348287172.06,26313.33685290006,4.4352241396659016e+16,47801.829257565216,7.060457866544745e+27,24716.76352029524,6.994106510666715e+26,930.2151322017008,7.410085037034153e-06,44769.90270019433,3.2585797888242607e-07,33547.32440383007,0.00011175379710901454,91676.87316290007,0.0009294138451468254,27950.916655153716,4.623916323223706e-07,8.14907338210275e-15,0.06397609626607649,3.50229940489446e-08,0.52522040745624,0.47477955752076595,,5.370736576251372e-10,6762.554702135287,3.129745691282267e-07,1.4941706319414393e-07,oxide,mixed,mixed
2.8682848902931846e-07,75343.14621488747,0.07238703591498623,15703.006286579699,7.726851980791373e-17,69431.16556380442,0.12013172982244152,28101.80777945239,0.0024153722120554815,7.032182255954272e-06,6925922.147892037,0.058330282295519634,0.06128878590262199,0.020005306334745215,0.22250473154271672,62.82474651629533,0.0004544410953858146,3.752269296450933e-10,1.1143841522771972e+29,17078.13970955319,146584620561455.9,29144.052976548846,2.04314851908684e+16,35296.75736164064,5.746643931162855e+27,22071.58306371728,1.4835957027177817e+27,916.3238572117352,4.7177923252462595e-06,47800.38777865686,9.529717292352621e-07,12988.608537037788,0.00011484005153626586,83512.76810046696,0.0009824547588153311,31863.134998950267,1.0859379648001276e-05,9.503655368504461e-16,0.639311628067914,7.513804092372514e-07,0.06918979294746641,0.9308094556721244,,3.6709020293008086e-09,29.264458832701294,3.053768757640042e-07,1.0554002772237271e-05,metal,metal,pinhole
1.5143611117069e-07,66223.48925699132,0.032789917111973356,28118.136726605528,1.697532203926237e-17,70803.50343834923,0.1846377957427372,67703.19534892988,0.004612115952162389,3.5232243866066134e-06,7485719.965077242,0.030503989512366516,0.06391965178416564,0.01550939347840549,0.4872542194061136,7.70149285906728,1.9428272310197067e-05,6.689948454337929e-10,9.611062805162728e+28,24672.160050613675,643588184036186.1,25834.079655310998,1.8695531776216516e+16,43534.52717582941,4.617503696309763e+27,36117.69279132207,3.518579098879272e+26,963.8632124152348,4.934714014774194e-06,66495.41071623589,4.905885271419527e-07,13445.504961148414,2.52238403711105e-05,72420.20541144176,0.00034964834702748296,8965.70430341444,4.308754534560827e-06,5.4983886896915286e-15,0.5768147039347105,2.056362646107943e-08,0.675747797205152,0.3242521822312217,,2.1381063960533636e-09,236129.37273284938,3.125949648602644e-06,1.182804885958183e-06,oxide,oxide,intact
1.8011179867890567e-07,62165.09544848195,0.019614193569931698,31722.131806671718,3.004706049057829e-17,70658.50022107124,0.20037275258403187,110818.67666845158,0.0017359548701576706,6.999861152630931e-06,3976260.756173548,0.025684939227111216,0.05093546016473185,0.011658159555025716,0.17053961025997041,75.45212486847835,0.000471459835831134,8.679668266225408e-10,9.746417541548578e+28,21194.79581419688,189234366051648.16,29255.660854834652,7319045728335964.0,39082.617215159145,9.566479092039531e+27,24944.389124675392,1.5948434883480772e+25,819.7779412142338,8.067781874784497e-06,56526.027968384384,5.974576483529127e-07,29120.03078222672,5.570965874188641e-05,78854.31050758477,0.0007573786531459973,10882.91512271346,4.686817444662389e-07,1.999497753644756e-15,0.3487351304029286,4.3573403791133155e-09,0.587321368916819,0.4126786267258406,,2.8394456795567724e-10,340554.9640404687,3.6794733874527225e-07,1.0073440572096667e-07,oxide,oxide,intact
3.7750443614643827e-07,61510.65480854676,0.05482222810667433,19983.33461662883,1.3581354619510771e-17,69099.65450919118,0.0837700140913381,140112.89890372625,0.0022996650545484753,1.184739834841555e-06,4188796.2985900664,0.09976221888019011,0.026843414053959267,0.03216609998846454,0.25118532312973313,85.70107053162657,0.00039329322330405945,7.136903977295133e-10,1.1377618934940503e+29,22467.50263356605,280384099739414.4,25804.971742834736,4.992642043195654e+16,45127.38841733763,1.3751067813215382e+26,21773.998443402754,1.3983175269451478e+27,967.2759811441069,6.725374867504013e-06,66747.40717115413,8.399532618153657e-07,33013.77366072906,0.0001026989453027594,74321.13598349929,3.721442268142235e-05,37144.4231861032,0.00032978746906565156,9.914786123358162e-14,0.4500306650645542,5.401802299193031e-07,0.38744739326747385,0.6125520665522961,,5.0351787273913615e-08,46093.870470910435,0.0001289411726212187,0.00020084629644443285,metal,mixed,mixed
1.5381303651876422e-07,66756.01485488976,0.07289594823391159,1494.2977415836276,5.191637970140254e-17,70625.68581336408,0.1441740060230055,83586.87598625821,0.001964581757427793,8.574926008539767e-06,3897962.7855721377,0.08898143746601665,0.04645837911536902,0.06516379876184561,0.2960508449474444,45.54342037636487,0.0004925925370549522,7.856088034317601e-10,1.0858734675367283e+29,23237.346331792516,281520354741308.25,28315.765708297982,5.4429825845906584e+16,47728.37998305892,9.58290456601874e+27,26126.566442187395,1.8347112486726466e+27,1242.7191460707409,4.415995516345673e-06,52422.856341128405,6.091121194867154e-07,31052.94289100358,4.730940646206194e-05,76971.57558287033,0.00041243980883499135,5956.170477311282,0.0005160025990217649,2.2949895450478307e-12,0.5200116535249764,3.492830415029711e-07,0.43542716388876074,0.5645724868281978,,1.6794562341023338e-08,351529.9343341624,0.000296045220990923,0.00021995737803084194,metal,mixed,mixed
2.280384601742338e-07,68331.31947831596,0.04249406276544213,11618.627281607316,5.1061843813224526e-17,70496.23340996035,0.2000429144308825,123774.84875012822,0.001276276640060412,4.822544263118337e-07,7424376.34502884,0.05644621321870361,0.047511801553474536,0.06796756580784641,0.2142860953017164,85.63290650919993,0.00024122719114998706,6.124241757899111e-10,1.0331788130016513e+29,24592.788655970253,618134996336525.4,29041.204984350115,3.994069720590633e+16,43328.67379151992,7.972455798881577e+27,35877.76180911238,1.4612009307000614e+27,860.6221147019703,4.09705007477978e-06,66087.31620619539,8.452236521839868e-07,48036.89542373039,9.769752666460431e-05,88654.87513071767,0.0005749349651892723,35702.067674420316,1.8173675374350717e-05,1.9753383554935116e-14,0.34106877437163946,4.2763023909437313e-08,0.12908961220063264,0.8709103450363436,,3.7369560533623354e-10,5265520.352451452,1.4612916033814598e-05,3.5607593405361195e-06,metal,metal,intact
2.453536858768866e-07,66849.66443724936,0.007762998922539192,43804.89652805821,1.5728613020092496e-17,70272.44690168394,0.13482915265261539,140663.80352180128,0.0007268406580942058,6.423595540323287e-06,1131562.412397695,0.044463362668854874,0.044860603792986176,0.09208635775150166,0.42753569194356694,67.09239282833148,0.00022267755274698974,8.612992907701831e-10,1.1016264654907926e+29,19947.381811613566,161371625891472.1,27902.51053984452,5.638172623555547e+16,49017.78942508376,6.91314687571241e+27,23532.78813980583,7.602471435708912e+26,612.9217487200489,9.273009586350743e-06,55371.57321429982,1.294603432409785e-08,19703.955876305805,3.7430528431641854e-05,88392.33060159281,0.0001940270163627152,15871.377704903807,1.4355176286184552e-11,5.2612989906012894e-20,0.03506346052053027,1.3360270181211711e-11,0.4420016045966595,0.5579983953899803,,3.732775040394167e-13,19211.630823236083,6.211044984231867e-12,8.144131301952685e-12,metal,mixed,mixed
6.364207318691304e-08,71708.98691362668,0.02072550195906359,35281.172107132465,7.17567565085513e-17,69748.49109763924,0.2196169690296652,101890.17448103747,0.0020514370036936328,4.088387418441179e-06,955625.2812076502,0.003676528076422568,0.03886607545162585,0.06844779237514828,0.2411627904348586,15.417065279554762,0.00031740636898596245,4.453186560413783e-10,1.018690697844034e+29,17475.007210723747,211918701977173.25,25712.388761276765,2.5206256028468428e+16,42114.29785682049,6.75346980029816e+27,30871.891952791506,4.018540455752027e+25,815.7670619226833,7.869685405287175e-06,42108.818814127735,7.039104306147373e-07,19748.304109624933,4.8270350626384565e-05,85277.21338677208,0.00014575181174960092,17916.43305267708,8.737789532714074e-08,3.3255129058304123e-15,0.28447806873956655,5.14297257703428e-10,0.09567608793200828,0.9043239115536945,,5.536039915285064e-11,762297.1711414558,7.67989678700176e-08,1.0578927457123146e-08,metal,metal,intact
5.8101106488689206e-08,64407.88551738334,0.04959103461747956,42935.536302503744,6.703977503414791e-17,69005.32383302946,0.36308588680702336,48257.775804337405,0.003393316001423449,2.459578803437816e-06,1671329.2605098533,0.027570644057656354,0.023964715899026198,0.061589156429452015,0.032689842112081896,7.790635220093997,0.000365885244934593,8.023832755384149e-10,1.1959215915935544e+29,23009.801749459515,680035910635083.0,28140.99694602817,4.253303884785253e+16,49182.38425938556,2.6572665898254476e+27,23919.246904035015,1.7305589848098662e+27,683.7388086084,7.584952096412972e-06,42276.78714986088,6.221950551419774e-07,42204.030942504316,7.274879259547775e-05,81564.3705059306,0.0001568834654937534,15039.581566962184,1.8677330042633594e-09,3.3618870221704715e-17,0.10633614455830674,1.3980376784243244e-11,0.09204114416013029,0.9079588558258892,,3.0462825584292537e-12,1342385.719311801,1.6368145852370184e-09,2.3091841902634106e-10,metal,metal,intact
4.830442405168055e-08,65101.9965576363,0.06705581790447919,13216.648935151854,6.549797594933731e-17,69425.89846426425,0.12676955661165723,67480.02382621706,0.004651125162359061,3.3889542442637056e-06,698836.6628158179,0.09807937564324173,0.033949447461989087,0.08836633980767448,0.2469106127642043,6.406768997325092,0.0004898549364081059,6.909962748911968e-10,8.607726623447572e+28,19464.85342778493,443905867154043.3,29748.131992704344,7340687658818813.0,42624.84836031048,8.797807286850978e+27,33229.11226549462,1.8230852449886447e+27,1123.7384303408576,6.842357209590229e-06,42874.649222050364,4.546461678895121e-07,20826.367419921262,2.2649825106131178e-05,86109.89053674563,0.0007592036322018491,22795.225865047258,1.713629092855854e-05,1.5172177170081075e-13,0.28574083346050255,8.128873258585655e-08,0.2980608928871217,0.7019390258241458,,2.3789188329197936e-09,246933.18984947636,1.184564061170845e-05,5.2906503168500905e-06,metal,mixed,mixed
6.221299804984283e-08,61230.244859422135,0.010076087262850301,13765.125417905789,6.074017813305017e-17,70322.04659432641,0.3337467275701941,126765.81388557881,0.004317149571875187,4.246844271370174e-06,2569972.9727649516,0.0479518570048393,0.05152101674901229,0.03319001828686153,0.05336084145479589,13.267286777109577,0.00028315030529071537,6.778686629601891e-10,1.1876390722404868e+29,24203.970949110917,578627029210557.0,25605.97620811515,1.8973021016199428e+16,44064.813649321695,6.465897195556047e+27,27884.460913035815,1.239439816450941e+27,959.6030240622172,5.945052576977341e-06,67148.57243667758,8.496177547196443e-07,35023.425616424895,0.00010253920091122714,97875.02401041707,0.0005562927910031302,16103.957439016083,2.039767889656516e-06,6.613304504608543e-13,0.37596112065904413,6.7212371245827066e-09,0.0062657344690616994,0.9937342588097012,,7.954908630174509e-10,2533139.564685122,1.7675367250719768e-06,2.722311645845392e-07,metal,metal,intact
1.3195280017508553e-07,67035.74007042544,0.08671176924718023,15603.728915971467,2.8322515664557055e-18,70749.60856417111,0.18326842315269623,75428.57218341404,0.0023368160856137017,8.405415506667228e-06,3343183.83217642,0.009151191280750441,0.04795455287131408,0.018846530597208658,0.13935953912302018,63.94555337625175,0.00028404250836168546,7.446111317367365e-10,1.128080337856356e+29,23783.51644486619,293988867202681.56,27727.2322007297,4.926221453921493e+16,48994.55546035409,7.786001500936675e+27,25895.357417310475,4.3104623969111254e+25,952.3870668739038,2.692079983943397e-06,49474.38840233881,1.543259995021557e-07,18098.814116557172,0.00013193634644965082,88685.67453042092,0.0005137127740530991,23126.26370186082,7.14292117714433e-07,1.105599326353709e-15,0.30936092624944367,2.561612328417099e-08,0.565979498180276,0.4340204762036007,,5.859261562399865e-10,287.29244741461724,2.201825302694058e-07,4.941095874450272e-07,oxide,mixed,mixed
1.65192729202032e-07,73531.54907118819,0.08823080763716401,49931.49508805602,1.8814509254207233e-17,69993.6332925147,0.39330178402283256,135972.4796593929,0.003571424002407451,2.2326929999598267e-07,107625.32147080544,0.027879720549533842,0.09610916913985446,0.09689037500595976,0.2971819518756781,77.06736380723918,0.0004110898404776052,5.157209144099269e-10,1.0175993361671537e+29,22860.793190527373,685832114129868.8,25716.659063126288,5.335316694397603e+16,37559.602568721624,2.6633914356775735e+26,32495.374743003915,7.22037451230475e+25,1104.4055047877555,2.0949621328841804e-07,67583.17392510854,8.946729325103674e-07,14009.99288387115,8.77307675309342e-05,82122.24459434062,0.0003222092884467819,15620.911623842238,0.00027443027776467756,1.2949261319584588e-11,0.17966232345310276,0.0006205671028960085,0.01275537693626852,0.9866240559608355,,6.434916777222674e-08,84550.16153180365,0.00021255517816710966,6.18750995975679e-05,metal,metal,intact
4.039223991936818e-07,72296.34524871616,0.017697476883557405,22874.757747485,1.8750996367959735e-17,69237.06151280388,0.3548119696526338,122819.34265611824,0.0008258504142967201,6.034063527362897e-06,9302006.151504902,0.059932005598053874,0.02678579367480531,0.04944167441430046,0.3082894761381031,47.4740295999151,0.00013461943069875538,8.767973005994229e-10,8.013319444849331e+28,20527.532272705866,626373285625776.8,27037.303492122235,5.157727339244744e+16,38811.86910748167,3.3645768409781665e+27,25140.928071216586,3.042166515140246e+26,650.3267270481433,2.46112782947833e-06,48626.2216768288,4.881418043065915e-07,37118.313067948446,0.0001230523004861086,95391.32126065965,0.0008537734614017607,35202.038562133566,1.006038407832804e-08,2.0103654844882825e-18,0.21406314125288817,8.312364281082878e-09,0.21664753545477414,0.7833524562328615,,1.3677715531469212e-11,621.5848853753263,8.70659693820988e-10,9.189724384507052e-09,metal,metal,pinhole
3.671783058261523e-08,74575.5779386344,0.0711982764252399,25737.538296688563,2.9442926725838286e-17,70387.51760746248,0.24867904414823505,166563.7171572327,0.0015015169460014404,7.064057960444692e-07,2798394.709492195,0.0462723607557991,0.06673945332733146,0.04238585418182143,0.17742981757889095,84.6974200000603,0.00026341987857001896,6.220582546541378e-10,9.039344501664474e+28,19833.25355675674,810360025876685.8,26596.508568460384,2.770058393411234e+16,49238.09086662856,2.4840481850712245e+27,27364.43028730192,1.267915178072219e+27,816.8865737863238,7.750994272735801e-06,65472.752862554684,2.921602814885085e-07,13575.526601712225,4.9251937194168835e-05,95425.3044305402,0.0009032182561287541,9646.235868609485,5.255432280145084e-07,1.2380411276023605e-14,0.3550056703780519,5.975863219517552e-09,0.014894999197140185,0.9851049948269965,,2.3673501083935874e-11,2701739.3560313615,4.4275433164410943e-07,8.278889637039897e-08,metal,metal,intact
1.8539310430220474e-07,65004.92113960974,0.07541096102801736,2154.123501164391,3.876052653899934e-17,69814.66446830193,0.2540921883625056,76024.77981984253,0.0012020467914567955,8.889847456444106e-06,8559675.23808514,0.05388264855513652,0.04607579412981447,0.06317880050199799,0.15355145140261037,73.34083451393386,0.00034531439940441123,9.247209442626542e-10,1.1754315553377025e+29,20629.218097321384,764544046996510.9,25975.986982053168,1.9409375457921144e+16,36087.41389665218,2.583282023233806e+27,28134.40435024028,1.8745081703010507e+27,1020.8672372515022,9.455307611657196e-06,56592.94116237735,5.833240232420987e-07,26382.37675976225,9.218895080943493e-05,79786.682444438,0.00010798698140384878,33698.09041705258,0.00026160484535119993,7.089456284250293e-14,0.5566090687433881,6.809280545439742e-07,0.2687720320234307,0.7312272870485147,,1.7531951757260166e-08,482.10357872325716,1.9379849889863986e-05,0.00024222499546133595,metal,mixed,mixed
2.566802161883214e-09,64854.31348618628,0.02481462018600379,10890.478271966416,6.014788813413676e-17,70289.92687637982,0.2026396297717309,151336.9616717969,0.002316254530686725,2.6481474091513627e-06,8466506.171415016,0.0352207608332135,0.08650241617468868,0.03184921567272463,0.389466412179617,57.35677653776828,0.00043861660659000985,9.698264822858565e-10,9.244623783852265e+28,15888.640744707422,534402064219396.0,25239.41764918212,2.15143019843442e+16,35249.30536564487,4.9426301692514584e+27,28969.723905183397,1.2009197797897183e+27,580.6658362620027,1.5482811738580506e-06,42972.60401330052,9.956329578732781e-07,13512.304697960193,0.00010531501145983687,88709.30730463011,0.0009215743027687847,25574.572716931743,3.870093821890136e-11,2.2413736519879504e-20,0.5416766759967621,3.452514210001282e-11,0.560705580494963,0.43929441947051195,,2.5898979954465115e-14,69670.00131243696,1.895677379322818e-11,1.974416442567318e-11,oxide,mixed,mixed
6.851049529530399e-08,73058.50775993933,0.09956052660824238,41118.260074267826,2.918836498474292e-17,70643.19896251208,0.33184304925021746,137471.6242567379,0.00471652134813115,4.731524551820695e-06,2712500.813573145,0.059782536284505486,0.057043195536061596,0.046572881862939196,0.11247334031348874,94.03873080916814,0.00015673784146243622,9.114048739995174e-10,9.474531726945997e+28,15506.197193893797,355903596190788.4,25457.4848978023,3.4808268476072244e+16,36294.09253965015,2.39487198206244e+27,26055.223991150546,1.3680248928110854e+27,720.6983839141717,2.075056925264527e-06,44686.82646606459,2.684040038991415e-07,38946.30621814846,8.802698678656117e-06,81007.11240171484,0.0009729128565645439,23360.437377241095,3.276494043799735e-08,1.1349953885726633e-16,0.12287538478316805,8.354844072995136e-09,0.4478659346565241,0.5521340569886318,,3.5496885258544114e-11,330742.83155622915,2.1522123532031756e-08,1.1242816905965596e-08,metal,mixed,mixed
2.398743753815803e-07,71459.8696923458,0.06587560466378725,36983.06289369043,3.285173570551559e-17,70973.95653428986,0.08906966836568159,90259.02017023649,0.001016468646268246,7.615477964644601e-06,8493276.059363306,0.040174499091945925,0.09649200891061016,0.02780311662734347,0.09946188116156536,99.16745131516285,2.4043397902212562e-05,9.360973200635347e-10,9.991015340422622e+28,19057.41987269044,715406645006484.2,28109.223237794446,1.4570334675439102e+16,38377.93062495959,9.50944086976125e+27,31458.724830943225,1.912301879211487e+27,658.0301219454157,6.100762998892078e-06,44276.88873561359,6.374055634105317e-07,28727.657867412345,8.682500126222639e-05,94174.36677477567,0.0006170955943485128,38197.034390729226,3.3652532729086466e-09,1.5189551066774659e-18,0.3281506156448319,1.4935634643717373e-09,0.35592209471785735,0.6440779037885791,,5.116573442054582e-12,1542.7463058159797,4.791804328072118e-10,2.886072840101435e-09,metal,mixed,mixed
3.3980695466146355e-08,65031.21341537837,0.08348852567973783,24332.839169193743,3.553010497858377e-17,70785.91315893216,0.09894467657605008,116579.22950495154,0.0025809393685845353,3.0286397414700535e-06,7289262.613704188,0.054252991797000154,0.02260239602325295,0.03422464042569927,0.13719349458404834,20.366965341991175,0.00047859325238025355,3.877089795741265e-10,1.0386401371533922e+29,17498.265797947402,246187700367351.03,28745.9397473782,1.4316042599046496e+16,45700.23712817323,6.453040809998989e+27,30067.132439236404,9.807828948072177e+26,1174.190141196776,2.494615677249058e-06,59090.967809114896,8.542877060841114e-07,6431.062524522922,4.887309873758229e-05,72512.26997964561,0.00043330185048289654,6683.150048686578,0.00024886121945080563,5.541712494393325e-12,0.6948690427924211,2.8489421891996217e-07,0.04357923789494816,0.9564204772108329,,3.29298878150589e-09,6587208.98493304,0.00022001385968222116,2.8847359768584475e-05,metal,metal,intact
3.095773155924244e-07,79671.18077604666,0.0731374537482949,41636.62489151838,1.5756774059412164e-18,70444.1263133428,0.18103555235170327,162898.0054555574,0.001099343891509575,2.6376208855575444e-06,3889718.08961083,0.09450764297657582,0.08755787693743845,0.021915213528319922,0.16685172693767028,74.06582763133547,0.00044071830697083085,5.724749154256792e-10,8.589701661899108e+28,24073.306533390023,80031762350175.94,28424.757279448422,2.1687148048766416e+16,46166.36233933688,3.5932648603168235e+27,22744.859717239255,4.1358654580796834e+26,713.2235031697121,3.598137848850678e-06,65736.19044035059,2.6227373400172506e-07,40859.22298397099,1.7062918171359703e-06,91900.22701988004,0.0004240786329593918,26977.109798179856,1.1375101357973018e-08,2.996587547963738e-18,0.12771951232735507,1.2410956013089625e-07,0.2570301713739018,0.7429697045165381,,1.1236871566709394e-11,2960.668993422419,1.7345093489944106e-09,9.640592008978608e-09,metal,mixed,mixed
7.382095975035326e-08,79845.58098456237,0.022007873651299935,49522.44416656716,7.615056888103301e-17,70577.23362805328,0.09383551912403858,51147.96870013309,0.00339930840264332,6.480610239732065e-06,408005.8362068344,0.09727693079106232,0.05060641794696027,0.09572708627029594,0.45871162216020406,62.492067847540596,7.556923992077392e-05,7.010615879966384e-10,1.1301125943121505e+29,23978.70736740102,305556753873405.5,29029.076278072676,4.474937594280503e+16,40887.21598802826,6.973864550181254e+27,28851.54101759741,6.6691558316573e+26,828.7121814388705,3.853661642178794e-06,40823.7478612461,7.488692246462336e-07,8450.390501180427,9.645337669337934e-05,70786.23151760055,0.0005155750257985144,13439.593935455523,1.9692641538239805e-08,4.2471063116120886e-16,0.29050125849582614,7.287424270581167e-10,0.2852466562167081,0.7147533430545496,,7.13583903217629e-11,142387.40441444077,1.2993901360785986e-08,6.6987401774538185e-09,metal,mixed,mixed
2.878526105608027e-07,78735.57806752888,0.09778238138428068,33596.77666221402,7.621342204466662e-17,70866.79008085719,0.18846419952483368,64516.68827612477,0.003576477792625449,2.05258826403791e-07,7869508.40328454,0.012474210450928235,0.008145704818455076,0.07073240007072114,0.48989433474159516,80.51406873225139,0.0003801811255814035,8.31043257494615e-10,1.1147709962692024e+29,23897.968229118123,659250669045621.0,26970.56917488598,5.854741822077377e+16,35072.123772080966,9.04296617638574e+26,32393.03802832617,1.9634328164737967e+27,1001.941795559655,9.13036018261538e-06,51069.30693171091,4.003388999407652e-07,22880.13550899281,4.669891738841068e-05,83892.36484225922,8.709628229039537e-05,14789.981463970975,0.00036685190731320196,4.04671895880735e-14,0.5120364842462632,9.614342477285144e-08,0.48664150108766946,0.5133584027689058,,2.1667150387803943e-08,1311414.6051667454,0.0002973537151216163,6.949819219158565e-05,metal,oxide,intact
3.997034188342742e-07,66515.62874574975,0.019153210543378006,11996.234232981413,1.887401294291215e-18,70528.34689879017,0.3099213652892951,48562.63103538928,0.004492957121130821,5.819111547698509e-06,9845993.239547512,0.06732871089591301,0.024258251326327626,0.03725515097936109,0.30037722896010294,55.931923843854236,0.00036339078461149584,9.159161951197647e-10,1.1580329908506206e+29,19083.445083530274,784249080644102.9,28488.38508661568,2.4871709732732336e+16,36430.46542364713,6.963522183049348e+27,24987.73153190555,5.581431323275914e+26,702.4924646743125,3.638866212604769e-06,41245.172869442285,6.575411721975978e-07,49317.62290692449,3.9146831079575724e-05,91728.30898899856,0.0007101474005609615,33118.74218627799,3.8956120604209036e-08,1.4294950675999268e-18,0.1883646808204121,4.7984341479387866e-08,0.054185942825552086,0.9458140091901065,,9.777341304197292e-11,19.59374753854177,6.705641459891879e-10,3.828555645821985e-08,metal,metal,pinhole
2.510889765473502e-07,79872.11018664428,0.09212597474785972,34869.79294621085,1.705543175471429e-17,69547.42153948171,0.29504285032122346,152586.20501361386,0.0014737051834585499,4.5639906031776143e-08,3100718.252045789,0.04110645477087428,0.07481800937673991,0.025037420017759163,0.04103612157670072,22.89385235591387,0.00048125548173734277,9.453213866342875e-10,1.1429326445041324e+29,19544.618783603102,468475560165824.75,25280.11134410315,5.8873758887042984e+16,47468.74352795912,2.903218397209765e+27,38196.73845034068,5.147755565108481e+26,593.0529502587003,5.866584388137246e-06,44608.20035545774,4.1862611577976204e-07,41622.08143632289,8.092752130480539e-05,81661.33334268557,0.0007180439892298084,5412.023793968653,3.135881834128468e-10,2.3849049567127017e-20,0.07255820058611057,5.411133625812183e-11,0.2613801046119087,0.7386198953339799,,1.505281596149771e-13,1432105.8810336972,2.5327043876471886e-10,6.031774464812795e-11,metal,metal,intact
1.1914726336933465e-07,67400.44638462305,0.08063518063842638,30890.84826247594,3.454399307338792e-17,69986.5057156883,0.29326835543614604,34204.795035303,0.0005920480302908529,3.6037589598505354e-06,5322825.933457162,0.08739289352618268,0.040409110353644105,0.011170106215470432,0.4832937537342834,44.383316383215075,0.0002047373307275594,3.68094651827804e-10,9.179497973216074e+28,17545.783084519186,254556114939220.94,28945.806487793834,3.1722624390361464e+16,49463.57330734401,3.0817598914294117e+27,33330.771397055745,1.3646594466923614e+27,972.7763258825069,7.618947237027356e-06,46079.79077435623,3.94324065656682e-07,12404.869761024664,0.00012457397650089704,83156.96497517395,0.0005048350290464025,14053.736692626628,1.844116469502632e-05,3.146033462146009e-15,0.5158611794799738,2.678539291574774e-07,0.12506704509412603,0.8749326870519448,,1.2647241048174238e-09,638.4017466955561,1.7153088807022722e-06,1.6725855814324047e-05,metal,metal,pinhole
1.4119931176453478e-07,63526.73895463143,0.09258224678452061,3354.4931559927054,6.764746895402825e-17,69941.98864122944,0.3963920882963928,29901.29258857006,0.004856341595315962,9.370667106640187e-06,5143979.369100637,0.01843444877807216,0.08939063834500939,0.053253934487015854,0.36125562820740803,65.62042606151473,0.00042973448930609323,4.914871611967446e-10,1.0086372654293272e+29,19190.244694094912,511685157539267.8,26820.992493062513,5.767797846249891e+16,41892.23950729343,1.335943580726488e+27,29319.840245033174,7.691070863689043e+26,902.7412779343001,9.111162325367772e-06,53029.55961279213,3.774228398563463e-07,49697.48537605736,0.00013305406763374647,93802.4144853833,3.389460810826764e-05,20655.517801374546,4.4849801105570465e-06,2.515273693435493e-15,0.24277053776667945,1.8927864334077264e-08,0.41341940783040737,0.5865805732417281,,3.143960470039173e-09,129.07498205541586,5.081694562582995e-07,3.9768106542987465e-06,metal,mixed,mixed
4.239053381808758e-08,69485.84857089655,0.02677847039167154,18419.725658383664,2.6160549385955123e-17,70851.20625475791,0.21825785817259563,112829.6386730256,0.0008857923215694362,9.348967434240131e-07,7337584.041919623,0.006961518923306429,0.0789711657156744,0.047760091872239514,0.2528583067695059,30.1948882498543,2.618302310484868e-05,5.040071075478708e-10,1.1034138052018097e+29,21131.084388001294,324661438915724.44,27709.17853323516,2.9940918637511676e+16,42422.447009414886,9.950877791724974e+27,26493.122748268826,1.8765488282675818e+27,1270.897647498196,3.135188174368684e-06,63942.59458726754,5.464753806518487e-07,41695.53646223036,9.830335469339556e-05,85833.11455520769,0.00014117183902889312,31655.211562107255,0.0007682748725512705,2.6096353005217904e-11,0.566110013578652,2.4235550581409507e-07,0.00808082707941993,0.9919189305650742,,8.837000228771454e-09,7199789.321820843,0.0006648768732644282,0.00010339799928684227,metal,metal,intact
4.1904486215093553e-07,75640.98528030234,0.008863364750863632,37934.24375610496,4.540623910905563e-17,70733.39828388664,0.39260869404937926,147768.79312439545,0.0025146230887302715,8.67858033639878e-06,9990746.771361869,0.04497978278642583,0.08383127494154803,0.0698393719887002,0.3606884426310985,60.165416601239265,0.00044733221355039177,9.93063025699567e-10,1.1676767271001254e+29,17823.179091587564,636431777539951.1,28022.02362127756,4.944982906859335e+16,46323.00449196137,3.761670539802285e+26,32618.425236828873,1.0626207040377848e+27,583.540675937205,8.832475583136562e-07,54389.56844128873,2.9572484162307806e-07,26582.963685479703,1.6395352551152e-05,87160.8026578062,0.0007802710821209799,23222.512996348156,5.5439360451726477e-11,4.4775482335320773e-20,0.22918024268205794,4.2691398485106313e-10,0.38525426498201487,0.6147457345910711,,2.248383638210941e-12,13957.90599585992,1.2581335289087452e-11,4.285802516263902e-11,metal,mixed,mixed
1.416872013974625e-07,63107.69128134262,0.05344034912173828,46692.52365283078,2.2103365746487866e-17,69786.101791101,0.34385197107287396,128776.86781316152,0.004068469532130011,7.956369625280458e-06,5438042.352714944,0.02717247952469534,0.06471924630851221,0.06121180258143889,0.40743697781302746,78.52007221329657,0.00024647524793834505,3.9895504994993464e-10,8.838593624513793e+28,17404.256520405976,530511231715097.06,28014.29771479483,2.703417248012037e+16,38082.73046523244,3.668912539373675e+27,35896.89271953747,8.810699956684416e+26,596.8751820694021,6.354903805758139e-06,41106.36290859347,3.172677985468671e-07,48240.92392782755,8.61440459755104e-05,86475.51568111731,4.955438063029787e-05,13634.723575793403,6.081164827886077e-11,8.22557140300554e-20,0.057303960495237734,9.560877768654592e-12,0.4396821994434882,0.5603178005469509,,2.0242163167461725e-12,11438.337187330995,1.94829363950453e-11,4.132871188381547e-11,metal,mixed,mixed
5.493094474981892e-08,75757.81657205414,0.029715954669319068,7406.120435589143,3.7801328219702376e-17,69444.95827018493,0.3162681161394455,90540.3270792694,0.004014822233813681,6.267353703554459e-06,3641047.52027088,0.02909661994311084,0.05790817277522965,0.011897579240847236,0.034179571273223325,78.03633805928969,0.00013642655234522905,9.679766109910432e-10,9.319349583959223e+28,15609.69771578831,710473408780847.8,28869.155756882734,2.8413760247447516e+16,42998.61560427149,6.656262360364954e+27,33892.75871232378,7.72104671742276e+26,1136.4581508989572,1.9823039118757325e-06,45455.37357514308,6.750804016475716e-07,43893.21336959861,6.803428527241479e-06,84779.04604298103,0.000103856585615252,24014.61903754532,4.6527170729490235e-05,1.368004980303553e-12,0.4386399603619153,4.838734796103302e-08,0.09737820604155924,0.9026217455710929,,3.862884325953906e-09,2890182.7533601727,4.1436301267686275e-05,5.0908694618039595e-06,metal,metal,intact
3.2646742732200574e-07,67227.09336545893,0.03385323565406597,20445.252284440056,4.8943024358391123e-17,69301.45870088991,0.12357756366870482,106267.19711332738,0.002221052749004409,4.820462131054176e-06,9790756.496485602,0.024133242269020118,0.08572801426225675,0.012520950273036966,0.19236538735968062,26.259467405186186,0.00013573260746258336,4.891263032618925e-10,8.635615448783903e+28,20855.040693137642,721601315745247.0,29729.4978558483,5.606632422112343e+16,43208.875367150074,1.536034623677289e+27,31490.39769515334,1.1348415267623485e+27,777.1315875813716,1.740803638371925e-06,68759.97794688806,4.380048890599524e-07,37981.509933075715,1.9704430578139695e-05,90067.03563903135,0.0007155512759264447,25367.070343504736,5.177480294808349e-07,4.0510209296082866e-16,0.3091881924922585,1.7249585237513422e-07,0.6058299225261626,0.394169904977985,,4.3293908513990986e-10,14742.200931021229,2.2183889894426635e-07,2.959091305365685e-07,oxide,mixed,mixed
4.1551798815974746e-07,79586.53876111354,0.02635091535015775,44439.608456576934,5.815893644007421e-17,69411.57930303096,0.19505643774788928,65043.968447018764,0.004463217304004419,7.554602881545399e-06,5967731.67499314,0.053972553143561204,0.09734461063282554,0.021631741583817716,0.3561195152724999,50.62501926263788,0.0004886683873269056,6.061488554484084e-10,9.667081191312717e+28,22138.48400118443,395639783990675.94,29396.70830506419,2.985111971820257e+16,35851.45766100933,3.0715216607582e+27,31786.446025417783,1.400771092348419e+27,743.2257323211866,7.514881324880686e-06,50449.058050634245,4.039532004563599e-07,40706.70538395874,1.5103138282028588e-05,73797.27631775607,0.0004872495202444159,30829.22027642571,4.217086120072946e-08,1.0982457543547022e-16,0.20660100357871666,2.411133242684146e-09,0.5645691528230407,0.4354308447658262,,1.897685517846211e-10,191243.40374394314,2.4122400165968887e-08,1.804846103476057e-08,oxide,mixed,mixed
2.669745530717655e-09,60117.86893279396,0.008989760448477322,4480.518744635576,5.626314128679193e-17,69198.61354816715,0.32087829712937643,89892.39516051837,0.004294738568036447,4.316787326877008e-06,3115084.0345654488,0.08350396304129336,0.010803845788882443,0.010098016890785294,0.26617865811731833,84.09432283493302,0.0004160286471960787,6.55375741319425e-10,1.1668166929024688e+29,19665.72244317946,176518422722629.56,25815.424269937164,3.1976754336178024e+16,43498.05425806579,7.301918094863151e+27,32996.76065554818,1.1458375501307259e+27,1097.6013744804688,7.976028060718648e-06,54105.48711584978,1.4029433157189161e-07,6058.2658769082245,5.709287081616262e-05,93566.38761295119,0.0002758777746843186,20364.580866899123,5.46774494581735e-07,5.964043462602268e-13,0.3725400447569295,2.41891882522115e-10,0.0011124352484885712,0.9988875645096196,,1.5581499621575597e-10,3107373.8889831793,4.896265119823919e-07,5.714798259934319e-08,metal,metal,intact
7.748963881988782e-08,72098.47205339525,0.03761909103475557,18118.240144956006,6.6061286241956615e-18,70287.75567000781,0.2877145190832787,95458.48736054882,0.0031434911469586883,4.866514738783292e-06,8149808.730371356,0.08690636326310593,0.08557137132351171,0.05847923285202076,0.19153829904497569,30.84063060807715,7.478502926410441e-05,3.93610777395516e-10,1.1674720232025494e+29,23124.812738868124,390858178658398.06,27630.054872379595,3289458467338025.5,40763.12210155053,2.3956596962271658e+26,21090.19660732114,6.30480357259736e+26,959.3800260975528,4.523117674004679e-06,49918.20133080939,7.528218747666816e-07,46610.926973851114,0.00011929226667155144,86610.59750059883,0.0005425959669724127,27334.16120565968,2.8284391315948018e-05,1.3154883724076245e-14,0.42857496911376763,1.4939708935199556e-07,0.3512411585055358,0.6487586920973751,,7.800281245076927e-09,16592.630547671182,5.667237169629445e-06,2.2617154146318574e-05,metal,mixed,mixed
2.2744918208133693e-08,74408.40185803798,0.05720914963661146,40882.711416446626,3.823667671449265e-17,69112.2173339416,0.3776525060700742,72885.92216181065,0.004298573038201908,5.194764055047087e-06,9971433.851719715,0.0296100573535261,0.03935589097293946,0.0619009871203757,0.1577117979591934,43.63660542013472,0.0001630026019741142,3.322898052809578e-10,1.1561994405691884e+29,20445.61943828458,446073075501721.44,29394.30632195537,3.353711357802923e+16,40392.7385687273,5.556421809743088e+27,24387.243473516588,1.2989092750595796e+27,793.4695558597215,4.21957008494206e-06,62842.73559101901,3.7124812316808237e-07,45352.850317466145,0.00010833761371214397,95741.7884748632,0.0003286353383592538,33460.23570551583,7.467599975858722e-08,6.768289081507421e-16,0.24927463486420295,1.4179811247569706e-10,0.15083196199035162,0.8491680378678502,,1.8526442713446982e-11,6771881.274744829,6.325783398771146e-08,1.1418165770875758e-08,metal,metal,intact
4.366926845871423e-08,79187.57035040512,0.0654484169684425,10210.873312032783,4.2908893768449336e-17,69162.01496599222,0.30579975386062364,104897.32668464373,0.0027387149707220225,2.842822743254629e-06,7708410.147302418,0.08651094518884907,0.06709130344973596,0.09010865925083099,0.02608333105887555,17.74482067579284,0.0001250344268357756,9.644524764826008e-10,9.598830276639903e+28,19218.93297311812,45644712519617.43,29665.08768309401,5.502546875625248e+16,37019.83873192961,7.192087663583795e+27,37345.082238664894,1.7746078801606756e+27,1064.7464332076436,7.642875271983952e-06,64991.488639794705,4.948337961817927e-07,14490.757770378388,2.727144979999937e-05,85444.26662482652,0.0003207035955748406,36462.74174855691,0.00010249760857554784,1.212710338207994e-12,0.5957526479656899,6.821798980885991e-08,0.06267626373729236,0.9373236680447179,,1.9162573926351715e-09,6470217.2186385095,7.588083070279615e-05,2.661677787275169e-05,metal,metal,intact
1.9593565278832528e-07,63988.34831650397,0.033458718156079384,29788.629514706103,4.4500695359629805e-17,70798.04371433462,0.11323269734240239,85396.69096665124,0.003934063827421404,6.987520387101454e-06,9254117.781896977,0.08554250462375533,0.076211628403898,0.05880602323475005,0.3151579940188184,32.39872530758221,0.0003089817415051003,3.5171713205487e-10,9.678975163916586e+28,18046.891948218243,402553341201488.7,27918.772252006387,2.6251512674667236e+16,36193.354005818204,5.073717210039792e+27,21741.13826404257,9.107170767917596e+26,1141.4330956249103,3.377495909655497e-06,62457.765556363905,4.65028844719516e-08,31296.10445007522,9.570815880122086e-05,82766.97023834998,9.89045964599688e-05,23334.937465464427,0.0002582014658708145,4.758464087245626e-13,0.2868197545363269,5.384172209182773e-08,0.4565464577602618,0.543453488398016,,3.6025473410769986e-08,428404.94096170703,0.00012678472079580383,0.00013141674507501064,metal,mixed,mixed
1.3137214537816055e-07,73231.19724604023,0.04606060339323875,20948.4616385624,4.962166679893483e-17,70397.15561790182,0.2748712360594171,54824.102358916694,0.002319904218581424,2.3701509374577357e-06,5621014.004991309,0.06260851887878308,0.05047917327132322,0.027024920454299002,0.04735039569600334,15.709660543757295,0.0004376708791024079,4.752743478550724e-10,8.499161653073382e+28,22238.08038429084,796822605380589.1,27425.354365835658,4.478256706479418e+16,46848.587260378015,3.29238913955978e+27,23250.27437082334,1.8565566504841989e+27,816.0418354690681,1.124142217506754e-06,46976.99060135144,3.0103324015243215e-07,9010.964584142364,4.0279494692043444e-05,77424.09395522637,7.952913144058494e-05,18470.165821416806,6.071495540778753e-07,6.89093468063686e-16,0.4832072967272657,5.16016303212297e-09,0.47883450519903625,0.5211654896408008,,8.980805852002215e-11,550941.2937361073,4.073438455351397e-07,1.998057085427356e-07,metal,mixed,mixed
3.9841857193590793e-07,70652.7589035859,0.02846646329503712,37543.63487157026,5.571840156021272e-17,70265.75115063494,0.1703417224372489,85624.09550226442,0.0021580920576772323,6.528855917447971e-06,6971134.328888857,0.06319726567107711,0.06433055133382921,0.047384783940868674,0.15920102123657895,23.12232051108114,0.00043640700194027404,5.551784067144437e-10,8.887119717042193e+28,22278.94504716547,611933126543693.9,28668.441607913996,5.562330375271358e+16,37502.28265827414,1.325173668414906e+27,34774.41454348614,7.7861648387121e+25,829.9802234079848,4.621544326971248e-06,54438.292383746266,5.541649098968986e-07,36080.52602000429,1.6766646931449456e-05,92427.46742059373,4.0519645546154736e-05,29079.049454231994,2.521305033385382e-06,1.8441136207597784e-15,0.3539618061157828,4.0545531326707785e-08,0.39713375960012076,0.602866199854348,,3.2591858068726666e-09,9226.347793095661,5.930032720208486e-07,1.9283017613645335e-06,metal,mixed,mixed
2.54297125979719e-07,67393.06065653294,0.02022805778383811,11368.399941619424,2.6795136300134572e-17,69515.80002219704,0.37114716731764424,112601.67913919652,0.0018862334292499194,8.617717449025566e-06,4619602.126239823,0.0699620190147303,0.06067586339555182,0.008834850495412626,0.38288261822497033,50.78563306390021,4.891306936284299e-05,5.253313681246099e-10,9.869099038614371e+28,19641.576124705098,225882600039123.72,28550.80495562762,1769804170053007.2,45828.58555168712,7.537640667514774e+27,33867.65637983079,2.2496775170334016e+26,914.8388362776332,6.695828859885686e-06,55723.43958693336,6.082666931035768e-07,44030.801291874224,0.00010227229288011567,85413.80732860288,0.0006318366973748018,23734.784749385366,7.3586143132507555e-06,5.398872007512435e-14,0.3216126321766812,1.2437711004684637e-08,0.4065732344900152,0.5934267530722739,,8.323860868006805e-10,1186538.4268370983,5.741532458134305e-06,1.6170818551164502e-06,metal,metal,intact
1.2862361141756476e-07,66303.62411749677,0.06599382874165056,42600.08579659445,3.751430199023321e-17,70187.24141021869,0.26267037691104006,92625.34289845718,0.002673519485308332,5.215318369273202e-06,1738381.6703411767,0.007533973184764943,0.09811930137648314,0.038383315546441504,0.10121581471051433,42.19853730842672,0.00017646346630436618,4.975026815091271e-10,1.1178337354519528e+29,16554.749974507144,181767759873918.0,28167.415343388435,3.3282758166386636e+16,43431.82412159066,5.610834745068746e+27,24544.25626100403,1.0453234058288975e+27,875.7230627512067,8.628246312554735e-06,62663.64974800283,7.728580034702851e-07,41452.14339399737,3.989758545293273e-06,78040.83352287722,0.0007327241123181562,6238.250747564591,1.4145178193360058e-06,8.286648193619402e-15,0.23811240542343678,2.3215250222832627e-08,0.448070949808942,0.5519290269758079,,4.653169595318866e-10,309340.092278982,1.038222517805778e-06,3.762953015302279e-07,metal,oxide,intact
1.2522208568025833e-07,69351.35697803948,0.09656055568548333,4874.146233726708,9.366417781191777e-18,69114.94975367295,0.21612760487374078,75202.40841970328,0.0034066368669216796,6.7442680699788246e-06,2768189.4754985836,0.005404775306507454,0.09381106971024375,0.032682663574593415,0.3140664278719525,16.843718026518616,0.00020447238824753411,8.755129290259707e-10,1.0867637606161893e+29,24654.784561275897,339977083007789.56,28780.14748981384,5.409237477891728e+16,48643.441829675656,1.1488695234758107e+27,26318.466271086032,1.42882133088874e+27,1011.2906097632552,1.0227622182871178e-06,65666.63991561891,4.6975441135833395e-07,29334.966729984862,5.845440376262122e-05,70011.11379118105,0.0004036005158625943,16861.76686021318,5.970234715047772e-06,1.130692562379074e-14,0.3714036048091032,3.263222086420438e-07,0.7147326755596464,0.2852669981181449,,6.3339562006037955e-09,289.040005914015,2.396713444877308e-06,3.5735212701704637e-06,oxide,mixed,mixed
2.7156588373221e-07,78317.82540063858,0.05525497779229661,7944.148225216614,3.3948581641397595e-17,70432.01519369958,0.2696447728128567,55031.01208524325,0.00263283802546089,8.344948097012952e-06,677653.2122394795,0.08978062628153055,0.06363348012075383,0.06082255626951001,0.28688166599462234,48.61348417461837,0.00023797384309070773,4.909374295453607e-10,9.883404186157325e+28,17396.795438552843,193396091198970.03,29112.426709605777,4.52634139853246e+16,43262.427995289196,3.2864737618795474e+27,25543.306939363152,1.9065952827439252e+27,737.5443972195123,9.477134467118263e-07,46749.70671001268,8.347308132531561e-07,29684.765995264952,1.2463118070769672e-05,72309.7300074423,0.00076883569101138,37926.285440175525,5.6181836925490215e-08,6.513294612699584e-17,0.1672240921504016,1.0629904578781396e-07,0.22417889660682794,0.7758209970941262,,4.185981861733732e-11,145.2684569923211,4.974932233237965e-09,5.120690469225225e-08,metal,mixed,mixed
2.50487603403679e-07,61059.700933934415,0.09448531145107661,25214.98812475738,3.841816075332882e-17,69036.47531672672,0.39112782510645006,152972.14264255858,0.0018510308567094656,3.888102037265035e-07,7297900.948077848,0.07102802728668527,0.07124827869015096,0.004227096304979922,0.24662229112402564,51.12749029331162,0.0001685591955850105,8.532012655934035e-10,1.0189417017704023e+29,15964.323354227676,564719334920152.9,25405.42943104719,3.5822416949411604e+16,44973.538414480994,7.771900338772071e+26,21335.845416743407,1.3779993523465745e+27,807.606802930192,1.0303626716040013e-06,69060.57693167159,5.795596494057242e-07,48329.451726670624,0.00012507825580110256,85508.14919858686,0.0006895627406087406,19035.69576789329,3.641330286648304e-05,1.118951691344736e-14,0.2520443934719531,5.542164839831149e-07,0.3514450757040462,0.6485543700794698,,1.5209956658405396e-09,2370853.0817910577,2.8496304334437042e-05,7.916998532045996e-06,metal,metal,intact
1.0889232192282293e-07,78096.65196834343,0.07982830511962041,13165.781427095386,1.198866398870746e-19,69801.76366668392,0.36904585252885036,68943.56820772176,0.00334737328893743,2.191574977275859e-06,568103.0255528289,0.0467961625216415,7.438007335686566e-05,0.09164918657449908,0.28661682108948183,13.541644384837277,0.0003779549362607498,9.60696777256145e-10,9.977704554288295e+28,21084.780078428306,107786419593158.06,28862.339978761203,4.63394979643932e+16,35224.931967088756,9.725780993320846e+27,37556.46743414516,1.8408485151910588e+27,1208.0470621748937,2.4567632800800663e-06,54217.76294385605,1.4231897816939298e-07,6808.4556610566415,2.737825728198412e-06,86188.43761420231,0.000861865203494399,19135.800694726615,1.7973548245403745e-05,2.60310618678975e-15,0.20681566485031172,2.5532286490332365e-05,0.10043231812081195,0.8995421495926978,,1.969623215949193e-08,3.731796313095677,7.692717272430208e-07,1.7204276518160725e-05,metal,metal,pinhole
2.1658697435746346e-07,63407.28768811794,0.06805920532805917,2094.977454114952,7.497677271901456e-17,70673.43389970076,0.3805861587696762,28751.397544405045,0.004362017581287228,9.953599343222344e-06,8649095.379113654,0.008605541730098957,0.02617757585957743,0.07222228231940121,0.18462312035575545,40.28332514944938,0.0003886340914483045,9.835825778301811e-10,9.639092428387005e+28,18148.597997220946,168233830539147.7,27936.16235309876,9284808154617054.0,49415.11001706438,6.586515744641015e+27,22926.053266447627,5.994424020512236e+25,1025.7268253854752,2.082292033278822e-06,68803.8274602342,9.210822912149372e-07,28252.190433733424,1.9058799785461308e-05,91172.87161945991,0.0006679738006966089,8178.693388786499,9.724987723614965e-06,1.2855954187351069e-14,0.6054021405858554,1.7426973518132906e-07,0.5939191010720946,0.40608072465817013,,2.7833106461574422e-09,7792.8052275235195,3.2903914998226003e-06,6.434596223792364e-06,oxide,mixed,mixed
3.064404000670731e-07,63238.14523581698,0.006219729862097059,11508.68775213708,7.555185342947164e-17,70311.13088524036,0.3388019758316452,165127.96838258792,0.0028189569564727,9.332054817329227e-06,581239.380544503,0.09864006565534432,0.08584398406650576,0.06102379117236562,0.2627660214430089,15.198095635240183,0.00017293395720646896,6.306082510735471e-10,9.302309562369407e+28,22741.55336063473,42961360193806.695,28826.492799625627,2.671475488083941e+16,47864.84292797176,5.75581989069803e+27,22723.21894847163,3.0784845525676053e+26,1061.0457174477556,4.080987833788842e-06,61488.009004587366,2.549026155604727e-07,18359.297708686485,5.05530424589296e-06,91314.99154507573,0.000911590749831629,24482.55757339563,1.1104158348830005e-05,3.083140251084391e-11,0.21163879455387652,2.308143325442146e-07,0.0008598476481489015,0.9991399215375185,,7.853557107340492e-09,579911.3819586983,8.37636404010043e-06,2.7277943087295754e-06,metal,metal,intact
7.159953756398195e-08,69270.56659983337,0.09996492184861573,20636.1774584358,3.5482742201628944e-18,70711.85368881261,0.08617105308003578,94315.98550048974,0.003413176879264916,5.163014614424192e-06,4028528.2553714644,0.020810324807062575,0.013676882103707348,0.07980509869089399,0.1406949515308157,64.12010180294811,0.0002806216499621953,3.194561199213471e-10,1.1845220690732508e+29,16126.690374301237,584569964506913.0,28950.837849502772,2.9411213934762096e+16,49282.5229827446,1.5563250480388166e+27,30439.11422195674,9.931761537585724e+26,1250.774658077536,4.394665872076015e-06,64856.5709072018,3.637307022382745e-08,27303.73103873592,2.120014957330561e-05,77076.62831582365,9.49225226636011e-06,30257.205591007365,0.0002474973014178325,2.5250341708020223e-13,0.2207387045814954,1.6710720195720721e-07,0.450255171287861,0.549744661604937,,3.132656190746889e-08,9471.209554950407,8.273080102266117e-05,0.00016476650039517132,metal,mixed,mixed
8.660021070104568e-08,61906.845381485764,0.08274201445814054,3255.7207237443736,1.5307571734450698e-17,69357.89357372303,0.12306995622122174,21335.397971589144,0.0038592909495638625,7.715896889945067e-06,2275095.675177694,0.07334551062919607,0.055749616176922354,0.054521155635999026,0.03353331924541381,67.96459045170849,0.0002516364392263995,4.3064123337095505e-10,8.134406233809823e+28,18631.308447416093,34232867398811.324,29919.393391484824,1.350102486180621e+16,42361.077471838835,6.962546207818091e+26,20167.350236202303,1.7277301798815168e+27,706.0303940421641,4.5104442192009895e-06,41121.302020236246,9.55250505015815e-07,18547.320908452202,4.9719241798004765e-05,81277.2868713107,0.000836561925435774,15722.772114902527,1.4610639136833584e-07,4.021453316621908e-18,0.3764897791402102,4.440989017440843e-07,0.03199741590475986,0.9680021399963383,,7.536014089977176e-11,0.37805984560680644,6.415257031339945e-10,1.4546486566520184e-07,metal,metal,pinhole
3.959939737845213e-07,72136.01548070248,0.07073002093586382,6742.090685291964,5.694900522307746e-17,69839.05603056082,0.21508812218639622,137242.18218013228,0.0017215368791136914,5.563335575728966e-06,5547221.955595235,0.09138882348868625,0.05649325637823962,0.08812386678277852,0.09562746185913538,79.94391253132079,0.00020332399275985074,6.3728809011533e-10,1.070913420732526e+29,19685.732935651304,628678872089140.9,29030.893746089107,1.3060911624042316e+16,46980.90523740172,5.890732147647096e+27,37150.46009155565,8.56552153549471e+26,898.9799312166483,5.129877916716502e-06,62295.76070469708,7.911849446116995e-08,41037.89313776582,0.0001199278761325041,86726.75125486475,0.00015359851724182252,25525.07495164567,4.142069574716842e-05,1.3408513862942812e-13,0.16294438321359286,4.409062427772451e-08,0.3472070477877612,0.6527929081216143,,9.693293220231585e-10,1050471.717513916,2.455550428025229e-05,1.6865191466916132e-05,metal,mixed,mixed
2.3688711072317635e-07,68546.54119600385,0.04840618576447242,15483.327247825215,6.935336943365635e-17,70493.71522117074,0.3822628291136679,131422.79138385906,0.0035553125520702087,9.004214507753718e-06,8683700.108162472,0.09494858829045033,0.026403978458000257,0.011495369693644241,0.36135981566757874,9.50477391810695,0.0002960326529108881,8.076926031522841e-10,1.0325872114071188e+29,19795.782412873083,520510396918455.7,28129.935227073718,3.1775760646489416e+16,35091.63715995149,7.279936139639294e+27,39847.07841310455,1.575519525997313e+26,757.2125531684617,8.184580857782825e-06,61856.73954874271,7.63677557403694e-07,24245.915726242074,1.3298641284051886e-05,89346.68671171347,0.000472912509198391,34859.58278174657,6.749373048025656e-07,1.4662811468866055e-15,0.4796795015416879,9.716560810746233e-08,0.4893212347524835,0.5106786680819084,,1.8340118349746053e-10,176855.35781462162,3.5688516792715433e-07,3.180521368754113e-07,metal,mixed,mixed
6.285556273397836e-08,78548.62996137887,0.04664209752290213,44902.21856356538,5.824054333435025e-18,70693.65326749753,0.1636880527183733,161098.5861842736,0.0030272829539868115,3.4925588598113514e-06,8870759.644231586,0.08035734232056194,0.04901392204455266,0.010973813668902724,0.2760733336109092,8.312429711120528,0.0004736998115004915,4.746986878253518e-10,1.174335161824684e+29,19627.846885527702,590475715945479.9,29590.803520041245,5.711051772452884e+16,35397.94618499274,4.204192380054347e+27,20729.315148807145,4.1207760829052595e+26,786.9532423298365,1.9555340836861744e-06,56544.69869349018,3.58283593988606e-07,33849.05762739328,3.070715061131325e-05,98939.4244984882,0.00030613348655707647,38599.82733184648,1.9953501100090961e-07,3.836892677538438e-16,0.3198756084075473,1.7127812618130374e-09,0.42647813147916624,0.5735218668080526,,9.567511303345019e-11,1900719.1911479929,1.5122858273782526e-07,4.830642826308436e-08,metal,oxide,intact
7.838190144153753e-08,74081.15535006968,0.04742721611723461,24179.284763219737,5.265956867833763e-17,69480.75877184187,0.3862893725700929,49551.53680405753,0.0012932782978649143,2.2858169532413364e-06,9981243.729999589,0.06138540566742874,0.035555987007163496,0.0132359261343258,0.34654671381455815,42.50274857420842,0.0002480143527024751,4.332296547542852e-10,9.782075154617182e+28,24099.233180282517,136441507748198.66,29303.606368735178,5.241912739959115e+16,45270.85907425812,2.437548669892572e+27,26386.11807777826,3.445565474912313e+26,1089.9255458057014,6.732342216342527e-06,53954.455612145175,5.342014721584195e-07,29415.33100675574,2.5643838528012273e-05,93285.58133088882,0.0006965123599115159,17698.95825990962,0.00012303828449154294,6.956974883013954e-14,0.575356932671936,5.261546096179028e-07,0.5576733781951384,0.44232609565025194,,6.7828965190646416e-09,197347.21570263273,7.354909611628953e-05,4.948918837525341e-05,oxide,mixed,mixed
1.6146308564182263e-07,78538.27223633471,0.03849578040867537,17603.26386087287,3.865655750053662e-17,69994.29847370886,0.281537966632385,83712.62955521574,0.0026957616289823455,9.677619791652502e-06,8991081.784607662,0.0915430588773694,0.014842484975709695,0.04075419391215879,0.02420598578108384,10.460632151436517,6.505969484472981e-05,5.871738189305302e-10,8.479989242970187e+28,24565.21132783236,23529879679078.137,25565.89067071871,5.002591414129369e+16,38135.81955798996,4.458535039387125e+27,22881.46361381162,9.368935585282566e+25,923.9775493643685,1.2835982203122985e-07,57446.399500266256,1.478638334716255e-07,25966.99529845078,0.0001308460943068816,97045.95404331147,0.0009602830578084166,39809.3890656798,9.247625703718504e-06,1.8928851692920702e-14,0.35762569935361826,1.6348982324757856e-07,0.4524231328268854,0.5475767036832915,,1.5515796534621372e-09,161289.5948391907,4.333747787549254e-06,4.91387791616925e-06,metal,mixed,mixed
2.631869134536965e-07,60202.394671770024,0.010140070792440493,30314.22360691411,3.2700840673350804e-17,70906.39306139827,0.23649127175647056,123510.38655025659,0.0037063488936536484,3.995298291745434e-07,8911306.277706373,0.09347114404196168,0.0702461382557804,0.07108807408235364,0.06499832990711875,91.93823814101755,9.903527287427576e-05,4.3960549140558305e-10,9.201060005344563e+28,24181.485823567116,128475893981348.6,28070.95426826786,64236057275547.83,38897.50239963051,2.0276678587779535e+27,31683.903151442413,2.957239256532235e+25,984.9208858377265,3.668895341466742e-06,40354.04445432578,6.661366778847144e-07,48790.73159586096,0.00010365992326763264,92160.62357321475,0.0002127716863229451,39176.86490111369,6.908524768064765e-05,4.624361996143279e-13,0.4302702384184531,1.786172368595866e-08,0.015188203636600832,0.9848117785016754,,1.7659836761320814e-08,8561575.285224168,5.2620119363391676e-05,1.646512831725597e-05,metal,metal,intact
2.726748283078169e-07,66714.74801891038,0.0869388030116089,13108.867790533153,2.4113993405171153e-17,70194.67432866615,0.3567410032090704,46892.69756496842,0.004513061535962889,5.582941886695822e-06,4663433.523451718,0.06747457252647165,0.012462386614524491,0.016962058368110617,0.36769854113863315,19.56506065786529,0.00025437492978246204,8.205761692763253e-10,1.1888286912644411e+29,16106.518155210575,701797720277614.9,28191.705447773074,3.2800037142380976e+16,40780.281593240885,7.056431737959222e+27,26193.81348306086,7.269075867108554e+26,1229.5375871226038,4.6413262129787675e-06,51213.88288948269,1.4836374249592205e-07,32702.554466073598,0.0001243737025099065,90011.85584425685,2.5772450410439272e-05,5582.893584331882,0.0002370206710536248,1.1174110568014604e-13,0.3607857193904081,3.205588368962448e-08,0.20078603642738035,0.799213931516736,,6.588620674392087e-08,1108.891431939497,3.843216074803503e-05,0.00019858851030558978,metal,metal,pinhole
7.149052047269286e-08,70015.9831017738,0.003223936152011859,32116.43926910416,2.338991794613479e-17,69768.01806629966,0.37725862717319253,84669.07625297649,0.002138236375949577,5.962028250240651e-06,5457291.845108732,0.0782960801702721,0.04098053088071722,0.0851347398402241,0.4890257849662547,17.854444014574618,0.00040000011160867935,5.656887258852459e-10,1.087894941602426e+29,19142.384805921523,494163617145030.8,29360.56848586419,3.1229638603547964e+16,47419.61696584933,9.307784554640969e+27,21580.724446620905,6.465616004032641e+26,880.5362539419765,5.053163326201474e-06,49709.65060883789,3.3717176162502326e-07,26759.473300048525,0.00010383381695577837,92073.80191367216,0.00026984626905812817,17437.97830106084,8.652339386048961e-08,5.503402461937602e-15,0.37024087067896544,9.008021422662683e-11,0.030322159386049437,0.9696778405238704,,8.655280052101101e-11,5059195.916997717,6.836457926091127e-08,1.8158814599578344e-08,metal,metal,intact
1.8600953026321292e-07,70974.7181562674,0.09160841518773757,22076.172059011064,6.837724925832914e-17,70225.78822370632,0.2134501009761871,71883.39313680393,0.002934265748933329,3.131334506993161e-06,2586522.920446383,0.02219262718324473,0.04356896364446386,0.03703817999408857,0.46676361777186987,53.92769227396846,0.00020518752293540853,3.708422047026172e-10,1.0285434435099174e+29,23242.04064863434,451145884407129.8,27440.737006054376,1.1500961853207744e+16,49951.210683280704,3.987589185688793e+26,27128.22991549984,9.0760067190824e+26,629.8180514172635,7.491870138044855e-06,66407.3594214222,6.306183682361158e-07,5326.222440912449,2.896143234044927e-05,73986.04051883298,0.0003106477918130933,35634.14831617173,2.6836082405776107e-09,2.5581865334280514e-18,0.483357336978966,2.681180226070305e-09,0.5273657227957236,0.47263427452309636,,4.6015543587952705e-12,4584.0739036455425,1.1292532087787514e-09,1.5543550317988593e-09,oxide,mixed,mixed
1.5092019632988924e-07,73424.41345563554,0.006456531906914561,8406.621744196926,5.426722576215252e-17,70846.55460798756,0.1548825272202623,37652.679046787875,0.001839939250644769,4.048186982839089e-06,1554267.2979958535,0.07214866613842463,0.0047569185344364315,0.008702901166199274,0.040379885015088025,70.70481780929208,0.0004045042469920666,7.624482711654847e-10,1.0600861354739226e+29,20728.73470737462,317341893927469.2,27871.676887255,4.223595631911581e+16,48011.93817075969,8.746920130568159e+27,29686.972712302908,1.614521981834082e+27,1206.067238282203,4.893958980142597e-06,49386.35243999335,2.7916920447418826e-07,45813.81927285693,3.040313890298299e-05,79256.51126537763,0.0007558687744941752,19874.305268930162,1.4361633292700724e-05,4.430612068836742e-14,0.26809125072666307,7.287586111857528e-08,0.5516913168073027,0.4483086103168361,,1.2173893147067706e-08,65912.86178292066,9.912917014233685e-06,4.448716278467039e-06,oxide,mixed,mixed
2.7026035850115e-07,67065.0766248081,0.08013693631386462,22647.33092851724,7.277825245467766e-17,70990.36677939037,0.3413497045418693,90399.4114680769,0.0020673079524503686,6.720730876660944e-07,8323107.9235809585,0.07186849943643595,0.08892840476911079,0.019520437381441356,0.18114650959666148,38.40058851702546,0.000383435271378615,7.635985291216723e-10,1.1630659430370243e+29,16776.26020900102,746573292397525.0,26687.622045958935,5.259444571939441e+16,43893.26417148275,1.73512049388197e+27,25086.062327067935,9.655768867195989e+26,1145.9431611894902,6.756378860277393e-06,56472.34134556022,6.520058149055719e-07,6177.360959496955,5.4358385586651906e-05,87964.6953684648,0.0006375051726512431,38328.22919734843,0.004827300261356075,3.670634732875405e-12,0.6787725472220552,2.3858849775158133e-06,0.2303066819699679,0.7696909321450546,,6.645111697360859e-08,4193250.4972355766,0.0037222551334757112,0.001105045127880364,metal,metal,intact
1.772280362348851e-07,74678.9981051877,0.026958087009608278,8011.310223677695,2.1693057652559208e-17,70653.22354658098,0.3838333907129062,125952.97818729587,0.0046705265238571915,6.116211558068455e-06,5076059.204697959,0.0052843899239899805,0.05376936938287907,0.08946857948209834,0.4366440409200267,77.85566372613681,3.345901413181835e-05,4.762506869892033e-10,1.0460473755295158e+29,24192.865338348784,668161370951936.6,29202.393858172756,5.836313087712198e+16,48278.288553628445,4.636366136644493e+27,33646.15538222103,1.7135400446112737e+27,772.4875131194667,8.240498395346837e-06,47015.70467006131,4.099274232126211e-07,20149.87399943328,3.6252853089401154e-05,71445.07404122148,0.0009581555296893459,17494.01708662884,1.4070947936316597e-07,7.675386686478703e-16,0.3880113300623994,3.262902365172563e-10,0.37170991913285073,0.6282900805408591,,2.8623612278979358e-11,1515389.1327235457,1.0937702623955398e-07,3.1332453123611986e-08,metal,metal,intact
3.447771348547133e-07,78291.16997578519,0.09571944771475262,32060.429519960304,3.895007601110725e-17,70027.02228981596,0.17337463884155435,84221.09849570303,0.0027415157462233075,2.9443543453220436e-06,6380969.072633136,0.07610738165915798,0.0775865726957771,0.006781892840062548,0.20945704177239147,40.44024485699958,0.00045305843419884766,5.718640764051214e-10,8.929687733421411e+28,15416.379367442467,744698413140642.5,27550.39974083672,5386092494644029.0,39700.41928762433,4.46263685794335e+27,23453.912353899083,1.2365109733367917e+27,1137.1924902261244,7.565527833540506e-06,59218.89373924068,7.22005183782057e-07,14446.378942915338,9.031669116255295e-05,81411.57507244857,0.0008852277208262775,21529.293611696023,0.0006657560524277255,5.205160586407916e-13,0.6306310347203771,1.4552354799565796e-06,0.5141262683026524,0.4858722764618677,,4.290423356634204e-08,108188.83834028301,0.0003260680759559426,0.00033968797647178286,oxide,mixed,mixed
1.6610527109777142e-07,65208.93948004653,0.018051040642319303,26019.10282733822,4.008407063881079e-17,70199.74854147958,0.2787987360850183,60951.30253976958,0.0017138111951157655,6.397263011021449e-06,7561893.52589693,0.049456287049882,0.031908404084472285,0.03786146957666071,0.0898412585487531,17.398465371948404,0.0003241191013991319,5.712121298788337e-10,1.0167858756719928e+29,21633.58021610404,28931391730186.99,29496.34373155435,2610181299097451.5,40409.12188961948,7.403678263701925e+27,25730.51978235489,7.44613072307662e+26,955.3484302188047,1.0614557177843569e-06,47624.80532475001,3.659924200240538e-07,18692.564117570728,4.7246970506303503e-05,92199.10791662692,0.0004409657414595819,25169.176334498618,6.65141772869627e-06,1.1390157398609506e-14,0.5062290947526981,4.081475712131372e-08,0.5452899139463049,0.454710045238938,,2.1221953820251897e-09,148912.51554691975,3.70941270653786e-06,2.9420050221584097e-06,oxide,mixed,mixed
4.10079470351399e-07,73343.82401598069,0.01350447458608708,5364.065984676462,1.2479245159603072e-17,70860.64154917219,0.12106340102596655,150639.08924395978,0.0036247697688898592,2.411350194866309e-06,3847379.9675898124,0.05616131020548289,0.009340873234069397,0.043723613366827146,0.33870514906695165,84.25307141118468,5.9179096616128465e-05,9.35120648504719e-10,1.0162833488869358e+29,22941.375797643563,767887020371866.2,26058.424159363505,3.092147514285563e+16,36861.6814884864,6.720175250497043e+27,25703.702722458776,1.976755135849642e+27,1230.0787765614368,4.020296445997722e-06,49132.00264496959,6.827080772766144e-07,40962.60062454225,5.7556922682296014e-05,82718.23634302385,0.00048274090741278044,35664.53841969282,0.0008447113483942678,8.720369734135145e-11,0.49941509433839304,3.9533669098872203e-07,0.010043529216857668,0.9899560754464513,,1.1645746230152774e-07,3758750.0074971425,0.0007515751293025619,9.313621909170589e-05,metal,metal,intact
3.64015171697313e-07,68292.86943849528,0.03258810365292297,23234.247248397834,6.580623293870106e-17,70237.6222908976,0.20678480192098764,140988.62637594264,0.0030349687050768184,9.042221241080092e-06,1975719.0232697483,0.08245543021212924,0.015614336987281293,0.04328777266246203,0.07349140567110311,52.11473498560998,8.2666079923023e-05,5.99875525940037e-10,9.197037458048758e+28,16010.829362228682,282922561297839.4,25929.43855543521,8939899484214165.0,40163.10275612504,1.487062768086545e+26,29149.576302346755,1.0832565419693034e+27,855.0371164552485,9.24384763835121e-06,68250.03482276898,4.829302909560127e-07,11769.931132840113,9.187069391557736e-05,73095.66881152659,0.00046692981815140414,25879.783348143013,1.1827716126061944e-05,4.208043904362144e-14,0.39765826302510304,2.7726856644731824e-07,0.41435588298408327,0.5856438397473502,,9.326322288698786e-09,24141.87936270969,4.99742986796264e-06,6.830286258099304e-06,metal,mixed,mixed
1.79058539648664e-07,64550.79292102803,0.052807900454549514,42030.609898350514,7.081104083994778e-17,70956.11942844716,0.31602771148153447,152737.31281987493,0.00480072807686952,7.656054059157445e-06,5597490.77213642,0.03418366121602005,0.04633248658165108,0.04294031351605112,0.3159621173544473,38.009659390376946,7.098500608688912e-05,8.940405297267129e-10,8.50305274832958e+28,17118.08932487591,228189761138205.72,26906.85573318784,1.7405231612562908e+16,44014.02262241069,4.330477943396175e+27,33983.44215381897,5.618113832312267e+25,1254.3835180831356,4.4227097997405386e-06,58697.51105612067,7.236754798736947e-09,19948.81974224632,7.429462057611272e-05,98770.31411838674,0.0005455061980185064,10432.939451962127,0.00134883876181376,1.3061870909971043e-09,0.13937560469395474,1.1949148228775668e-07,0.0015609136774650952,0.9984389668310527,,4.681630724157332e-08,5576448.956367218,0.0011821038318816266,0.00016673492993213345,metal,metal,intact
8.438752380265234e-08,73076.89047004576,0.02591468354361398,17493.848550007126,2.4791284930146812e-17,69375.19367607585,0.3497430881808617,105500.62465914016,0.0007464335868354955,5.220642665106022e-06,8860076.352839744,0.08135241694143691,0.0399343736575719,0.010436771893079544,0.43235720623381885,86.44827501225251,0.0004424142453132604,4.2350323338894517e-10,1.023390198798849e+29,22074.872711707372,671662429140968.8,27810.843342367174,3.525415895730323e+16,44259.69526791419,7.170029782313121e+27,20749.27351429363,3.102841005606807e+26,1188.5312436631475,4.740873053576679e-06,63374.26842407316,1.1368676282167391e-07,5608.0732660073045,3.086911224942934e-06,74215.17201061553,0.00022525848588272649,9338.92738610445,0.0007711573661960426,6.506745099108154e-12,0.48187667582311683,6.164655010083697e-07,0.17072227179787391,0.8292771117366251,,9.514329563545415e-09,5712724.202346727,0.0006521434044686633,0.00011901396172737933,metal,metal,intact
1.640497486271689e-08,74795.70055740174,0.08916530304943,3071.356738373379,7.530237049096066e-18,69511.97009175137,0.33037615706229406,116652.35404456343,0.0023994416101724477,1.6428092586514887e-06,8361824.120590885,0.07664830313228585,0.0005222245656618245,0.06644719388584795,0.41520720272871336,4.337342744402525,0.0001337380523798692,3.616563814626992e-10,8.405270620883221e+28,24214.777056497653,597147357879891.9,29188.727801512392,5.464709328669113e+16,35039.45423889678,2.0813855694397095e+27,30602.3777820993,1.6118053690489978e+27,1169.132779159921,6.85641743680181e-06,65859.92080615686,9.255095323400747e-07,34417.819103555834,1.1803349231242695e-05,83266.2738348142,0.0008307350130104331,16707.820126832703,0.0004878827720605559,3.3442505175126183e-12,0.6289775626394649,3.7952305114713804e-07,0.07035854079324363,0.9296410796837052,,4.9586469839366975e-09,7053447.622816108,0.000413307312869255,7.457545919130093e-05,metal,metal,intact
3.659113336090609e-07,76800.31010018974,0.06401657638098864,23731.63399402618,1.6409229352515065e-17,69988.23993853861,0.12899525139073706,80608.02668442746,0.002056990048969244,5.33613036734484e-06,5392578.095545574,0.02953685181217081,0.001441246198046501,0.07467006960052794,0.3061913276113251,45.32192663872042,0.00048181728379748437,4.636777172656459e-10,8.815872185700727e+28,19960.944625501637,85765744579849.58,26358.287446501483,3.5855993744955236e+16,38297.43318337815,9.02777600788998e+27,37935.470180734745,1.4116741006106813e+27,887.1804470478444,5.535499771084569e-06,68728.80536257706,6.761528283462495e-07,37987.06482900584,0.00012898547288438467,95101.5091728185,0.00022083775742823964,24742.17052336923,2.4179660646083447e-06,1.404544248262445e-15,0.37271115196714194,3.207774974761725e-08,0.4359613844142234,0.5640385835080269,,9.466589600741495e-10,2414.0145678191193,5.351208275573457e-07,1.882845237050999e-06,metal,mixed,mixed
3.821193773357899e-07,69207.15544015175,0.09791284301590245,3605.7516046091587,4.3133779550116035e-17,69835.72865915965,0.2609942023374733,159356.10593493542,0.004809431039556928,4.3533877218502885e-06,9946243.429527283,0.08379780266382404,0.0013507442231117757,0.0811644145658146,0.23448413041374536,92.5910780535423,0.00026942821075348074,8.032402664801196e-10,9.643672076890508e+28,20564.61975109671,288456594801977.6,27224.79715159382,5.937631943264839e+16,44209.142622364496,1.9604236099006648e+27,38964.12913526485,4.0693741658821456e+26,957.7593131543058,8.10277664802184e-06,51019.38400371699,7.19262347817489e-07,48948.60855026201,6.756596803067844e-05,86286.27164303705,7.049353415002183e-06,38832.38141098112,0.0003976393590707744,2.1840933602522447e-12,0.43141629735596476,6.122021538541844e-08,0.1893935602813911,0.8106063784983935,,8.531070329673784e-09,5769141.52200318,0.00031525160460942904,8.238775446134535e-05,metal,metal,intact
3.3844046392959424e-07,79522.4906968538,0.07949373645879206,47267.34618217369,6.03652609425724e-17,69304.90189929777,0.08081825028874921,56893.53391667323,0.0035415220485329373,5.539336180263457e-06,7304170.799610916,0.039733843081638,0.04148346033063742,0.06772514240153807,0.3686646300522915,24.78058923491084,0.0004069966622459126,5.613063332585481e-10,9.352049934998287e+28,17099.761267791626,223827136589199.47,28366.163334731285,4.4000262362006184e+16,43641.32537774301,7.546532651835392e+27,20635.74927749263,1.353638405626527e+27,1256.2545288702,2.67144811883306e-06,55843.041701266295,2.3682087432321427e-07,5725.134683203263,2.974184134873315e-05,81040.11158275203,0.0005333463916038433,27600.155661066474,0.0003520072815179577,1.7218819915222541e-13,0.552809775710338,3.3299313325093004e-06,0.40670043660687805,0.5932962334617895,,6.534544423841564e-08,2471.327200790574,7.01817625354456e-05,0.0002818255189825121,metal,mixed,mixed
1.011241320712447e-07,68812.04126015666,0.07394701825683017,36142.33000658646,3.564919679630209e-17,70233.13422497416,0.31374476526527423,44615.71965337151,0.0031989474019723813,7.229825854017364e-06,9479243.517870523,0.013533101212209424,0.0035493985272052543,0.08753036749352171,0.26078368962309695,41.897555040862265,0.0004540708269925412,9.188611134216017e-10,1.141690483143745e+29,19919.178760691084,369096706697421.0,27511.989302937764,4.321987063808971e+16,45585.96398761599,1.636013880130955e+27,38648.427085366406,1.6638638690452726e+27,1107.3623672739975,2.950031000880712e-07,55324.95940541754,7.974694211377256e-07,45427.390811354,0.00012332229693652442,93927.03903879166,0.0003263771393931422,31488.482665131312,4.8602919824609634e-05,3.509307233183301e-14,0.5566287043302718,7.366184597740192e-07,0.5412892953284638,0.45870996805307646,,1.2484119815057294e-08,5368.72535907304,1.3062154898886413e-05,3.554076492572322e-05,oxide,mixed,mixed
3.3414273235780404e-08,78230.72652887601,0.007129772517772563,20026.467039497606,6.005410144556877e-17,69607.30444409323,0.23993896318832153,41450.55882621164,0.0034690928707527004,3.1711241788499762e-06,1434552.3034765972,0.09565600134478724,0.04936793882371407,0.0005930529560857694,0.0757202556785897,60.309483215484306,0.0003603791722033533,4.092497906750779e-10,9.73738227781599e+28,18628.308114447398,503194562879380.44,27826.609075305492,3.0216703225434852e+16,35411.56984404381,2.551036936854321e+27,35071.22789845077,7.671555914535962e+26,796.9982760184478,2.1283336931360108e-06,63413.5320608192,2.844005982383305e-08,12639.320188634638,4.5139353773720045e-05,94789.03709238293,0.0007077436785179858,14142.215375541711,4.1883909131888146e-08,3.1546384655583915e-16,0.11056915280417973,2.4955662750433616e-09,0.2649160333036939,0.7350839642007397,,6.793471352018366e-11,647135.1309484347,3.348896012861732e-08,8.394949003270828e-09,metal,metal,intact
2.842278753158171e-07,68504.0170189119,0.03748344803923671,39501.58894553195,2.536448693268482e-17,70744.29646193383,0.2632899585681831,87807.56914264536,0.00483780845201973,5.099798993954397e-06,3924000.7066803295,0.026781640176311818,0.06798551412062837,9.22679337109503e-05,0.2520799670558152,76.77498705565881,0.00038401397207850027,3.575283227133087e-10,1.1528220705906213e+29,24455.710999814448,291310696735864.5,27992.66356116926,5676386838381288.0,44865.0977399805,2.0919145863710529e+27,30020.148188038707,1.0614168812559701e+27,1050.9552407989277,7.944150809294932e-06,48895.91667421554,1.5592171451533418e-09,28805.16059256359,0.000125222295495396,94090.84677427323,0.0007137537074718548,10375.996199898706,5.68873270445909e-05,1.7792157963799817e-13,0.04191827371826754,2.511421262767425e-08,0.6161050716164908,0.3838949032692967,,2.1601267690536806e-08,313349.04610310646,4.489550916568088e-05,1.1991817878910018e-05,oxide,oxide,intact
3.038383383494972e-07,79346.14190725524,0.03186291938988668,12477.46560519386,5.086704508897459e-17,70766.72148649504,0.1719392384064971,43294.19316586816,0.0007714751347431229,7.043517903402606e-06,4432814.834493277,0.053215327463791325,0.0568819786984317,0.0943255331185113,0.18056066565185405,50.55926143465618,0.00012102132703533769,9.716528716798308e-10,1.1203078516094641e+29,20607.443211568385,67091494912059.99,26084.379986696746,3.2966587782460572e+16,43839.003294943635,8.529914429131982e+27,32195.835654331182,7.076905225627332e+26,982.681613933266,4.156266271986479e-06,61458.112273212566,8.356129306560462e-07,11885.047338765216,1.6512720991239358e-05,93627.16360039102,0.00046310087676937155,30880.49046394451,1.564881378148089e-05,5.391842289277985e-15,0.5909163291341923,1.1634222968446445e-06,0.329497288046438,0.6705015485312652,,2.5592239151446953e-09,415.63748287221455,1.2699317474012234e-06,1.4378882034079665e-05,metal,mixed,mixed
1.2324810842110848e-07,79446.4177666719,0.04141389263521293,36546.82512718592,5.18240636808028e-17,69591.36567173907,0.14198941649469946,78640.54976483106,0.004110641326563505,6.4138238476500005e-06,1740353.8954237124,0.033181482501399864,0.09700319910393883,0.0852263591991651,0.2540252628492115,11.618481369993766,0.00041534651675661133,5.692186994854898e-10,1.1841135507002481e+29,21944.43883908291,46541955368472.89,25151.68064984265,1.3817769133334356e+16,39662.96896832029,5.8605330540134e+27,22223.867707196532,4.356391744736251e+26,1221.2259681326143,4.132100318013343e-08,46945.3197455514,2.665068060817976e-07,26215.917220340223,5.256902031664485e-05,99378.61333696956,0.0009346923754772106,6541.352550843941,0.00019329409851765106,1.0749626837191832e-12,0.32938141004377613,1.4806716000656883e-05,0.48453081661482356,0.5154543766691758,,3.487978167875611e-08,180319.57920148948,0.00011646790960561148,7.682618891203959e-05,metal,mixed,mixed
1.30695390475196e-07,73642.95881789173,0.06472258298083945,20737.060516647518,1.7487849491450963e-17,70362.67282174897,0.08054408483264072,116951.48546659308,0.004714989592674313,6.3290877223945685e-06,73103.34673934,0.05754671952720076,0.03151088941790338,0.053075996098769236,0.19431586576910534,58.929179613954105,0.0003178440576835198,4.5040443911030826e-10,9.299471321560455e+28,16072.036893490802,508498218129593.06,25748.895518693673,3.540829975956709e+16,48400.68759875969,9.920718025968799e+27,36255.90335941896,1.8719579581519693e+26,1006.9535867459465,8.170811167288675e-06,48187.36137394749,7.204460816124854e-07,40805.67151884707,6.297495700798888e-05,77789.46125460135,0.0005944066254394466,27980.307809484577,1.3432015483648148e-06,9.317207251037131e-14,0.08340589471557112,8.533385777309229e-08,0.2600333441332813,0.739966570532861,,7.731639301741479e-10,34102.407303759945,1.0854861365385606e-06,2.5771541182625415e-07,metal,metal,intact
3.63740157559743e-07,79271.66259744021,0.048898161680848436,19178.20239457989,6.317168207388848e-17,70683.08778266632,0.14897326398737756,125877.44900122883,0.0009836148442735598,4.805341828018898e-06,816840.0010357023,0.04468852905867352,0.016114644553109868,0.09468338361040869,0.4300867178125897,67.37214897640773,0.00030558855461355623,5.528824802777099e-10,9.313880189531372e+28,21436.865144929354,376040115243013.5,29930.200878105803,5.365228831733103e+16,39506.4505754746,6.735356030689226e+27,39436.270969507445,1.1711626374061051e+27,1054.3789961150756,2.240948689716147e-06,66718.05254646002,4.516647674241555e-07,17126.95073607129,2.9233149437933222e-05,74685.48183044614,0.00035996781848151666,35116.487920685424,0.000260323821528569,3.0830130184204426e-12,0.300960843852055,4.634760685706034e-06,0.31833597946596925,0.6816593857733453,,1.2039741628968237e-08,286570.7779678288,0.00020012776082268947,6.019606070587952e-05,metal,metal,intact
2.674618900158964e-07,71252.25433430233,0.022490336959387562,44258.66974553352,5.179412614947583e-17,70724.30281456426,0.10107601529613067,86028.69871637493,0.0027920698287213826,5.850401527797222e-07,2052608.1073771822,0.016003630156808585,0.057766148531284686,0.033342029855811146,0.4979958021661859,12.99076392668394,0.00043280557980318276,5.930520489227125e-10,9.079911579289675e+28,16009.642826487041,494993164990743.3,25330.947456385937,4459881687049544.5,44542.59825346603,2.3894762517084562e+27,38284.698243138686,6.894977233318754e+26,832.5482025326949,9.693310686143188e-08,42206.96397748829,6.44435323684606e-07,27034.93130749049,4.958316794557044e-05,71648.27705200943,0.0007915940728634427,7889.21106561523,6.173011221442026e-07,1.1226004393469763e-15,0.3076112074234366,8.678828395582679e-08,0.20121978643321314,0.7987801267785029,,5.176764326835922e-10,1248796.8134551574,5.402801591332321e-07,7.702096301097054e-08,metal,metal,intact
3.296513456569183e-07,70830.0203222235,0.08509797375346721,37244.57316169929,6.501078375605701e-17,70220.40569574622,0.2900085925232239,153410.03918944663,0.004218767532224587,7.513984348931002e-06,3072302.6071562152,0.040933318027693524,0.05260336464853397,0.08470834117688338,0.4186525026976463,57.47400417672558,0.00042452763164365785,6.273560137352174e-10,1.0480898923433118e+29,21490.06394216254,182950062617283.7,26790.110964755942,3.038394118047465e+16,48772.33157200351,7.922029058327678e+27,38762.36312580783,1.114172686506813e+27,746.8605053571765,7.0798956540696645e-06,47860.757556487886,2.075501349723167e-07,15489.208856808857,3.50036776604004e-05,77240.50537054084,0.0009980164379939727,29123.63864475529,5.350519909936376e-08,9.756606320983442e-16,0.28940588875383666,5.012065781082505e-10,0.18306770004458062,0.8169322994542126,,1.9303874049590416e-11,1850577.0094594148,4.213239950193448e-08,1.1372799597429282e-08,metal,metal,intact
1.1156138512856799e-07,62024.33291071129,0.0384056500332541,9501.006844397867,3.3248792006914306e-17,70075.87905335982,0.08603288996148221,39741.86682730098,0.0037930519863646223,2.616178783765254e-06,2316993.6867986973,0.08711372937556917,0.03745163358562222,0.015975206824058903,0.4737989061185679,12.385626140076734,0.00015169403830164464,6.586407720901392e-10,8.311343451885077e+28,16872.70983481416,201515259740242.44,29260.75453813638,2.6192383730317724e+16,36163.69497078965,4.958002712034944e+27,26529.47508544625,6.811464007608724e+26,1152.8843534142416,6.331560201981681e-06,41631.06965659901,9.935121290311047e-07,11175.966353940472,8.743851498399592e-06,74088.60076076371,0.0005349292555900826,29433.030865163797,3.244773389107856e-05,1.0102439199616216e-14,0.561686603121766,4.06706922617804e-06,0.18622666855445022,0.8137692643763236,,2.066341373314802e-08,850.7252051107041,4.955053433040248e-06,2.749268045803831e-05,metal,metal,pinhole
3.6602019964729016e-07,75305.32245473459,0.06251823163524761,3883.778513232933,4.288630658009975e-17,70383.89389491227,0.3881475585937781,145651.6864552022,0.0007199856732688627,7.573325494473423e-06,1094970.9066181548,0.03948380478061047,0.08156613584746769,0.019224981944290502,0.46591002933775566,84.84674777688542,2.6081407940854047e-05,7.357285774007003e-10,1.1432631369118736e+29,21673.561785238435,124294686025506.3,27719.32739271968,5.813372812802601e+16,43768.09216987852,2.507977576327838e+27,23686.227654885373,8.91040159123242e+26,976.8349037111282,4.709636260924961e-06,57078.81430930845,4.6830723519971763e-07,10341.500456933034,1.7761236997219296e-05,89468.70842574284,0.0003729734014349362,15060.227455051554,0.00029726528769449107,2.7207434958001944e-12,0.3569983710031648,3.5698229459557037e-06,0.553220825611012,0.446775604566042,,9.532213401831799e-09,115048.12872938656,0.0002192163527318901,7.804893496260096e-05,oxide,oxide,intact
9.35386254201337e-08,72809.80901472007,0.04948969527890326,40715.07550219221,2.5217097718857722e-17,70330.2122048803,0.0930919836148146,107774.33064014673,0.0006069129000673315,2.9741472016566878e-06,9399723.40644268,0.05549971399476748,0.02717662728738761,0.09283900346630707,0.42222848480715974,21.260934309846714,1.4477329885718525e-05,8.740440085691192e-10,9.543122509590501e+28,21039.54445770768,379327659728271.9,29607.716785730237,2.7922386479557e+16,49131.106691194866,9.523790261486218e+27,37770.55129371796,1.4212566977972301e+26,1257.42481301605,7.676187999460911e-06,60994.41857733477,6.596632215288187e-07,24155.724505263206,9.958059614058299e-05,95845.86124674372,0.0004855096292829602,18228.917764237507,0.0019915590190791553,6.173934219017343e-12,0.6573903877107844,2.960277371013152e-07,0.23219997145898894,0.7677997325132739,,9.466575140644811e-09,4723801.294327621,0.00154354422789633,0.00044801479118282525,metal,metal,intact
3.2365254144882975e-09,65848.14846341542,0.04263838760615292,2636.2529906581567,5.557855744029375e-17,70338.28601022884,0.12627469335889407,35176.4690212204,0.0028632654234003662,3.9490070335828885e-06,7221134.79312958,0.05095241051750016,0.09957567891579733,0.016795429875127374,0.2718600098214124,83.64283710351033,0.00021815618918542937,3.764299603869322e-10,1.0148914117653289e+29,17206.228509494307,713939144769990.9,26711.506452053032,9176708616383012.0,49986.11455266979,8.904629466840324e+27,38888.37346375889,1.1946512288480543e+27,672.130082275745,8.349414544054287e-06,52806.919786128565,1.4943374347935011e-07,27458.68712442006,1.662425346927727e-05,97157.78162072948,0.00014760236009512032,12934.150305993295,6.648943073577594e-10,6.791201233775635e-18,0.19759881593559026,1.6790872514194165e-11,0.11830206710008974,0.8816979328831194,,2.3363327974001594e-14,5346173.964527313,5.416101717335747e-10,1.2328413562418473e-10,metal,metal,intact
1.2395691043572388e-07,79256.6563298774,0.016598258083397852,13891.75335335344,5.109284554977824e-17,69211.85571645093,0.24560813884496474,51311.56642748992,0.0033848291714661596,9.198854177744382e-06,5858906.008145795,0.03440598102756396,0.07167857021246257,0.024317730528135333,0.24366807575381746,4.120129480860928,0.0002809876331811922,8.095226655387494e-10,1.1189024541524498e+29,18991.006887798463,374220002192982.1,28806.92480830979,5.113727907561304e+16,40682.816117240305,9.71353939281055e+27,21882.016227556036,2.703910868021036e+26,1074.8214279027145,6.35885740376044e-06,47105.019998827855,4.3269424764673543e-07,30026.461226813335,0.00010943568315089474,85037.89145890245,0.0005074496489393521,20457.18085561617,1.0974428961564554e-05,3.9408195031492876e-14,0.47443784324630406,7.832381393065748e-09,0.640705475843523,0.35929451632409554,,4.568333008100689e-09,206334.12021792485,7.329718573566806e-06,3.6447103879977477e-06,oxide,mixed,mixed
1.585604708532539e-07,74987.8917352485,0.09431049261106275,40086.168898120675,1.9846500673372208e-17,70737.27518515564,0.17609310949802576,169198.00476341636,0.0037296599575838054,4.026806954704319e-06,6958076.567725775,0.09514634314141329,0.004280388673808725,0.07290426400609985,0.4169068131903469,59.222054172803695,0.000106188755427564,8.295579668564116e-10,1.0064250964631777e+29,21603.777899644956,604198657178830.8,29015.369770255704,4.96848104971796e+16,38570.65285373101,1.5427868228217956e+27,31030.149434508137,2.727242689985751e+26,954.720093604018,9.18771128779195e-06,64048.5203773081,5.285897526424971e-07,10744.326444151,1.891650977365009e-05,90311.91319394531,0.0003552068312090027,19875.537849200973,0.00012198567857886448,1.0874376403266029e-12,0.5920262500060415,2.322457411127661e-07,0.1327032320302505,0.8672965357240083,,6.418443054458976e-09,4851364.251099196,9.772100584199332e-05,2.4264672736871157e-05,metal,metal,intact
7.988280668570578e-08,63496.76729775206,0.011753733321255136,38039.19621065326,2.266802660926415e-17,69968.63185970332,0.3499154129948702,144390.29189276753,0.0011230929586780888,2.7347831214157624e-06,1588540.887466406,0.02684690455273365,0.03717367094352461,0.07339031016883163,0.2538380189523853,85.42240889287274,0.00012553885518579768,5.444249809390799e-10,9.85757563067857e+28,16698.35161495784,570383795592916.0,28061.23518448217,7701606386002628.0,35204.71922723302,3.745851806187348e+27,30278.31222377291,3.6948438549847124e+26,695.4499696950966,1.8094508118137168e-06,69007.95517357107,8.708140275299126e-07,27437.398707004893,8.852555646039208e-05,74803.42553212194,0.0005387674612261244,30173.261856547237,1.1163332269146627e-08,2.7290860797924573e-17,0.23258966111014942,5.460607776356601e-09,0.5038387367845777,0.49616125775481457,,3.795511676385275e-11,143413.87678567265,7.59728481032199e-09,3.566047458824637e-09,oxide,mixed,mixed
1.0231313332677964e-07,78321.08837721008,0.022920020601535623,12564.298527869345,5.684644566624849e-17,70308.66734418503,0.30776670556768165,91137.3422860676,0.0007929001793437263,8.761989090414711e-06,6693003.372855498,0.008983892681198796,0.058784124528799636,0.06543394477111017,0.03490657745596121,61.28246677127583,0.00035110790576624534,5.129312711831794e-10,9.417711797259567e+28,15255.528982540645,315080154117157.1,27623.574834823296,1.9582028216702616e+16,46562.16117498568,9.082036097022085e+27,20335.228651263682,4.032530590862968e+26,748.5788875427146,7.83317346258573e-06,45910.20344798204,7.420000497898288e-07,28571.169188429787,7.298199566410334e-05,88852.08635424741,0.00023953715340195908,30159.43594816889,7.073338728761896e-08,3.1999387409573505e-16,0.39285237884999163,1.2048414157387662e-10,0.4554342546911011,0.5445657451884147,,4.5054602906297116e-12,976080.4884094081,5.096731825815926e-08,1.97660690294597e-08,metal,oxide,intact
2.862394714564446e-07,60936.933421010166,0.07386203902532332,19809.219395299326,2.9536764177878893e-17,69058.49336075445,0.15652944476807498,80094.85661517215,0.004433155381241803,5.888162109230467e-06,909713.5902409458,0.07731512874058051,0.012775924852072736,0.08133781828832616,0.3653108297662657,10.266046814321193,0.0004075427911508493,6.339954780634744e-10,9.071156098935737e+28,22689.334423284025,484751193152828.1,27029.347296709784,2.4694796562341216e+16,49790.085084318205,2.9570729171312707e+27,32139.770343965414,9.253607751350751e+26,609.4384544924384,6.212073950789022e-06,44154.13447405416,1.0479243405241092e-07,30617.75831390418,0.00011629848215150534,79239.96022084181,0.0002622013869649075,28252.393610013405,2.662107061936786e-10,2.867692331704278e-19,0.04470051739553112,2.4901715654296484e-10,0.24784235947033326,0.7521576402806496,,1.1240751962222842e-12,299.73395729035786,3.779114245016719e-11,2.284195637435114e-10,metal,metal,pinhole
5.4313896407927824e-08,69149.52404389135,0.03243541631996372,47406.03637774791,4.7698963825361644e-17,70498.92298304597,0.19881606601313168,99274.04147942181,0.0016073039904427973,8.646651108260976e-06,8420612.623067174,0.06259985831418208,0.013578230918035146,0.04624108634542173,0.4025021814207322,20.425487584012668,0.00045694310316556834,5.825394306022377e-10,9.17078246854258e+28,23873.57462460908,625435577066289.9,29175.97091741278,4.356373496906634e+16,44324.22913222462,2.2900098265161654e+27,32342.793894221693,1.8001909670087097e+27,688.7005340269758,5.9979108097447015e-06,46855.60147935982,7.392217837334677e-07,43206.19454106054,1.615506399069951e-05,89583.24540116994,7.339417675000684e-05,10044.29357143642,3.6795466776559524e-09,1.8845070145190433e-17,0.22137799952670487,7.721199482466725e-11,0.41572062547447286,0.5842793744483152,,4.337822867997314e-12,1958476.6001461304,2.887923382320854e-09,7.916232953350984e-10,metal,oxide,intact
3.840521807062001e-07,67347.79717076411,0.03230943125155383,9346.743510469249,1.608243083143232e-17,70596.7470589221,0.24519399100386963,103347.49496339672,0.0036864388341968906,2.045833573793054e-06,3769842.320620479,0.09612010336900717,0.025096464201475606,0.05104742511685212,0.13768108881843852,34.74955971423056,0.00042370169008491116,8.933861274519079e-10,9.527333880014144e+28,16901.123451190582,652256379714946.9,25850.783542281428,5.2116889490489944e+16,44778.536033974764,2.7343305520600776e+27,21624.449645042576,1.2184643052477822e+27,644.1756155833071,7.546399987688696e-06,67208.53706145647,8.838583196837324e-07,17367.131905805327,1.3552712275981846e-05,89622.94959921685,0.0008477240255658604,19551.23892992847,7.733393266366568e-09,9.811495698916243e-19,0.4070780449947984,1.1860906698447478e-07,0.20431657170151202,0.7956833096894211,,8.030604336343823e-12,885.3947894027792,7.589529982210579e-10,6.97444026814551e-09,metal,metal,pinhole
1.741504552885996e-07,60078.052047930876,0.009182824073903438,32069.80067389657,4.579719480076866e-19,69696.9426103011,0.2840597483500019,20117.909645791544,0.0036961896521294133,7.977655847661444e-06,143341.30040511402,0.06060474027449194,0.020803198887116053,0.059044475812910995,0.1629960604580069,99.32297005692229,0.00016782499936279156,7.036345746083341e-10,1.049316111531574e+29,23768.601575580695,585330480990977.2,29738.19423615725,1.7861095105184922e+16,37968.44570074322,2.2602164706209397e+27,39733.678059458085,1.0012797362956223e+27,735.6960770928235,8.007714369348384e-06,68550.95106102232,3.761872440198249e-08,14111.470725256186,4.827172809096833e-07,98582.07800341975,0.0006583015131851568,30963.150507553783,1.5149495641862243e-09,5.108972432599059e-19,0.03761400835317928,1.4214606922282817e-06,0.09232385004067098,0.9076747284986368,,1.9314286444324782e-10,0.16623798467775894,2.0818379296533774e-11,1.4941311848896906e-09,metal,metal,pinhole
3.456604780780436e-07,71662.27581973582,0.02808521615983528,17775.988516873553,4.6497200507254346e-17,69573.1459553876,0.30656004439296086,153511.1673121584,0.002290807769271835,2.3025749031067692e-06,2391150.4281536983,0.012560317860794068,0.09876151903278242,0.027532516885848894,0.13950952493612073,32.20059382637072,0.0003976231981209189,9.861904743070224e-10,1.0061264839869212e+29,18950.097326724688,620166465800717.9,28903.55681396952,4.195264996196546e+16,45745.55840918392,7.0916175786392e+27,34490.4511814358,1.9153901260539717e+26,745.217272788003,1.0864131634315066e-06,56080.17692907775,6.141948451418779e-07,40908.25976068349,8.43346435027286e-06,84509.07883958831,0.0003755722992722383,31672.382567449935,1.4779836923392845e-07,6.775486539720489e-16,0.16891646244805017,7.852707284090751e-09,0.25972204516720604,0.7402779469800866,,3.281380746915005e-11,1145644.3965854556,1.2088469259263969e-07,2.6913676641288765e-08,metal,metal,intact
3.7516729247668115e-07,63795.45651428995,0.01763459656257064,19468.172305811753,1.600548685173778e-17,70513.31173467149,0.13737450032235032,91980.18314721443,0.0007540544629534733,9.523099728197075e-06,1622707.3568283778,0.018661292705297622,0.037384124257431164,0.03819668965246029,0.013569512840345589,75.28212617600434,0.00040688671936437614,4.505195905914463e-10,8.653042277265701e+28,21567.68738649549,64386182232308.98,26071.96588343702,1.1202393136090302e+16,38998.11415431282,1.8499814819625346e+27,27320.003956156535,1.8271137739055438e+27,1257.630888176015,3.117355104340147e-06,51653.640059915684,1.2261360271158018e-07,10769.941753799581,1.1058486474278781e-05,77806.33530760038,0.0006579612050236076,39918.876801372724,0.000646670467861363,1.6034087153640436e-12,0.28427121434126906,1.84369710376785e-05,0.4346281818304827,0.5653533811984797,,2.0466078564501974e-07,1693.2396900728959,0.000188046846454622,0.00045862362140674097,metal,mixed,mixed
1.0044864723251866e-07,72405.40690452675,0.05133457715420066,6841.603076125466,2.7590247686770628e-17,70141.5823559975,0.37798886033731616,153787.74885010507,0.0030792877500870107,6.1018341260564404e-06,4211941.056673553,0.018302601530854522,0.0020209589208212402,0.07678453345994715,0.3056095573003501,13.786411844515387,1.5358702457054114e-05,5.192992991407486e-10,1.0670023975915279e+29,15567.828205656486,3797987939061.9487,25312.93759746278,3.243024081615313e+16,42659.121989934014,5.957742775524118e+27,26715.337549323063,5.253210711590957e+26,998.4068403698877,9.39760039023932e-06,53889.510238872004,4.37385818181966e-07,7346.992870366577,0.00012344585478097102,95511.00252011105,0.0006685464482453689,30316.83097672906,5.429622090180827e-05,4.558985006125589e-12,0.533734549625596,3.8872282841041204e-08,0.030267826179454692,0.9697321349482626,,1.904181982699666e-09,3935103.5220636073,4.88705590454974e-05,5.42566185631087e-06,metal,metal,intact
3.1431669655167553e-07,61727.80552283545,0.020673905183106647,32672.036403801692,4.841170513368216e-17,69663.39762257598,0.11680999711327701,70858.30521265004,0.0014818859195385398,4.535982089267432e-06,359708.84728555375,0.050750943627403074,0.02999556084608659,0.035794663485534416,0.19600795741449387,79.79218694032286,5.57242029576822e-05,9.054868646895264e-10,9.491215555931372e+28,16964.61812734463,599262486013006.8,28337.517411773166,2.2408571283594676e+16,44505.05951841012,4.6246123749040875e+27,30356.183821044382,1.8978393231715238e+27,1014.1929414765709,3.155223240220107e-06,47279.80154023316,1.0906894786104315e-07,46091.621579679166,7.093595744334432e-06,85694.20269510185,0.0005531179107742842,26851.808771736683,6.000628594323925e-06,2.6398925590754365e-14,0.06633724771021422,1.1447151092057304e-06,0.48278037765730264,0.5172184776275882,,7.988323686430548e-09,3039.3146212912625,2.8011021467437255e-06,3.1995264475801993e-06,metal,mixed,mixed
1.5306450583534964e-07,73798.33882601338,0.01068270470466226,23085.718294789167,6.823276136652831e-17,69917.33246488112,0.36516700493326915,55778.686224990706,0.0017739459436584208,6.848439919111896e-06,2948022.3565465095,0.06720980513324847,0.04208530906868784,0.004578583291432005,0.1196817301180613,87.59198337757759,5.532817192214421e-05,5.778970886287918e-10,9.32754823713455e+28,15527.593411000224,693627034835527.1,29064.181100320213,3.6967854220254376e+16,37200.97090867662,9.286645902652166e+27,28705.615749683195,1.5294463975267924e+27,1012.763628074731,5.65255809122462e-06,61271.68116030461,4.53500858970008e-07,15945.680098163586,7.786471850996441e-05,86842.1958461838,0.0005508051535250117,38642.85801784021,9.200525563902955e-06,4.6627009956641315e-14,0.44748352262393587,2.5146902173037623e-08,0.503133132738447,0.49686684211465093,,3.480028472281165e-09,346356.43450396997,6.821714765711324e-06,2.3788107981916306e-06,oxide,oxide,intact
1.4655104532929804e-07,67052.13932932027,0.024253441963293116,45423.347790733846,4.669718741343844e-17,69525.50878583944,0.15136034946377996,138128.6416415344,0.0008647699587556342,6.755811117389016e-06,9862565.20100928,0.05874475266387638,0.023702262079582526,0.02662103718164596,0.22737515248321388,53.1130994891559,7.020876142619923e-05,9.254484453648115e-10,1.0276468343628817e+29,16832.21114503711,647151917040480.0,29710.234900033196,2.682471961520089e+16,39680.75756547786,5.216286009007267e+27,25463.165978345798,7.249299987937629e+26,1230.5349215736253,7.960698244065037e-06,52735.35734131957,8.87405861470721e-07,29589.075084928238,3.089063817533096e-05,90489.87301046062,0.00025813571595511165,9452.622941732712,0.0037038829380601967,1.2533011606073197e-10,0.6757225911869807,5.398966210862992e-07,0.04983463814274135,0.9501648219606376,,4.3113022737395726e-08,8777715.028410105,0.0032801703842106154,0.00042371255384958135,metal,metal,intact
4.1567483867101737e-07,78857.71384897741,0.007631247616105754,10623.925219764942,5.579411407800932e-17,70147.81787009357,0.2763908321148147,111316.71001141232,0.0021496821246092413,7.736945417777438e-06,8823380.609875137,0.0014271577145747076,0.037213786868790115,0.06408967314299797,0.17016132846475412,33.037271434614226,0.00018446424025790264,6.066089524848161e-10,1.1682087196228116e+29,24751.0116525649,602337599547045.8,25783.5570292374,4.936981025746661e+16,45471.961762635336,5.839103949399145e+27,39414.50760228567,4.7003681681527517e+26,684.5677137175646,2.3211078562326535e-06,43329.88795188817,7.432709545100196e-07,15165.627273840742,5.0140452201083915e-05,74479.77084429213,0.0009876220747663705,36267.343981604776,9.185176557234136e-09,2.6641004202602293e-17,0.5423990962510616,8.180846133684082e-11,0.5790567026361804,0.42094329728201096,,6.115860728494697e-12,621319.7507540581,6.750850904642752e-09,2.434325652591384e-09,oxide,oxide,intact
3.980227267633167e-07,77269.49317137734,0.04876591062641319,46485.94190715861,5.988435045377506e-17,70178.13106520832,0.24390910739794652,89166.87694320086,0.004671708908270691,2.5497980180942467e-06,2347630.725190715,0.05959012527796784,0.06643097469105094,0.05374811568238834,0.3278839009109787,66.17168888815483,0.00020713262032488758,6.240750604302849e-10,9.622091292964862e+28,21477.185152343598,321181037981042.4,25058.88383970346,3.202834733706826e+16,48668.68486075869,1.1046104120367488e+27,28436.046284121243,1.6132712164536615e+27,776.139730526428,8.503274392513473e-06,48707.65593922945,8.031622742397505e-07,7911.039283179984,8.16035516080162e-05,98289.28839703827,0.0007027812120903595,10566.860641010717,1.617076568995641e-07,6.422632832201655e-16,0.49931323443813574,2.7844708629858107e-09,0.3022113051893429,0.6977886920261862,,2.085751066691633e-10,893312.7700981146,1.213936412782244e-07,4.0314015621339696e-08,metal,metal,intact
3.84575036778529e-07,78930.3636210426,0.03822316743198839,34411.08518299012,6.684215378870502e-17,70730.79410682996,0.13660185694017207,27567.02582636212,0.0018554649912580032,1.7403407673604155e-06,5677783.926318652,0.07421949146292367,0.09964401070720194,0.0621925702156881,0.4729933766191727,2.9106389458599677,0.0002983845536586924,7.203325765992773e-10,1.0112373301251686e+29,24059.68753131258,191838103344426.94,28731.647913772034,1.1960439776134918e+16,44573.99797702579,7.640466535270263e+27,37865.97637209361,3.872837228020611e+26,742.8476756426854,2.56084973570251e-06,57943.78158364749,9.335734270507123e-07,35286.47744547688,0.00010337907484964805,91802.10263774931,0.00032583652211499,24852.369935075683,5.4847269158441435e-08,4.760985477702277e-17,0.328431190772064,8.450459238387713e-10,0.5050260774242864,0.4949739217306676,,2.409303541473745e-11,616522.9031318416,3.3403920377433964e-08,2.144334878100747e-08,oxide,mixed,mixed
3.3883136922935414e-07,71790.74478477979,0.026252245811058613,26300.419020258036,1.1129602176296836e-17,69071.61238193089,0.0831151658119393,121016.41817493337,0.00412738583539726,1.3251243130020378e-06,277416.14632741234,0.07946473840233537,0.01948154696042807,0.028915465579994123,0.2248624963273637,59.55574618353362,0.00037171158567336516,4.813029581483435e-10,9.657533174052064e+28,18598.29015372805,680634371195414.5,25389.94223706916,2.2337868240149e+16,44563.92750745894,3.4757811591206364e+27,24145.49168005325,4.763063601475116e+26,1221.1881827709158,8.904541059218902e-06,56642.726618870336,4.190339741517869e-07,33672.23551414569,0.00010615871542739873,72721.29779134427,0.00045251992980090166,35260.11001494424,0.00024448822123171557,3.877006349156214e-12,0.18439533852722106,1.0967514166986186e-06,0.13313141400246956,0.8668674892461138,,8.481586366530603e-08,197991.7678526801,0.00020855026206348124,3.593795916823433e-05,metal,metal,intact
2.152828543057113e-07,77148.92512152431,0.013435759074466808,44657.28146178655,2.462967732682315e-17,69562.44897295606,0.19587078465661695,56728.2604895381,0.0029359308460228176,3.687030420574547e-06,3256140.882347515,0.04701553366132711,0.06269112729038202,0.027662121304926623,0.12920226038498311,78.3333641240805,0.00011718570607250661,5.14034695487488e-10,1.0228904666819403e+29,20916.779315619206,734391779082961.9,25544.0994256091,1.4362704507688978e+16,36741.53543377026,7.073411756462683e+27,38752.25077754649,7.233430650843104e+26,919.4136486343468,9.380554832830885e-06,53139.805003630085,2.611381171498038e-07,47037.103219292134,7.769694895161737e-05,75741.10982424808,0.0008464700383306421,25761.552375696723,1.0377089013432743e-06,2.0436487110600502e-15,0.19546625944098248,4.617932677217105e-09,0.5275502131237707,0.47244978225829676,,1.66155945238703e-09,183187.0822993939,6.584035557102273e-07,3.7930534563304704e-07,oxide,mixed,mixed
1.849524458349422e-07,76331.32622925569,0.061379722958543555,26201.499036391873,4.529494518472368e-17,69965.05527635141,0.2743733026502328,159281.5447619713,0.0014541391490768643,6.587415583989079e-06,419813.8710126258,0.07403403750542746,0.023263040137662387,0.04008309352249902,0.18768585939873977,28.785381201715218,0.00037809394269053335,7.2785113097957e-10,9.487743233322509e+28,22693.895985276577,29913753585576.93,26139.622962766593,3.3712155512263652e+16,49362.18094012833,1.649609651694615e+27,36261.82870713265,3.8429728399605145e+26,1004.5655923321117,8.340950729037966e-06,69547.29500134652,2.341978632988072e-07,37556.42425601033,9.84235533657833e-05,97084.25873735537,0.0009783027116526475,10253.2146805628,6.837736073842696e-05,8.778509021622331e-12,0.11745164037214414,9.102938793253948e-07,0.06381857507714477,0.936180514628976,,4.6813612220123035e-09,359614.51748879533,5.8369685215112836e-05,1.0007675523314127e-05,metal,metal,intact
9.458261389994295e-08,62281.90966823918,0.02549841987496147,47784.572554181635,5.532136621132413e-17,69559.4108842197,0.1469154906832203,140766.05560303287,0.0012803933650766969,5.031418173203598e-06,6307079.889103831,0.0441144758918301,0.0015279408559565645,0.04643290074990455,0.476162573245761,35.018549711339716,0.0003813834089113838,9.728236895888599e-10,8.266380757408502e+28,17525.41510560325,760096618065138.6,27304.32911752985,4.7402285578349224e+16,35759.02995445291,9.843420276454233e+26,36133.99592737548,1.7594641412224965e+27,909.6716882157128,5.414734347660489e-07,45249.73089415078,3.52697654743137e-07,15651.268682879427,0.00010999280536873226,91374.2966536015,0.0003919689621422944,31083.416983966257,1.8104828070164513e-05,1.4191966778243196e-13,0.48621720198109764,1.067871531103479e-07,0.21729322095560868,0.7827066722572383,,2.3528487941731733e-09,3590226.1209873427,1.5972849724286545e-05,2.131978345877968e-06,metal,metal,intact
4.6833521368111516e-08,66004.99087611122,0.0150278423116361,27486.49551992075,6.301710726296787e-17,69011.32332252634,0.2845506603180396,149010.5108550532,0.0037147794792523115,5.235223397604037e-06,5570038.109442068,0.097668870459877,0.08683719807924258,0.019712506501303944,0.07389597610322306,80.83407111917202,0.0004694050320765416,9.141059680971411e-10,1.0402585079929015e+29,24705.475908099997,465199495906290.75,28823.70512679553,8238843864734527.0,35256.63923436672,6.307776268057193e+27,37083.89437360251,8.293355046061903e+25,624.0315047678863,8.498109937426119e-06,42585.79022608476,8.447558064049992e-07,49940.91047596287,7.264207523585357e-05,97770.32078214333,0.0006832340154885412,25377.96368766214,4.4732304189650404e-10,8.423774631158659e-19,0.10082879630308483,1.7822146901097185e-10,0.42111226225074505,0.5788877375710334,,1.640108117885976e-12,334994.6910479945,2.2819312962736136e-10,2.1912991226914267e-10,metal,mixed,mixed
2.286862040315335e-07,68427.07503584186,0.07840170423415636,16027.624431121772,5.832794577493904e-17,69303.62375222117,0.11446599811573864,83875.32187307005,0.0018474028293356138,9.163518266441712e-06,8740296.50662921,0.004632303838068453,0.023053607770470188,0.040871575992496065,0.18628400178368987,16.005871757160378,0.00033998904893381085,3.1759645547514945e-10,9.16760177812801e+28,18776.574950238202,25751379216198.375,26732.842995780782,3.988880460428881e+16,44817.12129865222,1.953644241995834e+26,33776.49565630772,6.041851236902132e+26,1184.7353711003047,4.760400754572432e-06,52679.40525904166,4.608848283632249e-07,42658.79297446387,3.244686384457846e-05,90255.7023614836,0.0002175072646423298,20574.850294450895,0.0005214304345964809,9.12028608205688e-13,0.5279357293627105,1.1810281740257493e-06,0.7816891662713141,0.21830965270051167,,1.3097202086489876e-07,2989.257456397774,0.00026901092625663983,0.00025241950833984107,oxide,mixed,mixed
1.4066155117387888e-07,60865.45608660291,0.08837766307020829,47038.05774350348,1.1197647772012337e-17,69736.49467041343,0.30136833995990053,74448.44741740887,0.0016859626114946423,3.900533090035942e-06,5121000.933586643,0.0965850019297172,0.069321900768209,0.0032088842801327507,0.4009228159621709,5.140399141063287,0.00011334233597459568,6.095164840229334e-10,1.0404612538329418e+29,24239.25140286071,778263865215340.4,27615.501318485633,3.922339521684685e+16,47159.06567582289,9.829681305264464e+27,24264.49582203736,4.999141226930971e+26,1197.6958841190512,4.6193947661202245e-06,62494.93754447599,2.126540777425176e-07,18450.521110754853,7.75124526645296e-05,95664.28018981632,0.0001507317577103005,24738.414032377215,0.0002447162272230122,2.696748997340864e-13,0.4501180903275952,1.1065941051307535e-07,0.4743756852520529,0.5256242040885365,,1.0484843695967634e-08,76022.7419722386,0.00011418848546996955,0.00013052774175304263,metal,mixed,mixed
1.129653825684667e-07,66439.2213858585,0.014297458698798718,10451.401512315446,2.3103788657008868e-17,69053.69295707214,0.3870678832168957,159006.09268687703,0.0037549407399724696,3.4406105704954666e-06,1993583.9673431378,0.02239147268023541,0.08773236984722317,0.007208835574405583,0.017371878053597398,46.672953622414525,0.0004981201513881769,5.500203360870804e-10,1.1597845673707614e+29,21591.47642963306,57609713750648.06,29471.15379799097,5.1639497201336e+16,46358.37229209358,9.26284672881879e+27,33629.850979899245,2.163337691996009e+25,687.9734455901078,4.967433316805996e-06,58907.98328314087,2.678947807903308e-07,31132.451748127205,5.9416694616695e-05,96616.87008416136,0.0006306672726426908,12027.36808462662,4.026558196798404e-09,2.168599397558756e-17,0.13221979889218038,2.707940871062003e-10,0.3424971169060826,0.6575028828231234,,2.643199808776858e-12,676214.711665029,3.2844906677260706e-09,7.420675290723335e-10,metal,metal,intact
4.2485358199473317e-07,69773.44449789722,0.013613616797814683,42198.37051790283,1.5009546765959345e-17,70579.55341997431,0.19060817874103014,103697.63829574164,0.0022013674393059146,7.1367952377352614e-06,3394974.2834699196,0.025816901351900384,0.0025999051689381087,0.025403462434575304,0.3830371211992142,74.76294307448494,0.00026176020049617217,5.441305535949514e-10,1.0604868610558431e+29,22546.765878035323,258595951139846.2,29130.648067239392,5.169828808102761e+16,44077.33597054745,7.454465168608362e+27,20478.25165488284,1.924195356507764e+27,1040.0688727576583,8.847693046065319e-06,57682.26671350443,6.655588673931699e-08,44753.089779647475,4.901770288065749e-05,79478.80246323955,0.000629576200954405,29469.894889653435,2.598617271865647e-05,1.6959674987438138e-13,0.15800450043166067,2.0762115859823023e-08,0.49630225569830516,0.503697723539579,,1.0012870487388833e-08,669085.5203327063,2.309653924841666e-05,2.889633470239811e-06,metal,oxide,intact
3.4646854313624987e-07,63966.09192702656,0.050836102668282326,8163.506002180154,2.87039702540006e-17,69639.4733012314,0.2604903379245743,168835.748117219,0.0028787808055751006,8.168806153390808e-06,4096738.241785643,0.011023396803494383,0.09361260131875226,0.026443415148840736,0.4850004573205656,18.231873785406773,0.0002177070245332256,7.118324027583061e-10,8.984090633363824e+28,22618.802343665036,554025113562411.06,28932.702010091696,4676328813387971.0,46643.57369490368,4.472594050670223e+27,39648.133277663306,1.2131801881527228e+27,1217.173425623344,5.505141696806046e-06,48246.929866313025,2.2294741586442842e-07,25045.070022707776,0.00010286612132071774,88882.96378349191,0.0003610063239333977,38477.964886207694,0.0017834854825587911,9.077384564083637e-10,0.41214298865569815,3.780706293129912e-07,0.004675290754634104,0.9953243311747366,,5.034518042112225e-08,4051953.3084512386,0.0015490475265879384,0.0002344379559708527,metal,metal,intact
2.4680379009671305e-07,64983.348207036746,0.007239225600826861,18593.967641547548,6.415407163993188e-18,70391.11444091884,0.1869423023970867,122288.29729866984,0.00110949137414408,7.923072407187639e-06,6886116.111453974,0.055926836872833244,0.00508378320192271,0.07817313834983161,0.4599813461408506,94.19053864629213,0.00033247900496298125,9.546882504968345e-10,1.0906023575058025e+29,18454.1385050744,804543869564895.9,27839.450281813104,1.5137838006525272e+16,43963.09077388797,9.879200849550623e+27,32062.050517734217,1.973878408932769e+27,704.9888660349741,9.32610518116066e-06,62910.00968558772,5.617792049678608e-07,14987.62136600673,4.196059929003219e-05,93366.12155160139,0.0002319039969578062,28668.539880714932,8.420230265581029e-09,5.720432164910479e-18,0.4883174488527612,1.2517110097326877e-09,0.2878111607870668,0.7121888379612222,,1.3328202524975782e-11,6553.0336967466055,1.5809684653998943e-09,6.839261800181134e-09,metal,mixed,mixed
