Minute,Timestamp,Run1_Steps,Run1_Objective,Run1_Status,Run2_Steps,Run2_Objective,Run2_Status,Run3_Steps,Run3_Objective,Run3_Status,Run4_Steps,Run4_Objective,Run4_Status,Run5_Steps,Run5_Objective,Run5_Status,Best_Overall_Objective,Best_Run
1,07/14/2026 07:01,0
0,N/A,RUNNING,0
0,N/A,RUNNING,0
0,N/A,RUNNING,0
0,N/A,RUNNING,0
0,N/A,RUNNING,N/A,N/A
2,07/14/2026 07:02,7,-0.983636,RUNNING,7,-0.983636,RUNNING,7,-0.983636,RUNNING,7,-0.983636,RUNNING,7,-0.983636,RUNNING,-0.983636,Run1
3,07/14/2026 07:03,8,-0.983641,RUNNING,8,-0.983641,RUNNING,8,-0.983641,RUNNING,8,-0.983641,RUNNING,8,-0.983641,RUNNING,-0.983641,Run1
4,07/14/2026 07:04,8,-0.983641,RUNNING,8,-0.983641,RUNNING,8,-0.983641,RUNNING,8,-0.983641,RUNNING,8,-0.983641,RUNNING,-0.983641,Run1
5,07/14/2026 07:05,8,-0.983641,RUNNING,8,-0.983641,RUNNING,8,-0.983641,RUNNING,8,-0.983641,RUNNING,8,-0.983641,RUNNING,-0.983641,Run1
6,07/14/2026 07:06,8,-0.983641,RUNNING,8,-0.983641,RUNNING,8,-0.983641,RUNNING,8,-0.983641,RUNNING,8,-0.983641,RUNNING,-0.983641,Run1
7,07/14/2026 07:07,11,-0.984084,RUNNING,11,-0.984084,RUNNING,11,-0.984084,RUNNING,11,-0.984084,RUNNING,11,-0.984084,RUNNING,-0.984084,Run1
8,07/14/2026 07:08,18,-0.985557,RUNNING,18,-0.985557,RUNNING,18,-0.985557,RUNNING,18,-0.985557,RUNNING,18,-0.985557,RUNNING,-0.985557,Run1
9,07/14/2026 07:09,19,-0.985660,RUNNING,19,-0.985660,RUNNING,19,-0.985660,RUNNING,19,-0.985660,RUNNING,19,-0.985660,RUNNING,-0.985660,Run1
10,07/14/2026 07:10,19,-0.985660,RUNNING,19,-0.985660,RUNNING,19,-0.985660,RUNNING,19,-0.985660,RUNNING,19,-0.985660,RUNNING,-0.985660,Run1
11,07/14/2026 07:11,19,-0.985660,RUNNING,19,-0.985660,RUNNING,19,-0.985660,RUNNING,19,-0.985660,RUNNING,19,-0.985660,RUNNING,-0.985660,Run1
12,07/14/2026 07:12,19,-0.985660,RUNNING,19,-0.985660,RUNNING,19,-0.985660,RUNNING,19,-0.985660,RUNNING,19,-0.985660,RUNNING,-0.985660,Run1
13,07/14/2026 07:13,19,-0.985660,RUNNING,19,-0.985660,RUNNING,19,-0.985660,RUNNING,19,-0.985660,RUNNING,19,-0.985660,RUNNING,-0.985660,Run1
14,07/14/2026 07:14,19,-0.985660,RUNNING,19,-0.985660,RUNNING,19,-0.985660,RUNNING,19,-0.985660,RUNNING,19,-0.985660,RUNNING,-0.985660,Run1
15,07/14/2026 07:15,19,-0.985660,RUNNING,19,-0.985660,RUNNING,19,-0.985660,RUNNING,19,-0.985660,RUNNING,19,-0.985660,RUNNING,-0.985660,Run1
16,07/14/2026 07:16,19,-0.985660,RUNNING,19,-0.985660,RUNNING,19,-0.985660,RUNNING,19,-0.985660,RUNNING,19,-0.985660,RUNNING,-0.985660,Run1
17,07/14/2026 07:17,19,-0.985660,RUNNING,19,-0.985660,RUNNING,19,-0.985660,RUNNING,19,-0.985660,RUNNING,19,-0.985660,RUNNING,-0.985660,Run1
18,07/14/2026 07:18,19,-0.985660,RUNNING,19,-0.985660,RUNNING,19,-0.985660,RUNNING,19,-0.985660,RUNNING,19,-0.985660,RUNNING,-0.985660,Run1
19,07/14/2026 07:19,19,-0.985660,RUNNING,19,-0.985660,RUNNING,19,-0.985660,RUNNING,19,-0.985660,RUNNING,19,-0.985660,RUNNING,-0.985660,Run1
20,07/14/2026 07:20,19,-0.985660,RUNNING,19,-0.985660,RUNNING,19,-0.985660,RUNNING,19,-0.985660,RUNNING,19,-0.985660,RUNNING,-0.985660,Run1
21,07/14/2026 09:10,19,-0.985660,RUNNING,19,-0.985660,RUNNING,19,-0.985660,RUNNING,19,-0.985660,RUNNING,19,-0.985660,RUNNING,-0.985660,Run1
22,07/14/2026 09:11,19,-0.985660,RUNNING,19,-0.985660,RUNNING,19,-0.985660,RUNNING,19,-0.985660,RUNNING,19,-0.985660,RUNNING,-0.985660,Run1
23,07/14/2026 09:12,19,-0.985660,RUNNING,19,-0.985660,RUNNING,19,-0.985660,RUNNING,19,-0.985660,RUNNING,19,-0.985660,RUNNING,-0.985660,Run1
24,07/14/2026 09:13,19,-0.985660,RUNNING,19,-0.985660,RUNNING,19,-0.985660,RUNNING,19,-0.985660,RUNNING,19,-0.985660,RUNNING,-0.985660,Run1
25,07/14/2026 09:14,19,-0.985660,RUNNING,19,-0.985660,RUNNING,19,-0.985660,RUNNING,19,-0.985660,RUNNING,19,-0.985660,RUNNING,-0.985660,Run1
26,07/14/2026 09:15,19,-0.985660,RUNNING,19,-0.985660,RUNNING,19,-0.985660,RUNNING,19,-0.985660,RUNNING,19,-0.985660,RUNNING,-0.985660,Run1
27,07/14/2026 09:16,19,-0.985660,RUNNING,19,-0.985660,RUNNING,19,-0.985660,RUNNING,19,-0.985660,RUNNING,19,-0.985660,RUNNING,-0.985660,Run1
28,07/14/2026 09:17,19,-0.985660,RUNNING,19,-0.985660,RUNNING,19,-0.985660,RUNNING,19,-0.985660,RUNNING,19,-0.985660,RUNNING,-0.985660,Run1
29,07/14/2026 09:18,19,-0.985660,RUNNING,19,-0.985660,RUNNING,19,-0.985660,RUNNING,19,-0.985660,RUNNING,19,-0.985660,RUNNING,-0.985660,Run1
30,07/14/2026 09:19,19,-0.985660,RUNNING,19,-0.985660,RUNNING,19,-0.985660,RUNNING,19,-0.985660,RUNNING,19,-0.985660,RUNNING,-0.985660,Run1
31,07/14/2026 09:20,19,-0.985660,RUNNING,19,-0.985660,RUNNING,19,-0.985660,RUNNING,19,-0.985660,RUNNING,19,-0.985660,RUNNING,-0.985660,Run1
32,07/14/2026 09:21,19,-0.985660,RUNNING,19,-0.985660,RUNNING,19,-0.985660,RUNNING,19,-0.985660,RUNNING,19,-0.985660,RUNNING,-0.985660,Run1
33,07/14/2026 09:22,19,-0.985660,RUNNING,19,-0.985660,RUNNING,19,-0.985660,RUNNING,19,-0.985660,RUNNING,19,-0.985660,RUNNING,-0.985660,Run1
34,07/14/2026 09:23,19,-0.985660,RUNNING,19,-0.985660,RUNNING,19,-0.985660,RUNNING,19,-0.985660,RUNNING,19,-0.985660,RUNNING,-0.985660,Run1
35,07/14/2026 09:24,19,-0.985660,RUNNING,19,-0.985660,RUNNING,19,-0.985660,RUNNING,19,-0.985660,RUNNING,19,-0.985660,RUNNING,-0.985660,Run1
36,07/14/2026 09:25,19,-0.985660,RUNNING,19,-0.985660,RUNNING,19,-0.985660,RUNNING,19,-0.985660,RUNNING,19,-0.985660,RUNNING,-0.985660,Run1
37,07/14/2026 09:26,19,-0.985660,RUNNING,19,-0.985660,RUNNING,19,-0.985660,RUNNING,19,-0.985660,RUNNING,19,-0.985660,RUNNING,-0.985660,Run1
38,07/14/2026 09:27,19,-0.985660,RUNNING,19,-0.985660,RUNNING,19,-0.985660,RUNNING,19,-0.985660,RUNNING,19,-0.985660,RUNNING,-0.985660,Run1
39,07/14/2026 09:28,19,-0.985660,RUNNING,19,-0.985660,RUNNING,19,-0.985660,RUNNING,19,-0.985660,RUNNING,19,-0.985660,RUNNING,-0.985660,Run1
40,07/14/2026 09:29,19,-0.985660,RUNNING,19,-0.985660,RUNNING,19,-0.985660,RUNNING,19,-0.985660,RUNNING,19,-0.985660,RUNNING,-0.985660,Run1
41,07/14/2026 09:30,19,-0.985660,RUNNING,19,-0.985660,RUNNING,19,-0.985660,RUNNING,19,-0.985660,RUNNING,19,-0.985660,RUNNING,-0.985660,Run1
42,07/14/2026 09:31,19,-0.985660,RUNNING,19,-0.985660,RUNNING,19,-0.985660,RUNNING,19,-0.985660,RUNNING,19,-0.985660,RUNNING,-0.985660,Run1
43,07/14/2026 09:32,19,-0.985660,RUNNING,19,-0.985660,RUNNING,19,-0.985660,RUNNING,19,-0.985660,RUNNING,19,-0.985660,RUNNING,-0.985660,Run1
44,07/14/2026 09:33,19,-0.985660,RUNNING,19,-0.985660,RUNNING,19,-0.985660,RUNNING,19,-0.985660,RUNNING,19,-0.985660,RUNNING,-0.985660,Run1
45,07/14/2026 09:34,19,-0.985660,RUNNING,19,-0.985660,RUNNING,19,-0.985660,RUNNING,19,-0.985660,RUNNING,19,-0.985660,RUNNING,-0.985660,Run1
46,07/14/2026 09:35,19,-0.985660,RUNNING,19,-0.985660,RUNNING,19,-0.985660,RUNNING,19,-0.985660,RUNNING,19,-0.985660,RUNNING,-0.985660,Run1
47,07/14/2026 09:36,19,-0.985660,RUNNING,19,-0.985660,RUNNING,19,-0.985660,RUNNING,19,-0.985660,RUNNING,19,-0.985660,RUNNING,-0.985660,Run1
48,07/14/2026 09:37,19,-0.985660,RUNNING,19,-0.985660,RUNNING,19,-0.985660,RUNNING,19,-0.985660,RUNNING,19,-0.985660,RUNNING,-0.985660,Run1
49,07/14/2026 09:38,19,-0.985660,RUNNING,19,-0.985660,RUNNING,19,-0.985660,RUNNING,19,-0.985660,RUNNING,19,-0.985660,RUNNING,-0.985660,Run1
50,07/14/2026 09:39,19,-0.985660,RUNNING,19,-0.985660,RUNNING,19,-0.985660,RUNNING,19,-0.985660,RUNNING,19,-0.985660,RUNNING,-0.985660,Run1
51,07/14/2026 09:40,19,-0.985660,RUNNING,19,-0.985660,RUNNING,19,-0.985660,RUNNING,19,-0.985660,RUNNING,19,-0.985660,RUNNING,-0.985660,Run1
52,07/14/2026 09:41,19,-0.985660,RUNNING,19,-0.985660,RUNNING,19,-0.985660,RUNNING,19,-0.985660,RUNNING,19,-0.985660,RUNNING,-0.985660,Run1
53,07/14/2026 09:43,19,-0.985660,RUNNING,19,-0.985660,RUNNING,19,-0.985660,RUNNING,19,-0.985660,RUNNING,19,-0.985660,RUNNING,-0.985660,Run1
54,07/14/2026 09:44,19,-0.985660,RUNNING,19,-0.985660,RUNNING,19,-0.985660,RUNNING,19,-0.985660,RUNNING,19,-0.985660,RUNNING,-0.985660,Run1
55,07/14/2026 09:45,19,-0.985660,RUNNING,19,-0.985660,RUNNING,19,-0.985660,RUNNING,19,-0.985660,RUNNING,19,-0.985660,RUNNING,-0.985660,Run1
56,07/14/2026 09:46,19,-0.985660,RUNNING,19,-0.985660,RUNNING,19,-0.985660,RUNNING,19,-0.985660,RUNNING,19,-0.985660,RUNNING,-0.985660,Run1
57,07/14/2026 09:47,19,-0.985660,RUNNING,19,-0.985660,RUNNING,19,-0.985660,RUNNING,19,-0.985660,RUNNING,19,-0.985660,RUNNING,-0.985660,Run1
58,07/14/2026 09:48,19,-0.985660,RUNNING,19,-0.985660,RUNNING,19,-0.985660,RUNNING,19,-0.985660,RUNNING,19,-0.985660,RUNNING,-0.985660,Run1
59,07/14/2026 09:49,19,-0.985660,RUNNING,19,-0.985660,RUNNING,19,-0.985660,RUNNING,19,-0.985660,RUNNING,19,-0.985660,RUNNING,-0.985660,Run1
60,07/14/2026 09:50,19,-0.985660,RUNNING,19,-0.985660,RUNNING,19,-0.985660,RUNNING,19,-0.985660,RUNNING,19,-0.985660,RUNNING,-0.985660,Run1
61,07/14/2026 09:51,19,-0.985660,RUNNING,19,-0.985660,RUNNING,19,-0.985660,RUNNING,19,-0.985660,RUNNING,19,-0.985660,RUNNING,-0.985660,Run1
62,07/14/2026 09:52,19,-0.985660,RUNNING,19,-0.985660,RUNNING,19,-0.985660,RUNNING,19,-0.985660,RUNNING,19,-0.985660,RUNNING,-0.985660,Run1
63,07/14/2026 09:53,19,-0.985660,RUNNING,19,-0.985660,RUNNING,19,-0.985660,RUNNING,19,-0.985660,RUNNING,19,-0.985660,RUNNING,-0.985660,Run1
64,07/14/2026 09:54,19,-0.985660,RUNNING,19,-0.985660,RUNNING,19,-0.985660,RUNNING,19,-0.985660,RUNNING,19,-0.985660,RUNNING,-0.985660,Run1
65,07/14/2026 09:55,19,-0.985660,RUNNING,19,-0.985660,RUNNING,19,-0.985660,RUNNING,19,-0.985660,RUNNING,19,-0.985660,RUNNING,-0.985660,Run1
66,07/14/2026 09:56,19,-0.985660,RUNNING,19,-0.985660,RUNNING,19,-0.985660,RUNNING,19,-0.985660,RUNNING,19,-0.985660,RUNNING,-0.985660,Run1
67,07/14/2026 09:57,19,-0.985660,RUNNING,19,-0.985660,RUNNING,19,-0.985660,RUNNING,19,-0.985660,RUNNING,19,-0.985660,RUNNING,-0.985660,Run1
68,07/14/2026 09:58,19,-0.985660,RUNNING,19,-0.985660,RUNNING,19,-0.985660,RUNNING,19,-0.985660,RUNNING,19,-0.985660,RUNNING,-0.985660,Run1
69,07/14/2026 09:59,19,-0.985660,RUNNING,19,-0.985660,RUNNING,19,-0.985660,RUNNING,19,-0.985660,RUNNING,19,-0.985660,RUNNING,-0.985660,Run1
70,07/14/2026 10:00,19,-0.985660,RUNNING,19,-0.985660,RUNNING,19,-0.985660,RUNNING,19,-0.985660,RUNNING,19,-0.985660,RUNNING,-0.985660,Run1
71,07/14/2026 10:01,19,-0.985660,RUNNING,19,-0.985660,RUNNING,19,-0.985660,RUNNING,19,-0.985660,RUNNING,19,-0.985660,RUNNING,-0.985660,Run1
72,07/14/2026 10:02,19,-0.985660,RUNNING,19,-0.985660,RUNNING,19,-0.985660,RUNNING,19,-0.985660,RUNNING,19,-0.985660,RUNNING,-0.985660,Run1
73,07/14/2026 10:03,19,-0.985660,RUNNING,19,-0.985660,RUNNING,19,-0.985660,RUNNING,19,-0.985660,RUNNING,19,-0.985660,RUNNING,-0.985660,Run1
74,07/14/2026 10:04,19,-0.985660,RUNNING,19,-0.985660,RUNNING,19,-0.985660,RUNNING,19,-0.985660,RUNNING,19,-0.985660,RUNNING,-0.985660,Run1
75,07/14/2026 10:05,19,-0.985660,RUNNING,19,-0.985660,RUNNING,19,-0.985660,RUNNING,19,-0.985660,RUNNING,19,-0.985660,RUNNING,-0.985660,Run1
76,07/14/2026 10:06,19,-0.985660,RUNNING,19,-0.985660,RUNNING,19,-0.985660,RUNNING,19,-0.985660,RUNNING,19,-0.985660,RUNNING,-0.985660,Run1
77,07/14/2026 10:07,19,-0.985660,RUNNING,19,-0.985660,RUNNING,19,-0.985660,RUNNING,19,-0.985660,RUNNING,19,-0.985660,RUNNING,-0.985660,Run1
78,07/14/2026 10:08,19,-0.985660,RUNNING,19,-0.985660,RUNNING,19,-0.985660,RUNNING,19,-0.985660,RUNNING,19,-0.985660,RUNNING,-0.985660,Run1
79,07/14/2026 10:09,19,-0.985660,RUNNING,19,-0.985660,RUNNING,19,-0.985660,RUNNING,19,-0.985660,RUNNING,19,-0.985660,RUNNING,-0.985660,Run1
80,07/14/2026 10:10,19,-0.985660,RUNNING,19,-0.985660,RUNNING,19,-0.985660,RUNNING,19,-0.985660,RUNNING,19,-0.985660,RUNNING,-0.985660,Run1
81,07/14/2026 10:11,19,-0.985660,RUNNING,19,-0.985660,RUNNING,19,-0.985660,RUNNING,19,-0.985660,RUNNING,19,-0.985660,RUNNING,-0.985660,Run1
82,07/14/2026 10:12,19,-0.985660,RUNNING,19,-0.985660,RUNNING,19,-0.985660,RUNNING,19,-0.985660,RUNNING,19,-0.985660,RUNNING,-0.985660,Run1
83,07/14/2026 10:13,19,-0.985660,RUNNING,19,-0.985660,RUNNING,19,-0.985660,RUNNING,19,-0.985660,RUNNING,19,-0.985660,RUNNING,-0.985660,Run1
84,07/14/2026 10:14,19,-0.985660,RUNNING,19,-0.985660,RUNNING,19,-0.985660,RUNNING,19,-0.985660,RUNNING,19,-0.985660,RUNNING,-0.985660,Run1
85,07/14/2026 10:15,19,-0.985660,RUNNING,19,-0.985660,RUNNING,19,-0.985660,RUNNING,19,-0.985660,RUNNING,19,-0.985660,RUNNING,-0.985660,Run1
86,07/14/2026 10:16,20,-0.985743,RUNNING,20,-0.985743,RUNNING,20,-0.985743,RUNNING,20,-0.985743,RUNNING,20,-0.985743,RUNNING,-0.985743,Run1
87,07/14/2026 10:17,22,-0.986019,RUNNING,22,-0.986019,RUNNING,22,-0.986019,RUNNING,22,-0.986019,RUNNING,22,-0.986019,RUNNING,-0.986019,Run1
88,07/14/2026 10:18,22,-0.986019,RUNNING,22,-0.986019,RUNNING,22,-0.986019,RUNNING,22,-0.986019,RUNNING,22,-0.986019,RUNNING,-0.986019,Run1
89,07/14/2026 10:19,24,-0.986357,RUNNING,24,-0.986357,RUNNING,24,-0.986357,RUNNING,24,-0.986357,RUNNING,24,-0.986357,RUNNING,-0.986357,Run1
90,07/14/2026 10:20,24,-0.986357,RUNNING,24,-0.986357,RUNNING,24,-0.986357,RUNNING,24,-0.986357,RUNNING,24,-0.986357,RUNNING,-0.986357,Run1
91,07/14/2026 10:21,24,-0.986357,RUNNING,24,-0.986357,RUNNING,24,-0.986357,RUNNING,24,-0.986357,RUNNING,24,-0.986357,RUNNING,-0.986357,Run1
92,07/14/2026 10:22,24,-0.986357,RUNNING,24,-0.986357,RUNNING,24,-0.986357,RUNNING,24,-0.986357,RUNNING,24,-0.986357,RUNNING,-0.986357,Run1
93,07/14/2026 10:23,24,-0.986357,RUNNING,24,-0.986357,RUNNING,24,-0.986357,RUNNING,24,-0.986357,RUNNING,24,-0.986357,RUNNING,-0.986357,Run1
94,07/14/2026 10:24,24,-0.986357,RUNNING,24,-0.986357,RUNNING,24,-0.986357,RUNNING,24,-0.986357,RUNNING,24,-0.986357,RUNNING,-0.986357,Run1
95,07/14/2026 10:26,24,-0.986357,RUNNING,24,-0.986357,RUNNING,24,-0.986357,RUNNING,24,-0.986357,RUNNING,24,-0.986357,RUNNING,-0.986357,Run1
96,07/14/2026 10:27,24,-0.986357,RUNNING,24,-0.986357,RUNNING,24,-0.986357,RUNNING,24,-0.986357,RUNNING,24,-0.986357,RUNNING,-0.986357,Run1
97,07/14/2026 10:28,24,-0.986357,RUNNING,24,-0.986357,RUNNING,24,-0.986357,RUNNING,24,-0.986357,RUNNING,24,-0.986357,RUNNING,-0.986357,Run1
98,07/14/2026 10:29,24,-0.986357,RUNNING,24,-0.986357,RUNNING,24,-0.986357,RUNNING,24,-0.986357,RUNNING,24,-0.986357,RUNNING,-0.986357,Run1
99,07/14/2026 10:30,24,-0.986357,RUNNING,24,-0.986357,RUNNING,24,-0.986357,RUNNING,24,-0.986357,RUNNING,24,-0.986357,RUNNING,-0.986357,Run1
100,07/14/2026 10:31,24,-0.986357,RUNNING,24,-0.986357,RUNNING,24,-0.986357,RUNNING,24,-0.986357,RUNNING,24,-0.986357,RUNNING,-0.986357,Run1
101,07/14/2026 10:32,24,-0.986357,RUNNING,24,-0.986357,RUNNING,24,-0.986357,RUNNING,24,-0.986357,RUNNING,24,-0.986357,RUNNING,-0.986357,Run1
102,07/14/2026 10:33,24,-0.986357,RUNNING,24,-0.986357,RUNNING,24,-0.986357,RUNNING,24,-0.986357,RUNNING,24,-0.986357,RUNNING,-0.986357,Run1
103,07/14/2026 10:34,24,-0.986357,RUNNING,24,-0.986357,RUNNING,24,-0.986357,RUNNING,24,-0.986357,RUNNING,24,-0.986357,RUNNING,-0.986357,Run1
104,07/14/2026 10:35,24,-0.986357,RUNNING,24,-0.986357,RUNNING,24,-0.986357,RUNNING,24,-0.986357,RUNNING,24,-0.986357,RUNNING,-0.986357,Run1
105,07/14/2026 10:36,24,-0.986357,RUNNING,24,-0.986357,RUNNING,24,-0.986357,RUNNING,24,-0.986357,RUNNING,24,-0.986357,RUNNING,-0.986357,Run1
106,07/14/2026 10:37,24,-0.986357,RUNNING,24,-0.986357,RUNNING,24,-0.986357,RUNNING,24,-0.986357,RUNNING,24,-0.986357,RUNNING,-0.986357,Run1
107,07/14/2026 10:38,24,-0.986357,RUNNING,24,-0.986357,RUNNING,24,-0.986357,RUNNING,24,-0.986357,RUNNING,24,-0.986357,RUNNING,-0.986357,Run1
108,07/14/2026 10:39,24,-0.986357,RUNNING,24,-0.986357,RUNNING,24,-0.986357,RUNNING,24,-0.986357,RUNNING,24,-0.986357,RUNNING,-0.986357,Run1
109,07/14/2026 10:40,24,-0.986357,RUNNING,24,-0.986357,RUNNING,24,-0.986357,RUNNING,24,-0.986357,RUNNING,24,-0.986357,RUNNING,-0.986357,Run1
110,07/14/2026 10:41,24,-0.986357,RUNNING,24,-0.986357,RUNNING,24,-0.986357,RUNNING,24,-0.986357,RUNNING,24,-0.986357,RUNNING,-0.986357,Run1
111,07/14/2026 10:42,24,-0.986357,RUNNING,24,-0.986357,RUNNING,24,-0.986357,RUNNING,24,-0.986357,RUNNING,24,-0.986357,RUNNING,-0.986357,Run1
112,07/14/2026 10:43,24,-0.986357,RUNNING,24,-0.986357,RUNNING,24,-0.986357,RUNNING,24,-0.986357,RUNNING,24,-0.986357,RUNNING,-0.986357,Run1
113,07/14/2026 10:44,24,-0.986357,RUNNING,24,-0.986357,RUNNING,24,-0.986357,RUNNING,24,-0.986357,RUNNING,24,-0.986357,RUNNING,-0.986357,Run1
114,07/14/2026 10:45,24,-0.986357,RUNNING,24,-0.986357,RUNNING,24,-0.986357,RUNNING,24,-0.986357,RUNNING,24,-0.986357,RUNNING,-0.986357,Run1
115,07/14/2026 10:46,24,-0.986357,RUNNING,24,-0.986357,RUNNING,24,-0.986357,RUNNING,24,-0.986357,RUNNING,24,-0.986357,RUNNING,-0.986357,Run1
116,07/14/2026 10:47,24,-0.986357,RUNNING,24,-0.986357,RUNNING,24,-0.986357,RUNNING,24,-0.986357,RUNNING,24,-0.986357,RUNNING,-0.986357,Run1
117,07/14/2026 10:48,24,-0.986357,RUNNING,24,-0.986357,RUNNING,24,-0.986357,RUNNING,24,-0.986357,RUNNING,24,-0.986357,RUNNING,-0.986357,Run1
118,07/14/2026 10:49,24,-0.986357,RUNNING,24,-0.986357,RUNNING,24,-0.986357,RUNNING,24,-0.986357,RUNNING,24,-0.986357,RUNNING,-0.986357,Run1
119,07/14/2026 10:50,24,-0.986357,RUNNING,24,-0.986357,RUNNING,24,-0.986357,RUNNING,24,-0.986357,RUNNING,24,-0.986357,RUNNING,-0.986357,Run1
120,07/14/2026 10:51,24,-0.986357,RUNNING,24,-0.986357,RUNNING,24,-0.986357,RUNNING,24,-0.986357,RUNNING,24,-0.986357,RUNNING,-0.986357,Run1
121,07/14/2026 10:52,24,-0.986357,RUNNING,24,-0.986357,RUNNING,24,-0.986357,RUNNING,24,-0.986357,RUNNING,24,-0.986357,RUNNING,-0.986357,Run1
122,07/14/2026 10:53,24,-0.986357,RUNNING,24,-0.986357,RUNNING,24,-0.986357,RUNNING,24,-0.986357,RUNNING,24,-0.986357,RUNNING,-0.986357,Run1
123,07/14/2026 10:54,24,-0.986357,RUNNING,24,-0.986357,RUNNING,24,-0.986357,RUNNING,24,-0.986357,RUNNING,24,-0.986357,RUNNING,-0.986357,Run1
124,07/14/2026 10:55,24,-0.986357,RUNNING,24,-0.986357,RUNNING,24,-0.986357,RUNNING,24,-0.986357,RUNNING,24,-0.986357,RUNNING,-0.986357,Run1
125,07/14/2026 10:56,24,-0.986357,RUNNING,24,-0.986357,RUNNING,24,-0.986357,RUNNING,24,-0.986357,RUNNING,24,-0.986357,RUNNING,-0.986357,Run1
126,07/14/2026 10:57,24,-0.986357,RUNNING,24,-0.986357,RUNNING,24,-0.986357,RUNNING,24,-0.986357,RUNNING,24,-0.986357,RUNNING,-0.986357,Run1
127,07/14/2026 10:58,24,-0.986357,RUNNING,24,-0.986357,RUNNING,24,-0.986357,RUNNING,24,-0.986357,RUNNING,24,-0.986357,RUNNING,-0.986357,Run1
128,07/14/2026 10:59,24,-0.986357,RUNNING,24,-0.986357,RUNNING,24,-0.986357,RUNNING,24,-0.986357,RUNNING,24,-0.986357,RUNNING,-0.986357,Run1
129,07/14/2026 11:00,24,-0.986357,RUNNING,24,-0.986357,RUNNING,24,-0.986357,RUNNING,24,-0.986357,RUNNING,24,-0.986357,RUNNING,-0.986357,Run1
130,07/14/2026 11:01,24,-0.986357,RUNNING,24,-0.986357,RUNNING,24,-0.986357,RUNNING,24,-0.986357,RUNNING,24,-0.986357,RUNNING,-0.986357,Run1
131,07/14/2026 11:02,24,-0.986357,RUNNING,24,-0.986357,RUNNING,24,-0.986357,RUNNING,24,-0.986357,RUNNING,24,-0.986357,RUNNING,-0.986357,Run1
132,07/14/2026 11:04,24,-0.986357,RUNNING,24,-0.986357,RUNNING,24,-0.986357,RUNNING,24,-0.986357,RUNNING,24,-0.986357,RUNNING,-0.986357,Run1
133,07/14/2026 11:05,24,-0.986357,RUNNING,24,-0.986357,RUNNING,24,-0.986357,RUNNING,24,-0.986357,RUNNING,24,-0.986357,RUNNING,-0.986357,Run1
134,07/14/2026 11:06,24,-0.986357,RUNNING,24,-0.986357,RUNNING,24,-0.986357,RUNNING,24,-0.986357,RUNNING,24,-0.986357,RUNNING,-0.986357,Run1
135,07/14/2026 11:07,24,-0.986357,RUNNING,24,-0.986357,RUNNING,24,-0.986357,RUNNING,24,-0.986357,RUNNING,24,-0.986357,RUNNING,-0.986357,Run1
136,07/14/2026 11:08,24,-0.986357,RUNNING,24,-0.986357,RUNNING,24,-0.986357,RUNNING,24,-0.986357,RUNNING,24,-0.986357,RUNNING,-0.986357,Run1
137,07/14/2026 11:09,24,-0.986357,RUNNING,24,-0.986357,RUNNING,24,-0.986357,RUNNING,24,-0.986357,RUNNING,24,-0.986357,RUNNING,-0.986357,Run1
138,07/14/2026 11:10,24,-0.986357,RUNNING,24,-0.986357,RUNNING,24,-0.986357,RUNNING,24,-0.986357,RUNNING,24,-0.986357,RUNNING,-0.986357,Run1
139,07/14/2026 11:11,24,-0.986357,RUNNING,24,-0.986357,RUNNING,24,-0.986357,RUNNING,24,-0.986357,RUNNING,24,-0.986357,RUNNING,-0.986357,Run1
140,07/14/2026 11:12,24,-0.986357,RUNNING,24,-0.986357,RUNNING,24,-0.986357,RUNNING,24,-0.986357,RUNNING,24,-0.986357,RUNNING,-0.986357,Run1
141,07/14/2026 11:13,24,-0.986357,RUNNING,24,-0.986357,RUNNING,24,-0.986357,RUNNING,24,-0.986357,RUNNING,24,-0.986357,RUNNING,-0.986357,Run1
142,07/14/2026 11:14,24,-0.986357,RUNNING,24,-0.986357,RUNNING,24,-0.986357,RUNNING,24,-0.986357,RUNNING,24,-0.986357,RUNNING,-0.986357,Run1
143,07/14/2026 11:15,24,-0.986357,RUNNING,24,-0.986357,RUNNING,24,-0.986357,RUNNING,24,-0.986357,RUNNING,24,-0.986357,RUNNING,-0.986357,Run1
144,07/14/2026 11:16,24,-0.986357,RUNNING,24,-0.986357,RUNNING,24,-0.986357,RUNNING,24,-0.986357,RUNNING,24,-0.986357,RUNNING,-0.986357,Run1
145,07/14/2026 11:17,24,-0.986357,RUNNING,24,-0.986357,RUNNING,24,-0.986357,RUNNING,24,-0.986357,RUNNING,24,-0.986357,RUNNING,-0.986357,Run1
146,07/14/2026 11:18,24,-0.986357,RUNNING,24,-0.986357,RUNNING,24,-0.986357,RUNNING,24,-0.986357,RUNNING,24,-0.986357,RUNNING,-0.986357,Run1
147,07/14/2026 11:19,24,-0.986357,RUNNING,24,-0.986357,RUNNING,24,-0.986357,RUNNING,24,-0.986357,RUNNING,24,-0.986357,RUNNING,-0.986357,Run1
148,07/14/2026 11:20,24,-0.986357,RUNNING,24,-0.986357,RUNNING,24,-0.986357,RUNNING,24,-0.986357,RUNNING,24,-0.986357,RUNNING,-0.986357,Run1
149,07/14/2026 11:21,24,-0.986357,RUNNING,24,-0.986357,RUNNING,24,-0.986357,RUNNING,24,-0.986357,RUNNING,24,-0.986357,RUNNING,-0.986357,Run1
150,07/14/2026 11:22,24,-0.986357,RUNNING,24,-0.986357,RUNNING,24,-0.986357,RUNNING,24,-0.986357,RUNNING,24,-0.986357,RUNNING,-0.986357,Run1
151,07/14/2026 11:23,24,-0.986357,RUNNING,24,-0.986357,RUNNING,24,-0.986357,RUNNING,24,-0.986357,RUNNING,24,-0.986357,RUNNING,-0.986357,Run1
152,07/14/2026 11:24,24,-0.986357,RUNNING,24,-0.986357,RUNNING,24,-0.986357,RUNNING,24,-0.986357,RUNNING,24,-0.986357,RUNNING,-0.986357,Run1
153,07/14/2026 11:25,24,-0.986357,RUNNING,24,-0.986357,RUNNING,24,-0.986357,RUNNING,24,-0.986357,RUNNING,24,-0.986357,RUNNING,-0.986357,Run1
154,07/14/2026 11:26,25,-0.986376,RUNNING,24,-0.986357,RUNNING,24,-0.986357,RUNNING,24,-0.986357,RUNNING,24,-0.986357,RUNNING,-0.986376,Run1
155,07/14/2026 11:27,26,-0.986445,RUNNING,26,-0.986445,RUNNING,26,-0.986445,RUNNING,26,-0.986445,RUNNING,26,-0.986445,RUNNING,-0.986445,Run1
156,07/14/2026 11:28,26,-0.986445,RUNNING,26,-0.986445,RUNNING,26,-0.986445,RUNNING,26,-0.986445,RUNNING,26,-0.986445,RUNNING,-0.986445,Run1
157,07/14/2026 11:29,26,-0.986445,RUNNING,26,-0.986445,RUNNING,26,-0.986445,RUNNING,26,-0.986445,RUNNING,26,-0.986445,RUNNING,-0.986445,Run1
158,07/14/2026 11:30,26,-0.986445,RUNNING,26,-0.986445,RUNNING,26,-0.986445,RUNNING,26,-0.986445,RUNNING,26,-0.986445,RUNNING,-0.986445,Run1
159,07/14/2026 11:31,26,-0.986445,RUNNING,26,-0.986445,RUNNING,26,-0.986445,RUNNING,26,-0.986445,RUNNING,26,-0.986445,RUNNING,-0.986445,Run1
160,07/14/2026 11:32,26,-0.986445,RUNNING,26,-0.986445,RUNNING,26,-0.986445,RUNNING,26,-0.986445,RUNNING,26,-0.986445,RUNNING,-0.986445,Run1
161,07/14/2026 11:33,26,-0.986445,RUNNING,26,-0.986445,RUNNING,26,-0.986445,RUNNING,26,-0.986445,RUNNING,26,-0.986445,RUNNING,-0.986445,Run1
162,07/14/2026 11:34,26,-0.986445,RUNNING,26,-0.986445,RUNNING,26,-0.986445,RUNNING,26,-0.986445,RUNNING,26,-0.986445,RUNNING,-0.986445,Run1
163,07/14/2026 11:35,26,-0.986445,RUNNING,26,-0.986445,RUNNING,26,-0.986445,RUNNING,26,-0.986445,RUNNING,26,-0.986445,RUNNING,-0.986445,Run1
164,07/14/2026 11:36,26,-0.986445,RUNNING,26,-0.986445,RUNNING,26,-0.986445,RUNNING,26,-0.986445,RUNNING,26,-0.986445,RUNNING,-0.986445,Run1
165,07/14/2026 11:37,26,-0.986445,RUNNING,26,-0.986445,RUNNING,26,-0.986445,RUNNING,26,-0.986445,RUNNING,26,-0.986445,RUNNING,-0.986445,Run1
166,07/14/2026 11:38,26,-0.986445,RUNNING,26,-0.986445,RUNNING,26,-0.986445,RUNNING,26,-0.986445,RUNNING,26,-0.986445,RUNNING,-0.986445,Run1
167,07/14/2026 11:40,26,-0.986445,RUNNING,26,-0.986445,RUNNING,26,-0.986445,RUNNING,26,-0.986445,RUNNING,26,-0.986445,RUNNING,-0.986445,Run1
168,07/14/2026 11:41,26,-0.986445,RUNNING,26,-0.986445,RUNNING,26,-0.986445,RUNNING,26,-0.986445,RUNNING,26,-0.986445,RUNNING,-0.986445,Run1
169,07/14/2026 11:42,26,-0.986445,RUNNING,26,-0.986445,RUNNING,26,-0.986445,RUNNING,26,-0.986445,RUNNING,26,-0.986445,RUNNING,-0.986445,Run1
170,07/14/2026 11:43,26,-0.986445,RUNNING,26,-0.986445,RUNNING,26,-0.986445,RUNNING,26,-0.986445,RUNNING,26,-0.986445,RUNNING,-0.986445,Run1
171,07/14/2026 11:44,26,-0.986445,RUNNING,26,-0.986445,RUNNING,26,-0.986445,RUNNING,26,-0.986445,RUNNING,26,-0.986445,RUNNING,-0.986445,Run1
172,07/14/2026 11:45,26,-0.986445,RUNNING,26,-0.986445,RUNNING,26,-0.986445,RUNNING,26,-0.986445,RUNNING,26,-0.986445,RUNNING,-0.986445,Run1
173,07/14/2026 11:46,26,-0.986445,RUNNING,26,-0.986445,RUNNING,26,-0.986445,RUNNING,26,-0.986445,RUNNING,26,-0.986445,RUNNING,-0.986445,Run1
174,07/14/2026 11:47,26,-0.986445,RUNNING,26,-0.986445,RUNNING,26,-0.986445,RUNNING,26,-0.986445,RUNNING,26,-0.986445,RUNNING,-0.986445,Run1
175,07/14/2026 11:48,26,-0.986445,RUNNING,26,-0.986445,RUNNING,26,-0.986445,RUNNING,26,-0.986445,RUNNING,26,-0.986445,RUNNING,-0.986445,Run1
176,07/14/2026 11:49,26,-0.986445,RUNNING,26,-0.986445,RUNNING,26,-0.986445,RUNNING,26,-0.986445,RUNNING,26,-0.986445,RUNNING,-0.986445,Run1
177,07/14/2026 11:50,26,-0.986445,RUNNING,26,-0.986445,RUNNING,26,-0.986445,RUNNING,26,-0.986445,RUNNING,26,-0.986445,RUNNING,-0.986445,Run1
178,07/14/2026 11:51,26,-0.986445,RUNNING,26,-0.986445,RUNNING,26,-0.986445,RUNNING,26,-0.986445,RUNNING,26,-0.986445,RUNNING,-0.986445,Run1
179,07/14/2026 11:52,26,-0.986445,RUNNING,26,-0.986445,RUNNING,26,-0.986445,RUNNING,26,-0.986445,RUNNING,26,-0.986445,RUNNING,-0.986445,Run1
180,07/14/2026 11:53,26,-0.986445,RUNNING,26,-0.986445,RUNNING,26,-0.986445,RUNNING,26,-0.986445,RUNNING,26,-0.986445,RUNNING,-0.986445,Run1
181,07/14/2026 11:54,26,-0.986445,RUNNING,26,-0.986445,RUNNING,26,-0.986445,RUNNING,26,-0.986445,RUNNING,26,-0.986445,RUNNING,-0.986445,Run1
182,07/14/2026 11:55,26,-0.986445,RUNNING,26,-0.986445,RUNNING,26,-0.986445,RUNNING,26,-0.986445,RUNNING,26,-0.986445,RUNNING,-0.986445,Run1
183,07/14/2026 11:56,26,-0.986445,RUNNING,26,-0.986445,RUNNING,26,-0.986445,RUNNING,26,-0.986445,RUNNING,26,-0.986445,RUNNING,-0.986445,Run1
184,07/14/2026 11:57,26,-0.986445,RUNNING,26,-0.986445,RUNNING,26,-0.986445,RUNNING,26,-0.986445,RUNNING,26,-0.986445,RUNNING,-0.986445,Run1
185,07/14/2026 11:58,26,-0.986445,RUNNING,26,-0.986445,RUNNING,26,-0.986445,RUNNING,26,-0.986445,RUNNING,26,-0.986445,RUNNING,-0.986445,Run1
186,07/14/2026 11:59,26,-0.986445,RUNNING,26,-0.986445,RUNNING,26,-0.986445,RUNNING,26,-0.986445,RUNNING,26,-0.986445,RUNNING,-0.986445,Run1
187,07/14/2026 12:00,26,-0.986445,RUNNING,26,-0.986445,RUNNING,26,-0.986445,RUNNING,26,-0.986445,RUNNING,26,-0.986445,RUNNING,-0.986445,Run1
188,07/14/2026 12:01,26,-0.986445,RUNNING,26,-0.986445,RUNNING,26,-0.986445,RUNNING,26,-0.986445,RUNNING,26,-0.986445,RUNNING,-0.986445,Run1
189,07/14/2026 12:02,26,-0.986445,RUNNING,26,-0.986445,RUNNING,26,-0.986445,RUNNING,26,-0.986445,RUNNING,26,-0.986445,RUNNING,-0.986445,Run1
190,07/14/2026 12:03,26,-0.986445,RUNNING,26,-0.986445,RUNNING,26,-0.986445,RUNNING,26,-0.986445,RUNNING,26,-0.986445,RUNNING,-0.986445,Run1
191,07/14/2026 12:04,26,-0.986445,RUNNING,26,-0.986445,RUNNING,26,-0.986445,RUNNING,26,-0.986445,RUNNING,26,-0.986445,RUNNING,-0.986445,Run1
192,07/14/2026 12:05,26,-0.986445,RUNNING,26,-0.986445,RUNNING,26,-0.986445,RUNNING,26,-0.986445,RUNNING,26,-0.986445,RUNNING,-0.986445,Run1
193,07/14/2026 12:06,26,-0.986445,RUNNING,26,-0.986445,RUNNING,26,-0.986445,RUNNING,26,-0.986445,RUNNING,26,-0.986445,RUNNING,-0.986445,Run1
194,07/14/2026 12:07,26,-0.986445,RUNNING,26,-0.986445,RUNNING,26,-0.986445,RUNNING,26,-0.986445,RUNNING,26,-0.986445,RUNNING,-0.986445,Run1
195,07/14/2026 12:08,26,-0.986445,RUNNING,26,-0.986445,RUNNING,26,-0.986445,RUNNING,26,-0.986445,RUNNING,26,-0.986445,RUNNING,-0.986445,Run1
196,07/14/2026 12:09,26,-0.986445,RUNNING,26,-0.986445,RUNNING,26,-0.986445,RUNNING,26,-0.986445,RUNNING,26,-0.986445,RUNNING,-0.986445,Run1
197,07/14/2026 12:10,26,-0.986445,RUNNING,26,-0.986445,RUNNING,26,-0.986445,RUNNING,26,-0.986445,RUNNING,26,-0.986445,RUNNING,-0.986445,Run1
198,07/14/2026 12:11,26,-0.986445,RUNNING,26,-0.986445,RUNNING,26,-0.986445,RUNNING,26,-0.986445,RUNNING,26,-0.986445,RUNNING,-0.986445,Run1
199,07/14/2026 12:12,26,-0.986445,RUNNING,26,-0.986445,RUNNING,26,-0.986445,RUNNING,26,-0.986445,RUNNING,26,-0.986445,RUNNING,-0.986445,Run1
200,07/14/2026 12:13,26,-0.986445,RUNNING,26,-0.986445,RUNNING,26,-0.986445,RUNNING,26,-0.986445,RUNNING,26,-0.986445,RUNNING,-0.986445,Run1
201,07/14/2026 12:14,26,-0.986445,RUNNING,26,-0.986445,RUNNING,26,-0.986445,RUNNING,26,-0.986445,RUNNING,26,-0.986445,RUNNING,-0.986445,Run1
202,07/14/2026 12:15,26,-0.986445,RUNNING,26,-0.986445,RUNNING,26,-0.986445,RUNNING,26,-0.986445,RUNNING,26,-0.986445,RUNNING,-0.986445,Run1
203,07/14/2026 12:16,26,-0.986445,RUNNING,26,-0.986445,RUNNING,26,-0.986445,RUNNING,26,-0.986445,RUNNING,26,-0.986445,RUNNING,-0.986445,Run1
204,07/14/2026 12:18,26,-0.986445,RUNNING,26,-0.986445,RUNNING,26,-0.986445,RUNNING,26,-0.986445,RUNNING,26,-0.986445,RUNNING,-0.986445,Run1
205,07/14/2026 12:19,26,-0.986445,RUNNING,26,-0.986445,RUNNING,26,-0.986445,RUNNING,26,-0.986445,RUNNING,26,-0.986445,RUNNING,-0.986445,Run1
206,07/14/2026 12:20,26,-0.986445,RUNNING,26,-0.986445,RUNNING,26,-0.986445,RUNNING,26,-0.986445,RUNNING,26,-0.986445,RUNNING,-0.986445,Run1
207,07/14/2026 12:21,26,-0.986445,RUNNING,26,-0.986445,RUNNING,26,-0.986445,RUNNING,26,-0.986445,RUNNING,26,-0.986445,RUNNING,-0.986445,Run1
208,07/14/2026 12:22,26,-0.986445,RUNNING,26,-0.986445,RUNNING,26,-0.986445,RUNNING,26,-0.986445,RUNNING,26,-0.986445,RUNNING,-0.986445,Run1
209,07/14/2026 12:23,26,-0.986445,RUNNING,26,-0.986445,RUNNING,26,-0.986445,RUNNING,26,-0.986445,RUNNING,26,-0.986445,RUNNING,-0.986445,Run1
210,07/14/2026 12:24,26,-0.986445,RUNNING,26,-0.986445,RUNNING,26,-0.986445,RUNNING,26,-0.986445,RUNNING,26,-0.986445,RUNNING,-0.986445,Run1
211,07/14/2026 12:25,26,-0.986445,RUNNING,26,-0.986445,RUNNING,26,-0.986445,RUNNING,26,-0.986445,RUNNING,26,-0.986445,RUNNING,-0.986445,Run1
212,07/14/2026 12:26,26,-0.986445,RUNNING,26,-0.986445,RUNNING,26,-0.986445,RUNNING,26,-0.986445,RUNNING,26,-0.986445,RUNNING,-0.986445,Run1
213,07/14/2026 12:27,28,-0.986579,RUNNING,27,-0.986558,RUNNING,27,-0.986558,RUNNING,28,-0.986579,RUNNING,27,-0.986558,RUNNING,-0.986579,Run1
214,07/14/2026 12:28,28,-0.986579,RUNNING,28,-0.986579,RUNNING,28,-0.986579,RUNNING,28,-0.986579,RUNNING,28,-0.986579,RUNNING,-0.986579,Run1
215,07/14/2026 12:29,28,-0.986579,RUNNING,28,-0.986579,RUNNING,28,-0.986579,RUNNING,28,-0.986579,RUNNING,28,-0.986579,RUNNING,-0.986579,Run1
216,07/14/2026 12:30,28,-0.986579,RUNNING,28,-0.986579,RUNNING,28,-0.986579,RUNNING,28,-0.986579,RUNNING,28,-0.986579,RUNNING,-0.986579,Run1
217,07/14/2026 12:31,28,-0.986579,RUNNING,28,-0.986579,RUNNING,28,-0.986579,RUNNING,28,-0.986579,RUNNING,28,-0.986579,RUNNING,-0.986579,Run1
218,07/14/2026 12:32,28,-0.986579,RUNNING,28,-0.986579,RUNNING,28,-0.986579,RUNNING,28,-0.986579,RUNNING,28,-0.986579,RUNNING,-0.986579,Run1
219,07/14/2026 12:33,28,-0.986579,RUNNING,28,-0.986579,RUNNING,28,-0.986579,RUNNING,28,-0.986579,RUNNING,28,-0.986579,RUNNING,-0.986579,Run1
220,07/14/2026 12:34,28,-0.986579,RUNNING,28,-0.986579,RUNNING,28,-0.986579,RUNNING,28,-0.986579,RUNNING,28,-0.986579,RUNNING,-0.986579,Run1
221,07/14/2026 12:35,28,-0.986579,RUNNING,28,-0.986579,RUNNING,28,-0.986579,RUNNING,28,-0.986579,RUNNING,28,-0.986579,RUNNING,-0.986579,Run1
222,07/14/2026 12:36,28,-0.986579,RUNNING,28,-0.986579,RUNNING,28,-0.986579,RUNNING,28,-0.986579,RUNNING,28,-0.986579,RUNNING,-0.986579,Run1
223,07/14/2026 12:37,28,-0.986579,RUNNING,28,-0.986579,RUNNING,28,-0.986579,RUNNING,28,-0.986579,RUNNING,28,-0.986579,RUNNING,-0.986579,Run1
224,07/14/2026 12:38,28,-0.986579,RUNNING,28,-0.986579,RUNNING,28,-0.986579,RUNNING,28,-0.986579,RUNNING,28,-0.986579,RUNNING,-0.986579,Run1
225,07/14/2026 12:39,28,-0.986579,RUNNING,28,-0.986579,RUNNING,28,-0.986579,RUNNING,28,-0.986579,RUNNING,28,-0.986579,RUNNING,-0.986579,Run1
226,07/14/2026 12:40,28,-0.986579,RUNNING,28,-0.986579,RUNNING,28,-0.986579,RUNNING,28,-0.986579,RUNNING,28,-0.986579,RUNNING,-0.986579,Run1
227,07/14/2026 12:41,28,-0.986579,RUNNING,28,-0.986579,RUNNING,28,-0.986579,RUNNING,28,-0.986579,RUNNING,28,-0.986579,RUNNING,-0.986579,Run1
228,07/14/2026 12:42,28,-0.986579,RUNNING,28,-0.986579,RUNNING,28,-0.986579,RUNNING,28,-0.986579,RUNNING,28,-0.986579,RUNNING,-0.986579,Run1
229,07/14/2026 12:43,28,-0.986579,RUNNING,28,-0.986579,RUNNING,28,-0.986579,RUNNING,28,-0.986579,RUNNING,28,-0.986579,RUNNING,-0.986579,Run1
230,07/14/2026 12:44,28,-0.986579,RUNNING,28,-0.986579,RUNNING,28,-0.986579,RUNNING,28,-0.986579,RUNNING,28,-0.986579,RUNNING,-0.986579,Run1
231,07/14/2026 12:45,28,-0.986579,RUNNING,28,-0.986579,RUNNING,28,-0.986579,RUNNING,28,-0.986579,RUNNING,28,-0.986579,RUNNING,-0.986579,Run1
232,07/14/2026 12:46,28,-0.986579,RUNNING,28,-0.986579,RUNNING,28,-0.986579,RUNNING,28,-0.986579,RUNNING,28,-0.986579,RUNNING,-0.986579,Run1
233,07/14/2026 12:47,28,-0.986579,RUNNING,28,-0.986579,RUNNING,28,-0.986579,RUNNING,28,-0.986579,RUNNING,28,-0.986579,RUNNING,-0.986579,Run1
234,07/14/2026 12:48,28,-0.986579,RUNNING,28,-0.986579,RUNNING,28,-0.986579,RUNNING,28,-0.986579,RUNNING,28,-0.986579,RUNNING,-0.986579,Run1
235,07/14/2026 12:49,28,-0.986579,RUNNING,28,-0.986579,RUNNING,28,-0.986579,RUNNING,28,-0.986579,RUNNING,28,-0.986579,RUNNING,-0.986579,Run1
236,07/14/2026 12:50,28,-0.986579,RUNNING,28,-0.986579,RUNNING,28,-0.986579,RUNNING,28,-0.986579,RUNNING,28,-0.986579,RUNNING,-0.986579,Run1
237,07/14/2026 12:51,28,-0.986579,RUNNING,28,-0.986579,RUNNING,28,-0.986579,RUNNING,28,-0.986579,RUNNING,28,-0.986579,RUNNING,-0.986579,Run1
238,07/14/2026 12:52,28,-0.986579,RUNNING,28,-0.986579,RUNNING,28,-0.986579,RUNNING,28,-0.986579,RUNNING,28,-0.986579,RUNNING,-0.986579,Run1
239,07/14/2026 12:53,28,-0.986579,RUNNING,28,-0.986579,RUNNING,28,-0.986579,RUNNING,28,-0.986579,RUNNING,28,-0.986579,RUNNING,-0.986579,Run1
240,07/14/2026 12:54,28,-0.986579,RUNNING,28,-0.986579,RUNNING,28,-0.986579,RUNNING,28,-0.986579,RUNNING,28,-0.986579,RUNNING,-0.986579,Run1
241,07/14/2026 12:55,28,-0.986579,RUNNING,28,-0.986579,RUNNING,28,-0.986579,RUNNING,28,-0.986579,RUNNING,28,-0.986579,RUNNING,-0.986579,Run1
242,07/14/2026 12:56,28,-0.986579,RUNNING,28,-0.986579,RUNNING,28,-0.986579,RUNNING,28,-0.986579,RUNNING,28,-0.986579,RUNNING,-0.986579,Run1
243,07/14/2026 12:57,28,-0.986579,RUNNING,28,-0.986579,RUNNING,28,-0.986579,RUNNING,28,-0.986579,RUNNING,28,-0.986579,RUNNING,-0.986579,Run1
244,07/14/2026 12:58,28,-0.986579,RUNNING,28,-0.986579,RUNNING,28,-0.986579,RUNNING,28,-0.986579,RUNNING,28,-0.986579,RUNNING,-0.986579,Run1
245,07/14/2026 12:59,28,-0.986579,RUNNING,28,-0.986579,RUNNING,28,-0.986579,RUNNING,28,-0.986579,RUNNING,28,-0.986579,RUNNING,-0.986579,Run1
246,07/14/2026 13:00,28,-0.986579,RUNNING,28,-0.986579,RUNNING,28,-0.986579,RUNNING,28,-0.986579,RUNNING,28,-0.986579,RUNNING,-0.986579,Run1
247,07/14/2026 13:01,28,-0.986579,RUNNING,28,-0.986579,RUNNING,28,-0.986579,RUNNING,28,-0.986579,RUNNING,28,-0.986579,RUNNING,-0.986579,Run1
248,07/14/2026 13:03,28,-0.986579,RUNNING,28,-0.986579,RUNNING,28,-0.986579,RUNNING,28,-0.986579,RUNNING,28,-0.986579,RUNNING,-0.986579,Run1
249,07/14/2026 13:04,28,-0.986579,RUNNING,28,-0.986579,RUNNING,28,-0.986579,RUNNING,28,-0.986579,RUNNING,28,-0.986579,RUNNING,-0.986579,Run1
250,07/14/2026 13:05,28,-0.986579,RUNNING,28,-0.986579,RUNNING,28,-0.986579,RUNNING,28,-0.986579,RUNNING,28,-0.986579,RUNNING,-0.986579,Run1
251,07/14/2026 13:06,28,-0.986579,RUNNING,28,-0.986579,RUNNING,28,-0.986579,RUNNING,28,-0.986579,RUNNING,28,-0.986579,RUNNING,-0.986579,Run1
252,07/14/2026 13:07,28,-0.986579,RUNNING,28,-0.986579,RUNNING,28,-0.986579,RUNNING,28,-0.986579,RUNNING,28,-0.986579,RUNNING,-0.986579,Run1
253,07/14/2026 13:08,28,-0.986579,RUNNING,28,-0.986579,RUNNING,28,-0.986579,RUNNING,28,-0.986579,RUNNING,28,-0.986579,RUNNING,-0.986579,Run1
254,07/14/2026 13:09,28,-0.986579,RUNNING,28,-0.986579,RUNNING,28,-0.986579,RUNNING,28,-0.986579,RUNNING,28,-0.986579,RUNNING,-0.986579,Run1
255,07/14/2026 13:10,28,-0.986579,RUNNING,28,-0.986579,RUNNING,28,-0.986579,RUNNING,28,-0.986579,RUNNING,28,-0.986579,RUNNING,-0.986579,Run1
256,07/14/2026 13:11,28,-0.986579,RUNNING,28,-0.986579,RUNNING,28,-0.986579,RUNNING,28,-0.986579,RUNNING,28,-0.986579,RUNNING,-0.986579,Run1
257,07/14/2026 13:12,28,-0.986579,RUNNING,28,-0.986579,RUNNING,28,-0.986579,RUNNING,28,-0.986579,RUNNING,28,-0.986579,RUNNING,-0.986579,Run1
258,07/14/2026 13:13,28,-0.986579,RUNNING,28,-0.986579,RUNNING,28,-0.986579,RUNNING,28,-0.986579,RUNNING,28,-0.986579,RUNNING,-0.986579,Run1
259,07/14/2026 13:14,28,-0.986579,RUNNING,28,-0.986579,RUNNING,28,-0.986579,RUNNING,28,-0.986579,RUNNING,28,-0.986579,RUNNING,-0.986579,Run1
260,07/14/2026 13:15,28,-0.986579,RUNNING,28,-0.986579,RUNNING,28,-0.986579,RUNNING,28,-0.986579,RUNNING,28,-0.986579,RUNNING,-0.986579,Run1
261,07/14/2026 13:16,28,-0.986579,RUNNING,28,-0.986579,RUNNING,28,-0.986579,RUNNING,28,-0.986579,RUNNING,28,-0.986579,RUNNING,-0.986579,Run1
262,07/14/2026 13:17,28,-0.986579,RUNNING,28,-0.986579,RUNNING,28,-0.986579,RUNNING,28,-0.986579,RUNNING,28,-0.986579,RUNNING,-0.986579,Run1
263,07/14/2026 13:18,28,-0.986579,RUNNING,28,-0.986579,RUNNING,28,-0.986579,RUNNING,28,-0.986579,RUNNING,28,-0.986579,RUNNING,-0.986579,Run1
264,07/14/2026 13:19,28,-0.986579,RUNNING,28,-0.986579,RUNNING,28,-0.986579,RUNNING,28,-0.986579,RUNNING,28,-0.986579,RUNNING,-0.986579,Run1
265,07/14/2026 13:20,28,-0.986579,RUNNING,28,-0.986579,RUNNING,28,-0.986579,RUNNING,28,-0.986579,RUNNING,28,-0.986579,RUNNING,-0.986579,Run1
266,07/14/2026 13:21,28,-0.986579,RUNNING,28,-0.986579,RUNNING,28,-0.986579,RUNNING,28,-0.986579,RUNNING,28,-0.986579,RUNNING,-0.986579,Run1
267,07/14/2026 13:22,28,-0.986579,RUNNING,28,-0.986579,RUNNING,28,-0.986579,RUNNING,28,-0.986579,RUNNING,28,-0.986579,RUNNING,-0.986579,Run1
268,07/14/2026 13:23,28,-0.986579,RUNNING,28,-0.986579,RUNNING,28,-0.986579,RUNNING,28,-0.986579,RUNNING,28,-0.986579,RUNNING,-0.986579,Run1
269,07/14/2026 13:24,28,-0.986579,RUNNING,28,-0.986579,RUNNING,28,-0.986579,RUNNING,28,-0.986579,RUNNING,28,-0.986579,RUNNING,-0.986579,Run1
270,07/14/2026 13:25,28,-0.986579,RUNNING,28,-0.986579,RUNNING,28,-0.986579,RUNNING,28,-0.986579,RUNNING,28,-0.986579,RUNNING,-0.986579,Run1
271,07/14/2026 13:26,28,-0.986579,RUNNING,28,-0.986579,RUNNING,28,-0.986579,RUNNING,28,-0.986579,RUNNING,28,-0.986579,RUNNING,-0.986579,Run1
272,07/14/2026 13:27,28,-0.986579,RUNNING,28,-0.986579,RUNNING,28,-0.986579,RUNNING,28,-0.986579,RUNNING,28,-0.986579,RUNNING,-0.986579,Run1
273,07/14/2026 13:28,28,-0.986579,RUNNING,28,-0.986579,RUNNING,28,-0.986579,RUNNING,28,-0.986579,RUNNING,28,-0.986579,RUNNING,-0.986579,Run1
274,07/14/2026 13:29,28,-0.986579,RUNNING,28,-0.986579,RUNNING,28,-0.986579,RUNNING,28,-0.986579,RUNNING,28,-0.986579,RUNNING,-0.986579,Run1
275,07/14/2026 13:30,28,-0.986579,RUNNING,28,-0.986579,RUNNING,28,-0.986579,RUNNING,28,-0.986579,RUNNING,28,-0.986579,RUNNING,-0.986579,Run1
276,07/14/2026 13:31,28,-0.986579,RUNNING,28,-0.986579,RUNNING,28,-0.986579,RUNNING,28,-0.986579,RUNNING,28,-0.986579,RUNNING,-0.986579,Run1
277,07/14/2026 13:32,28,-0.986579,RUNNING,28,-0.986579,RUNNING,28,-0.986579,RUNNING,28,-0.986579,RUNNING,28,-0.986579,RUNNING,-0.986579,Run1
278,07/14/2026 13:33,28,-0.986579,RUNNING,28,-0.986579,RUNNING,28,-0.986579,RUNNING,28,-0.986579,RUNNING,28,-0.986579,RUNNING,-0.986579,Run1
279,07/14/2026 13:34,28,-0.986579,RUNNING,28,-0.986579,RUNNING,28,-0.986579,RUNNING,28,-0.986579,RUNNING,28,-0.986579,RUNNING,-0.986579,Run1
280,07/14/2026 13:35,28,-0.986579,RUNNING,28,-0.986579,RUNNING,28,-0.986579,RUNNING,28,-0.986579,RUNNING,28,-0.986579,RUNNING,-0.986579,Run1
281,07/14/2026 13:36,28,-0.986579,RUNNING,28,-0.986579,RUNNING,28,-0.986579,RUNNING,28,-0.986579,RUNNING,28,-0.986579,RUNNING,-0.986579,Run1
282,07/14/2026 13:37,28,-0.986579,RUNNING,28,-0.986579,RUNNING,28,-0.986579,RUNNING,28,-0.986579,RUNNING,28,-0.986579,RUNNING,-0.986579,Run1
283,07/14/2026 13:38,28,-0.986579,RUNNING,28,-0.986579,RUNNING,28,-0.986579,RUNNING,28,-0.986579,RUNNING,28,-0.986579,RUNNING,-0.986579,Run1
284,07/14/2026 13:39,28,-0.986579,RUNNING,28,-0.986579,RUNNING,28,-0.986579,RUNNING,28,-0.986579,RUNNING,28,-0.986579,RUNNING,-0.986579,Run1
285,07/14/2026 13:40,28,-0.986579,RUNNING,28,-0.986579,RUNNING,28,-0.986579,RUNNING,28,-0.986579,RUNNING,28,-0.986579,RUNNING,-0.986579,Run1
286,07/14/2026 13:41,28,-0.986579,RUNNING,28,-0.986579,RUNNING,28,-0.986579,RUNNING,28,-0.986579,RUNNING,28,-0.986579,RUNNING,-0.986579,Run1
287,07/14/2026 13:42,28,-0.986579,RUNNING,28,-0.986579,RUNNING,28,-0.986579,RUNNING,28,-0.986579,RUNNING,28,-0.986579,RUNNING,-0.986579,Run1
288,07/14/2026 13:43,28,-0.986579,RUNNING,28,-0.986579,RUNNING,28,-0.986579,RUNNING,28,-0.986579,RUNNING,28,-0.986579,RUNNING,-0.986579,Run1
289,07/14/2026 13:44,28,-0.986579,RUNNING,28,-0.986579,RUNNING,28,-0.986579,RUNNING,28,-0.986579,RUNNING,28,-0.986579,RUNNING,-0.986579,Run1
290,07/14/2026 13:45,28,-0.986579,RUNNING,28,-0.986579,RUNNING,28,-0.986579,RUNNING,28,-0.986579,RUNNING,28,-0.986579,RUNNING,-0.986579,Run1
291,07/14/2026 13:47,28,-0.986579,RUNNING,28,-0.986579,RUNNING,28,-0.986579,RUNNING,28,-0.986579,RUNNING,28,-0.986579,RUNNING,-0.986579,Run1
292,07/14/2026 13:48,28,-0.986579,RUNNING,28,-0.986579,RUNNING,28,-0.986579,RUNNING,28,-0.986579,RUNNING,28,-0.986579,RUNNING,-0.986579,Run1
293,07/14/2026 13:49,28,-0.986579,RUNNING,28,-0.986579,RUNNING,28,-0.986579,RUNNING,28,-0.986579,RUNNING,28,-0.986579,RUNNING,-0.986579,Run1
294,07/14/2026 13:50,28,-0.986579,RUNNING,28,-0.986579,RUNNING,28,-0.986579,RUNNING,28,-0.986579,RUNNING,28,-0.986579,RUNNING,-0.986579,Run1
295,07/14/2026 13:51,28,-0.986579,RUNNING,28,-0.986579,RUNNING,28,-0.986579,RUNNING,28,-0.986579,RUNNING,28,-0.986579,RUNNING,-0.986579,Run1
296,07/14/2026 13:52,28,-0.986579,RUNNING,28,-0.986579,RUNNING,28,-0.986579,RUNNING,28,-0.986579,RUNNING,28,-0.986579,RUNNING,-0.986579,Run1
297,07/14/2026 13:53,28,-0.986579,RUNNING,28,-0.986579,RUNNING,28,-0.986579,RUNNING,28,-0.986579,RUNNING,28,-0.986579,RUNNING,-0.986579,Run1
298,07/14/2026 13:54,28,-0.986579,RUNNING,28,-0.986579,RUNNING,28,-0.986579,RUNNING,28,-0.986579,RUNNING,28,-0.986579,RUNNING,-0.986579,Run1
299,07/14/2026 13:55,28,-0.986579,RUNNING,28,-0.986579,RUNNING,28,-0.986579,RUNNING,28,-0.986579,RUNNING,28,-0.986579,RUNNING,-0.986579,Run1
300,07/14/2026 13:56,28,-0.986579,RUNNING,28,-0.986579,RUNNING,28,-0.986579,RUNNING,28,-0.986579,RUNNING,28,-0.986579,RUNNING,-0.986579,Run1
301,07/14/2026 13:57,28,-0.986579,RUNNING,28,-0.986579,RUNNING,28,-0.986579,RUNNING,28,-0.986579,RUNNING,28,-0.986579,RUNNING,-0.986579,Run1
302,07/14/2026 13:58,28,-0.986579,RUNNING,28,-0.986579,RUNNING,28,-0.986579,RUNNING,28,-0.986579,RUNNING,28,-0.986579,RUNNING,-0.986579,Run1
303,07/14/2026 13:59,28,-0.986579,RUNNING,28,-0.986579,RUNNING,28,-0.986579,RUNNING,28,-0.986579,RUNNING,28,-0.986579,RUNNING,-0.986579,Run1
304,07/14/2026 14:00,28,-0.986579,RUNNING,28,-0.986579,RUNNING,28,-0.986579,RUNNING,28,-0.986579,RUNNING,28,-0.986579,RUNNING,-0.986579,Run1
305,07/14/2026 14:01,28,-0.986579,RUNNING,28,-0.986579,RUNNING,28,-0.986579,RUNNING,28,-0.986579,RUNNING,28,-0.986579,RUNNING,-0.986579,Run1
306,07/14/2026 14:02,28,-0.986579,RUNNING,28,-0.986579,RUNNING,28,-0.986579,RUNNING,28,-0.986579,RUNNING,28,-0.986579,RUNNING,-0.986579,Run1
307,07/14/2026 14:03,28,-0.986579,RUNNING,28,-0.986579,RUNNING,28,-0.986579,RUNNING,28,-0.986579,RUNNING,28,-0.986579,RUNNING,-0.986579,Run1
308,07/14/2026 14:04,28,-0.986579,RUNNING,28,-0.986579,RUNNING,28,-0.986579,RUNNING,28,-0.986579,RUNNING,28,-0.986579,RUNNING,-0.986579,Run1
309,07/14/2026 14:05,28,-0.986579,RUNNING,28,-0.986579,RUNNING,28,-0.986579,RUNNING,28,-0.986579,RUNNING,28,-0.986579,RUNNING,-0.986579,Run1
310,07/14/2026 14:06,28,-0.986579,RUNNING,28,-0.986579,RUNNING,28,-0.986579,RUNNING,28,-0.986579,RUNNING,28,-0.986579,RUNNING,-0.986579,Run1
311,07/14/2026 14:07,28,-0.986579,RUNNING,28,-0.986579,RUNNING,28,-0.986579,RUNNING,28,-0.986579,RUNNING,28,-0.986579,RUNNING,-0.986579,Run1
312,07/14/2026 14:08,28,-0.986579,RUNNING,28,-0.986579,RUNNING,28,-0.986579,RUNNING,28,-0.986579,RUNNING,28,-0.986579,RUNNING,-0.986579,Run1
313,07/14/2026 14:09,28,-0.986579,RUNNING,28,-0.986579,RUNNING,28,-0.986579,RUNNING,28,-0.986579,RUNNING,28,-0.986579,RUNNING,-0.986579,Run1
314,07/14/2026 14:10,28,-0.986579,RUNNING,28,-0.986579,RUNNING,28,-0.986579,RUNNING,28,-0.986579,RUNNING,28,-0.986579,RUNNING,-0.986579,Run1
315,07/14/2026 14:11,28,-0.986579,RUNNING,28,-0.986579,RUNNING,28,-0.986579,RUNNING,28,-0.986579,RUNNING,28,-0.986579,RUNNING,-0.986579,Run1
316,07/14/2026 14:12,28,-0.986579,RUNNING,28,-0.986579,RUNNING,28,-0.986579,RUNNING,28,-0.986579,RUNNING,28,-0.986579,RUNNING,-0.986579,Run1
317,07/14/2026 14:13,28,-0.986579,RUNNING,28,-0.986579,RUNNING,28,-0.986579,RUNNING,28,-0.986579,RUNNING,28,-0.986579,RUNNING,-0.986579,Run1
318,07/14/2026 14:14,28,-0.986579,RUNNING,28,-0.986579,RUNNING,28,-0.986579,RUNNING,28,-0.986579,RUNNING,28,-0.986579,RUNNING,-0.986579,Run1
319,07/14/2026 14:15,28,-0.986579,RUNNING,28,-0.986579,RUNNING,28,-0.986579,RUNNING,28,-0.986579,RUNNING,28,-0.986579,RUNNING,-0.986579,Run1
320,07/14/2026 14:17,28,-0.986579,RUNNING,28,-0.986579,RUNNING,28,-0.986579,RUNNING,28,-0.986579,RUNNING,28,-0.986579,RUNNING,-0.986579,Run1
321,07/14/2026 14:18,28,-0.986579,RUNNING,28,-0.986579,RUNNING,28,-0.986579,RUNNING,28,-0.986579,RUNNING,28,-0.986579,RUNNING,-0.986579,Run1
322,07/14/2026 14:19,28,-0.986579,RUNNING,28,-0.986579,RUNNING,28,-0.986579,RUNNING,28,-0.986579,RUNNING,28,-0.986579,RUNNING,-0.986579,Run1
323,07/14/2026 14:20,28,-0.986579,RUNNING,28,-0.986579,RUNNING,28,-0.986579,RUNNING,28,-0.986579,RUNNING,28,-0.986579,RUNNING,-0.986579,Run1
324,07/14/2026 14:21,28,-0.986579,RUNNING,28,-0.986579,RUNNING,28,-0.986579,RUNNING,28,-0.986579,RUNNING,28,-0.986579,RUNNING,-0.986579,Run1
325,07/14/2026 14:22,28,-0.986579,RUNNING,28,-0.986579,RUNNING,28,-0.986579,RUNNING,28,-0.986579,RUNNING,28,-0.986579,RUNNING,-0.986579,Run1
326,07/14/2026 14:23,28,-0.986579,RUNNING,28,-0.986579,RUNNING,28,-0.986579,RUNNING,28,-0.986579,RUNNING,28,-0.986579,RUNNING,-0.986579,Run1
327,07/14/2026 14:24,28,-0.986579,RUNNING,28,-0.986579,RUNNING,28,-0.986579,RUNNING,28,-0.986579,RUNNING,28,-0.986579,RUNNING,-0.986579,Run1
328,07/14/2026 14:25,28,-0.986579,RUNNING,28,-0.986579,RUNNING,28,-0.986579,RUNNING,28,-0.986579,RUNNING,28,-0.986579,RUNNING,-0.986579,Run1
329,07/14/2026 14:26,28,-0.986579,RUNNING,28,-0.986579,RUNNING,28,-0.986579,RUNNING,28,-0.986579,RUNNING,28,-0.986579,RUNNING,-0.986579,Run1
330,07/14/2026 14:27,28,-0.986579,RUNNING,28,-0.986579,RUNNING,28,-0.986579,RUNNING,28,-0.986579,RUNNING,28,-0.986579,RUNNING,-0.986579,Run1
331,07/14/2026 14:28,28,-0.986579,RUNNING,28,-0.986579,RUNNING,28,-0.986579,RUNNING,28,-0.986579,RUNNING,28,-0.986579,RUNNING,-0.986579,Run1
332,07/14/2026 14:29,28,-0.986579,RUNNING,28,-0.986579,RUNNING,28,-0.986579,RUNNING,28,-0.986579,RUNNING,28,-0.986579,RUNNING,-0.986579,Run1
333,07/14/2026 14:30,28,-0.986579,RUNNING,28,-0.986579,RUNNING,28,-0.986579,RUNNING,28,-0.986579,RUNNING,28,-0.986579,RUNNING,-0.986579,Run1
334,07/14/2026 14:31,28,-0.986579,RUNNING,28,-0.986579,RUNNING,28,-0.986579,RUNNING,28,-0.986579,RUNNING,28,-0.986579,RUNNING,-0.986579,Run1
335,07/14/2026 14:32,28,-0.986579,RUNNING,28,-0.986579,RUNNING,28,-0.986579,RUNNING,28,-0.986579,RUNNING,28,-0.986579,RUNNING,-0.986579,Run1
336,07/14/2026 14:33,28,-0.986579,RUNNING,28,-0.986579,RUNNING,28,-0.986579,RUNNING,28,-0.986579,RUNNING,28,-0.986579,RUNNING,-0.986579,Run1
337,07/14/2026 14:34,28,-0.986579,RUNNING,28,-0.986579,RUNNING,28,-0.986579,RUNNING,28,-0.986579,RUNNING,28,-0.986579,RUNNING,-0.986579,Run1
338,07/14/2026 14:35,28,-0.986579,RUNNING,28,-0.986579,RUNNING,28,-0.986579,RUNNING,28,-0.986579,RUNNING,28,-0.986579,RUNNING,-0.986579,Run1
339,07/14/2026 14:36,28,-0.986579,RUNNING,28,-0.986579,RUNNING,28,-0.986579,RUNNING,28,-0.986579,RUNNING,28,-0.986579,RUNNING,-0.986579,Run1
340,07/14/2026 14:38,28,-0.986579,RUNNING,28,-0.986579,RUNNING,28,-0.986579,RUNNING,28,-0.986579,RUNNING,28,-0.986579,RUNNING,-0.986579,Run1
341,07/14/2026 14:39,28,-0.986579,RUNNING,28,-0.986579,RUNNING,28,-0.986579,RUNNING,28,-0.986579,RUNNING,28,-0.986579,RUNNING,-0.986579,Run1
342,07/14/2026 14:40,28,-0.986579,RUNNING,28,-0.986579,RUNNING,28,-0.986579,RUNNING,28,-0.986579,RUNNING,28,-0.986579,RUNNING,-0.986579,Run1
343,07/14/2026 14:41,28,-0.986579,RUNNING,28,-0.986579,RUNNING,28,-0.986579,RUNNING,28,-0.986579,RUNNING,28,-0.986579,RUNNING,-0.986579,Run1
344,07/14/2026 14:42,28,-0.986579,RUNNING,28,-0.986579,RUNNING,28,-0.986579,RUNNING,28,-0.986579,RUNNING,28,-0.986579,RUNNING,-0.986579,Run1
345,07/14/2026 14:43,28,-0.986579,RUNNING,28,-0.986579,RUNNING,28,-0.986579,RUNNING,28,-0.986579,RUNNING,28,-0.986579,RUNNING,-0.986579,Run1
346,07/14/2026 14:44,28,-0.986579,RUNNING,28,-0.986579,RUNNING,28,-0.986579,RUNNING,28,-0.986579,RUNNING,28,-0.986579,RUNNING,-0.986579,Run1
347,07/14/2026 14:45,28,-0.986579,RUNNING,28,-0.986579,RUNNING,28,-0.986579,RUNNING,28,-0.986579,RUNNING,28,-0.986579,RUNNING,-0.986579,Run1
348,07/14/2026 14:46,28,-0.986579,RUNNING,28,-0.986579,RUNNING,28,-0.986579,RUNNING,28,-0.986579,RUNNING,28,-0.986579,RUNNING,-0.986579,Run1
349,07/14/2026 14:47,28,-0.986579,RUNNING,28,-0.986579,RUNNING,28,-0.986579,RUNNING,28,-0.986579,RUNNING,28,-0.986579,RUNNING,-0.986579,Run1
350,07/14/2026 14:48,28,-0.986579,RUNNING,28,-0.986579,RUNNING,28,-0.986579,RUNNING,28,-0.986579,RUNNING,28,-0.986579,RUNNING,-0.986579,Run1
351,07/14/2026 14:49,28,-0.986579,RUNNING,28,-0.986579,RUNNING,28,-0.986579,RUNNING,28,-0.986579,RUNNING,28,-0.986579,RUNNING,-0.986579,Run1
352,07/14/2026 14:50,28,-0.986579,RUNNING,28,-0.986579,RUNNING,28,-0.986579,RUNNING,28,-0.986579,RUNNING,28,-0.986579,RUNNING,-0.986579,Run1
353,07/14/2026 14:51,28,-0.986579,RUNNING,28,-0.986579,RUNNING,28,-0.986579,RUNNING,28,-0.986579,RUNNING,28,-0.986579,RUNNING,-0.986579,Run1
354,07/14/2026 14:52,28,-0.986579,RUNNING,28,-0.986579,RUNNING,28,-0.986579,RUNNING,28,-0.986579,RUNNING,28,-0.986579,RUNNING,-0.986579,Run1
355,07/14/2026 14:53,28,-0.986579,RUNNING,28,-0.986579,RUNNING,28,-0.986579,RUNNING,28,-0.986579,RUNNING,28,-0.986579,RUNNING,-0.986579,Run1
356,07/14/2026 14:54,28,-0.986579,RUNNING,28,-0.986579,RUNNING,28,-0.986579,RUNNING,28,-0.986579,RUNNING,28,-0.986579,RUNNING,-0.986579,Run1
357,07/14/2026 14:55,28,-0.986579,RUNNING,28,-0.986579,RUNNING,28,-0.986579,RUNNING,28,-0.986579,RUNNING,28,-0.986579,RUNNING,-0.986579,Run1
358,07/14/2026 14:56,28,-0.986579,RUNNING,28,-0.986579,RUNNING,28,-0.986579,RUNNING,28,-0.986579,RUNNING,28,-0.986579,RUNNING,-0.986579,Run1
359,07/14/2026 14:57,28,-0.986579,RUNNING,28,-0.986579,RUNNING,28,-0.986579,RUNNING,28,-0.986579,RUNNING,28,-0.986579,RUNNING,-0.986579,Run1
360,07/14/2026 14:58,28,-0.986579,RUNNING,28,-0.986579,RUNNING,28,-0.986579,RUNNING,28,-0.986579,RUNNING,28,-0.986579,RUNNING,-0.986579,Run1
361,07/14/2026 15:00,28,-0.986579,RUNNING,28,-0.986579,RUNNING,28,-0.986579,RUNNING,28,-0.986579,RUNNING,28,-0.986579,RUNNING,-0.986579,Run1
362,07/14/2026 15:01,28,-0.986579,RUNNING,28,-0.986579,RUNNING,28,-0.986579,RUNNING,28,-0.986579,RUNNING,28,-0.986579,RUNNING,-0.986579,Run1
363,07/14/2026 15:02,28,-0.986579,RUNNING,28,-0.986579,RUNNING,28,-0.986579,RUNNING,28,-0.986579,RUNNING,28,-0.986579,RUNNING,-0.986579,Run1
364,07/14/2026 15:03,28,-0.986579,RUNNING,28,-0.986579,RUNNING,28,-0.986579,RUNNING,28,-0.986579,RUNNING,28,-0.986579,RUNNING,-0.986579,Run1
365,07/14/2026 15:04,28,-0.986579,RUNNING,28,-0.986579,RUNNING,28,-0.986579,RUNNING,28,-0.986579,RUNNING,28,-0.986579,RUNNING,-0.986579,Run1
366,07/14/2026 15:05,28,-0.986579,RUNNING,28,-0.986579,RUNNING,28,-0.986579,RUNNING,28,-0.986579,RUNNING,28,-0.986579,RUNNING,-0.986579,Run1
367,07/14/2026 15:06,28,-0.986579,RUNNING,28,-0.986579,RUNNING,28,-0.986579,RUNNING,28,-0.986579,RUNNING,28,-0.986579,RUNNING,-0.986579,Run1
368,07/14/2026 15:07,28,-0.986579,RUNNING,28,-0.986579,RUNNING,28,-0.986579,RUNNING,28,-0.986579,RUNNING,28,-0.986579,RUNNING,-0.986579,Run1
369,07/14/2026 15:08,28,-0.986579,RUNNING,28,-0.986579,RUNNING,28,-0.986579,RUNNING,28,-0.986579,RUNNING,28,-0.986579,RUNNING,-0.986579,Run1
370,07/14/2026 15:09,28,-0.986579,RUNNING,28,-0.986579,RUNNING,28,-0.986579,RUNNING,28,-0.986579,RUNNING,28,-0.986579,RUNNING,-0.986579,Run1
371,07/14/2026 15:10,28,-0.986579,RUNNING,28,-0.986579,RUNNING,28,-0.986579,RUNNING,28,-0.986579,RUNNING,28,-0.986579,RUNNING,-0.986579,Run1
372,07/14/2026 15:11,28,-0.986579,RUNNING,28,-0.986579,RUNNING,28,-0.986579,RUNNING,28,-0.986579,RUNNING,28,-0.986579,RUNNING,-0.986579,Run1
373,07/14/2026 15:12,28,-0.986579,RUNNING,28,-0.986579,RUNNING,28,-0.986579,RUNNING,28,-0.986579,RUNNING,28,-0.986579,RUNNING,-0.986579,Run1
374,07/14/2026 15:13,28,-0.986579,RUNNING,28,-0.986579,RUNNING,28,-0.986579,RUNNING,28,-0.986579,RUNNING,28,-0.986579,RUNNING,-0.986579,Run1
375,07/14/2026 15:14,28,-0.986579,RUNNING,28,-0.986579,RUNNING,28,-0.986579,RUNNING,28,-0.986579,RUNNING,28,-0.986579,RUNNING,-0.986579,Run1
376,07/14/2026 15:15,28,-0.986579,RUNNING,28,-0.986579,RUNNING,28,-0.986579,RUNNING,28,-0.986579,RUNNING,28,-0.986579,RUNNING,-0.986579,Run1
377,07/14/2026 15:16,28,-0.986579,RUNNING,28,-0.986579,RUNNING,28,-0.986579,RUNNING,28,-0.986579,RUNNING,28,-0.986579,RUNNING,-0.986579,Run1
378,07/14/2026 15:17,28,-0.986579,RUNNING,28,-0.986579,RUNNING,28,-0.986579,RUNNING,28,-0.986579,RUNNING,28,-0.986579,RUNNING,-0.986579,Run1
379,07/14/2026 15:18,28,-0.986579,RUNNING,28,-0.986579,RUNNING,28,-0.986579,RUNNING,28,-0.986579,RUNNING,28,-0.986579,RUNNING,-0.986579,Run1
380,07/14/2026 15:19,28,-0.986579,RUNNING,28,-0.986579,RUNNING,28,-0.986579,RUNNING,28,-0.986579,RUNNING,28,-0.986579,RUNNING,-0.986579,Run1
381,07/14/2026 15:20,28,-0.986579,RUNNING,28,-0.986579,RUNNING,28,-0.986579,RUNNING,28,-0.986579,RUNNING,28,-0.986579,RUNNING,-0.986579,Run1
382,07/14/2026 15:21,28,-0.986579,RUNNING,28,-0.986579,RUNNING,28,-0.986579,RUNNING,28,-0.986579,RUNNING,28,-0.986579,RUNNING,-0.986579,Run1
383,07/14/2026 15:22,28,-0.986579,RUNNING,28,-0.986579,RUNNING,28,-0.986579,RUNNING,28,-0.986579,RUNNING,28,-0.986579,RUNNING,-0.986579,Run1
384,07/14/2026 15:23,28,-0.986579,RUNNING,28,-0.986579,RUNNING,28,-0.986579,RUNNING,28,-0.986579,RUNNING,28,-0.986579,RUNNING,-0.986579,Run1
385,07/14/2026 15:24,28,-0.986579,RUNNING,28,-0.986579,RUNNING,28,-0.986579,RUNNING,28,-0.986579,RUNNING,28,-0.986579,RUNNING,-0.986579,Run1
386,07/14/2026 15:25,28,-0.986579,RUNNING,28,-0.986579,RUNNING,28,-0.986579,RUNNING,28,-0.986579,RUNNING,28,-0.986579,RUNNING,-0.986579,Run1
387,07/14/2026 15:26,28,-0.986579,RUNNING,28,-0.986579,RUNNING,28,-0.986579,RUNNING,28,-0.986579,RUNNING,28,-0.986579,RUNNING,-0.986579,Run1
388,07/14/2026 15:27,28,-0.986579,RUNNING,28,-0.986579,RUNNING,28,-0.986579,RUNNING,28,-0.986579,RUNNING,28,-0.986579,RUNNING,-0.986579,Run1
389,07/14/2026 15:28,28,-0.986579,RUNNING,28,-0.986579,RUNNING,28,-0.986579,RUNNING,28,-0.986579,RUNNING,28,-0.986579,RUNNING,-0.986579,Run1
390,07/14/2026 15:29,28,-0.986579,RUNNING,28,-0.986579,RUNNING,28,-0.986579,RUNNING,28,-0.986579,RUNNING,28,-0.986579,RUNNING,-0.986579,Run1
391,07/14/2026 15:30,28,-0.986579,RUNNING,28,-0.986579,RUNNING,28,-0.986579,RUNNING,28,-0.986579,RUNNING,28,-0.986579,RUNNING,-0.986579,Run1
392,07/14/2026 15:31,28,-0.986579,RUNNING,28,-0.986579,RUNNING,28,-0.986579,RUNNING,28,-0.986579,RUNNING,28,-0.986579,RUNNING,-0.986579,Run1
393,07/14/2026 15:32,28,-0.986579,RUNNING,28,-0.986579,RUNNING,28,-0.986579,RUNNING,28,-0.986579,RUNNING,28,-0.986579,RUNNING,-0.986579,Run1
394,07/14/2026 15:33,28,-0.986579,RUNNING,28,-0.986579,RUNNING,28,-0.986579,RUNNING,28,-0.986579,RUNNING,28,-0.986579,RUNNING,-0.986579,Run1
395,07/14/2026 15:34,28,-0.986579,RUNNING,28,-0.986579,RUNNING,28,-0.986579,RUNNING,28,-0.986579,RUNNING,28,-0.986579,RUNNING,-0.986579,Run1
396,07/14/2026 15:35,28,-0.986579,RUNNING,28,-0.986579,RUNNING,28,-0.986579,RUNNING,28,-0.986579,RUNNING,28,-0.986579,RUNNING,-0.986579,Run1
397,07/14/2026 15:36,28,-0.986579,RUNNING,28,-0.986579,RUNNING,28,-0.986579,RUNNING,28,-0.986579,RUNNING,28,-0.986579,RUNNING,-0.986579,Run1
398,07/14/2026 15:38,28,-0.986579,RUNNING,28,-0.986579,RUNNING,28,-0.986579,RUNNING,28,-0.986579,RUNNING,28,-0.986579,RUNNING,-0.986579,Run1
399,07/14/2026 15:39,28,-0.986579,RUNNING,28,-0.986579,RUNNING,28,-0.986579,RUNNING,28,-0.986579,RUNNING,28,-0.986579,RUNNING,-0.986579,Run1
400,07/14/2026 15:40,28,-0.986579,RUNNING,28,-0.986579,RUNNING,28,-0.986579,RUNNING,28,-0.986579,RUNNING,28,-0.986579,RUNNING,-0.986579,Run1
401,07/14/2026 15:41,28,-0.986579,RUNNING,28,-0.986579,RUNNING,28,-0.986579,RUNNING,28,-0.986579,RUNNING,28,-0.986579,RUNNING,-0.986579,Run1
402,07/14/2026 15:42,28,-0.986579,RUNNING,28,-0.986579,RUNNING,28,-0.986579,RUNNING,28,-0.986579,RUNNING,28,-0.986579,RUNNING,-0.986579,Run1
403,07/14/2026 15:43,28,-0.986579,RUNNING,28,-0.986579,RUNNING,28,-0.986579,RUNNING,28,-0.986579,RUNNING,28,-0.986579,RUNNING,-0.986579,Run1
404,07/14/2026 15:44,28,-0.986579,RUNNING,28,-0.986579,RUNNING,28,-0.986579,RUNNING,28,-0.986579,RUNNING,28,-0.986579,RUNNING,-0.986579,Run1
405,07/14/2026 15:45,28,-0.986579,RUNNING,28,-0.986579,RUNNING,28,-0.986579,RUNNING,28,-0.986579,RUNNING,28,-0.986579,RUNNING,-0.986579,Run1
406,07/14/2026 15:46,28,-0.986579,RUNNING,28,-0.986579,RUNNING,28,-0.986579,RUNNING,28,-0.986579,RUNNING,28,-0.986579,RUNNING,-0.986579,Run1
407,07/14/2026 15:47,28,-0.986579,RUNNING,28,-0.986579,RUNNING,28,-0.986579,RUNNING,28,-0.986579,RUNNING,28,-0.986579,RUNNING,-0.986579,Run1
408,07/14/2026 15:48,28,-0.986579,RUNNING,28,-0.986579,RUNNING,28,-0.986579,RUNNING,28,-0.986579,RUNNING,28,-0.986579,RUNNING,-0.986579,Run1
409,07/14/2026 15:49,28,-0.986579,RUNNING,28,-0.986579,RUNNING,28,-0.986579,RUNNING,28,-0.986579,RUNNING,28,-0.986579,RUNNING,-0.986579,Run1
410,07/14/2026 15:50,28,-0.986579,RUNNING,28,-0.986579,RUNNING,28,-0.986579,RUNNING,28,-0.986579,RUNNING,28,-0.986579,RUNNING,-0.986579,Run1
411,07/14/2026 15:51,28,-0.986579,RUNNING,28,-0.986579,RUNNING,28,-0.986579,RUNNING,28,-0.986579,RUNNING,28,-0.986579,RUNNING,-0.986579,Run1
412,07/14/2026 15:52,28,-0.986579,RUNNING,28,-0.986579,RUNNING,28,-0.986579,RUNNING,28,-0.986579,RUNNING,28,-0.986579,RUNNING,-0.986579,Run1
413,07/14/2026 15:53,28,-0.986579,RUNNING,28,-0.986579,RUNNING,28,-0.986579,RUNNING,28,-0.986579,RUNNING,28,-0.986579,RUNNING,-0.986579,Run1
414,07/14/2026 15:54,28,-0.986579,RUNNING,28,-0.986579,RUNNING,28,-0.986579,RUNNING,28,-0.986579,RUNNING,28,-0.986579,RUNNING,-0.986579,Run1
415,07/14/2026 15:55,28,-0.986579,RUNNING,28,-0.986579,RUNNING,28,-0.986579,RUNNING,28,-0.986579,RUNNING,28,-0.986579,RUNNING,-0.986579,Run1
416,07/14/2026 15:56,28,-0.986579,RUNNING,28,-0.986579,RUNNING,28,-0.986579,RUNNING,28,-0.986579,RUNNING,28,-0.986579,RUNNING,-0.986579,Run1
417,07/14/2026 15:57,28,-0.986579,RUNNING,28,-0.986579,RUNNING,28,-0.986579,RUNNING,28,-0.986579,RUNNING,28,-0.986579,RUNNING,-0.986579,Run1
418,07/14/2026 15:58,28,-0.986579,RUNNING,28,-0.986579,RUNNING,28,-0.986579,RUNNING,28,-0.986579,RUNNING,28,-0.986579,RUNNING,-0.986579,Run1
419,07/14/2026 15:59,28,-0.986579,RUNNING,28,-0.986579,RUNNING,28,-0.986579,RUNNING,28,-0.986579,RUNNING,28,-0.986579,RUNNING,-0.986579,Run1
420,07/14/2026 16:00,28,-0.986579,RUNNING,28,-0.986579,RUNNING,28,-0.986579,RUNNING,28,-0.986579,RUNNING,28,-0.986579,RUNNING,-0.986579,Run1
421,07/14/2026 16:01,28,-0.986579,RUNNING,28,-0.986579,RUNNING,28,-0.986579,RUNNING,28,-0.986579,RUNNING,28,-0.986579,RUNNING,-0.986579,Run1
422,07/14/2026 16:02,28,-0.986579,RUNNING,28,-0.986579,RUNNING,28,-0.986579,RUNNING,28,-0.986579,RUNNING,28,-0.986579,RUNNING,-0.986579,Run1
423,07/14/2026 16:03,28,-0.986579,RUNNING,28,-0.986579,RUNNING,28,-0.986579,RUNNING,28,-0.986579,RUNNING,28,-0.986579,RUNNING,-0.986579,Run1
424,07/14/2026 16:04,28,-0.986579,RUNNING,28,-0.986579,RUNNING,28,-0.986579,RUNNING,28,-0.986579,RUNNING,28,-0.986579,RUNNING,-0.986579,Run1
425,07/14/2026 16:05,28,-0.986579,RUNNING,28,-0.986579,RUNNING,28,-0.986579,RUNNING,28,-0.986579,RUNNING,28,-0.986579,RUNNING,-0.986579,Run1
426,07/14/2026 16:06,28,-0.986579,RUNNING,28,-0.986579,RUNNING,28,-0.986579,RUNNING,28,-0.986579,RUNNING,28,-0.986579,RUNNING,-0.986579,Run1
427,07/14/2026 16:07,28,-0.986579,RUNNING,28,-0.986579,RUNNING,28,-0.986579,RUNNING,28,-0.986579,RUNNING,28,-0.986579,RUNNING,-0.986579,Run1
428,07/14/2026 16:08,28,-0.986579,RUNNING,28,-0.986579,RUNNING,28,-0.986579,RUNNING,28,-0.986579,RUNNING,28,-0.986579,RUNNING,-0.986579,Run1
429,07/14/2026 16:09,28,-0.986579,RUNNING,28,-0.986579,RUNNING,28,-0.986579,RUNNING,28,-0.986579,RUNNING,28,-0.986579,RUNNING,-0.986579,Run1
430,07/14/2026 16:10,28,-0.986579,RUNNING,28,-0.986579,RUNNING,28,-0.986579,RUNNING,28,-0.986579,RUNNING,28,-0.986579,RUNNING,-0.986579,Run1
431,07/14/2026 16:11,28,-0.986579,RUNNING,28,-0.986579,RUNNING,28,-0.986579,RUNNING,28,-0.986579,RUNNING,28,-0.986579,RUNNING,-0.986579,Run1
432,07/14/2026 16:12,28,-0.986579,RUNNING,28,-0.986579,RUNNING,28,-0.986579,RUNNING,28,-0.986579,RUNNING,28,-0.986579,RUNNING,-0.986579,Run1
433,07/14/2026 16:13,28,-0.986579,RUNNING,28,-0.986579,RUNNING,28,-0.986579,RUNNING,28,-0.986579,RUNNING,28,-0.986579,RUNNING,-0.986579,Run1
434,07/14/2026 16:14,28,-0.986579,RUNNING,28,-0.986579,RUNNING,28,-0.986579,RUNNING,28,-0.986579,RUNNING,28,-0.986579,RUNNING,-0.986579,Run1
435,07/14/2026 16:15,28,-0.986579,RUNNING,28,-0.986579,RUNNING,28,-0.986579,RUNNING,28,-0.986579,RUNNING,28,-0.986579,RUNNING,-0.986579,Run1
436,07/14/2026 16:16,28,-0.986579,RUNNING,28,-0.986579,RUNNING,28,-0.986579,RUNNING,28,-0.986579,RUNNING,28,-0.986579,RUNNING,-0.986579,Run1
437,07/14/2026 16:17,28,-0.986579,RUNNING,28,-0.986579,RUNNING,28,-0.986579,RUNNING,28,-0.986579,RUNNING,28,-0.986579,RUNNING,-0.986579,Run1
438,07/14/2026 16:18,28,-0.986579,RUNNING,28,-0.986579,RUNNING,28,-0.986579,RUNNING,28,-0.986579,RUNNING,28,-0.986579,RUNNING,-0.986579,Run1
439,07/14/2026 16:19,28,-0.986579,RUNNING,28,-0.986579,RUNNING,28,-0.986579,RUNNING,28,-0.986579,RUNNING,28,-0.986579,RUNNING,-0.986579,Run1
440,07/14/2026 16:20,28,-0.986579,RUNNING,28,-0.986579,RUNNING,28,-0.986579,RUNNING,28,-0.986579,RUNNING,28,-0.986579,RUNNING,-0.986579,Run1
441,07/14/2026 16:21,28,-0.986579,RUNNING,28,-0.986579,RUNNING,28,-0.986579,RUNNING,28,-0.986579,RUNNING,28,-0.986579,RUNNING,-0.986579,Run1
442,07/14/2026 16:22,28,-0.986579,RUNNING,28,-0.986579,RUNNING,28,-0.986579,RUNNING,28,-0.986579,RUNNING,28,-0.986579,RUNNING,-0.986579,Run1
443,07/14/2026 16:23,28,-0.986579,RUNNING,28,-0.986579,RUNNING,28,-0.986579,RUNNING,28,-0.986579,RUNNING,28,-0.986579,RUNNING,-0.986579,Run1
444,07/14/2026 16:25,28,-0.986579,RUNNING,28,-0.986579,RUNNING,28,-0.986579,RUNNING,28,-0.986579,RUNNING,28,-0.986579,RUNNING,-0.986579,Run1
445,07/14/2026 16:26,28,-0.986579,RUNNING,28,-0.986579,RUNNING,28,-0.986579,RUNNING,28,-0.986579,RUNNING,28,-0.986579,RUNNING,-0.986579,Run1
446,07/14/2026 16:27,28,-0.986579,RUNNING,28,-0.986579,RUNNING,28,-0.986579,RUNNING,28,-0.986579,RUNNING,28,-0.986579,RUNNING,-0.986579,Run1
447,07/14/2026 16:28,28,-0.986579,RUNNING,28,-0.986579,RUNNING,28,-0.986579,RUNNING,28,-0.986579,RUNNING,28,-0.986579,RUNNING,-0.986579,Run1
448,07/14/2026 16:29,28,-0.986579,RUNNING,28,-0.986579,RUNNING,28,-0.986579,RUNNING,28,-0.986579,RUNNING,28,-0.986579,RUNNING,-0.986579,Run1
449,07/14/2026 16:30,28,-0.986579,RUNNING,28,-0.986579,RUNNING,28,-0.986579,RUNNING,28,-0.986579,RUNNING,28,-0.986579,RUNNING,-0.986579,Run1
450,07/14/2026 16:31,28,-0.986579,RUNNING,28,-0.986579,RUNNING,28,-0.986579,RUNNING,28,-0.986579,RUNNING,28,-0.986579,RUNNING,-0.986579,Run1
451,07/14/2026 16:32,28,-0.986579,RUNNING,28,-0.986579,RUNNING,28,-0.986579,RUNNING,28,-0.986579,RUNNING,28,-0.986579,RUNNING,-0.986579,Run1
452,07/14/2026 16:33,28,-0.986579,RUNNING,28,-0.986579,RUNNING,28,-0.986579,RUNNING,28,-0.986579,RUNNING,28,-0.986579,RUNNING,-0.986579,Run1
453,07/14/2026 16:34,28,-0.986579,RUNNING,28,-0.986579,RUNNING,28,-0.986579,RUNNING,28,-0.986579,RUNNING,28,-0.986579,RUNNING,-0.986579,Run1
454,07/14/2026 16:35,28,-0.986579,RUNNING,28,-0.986579,RUNNING,28,-0.986579,RUNNING,28,-0.986579,RUNNING,28,-0.986579,RUNNING,-0.986579,Run1
455,07/14/2026 16:36,28,-0.986579,RUNNING,28,-0.986579,RUNNING,28,-0.986579,RUNNING,28,-0.986579,RUNNING,28,-0.986579,RUNNING,-0.986579,Run1
456,07/14/2026 16:37,28,-0.986579,RUNNING,28,-0.986579,RUNNING,28,-0.986579,RUNNING,28,-0.986579,RUNNING,28,-0.986579,RUNNING,-0.986579,Run1
457,07/14/2026 16:38,28,-0.986579,RUNNING,28,-0.986579,RUNNING,28,-0.986579,RUNNING,28,-0.986579,RUNNING,28,-0.986579,RUNNING,-0.986579,Run1
458,07/14/2026 16:39,28,-0.986579,RUNNING,28,-0.986579,RUNNING,28,-0.986579,RUNNING,28,-0.986579,RUNNING,28,-0.986579,RUNNING,-0.986579,Run1
459,07/14/2026 16:40,28,-0.986579,RUNNING,28,-0.986579,RUNNING,28,-0.986579,RUNNING,28,-0.986579,RUNNING,28,-0.986579,RUNNING,-0.986579,Run1
460,07/14/2026 16:41,28,-0.986579,RUNNING,28,-0.986579,RUNNING,28,-0.986579,RUNNING,28,-0.986579,RUNNING,28,-0.986579,RUNNING,-0.986579,Run1
461,07/14/2026 16:42,28,-0.986579,RUNNING,28,-0.986579,RUNNING,28,-0.986579,RUNNING,28,-0.986579,RUNNING,28,-0.986579,RUNNING,-0.986579,Run1
462,07/14/2026 16:43,28,-0.986579,RUNNING,28,-0.986579,RUNNING,28,-0.986579,RUNNING,28,-0.986579,RUNNING,28,-0.986579,RUNNING,-0.986579,Run1
463,07/14/2026 16:44,28,-0.986579,RUNNING,28,-0.986579,RUNNING,28,-0.986579,RUNNING,28,-0.986579,RUNNING,28,-0.986579,RUNNING,-0.986579,Run1
464,07/14/2026 16:45,28,-0.986579,RUNNING,28,-0.986579,RUNNING,28,-0.986579,RUNNING,28,-0.986579,RUNNING,28,-0.986579,RUNNING,-0.986579,Run1
465,07/14/2026 16:46,28,-0.986579,RUNNING,28,-0.986579,RUNNING,28,-0.986579,RUNNING,28,-0.986579,RUNNING,28,-0.986579,RUNNING,-0.986579,Run1
466,07/14/2026 16:47,28,-0.986579,RUNNING,28,-0.986579,RUNNING,28,-0.986579,RUNNING,28,-0.986579,RUNNING,28,-0.986579,RUNNING,-0.986579,Run1
467,07/14/2026 16:49,28,-0.986579,RUNNING,28,-0.986579,RUNNING,28,-0.986579,RUNNING,28,-0.986579,RUNNING,28,-0.986579,RUNNING,-0.986579,Run1
468,07/14/2026 16:50,28,-0.986579,RUNNING,28,-0.986579,RUNNING,28,-0.986579,RUNNING,28,-0.986579,RUNNING,28,-0.986579,RUNNING,-0.986579,Run1
469,07/14/2026 16:51,28,-0.986579,RUNNING,28,-0.986579,RUNNING,28,-0.986579,RUNNING,28,-0.986579,RUNNING,28,-0.986579,RUNNING,-0.986579,Run1
470,07/14/2026 16:52,28,-0.986579,RUNNING,28,-0.986579,RUNNING,28,-0.986579,RUNNING,28,-0.986579,RUNNING,28,-0.986579,RUNNING,-0.986579,Run1
471,07/14/2026 16:53,28,-0.986579,RUNNING,28,-0.986579,RUNNING,28,-0.986579,RUNNING,28,-0.986579,RUNNING,28,-0.986579,RUNNING,-0.986579,Run1
472,07/14/2026 16:54,28,-0.986579,RUNNING,28,-0.986579,RUNNING,28,-0.986579,RUNNING,28,-0.986579,RUNNING,28,-0.986579,RUNNING,-0.986579,Run1
473,07/14/2026 16:55,28,-0.986579,RUNNING,28,-0.986579,RUNNING,28,-0.986579,RUNNING,28,-0.986579,RUNNING,28,-0.986579,RUNNING,-0.986579,Run1
474,07/14/2026 16:56,28,-0.986579,RUNNING,28,-0.986579,RUNNING,28,-0.986579,RUNNING,28,-0.986579,RUNNING,28,-0.986579,RUNNING,-0.986579,Run1
475,07/14/2026 16:57,28,-0.986579,RUNNING,28,-0.986579,RUNNING,28,-0.986579,RUNNING,28,-0.986579,RUNNING,28,-0.986579,RUNNING,-0.986579,Run1
476,07/14/2026 16:58,28,-0.986579,RUNNING,28,-0.986579,RUNNING,28,-0.986579,RUNNING,28,-0.986579,RUNNING,28,-0.986579,RUNNING,-0.986579,Run1
477,07/14/2026 16:59,28,-0.986579,RUNNING,28,-0.986579,RUNNING,28,-0.986579,RUNNING,28,-0.986579,RUNNING,28,-0.986579,RUNNING,-0.986579,Run1
478,07/14/2026 17:00,28,-0.986579,RUNNING,28,-0.986579,RUNNING,28,-0.986579,RUNNING,28,-0.986579,RUNNING,28,-0.986579,RUNNING,-0.986579,Run1
479,07/14/2026 17:01,28,-0.986579,RUNNING,28,-0.986579,RUNNING,28,-0.986579,RUNNING,28,-0.986579,RUNNING,28,-0.986579,RUNNING,-0.986579,Run1
480,07/14/2026 17:02,28,-0.986579,RUNNING,28,-0.986579,RUNNING,28,-0.986579,RUNNING,28,-0.986579,RUNNING,28,-0.986579,RUNNING,-0.986579,Run1
481,07/14/2026 17:03,28,-0.986579,RUNNING,28,-0.986579,RUNNING,28,-0.986579,RUNNING,28,-0.986579,RUNNING,28,-0.986579,RUNNING,-0.986579,Run1
482,07/14/2026 17:04,28,-0.986579,RUNNING,28,-0.986579,RUNNING,28,-0.986579,RUNNING,28,-0.986579,RUNNING,28,-0.986579,RUNNING,-0.986579,Run1
483,07/14/2026 17:05,28,-0.986579,RUNNING,28,-0.986579,RUNNING,28,-0.986579,RUNNING,28,-0.986579,RUNNING,28,-0.986579,RUNNING,-0.986579,Run1
484,07/14/2026 17:06,28,-0.986579,RUNNING,28,-0.986579,RUNNING,28,-0.986579,RUNNING,28,-0.986579,RUNNING,28,-0.986579,RUNNING,-0.986579,Run1
485,07/14/2026 17:07,28,-0.986579,RUNNING,28,-0.986579,RUNNING,28,-0.986579,RUNNING,28,-0.986579,RUNNING,28,-0.986579,RUNNING,-0.986579,Run1
486,07/14/2026 17:08,28,-0.986579,RUNNING,28,-0.986579,RUNNING,28,-0.986579,RUNNING,28,-0.986579,RUNNING,28,-0.986579,RUNNING,-0.986579,Run1
487,07/14/2026 17:09,28,-0.986579,RUNNING,28,-0.986579,RUNNING,28,-0.986579,RUNNING,28,-0.986579,RUNNING,28,-0.986579,RUNNING,-0.986579,Run1
488,07/14/2026 17:10,28,-0.986579,RUNNING,28,-0.986579,RUNNING,28,-0.986579,RUNNING,28,-0.986579,RUNNING,28,-0.986579,RUNNING,-0.986579,Run1
489,07/14/2026 17:11,28,-0.986579,RUNNING,28,-0.986579,RUNNING,28,-0.986579,RUNNING,28,-0.986579,RUNNING,28,-0.986579,RUNNING,-0.986579,Run1
490,07/14/2026 17:12,28,-0.986579,RUNNING,28,-0.986579,RUNNING,28,-0.986579,RUNNING,28,-0.986579,RUNNING,28,-0.986579,RUNNING,-0.986579,Run1
491,07/14/2026 17:13,28,-0.986579,RUNNING,28,-0.986579,RUNNING,28,-0.986579,RUNNING,28,-0.986579,RUNNING,28,-0.986579,RUNNING,-0.986579,Run1
492,07/14/2026 17:14,28,-0.986579,RUNNING,28,-0.986579,RUNNING,28,-0.986579,RUNNING,28,-0.986579,RUNNING,28,-0.986579,RUNNING,-0.986579,Run1
493,07/14/2026 17:15,28,-0.986579,RUNNING,28,-0.986579,RUNNING,28,-0.986579,RUNNING,28,-0.986579,RUNNING,28,-0.986579,RUNNING,-0.986579,Run1
494,07/14/2026 17:16,28,-0.986579,RUNNING,28,-0.986579,RUNNING,28,-0.986579,RUNNING,28,-0.986579,RUNNING,28,-0.986579,RUNNING,-0.986579,Run1
495,07/14/2026 17:17,28,-0.986579,RUNNING,28,-0.986579,RUNNING,28,-0.986579,RUNNING,28,-0.986579,RUNNING,28,-0.986579,RUNNING,-0.986579,Run1
496,07/14/2026 17:18,28,-0.986579,RUNNING,28,-0.986579,RUNNING,28,-0.986579,RUNNING,28,-0.986579,RUNNING,28,-0.986579,RUNNING,-0.986579,Run1
497,07/14/2026 17:19,28,-0.986579,RUNNING,28,-0.986579,RUNNING,28,-0.986579,RUNNING,28,-0.986579,RUNNING,28,-0.986579,RUNNING,-0.986579,Run1
498,07/14/2026 17:20,28,-0.986579,RUNNING,28,-0.986579,RUNNING,28,-0.986579,RUNNING,28,-0.986579,RUNNING,28,-0.986579,RUNNING,-0.986579,Run1
499,07/14/2026 17:21,28,-0.986579,RUNNING,28,-0.986579,RUNNING,28,-0.986579,RUNNING,28,-0.986579,RUNNING,28,-0.986579,RUNNING,-0.986579,Run1
500,07/14/2026 17:22,28,-0.986579,RUNNING,28,-0.986579,RUNNING,28,-0.986579,RUNNING,28,-0.986579,RUNNING,28,-0.986579,RUNNING,-0.986579,Run1
501,07/14/2026 17:23,28,-0.986579,RUNNING,28,-0.986579,RUNNING,28,-0.986579,RUNNING,28,-0.986579,RUNNING,28,-0.986579,RUNNING,-0.986579,Run1
502,07/14/2026 17:25,28,-0.986579,RUNNING,28,-0.986579,RUNNING,28,-0.986579,RUNNING,28,-0.986579,RUNNING,28,-0.986579,RUNNING,-0.986579,Run1
503,07/14/2026 17:26,28,-0.986579,RUNNING,28,-0.986579,RUNNING,28,-0.986579,RUNNING,28,-0.986579,RUNNING,28,-0.986579,RUNNING,-0.986579,Run1
504,07/14/2026 17:27,28,-0.986579,RUNNING,28,-0.986579,RUNNING,28,-0.986579,RUNNING,28,-0.986579,RUNNING,28,-0.986579,RUNNING,-0.986579,Run1
505,07/14/2026 17:28,28,-0.986579,RUNNING,28,-0.986579,RUNNING,28,-0.986579,RUNNING,28,-0.986579,RUNNING,28,-0.986579,RUNNING,-0.986579,Run1
506,07/14/2026 17:29,28,-0.986579,RUNNING,28,-0.986579,RUNNING,28,-0.986579,RUNNING,28,-0.986579,RUNNING,28,-0.986579,RUNNING,-0.986579,Run1
507,07/14/2026 17:30,28,-0.986579,RUNNING,28,-0.986579,RUNNING,28,-0.986579,RUNNING,28,-0.986579,RUNNING,28,-0.986579,RUNNING,-0.986579,Run1
508,07/14/2026 17:31,28,-0.986579,RUNNING,28,-0.986579,RUNNING,28,-0.986579,RUNNING,28,-0.986579,RUNNING,28,-0.986579,RUNNING,-0.986579,Run1
509,07/14/2026 17:32,28,-0.986579,RUNNING,28,-0.986579,RUNNING,28,-0.986579,RUNNING,28,-0.986579,RUNNING,28,-0.986579,RUNNING,-0.986579,Run1
510,07/14/2026 17:33,28,-0.986579,RUNNING,28,-0.986579,RUNNING,28,-0.986579,RUNNING,28,-0.986579,RUNNING,28,-0.986579,RUNNING,-0.986579,Run1
511,07/14/2026 17:34,28,-0.986579,RUNNING,28,-0.986579,RUNNING,28,-0.986579,RUNNING,28,-0.986579,RUNNING,28,-0.986579,RUNNING,-0.986579,Run1
512,07/14/2026 17:35,28,-0.986579,RUNNING,28,-0.986579,RUNNING,28,-0.986579,RUNNING,28,-0.986579,RUNNING,28,-0.986579,RUNNING,-0.986579,Run1
513,07/14/2026 17:36,28,-0.986579,RUNNING,28,-0.986579,RUNNING,28,-0.986579,RUNNING,28,-0.986579,RUNNING,28,-0.986579,RUNNING,-0.986579,Run1
514,07/14/2026 17:37,28,-0.986579,RUNNING,28,-0.986579,RUNNING,28,-0.986579,RUNNING,28,-0.986579,RUNNING,28,-0.986579,RUNNING,-0.986579,Run1
515,07/14/2026 17:38,28,-0.986579,RUNNING,28,-0.986579,RUNNING,28,-0.986579,RUNNING,28,-0.986579,RUNNING,28,-0.986579,RUNNING,-0.986579,Run1
516,07/14/2026 17:39,28,-0.986579,RUNNING,28,-0.986579,RUNNING,28,-0.986579,RUNNING,28,-0.986579,RUNNING,28,-0.986579,RUNNING,-0.986579,Run1
517,07/14/2026 17:40,28,-0.986579,RUNNING,28,-0.986579,RUNNING,28,-0.986579,RUNNING,28,-0.986579,RUNNING,28,-0.986579,RUNNING,-0.986579,Run1
518,07/14/2026 17:41,28,-0.986579,RUNNING,28,-0.986579,RUNNING,28,-0.986579,RUNNING,28,-0.986579,RUNNING,28,-0.986579,RUNNING,-0.986579,Run1
519,07/14/2026 17:42,28,-0.986579,RUNNING,28,-0.986579,RUNNING,28,-0.986579,RUNNING,28,-0.986579,RUNNING,28,-0.986579,RUNNING,-0.986579,Run1
520,07/14/2026 17:43,28,-0.986579,RUNNING,28,-0.986579,RUNNING,28,-0.986579,RUNNING,28,-0.986579,RUNNING,28,-0.986579,RUNNING,-0.986579,Run1
521,07/14/2026 17:44,28,-0.986579,RUNNING,28,-0.986579,RUNNING,28,-0.986579,RUNNING,28,-0.986579,RUNNING,28,-0.986579,RUNNING,-0.986579,Run1
522,07/14/2026 17:45,28,-0.986579,RUNNING,28,-0.986579,RUNNING,28,-0.986579,RUNNING,28,-0.986579,RUNNING,28,-0.986579,RUNNING,-0.986579,Run1
523,07/14/2026 17:46,28,-0.986579,RUNNING,28,-0.986579,RUNNING,28,-0.986579,RUNNING,28,-0.986579,RUNNING,28,-0.986579,RUNNING,-0.986579,Run1
524,07/14/2026 17:47,28,-0.986579,RUNNING,28,-0.986579,RUNNING,28,-0.986579,RUNNING,28,-0.986579,RUNNING,28,-0.986579,RUNNING,-0.986579,Run1
525,07/14/2026 17:48,28,-0.986579,RUNNING,28,-0.986579,RUNNING,28,-0.986579,RUNNING,28,-0.986579,RUNNING,28,-0.986579,RUNNING,-0.986579,Run1
526,07/14/2026 17:49,28,-0.986579,RUNNING,28,-0.986579,RUNNING,28,-0.986579,RUNNING,28,-0.986579,RUNNING,28,-0.986579,RUNNING,-0.986579,Run1
527,07/14/2026 17:50,28,-0.986579,RUNNING,28,-0.986579,RUNNING,28,-0.986579,RUNNING,28,-0.986579,RUNNING,28,-0.986579,RUNNING,-0.986579,Run1
528,07/14/2026 17:51,28,-0.986579,RUNNING,28,-0.986579,RUNNING,28,-0.986579,RUNNING,28,-0.986579,RUNNING,28,-0.986579,RUNNING,-0.986579,Run1
529,07/14/2026 17:52,28,-0.986579,RUNNING,28,-0.986579,RUNNING,28,-0.986579,RUNNING,28,-0.986579,RUNNING,28,-0.986579,RUNNING,-0.986579,Run1
530,07/14/2026 17:53,28,-0.986579,RUNNING,28,-0.986579,RUNNING,28,-0.986579,RUNNING,28,-0.986579,RUNNING,28,-0.986579,RUNNING,-0.986579,Run1
531,07/14/2026 17:54,28,-0.986579,RUNNING,28,-0.986579,RUNNING,28,-0.986579,RUNNING,28,-0.986579,RUNNING,28,-0.986579,RUNNING,-0.986579,Run1
532,07/14/2026 17:55,28,-0.986579,RUNNING,28,-0.986579,RUNNING,28,-0.986579,RUNNING,28,-0.986579,RUNNING,28,-0.986579,RUNNING,-0.986579,Run1
533,07/14/2026 17:56,28,-0.986579,RUNNING,28,-0.986579,RUNNING,28,-0.986579,RUNNING,28,-0.986579,RUNNING,28,-0.986579,RUNNING,-0.986579,Run1
534,07/14/2026 17:57,28,-0.986579,RUNNING,28,-0.986579,RUNNING,28,-0.986579,RUNNING,28,-0.986579,RUNNING,28,-0.986579,RUNNING,-0.986579,Run1
535,07/14/2026 17:58,28,-0.986579,RUNNING,28,-0.986579,RUNNING,28,-0.986579,RUNNING,28,-0.986579,RUNNING,28,-0.986579,RUNNING,-0.986579,Run1
536,07/14/2026 17:59,28,-0.986579,RUNNING,28,-0.986579,RUNNING,28,-0.986579,RUNNING,28,-0.986579,RUNNING,28,-0.986579,RUNNING,-0.986579,Run1
537,07/14/2026 18:01,28,-0.986579,RUNNING,28,-0.986579,RUNNING,28,-0.986579,RUNNING,28,-0.986579,RUNNING,28,-0.986579,RUNNING,-0.986579,Run1
538,07/14/2026 18:02,28,-0.986579,RUNNING,28,-0.986579,RUNNING,28,-0.986579,RUNNING,28,-0.986579,RUNNING,28,-0.986579,RUNNING,-0.986579,Run1
539,07/14/2026 18:03,28,-0.986579,RUNNING,28,-0.986579,RUNNING,28,-0.986579,RUNNING,28,-0.986579,RUNNING,28,-0.986579,RUNNING,-0.986579,Run1
540,07/14/2026 18:04,28,-0.986579,RUNNING,28,-0.986579,RUNNING,28,-0.986579,RUNNING,28,-0.986579,RUNNING,28,-0.986579,RUNNING,-0.986579,Run1
541,07/14/2026 18:05,28,-0.986579,RUNNING,28,-0.986579,RUNNING,28,-0.986579,RUNNING,28,-0.986579,RUNNING,28,-0.986579,RUNNING,-0.986579,Run1
542,07/14/2026 18:06,28,-0.986579,RUNNING,28,-0.986579,RUNNING,28,-0.986579,RUNNING,28,-0.986579,RUNNING,28,-0.986579,RUNNING,-0.986579,Run1
543,07/14/2026 18:07,28,-0.986579,RUNNING,28,-0.986579,RUNNING,28,-0.986579,RUNNING,28,-0.986579,RUNNING,28,-0.986579,RUNNING,-0.986579,Run1
544,07/14/2026 18:08,28,-0.986579,RUNNING,28,-0.986579,RUNNING,28,-0.986579,RUNNING,28,-0.986579,RUNNING,28,-0.986579,RUNNING,-0.986579,Run1
545,07/14/2026 18:09,28,-0.986579,RUNNING,28,-0.986579,RUNNING,28,-0.986579,RUNNING,28,-0.986579,RUNNING,28,-0.986579,RUNNING,-0.986579,Run1
546,07/14/2026 18:10,28,-0.986579,RUNNING,28,-0.986579,RUNNING,28,-0.986579,RUNNING,28,-0.986579,RUNNING,28,-0.986579,RUNNING,-0.986579,Run1
547,07/14/2026 18:11,28,-0.986579,RUNNING,28,-0.986579,RUNNING,28,-0.986579,RUNNING,28,-0.986579,RUNNING,28,-0.986579,RUNNING,-0.986579,Run1
548,07/14/2026 18:12,28,-0.986579,RUNNING,28,-0.986579,RUNNING,28,-0.986579,RUNNING,28,-0.986579,RUNNING,28,-0.986579,RUNNING,-0.986579,Run1
549,07/14/2026 18:13,28,-0.986579,RUNNING,28,-0.986579,RUNNING,28,-0.986579,RUNNING,28,-0.986579,RUNNING,28,-0.986579,RUNNING,-0.986579,Run1
550,07/14/2026 18:14,28,-0.986579,RUNNING,28,-0.986579,RUNNING,28,-0.986579,RUNNING,28,-0.986579,RUNNING,28,-0.986579,RUNNING,-0.986579,Run1
551,07/14/2026 18:15,28,-0.986579,RUNNING,28,-0.986579,RUNNING,28,-0.986579,RUNNING,28,-0.986579,RUNNING,28,-0.986579,RUNNING,-0.986579,Run1
552,07/14/2026 18:16,28,-0.986579,RUNNING,28,-0.986579,RUNNING,28,-0.986579,RUNNING,28,-0.986579,RUNNING,28,-0.986579,RUNNING,-0.986579,Run1
553,07/14/2026 18:17,28,-0.986579,RUNNING,28,-0.986579,RUNNING,28,-0.986579,RUNNING,28,-0.986579,RUNNING,28,-0.986579,RUNNING,-0.986579,Run1
554,07/14/2026 18:18,28,-0.986579,RUNNING,28,-0.986579,RUNNING,28,-0.986579,RUNNING,28,-0.986579,RUNNING,28,-0.986579,RUNNING,-0.986579,Run1
555,07/14/2026 18:19,28,-0.986579,RUNNING,28,-0.986579,RUNNING,28,-0.986579,RUNNING,28,-0.986579,RUNNING,28,-0.986579,RUNNING,-0.986579,Run1
556,07/14/2026 18:20,28,-0.986579,RUNNING,28,-0.986579,RUNNING,28,-0.986579,RUNNING,28,-0.986579,RUNNING,28,-0.986579,RUNNING,-0.986579,Run1
557,07/14/2026 18:21,28,-0.986579,RUNNING,28,-0.986579,RUNNING,28,-0.986579,RUNNING,28,-0.986579,RUNNING,28,-0.986579,RUNNING,-0.986579,Run1
558,07/14/2026 18:22,28,-0.986579,RUNNING,28,-0.986579,RUNNING,28,-0.986579,RUNNING,28,-0.986579,RUNNING,28,-0.986579,RUNNING,-0.986579,Run1
559,07/14/2026 18:23,28,-0.986579,RUNNING,28,-0.986579,RUNNING,28,-0.986579,RUNNING,28,-0.986579,RUNNING,28,-0.986579,RUNNING,-0.986579,Run1
560,07/14/2026 18:24,28,-0.986579,RUNNING,28,-0.986579,RUNNING,28,-0.986579,RUNNING,28,-0.986579,RUNNING,28,-0.986579,RUNNING,-0.986579,Run1
561,07/14/2026 18:25,28,-0.986579,RUNNING,28,-0.986579,RUNNING,28,-0.986579,RUNNING,28,-0.986579,RUNNING,28,-0.986579,RUNNING,-0.986579,Run1
562,07/14/2026 18:26,28,-0.986579,RUNNING,28,-0.986579,RUNNING,28,-0.986579,RUNNING,28,-0.986579,RUNNING,28,-0.986579,RUNNING,-0.986579,Run1
563,07/14/2026 18:27,28,-0.986579,RUNNING,28,-0.986579,RUNNING,28,-0.986579,RUNNING,28,-0.986579,RUNNING,28,-0.986579,RUNNING,-0.986579,Run1
564,07/14/2026 18:28,28,-0.986579,RUNNING,28,-0.986579,RUNNING,28,-0.986579,RUNNING,28,-0.986579,RUNNING,28,-0.986579,RUNNING,-0.986579,Run1
565,07/14/2026 18:29,28,-0.986579,RUNNING,28,-0.986579,RUNNING,28,-0.986579,RUNNING,28,-0.986579,RUNNING,28,-0.986579,RUNNING,-0.986579,Run1
566,07/14/2026 18:30,28,-0.986579,RUNNING,28,-0.986579,RUNNING,28,-0.986579,RUNNING,28,-0.986579,RUNNING,28,-0.986579,RUNNING,-0.986579,Run1
567,07/14/2026 18:31,28,-0.986579,RUNNING,28,-0.986579,RUNNING,28,-0.986579,RUNNING,28,-0.986579,RUNNING,28,-0.986579,RUNNING,-0.986579,Run1
568,07/14/2026 18:32,28,-0.986579,RUNNING,28,-0.986579,RUNNING,28,-0.986579,RUNNING,28,-0.986579,RUNNING,28,-0.986579,RUNNING,-0.986579,Run1
569,07/14/2026 18:33,28,-0.986579,RUNNING,28,-0.986579,RUNNING,28,-0.986579,RUNNING,28,-0.986579,RUNNING,28,-0.986579,RUNNING,-0.986579,Run1
570,07/14/2026 18:34,28,-0.986579,RUNNING,28,-0.986579,RUNNING,28,-0.986579,RUNNING,28,-0.986579,RUNNING,28,-0.986579,RUNNING,-0.986579,Run1
571,07/14/2026 18:36,28,-0.986579,RUNNING,28,-0.986579,RUNNING,28,-0.986579,RUNNING,28,-0.986579,RUNNING,28,-0.986579,RUNNING,-0.986579,Run1
572,07/14/2026 18:37,28,-0.986579,RUNNING,28,-0.986579,RUNNING,28,-0.986579,RUNNING,28,-0.986579,RUNNING,28,-0.986579,RUNNING,-0.986579,Run1
573,07/14/2026 18:38,28,-0.986579,RUNNING,28,-0.986579,RUNNING,28,-0.986579,RUNNING,28,-0.986579,RUNNING,28,-0.986579,RUNNING,-0.986579,Run1
574,07/14/2026 18:39,28,-0.986579,RUNNING,28,-0.986579,RUNNING,28,-0.986579,RUNNING,28,-0.986579,RUNNING,28,-0.986579,RUNNING,-0.986579,Run1
575,07/14/2026 18:40,28,-0.986579,RUNNING,28,-0.986579,RUNNING,28,-0.986579,RUNNING,28,-0.986579,RUNNING,28,-0.986579,RUNNING,-0.986579,Run1
576,07/14/2026 18:41,28,-0.986579,RUNNING,28,-0.986579,RUNNING,28,-0.986579,RUNNING,28,-0.986579,RUNNING,28,-0.986579,RUNNING,-0.986579,Run1
577,07/14/2026 18:42,28,-0.986579,RUNNING,28,-0.986579,RUNNING,28,-0.986579,RUNNING,28,-0.986579,RUNNING,28,-0.986579,RUNNING,-0.986579,Run1
578,07/14/2026 18:43,28,-0.986579,RUNNING,28,-0.986579,RUNNING,28,-0.986579,RUNNING,28,-0.986579,RUNNING,28,-0.986579,RUNNING,-0.986579,Run1
579,07/14/2026 18:44,28,-0.986579,RUNNING,28,-0.986579,RUNNING,28,-0.986579,RUNNING,28,-0.986579,RUNNING,28,-0.986579,RUNNING,-0.986579,Run1
580,07/14/2026 18:45,28,-0.986579,RUNNING,28,-0.986579,RUNNING,28,-0.986579,RUNNING,28,-0.986579,RUNNING,28,-0.986579,RUNNING,-0.986579,Run1
581,07/14/2026 18:46,28,-0.986579,RUNNING,28,-0.986579,RUNNING,28,-0.986579,RUNNING,28,-0.986579,RUNNING,28,-0.986579,RUNNING,-0.986579,Run1
582,07/14/2026 18:47,28,-0.986579,RUNNING,28,-0.986579,RUNNING,28,-0.986579,RUNNING,28,-0.986579,RUNNING,28,-0.986579,RUNNING,-0.986579,Run1
583,07/14/2026 18:48,28,-0.986579,RUNNING,28,-0.986579,RUNNING,28,-0.986579,RUNNING,28,-0.986579,RUNNING,28,-0.986579,RUNNING,-0.986579,Run1
584,07/14/2026 18:49,28,-0.986579,RUNNING,28,-0.986579,RUNNING,28,-0.986579,RUNNING,28,-0.986579,RUNNING,28,-0.986579,RUNNING,-0.986579,Run1
585,07/14/2026 18:50,28,-0.986579,RUNNING,28,-0.986579,RUNNING,28,-0.986579,RUNNING,28,-0.986579,RUNNING,28,-0.986579,RUNNING,-0.986579,Run1
586,07/14/2026 18:51,28,-0.986579,RUNNING,28,-0.986579,RUNNING,28,-0.986579,RUNNING,28,-0.986579,RUNNING,28,-0.986579,RUNNING,-0.986579,Run1
587,07/14/2026 18:52,28,-0.986579,RUNNING,28,-0.986579,RUNNING,28,-0.986579,RUNNING,28,-0.986579,RUNNING,28,-0.986579,RUNNING,-0.986579,Run1
588,07/14/2026 18:53,28,-0.986579,RUNNING,28,-0.986579,RUNNING,28,-0.986579,RUNNING,28,-0.986579,RUNNING,28,-0.986579,RUNNING,-0.986579,Run1
589,07/14/2026 18:54,28,-0.986579,RUNNING,28,-0.986579,RUNNING,28,-0.986579,RUNNING,28,-0.986579,RUNNING,28,-0.986579,RUNNING,-0.986579,Run1
590,07/14/2026 18:55,28,-0.986579,RUNNING,28,-0.986579,RUNNING,28,-0.986579,RUNNING,28,-0.986579,RUNNING,28,-0.986579,RUNNING,-0.986579,Run1
591,07/14/2026 18:56,28,-0.986579,RUNNING,28,-0.986579,RUNNING,28,-0.986579,RUNNING,28,-0.986579,RUNNING,28,-0.986579,RUNNING,-0.986579,Run1
592,07/14/2026 18:57,28,-0.986579,RUNNING,28,-0.986579,RUNNING,28,-0.986579,RUNNING,28,-0.986579,RUNNING,28,-0.986579,RUNNING,-0.986579,Run1
593,07/14/2026 18:58,28,-0.986579,RUNNING,28,-0.986579,RUNNING,28,-0.986579,RUNNING,28,-0.986579,RUNNING,28,-0.986579,RUNNING,-0.986579,Run1
594,07/14/2026 18:59,28,-0.986579,RUNNING,28,-0.986579,RUNNING,28,-0.986579,RUNNING,28,-0.986579,RUNNING,28,-0.986579,RUNNING,-0.986579,Run1
595,07/14/2026 19:00,28,-0.986579,RUNNING,28,-0.986579,RUNNING,28,-0.986579,RUNNING,28,-0.986579,RUNNING,28,-0.986579,RUNNING,-0.986579,Run1
596,07/14/2026 19:01,28,-0.986579,RUNNING,28,-0.986579,RUNNING,28,-0.986579,RUNNING,28,-0.986579,RUNNING,28,-0.986579,RUNNING,-0.986579,Run1
597,07/14/2026 19:02,28,-0.986579,RUNNING,28,-0.986579,RUNNING,28,-0.986579,RUNNING,28,-0.986579,RUNNING,28,-0.986579,RUNNING,-0.986579,Run1
598,07/14/2026 19:03,28,-0.986579,RUNNING,28,-0.986579,RUNNING,28,-0.986579,RUNNING,28,-0.986579,RUNNING,28,-0.986579,RUNNING,-0.986579,Run1
599,07/14/2026 19:04,28,-0.986579,RUNNING,28,-0.986579,RUNNING,28,-0.986579,RUNNING,28,-0.986579,RUNNING,28,-0.986579,RUNNING,-0.986579,Run1
600,07/14/2026 19:05,28,-0.986579,RUNNING,28,-0.986579,RUNNING,28,-0.986579,RUNNING,28,-0.986579,RUNNING,28,-0.986579,RUNNING,-0.986579,Run1
601,07/14/2026 19:06,28,-0.986579,RUNNING,28,-0.986579,RUNNING,28,-0.986579,RUNNING,28,-0.986579,RUNNING,28,-0.986579,RUNNING,-0.986579,Run1
602,07/14/2026 19:07,28,-0.986579,RUNNING,28,-0.986579,RUNNING,28,-0.986579,RUNNING,28,-0.986579,RUNNING,28,-0.986579,RUNNING,-0.986579,Run1
603,07/14/2026 19:08,28,-0.986579,RUNNING,28,-0.986579,RUNNING,28,-0.986579,RUNNING,28,-0.986579,RUNNING,28,-0.986579,RUNNING,-0.986579,Run1
604,07/14/2026 19:09,28,-0.986579,RUNNING,28,-0.986579,RUNNING,28,-0.986579,RUNNING,28,-0.986579,RUNNING,28,-0.986579,RUNNING,-0.986579,Run1
605,07/14/2026 19:10,28,-0.986579,RUNNING,28,-0.986579,RUNNING,28,-0.986579,RUNNING,28,-0.986579,RUNNING,28,-0.986579,RUNNING,-0.986579,Run1
606,07/14/2026 19:11,28,-0.986579,RUNNING,28,-0.986579,RUNNING,28,-0.986579,RUNNING,28,-0.986579,RUNNING,28,-0.986579,RUNNING,-0.986579,Run1
607,07/14/2026 19:12,28,-0.986579,RUNNING,28,-0.986579,RUNNING,28,-0.986579,RUNNING,28,-0.986579,RUNNING,28,-0.986579,RUNNING,-0.986579,Run1
608,07/14/2026 19:13,28,-0.986579,RUNNING,28,-0.986579,RUNNING,28,-0.986579,RUNNING,28,-0.986579,RUNNING,28,-0.986579,RUNNING,-0.986579,Run1
609,07/14/2026 19:14,28,-0.986579,RUNNING,28,-0.986579,RUNNING,28,-0.986579,RUNNING,28,-0.986579,RUNNING,28,-0.986579,RUNNING,-0.986579,Run1
610,07/14/2026 19:16,28,-0.986579,RUNNING,28,-0.986579,RUNNING,28,-0.986579,RUNNING,28,-0.986579,RUNNING,28,-0.986579,RUNNING,-0.986579,Run1
611,07/14/2026 19:17,28,-0.986579,RUNNING,28,-0.986579,RUNNING,28,-0.986579,RUNNING,28,-0.986579,RUNNING,28,-0.986579,RUNNING,-0.986579,Run1
612,07/14/2026 19:18,28,-0.986579,RUNNING,28,-0.986579,RUNNING,28,-0.986579,RUNNING,28,-0.986579,RUNNING,28,-0.986579,RUNNING,-0.986579,Run1
613,07/14/2026 19:19,28,-0.986579,RUNNING,28,-0.986579,RUNNING,28,-0.986579,RUNNING,28,-0.986579,RUNNING,28,-0.986579,RUNNING,-0.986579,Run1
614,07/14/2026 19:20,28,-0.986579,RUNNING,28,-0.986579,RUNNING,28,-0.986579,RUNNING,28,-0.986579,RUNNING,28,-0.986579,RUNNING,-0.986579,Run1
615,07/14/2026 19:21,28,-0.986579,RUNNING,28,-0.986579,RUNNING,28,-0.986579,RUNNING,28,-0.986579,RUNNING,28,-0.986579,RUNNING,-0.986579,Run1
616,07/14/2026 19:22,28,-0.986579,RUNNING,28,-0.986579,RUNNING,28,-0.986579,RUNNING,28,-0.986579,RUNNING,28,-0.986579,RUNNING,-0.986579,Run1
617,07/14/2026 19:23,28,-0.986579,RUNNING,28,-0.986579,RUNNING,28,-0.986579,RUNNING,28,-0.986579,RUNNING,28,-0.986579,RUNNING,-0.986579,Run1
618,07/14/2026 19:24,28,-0.986579,RUNNING,28,-0.986579,RUNNING,28,-0.986579,RUNNING,28,-0.986579,RUNNING,28,-0.986579,RUNNING,-0.986579,Run1
619,07/14/2026 19:25,28,-0.986579,RUNNING,28,-0.986579,RUNNING,28,-0.986579,RUNNING,28,-0.986579,RUNNING,28,-0.986579,RUNNING,-0.986579,Run1
620,07/14/2026 19:26,28,-0.986579,RUNNING,28,-0.986579,RUNNING,28,-0.986579,RUNNING,28,-0.986579,RUNNING,28,-0.986579,RUNNING,-0.986579,Run1
621,07/14/2026 19:27,28,-0.986579,RUNNING,28,-0.986579,RUNNING,28,-0.986579,RUNNING,28,-0.986579,RUNNING,28,-0.986579,RUNNING,-0.986579,Run1
622,07/14/2026 19:28,28,-0.986579,RUNNING,28,-0.986579,RUNNING,28,-0.986579,RUNNING,28,-0.986579,RUNNING,28,-0.986579,RUNNING,-0.986579,Run1
623,07/14/2026 19:29,28,-0.986579,RUNNING,28,-0.986579,RUNNING,28,-0.986579,RUNNING,28,-0.986579,RUNNING,28,-0.986579,RUNNING,-0.986579,Run1
624,07/14/2026 19:30,28,-0.986579,RUNNING,28,-0.986579,RUNNING,28,-0.986579,RUNNING,28,-0.986579,RUNNING,28,-0.986579,RUNNING,-0.986579,Run1
625,07/14/2026 19:31,28,-0.986579,RUNNING,28,-0.986579,RUNNING,28,-0.986579,RUNNING,28,-0.986579,RUNNING,28,-0.986579,RUNNING,-0.986579,Run1
626,07/14/2026 19:32,28,-0.986579,RUNNING,28,-0.986579,RUNNING,28,-0.986579,RUNNING,28,-0.986579,RUNNING,28,-0.986579,RUNNING,-0.986579,Run1
627,07/14/2026 19:33,28,-0.986579,RUNNING,28,-0.986579,RUNNING,28,-0.986579,RUNNING,28,-0.986579,RUNNING,28,-0.986579,RUNNING,-0.986579,Run1
628,07/14/2026 19:34,28,-0.986579,RUNNING,28,-0.986579,RUNNING,28,-0.986579,RUNNING,28,-0.986579,RUNNING,28,-0.986579,RUNNING,-0.986579,Run1
629,07/14/2026 19:35,28,-0.986579,RUNNING,28,-0.986579,RUNNING,28,-0.986579,RUNNING,28,-0.986579,RUNNING,28,-0.986579,RUNNING,-0.986579,Run1
630,07/14/2026 19:36,28,-0.986579,RUNNING,28,-0.986579,RUNNING,28,-0.986579,RUNNING,28,-0.986579,RUNNING,28,-0.986579,RUNNING,-0.986579,Run1
631,07/14/2026 19:37,28,-0.986579,RUNNING,28,-0.986579,RUNNING,28,-0.986579,RUNNING,28,-0.986579,RUNNING,28,-0.986579,RUNNING,-0.986579,Run1
632,07/14/2026 19:38,28,-0.986579,RUNNING,28,-0.986579,RUNNING,28,-0.986579,RUNNING,28,-0.986579,RUNNING,28,-0.986579,RUNNING,-0.986579,Run1
633,07/14/2026 19:39,28,-0.986579,RUNNING,28,-0.986579,RUNNING,28,-0.986579,RUNNING,28,-0.986579,RUNNING,28,-0.986579,RUNNING,-0.986579,Run1
634,07/14/2026 19:40,28,-0.986579,RUNNING,28,-0.986579,RUNNING,28,-0.986579,RUNNING,28,-0.986579,RUNNING,28,-0.986579,RUNNING,-0.986579,Run1
635,07/14/2026 19:41,28,-0.986579,RUNNING,28,-0.986579,RUNNING,28,-0.986579,RUNNING,28,-0.986579,RUNNING,28,-0.986579,RUNNING,-0.986579,Run1
636,07/14/2026 19:42,28,-0.986579,RUNNING,28,-0.986579,RUNNING,28,-0.986579,RUNNING,28,-0.986579,RUNNING,28,-0.986579,RUNNING,-0.986579,Run1
637,07/14/2026 19:43,28,-0.986579,RUNNING,28,-0.986579,RUNNING,28,-0.986579,RUNNING,28,-0.986579,RUNNING,28,-0.986579,RUNNING,-0.986579,Run1
638,07/14/2026 19:44,28,-0.986579,RUNNING,28,-0.986579,RUNNING,28,-0.986579,RUNNING,28,-0.986579,RUNNING,28,-0.986579,RUNNING,-0.986579,Run1
639,07/14/2026 19:45,28,-0.986579,RUNNING,28,-0.986579,RUNNING,28,-0.986579,RUNNING,28,-0.986579,RUNNING,28,-0.986579,RUNNING,-0.986579,Run1
640,07/14/2026 19:46,28,-0.986579,RUNNING,28,-0.986579,RUNNING,28,-0.986579,RUNNING,28,-0.986579,RUNNING,28,-0.986579,RUNNING,-0.986579,Run1
641,07/14/2026 19:47,28,-0.986579,RUNNING,28,-0.986579,RUNNING,28,-0.986579,RUNNING,28,-0.986579,RUNNING,28,-0.986579,RUNNING,-0.986579,Run1
642,07/14/2026 19:48,28,-0.986579,RUNNING,28,-0.986579,RUNNING,28,-0.986579,RUNNING,28,-0.986579,RUNNING,28,-0.986579,RUNNING,-0.986579,Run1
643,07/14/2026 19:49,28,-0.986579,RUNNING,28,-0.986579,RUNNING,28,-0.986579,RUNNING,28,-0.986579,RUNNING,28,-0.986579,RUNNING,-0.986579,Run1
644,07/14/2026 19:50,28,-0.986579,RUNNING,28,-0.986579,RUNNING,28,-0.986579,RUNNING,28,-0.986579,RUNNING,28,-0.986579,RUNNING,-0.986579,Run1
645,07/14/2026 19:51,28,-0.986579,RUNNING,28,-0.986579,RUNNING,28,-0.986579,RUNNING,28,-0.986579,RUNNING,28,-0.986579,RUNNING,-0.986579,Run1
646,07/14/2026 19:52,28,-0.986579,RUNNING,28,-0.986579,RUNNING,28,-0.986579,RUNNING,28,-0.986579,RUNNING,28,-0.986579,RUNNING,-0.986579,Run1
647,07/14/2026 19:53,28,-0.986579,RUNNING,28,-0.986579,RUNNING,28,-0.986579,RUNNING,28,-0.986579,RUNNING,28,-0.986579,RUNNING,-0.986579,Run1
648,07/14/2026 19:54,28,-0.986579,RUNNING,28,-0.986579,RUNNING,28,-0.986579,RUNNING,28,-0.986579,RUNNING,28,-0.986579,RUNNING,-0.986579,Run1
649,07/14/2026 19:55,28,-0.986579,RUNNING,28,-0.986579,RUNNING,28,-0.986579,RUNNING,28,-0.986579,RUNNING,28,-0.986579,RUNNING,-0.986579,Run1
650,07/14/2026 19:56,29,-0.986645,RUNNING,29,-0.986645,RUNNING,29,-0.986645,RUNNING,29,-0.986645,RUNNING,29,-0.986645,RUNNING,-0.986645,Run1
651,07/14/2026 19:58,29,-0.986645,RUNNING,29,-0.986645,RUNNING,29,-0.986645,RUNNING,29,-0.986645,RUNNING,29,-0.986645,RUNNING,-0.986645,Run1
652,07/14/2026 19:59,29,-0.986645,RUNNING,29,-0.986645,RUNNING,29,-0.986645,RUNNING,29,-0.986645,RUNNING,29,-0.986645,RUNNING,-0.986645,Run1
653,07/14/2026 20:00,29,-0.986645,RUNNING,29,-0.986645,RUNNING,29,-0.986645,RUNNING,29,-0.986645,RUNNING,29,-0.986645,RUNNING,-0.986645,Run1
654,07/14/2026 20:01,29,-0.986645,RUNNING,29,-0.986645,RUNNING,29,-0.986645,RUNNING,29,-0.986645,RUNNING,29,-0.986645,RUNNING,-0.986645,Run1
655,07/14/2026 20:02,29,-0.986645,RUNNING,29,-0.986645,RUNNING,29,-0.986645,RUNNING,29,-0.986645,RUNNING,29,-0.986645,RUNNING,-0.986645,Run1
656,07/14/2026 20:03,29,-0.986645,RUNNING,29,-0.986645,RUNNING,29,-0.986645,RUNNING,29,-0.986645,RUNNING,29,-0.986645,RUNNING,-0.986645,Run1
657,07/14/2026 20:04,29,-0.986645,RUNNING,29,-0.986645,RUNNING,29,-0.986645,RUNNING,29,-0.986645,RUNNING,29,-0.986645,RUNNING,-0.986645,Run1
658,07/14/2026 20:05,29,-0.986645,RUNNING,29,-0.986645,RUNNING,29,-0.986645,RUNNING,29,-0.986645,RUNNING,29,-0.986645,RUNNING,-0.986645,Run1
659,07/14/2026 20:06,29,-0.986645,RUNNING,29,-0.986645,RUNNING,29,-0.986645,RUNNING,29,-0.986645,RUNNING,29,-0.986645,RUNNING,-0.986645,Run1
660,07/14/2026 20:07,29,-0.986645,RUNNING,29,-0.986645,RUNNING,29,-0.986645,RUNNING,29,-0.986645,RUNNING,29,-0.986645,RUNNING,-0.986645,Run1
661,07/14/2026 20:08,29,-0.986645,RUNNING,29,-0.986645,RUNNING,29,-0.986645,RUNNING,29,-0.986645,RUNNING,29,-0.986645,RUNNING,-0.986645,Run1
662,07/14/2026 20:09,29,-0.986645,RUNNING,29,-0.986645,RUNNING,29,-0.986645,RUNNING,29,-0.986645,RUNNING,29,-0.986645,RUNNING,-0.986645,Run1
663,07/14/2026 20:10,29,-0.986645,RUNNING,29,-0.986645,RUNNING,29,-0.986645,RUNNING,29,-0.986645,RUNNING,29,-0.986645,RUNNING,-0.986645,Run1
664,07/14/2026 20:11,29,-0.986645,RUNNING,29,-0.986645,RUNNING,29,-0.986645,RUNNING,29,-0.986645,RUNNING,29,-0.986645,RUNNING,-0.986645,Run1
665,07/14/2026 20:12,29,-0.986645,RUNNING,29,-0.986645,RUNNING,29,-0.986645,RUNNING,29,-0.986645,RUNNING,29,-0.986645,RUNNING,-0.986645,Run1
666,07/14/2026 20:13,29,-0.986645,RUNNING,29,-0.986645,RUNNING,29,-0.986645,RUNNING,29,-0.986645,RUNNING,29,-0.986645,RUNNING,-0.986645,Run1
667,07/14/2026 20:14,29,-0.986645,RUNNING,29,-0.986645,RUNNING,29,-0.986645,RUNNING,29,-0.986645,RUNNING,29,-0.986645,RUNNING,-0.986645,Run1
668,07/14/2026 20:15,29,-0.986645,RUNNING,29,-0.986645,RUNNING,29,-0.986645,RUNNING,29,-0.986645,RUNNING,29,-0.986645,RUNNING,-0.986645,Run1
669,07/14/2026 20:16,29,-0.986645,RUNNING,29,-0.986645,RUNNING,29,-0.986645,RUNNING,29,-0.986645,RUNNING,29,-0.986645,RUNNING,-0.986645,Run1
670,07/14/2026 20:17,29,-0.986645,RUNNING,29,-0.986645,RUNNING,29,-0.986645,RUNNING,29,-0.986645,RUNNING,29,-0.986645,RUNNING,-0.986645,Run1
671,07/14/2026 20:18,29,-0.986645,RUNNING,29,-0.986645,RUNNING,29,-0.986645,RUNNING,29,-0.986645,RUNNING,29,-0.986645,RUNNING,-0.986645,Run1
672,07/14/2026 20:19,29,-0.986645,RUNNING,29,-0.986645,RUNNING,29,-0.986645,RUNNING,29,-0.986645,RUNNING,29,-0.986645,RUNNING,-0.986645,Run1
673,07/14/2026 20:20,29,-0.986645,RUNNING,29,-0.986645,RUNNING,29,-0.986645,RUNNING,29,-0.986645,RUNNING,29,-0.986645,RUNNING,-0.986645,Run1
674,07/14/2026 20:21,29,-0.986645,RUNNING,29,-0.986645,RUNNING,29,-0.986645,RUNNING,29,-0.986645,RUNNING,29,-0.986645,RUNNING,-0.986645,Run1
675,07/14/2026 20:22,29,-0.986645,RUNNING,29,-0.986645,RUNNING,29,-0.986645,RUNNING,29,-0.986645,RUNNING,29,-0.986645,RUNNING,-0.986645,Run1
676,07/14/2026 20:23,29,-0.986645,RUNNING,29,-0.986645,RUNNING,29,-0.986645,RUNNING,29,-0.986645,RUNNING,29,-0.986645,RUNNING,-0.986645,Run1
677,07/14/2026 20:24,29,-0.986645,RUNNING,29,-0.986645,RUNNING,29,-0.986645,RUNNING,29,-0.986645,RUNNING,29,-0.986645,RUNNING,-0.986645,Run1
678,07/14/2026 20:25,29,-0.986645,RUNNING,29,-0.986645,RUNNING,29,-0.986645,RUNNING,29,-0.986645,RUNNING,29,-0.986645,RUNNING,-0.986645,Run1
679,07/14/2026 20:26,29,-0.986645,RUNNING,29,-0.986645,RUNNING,29,-0.986645,RUNNING,29,-0.986645,RUNNING,29,-0.986645,RUNNING,-0.986645,Run1
680,07/14/2026 20:27,29,-0.986645,RUNNING,29,-0.986645,RUNNING,29,-0.986645,RUNNING,29,-0.986645,RUNNING,29,-0.986645,RUNNING,-0.986645,Run1
681,07/14/2026 20:28,29,-0.986645,RUNNING,29,-0.986645,RUNNING,29,-0.986645,RUNNING,29,-0.986645,RUNNING,29,-0.986645,RUNNING,-0.986645,Run1
682,07/14/2026 20:29,29,-0.986645,RUNNING,29,-0.986645,RUNNING,29,-0.986645,RUNNING,29,-0.986645,RUNNING,29,-0.986645,RUNNING,-0.986645,Run1
683,07/14/2026 20:30,29,-0.986645,RUNNING,29,-0.986645,RUNNING,29,-0.986645,RUNNING,29,-0.986645,RUNNING,29,-0.986645,RUNNING,-0.986645,Run1
684,07/14/2026 20:31,29,-0.986645,RUNNING,29,-0.986645,RUNNING,29,-0.986645,RUNNING,29,-0.986645,RUNNING,29,-0.986645,RUNNING,-0.986645,Run1
685,07/14/2026 20:32,29,-0.986645,RUNNING,29,-0.986645,RUNNING,29,-0.986645,RUNNING,29,-0.986645,RUNNING,29,-0.986645,RUNNING,-0.986645,Run1
686,07/14/2026 20:33,29,-0.986645,RUNNING,29,-0.986645,RUNNING,29,-0.986645,RUNNING,29,-0.986645,RUNNING,29,-0.986645,RUNNING,-0.986645,Run1
687,07/14/2026 20:35,29,-0.986645,RUNNING,29,-0.986645,RUNNING,29,-0.986645,RUNNING,29,-0.986645,RUNNING,29,-0.986645,RUNNING,-0.986645,Run1
688,07/14/2026 20:36,29,-0.986645,RUNNING,29,-0.986645,RUNNING,29,-0.986645,RUNNING,29,-0.986645,RUNNING,29,-0.986645,RUNNING,-0.986645,Run1
689,07/14/2026 20:37,29,-0.986645,RUNNING,29,-0.986645,RUNNING,29,-0.986645,RUNNING,29,-0.986645,RUNNING,29,-0.986645,RUNNING,-0.986645,Run1
690,07/14/2026 20:38,29,-0.986645,RUNNING,29,-0.986645,RUNNING,29,-0.986645,RUNNING,29,-0.986645,RUNNING,29,-0.986645,RUNNING,-0.986645,Run1
691,07/14/2026 20:39,29,-0.986645,RUNNING,29,-0.986645,RUNNING,29,-0.986645,RUNNING,29,-0.986645,RUNNING,29,-0.986645,RUNNING,-0.986645,Run1
692,07/14/2026 20:40,29,-0.986645,RUNNING,29,-0.986645,RUNNING,29,-0.986645,RUNNING,29,-0.986645,RUNNING,29,-0.986645,RUNNING,-0.986645,Run1
693,07/14/2026 20:41,29,-0.986645,RUNNING,29,-0.986645,RUNNING,29,-0.986645,RUNNING,29,-0.986645,RUNNING,29,-0.986645,RUNNING,-0.986645,Run1
694,07/14/2026 20:42,29,-0.986645,RUNNING,29,-0.986645,RUNNING,29,-0.986645,RUNNING,29,-0.986645,RUNNING,29,-0.986645,RUNNING,-0.986645,Run1
695,07/14/2026 20:43,29,-0.986645,RUNNING,29,-0.986645,RUNNING,29,-0.986645,RUNNING,29,-0.986645,RUNNING,29,-0.986645,RUNNING,-0.986645,Run1
696,07/14/2026 20:44,29,-0.986645,RUNNING,29,-0.986645,RUNNING,29,-0.986645,RUNNING,29,-0.986645,RUNNING,29,-0.986645,RUNNING,-0.986645,Run1
697,07/14/2026 20:45,29,-0.986645,RUNNING,29,-0.986645,RUNNING,29,-0.986645,RUNNING,29,-0.986645,RUNNING,29,-0.986645,RUNNING,-0.986645,Run1
698,07/14/2026 20:46,29,-0.986645,RUNNING,29,-0.986645,RUNNING,29,-0.986645,RUNNING,29,-0.986645,RUNNING,29,-0.986645,RUNNING,-0.986645,Run1
699,07/14/2026 20:47,29,-0.986645,RUNNING,29,-0.986645,RUNNING,29,-0.986645,RUNNING,29,-0.986645,RUNNING,29,-0.986645,RUNNING,-0.986645,Run1
700,07/14/2026 20:48,29,-0.986645,RUNNING,29,-0.986645,RUNNING,29,-0.986645,RUNNING,29,-0.986645,RUNNING,29,-0.986645,RUNNING,-0.986645,Run1
701,07/14/2026 20:49,29,-0.986645,RUNNING,29,-0.986645,RUNNING,29,-0.986645,RUNNING,29,-0.986645,RUNNING,29,-0.986645,RUNNING,-0.986645,Run1
702,07/14/2026 20:50,29,-0.986645,RUNNING,29,-0.986645,RUNNING,29,-0.986645,RUNNING,29,-0.986645,RUNNING,29,-0.986645,RUNNING,-0.986645,Run1
703,07/14/2026 20:51,29,-0.986645,RUNNING,29,-0.986645,RUNNING,29,-0.986645,RUNNING,29,-0.986645,RUNNING,29,-0.986645,RUNNING,-0.986645,Run1
704,07/14/2026 20:52,29,-0.986645,RUNNING,29,-0.986645,RUNNING,29,-0.986645,RUNNING,29,-0.986645,RUNNING,29,-0.986645,RUNNING,-0.986645,Run1
705,07/14/2026 20:53,29,-0.986645,RUNNING,29,-0.986645,RUNNING,29,-0.986645,RUNNING,29,-0.986645,RUNNING,29,-0.986645,RUNNING,-0.986645,Run1
706,07/14/2026 20:54,29,-0.986645,RUNNING,29,-0.986645,RUNNING,29,-0.986645,RUNNING,29,-0.986645,RUNNING,29,-0.986645,RUNNING,-0.986645,Run1
707,07/14/2026 20:55,29,-0.986645,RUNNING,29,-0.986645,RUNNING,29,-0.986645,RUNNING,29,-0.986645,RUNNING,29,-0.986645,RUNNING,-0.986645,Run1
708,07/14/2026 20:56,29,-0.986645,RUNNING,29,-0.986645,RUNNING,29,-0.986645,RUNNING,29,-0.986645,RUNNING,29,-0.986645,RUNNING,-0.986645,Run1
709,07/14/2026 20:57,29,-0.986645,RUNNING,29,-0.986645,RUNNING,29,-0.986645,RUNNING,29,-0.986645,RUNNING,29,-0.986645,RUNNING,-0.986645,Run1
710,07/14/2026 20:58,29,-0.986645,RUNNING,29,-0.986645,RUNNING,29,-0.986645,RUNNING,29,-0.986645,RUNNING,29,-0.986645,RUNNING,-0.986645,Run1
711,07/14/2026 20:59,29,-0.986645,RUNNING,29,-0.986645,RUNNING,29,-0.986645,RUNNING,29,-0.986645,RUNNING,29,-0.986645,RUNNING,-0.986645,Run1
712,07/14/2026 21:00,29,-0.986645,RUNNING,29,-0.986645,RUNNING,29,-0.986645,RUNNING,29,-0.986645,RUNNING,29,-0.986645,RUNNING,-0.986645,Run1
713,07/14/2026 21:01,29,-0.986645,RUNNING,29,-0.986645,RUNNING,29,-0.986645,RUNNING,29,-0.986645,RUNNING,29,-0.986645,RUNNING,-0.986645,Run1
714,07/14/2026 21:02,29,-0.986645,RUNNING,29,-0.986645,RUNNING,29,-0.986645,RUNNING,29,-0.986645,RUNNING,29,-0.986645,RUNNING,-0.986645,Run1
715,07/14/2026 21:10,29,-0.986645,RUNNING,29,-0.986645,RUNNING,29,-0.986645,RUNNING,29,-0.986645,RUNNING,29,-0.986645,RUNNING,-0.986645,Run1
716,07/14/2026 21:12,29,-0.986645,RUNNING,29,-0.986645,RUNNING,29,-0.986645,RUNNING,29,-0.986645,RUNNING,29,-0.986645,RUNNING,-0.986645,Run1
717,07/14/2026 21:13,29,-0.986645,RUNNING,29,-0.986645,RUNNING,29,-0.986645,RUNNING,29,-0.986645,RUNNING,29,-0.986645,RUNNING,-0.986645,Run1
718,07/14/2026 21:14,29,-0.986645,RUNNING,29,-0.986645,RUNNING,29,-0.986645,RUNNING,29,-0.986645,RUNNING,29,-0.986645,RUNNING,-0.986645,Run1
719,07/14/2026 21:17,29,-0.986645,RUNNING,29,-0.986645,RUNNING,29,-0.986645,RUNNING,29,-0.986645,RUNNING,29,-0.986645,RUNNING,-0.986645,Run1
720,07/14/2026 21:18,29,-0.986645,RUNNING,29,-0.986645,RUNNING,29,-0.986645,RUNNING,29,-0.986645,RUNNING,29,-0.986645,RUNNING,-0.986645,Run1
721,07/14/2026 21:25,29,-0.986645,RUNNING,29,-0.986645,RUNNING,29,-0.986645,RUNNING,29,-0.986645,RUNNING,29,-0.986645,RUNNING,-0.986645,Run1
722,07/14/2026 21:27,29,-0.986645,RUNNING,29,-0.986645,RUNNING,29,-0.986645,RUNNING,29,-0.986645,RUNNING,29,-0.986645,RUNNING,-0.986645,Run1
723,07/14/2026 21:32,29,-0.986645,RUNNING,29,-0.986645,RUNNING,29,-0.986645,RUNNING,29,-0.986645,RUNNING,29,-0.986645,RUNNING,-0.986645,Run1
724,07/14/2026 21:39,29,-0.986645,RUNNING,29,-0.986645,RUNNING,29,-0.986645,RUNNING,29,-0.986645,RUNNING,29,-0.986645,RUNNING,-0.986645,Run1
725,07/14/2026 21:40,29,-0.986645,RUNNING,29,-0.986645,RUNNING,29,-0.986645,RUNNING,29,-0.986645,RUNNING,29,-0.986645,RUNNING,-0.986645,Run1
726,07/14/2026 21:41,29,-0.986645,RUNNING,29,-0.986645,RUNNING,29,-0.986645,RUNNING,29,-0.986645,RUNNING,29,-0.986645,RUNNING,-0.986645,Run1
727,07/14/2026 21:42,29,-0.986645,RUNNING,29,-0.986645,RUNNING,29,-0.986645,RUNNING,29,-0.986645,RUNNING,29,-0.986645,RUNNING,-0.986645,Run1
728,07/14/2026 21:43,29,-0.986645,RUNNING,29,-0.986645,RUNNING,29,-0.986645,RUNNING,29,-0.986645,RUNNING,29,-0.986645,RUNNING,-0.986645,Run1
729,07/14/2026 21:44,29,-0.986645,RUNNING,29,-0.986645,RUNNING,29,-0.986645,RUNNING,29,-0.986645,RUNNING,29,-0.986645,RUNNING,-0.986645,Run1
730,07/14/2026 21:45,29,-0.986645,RUNNING,29,-0.986645,RUNNING,29,-0.986645,RUNNING,29,-0.986645,RUNNING,29,-0.986645,RUNNING,-0.986645,Run1
731,07/14/2026 21:46,29,-0.986645,RUNNING,29,-0.986645,RUNNING,29,-0.986645,RUNNING,29,-0.986645,RUNNING,29,-0.986645,RUNNING,-0.986645,Run1
732,07/14/2026 21:47,29,-0.986645,RUNNING,29,-0.986645,RUNNING,29,-0.986645,RUNNING,29,-0.986645,RUNNING,29,-0.986645,RUNNING,-0.986645,Run1
733,07/14/2026 21:48,29,-0.986645,RUNNING,29,-0.986645,RUNNING,29,-0.986645,RUNNING,29,-0.986645,RUNNING,29,-0.986645,RUNNING,-0.986645,Run1
734,07/14/2026 21:49,29,-0.986645,RUNNING,29,-0.986645,RUNNING,29,-0.986645,RUNNING,29,-0.986645,RUNNING,29,-0.986645,RUNNING,-0.986645,Run1
735,07/14/2026 21:50,29,-0.986645,RUNNING,29,-0.986645,RUNNING,29,-0.986645,RUNNING,29,-0.986645,RUNNING,29,-0.986645,RUNNING,-0.986645,Run1
736,07/14/2026 21:51,29,-0.986645,RUNNING,29,-0.986645,RUNNING,29,-0.986645,RUNNING,29,-0.986645,RUNNING,29,-0.986645,RUNNING,-0.986645,Run1
737,07/14/2026 21:52,29,-0.986645,RUNNING,29,-0.986645,RUNNING,29,-0.986645,RUNNING,29,-0.986645,RUNNING,29,-0.986645,RUNNING,-0.986645,Run1
738,07/14/2026 21:53,29,-0.986645,RUNNING,29,-0.986645,RUNNING,29,-0.986645,RUNNING,29,-0.986645,RUNNING,29,-0.986645,RUNNING,-0.986645,Run1
739,07/14/2026 21:54,29,-0.986645,RUNNING,29,-0.986645,RUNNING,29,-0.986645,RUNNING,29,-0.986645,RUNNING,29,-0.986645,RUNNING,-0.986645,Run1
740,07/14/2026 21:55,29,-0.986645,RUNNING,29,-0.986645,RUNNING,29,-0.986645,RUNNING,29,-0.986645,RUNNING,29,-0.986645,RUNNING,-0.986645,Run1
741,07/14/2026 21:56,29,-0.986645,RUNNING,29,-0.986645,RUNNING,29,-0.986645,RUNNING,29,-0.986645,RUNNING,29,-0.986645,RUNNING,-0.986645,Run1
742,07/14/2026 21:57,29,-0.986645,RUNNING,29,-0.986645,RUNNING,29,-0.986645,RUNNING,29,-0.986645,RUNNING,29,-0.986645,RUNNING,-0.986645,Run1
743,07/14/2026 21:58,29,-0.986645,RUNNING,29,-0.986645,RUNNING,29,-0.986645,RUNNING,29,-0.986645,RUNNING,29,-0.986645,RUNNING,-0.986645,Run1
744,07/14/2026 21:59,29,-0.986645,RUNNING,29,-0.986645,RUNNING,29,-0.986645,RUNNING,29,-0.986645,RUNNING,29,-0.986645,RUNNING,-0.986645,Run1
745,07/14/2026 22:00,29,-0.986645,RUNNING,29,-0.986645,RUNNING,29,-0.986645,RUNNING,29,-0.986645,RUNNING,29,-0.986645,RUNNING,-0.986645,Run1
746,07/14/2026 22:01,29,-0.986645,RUNNING,29,-0.986645,RUNNING,29,-0.986645,RUNNING,29,-0.986645,RUNNING,29,-0.986645,RUNNING,-0.986645,Run1
747,07/14/2026 22:02,29,-0.986645,RUNNING,29,-0.986645,RUNNING,29,-0.986645,RUNNING,29,-0.986645,RUNNING,29,-0.986645,RUNNING,-0.986645,Run1
748,07/14/2026 22:03,29,-0.986645,RUNNING,29,-0.986645,RUNNING,29,-0.986645,RUNNING,29,-0.986645,RUNNING,29,-0.986645,RUNNING,-0.986645,Run1
749,07/14/2026 22:04,29,-0.986645,RUNNING,29,-0.986645,RUNNING,29,-0.986645,RUNNING,29,-0.986645,RUNNING,29,-0.986645,RUNNING,-0.986645,Run1
750,07/14/2026 22:05,29,-0.986645,RUNNING,29,-0.986645,RUNNING,29,-0.986645,RUNNING,29,-0.986645,RUNNING,29,-0.986645,RUNNING,-0.986645,Run1
751,07/14/2026 22:06,29,-0.986645,RUNNING,29,-0.986645,RUNNING,29,-0.986645,RUNNING,29,-0.986645,RUNNING,29,-0.986645,RUNNING,-0.986645,Run1
752,07/14/2026 22:07,29,-0.986645,RUNNING,29,-0.986645,RUNNING,29,-0.986645,RUNNING,29,-0.986645,RUNNING,29,-0.986645,RUNNING,-0.986645,Run1
753,07/14/2026 22:08,29,-0.986645,RUNNING,29,-0.986645,RUNNING,29,-0.986645,RUNNING,29,-0.986645,RUNNING,29,-0.986645,RUNNING,-0.986645,Run1
754,07/14/2026 22:09,29,-0.986645,RUNNING,29,-0.986645,RUNNING,29,-0.986645,RUNNING,29,-0.986645,RUNNING,29,-0.986645,RUNNING,-0.986645,Run1
755,07/14/2026 22:10,29,-0.986645,RUNNING,29,-0.986645,RUNNING,29,-0.986645,RUNNING,29,-0.986645,RUNNING,29,-0.986645,RUNNING,-0.986645,Run1
756,07/14/2026 22:11,29,-0.986645,RUNNING,29,-0.986645,RUNNING,29,-0.986645,RUNNING,29,-0.986645,RUNNING,29,-0.986645,RUNNING,-0.986645,Run1
757,07/14/2026 22:12,29,-0.986645,RUNNING,29,-0.986645,RUNNING,29,-0.986645,RUNNING,29,-0.986645,RUNNING,29,-0.986645,RUNNING,-0.986645,Run1
758,07/14/2026 22:13,29,-0.986645,RUNNING,29,-0.986645,RUNNING,29,-0.986645,RUNNING,29,-0.986645,RUNNING,29,-0.986645,RUNNING,-0.986645,Run1
759,07/14/2026 22:17,29,-0.986645,RUNNING,29,-0.986645,RUNNING,29,-0.986645,RUNNING,29,-0.986645,RUNNING,29,-0.986645,RUNNING,-0.986645,Run1
760,07/14/2026 22:22,29,-0.986645,RUNNING,29,-0.986645,RUNNING,29,-0.986645,RUNNING,29,-0.986645,RUNNING,29,-0.986645,RUNNING,-0.986645,Run1
761,07/14/2026 22:23,29,-0.986645,RUNNING,29,-0.986645,RUNNING,29,-0.986645,RUNNING,29,-0.986645,RUNNING,29,-0.986645,RUNNING,-0.986645,Run1
762,07/14/2026 22:26,29,-0.986645,RUNNING,29,-0.986645,RUNNING,29,-0.986645,RUNNING,29,-0.986645,RUNNING,29,-0.986645,RUNNING,-0.986645,Run1
763,07/14/2026 22:27,29,-0.986645,RUNNING,29,-0.986645,RUNNING,29,-0.986645,RUNNING,29,-0.986645,RUNNING,29,-0.986645,RUNNING,-0.986645,Run1
764,07/14/2026 22:28,29,-0.986645,RUNNING,29,-0.986645,RUNNING,29,-0.986645,RUNNING,29,-0.986645,RUNNING,29,-0.986645,RUNNING,-0.986645,Run1
765,07/14/2026 22:29,29,-0.986645,RUNNING,29,-0.986645,RUNNING,29,-0.986645,RUNNING,29,-0.986645,RUNNING,29,-0.986645,RUNNING,-0.986645,Run1
766,07/14/2026 22:30,29,-0.986645,RUNNING,29,-0.986645,RUNNING,29,-0.986645,RUNNING,29,-0.986645,RUNNING,29,-0.986645,RUNNING,-0.986645,Run1
767,07/14/2026 22:31,29,-0.986645,RUNNING,29,-0.986645,RUNNING,29,-0.986645,RUNNING,29,-0.986645,RUNNING,29,-0.986645,RUNNING,-0.986645,Run1
768,07/14/2026 22:32,29,-0.986645,RUNNING,29,-0.986645,RUNNING,29,-0.986645,RUNNING,29,-0.986645,RUNNING,29,-0.986645,RUNNING,-0.986645,Run1
769,07/14/2026 22:33,29,-0.986645,RUNNING,29,-0.986645,RUNNING,29,-0.986645,RUNNING,29,-0.986645,RUNNING,29,-0.986645,RUNNING,-0.986645,Run1
770,07/14/2026 22:34,29,-0.986645,RUNNING,29,-0.986645,RUNNING,29,-0.986645,RUNNING,29,-0.986645,RUNNING,29,-0.986645,RUNNING,-0.986645,Run1
771,07/14/2026 22:35,29,-0.986645,RUNNING,29,-0.986645,RUNNING,29,-0.986645,RUNNING,29,-0.986645,RUNNING,29,-0.986645,RUNNING,-0.986645,Run1
772,07/14/2026 22:36,29,-0.986645,RUNNING,29,-0.986645,RUNNING,29,-0.986645,RUNNING,29,-0.986645,RUNNING,29,-0.986645,RUNNING,-0.986645,Run1
773,07/14/2026 22:37,29,-0.986645,RUNNING,29,-0.986645,RUNNING,29,-0.986645,RUNNING,29,-0.986645,RUNNING,29,-0.986645,RUNNING,-0.986645,Run1
774,07/14/2026 22:38,29,-0.986645,RUNNING,29,-0.986645,RUNNING,29,-0.986645,RUNNING,29,-0.986645,RUNNING,29,-0.986645,RUNNING,-0.986645,Run1
775,07/14/2026 22:39,29,-0.986645,RUNNING,29,-0.986645,RUNNING,29,-0.986645,RUNNING,29,-0.986645,RUNNING,29,-0.986645,RUNNING,-0.986645,Run1
776,07/14/2026 22:40,29,-0.986645,RUNNING,29,-0.986645,RUNNING,29,-0.986645,RUNNING,29,-0.986645,RUNNING,29,-0.986645,RUNNING,-0.986645,Run1
777,07/14/2026 22:41,29,-0.986645,RUNNING,29,-0.986645,RUNNING,29,-0.986645,RUNNING,29,-0.986645,RUNNING,29,-0.986645,RUNNING,-0.986645,Run1
778,07/14/2026 22:42,29,-0.986645,RUNNING,29,-0.986645,RUNNING,29,-0.986645,RUNNING,29,-0.986645,RUNNING,29,-0.986645,RUNNING,-0.986645,Run1
779,07/14/2026 22:43,29,-0.986645,RUNNING,29,-0.986645,RUNNING,29,-0.986645,RUNNING,29,-0.986645,RUNNING,29,-0.986645,RUNNING,-0.986645,Run1
780,07/14/2026 22:44,29,-0.986645,RUNNING,29,-0.986645,RUNNING,29,-0.986645,RUNNING,29,-0.986645,RUNNING,29,-0.986645,RUNNING,-0.986645,Run1
781,07/14/2026 22:45,29,-0.986645,RUNNING,29,-0.986645,RUNNING,29,-0.986645,RUNNING,29,-0.986645,RUNNING,29,-0.986645,RUNNING,-0.986645,Run1
782,07/14/2026 22:46,29,-0.986645,RUNNING,29,-0.986645,RUNNING,29,-0.986645,RUNNING,29,-0.986645,RUNNING,29,-0.986645,RUNNING,-0.986645,Run1
783,07/14/2026 22:47,29,-0.986645,RUNNING,29,-0.986645,RUNNING,29,-0.986645,RUNNING,29,-0.986645,RUNNING,29,-0.986645,RUNNING,-0.986645,Run1
784,07/14/2026 22:48,29,-0.986645,RUNNING,29,-0.986645,RUNNING,29,-0.986645,RUNNING,29,-0.986645,RUNNING,29,-0.986645,RUNNING,-0.986645,Run1
785,07/14/2026 22:49,29,-0.986645,RUNNING,29,-0.986645,RUNNING,29,-0.986645,RUNNING,29,-0.986645,RUNNING,29,-0.986645,RUNNING,-0.986645,Run1
786,07/14/2026 22:50,29,-0.986645,RUNNING,29,-0.986645,RUNNING,29,-0.986645,RUNNING,29,-0.986645,RUNNING,29,-0.986645,RUNNING,-0.986645,Run1
787,07/14/2026 22:51,29,-0.986645,RUNNING,29,-0.986645,RUNNING,29,-0.986645,RUNNING,29,-0.986645,RUNNING,29,-0.986645,RUNNING,-0.986645,Run1
788,07/14/2026 22:52,29,-0.986645,RUNNING,29,-0.986645,RUNNING,29,-0.986645,RUNNING,29,-0.986645,RUNNING,29,-0.986645,RUNNING,-0.986645,Run1
789,07/14/2026 22:53,29,-0.986645,RUNNING,29,-0.986645,RUNNING,29,-0.986645,RUNNING,29,-0.986645,RUNNING,29,-0.986645,RUNNING,-0.986645,Run1
790,07/14/2026 22:54,29,-0.986645,RUNNING,29,-0.986645,RUNNING,29,-0.986645,RUNNING,29,-0.986645,RUNNING,29,-0.986645,RUNNING,-0.986645,Run1
791,07/14/2026 22:55,29,-0.986645,RUNNING,29,-0.986645,RUNNING,29,-0.986645,RUNNING,29,-0.986645,RUNNING,29,-0.986645,RUNNING,-0.986645,Run1
792,07/14/2026 22:56,29,-0.986645,RUNNING,29,-0.986645,RUNNING,29,-0.986645,RUNNING,29,-0.986645,RUNNING,29,-0.986645,RUNNING,-0.986645,Run1
793,07/14/2026 22:57,29,-0.986645,RUNNING,29,-0.986645,RUNNING,29,-0.986645,RUNNING,29,-0.986645,RUNNING,29,-0.986645,RUNNING,-0.986645,Run1
794,07/14/2026 22:58,29,-0.986645,RUNNING,29,-0.986645,RUNNING,29,-0.986645,RUNNING,29,-0.986645,RUNNING,29,-0.986645,RUNNING,-0.986645,Run1
795,07/14/2026 22:59,29,-0.986645,RUNNING,29,-0.986645,RUNNING,29,-0.986645,RUNNING,29,-0.986645,RUNNING,29,-0.986645,RUNNING,-0.986645,Run1
796,07/14/2026 23:00,29,-0.986645,RUNNING,29,-0.986645,RUNNING,29,-0.986645,RUNNING,29,-0.986645,RUNNING,29,-0.986645,RUNNING,-0.986645,Run1
797,07/14/2026 23:01,29,-0.986645,RUNNING,29,-0.986645,RUNNING,29,-0.986645,RUNNING,29,-0.986645,RUNNING,29,-0.986645,RUNNING,-0.986645,Run1
798,07/14/2026 23:02,29,-0.986645,RUNNING,29,-0.986645,RUNNING,29,-0.986645,RUNNING,29,-0.986645,RUNNING,29,-0.986645,RUNNING,-0.986645,Run1
799,07/14/2026 23:03,29,-0.986645,RUNNING,29,-0.986645,RUNNING,29,-0.986645,RUNNING,29,-0.986645,RUNNING,29,-0.986645,RUNNING,-0.986645,Run1
800,07/14/2026 23:04,29,-0.986645,RUNNING,29,-0.986645,RUNNING,29,-0.986645,RUNNING,29,-0.986645,RUNNING,29,-0.986645,RUNNING,-0.986645,Run1
801,07/14/2026 23:05,29,-0.986645,RUNNING,29,-0.986645,RUNNING,29,-0.986645,RUNNING,29,-0.986645,RUNNING,29,-0.986645,RUNNING,-0.986645,Run1
802,07/14/2026 23:06,29,-0.986645,RUNNING,29,-0.986645,RUNNING,29,-0.986645,RUNNING,29,-0.986645,RUNNING,29,-0.986645,RUNNING,-0.986645,Run1
803,07/14/2026 23:13,29,-0.986645,RUNNING,29,-0.986645,RUNNING,29,-0.986645,RUNNING,29,-0.986645,RUNNING,29,-0.986645,RUNNING,-0.986645,Run1
804,07/14/2026 23:18,29,-0.986645,RUNNING,29,-0.986645,RUNNING,29,-0.986645,RUNNING,29,-0.986645,RUNNING,29,-0.986645,RUNNING,-0.986645,Run1
805,07/14/2026 23:19,29,-0.986645,RUNNING,29,-0.986645,RUNNING,29,-0.986645,RUNNING,29,-0.986645,RUNNING,29,-0.986645,RUNNING,-0.986645,Run1
806,07/14/2026 23:20,29,-0.986645,RUNNING,29,-0.986645,RUNNING,29,-0.986645,RUNNING,29,-0.986645,RUNNING,29,-0.986645,RUNNING,-0.986645,Run1
807,07/14/2026 23:22,29,-0.986645,RUNNING,29,-0.986645,RUNNING,29,-0.986645,RUNNING,29,-0.986645,RUNNING,29,-0.986645,RUNNING,-0.986645,Run1
808,07/14/2026 23:29,29,-0.986645,RUNNING,29,-0.986645,RUNNING,29,-0.986645,RUNNING,29,-0.986645,RUNNING,29,-0.986645,RUNNING,-0.986645,Run1
809,07/14/2026 23:30,29,-0.986645,RUNNING,29,-0.986645,RUNNING,29,-0.986645,RUNNING,29,-0.986645,RUNNING,29,-0.986645,RUNNING,-0.986645,Run1
810,07/14/2026 23:36,29,-0.986645,RUNNING,29,-0.986645,RUNNING,29,-0.986645,RUNNING,29,-0.986645,RUNNING,29,-0.986645,RUNNING,-0.986645,Run1
811,07/14/2026 23:40,29,-0.986645,RUNNING,29,-0.986645,RUNNING,29,-0.986645,RUNNING,29,-0.986645,RUNNING,29,-0.986645,RUNNING,-0.986645,Run1
812,07/14/2026 23:41,29,-0.986645,RUNNING,29,-0.986645,RUNNING,29,-0.986645,RUNNING,29,-0.986645,RUNNING,29,-0.986645,RUNNING,-0.986645,Run1
813,07/14/2026 23:42,29,-0.986645,RUNNING,29,-0.986645,RUNNING,29,-0.986645,RUNNING,29,-0.986645,RUNNING,29,-0.986645,RUNNING,-0.986645,Run1
814,07/14/2026 23:43,29,-0.986645,RUNNING,29,-0.986645,RUNNING,29,-0.986645,RUNNING,29,-0.986645,RUNNING,29,-0.986645,RUNNING,-0.986645,Run1
815,07/14/2026 23:44,29,-0.986645,RUNNING,29,-0.986645,RUNNING,29,-0.986645,RUNNING,29,-0.986645,RUNNING,29,-0.986645,RUNNING,-0.986645,Run1
816,07/14/2026 23:45,29,-0.986645,RUNNING,29,-0.986645,RUNNING,29,-0.986645,RUNNING,29,-0.986645,RUNNING,29,-0.986645,RUNNING,-0.986645,Run1
817,07/14/2026 23:46,29,-0.986645,RUNNING,29,-0.986645,RUNNING,29,-0.986645,RUNNING,29,-0.986645,RUNNING,29,-0.986645,RUNNING,-0.986645,Run1
818,07/14/2026 23:47,29,-0.986645,RUNNING,29,-0.986645,RUNNING,29,-0.986645,RUNNING,29,-0.986645,RUNNING,29,-0.986645,RUNNING,-0.986645,Run1
819,07/14/2026 23:48,29,-0.986645,RUNNING,29,-0.986645,RUNNING,29,-0.986645,RUNNING,29,-0.986645,RUNNING,29,-0.986645,RUNNING,-0.986645,Run1
820,07/14/2026 23:49,29,-0.986645,RUNNING,29,-0.986645,RUNNING,29,-0.986645,RUNNING,29,-0.986645,RUNNING,29,-0.986645,RUNNING,-0.986645,Run1
821,07/14/2026 23:50,29,-0.986645,RUNNING,29,-0.986645,RUNNING,29,-0.986645,RUNNING,29,-0.986645,RUNNING,29,-0.986645,RUNNING,-0.986645,Run1
822,07/14/2026 23:51,29,-0.986645,RUNNING,29,-0.986645,RUNNING,29,-0.986645,RUNNING,29,-0.986645,RUNNING,29,-0.986645,RUNNING,-0.986645,Run1
823,07/14/2026 23:52,29,-0.986645,RUNNING,29,-0.986645,RUNNING,29,-0.986645,RUNNING,29,-0.986645,RUNNING,29,-0.986645,RUNNING,-0.986645,Run1
824,07/14/2026 23:53,29,-0.986645,RUNNING,29,-0.986645,RUNNING,29,-0.986645,RUNNING,29,-0.986645,RUNNING,29,-0.986645,RUNNING,-0.986645,Run1
825,07/14/2026 23:54,29,-0.986645,RUNNING,29,-0.986645,RUNNING,29,-0.986645,RUNNING,29,-0.986645,RUNNING,29,-0.986645,RUNNING,-0.986645,Run1
826,07/14/2026 23:55,29,-0.986645,RUNNING,29,-0.986645,RUNNING,29,-0.986645,RUNNING,29,-0.986645,RUNNING,29,-0.986645,RUNNING,-0.986645,Run1
827,07/14/2026 23:56,29,-0.986645,RUNNING,29,-0.986645,RUNNING,29,-0.986645,RUNNING,29,-0.986645,RUNNING,29,-0.986645,RUNNING,-0.986645,Run1
828,07/14/2026 23:57,29,-0.986645,RUNNING,29,-0.986645,RUNNING,29,-0.986645,RUNNING,29,-0.986645,RUNNING,29,-0.986645,RUNNING,-0.986645,Run1
829,07/14/2026 23:58,29,-0.986645,RUNNING,29,-0.986645,RUNNING,29,-0.986645,RUNNING,29,-0.986645,RUNNING,29,-0.986645,RUNNING,-0.986645,Run1
830,07/14/2026 23:59,29,-0.986645,RUNNING,29,-0.986645,RUNNING,29,-0.986645,RUNNING,29,-0.986645,RUNNING,29,-0.986645,RUNNING,-0.986645,Run1
831,07/15/2026 00:00,29,-0.986645,RUNNING,29,-0.986645,RUNNING,29,-0.986645,RUNNING,29,-0.986645,RUNNING,29,-0.986645,RUNNING,-0.986645,Run1
832,07/15/2026 00:01,29,-0.986645,RUNNING,29,-0.986645,RUNNING,29,-0.986645,RUNNING,29,-0.986645,RUNNING,29,-0.986645,RUNNING,-0.986645,Run1
833,07/15/2026 00:03,29,-0.986645,RUNNING,29,-0.986645,RUNNING,29,-0.986645,RUNNING,29,-0.986645,RUNNING,29,-0.986645,RUNNING,-0.986645,Run1
834,07/15/2026 00:04,29,-0.986645,RUNNING,29,-0.986645,RUNNING,29,-0.986645,RUNNING,29,-0.986645,RUNNING,29,-0.986645,RUNNING,-0.986645,Run1
835,07/15/2026 00:05,29,-0.986645,RUNNING,29,-0.986645,RUNNING,29,-0.986645,RUNNING,29,-0.986645,RUNNING,29,-0.986645,RUNNING,-0.986645,Run1
836,07/15/2026 00:06,29,-0.986645,RUNNING,29,-0.986645,RUNNING,29,-0.986645,RUNNING,29,-0.986645,RUNNING,29,-0.986645,RUNNING,-0.986645,Run1
837,07/15/2026 00:07,29,-0.986645,RUNNING,29,-0.986645,RUNNING,29,-0.986645,RUNNING,29,-0.986645,RUNNING,29,-0.986645,RUNNING,-0.986645,Run1
838,07/15/2026 00:08,29,-0.986645,RUNNING,29,-0.986645,RUNNING,29,-0.986645,RUNNING,29,-0.986645,RUNNING,29,-0.986645,RUNNING,-0.986645,Run1
839,07/15/2026 00:09,29,-0.986645,RUNNING,29,-0.986645,RUNNING,29,-0.986645,RUNNING,29,-0.986645,RUNNING,29,-0.986645,RUNNING,-0.986645,Run1
840,07/15/2026 00:10,29,-0.986645,RUNNING,29,-0.986645,RUNNING,29,-0.986645,RUNNING,29,-0.986645,RUNNING,29,-0.986645,RUNNING,-0.986645,Run1
841,07/15/2026 00:11,29,-0.986645,RUNNING,29,-0.986645,RUNNING,29,-0.986645,RUNNING,29,-0.986645,RUNNING,29,-0.986645,RUNNING,-0.986645,Run1
842,07/15/2026 00:12,29,-0.986645,RUNNING,29,-0.986645,RUNNING,29,-0.986645,RUNNING,29,-0.986645,RUNNING,29,-0.986645,RUNNING,-0.986645,Run1
843,07/15/2026 00:13,29,-0.986645,RUNNING,29,-0.986645,RUNNING,29,-0.986645,RUNNING,29,-0.986645,RUNNING,29,-0.986645,RUNNING,-0.986645,Run1
844,07/15/2026 00:14,29,-0.986645,RUNNING,29,-0.986645,RUNNING,29,-0.986645,RUNNING,29,-0.986645,RUNNING,29,-0.986645,RUNNING,-0.986645,Run1
845,07/15/2026 00:15,29,-0.986645,RUNNING,29,-0.986645,RUNNING,29,-0.986645,RUNNING,29,-0.986645,RUNNING,29,-0.986645,RUNNING,-0.986645,Run1
846,07/15/2026 00:16,29,-0.986645,RUNNING,29,-0.986645,RUNNING,29,-0.986645,RUNNING,29,-0.986645,RUNNING,29,-0.986645,RUNNING,-0.986645,Run1
847,07/15/2026 00:17,29,-0.986645,RUNNING,29,-0.986645,RUNNING,29,-0.986645,RUNNING,29,-0.986645,RUNNING,29,-0.986645,RUNNING,-0.986645,Run1
848,07/15/2026 00:18,29,-0.986645,RUNNING,29,-0.986645,RUNNING,29,-0.986645,RUNNING,29,-0.986645,RUNNING,29,-0.986645,RUNNING,-0.986645,Run1
849,07/15/2026 00:20,29,-0.986645,RUNNING,29,-0.986645,RUNNING,29,-0.986645,RUNNING,29,-0.986645,RUNNING,29,-0.986645,RUNNING,-0.986645,Run1
850,07/15/2026 00:27,29,-0.986645,RUNNING,29,-0.986645,RUNNING,29,-0.986645,RUNNING,29,-0.986645,RUNNING,29,-0.986645,RUNNING,-0.986645,Run1
851,07/15/2026 00:28,29,-0.986645,RUNNING,29,-0.986645,RUNNING,29,-0.986645,RUNNING,29,-0.986645,RUNNING,29,-0.986645,RUNNING,-0.986645,Run1
852,07/15/2026 00:34,29,-0.986645,RUNNING,29,-0.986645,RUNNING,29,-0.986645,RUNNING,29,-0.986645,RUNNING,29,-0.986645,RUNNING,-0.986645,Run1
853,07/15/2026 00:36,29,-0.986645,RUNNING,29,-0.986645,RUNNING,29,-0.986645,RUNNING,29,-0.986645,RUNNING,29,-0.986645,RUNNING,-0.986645,Run1
854,07/15/2026 00:37,29,-0.986645,RUNNING,29,-0.986645,RUNNING,29,-0.986645,RUNNING,29,-0.986645,RUNNING,29,-0.986645,RUNNING,-0.986645,Run1
855,07/15/2026 00:43,29,-0.986645,RUNNING,29,-0.986645,RUNNING,29,-0.986645,RUNNING,29,-0.986645,RUNNING,29,-0.986645,RUNNING,-0.986645,Run1
856,07/15/2026 00:47,29,-0.986645,RUNNING,29,-0.986645,RUNNING,29,-0.986645,RUNNING,29,-0.986645,RUNNING,29,-0.986645,RUNNING,-0.986645,Run1
857,07/15/2026 00:49,29,-0.986645,RUNNING,29,-0.986645,RUNNING,29,-0.986645,RUNNING,29,-0.986645,RUNNING,29,-0.986645,RUNNING,-0.986645,Run1
858,07/15/2026 00:56,29,-0.986645,RUNNING,29,-0.986645,RUNNING,29,-0.986645,RUNNING,29,-0.986645,RUNNING,29,-0.986645,RUNNING,-0.986645,Run1
859,07/15/2026 00:57,29,-0.986645,RUNNING,29,-0.986645,RUNNING,29,-0.986645,RUNNING,29,-0.986645,RUNNING,29,-0.986645,RUNNING,-0.986645,Run1
860,07/15/2026 01:01,29,-0.986645,RUNNING,29,-0.986645,RUNNING,29,-0.986645,RUNNING,29,-0.986645,RUNNING,29,-0.986645,RUNNING,-0.986645,Run1
861,07/15/2026 01:05,29,-0.986645,RUNNING,29,-0.986645,RUNNING,29,-0.986645,RUNNING,29,-0.986645,RUNNING,29,-0.986645,RUNNING,-0.986645,Run1
862,07/15/2026 01:11,29,-0.986645,RUNNING,29,-0.986645,RUNNING,29,-0.986645,RUNNING,29,-0.986645,RUNNING,29,-0.986645,RUNNING,-0.986645,Run1
863,07/15/2026 01:13,29,-0.986645,RUNNING,29,-0.986645,RUNNING,29,-0.986645,RUNNING,29,-0.986645,RUNNING,29,-0.986645,RUNNING,-0.986645,Run1
864,07/15/2026 01:14,29,-0.986645,RUNNING,29,-0.986645,RUNNING,29,-0.986645,RUNNING,29,-0.986645,RUNNING,29,-0.986645,RUNNING,-0.986645,Run1
865,07/15/2026 01:19,29,-0.986645,RUNNING,29,-0.986645,RUNNING,29,-0.986645,RUNNING,29,-0.986645,RUNNING,29,-0.986645,RUNNING,-0.986645,Run1
866,07/15/2026 01:22,29,-0.986645,RUNNING,29,-0.986645,RUNNING,29,-0.986645,RUNNING,29,-0.986645,RUNNING,29,-0.986645,RUNNING,-0.986645,Run1
867,07/15/2026 01:25,29,-0.986645,RUNNING,29,-0.986645,RUNNING,29,-0.986645,RUNNING,29,-0.986645,RUNNING,29,-0.986645,RUNNING,-0.986645,Run1
868,07/15/2026 01:26,29,-0.986645,RUNNING,29,-0.986645,RUNNING,29,-0.986645,RUNNING,29,-0.986645,RUNNING,29,-0.986645,RUNNING,-0.986645,Run1
869,07/15/2026 01:27,29,-0.986645,RUNNING,29,-0.986645,RUNNING,29,-0.986645,RUNNING,29,-0.986645,RUNNING,29,-0.986645,RUNNING,-0.986645,Run1
870,07/15/2026 01:34,29,-0.986645,RUNNING,29,-0.986645,RUNNING,29,-0.986645,RUNNING,29,-0.986645,RUNNING,29,-0.986645,RUNNING,-0.986645,Run1
871,07/15/2026 01:36,29,-0.986645,RUNNING,29,-0.986645,RUNNING,29,-0.986645,RUNNING,29,-0.986645,RUNNING,29,-0.986645,RUNNING,-0.986645,Run1
872,07/15/2026 01:37,29,-0.986645,RUNNING,29,-0.986645,RUNNING,29,-0.986645,RUNNING,29,-0.986645,RUNNING,29,-0.986645,RUNNING,-0.986645,Run1
873,07/15/2026 01:38,29,-0.986645,RUNNING,29,-0.986645,RUNNING,29,-0.986645,RUNNING,29,-0.986645,RUNNING,29,-0.986645,RUNNING,-0.986645,Run1
874,07/15/2026 01:40,29,-0.986645,RUNNING,29,-0.986645,RUNNING,29,-0.986645,RUNNING,29,-0.986645,RUNNING,29,-0.986645,RUNNING,-0.986645,Run1
875,07/15/2026 01:41,29,-0.986645,RUNNING,29,-0.986645,RUNNING,29,-0.986645,RUNNING,29,-0.986645,RUNNING,29,-0.986645,RUNNING,-0.986645,Run1
876,07/15/2026 01:42,29,-0.986645,RUNNING,29,-0.986645,RUNNING,29,-0.986645,RUNNING,29,-0.986645,RUNNING,29,-0.986645,RUNNING,-0.986645,Run1
877,07/15/2026 01:48,29,-0.986645,RUNNING,29,-0.986645,RUNNING,29,-0.986645,RUNNING,29,-0.986645,RUNNING,29,-0.986645,RUNNING,-0.986645,Run1
878,07/15/2026 01:55,29,-0.986645,RUNNING,29,-0.986645,RUNNING,29,-0.986645,RUNNING,29,-0.986645,RUNNING,29,-0.986645,RUNNING,-0.986645,Run1
879,07/15/2026 01:56,29,-0.986645,RUNNING,29,-0.986645,RUNNING,29,-0.986645,RUNNING,29,-0.986645,RUNNING,29,-0.986645,RUNNING,-0.986645,Run1
880,07/15/2026 01:57,29,-0.986645,RUNNING,29,-0.986645,RUNNING,29,-0.986645,RUNNING,29,-0.986645,RUNNING,29,-0.986645,RUNNING,-0.986645,Run1
881,07/15/2026 01:59,29,-0.986645,RUNNING,29,-0.986645,RUNNING,29,-0.986645,RUNNING,29,-0.986645,RUNNING,29,-0.986645,RUNNING,-0.986645,Run1
882,07/15/2026 02:00,29,-0.986645,RUNNING,29,-0.986645,RUNNING,29,-0.986645,RUNNING,29,-0.986645,RUNNING,29,-0.986645,RUNNING,-0.986645,Run1
883,07/15/2026 02:10,29,-0.986645,RUNNING,29,-0.986645,RUNNING,29,-0.986645,RUNNING,29,-0.986645,RUNNING,29,-0.986645,RUNNING,-0.986645,Run1
884,07/15/2026 02:11,29,-0.986645,RUNNING,29,-0.986645,RUNNING,29,-0.986645,RUNNING,29,-0.986645,RUNNING,29,-0.986645,RUNNING,-0.986645,Run1
885,07/15/2026 02:18,29,-0.986645,RUNNING,29,-0.986645,RUNNING,29,-0.986645,RUNNING,29,-0.986645,RUNNING,29,-0.986645,RUNNING,-0.986645,Run1
886,07/15/2026 02:19,29,-0.986645,RUNNING,29,-0.986645,RUNNING,29,-0.986645,RUNNING,29,-0.986645,RUNNING,29,-0.986645,RUNNING,-0.986645,Run1
887,07/15/2026 02:25,29,-0.986645,RUNNING,29,-0.986645,RUNNING,29,-0.986645,RUNNING,29,-0.986645,RUNNING,29,-0.986645,RUNNING,-0.986645,Run1
888,07/15/2026 02:31,29,-0.986645,RUNNING,29,-0.986645,RUNNING,29,-0.986645,RUNNING,29,-0.986645,RUNNING,29,-0.986645,RUNNING,-0.986645,Run1
889,07/15/2026 02:32,29,-0.986645,RUNNING,29,-0.986645,RUNNING,29,-0.986645,RUNNING,29,-0.986645,RUNNING,29,-0.986645,RUNNING,-0.986645,Run1
890,07/15/2026 02:40,29,-0.986645,RUNNING,29,-0.986645,RUNNING,29,-0.986645,RUNNING,29,-0.986645,RUNNING,29,-0.986645,RUNNING,-0.986645,Run1
891,07/15/2026 02:47,29,-0.986645,RUNNING,29,-0.986645,RUNNING,29,-0.986645,RUNNING,29,-0.986645,RUNNING,29,-0.986645,RUNNING,-0.986645,Run1
892,07/15/2026 02:50,29,-0.986645,RUNNING,29,-0.986645,RUNNING,29,-0.986645,RUNNING,29,-0.986645,RUNNING,29,-0.986645,RUNNING,-0.986645,Run1
893,07/15/2026 02:54,29,-0.986645,RUNNING,29,-0.986645,RUNNING,29,-0.986645,RUNNING,29,-0.986645,RUNNING,29,-0.986645,RUNNING,-0.986645,Run1
894,07/15/2026 02:55,29,-0.986645,RUNNING,29,-0.986645,RUNNING,29,-0.986645,RUNNING,29,-0.986645,RUNNING,29,-0.986645,RUNNING,-0.986645,Run1
895,07/15/2026 03:02,29,-0.986645,RUNNING,29,-0.986645,RUNNING,29,-0.986645,RUNNING,29,-0.986645,RUNNING,29,-0.986645,RUNNING,-0.986645,Run1
896,07/15/2026 03:06,29,-0.986645,RUNNING,29,-0.986645,RUNNING,29,-0.986645,RUNNING,29,-0.986645,RUNNING,29,-0.986645,RUNNING,-0.986645,Run1
897,07/15/2026 03:09,29,-0.986645,RUNNING,29,-0.986645,RUNNING,29,-0.986645,RUNNING,29,-0.986645,RUNNING,29,-0.986645,RUNNING,-0.986645,Run1
898,07/15/2026 03:17,29,-0.986645,RUNNING,29,-0.986645,RUNNING,29,-0.986645,RUNNING,29,-0.986645,RUNNING,29,-0.986645,RUNNING,-0.986645,Run1
899,07/15/2026 03:18,29,-0.986645,RUNNING,29,-0.986645,RUNNING,29,-0.986645,RUNNING,29,-0.986645,RUNNING,29,-0.986645,RUNNING,-0.986645,Run1
900,07/15/2026 03:22,29,-0.986645,RUNNING,29,-0.986645,RUNNING,29,-0.986645,RUNNING,29,-0.986645,RUNNING,29,-0.986645,RUNNING,-0.986645,Run1
901,07/15/2026 03:23,29,-0.986645,RUNNING,29,-0.986645,RUNNING,29,-0.986645,RUNNING,29,-0.986645,RUNNING,29,-0.986645,RUNNING,-0.986645,Run1
902,07/15/2026 03:24,29,-0.986645,RUNNING,29,-0.986645,RUNNING,29,-0.986645,RUNNING,29,-0.986645,RUNNING,29,-0.986645,RUNNING,-0.986645,Run1
903,07/15/2026 03:31,29,-0.986645,RUNNING,29,-0.986645,RUNNING,29,-0.986645,RUNNING,29,-0.986645,RUNNING,29,-0.986645,RUNNING,-0.986645,Run1
904,07/15/2026 03:38,29,-0.986645,RUNNING,29,-0.986645,RUNNING,29,-0.986645,RUNNING,29,-0.986645,RUNNING,29,-0.986645,RUNNING,-0.986645,Run1
905,07/15/2026 03:44,29,-0.986645,RUNNING,29,-0.986645,RUNNING,29,-0.986645,RUNNING,29,-0.986645,RUNNING,29,-0.986645,RUNNING,-0.986645,Run1
906,07/15/2026 03:45,29,-0.986645,RUNNING,29,-0.986645,RUNNING,29,-0.986645,RUNNING,29,-0.986645,RUNNING,29,-0.986645,RUNNING,-0.986645,Run1
907,07/15/2026 03:54,29,-0.986645,RUNNING,29,-0.986645,RUNNING,29,-0.986645,RUNNING,29,-0.986645,RUNNING,29,-0.986645,RUNNING,-0.986645,Run1
908,07/15/2026 03:58,29,-0.986645,RUNNING,29,-0.986645,RUNNING,29,-0.986645,RUNNING,29,-0.986645,RUNNING,29,-0.986645,RUNNING,-0.986645,Run1
909,07/15/2026 04:00,29,-0.986645,RUNNING,29,-0.986645,RUNNING,29,-0.986645,RUNNING,29,-0.986645,RUNNING,29,-0.986645,RUNNING,-0.986645,Run1
910,07/15/2026 04:07,29,-0.986645,RUNNING,29,-0.986645,RUNNING,29,-0.986645,RUNNING,29,-0.986645,RUNNING,29,-0.986645,RUNNING,-0.986645,Run1
911,07/15/2026 04:10,29,-0.986645,RUNNING,29,-0.986645,RUNNING,29,-0.986645,RUNNING,29,-0.986645,RUNNING,29,-0.986645,RUNNING,-0.986645,Run1
912,07/15/2026 04:11,29,-0.986645,RUNNING,29,-0.986645,RUNNING,29,-0.986645,RUNNING,29,-0.986645,RUNNING,29,-0.986645,RUNNING,-0.986645,Run1
913,07/15/2026 04:12,29,-0.986645,RUNNING,29,-0.986645,RUNNING,29,-0.986645,RUNNING,29,-0.986645,RUNNING,29,-0.986645,RUNNING,-0.986645,Run1
914,07/15/2026 04:15,29,-0.986645,RUNNING,29,-0.986645,RUNNING,29,-0.986645,RUNNING,29,-0.986645,RUNNING,29,-0.986645,RUNNING,-0.986645,Run1
915,07/15/2026 04:19,29,-0.986645,RUNNING,29,-0.986645,RUNNING,29,-0.986645,RUNNING,29,-0.986645,RUNNING,29,-0.986645,RUNNING,-0.986645,Run1
916,07/15/2026 04:22,29,-0.986645,RUNNING,29,-0.986645,RUNNING,29,-0.986645,RUNNING,29,-0.986645,RUNNING,29,-0.986645,RUNNING,-0.986645,Run1
917,07/15/2026 04:23,29,-0.986645,RUNNING,29,-0.986645,RUNNING,29,-0.986645,RUNNING,29,-0.986645,RUNNING,29,-0.986645,RUNNING,-0.986645,Run1
918,07/15/2026 04:30,29,-0.986645,RUNNING,29,-0.986645,RUNNING,29,-0.986645,RUNNING,29,-0.986645,RUNNING,29,-0.986645,RUNNING,-0.986645,Run1
919,07/15/2026 04:35,29,-0.986645,RUNNING,29,-0.986645,RUNNING,29,-0.986645,RUNNING,29,-0.986645,RUNNING,29,-0.986645,RUNNING,-0.986645,Run1
920,07/15/2026 04:37,29,-0.986645,RUNNING,29,-0.986645,RUNNING,29,-0.986645,RUNNING,29,-0.986645,RUNNING,29,-0.986645,RUNNING,-0.986645,Run1
921,07/15/2026 04:44,29,-0.986645,RUNNING,29,-0.986645,RUNNING,29,-0.986645,RUNNING,29,-0.986645,RUNNING,29,-0.986645,RUNNING,-0.986645,Run1
922,07/15/2026 04:45,29,-0.986645,RUNNING,29,-0.986645,RUNNING,29,-0.986645,RUNNING,29,-0.986645,RUNNING,29,-0.986645,RUNNING,-0.986645,Run1
923,07/15/2026 04:49,29,-0.986645,RUNNING,29,-0.986645,RUNNING,29,-0.986645,RUNNING,29,-0.986645,RUNNING,29,-0.986645,RUNNING,-0.986645,Run1
924,07/15/2026 04:52,29,-0.986645,RUNNING,29,-0.986645,RUNNING,29,-0.986645,RUNNING,29,-0.986645,RUNNING,29,-0.986645,RUNNING,-0.986645,Run1
925,07/15/2026 04:59,29,-0.986645,RUNNING,29,-0.986645,RUNNING,29,-0.986645,RUNNING,29,-0.986645,RUNNING,29,-0.986645,RUNNING,-0.986645,Run1
926,07/15/2026 05:02,29,-0.986645,RUNNING,29,-0.986645,RUNNING,29,-0.986645,RUNNING,29,-0.986645,RUNNING,29,-0.986645,RUNNING,-0.986645,Run1
927,07/15/2026 05:03,29,-0.986645,RUNNING,29,-0.986645,RUNNING,29,-0.986645,RUNNING,29,-0.986645,RUNNING,29,-0.986645,RUNNING,-0.986645,Run1
928,07/15/2026 05:06,29,-0.986645,RUNNING,29,-0.986645,RUNNING,29,-0.986645,RUNNING,29,-0.986645,RUNNING,29,-0.986645,RUNNING,-0.986645,Run1
929,07/15/2026 05:07,29,-0.986645,RUNNING,29,-0.986645,RUNNING,29,-0.986645,RUNNING,29,-0.986645,RUNNING,29,-0.986645,RUNNING,-0.986645,Run1
930,07/15/2026 05:14,29,-0.986645,RUNNING,29,-0.986645,RUNNING,29,-0.986645,RUNNING,29,-0.986645,RUNNING,29,-0.986645,RUNNING,-0.986645,Run1
931,07/15/2026 05:22,29,-0.986645,RUNNING,29,-0.986645,RUNNING,29,-0.986645,RUNNING,29,-0.986645,RUNNING,29,-0.986645,RUNNING,-0.986645,Run1
932,07/15/2026 05:28,29,-0.986645,RUNNING,29,-0.986645,RUNNING,29,-0.986645,RUNNING,29,-0.986645,RUNNING,29,-0.986645,RUNNING,-0.986645,Run1
933,07/15/2026 05:35,29,-0.986645,RUNNING,29,-0.986645,RUNNING,29,-0.986645,RUNNING,29,-0.986645,RUNNING,29,-0.986645,RUNNING,-0.986645,Run1
934,07/15/2026 05:36,29,-0.986645,RUNNING,29,-0.986645,RUNNING,29,-0.986645,RUNNING,29,-0.986645,RUNNING,29,-0.986645,RUNNING,-0.986645,Run1
935,07/15/2026 05:37,29,-0.986645,RUNNING,29,-0.986645,RUNNING,29,-0.986645,RUNNING,29,-0.986645,RUNNING,29,-0.986645,RUNNING,-0.986645,Run1
936,07/15/2026 05:44,29,-0.986645,RUNNING,29,-0.986645,RUNNING,29,-0.986645,RUNNING,29,-0.986645,RUNNING,29,-0.986645,RUNNING,-0.986645,Run1
937,07/15/2026 05:48,29,-0.986645,RUNNING,29,-0.986645,RUNNING,29,-0.986645,RUNNING,29,-0.986645,RUNNING,29,-0.986645,RUNNING,-0.986645,Run1
938,07/15/2026 05:51,29,-0.986645,RUNNING,29,-0.986645,RUNNING,29,-0.986645,RUNNING,29,-0.986645,RUNNING,29,-0.986645,RUNNING,-0.986645,Run1
939,07/15/2026 05:58,29,-0.986645,RUNNING,29,-0.986645,RUNNING,29,-0.986645,RUNNING,29,-0.986645,RUNNING,29,-0.986645,RUNNING,-0.986645,Run1
940,07/15/2026 06:00,29,-0.986645,RUNNING,29,-0.986645,RUNNING,29,-0.986645,RUNNING,29,-0.986645,RUNNING,29,-0.986645,RUNNING,-0.986645,Run1
941,07/15/2026 06:01,29,-0.986645,RUNNING,29,-0.986645,RUNNING,29,-0.986645,RUNNING,29,-0.986645,RUNNING,29,-0.986645,RUNNING,-0.986645,Run1
942,07/15/2026 06:05,29,-0.986645,RUNNING,29,-0.986645,RUNNING,29,-0.986645,RUNNING,29,-0.986645,RUNNING,29,-0.986645,RUNNING,-0.986645,Run1
943,07/15/2026 06:12,29,-0.986645,RUNNING,29,-0.986645,RUNNING,29,-0.986645,RUNNING,29,-0.986645,RUNNING,29,-0.986645,RUNNING,-0.986645,Run1
944,07/15/2026 06:19,29,-0.986645,RUNNING,29,-0.986645,RUNNING,29,-0.986645,RUNNING,29,-0.986645,RUNNING,29,-0.986645,RUNNING,-0.986645,Run1
945,07/15/2026 06:24,29,-0.986645,RUNNING,29,-0.986645,RUNNING,29,-0.986645,RUNNING,29,-0.986645,RUNNING,29,-0.986645,RUNNING,-0.986645,Run1
946,07/15/2026 06:25,29,-0.986645,RUNNING,29,-0.986645,RUNNING,29,-0.986645,RUNNING,29,-0.986645,RUNNING,29,-0.986645,RUNNING,-0.986645,Run1
947,07/15/2026 06:26,29,-0.986645,RUNNING,29,-0.986645,RUNNING,29,-0.986645,RUNNING,29,-0.986645,RUNNING,29,-0.986645,RUNNING,-0.986645,Run1
948,07/15/2026 06:27,29,-0.986645,RUNNING,29,-0.986645,RUNNING,29,-0.986645,RUNNING,29,-0.986645,RUNNING,29,-0.986645,RUNNING,-0.986645,Run1
949,07/15/2026 06:28,29,-0.986645,RUNNING,29,-0.986645,RUNNING,29,-0.986645,RUNNING,29,-0.986645,RUNNING,29,-0.986645,RUNNING,-0.986645,Run1
950,07/15/2026 06:29,29,-0.986645,RUNNING,29,-0.986645,RUNNING,29,-0.986645,RUNNING,29,-0.986645,RUNNING,29,-0.986645,RUNNING,-0.986645,Run1
951,07/15/2026 06:30,29,-0.986645,RUNNING,29,-0.986645,RUNNING,29,-0.986645,RUNNING,29,-0.986645,RUNNING,29,-0.986645,RUNNING,-0.986645,Run1
952,07/15/2026 06:31,29,-0.986645,RUNNING,29,-0.986645,RUNNING,29,-0.986645,RUNNING,29,-0.986645,RUNNING,29,-0.986645,RUNNING,-0.986645,Run1
953,07/15/2026 06:32,29,-0.986645,RUNNING,29,-0.986645,RUNNING,29,-0.986645,RUNNING,29,-0.986645,RUNNING,29,-0.986645,RUNNING,-0.986645,Run1
954,07/15/2026 06:33,29,-0.986645,RUNNING,29,-0.986645,RUNNING,29,-0.986645,RUNNING,29,-0.986645,RUNNING,29,-0.986645,RUNNING,-0.986645,Run1
955,07/15/2026 06:34,29,-0.986645,RUNNING,29,-0.986645,RUNNING,29,-0.986645,RUNNING,29,-0.986645,RUNNING,29,-0.986645,RUNNING,-0.986645,Run1
956,07/15/2026 06:35,29,-0.986645,RUNNING,29,-0.986645,RUNNING,29,-0.986645,RUNNING,29,-0.986645,RUNNING,29,-0.986645,RUNNING,-0.986645,Run1
957,07/15/2026 06:36,29,-0.986645,RUNNING,29,-0.986645,RUNNING,29,-0.986645,RUNNING,29,-0.986645,RUNNING,29,-0.986645,RUNNING,-0.986645,Run1
958,07/15/2026 06:37,29,-0.986645,RUNNING,29,-0.986645,RUNNING,29,-0.986645,RUNNING,29,-0.986645,RUNNING,29,-0.986645,RUNNING,-0.986645,Run1
959,07/15/2026 06:38,29,-0.986645,RUNNING,29,-0.986645,RUNNING,29,-0.986645,RUNNING,29,-0.986645,RUNNING,29,-0.986645,RUNNING,-0.986645,Run1
960,07/15/2026 06:39,29,-0.986645,RUNNING,29,-0.986645,RUNNING,29,-0.986645,RUNNING,29,-0.986645,RUNNING,29,-0.986645,RUNNING,-0.986645,Run1
961,07/15/2026 06:40,29,-0.986645,RUNNING,29,-0.986645,RUNNING,29,-0.986645,RUNNING,29,-0.986645,RUNNING,29,-0.986645,RUNNING,-0.986645,Run1
962,07/15/2026 06:41,29,-0.986645,RUNNING,29,-0.986645,RUNNING,29,-0.986645,RUNNING,29,-0.986645,RUNNING,29,-0.986645,RUNNING,-0.986645,Run1
963,07/15/2026 06:42,29,-0.986645,RUNNING,29,-0.986645,RUNNING,29,-0.986645,RUNNING,29,-0.986645,RUNNING,29,-0.986645,RUNNING,-0.986645,Run1
964,07/15/2026 06:43,29,-0.986645,RUNNING,29,-0.986645,RUNNING,29,-0.986645,RUNNING,29,-0.986645,RUNNING,29,-0.986645,RUNNING,-0.986645,Run1
965,07/15/2026 06:44,29,-0.986645,RUNNING,29,-0.986645,RUNNING,29,-0.986645,RUNNING,29,-0.986645,RUNNING,29,-0.986645,RUNNING,-0.986645,Run1
966,07/15/2026 06:45,29,-0.986645,RUNNING,29,-0.986645,RUNNING,29,-0.986645,RUNNING,29,-0.986645,RUNNING,29,-0.986645,RUNNING,-0.986645,Run1
967,07/15/2026 06:46,29,-0.986645,RUNNING,29,-0.986645,RUNNING,29,-0.986645,RUNNING,29,-0.986645,RUNNING,29,-0.986645,RUNNING,-0.986645,Run1
968,07/15/2026 06:48,29,-0.986645,RUNNING,29,-0.986645,RUNNING,29,-0.986645,RUNNING,29,-0.986645,RUNNING,29,-0.986645,RUNNING,-0.986645,Run1
969,07/15/2026 06:49,29,-0.986645,RUNNING,29,-0.986645,RUNNING,29,-0.986645,RUNNING,29,-0.986645,RUNNING,29,-0.986645,RUNNING,-0.986645,Run1
970,07/15/2026 06:50,29,-0.986645,RUNNING,29,-0.986645,RUNNING,29,-0.986645,RUNNING,29,-0.986645,RUNNING,29,-0.986645,RUNNING,-0.986645,Run1
971,07/15/2026 06:51,29,-0.986645,RUNNING,29,-0.986645,RUNNING,29,-0.986645,RUNNING,29,-0.986645,RUNNING,29,-0.986645,RUNNING,-0.986645,Run1
972,07/15/2026 06:52,29,-0.986645,RUNNING,29,-0.986645,RUNNING,29,-0.986645,RUNNING,29,-0.986645,RUNNING,29,-0.986645,RUNNING,-0.986645,Run1
973,07/15/2026 06:53,29,-0.986645,RUNNING,29,-0.986645,RUNNING,29,-0.986645,RUNNING,29,-0.986645,RUNNING,29,-0.986645,RUNNING,-0.986645,Run1
974,07/15/2026 06:54,29,-0.986645,RUNNING,29,-0.986645,RUNNING,29,-0.986645,RUNNING,29,-0.986645,RUNNING,29,-0.986645,RUNNING,-0.986645,Run1
975,07/15/2026 06:55,29,-0.986645,RUNNING,29,-0.986645,RUNNING,29,-0.986645,RUNNING,29,-0.986645,RUNNING,29,-0.986645,RUNNING,-0.986645,Run1
976,07/15/2026 06:56,29,-0.986645,RUNNING,29,-0.986645,RUNNING,29,-0.986645,RUNNING,29,-0.986645,RUNNING,29,-0.986645,RUNNING,-0.986645,Run1
977,07/15/2026 06:57,29,-0.986645,RUNNING,29,-0.986645,RUNNING,29,-0.986645,RUNNING,29,-0.986645,RUNNING,29,-0.986645,RUNNING,-0.986645,Run1
978,07/15/2026 06:58,29,-0.986645,RUNNING,29,-0.986645,RUNNING,29,-0.986645,RUNNING,29,-0.986645,RUNNING,29,-0.986645,RUNNING,-0.986645,Run1
979,07/15/2026 06:59,29,-0.986645,RUNNING,29,-0.986645,RUNNING,29,-0.986645,RUNNING,29,-0.986645,RUNNING,29,-0.986645,RUNNING,-0.986645,Run1
980,07/15/2026 07:00,29,-0.986645,RUNNING,29,-0.986645,RUNNING,29,-0.986645,RUNNING,29,-0.986645,RUNNING,29,-0.986645,RUNNING,-0.986645,Run1
981,07/15/2026 07:01,29,-0.986645,RUNNING,29,-0.986645,RUNNING,29,-0.986645,RUNNING,29,-0.986645,RUNNING,29,-0.986645,RUNNING,-0.986645,Run1
982,07/15/2026 07:02,29,-0.986645,RUNNING,29,-0.986645,RUNNING,29,-0.986645,RUNNING,29,-0.986645,RUNNING,29,-0.986645,RUNNING,-0.986645,Run1
983,07/15/2026 07:03,29,-0.986645,RUNNING,29,-0.986645,RUNNING,29,-0.986645,RUNNING,29,-0.986645,RUNNING,29,-0.986645,RUNNING,-0.986645,Run1
984,07/15/2026 07:04,29,-0.986645,RUNNING,29,-0.986645,RUNNING,29,-0.986645,RUNNING,29,-0.986645,RUNNING,29,-0.986645,RUNNING,-0.986645,Run1
985,07/15/2026 07:05,29,-0.986645,RUNNING,29,-0.986645,RUNNING,29,-0.986645,RUNNING,29,-0.986645,RUNNING,29,-0.986645,RUNNING,-0.986645,Run1
986,07/15/2026 07:06,29,-0.986645,RUNNING,29,-0.986645,RUNNING,29,-0.986645,RUNNING,29,-0.986645,RUNNING,29,-0.986645,RUNNING,-0.986645,Run1
987,07/15/2026 07:07,29,-0.986645,RUNNING,29,-0.986645,RUNNING,29,-0.986645,RUNNING,29,-0.986645,RUNNING,29,-0.986645,RUNNING,-0.986645,Run1
988,07/15/2026 07:08,29,-0.986645,RUNNING,29,-0.986645,RUNNING,29,-0.986645,RUNNING,29,-0.986645,RUNNING,29,-0.986645,RUNNING,-0.986645,Run1
989,07/15/2026 07:09,29,-0.986645,RUNNING,29,-0.986645,RUNNING,29,-0.986645,RUNNING,29,-0.986645,RUNNING,29,-0.986645,RUNNING,-0.986645,Run1
990,07/15/2026 07:10,29,-0.986645,RUNNING,29,-0.986645,RUNNING,29,-0.986645,RUNNING,29,-0.986645,RUNNING,29,-0.986645,RUNNING,-0.986645,Run1
991,07/15/2026 07:11,29,-0.986645,RUNNING,29,-0.986645,RUNNING,29,-0.986645,RUNNING,29,-0.986645,RUNNING,29,-0.986645,RUNNING,-0.986645,Run1
992,07/15/2026 07:12,29,-0.986645,RUNNING,29,-0.986645,RUNNING,29,-0.986645,RUNNING,29,-0.986645,RUNNING,29,-0.986645,RUNNING,-0.986645,Run1
993,07/15/2026 07:13,29,-0.986645,RUNNING,29,-0.986645,RUNNING,29,-0.986645,RUNNING,29,-0.986645,RUNNING,29,-0.986645,RUNNING,-0.986645,Run1
994,07/15/2026 07:14,29,-0.986645,RUNNING,29,-0.986645,RUNNING,29,-0.986645,RUNNING,29,-0.986645,RUNNING,29,-0.986645,RUNNING,-0.986645,Run1
995,07/15/2026 07:15,29,-0.986645,RUNNING,29,-0.986645,RUNNING,29,-0.986645,RUNNING,29,-0.986645,RUNNING,29,-0.986645,RUNNING,-0.986645,Run1
996,07/15/2026 07:16,29,-0.986645,RUNNING,29,-0.986645,RUNNING,29,-0.986645,RUNNING,29,-0.986645,RUNNING,29,-0.986645,RUNNING,-0.986645,Run1
997,07/15/2026 07:17,29,-0.986645,RUNNING,29,-0.986645,RUNNING,29,-0.986645,RUNNING,29,-0.986645,RUNNING,29,-0.986645,RUNNING,-0.986645,Run1
998,07/15/2026 07:18,29,-0.986645,RUNNING,29,-0.986645,RUNNING,29,-0.986645,RUNNING,29,-0.986645,RUNNING,29,-0.986645,RUNNING,-0.986645,Run1
999,07/15/2026 07:19,29,-0.986645,RUNNING,29,-0.986645,RUNNING,29,-0.986645,RUNNING,29,-0.986645,RUNNING,29,-0.986645,RUNNING,-0.986645,Run1
1000,07/15/2026 07:20,29,-0.986645,RUNNING,29,-0.986645,RUNNING,29,-0.986645,RUNNING,29,-0.986645,RUNNING,29,-0.986645,RUNNING,-0.986645,Run1
1001,07/15/2026 07:21,29,-0.986645,RUNNING,29,-0.986645,RUNNING,29,-0.986645,RUNNING,29,-0.986645,RUNNING,29,-0.986645,RUNNING,-0.986645,Run1
1002,07/15/2026 07:22,29,-0.986645,RUNNING,29,-0.986645,RUNNING,29,-0.986645,RUNNING,29,-0.986645,RUNNING,29,-0.986645,RUNNING,-0.986645,Run1
1003,07/15/2026 07:23,29,-0.986645,RUNNING,29,-0.986645,RUNNING,29,-0.986645,RUNNING,29,-0.986645,RUNNING,29,-0.986645,RUNNING,-0.986645,Run1
1004,07/15/2026 07:24,29,-0.986645,RUNNING,29,-0.986645,RUNNING,29,-0.986645,RUNNING,29,-0.986645,RUNNING,29,-0.986645,RUNNING,-0.986645,Run1
1005,07/15/2026 07:25,29,-0.986645,RUNNING,29,-0.986645,RUNNING,29,-0.986645,RUNNING,29,-0.986645,RUNNING,29,-0.986645,RUNNING,-0.986645,Run1
1006,07/15/2026 07:26,29,-0.986645,RUNNING,29,-0.986645,RUNNING,29,-0.986645,RUNNING,29,-0.986645,RUNNING,29,-0.986645,RUNNING,-0.986645,Run1
1007,07/15/2026 07:28,29,-0.986645,RUNNING,29,-0.986645,RUNNING,29,-0.986645,RUNNING,29,-0.986645,RUNNING,29,-0.986645,RUNNING,-0.986645,Run1
1008,07/15/2026 07:29,29,-0.986645,RUNNING,29,-0.986645,RUNNING,29,-0.986645,RUNNING,29,-0.986645,RUNNING,29,-0.986645,RUNNING,-0.986645,Run1
1009,07/15/2026 07:30,29,-0.986645,RUNNING,29,-0.986645,RUNNING,29,-0.986645,RUNNING,29,-0.986645,RUNNING,29,-0.986645,RUNNING,-0.986645,Run1
1010,07/15/2026 07:31,29,-0.986645,RUNNING,29,-0.986645,RUNNING,29,-0.986645,RUNNING,29,-0.986645,RUNNING,29,-0.986645,RUNNING,-0.986645,Run1
1011,07/15/2026 07:32,29,-0.986645,RUNNING,29,-0.986645,RUNNING,29,-0.986645,RUNNING,29,-0.986645,RUNNING,29,-0.986645,RUNNING,-0.986645,Run1
1012,07/15/2026 07:33,29,-0.986645,RUNNING,29,-0.986645,RUNNING,29,-0.986645,RUNNING,29,-0.986645,RUNNING,29,-0.986645,RUNNING,-0.986645,Run1
1013,07/15/2026 07:34,29,-0.986645,RUNNING,29,-0.986645,RUNNING,29,-0.986645,RUNNING,29,-0.986645,RUNNING,29,-0.986645,RUNNING,-0.986645,Run1
1014,07/15/2026 07:35,29,-0.986645,RUNNING,29,-0.986645,RUNNING,29,-0.986645,RUNNING,29,-0.986645,RUNNING,29,-0.986645,RUNNING,-0.986645,Run1
1015,07/15/2026 07:36,29,-0.986645,RUNNING,29,-0.986645,RUNNING,29,-0.986645,RUNNING,29,-0.986645,RUNNING,29,-0.986645,RUNNING,-0.986645,Run1
1016,07/15/2026 07:37,29,-0.986645,RUNNING,29,-0.986645,RUNNING,29,-0.986645,RUNNING,29,-0.986645,RUNNING,29,-0.986645,RUNNING,-0.986645,Run1
1017,07/15/2026 07:38,29,-0.986645,RUNNING,29,-0.986645,RUNNING,29,-0.986645,RUNNING,29,-0.986645,RUNNING,29,-0.986645,RUNNING,-0.986645,Run1
1018,07/15/2026 07:39,29,-0.986645,RUNNING,29,-0.986645,RUNNING,29,-0.986645,RUNNING,29,-0.986645,RUNNING,29,-0.986645,RUNNING,-0.986645,Run1
1019,07/15/2026 07:40,29,-0.986645,RUNNING,29,-0.986645,RUNNING,29,-0.986645,RUNNING,29,-0.986645,RUNNING,29,-0.986645,RUNNING,-0.986645,Run1
1020,07/15/2026 07:41,29,-0.986645,RUNNING,29,-0.986645,RUNNING,29,-0.986645,RUNNING,29,-0.986645,RUNNING,29,-0.986645,RUNNING,-0.986645,Run1
1021,07/15/2026 07:42,29,-0.986645,RUNNING,29,-0.986645,RUNNING,29,-0.986645,RUNNING,29,-0.986645,RUNNING,29,-0.986645,RUNNING,-0.986645,Run1
1022,07/15/2026 07:43,29,-0.986645,RUNNING,29,-0.986645,RUNNING,29,-0.986645,RUNNING,29,-0.986645,RUNNING,29,-0.986645,RUNNING,-0.986645,Run1
1023,07/15/2026 07:44,29,-0.986645,RUNNING,29,-0.986645,RUNNING,29,-0.986645,RUNNING,29,-0.986645,RUNNING,29,-0.986645,RUNNING,-0.986645,Run1
1024,07/15/2026 07:45,29,-0.986645,RUNNING,29,-0.986645,RUNNING,29,-0.986645,RUNNING,29,-0.986645,RUNNING,29,-0.986645,RUNNING,-0.986645,Run1
1025,07/15/2026 07:46,29,-0.986645,RUNNING,29,-0.986645,RUNNING,29,-0.986645,RUNNING,29,-0.986645,RUNNING,29,-0.986645,RUNNING,-0.986645,Run1
1026,07/15/2026 07:47,29,-0.986645,RUNNING,29,-0.986645,RUNNING,29,-0.986645,RUNNING,29,-0.986645,RUNNING,29,-0.986645,RUNNING,-0.986645,Run1
1027,07/15/2026 07:48,29,-0.986645,RUNNING,29,-0.986645,RUNNING,29,-0.986645,RUNNING,29,-0.986645,RUNNING,29,-0.986645,RUNNING,-0.986645,Run1
1028,07/15/2026 07:49,29,-0.986645,RUNNING,29,-0.986645,RUNNING,29,-0.986645,RUNNING,29,-0.986645,RUNNING,29,-0.986645,RUNNING,-0.986645,Run1
1029,07/15/2026 07:50,29,-0.986645,RUNNING,29,-0.986645,RUNNING,29,-0.986645,RUNNING,29,-0.986645,RUNNING,29,-0.986645,RUNNING,-0.986645,Run1
1030,07/15/2026 07:51,29,-0.986645,RUNNING,29,-0.986645,RUNNING,29,-0.986645,RUNNING,29,-0.986645,RUNNING,29,-0.986645,RUNNING,-0.986645,Run1
1031,07/15/2026 07:52,29,-0.986645,RUNNING,29,-0.986645,RUNNING,29,-0.986645,RUNNING,29,-0.986645,RUNNING,29,-0.986645,RUNNING,-0.986645,Run1
1032,07/15/2026 07:53,29,-0.986645,RUNNING,29,-0.986645,RUNNING,29,-0.986645,RUNNING,29,-0.986645,RUNNING,29,-0.986645,RUNNING,-0.986645,Run1
1033,07/15/2026 07:54,29,-0.986645,RUNNING,29,-0.986645,RUNNING,29,-0.986645,RUNNING,29,-0.986645,RUNNING,29,-0.986645,RUNNING,-0.986645,Run1
1034,07/15/2026 07:55,29,-0.986645,RUNNING,29,-0.986645,RUNNING,29,-0.986645,RUNNING,29,-0.986645,RUNNING,29,-0.986645,RUNNING,-0.986645,Run1
1035,07/15/2026 07:56,29,-0.986645,RUNNING,29,-0.986645,RUNNING,29,-0.986645,RUNNING,29,-0.986645,RUNNING,29,-0.986645,RUNNING,-0.986645,Run1
1036,07/15/2026 07:57,29,-0.986645,RUNNING,29,-0.986645,RUNNING,29,-0.986645,RUNNING,29,-0.986645,RUNNING,29,-0.986645,RUNNING,-0.986645,Run1
1037,07/15/2026 07:58,29,-0.986645,RUNNING,29,-0.986645,RUNNING,29,-0.986645,RUNNING,29,-0.986645,RUNNING,29,-0.986645,RUNNING,-0.986645,Run1
1038,07/15/2026 07:59,29,-0.986645,RUNNING,29,-0.986645,RUNNING,29,-0.986645,RUNNING,29,-0.986645,RUNNING,29,-0.986645,RUNNING,-0.986645,Run1
1039,07/15/2026 08:00,29,-0.986645,RUNNING,29,-0.986645,RUNNING,29,-0.986645,RUNNING,29,-0.986645,RUNNING,29,-0.986645,RUNNING,-0.986645,Run1
1040,07/15/2026 08:01,29,-0.986645,RUNNING,29,-0.986645,RUNNING,29,-0.986645,RUNNING,29,-0.986645,RUNNING,29,-0.986645,RUNNING,-0.986645,Run1
1041,07/15/2026 08:02,29,-0.986645,RUNNING,29,-0.986645,RUNNING,29,-0.986645,RUNNING,29,-0.986645,RUNNING,29,-0.986645,RUNNING,-0.986645,Run1
1042,07/15/2026 08:03,29,-0.986645,RUNNING,29,-0.986645,RUNNING,29,-0.986645,RUNNING,29,-0.986645,RUNNING,29,-0.986645,RUNNING,-0.986645,Run1
1043,07/15/2026 08:05,29,-0.986645,RUNNING,29,-0.986645,RUNNING,29,-0.986645,RUNNING,29,-0.986645,RUNNING,29,-0.986645,RUNNING,-0.986645,Run1
1044,07/15/2026 08:06,29,-0.986645,RUNNING,29,-0.986645,RUNNING,29,-0.986645,RUNNING,29,-0.986645,RUNNING,29,-0.986645,RUNNING,-0.986645,Run1
1045,07/15/2026 08:07,29,-0.986645,RUNNING,29,-0.986645,RUNNING,29,-0.986645,RUNNING,29,-0.986645,RUNNING,29,-0.986645,RUNNING,-0.986645,Run1
1046,07/15/2026 08:08,29,-0.986645,RUNNING,29,-0.986645,RUNNING,29,-0.986645,RUNNING,29,-0.986645,RUNNING,29,-0.986645,RUNNING,-0.986645,Run1
1047,07/15/2026 08:09,29,-0.986645,RUNNING,29,-0.986645,RUNNING,29,-0.986645,RUNNING,29,-0.986645,RUNNING,29,-0.986645,RUNNING,-0.986645,Run1
1048,07/15/2026 08:10,29,-0.986645,RUNNING,29,-0.986645,RUNNING,29,-0.986645,RUNNING,29,-0.986645,RUNNING,29,-0.986645,RUNNING,-0.986645,Run1
1049,07/15/2026 08:11,29,-0.986645,RUNNING,29,-0.986645,RUNNING,29,-0.986645,RUNNING,29,-0.986645,RUNNING,29,-0.986645,RUNNING,-0.986645,Run1
1050,07/15/2026 08:12,29,-0.986645,RUNNING,29,-0.986645,RUNNING,29,-0.986645,RUNNING,29,-0.986645,RUNNING,29,-0.986645,RUNNING,-0.986645,Run1
1051,07/15/2026 08:13,29,-0.986645,RUNNING,29,-0.986645,RUNNING,29,-0.986645,RUNNING,29,-0.986645,RUNNING,29,-0.986645,RUNNING,-0.986645,Run1
1052,07/15/2026 08:14,29,-0.986645,RUNNING,29,-0.986645,RUNNING,29,-0.986645,RUNNING,29,-0.986645,RUNNING,29,-0.986645,RUNNING,-0.986645,Run1
1053,07/15/2026 08:15,29,-0.986645,RUNNING,29,-0.986645,RUNNING,29,-0.986645,RUNNING,29,-0.986645,RUNNING,29,-0.986645,RUNNING,-0.986645,Run1
1054,07/15/2026 08:16,29,-0.986645,RUNNING,29,-0.986645,RUNNING,29,-0.986645,RUNNING,29,-0.986645,RUNNING,29,-0.986645,RUNNING,-0.986645,Run1
1055,07/15/2026 08:17,29,-0.986645,RUNNING,29,-0.986645,RUNNING,29,-0.986645,RUNNING,29,-0.986645,RUNNING,29,-0.986645,RUNNING,-0.986645,Run1
1056,07/15/2026 08:18,29,-0.986645,RUNNING,29,-0.986645,RUNNING,29,-0.986645,RUNNING,29,-0.986645,RUNNING,29,-0.986645,RUNNING,-0.986645,Run1
1057,07/15/2026 08:19,29,-0.986645,RUNNING,29,-0.986645,RUNNING,29,-0.986645,RUNNING,29,-0.986645,RUNNING,29,-0.986645,RUNNING,-0.986645,Run1
1058,07/15/2026 08:20,29,-0.986645,RUNNING,29,-0.986645,RUNNING,29,-0.986645,RUNNING,29,-0.986645,RUNNING,29,-0.986645,RUNNING,-0.986645,Run1
1059,07/15/2026 08:21,29,-0.986645,RUNNING,29,-0.986645,RUNNING,29,-0.986645,RUNNING,29,-0.986645,RUNNING,29,-0.986645,RUNNING,-0.986645,Run1
1060,07/15/2026 08:22,29,-0.986645,RUNNING,29,-0.986645,RUNNING,29,-0.986645,RUNNING,29,-0.986645,RUNNING,29,-0.986645,RUNNING,-0.986645,Run1
1061,07/15/2026 08:23,29,-0.986645,RUNNING,29,-0.986645,RUNNING,29,-0.986645,RUNNING,29,-0.986645,RUNNING,29,-0.986645,RUNNING,-0.986645,Run1
1062,07/15/2026 08:24,29,-0.986645,RUNNING,29,-0.986645,RUNNING,29,-0.986645,RUNNING,29,-0.986645,RUNNING,29,-0.986645,RUNNING,-0.986645,Run1
1063,07/15/2026 08:25,29,-0.986645,RUNNING,29,-0.986645,RUNNING,29,-0.986645,RUNNING,29,-0.986645,RUNNING,29,-0.986645,RUNNING,-0.986645,Run1
1064,07/15/2026 08:26,29,-0.986645,RUNNING,29,-0.986645,RUNNING,29,-0.986645,RUNNING,29,-0.986645,RUNNING,29,-0.986645,RUNNING,-0.986645,Run1
1065,07/15/2026 08:27,29,-0.986645,RUNNING,29,-0.986645,RUNNING,29,-0.986645,RUNNING,29,-0.986645,RUNNING,29,-0.986645,RUNNING,-0.986645,Run1
1066,07/15/2026 08:28,29,-0.986645,RUNNING,29,-0.986645,RUNNING,29,-0.986645,RUNNING,29,-0.986645,RUNNING,29,-0.986645,RUNNING,-0.986645,Run1
1067,07/15/2026 08:29,29,-0.986645,RUNNING,29,-0.986645,RUNNING,29,-0.986645,RUNNING,29,-0.986645,RUNNING,29,-0.986645,RUNNING,-0.986645,Run1
1068,07/15/2026 08:30,29,-0.986645,RUNNING,29,-0.986645,RUNNING,29,-0.986645,RUNNING,29,-0.986645,RUNNING,29,-0.986645,RUNNING,-0.986645,Run1
1069,07/15/2026 08:31,29,-0.986645,RUNNING,29,-0.986645,RUNNING,29,-0.986645,RUNNING,29,-0.986645,RUNNING,29,-0.986645,RUNNING,-0.986645,Run1
1070,07/15/2026 08:32,29,-0.986645,RUNNING,29,-0.986645,RUNNING,29,-0.986645,RUNNING,29,-0.986645,RUNNING,29,-0.986645,RUNNING,-0.986645,Run1
1071,07/15/2026 08:33,29,-0.986645,RUNNING,29,-0.986645,RUNNING,29,-0.986645,RUNNING,29,-0.986645,RUNNING,29,-0.986645,RUNNING,-0.986645,Run1
1072,07/15/2026 08:34,29,-0.986645,RUNNING,29,-0.986645,RUNNING,29,-0.986645,RUNNING,29,-0.986645,RUNNING,29,-0.986645,RUNNING,-0.986645,Run1
1073,07/15/2026 08:35,29,-0.986645,RUNNING,29,-0.986645,RUNNING,29,-0.986645,RUNNING,29,-0.986645,RUNNING,29,-0.986645,RUNNING,-0.986645,Run1
1074,07/15/2026 08:36,29,-0.986645,RUNNING,29,-0.986645,RUNNING,29,-0.986645,RUNNING,29,-0.986645,RUNNING,29,-0.986645,RUNNING,-0.986645,Run1
1075,07/15/2026 08:37,29,-0.986645,RUNNING,29,-0.986645,RUNNING,29,-0.986645,RUNNING,29,-0.986645,RUNNING,29,-0.986645,RUNNING,-0.986645,Run1
1076,07/15/2026 08:38,29,-0.986645,RUNNING,29,-0.986645,RUNNING,29,-0.986645,RUNNING,29,-0.986645,RUNNING,29,-0.986645,RUNNING,-0.986645,Run1
1077,07/15/2026 08:39,29,-0.986645,RUNNING,29,-0.986645,RUNNING,29,-0.986645,RUNNING,29,-0.986645,RUNNING,29,-0.986645,RUNNING,-0.986645,Run1
1078,07/15/2026 08:41,29,-0.986645,RUNNING,29,-0.986645,RUNNING,29,-0.986645,RUNNING,29,-0.986645,RUNNING,29,-0.986645,RUNNING,-0.986645,Run1
1079,07/15/2026 08:42,29,-0.986645,RUNNING,29,-0.986645,RUNNING,29,-0.986645,RUNNING,29,-0.986645,RUNNING,29,-0.986645,RUNNING,-0.986645,Run1
1080,07/15/2026 08:43,29,-0.986645,RUNNING,29,-0.986645,RUNNING,29,-0.986645,RUNNING,29,-0.986645,RUNNING,29,-0.986645,RUNNING,-0.986645,Run1
1081,07/15/2026 08:44,29,-0.986645,RUNNING,29,-0.986645,RUNNING,29,-0.986645,RUNNING,29,-0.986645,RUNNING,29,-0.986645,RUNNING,-0.986645,Run1
1082,07/15/2026 08:45,29,-0.986645,RUNNING,29,-0.986645,RUNNING,29,-0.986645,RUNNING,29,-0.986645,RUNNING,29,-0.986645,RUNNING,-0.986645,Run1
1083,07/15/2026 08:46,29,-0.986645,RUNNING,29,-0.986645,RUNNING,29,-0.986645,RUNNING,29,-0.986645,RUNNING,29,-0.986645,RUNNING,-0.986645,Run1
1084,07/15/2026 08:47,29,-0.986645,RUNNING,29,-0.986645,RUNNING,29,-0.986645,RUNNING,29,-0.986645,RUNNING,29,-0.986645,RUNNING,-0.986645,Run1
1085,07/15/2026 08:48,29,-0.986645,RUNNING,29,-0.986645,RUNNING,29,-0.986645,RUNNING,29,-0.986645,RUNNING,29,-0.986645,RUNNING,-0.986645,Run1
1086,07/15/2026 08:49,29,-0.986645,RUNNING,29,-0.986645,RUNNING,29,-0.986645,RUNNING,29,-0.986645,RUNNING,29,-0.986645,RUNNING,-0.986645,Run1
1087,07/15/2026 08:50,29,-0.986645,RUNNING,29,-0.986645,RUNNING,29,-0.986645,RUNNING,29,-0.986645,RUNNING,29,-0.986645,RUNNING,-0.986645,Run1
1088,07/15/2026 08:51,29,-0.986645,RUNNING,29,-0.986645,RUNNING,29,-0.986645,RUNNING,29,-0.986645,RUNNING,29,-0.986645,RUNNING,-0.986645,Run1
1089,07/15/2026 08:52,29,-0.986645,RUNNING,29,-0.986645,RUNNING,29,-0.986645,RUNNING,29,-0.986645,RUNNING,29,-0.986645,RUNNING,-0.986645,Run1
1090,07/15/2026 08:53,29,-0.986645,RUNNING,29,-0.986645,RUNNING,29,-0.986645,RUNNING,29,-0.986645,RUNNING,29,-0.986645,RUNNING,-0.986645,Run1
1091,07/15/2026 08:54,29,-0.986645,RUNNING,29,-0.986645,RUNNING,29,-0.986645,RUNNING,29,-0.986645,RUNNING,29,-0.986645,RUNNING,-0.986645,Run1
1092,07/15/2026 08:55,29,-0.986645,RUNNING,29,-0.986645,RUNNING,29,-0.986645,RUNNING,29,-0.986645,RUNNING,29,-0.986645,RUNNING,-0.986645,Run1
1093,07/15/2026 08:56,29,-0.986645,RUNNING,29,-0.986645,RUNNING,29,-0.986645,RUNNING,29,-0.986645,RUNNING,29,-0.986645,RUNNING,-0.986645,Run1
1094,07/15/2026 08:57,29,-0.986645,RUNNING,29,-0.986645,RUNNING,29,-0.986645,RUNNING,29,-0.986645,RUNNING,29,-0.986645,RUNNING,-0.986645,Run1
1095,07/15/2026 08:58,29,-0.986645,RUNNING,29,-0.986645,RUNNING,29,-0.986645,RUNNING,29,-0.986645,RUNNING,29,-0.986645,RUNNING,-0.986645,Run1
1096,07/15/2026 08:59,29,-0.986645,RUNNING,29,-0.986645,RUNNING,29,-0.986645,RUNNING,29,-0.986645,RUNNING,29,-0.986645,RUNNING,-0.986645,Run1
1097,07/15/2026 09:00,29,-0.986645,RUNNING,29,-0.986645,RUNNING,29,-0.986645,RUNNING,29,-0.986645,RUNNING,29,-0.986645,RUNNING,-0.986645,Run1
1098,07/15/2026 09:01,29,-0.986645,RUNNING,29,-0.986645,RUNNING,29,-0.986645,RUNNING,29,-0.986645,RUNNING,29,-0.986645,RUNNING,-0.986645,Run1
1099,07/15/2026 09:02,29,-0.986645,RUNNING,29,-0.986645,RUNNING,29,-0.986645,RUNNING,29,-0.986645,RUNNING,29,-0.986645,RUNNING,-0.986645,Run1
1100,07/15/2026 09:03,29,-0.986645,RUNNING,29,-0.986645,RUNNING,29,-0.986645,RUNNING,29,-0.986645,RUNNING,29,-0.986645,RUNNING,-0.986645,Run1
1101,07/15/2026 09:04,29,-0.986645,RUNNING,29,-0.986645,RUNNING,29,-0.986645,RUNNING,29,-0.986645,RUNNING,29,-0.986645,RUNNING,-0.986645,Run1
1102,07/15/2026 09:05,29,-0.986645,RUNNING,29,-0.986645,RUNNING,29,-0.986645,RUNNING,29,-0.986645,RUNNING,29,-0.986645,RUNNING,-0.986645,Run1
1103,07/15/2026 09:06,29,-0.986645,RUNNING,29,-0.986645,RUNNING,29,-0.986645,RUNNING,29,-0.986645,RUNNING,29,-0.986645,RUNNING,-0.986645,Run1
1104,07/15/2026 09:07,29,-0.986645,RUNNING,29,-0.986645,RUNNING,29,-0.986645,RUNNING,29,-0.986645,RUNNING,29,-0.986645,RUNNING,-0.986645,Run1
1105,07/15/2026 09:08,29,-0.986645,RUNNING,29,-0.986645,RUNNING,29,-0.986645,RUNNING,29,-0.986645,RUNNING,29,-0.986645,RUNNING,-0.986645,Run1
1106,07/15/2026 09:09,29,-0.986645,RUNNING,29,-0.986645,RUNNING,29,-0.986645,RUNNING,29,-0.986645,RUNNING,29,-0.986645,RUNNING,-0.986645,Run1
1107,07/15/2026 09:10,29,-0.986645,RUNNING,29,-0.986645,RUNNING,29,-0.986645,RUNNING,29,-0.986645,RUNNING,29,-0.986645,RUNNING,-0.986645,Run1
1108,07/15/2026 09:11,29,-0.986645,RUNNING,29,-0.986645,RUNNING,29,-0.986645,RUNNING,29,-0.986645,RUNNING,29,-0.986645,RUNNING,-0.986645,Run1
1109,07/15/2026 09:12,29,-0.986645,RUNNING,29,-0.986645,RUNNING,29,-0.986645,RUNNING,29,-0.986645,RUNNING,29,-0.986645,RUNNING,-0.986645,Run1
1110,07/15/2026 09:13,29,-0.986645,RUNNING,29,-0.986645,RUNNING,29,-0.986645,RUNNING,29,-0.986645,RUNNING,29,-0.986645,RUNNING,-0.986645,Run1
1111,07/15/2026 09:15,29,-0.986645,RUNNING,29,-0.986645,RUNNING,29,-0.986645,RUNNING,29,-0.986645,RUNNING,29,-0.986645,RUNNING,-0.986645,Run1
1112,07/15/2026 09:16,29,-0.986645,RUNNING,29,-0.986645,RUNNING,29,-0.986645,RUNNING,29,-0.986645,RUNNING,29,-0.986645,RUNNING,-0.986645,Run1
1113,07/15/2026 09:17,29,-0.986645,RUNNING,29,-0.986645,RUNNING,29,-0.986645,RUNNING,29,-0.986645,RUNNING,29,-0.986645,RUNNING,-0.986645,Run1
1114,07/15/2026 09:18,29,-0.986645,RUNNING,29,-0.986645,RUNNING,29,-0.986645,RUNNING,29,-0.986645,RUNNING,29,-0.986645,RUNNING,-0.986645,Run1
1115,07/15/2026 09:19,29,-0.986645,RUNNING,29,-0.986645,RUNNING,29,-0.986645,RUNNING,29,-0.986645,RUNNING,29,-0.986645,RUNNING,-0.986645,Run1
1116,07/15/2026 09:20,29,-0.986645,RUNNING,29,-0.986645,RUNNING,29,-0.986645,RUNNING,29,-0.986645,RUNNING,29,-0.986645,RUNNING,-0.986645,Run1
1117,07/15/2026 09:21,29,-0.986645,RUNNING,29,-0.986645,RUNNING,29,-0.986645,RUNNING,29,-0.986645,RUNNING,29,-0.986645,RUNNING,-0.986645,Run1
1118,07/15/2026 09:22,29,-0.986645,RUNNING,29,-0.986645,RUNNING,29,-0.986645,RUNNING,29,-0.986645,RUNNING,29,-0.986645,RUNNING,-0.986645,Run1
1119,07/15/2026 09:23,29,-0.986645,RUNNING,29,-0.986645,RUNNING,29,-0.986645,RUNNING,29,-0.986645,RUNNING,29,-0.986645,RUNNING,-0.986645,Run1
1120,07/15/2026 09:24,29,-0.986645,RUNNING,29,-0.986645,RUNNING,29,-0.986645,RUNNING,29,-0.986645,RUNNING,29,-0.986645,RUNNING,-0.986645,Run1
1121,07/15/2026 09:25,29,-0.986645,RUNNING,29,-0.986645,RUNNING,29,-0.986645,RUNNING,29,-0.986645,RUNNING,29,-0.986645,RUNNING,-0.986645,Run1
1122,07/15/2026 09:26,29,-0.986645,RUNNING,29,-0.986645,RUNNING,29,-0.986645,RUNNING,29,-0.986645,RUNNING,29,-0.986645,RUNNING,-0.986645,Run1
1123,07/15/2026 09:27,29,-0.986645,RUNNING,29,-0.986645,RUNNING,29,-0.986645,RUNNING,29,-0.986645,RUNNING,29,-0.986645,RUNNING,-0.986645,Run1
1124,07/15/2026 09:28,29,-0.986645,RUNNING,29,-0.986645,RUNNING,29,-0.986645,RUNNING,29,-0.986645,RUNNING,29,-0.986645,RUNNING,-0.986645,Run1
1125,07/15/2026 09:29,29,-0.986645,RUNNING,29,-0.986645,RUNNING,29,-0.986645,RUNNING,29,-0.986645,RUNNING,29,-0.986645,RUNNING,-0.986645,Run1
1126,07/15/2026 09:30,29,-0.986645,RUNNING,29,-0.986645,RUNNING,29,-0.986645,RUNNING,29,-0.986645,RUNNING,29,-0.986645,RUNNING,-0.986645,Run1
1127,07/15/2026 09:31,29,-0.986645,RUNNING,29,-0.986645,RUNNING,29,-0.986645,RUNNING,29,-0.986645,RUNNING,29,-0.986645,RUNNING,-0.986645,Run1
1128,07/15/2026 09:32,29,-0.986645,RUNNING,29,-0.986645,RUNNING,29,-0.986645,RUNNING,29,-0.986645,RUNNING,29,-0.986645,RUNNING,-0.986645,Run1
1129,07/15/2026 09:33,29,-0.986645,RUNNING,29,-0.986645,RUNNING,29,-0.986645,RUNNING,29,-0.986645,RUNNING,29,-0.986645,RUNNING,-0.986645,Run1
1130,07/15/2026 09:34,29,-0.986645,RUNNING,29,-0.986645,RUNNING,29,-0.986645,RUNNING,29,-0.986645,RUNNING,29,-0.986645,RUNNING,-0.986645,Run1
1131,07/15/2026 09:35,29,-0.986645,RUNNING,29,-0.986645,RUNNING,29,-0.986645,RUNNING,29,-0.986645,RUNNING,29,-0.986645,RUNNING,-0.986645,Run1
1132,07/15/2026 09:36,29,-0.986645,RUNNING,29,-0.986645,RUNNING,29,-0.986645,RUNNING,29,-0.986645,RUNNING,29,-0.986645,RUNNING,-0.986645,Run1
1133,07/15/2026 09:37,29,-0.986645,RUNNING,29,-0.986645,RUNNING,29,-0.986645,RUNNING,29,-0.986645,RUNNING,29,-0.986645,RUNNING,-0.986645,Run1
1134,07/15/2026 09:38,29,-0.986645,RUNNING,29,-0.986645,RUNNING,29,-0.986645,RUNNING,29,-0.986645,RUNNING,29,-0.986645,RUNNING,-0.986645,Run1
1135,07/15/2026 09:39,29,-0.986645,RUNNING,29,-0.986645,RUNNING,29,-0.986645,RUNNING,29,-0.986645,RUNNING,29,-0.986645,RUNNING,-0.986645,Run1
1136,07/15/2026 09:40,29,-0.986645,RUNNING,29,-0.986645,RUNNING,29,-0.986645,RUNNING,29,-0.986645,RUNNING,29,-0.986645,RUNNING,-0.986645,Run1
1137,07/15/2026 09:41,29,-0.986645,RUNNING,29,-0.986645,RUNNING,29,-0.986645,RUNNING,29,-0.986645,RUNNING,29,-0.986645,RUNNING,-0.986645,Run1
1138,07/15/2026 09:42,29,-0.986645,RUNNING,29,-0.986645,RUNNING,29,-0.986645,RUNNING,29,-0.986645,RUNNING,29,-0.986645,RUNNING,-0.986645,Run1
1139,07/15/2026 09:43,29,-0.986645,RUNNING,29,-0.986645,RUNNING,29,-0.986645,RUNNING,29,-0.986645,RUNNING,29,-0.986645,RUNNING,-0.986645,Run1
1140,07/15/2026 09:44,29,-0.986645,RUNNING,29,-0.986645,RUNNING,29,-0.986645,RUNNING,29,-0.986645,RUNNING,29,-0.986645,RUNNING,-0.986645,Run1
1141,07/15/2026 09:46,29,-0.986645,RUNNING,29,-0.986645,RUNNING,29,-0.986645,RUNNING,29,-0.986645,RUNNING,29,-0.986645,RUNNING,-0.986645,Run1
1142,07/15/2026 09:47,29,-0.986645,RUNNING,29,-0.986645,RUNNING,29,-0.986645,RUNNING,29,-0.986645,RUNNING,29,-0.986645,RUNNING,-0.986645,Run1
1143,07/15/2026 09:48,29,-0.986645,RUNNING,29,-0.986645,RUNNING,29,-0.986645,RUNNING,29,-0.986645,RUNNING,29,-0.986645,RUNNING,-0.986645,Run1
1144,07/15/2026 09:49,29,-0.986645,RUNNING,29,-0.986645,RUNNING,29,-0.986645,RUNNING,29,-0.986645,RUNNING,29,-0.986645,RUNNING,-0.986645,Run1
1145,07/15/2026 09:50,29,-0.986645,RUNNING,29,-0.986645,RUNNING,29,-0.986645,RUNNING,29,-0.986645,RUNNING,29,-0.986645,RUNNING,-0.986645,Run1
1146,07/15/2026 09:51,29,-0.986645,RUNNING,29,-0.986645,RUNNING,29,-0.986645,RUNNING,29,-0.986645,RUNNING,29,-0.986645,RUNNING,-0.986645,Run1
1147,07/15/2026 09:52,29,-0.986645,RUNNING,29,-0.986645,RUNNING,29,-0.986645,RUNNING,29,-0.986645,RUNNING,29,-0.986645,RUNNING,-0.986645,Run1
1148,07/15/2026 09:53,29,-0.986645,RUNNING,29,-0.986645,RUNNING,29,-0.986645,RUNNING,29,-0.986645,RUNNING,29,-0.986645,RUNNING,-0.986645,Run1
1149,07/15/2026 09:54,29,-0.986645,RUNNING,29,-0.986645,RUNNING,29,-0.986645,RUNNING,29,-0.986645,RUNNING,29,-0.986645,RUNNING,-0.986645,Run1
1150,07/15/2026 09:55,29,-0.986645,RUNNING,29,-0.986645,RUNNING,29,-0.986645,RUNNING,29,-0.986645,RUNNING,29,-0.986645,RUNNING,-0.986645,Run1
1151,07/15/2026 09:56,29,-0.986645,RUNNING,29,-0.986645,RUNNING,29,-0.986645,RUNNING,29,-0.986645,RUNNING,29,-0.986645,RUNNING,-0.986645,Run1
1152,07/15/2026 09:57,29,-0.986645,RUNNING,29,-0.986645,RUNNING,29,-0.986645,RUNNING,29,-0.986645,RUNNING,29,-0.986645,RUNNING,-0.986645,Run1
1153,07/15/2026 09:58,29,-0.986645,RUNNING,29,-0.986645,RUNNING,29,-0.986645,RUNNING,29,-0.986645,RUNNING,29,-0.986645,RUNNING,-0.986645,Run1
1154,07/15/2026 09:59,29,-0.986645,RUNNING,29,-0.986645,RUNNING,29,-0.986645,RUNNING,29,-0.986645,RUNNING,29,-0.986645,RUNNING,-0.986645,Run1
1155,07/15/2026 10:00,29,-0.986645,RUNNING,29,-0.986645,RUNNING,29,-0.986645,RUNNING,29,-0.986645,RUNNING,29,-0.986645,RUNNING,-0.986645,Run1
1156,07/15/2026 10:01,29,-0.986645,RUNNING,29,-0.986645,RUNNING,29,-0.986645,RUNNING,29,-0.986645,RUNNING,29,-0.986645,RUNNING,-0.986645,Run1
1157,07/15/2026 10:02,29,-0.986645,RUNNING,29,-0.986645,RUNNING,29,-0.986645,RUNNING,29,-0.986645,RUNNING,29,-0.986645,RUNNING,-0.986645,Run1
1158,07/15/2026 10:03,29,-0.986645,RUNNING,29,-0.986645,RUNNING,29,-0.986645,RUNNING,29,-0.986645,RUNNING,29,-0.986645,RUNNING,-0.986645,Run1
1159,07/15/2026 10:04,29,-0.986645,RUNNING,29,-0.986645,RUNNING,29,-0.986645,RUNNING,29,-0.986645,RUNNING,29,-0.986645,RUNNING,-0.986645,Run1
1160,07/15/2026 10:05,29,-0.986645,RUNNING,29,-0.986645,RUNNING,29,-0.986645,RUNNING,29,-0.986645,RUNNING,29,-0.986645,RUNNING,-0.986645,Run1
1161,07/15/2026 10:06,29,-0.986645,RUNNING,29,-0.986645,RUNNING,29,-0.986645,RUNNING,29,-0.986645,RUNNING,29,-0.986645,RUNNING,-0.986645,Run1
1162,07/15/2026 10:07,29,-0.986645,RUNNING,29,-0.986645,RUNNING,29,-0.986645,RUNNING,29,-0.986645,RUNNING,29,-0.986645,RUNNING,-0.986645,Run1
1163,07/15/2026 10:08,29,-0.986645,RUNNING,29,-0.986645,RUNNING,29,-0.986645,RUNNING,29,-0.986645,RUNNING,29,-0.986645,RUNNING,-0.986645,Run1
1164,07/15/2026 10:09,29,-0.986645,RUNNING,29,-0.986645,RUNNING,29,-0.986645,RUNNING,29,-0.986645,RUNNING,29,-0.986645,RUNNING,-0.986645,Run1
1165,07/15/2026 10:10,29,-0.986645,RUNNING,29,-0.986645,RUNNING,29,-0.986645,RUNNING,29,-0.986645,RUNNING,29,-0.986645,RUNNING,-0.986645,Run1
1166,07/15/2026 10:11,29,-0.986645,RUNNING,29,-0.986645,RUNNING,29,-0.986645,RUNNING,29,-0.986645,RUNNING,29,-0.986645,RUNNING,-0.986645,Run1
1167,07/15/2026 10:12,29,-0.986645,RUNNING,29,-0.986645,RUNNING,29,-0.986645,RUNNING,29,-0.986645,RUNNING,29,-0.986645,RUNNING,-0.986645,Run1
1168,07/15/2026 10:13,29,-0.986645,RUNNING,29,-0.986645,RUNNING,29,-0.986645,RUNNING,29,-0.986645,RUNNING,29,-0.986645,RUNNING,-0.986645,Run1
1169,07/15/2026 10:14,29,-0.986645,RUNNING,29,-0.986645,RUNNING,29,-0.986645,RUNNING,29,-0.986645,RUNNING,29,-0.986645,RUNNING,-0.986645,Run1
1170,07/15/2026 10:15,29,-0.986645,RUNNING,29,-0.986645,RUNNING,29,-0.986645,RUNNING,29,-0.986645,RUNNING,29,-0.986645,RUNNING,-0.986645,Run1
1171,07/15/2026 10:16,29,-0.986645,RUNNING,29,-0.986645,RUNNING,29,-0.986645,RUNNING,29,-0.986645,RUNNING,29,-0.986645,RUNNING,-0.986645,Run1
1172,07/15/2026 10:18,29,-0.986645,RUNNING,29,-0.986645,RUNNING,29,-0.986645,RUNNING,29,-0.986645,RUNNING,29,-0.986645,RUNNING,-0.986645,Run1
1173,07/15/2026 10:19,29,-0.986645,RUNNING,29,-0.986645,RUNNING,29,-0.986645,RUNNING,29,-0.986645,RUNNING,29,-0.986645,RUNNING,-0.986645,Run1
1174,07/15/2026 10:20,29,-0.986645,RUNNING,29,-0.986645,RUNNING,29,-0.986645,RUNNING,29,-0.986645,RUNNING,29,-0.986645,RUNNING,-0.986645,Run1
1175,07/15/2026 10:21,29,-0.986645,RUNNING,29,-0.986645,RUNNING,29,-0.986645,RUNNING,29,-0.986645,RUNNING,29,-0.986645,RUNNING,-0.986645,Run1
1176,07/15/2026 10:22,29,-0.986645,RUNNING,29,-0.986645,RUNNING,29,-0.986645,RUNNING,29,-0.986645,RUNNING,29,-0.986645,RUNNING,-0.986645,Run1
1177,07/15/2026 10:23,29,-0.986645,RUNNING,29,-0.986645,RUNNING,29,-0.986645,RUNNING,29,-0.986645,RUNNING,29,-0.986645,RUNNING,-0.986645,Run1
1178,07/15/2026 10:24,29,-0.986645,RUNNING,29,-0.986645,RUNNING,29,-0.986645,RUNNING,29,-0.986645,RUNNING,29,-0.986645,RUNNING,-0.986645,Run1
1179,07/15/2026 10:25,29,-0.986645,RUNNING,29,-0.986645,RUNNING,29,-0.986645,RUNNING,29,-0.986645,RUNNING,29,-0.986645,RUNNING,-0.986645,Run1
1180,07/15/2026 10:26,29,-0.986645,RUNNING,29,-0.986645,RUNNING,29,-0.986645,RUNNING,29,-0.986645,RUNNING,29,-0.986645,RUNNING,-0.986645,Run1
1181,07/15/2026 10:27,29,-0.986645,RUNNING,29,-0.986645,RUNNING,29,-0.986645,RUNNING,29,-0.986645,RUNNING,29,-0.986645,RUNNING,-0.986645,Run1
1182,07/15/2026 10:28,29,-0.986645,RUNNING,29,-0.986645,RUNNING,29,-0.986645,RUNNING,29,-0.986645,RUNNING,29,-0.986645,RUNNING,-0.986645,Run1
1183,07/15/2026 10:29,29,-0.986645,RUNNING,29,-0.986645,RUNNING,29,-0.986645,RUNNING,29,-0.986645,RUNNING,29,-0.986645,RUNNING,-0.986645,Run1
1184,07/15/2026 10:30,29,-0.986645,RUNNING,29,-0.986645,RUNNING,29,-0.986645,RUNNING,29,-0.986645,RUNNING,29,-0.986645,RUNNING,-0.986645,Run1
1185,07/15/2026 10:31,29,-0.986645,RUNNING,29,-0.986645,RUNNING,29,-0.986645,RUNNING,29,-0.986645,RUNNING,29,-0.986645,RUNNING,-0.986645,Run1
1186,07/15/2026 10:32,29,-0.986645,RUNNING,29,-0.986645,RUNNING,29,-0.986645,RUNNING,29,-0.986645,RUNNING,29,-0.986645,RUNNING,-0.986645,Run1
1187,07/15/2026 10:33,29,-0.986645,RUNNING,29,-0.986645,RUNNING,29,-0.986645,RUNNING,29,-0.986645,RUNNING,29,-0.986645,RUNNING,-0.986645,Run1
1188,07/15/2026 10:34,29,-0.986645,RUNNING,29,-0.986645,RUNNING,29,-0.986645,RUNNING,29,-0.986645,RUNNING,29,-0.986645,RUNNING,-0.986645,Run1
1189,07/15/2026 10:35,29,-0.986645,RUNNING,29,-0.986645,RUNNING,29,-0.986645,RUNNING,29,-0.986645,RUNNING,29,-0.986645,RUNNING,-0.986645,Run1
1190,07/15/2026 10:36,29,-0.986645,RUNNING,29,-0.986645,RUNNING,29,-0.986645,RUNNING,29,-0.986645,RUNNING,29,-0.986645,RUNNING,-0.986645,Run1
1191,07/15/2026 10:37,29,-0.986645,RUNNING,29,-0.986645,RUNNING,29,-0.986645,RUNNING,29,-0.986645,RUNNING,29,-0.986645,RUNNING,-0.986645,Run1
1192,07/15/2026 10:38,29,-0.986645,RUNNING,29,-0.986645,RUNNING,29,-0.986645,RUNNING,29,-0.986645,RUNNING,29,-0.986645,RUNNING,-0.986645,Run1
1193,07/15/2026 10:39,29,-0.986645,RUNNING,29,-0.986645,RUNNING,29,-0.986645,RUNNING,29,-0.986645,RUNNING,29,-0.986645,RUNNING,-0.986645,Run1
1194,07/15/2026 10:40,29,-0.986645,RUNNING,29,-0.986645,RUNNING,29,-0.986645,RUNNING,29,-0.986645,RUNNING,29,-0.986645,RUNNING,-0.986645,Run1
1195,07/15/2026 10:41,29,-0.986645,RUNNING,29,-0.986645,RUNNING,29,-0.986645,RUNNING,29,-0.986645,RUNNING,29,-0.986645,RUNNING,-0.986645,Run1
1196,07/15/2026 10:42,29,-0.986645,RUNNING,29,-0.986645,RUNNING,29,-0.986645,RUNNING,29,-0.986645,RUNNING,29,-0.986645,RUNNING,-0.986645,Run1
1197,07/15/2026 10:43,29,-0.986645,RUNNING,29,-0.986645,RUNNING,29,-0.986645,RUNNING,29,-0.986645,RUNNING,29,-0.986645,RUNNING,-0.986645,Run1
1198,07/15/2026 10:44,29,-0.986645,RUNNING,29,-0.986645,RUNNING,29,-0.986645,RUNNING,29,-0.986645,RUNNING,29,-0.986645,RUNNING,-0.986645,Run1
1199,07/15/2026 10:45,29,-0.986645,RUNNING,29,-0.986645,RUNNING,29,-0.986645,RUNNING,29,-0.986645,RUNNING,29,-0.986645,RUNNING,-0.986645,Run1
1200,07/15/2026 10:46,29,-0.986645,RUNNING,29,-0.986645,RUNNING,29,-0.986645,RUNNING,29,-0.986645,RUNNING,29,-0.986645,RUNNING,-0.986645,Run1
1201,07/15/2026 10:47,29,-0.986645,RUNNING,29,-0.986645,RUNNING,29,-0.986645,RUNNING,29,-0.986645,RUNNING,29,-0.986645,RUNNING,-0.986645,Run1
1202,07/15/2026 10:48,29,-0.986645,RUNNING,29,-0.986645,RUNNING,29,-0.986645,RUNNING,29,-0.986645,RUNNING,29,-0.986645,RUNNING,-0.986645,Run1
1203,07/15/2026 10:49,29,-0.986645,RUNNING,29,-0.986645,RUNNING,29,-0.986645,RUNNING,29,-0.986645,RUNNING,29,-0.986645,RUNNING,-0.986645,Run1
1204,07/15/2026 10:51,29,-0.986645,RUNNING,29,-0.986645,RUNNING,29,-0.986645,RUNNING,29,-0.986645,RUNNING,29,-0.986645,RUNNING,-0.986645,Run1
1205,07/15/2026 10:52,29,-0.986645,RUNNING,29,-0.986645,RUNNING,29,-0.986645,RUNNING,29,-0.986645,RUNNING,29,-0.986645,RUNNING,-0.986645,Run1
1206,07/15/2026 10:53,29,-0.986645,RUNNING,29,-0.986645,RUNNING,29,-0.986645,RUNNING,29,-0.986645,RUNNING,29,-0.986645,RUNNING,-0.986645,Run1
1207,07/15/2026 10:54,29,-0.986645,RUNNING,29,-0.986645,RUNNING,29,-0.986645,RUNNING,29,-0.986645,RUNNING,29,-0.986645,RUNNING,-0.986645,Run1
1208,07/15/2026 10:55,29,-0.986645,RUNNING,29,-0.986645,RUNNING,29,-0.986645,RUNNING,29,-0.986645,RUNNING,29,-0.986645,RUNNING,-0.986645,Run1
1209,07/15/2026 10:56,29,-0.986645,RUNNING,29,-0.986645,RUNNING,29,-0.986645,RUNNING,29,-0.986645,RUNNING,29,-0.986645,RUNNING,-0.986645,Run1
1210,07/15/2026 10:57,29,-0.986645,RUNNING,29,-0.986645,RUNNING,29,-0.986645,RUNNING,29,-0.986645,RUNNING,29,-0.986645,RUNNING,-0.986645,Run1
1211,07/15/2026 10:58,29,-0.986645,RUNNING,29,-0.986645,RUNNING,29,-0.986645,RUNNING,29,-0.986645,RUNNING,29,-0.986645,RUNNING,-0.986645,Run1
1212,07/15/2026 10:59,29,-0.986645,RUNNING,29,-0.986645,RUNNING,29,-0.986645,RUNNING,29,-0.986645,RUNNING,29,-0.986645,RUNNING,-0.986645,Run1
1213,07/15/2026 11:00,29,-0.986645,RUNNING,29,-0.986645,RUNNING,29,-0.986645,RUNNING,29,-0.986645,RUNNING,29,-0.986645,RUNNING,-0.986645,Run1
1214,07/15/2026 11:01,29,-0.986645,RUNNING,29,-0.986645,RUNNING,29,-0.986645,RUNNING,29,-0.986645,RUNNING,29,-0.986645,RUNNING,-0.986645,Run1
1215,07/15/2026 11:02,29,-0.986645,RUNNING,29,-0.986645,RUNNING,29,-0.986645,RUNNING,29,-0.986645,RUNNING,29,-0.986645,RUNNING,-0.986645,Run1
1216,07/15/2026 11:03,29,-0.986645,RUNNING,29,-0.986645,RUNNING,29,-0.986645,RUNNING,29,-0.986645,RUNNING,29,-0.986645,RUNNING,-0.986645,Run1
1217,07/15/2026 11:04,29,-0.986645,RUNNING,29,-0.986645,RUNNING,29,-0.986645,RUNNING,29,-0.986645,RUNNING,29,-0.986645,RUNNING,-0.986645,Run1
1218,07/15/2026 11:05,29,-0.986645,RUNNING,29,-0.986645,RUNNING,29,-0.986645,RUNNING,29,-0.986645,RUNNING,29,-0.986645,RUNNING,-0.986645,Run1
1219,07/15/2026 11:06,29,-0.986645,RUNNING,29,-0.986645,RUNNING,29,-0.986645,RUNNING,29,-0.986645,RUNNING,29,-0.986645,RUNNING,-0.986645,Run1
1220,07/15/2026 11:07,29,-0.986645,RUNNING,29,-0.986645,RUNNING,29,-0.986645,RUNNING,29,-0.986645,RUNNING,29,-0.986645,RUNNING,-0.986645,Run1
1221,07/15/2026 11:08,29,-0.986645,RUNNING,29,-0.986645,RUNNING,29,-0.986645,RUNNING,29,-0.986645,RUNNING,29,-0.986645,RUNNING,-0.986645,Run1
1222,07/15/2026 11:09,29,-0.986645,RUNNING,29,-0.986645,RUNNING,29,-0.986645,RUNNING,29,-0.986645,RUNNING,29,-0.986645,RUNNING,-0.986645,Run1
1223,07/15/2026 11:10,29,-0.986645,RUNNING,29,-0.986645,RUNNING,29,-0.986645,RUNNING,29,-0.986645,RUNNING,29,-0.986645,RUNNING,-0.986645,Run1
1224,07/15/2026 11:11,29,-0.986645,RUNNING,29,-0.986645,RUNNING,29,-0.986645,RUNNING,29,-0.986645,RUNNING,29,-0.986645,RUNNING,-0.986645,Run1
1225,07/15/2026 11:12,29,-0.986645,RUNNING,29,-0.986645,RUNNING,29,-0.986645,RUNNING,29,-0.986645,RUNNING,29,-0.986645,RUNNING,-0.986645,Run1
1226,07/15/2026 11:13,29,-0.986645,RUNNING,29,-0.986645,RUNNING,29,-0.986645,RUNNING,29,-0.986645,RUNNING,29,-0.986645,RUNNING,-0.986645,Run1
1227,07/15/2026 11:14,29,-0.986645,RUNNING,29,-0.986645,RUNNING,29,-0.986645,RUNNING,29,-0.986645,RUNNING,29,-0.986645,RUNNING,-0.986645,Run1
1228,07/15/2026 11:15,29,-0.986645,RUNNING,29,-0.986645,RUNNING,29,-0.986645,RUNNING,29,-0.986645,RUNNING,29,-0.986645,RUNNING,-0.986645,Run1
1229,07/15/2026 11:16,29,-0.986645,RUNNING,29,-0.986645,RUNNING,29,-0.986645,RUNNING,29,-0.986645,RUNNING,29,-0.986645,RUNNING,-0.986645,Run1
1230,07/15/2026 11:17,29,-0.986645,RUNNING,29,-0.986645,RUNNING,29,-0.986645,RUNNING,29,-0.986645,RUNNING,29,-0.986645,RUNNING,-0.986645,Run1
1231,07/15/2026 11:18,29,-0.986645,RUNNING,29,-0.986645,RUNNING,29,-0.986645,RUNNING,29,-0.986645,RUNNING,29,-0.986645,RUNNING,-0.986645,Run1
1232,07/15/2026 11:19,29,-0.986645,RUNNING,29,-0.986645,RUNNING,29,-0.986645,RUNNING,29,-0.986645,RUNNING,29,-0.986645,RUNNING,-0.986645,Run1
1233,07/15/2026 11:20,29,-0.986645,RUNNING,29,-0.986645,RUNNING,29,-0.986645,RUNNING,29,-0.986645,RUNNING,29,-0.986645,RUNNING,-0.986645,Run1
1234,07/15/2026 11:21,29,-0.986645,RUNNING,29,-0.986645,RUNNING,29,-0.986645,RUNNING,29,-0.986645,RUNNING,29,-0.986645,RUNNING,-0.986645,Run1
1235,07/15/2026 11:22,29,-0.986645,RUNNING,29,-0.986645,RUNNING,29,-0.986645,RUNNING,29,-0.986645,RUNNING,29,-0.986645,RUNNING,-0.986645,Run1
1236,07/15/2026 11:24,29,-0.986645,RUNNING,29,-0.986645,RUNNING,29,-0.986645,RUNNING,29,-0.986645,RUNNING,29,-0.986645,RUNNING,-0.986645,Run1
1237,07/15/2026 11:25,29,-0.986645,RUNNING,29,-0.986645,RUNNING,29,-0.986645,RUNNING,29,-0.986645,RUNNING,29,-0.986645,RUNNING,-0.986645,Run1
1238,07/15/2026 11:26,29,-0.986645,RUNNING,29,-0.986645,RUNNING,29,-0.986645,RUNNING,29,-0.986645,RUNNING,29,-0.986645,RUNNING,-0.986645,Run1
1239,07/15/2026 11:27,29,-0.986645,RUNNING,29,-0.986645,RUNNING,29,-0.986645,RUNNING,29,-0.986645,RUNNING,29,-0.986645,RUNNING,-0.986645,Run1
1240,07/15/2026 11:28,29,-0.986645,RUNNING,29,-0.986645,RUNNING,29,-0.986645,RUNNING,29,-0.986645,RUNNING,29,-0.986645,RUNNING,-0.986645,Run1
1241,07/15/2026 11:29,29,-0.986645,RUNNING,29,-0.986645,RUNNING,29,-0.986645,RUNNING,29,-0.986645,RUNNING,29,-0.986645,RUNNING,-0.986645,Run1
1242,07/15/2026 11:30,29,-0.986645,RUNNING,29,-0.986645,RUNNING,29,-0.986645,RUNNING,29,-0.986645,RUNNING,29,-0.986645,RUNNING,-0.986645,Run1
1243,07/15/2026 11:31,29,-0.986645,RUNNING,29,-0.986645,RUNNING,29,-0.986645,RUNNING,29,-0.986645,RUNNING,29,-0.986645,RUNNING,-0.986645,Run1
1244,07/15/2026 11:32,29,-0.986645,RUNNING,29,-0.986645,RUNNING,29,-0.986645,RUNNING,29,-0.986645,RUNNING,29,-0.986645,RUNNING,-0.986645,Run1
1245,07/15/2026 11:33,29,-0.986645,RUNNING,29,-0.986645,RUNNING,29,-0.986645,RUNNING,29,-0.986645,RUNNING,29,-0.986645,RUNNING,-0.986645,Run1
1246,07/15/2026 11:34,29,-0.986645,RUNNING,29,-0.986645,RUNNING,29,-0.986645,RUNNING,29,-0.986645,RUNNING,29,-0.986645,RUNNING,-0.986645,Run1
1247,07/15/2026 11:35,29,-0.986645,RUNNING,29,-0.986645,RUNNING,29,-0.986645,RUNNING,29,-0.986645,RUNNING,29,-0.986645,RUNNING,-0.986645,Run1
1248,07/15/2026 11:36,29,-0.986645,RUNNING,29,-0.986645,RUNNING,29,-0.986645,RUNNING,29,-0.986645,RUNNING,29,-0.986645,RUNNING,-0.986645,Run1
1249,07/15/2026 11:37,29,-0.986645,RUNNING,29,-0.986645,RUNNING,29,-0.986645,RUNNING,29,-0.986645,RUNNING,29,-0.986645,RUNNING,-0.986645,Run1
1250,07/15/2026 11:38,29,-0.986645,RUNNING,29,-0.986645,RUNNING,29,-0.986645,RUNNING,29,-0.986645,RUNNING,29,-0.986645,RUNNING,-0.986645,Run1
1251,07/15/2026 11:39,29,-0.986645,RUNNING,29,-0.986645,RUNNING,29,-0.986645,RUNNING,29,-0.986645,RUNNING,29,-0.986645,RUNNING,-0.986645,Run1
1252,07/15/2026 11:40,29,-0.986645,RUNNING,29,-0.986645,RUNNING,29,-0.986645,RUNNING,29,-0.986645,RUNNING,29,-0.986645,RUNNING,-0.986645,Run1
1253,07/15/2026 11:41,29,-0.986645,RUNNING,29,-0.986645,RUNNING,29,-0.986645,RUNNING,29,-0.986645,RUNNING,29,-0.986645,RUNNING,-0.986645,Run1
1254,07/15/2026 11:42,29,-0.986645,RUNNING,29,-0.986645,RUNNING,29,-0.986645,RUNNING,29,-0.986645,RUNNING,29,-0.986645,RUNNING,-0.986645,Run1
1255,07/15/2026 11:43,29,-0.986645,RUNNING,29,-0.986645,RUNNING,29,-0.986645,RUNNING,29,-0.986645,RUNNING,29,-0.986645,RUNNING,-0.986645,Run1
1256,07/15/2026 11:44,29,-0.986645,RUNNING,29,-0.986645,RUNNING,29,-0.986645,RUNNING,29,-0.986645,RUNNING,29,-0.986645,RUNNING,-0.986645,Run1
1257,07/15/2026 11:45,29,-0.986645,RUNNING,29,-0.986645,RUNNING,29,-0.986645,RUNNING,29,-0.986645,RUNNING,29,-0.986645,RUNNING,-0.986645,Run1
1258,07/15/2026 11:46,29,-0.986645,RUNNING,29,-0.986645,RUNNING,29,-0.986645,RUNNING,29,-0.986645,RUNNING,29,-0.986645,RUNNING,-0.986645,Run1
1259,07/15/2026 11:47,29,-0.986645,RUNNING,29,-0.986645,RUNNING,29,-0.986645,RUNNING,29,-0.986645,RUNNING,29,-0.986645,RUNNING,-0.986645,Run1
1260,07/15/2026 11:48,29,-0.986645,RUNNING,29,-0.986645,RUNNING,29,-0.986645,RUNNING,29,-0.986645,RUNNING,29,-0.986645,RUNNING,-0.986645,Run1
1261,07/15/2026 11:49,29,-0.986645,RUNNING,29,-0.986645,RUNNING,29,-0.986645,RUNNING,29,-0.986645,RUNNING,29,-0.986645,RUNNING,-0.986645,Run1
1262,07/15/2026 11:50,29,-0.986645,RUNNING,29,-0.986645,RUNNING,29,-0.986645,RUNNING,29,-0.986645,RUNNING,29,-0.986645,RUNNING,-0.986645,Run1
1263,07/15/2026 11:51,29,-0.986645,RUNNING,29,-0.986645,RUNNING,29,-0.986645,RUNNING,29,-0.986645,RUNNING,29,-0.986645,RUNNING,-0.986645,Run1
1264,07/15/2026 11:52,29,-0.986645,RUNNING,29,-0.986645,RUNNING,29,-0.986645,RUNNING,29,-0.986645,RUNNING,29,-0.986645,RUNNING,-0.986645,Run1
1265,07/15/2026 11:53,29,-0.986645,RUNNING,29,-0.986645,RUNNING,29,-0.986645,RUNNING,29,-0.986645,RUNNING,29,-0.986645,RUNNING,-0.986645,Run1
1266,07/15/2026 11:54,29,-0.986645,RUNNING,29,-0.986645,RUNNING,29,-0.986645,RUNNING,29,-0.986645,RUNNING,29,-0.986645,RUNNING,-0.986645,Run1
1267,07/15/2026 11:55,29,-0.986645,RUNNING,29,-0.986645,RUNNING,29,-0.986645,RUNNING,29,-0.986645,RUNNING,29,-0.986645,RUNNING,-0.986645,Run1
1268,07/15/2026 11:56,29,-0.986645,RUNNING,29,-0.986645,RUNNING,29,-0.986645,RUNNING,29,-0.986645,RUNNING,29,-0.986645,RUNNING,-0.986645,Run1
1269,07/15/2026 11:58,29,-0.986645,RUNNING,29,-0.986645,RUNNING,29,-0.986645,RUNNING,29,-0.986645,RUNNING,29,-0.986645,RUNNING,-0.986645,Run1
1270,07/15/2026 11:59,29,-0.986645,RUNNING,29,-0.986645,RUNNING,29,-0.986645,RUNNING,29,-0.986645,RUNNING,29,-0.986645,RUNNING,-0.986645,Run1
1271,07/15/2026 12:00,29,-0.986645,RUNNING,29,-0.986645,RUNNING,29,-0.986645,RUNNING,29,-0.986645,RUNNING,29,-0.986645,RUNNING,-0.986645,Run1
1272,07/15/2026 12:01,29,-0.986645,RUNNING,29,-0.986645,RUNNING,29,-0.986645,RUNNING,29,-0.986645,RUNNING,29,-0.986645,RUNNING,-0.986645,Run1
1273,07/15/2026 12:02,29,-0.986645,RUNNING,29,-0.986645,RUNNING,29,-0.986645,RUNNING,29,-0.986645,RUNNING,29,-0.986645,RUNNING,-0.986645,Run1
1274,07/15/2026 12:03,29,-0.986645,RUNNING,29,-0.986645,RUNNING,29,-0.986645,RUNNING,29,-0.986645,RUNNING,29,-0.986645,RUNNING,-0.986645,Run1
1275,07/15/2026 12:04,29,-0.986645,RUNNING,29,-0.986645,RUNNING,29,-0.986645,RUNNING,29,-0.986645,RUNNING,29,-0.986645,RUNNING,-0.986645,Run1
1276,07/15/2026 12:05,29,-0.986645,RUNNING,29,-0.986645,RUNNING,29,-0.986645,RUNNING,29,-0.986645,RUNNING,29,-0.986645,RUNNING,-0.986645,Run1
1277,07/15/2026 12:06,29,-0.986645,RUNNING,29,-0.986645,RUNNING,29,-0.986645,RUNNING,29,-0.986645,RUNNING,29,-0.986645,RUNNING,-0.986645,Run1
1278,07/15/2026 12:07,29,-0.986645,RUNNING,29,-0.986645,RUNNING,29,-0.986645,RUNNING,29,-0.986645,RUNNING,29,-0.986645,RUNNING,-0.986645,Run1
1279,07/15/2026 12:08,29,-0.986645,RUNNING,29,-0.986645,RUNNING,29,-0.986645,RUNNING,29,-0.986645,RUNNING,29,-0.986645,RUNNING,-0.986645,Run1
1280,07/15/2026 12:09,29,-0.986645,RUNNING,29,-0.986645,RUNNING,29,-0.986645,RUNNING,29,-0.986645,RUNNING,29,-0.986645,RUNNING,-0.986645,Run1
1281,07/15/2026 12:10,29,-0.986645,RUNNING,29,-0.986645,RUNNING,29,-0.986645,RUNNING,29,-0.986645,RUNNING,29,-0.986645,RUNNING,-0.986645,Run1
1282,07/15/2026 12:11,29,-0.986645,RUNNING,29,-0.986645,RUNNING,29,-0.986645,RUNNING,29,-0.986645,RUNNING,29,-0.986645,RUNNING,-0.986645,Run1
1283,07/15/2026 12:12,29,-0.986645,RUNNING,29,-0.986645,RUNNING,29,-0.986645,RUNNING,29,-0.986645,RUNNING,29,-0.986645,RUNNING,-0.986645,Run1
1284,07/15/2026 12:13,29,-0.986645,RUNNING,29,-0.986645,RUNNING,29,-0.986645,RUNNING,29,-0.986645,RUNNING,29,-0.986645,RUNNING,-0.986645,Run1
1285,07/15/2026 12:14,29,-0.986645,RUNNING,29,-0.986645,RUNNING,29,-0.986645,RUNNING,29,-0.986645,RUNNING,29,-0.986645,RUNNING,-0.986645,Run1
1286,07/15/2026 12:15,29,-0.986645,RUNNING,29,-0.986645,RUNNING,29,-0.986645,RUNNING,29,-0.986645,RUNNING,29,-0.986645,RUNNING,-0.986645,Run1
1287,07/15/2026 12:16,29,-0.986645,RUNNING,29,-0.986645,RUNNING,29,-0.986645,RUNNING,29,-0.986645,RUNNING,29,-0.986645,RUNNING,-0.986645,Run1
1288,07/15/2026 12:17,29,-0.986645,RUNNING,29,-0.986645,RUNNING,29,-0.986645,RUNNING,29,-0.986645,RUNNING,29,-0.986645,RUNNING,-0.986645,Run1
1289,07/15/2026 12:18,29,-0.986645,RUNNING,29,-0.986645,RUNNING,29,-0.986645,RUNNING,29,-0.986645,RUNNING,29,-0.986645,RUNNING,-0.986645,Run1
1290,07/15/2026 12:19,29,-0.986645,RUNNING,29,-0.986645,RUNNING,29,-0.986645,RUNNING,29,-0.986645,RUNNING,29,-0.986645,RUNNING,-0.986645,Run1
1291,07/15/2026 12:20,29,-0.986645,RUNNING,29,-0.986645,RUNNING,29,-0.986645,RUNNING,29,-0.986645,RUNNING,29,-0.986645,RUNNING,-0.986645,Run1
1292,07/15/2026 12:21,29,-0.986645,RUNNING,29,-0.986645,RUNNING,29,-0.986645,RUNNING,29,-0.986645,RUNNING,29,-0.986645,RUNNING,-0.986645,Run1
1293,07/15/2026 12:22,29,-0.986645,RUNNING,29,-0.986645,RUNNING,29,-0.986645,RUNNING,29,-0.986645,RUNNING,29,-0.986645,RUNNING,-0.986645,Run1
1294,07/15/2026 12:23,29,-0.986645,RUNNING,29,-0.986645,RUNNING,29,-0.986645,RUNNING,29,-0.986645,RUNNING,29,-0.986645,RUNNING,-0.986645,Run1
1295,07/15/2026 12:24,29,-0.986645,RUNNING,29,-0.986645,RUNNING,29,-0.986645,RUNNING,29,-0.986645,RUNNING,29,-0.986645,RUNNING,-0.986645,Run1
1296,07/15/2026 12:25,29,-0.986645,RUNNING,29,-0.986645,RUNNING,29,-0.986645,RUNNING,29,-0.986645,RUNNING,29,-0.986645,RUNNING,-0.986645,Run1
1297,07/15/2026 12:26,29,-0.986645,RUNNING,29,-0.986645,RUNNING,29,-0.986645,RUNNING,29,-0.986645,RUNNING,29,-0.986645,RUNNING,-0.986645,Run1
1298,07/15/2026 12:27,29,-0.986645,RUNNING,29,-0.986645,RUNNING,29,-0.986645,RUNNING,29,-0.986645,RUNNING,29,-0.986645,RUNNING,-0.986645,Run1
1299,07/15/2026 12:28,29,-0.986645,RUNNING,29,-0.986645,RUNNING,29,-0.986645,RUNNING,29,-0.986645,RUNNING,29,-0.986645,RUNNING,-0.986645,Run1
1300,07/15/2026 12:29,29,-0.986645,RUNNING,29,-0.986645,RUNNING,29,-0.986645,RUNNING,29,-0.986645,RUNNING,29,-0.986645,RUNNING,-0.986645,Run1
1301,07/15/2026 12:30,29,-0.986645,RUNNING,29,-0.986645,RUNNING,29,-0.986645,RUNNING,29,-0.986645,RUNNING,29,-0.986645,RUNNING,-0.986645,Run1
1302,07/15/2026 12:31,29,-0.986645,RUNNING,29,-0.986645,RUNNING,29,-0.986645,RUNNING,29,-0.986645,RUNNING,29,-0.986645,RUNNING,-0.986645,Run1
1303,07/15/2026 12:32,29,-0.986645,RUNNING,29,-0.986645,RUNNING,29,-0.986645,RUNNING,29,-0.986645,RUNNING,29,-0.986645,RUNNING,-0.986645,Run1
1304,07/15/2026 12:33,29,-0.986645,RUNNING,29,-0.986645,RUNNING,29,-0.986645,RUNNING,29,-0.986645,RUNNING,29,-0.986645,RUNNING,-0.986645,Run1
1305,07/15/2026 12:35,29,-0.986645,RUNNING,29,-0.986645,RUNNING,29,-0.986645,RUNNING,29,-0.986645,RUNNING,29,-0.986645,RUNNING,-0.986645,Run1
1306,07/15/2026 12:36,29,-0.986645,RUNNING,29,-0.986645,RUNNING,29,-0.986645,RUNNING,29,-0.986645,RUNNING,29,-0.986645,RUNNING,-0.986645,Run1
1307,07/15/2026 12:37,29,-0.986645,RUNNING,29,-0.986645,RUNNING,29,-0.986645,RUNNING,29,-0.986645,RUNNING,29,-0.986645,RUNNING,-0.986645,Run1
1308,07/15/2026 12:38,29,-0.986645,RUNNING,29,-0.986645,RUNNING,29,-0.986645,RUNNING,29,-0.986645,RUNNING,29,-0.986645,RUNNING,-0.986645,Run1
1309,07/15/2026 12:39,29,-0.986645,RUNNING,29,-0.986645,RUNNING,29,-0.986645,RUNNING,29,-0.986645,RUNNING,29,-0.986645,RUNNING,-0.986645,Run1
1310,07/15/2026 12:40,29,-0.986645,RUNNING,29,-0.986645,RUNNING,29,-0.986645,RUNNING,29,-0.986645,RUNNING,29,-0.986645,RUNNING,-0.986645,Run1
1311,07/15/2026 12:41,29,-0.986645,RUNNING,29,-0.986645,RUNNING,29,-0.986645,RUNNING,29,-0.986645,RUNNING,29,-0.986645,RUNNING,-0.986645,Run1
1312,07/15/2026 12:42,29,-0.986645,RUNNING,29,-0.986645,RUNNING,29,-0.986645,RUNNING,29,-0.986645,RUNNING,29,-0.986645,RUNNING,-0.986645,Run1
1313,07/15/2026 12:49,29,-0.986645,RUNNING,29,-0.986645,RUNNING,29,-0.986645,RUNNING,29,-0.986645,RUNNING,29,-0.986645,RUNNING,-0.986645,Run1
1314,07/15/2026 12:55,29,-0.986645,RUNNING,29,-0.986645,RUNNING,29,-0.986645,RUNNING,29,-0.986645,RUNNING,29,-0.986645,RUNNING,-0.986645,Run1
1315,07/15/2026 12:57,29,-0.986645,RUNNING,29,-0.986645,RUNNING,29,-0.986645,RUNNING,29,-0.986645,RUNNING,29,-0.986645,RUNNING,-0.986645,Run1
1316,07/15/2026 12:58,29,-0.986645,RUNNING,29,-0.986645,RUNNING,29,-0.986645,RUNNING,29,-0.986645,RUNNING,29,-0.986645,RUNNING,-0.986645,Run1
1317,07/15/2026 12:59,29,-0.986645,RUNNING,29,-0.986645,RUNNING,29,-0.986645,RUNNING,29,-0.986645,RUNNING,29,-0.986645,RUNNING,-0.986645,Run1
1318,07/15/2026 13:00,29,-0.986645,RUNNING,29,-0.986645,RUNNING,29,-0.986645,RUNNING,29,-0.986645,RUNNING,29,-0.986645,RUNNING,-0.986645,Run1
1319,07/15/2026 13:01,29,-0.986645,RUNNING,29,-0.986645,RUNNING,29,-0.986645,RUNNING,29,-0.986645,RUNNING,29,-0.986645,RUNNING,-0.986645,Run1
1320,07/15/2026 13:02,29,-0.986645,RUNNING,29,-0.986645,RUNNING,29,-0.986645,RUNNING,29,-0.986645,RUNNING,29,-0.986645,RUNNING,-0.986645,Run1
1321,07/15/2026 13:03,29,-0.986645,RUNNING,29,-0.986645,RUNNING,29,-0.986645,RUNNING,29,-0.986645,RUNNING,29,-0.986645,RUNNING,-0.986645,Run1
1322,07/15/2026 13:04,29,-0.986645,RUNNING,29,-0.986645,RUNNING,29,-0.986645,RUNNING,29,-0.986645,RUNNING,29,-0.986645,RUNNING,-0.986645,Run1
1323,07/15/2026 13:05,29,-0.986645,RUNNING,29,-0.986645,RUNNING,29,-0.986645,RUNNING,29,-0.986645,RUNNING,29,-0.986645,RUNNING,-0.986645,Run1
1324,07/15/2026 13:06,29,-0.986645,RUNNING,29,-0.986645,RUNNING,29,-0.986645,RUNNING,29,-0.986645,RUNNING,29,-0.986645,RUNNING,-0.986645,Run1
1325,07/15/2026 13:07,29,-0.986645,RUNNING,29,-0.986645,RUNNING,29,-0.986645,RUNNING,29,-0.986645,RUNNING,29,-0.986645,RUNNING,-0.986645,Run1
1326,07/15/2026 13:08,29,-0.986645,RUNNING,29,-0.986645,RUNNING,29,-0.986645,RUNNING,29,-0.986645,RUNNING,29,-0.986645,RUNNING,-0.986645,Run1
1327,07/15/2026 13:09,29,-0.986645,RUNNING,29,-0.986645,RUNNING,29,-0.986645,RUNNING,29,-0.986645,RUNNING,29,-0.986645,RUNNING,-0.986645,Run1
1328,07/15/2026 13:11,29,-0.986645,RUNNING,29,-0.986645,RUNNING,29,-0.986645,RUNNING,29,-0.986645,RUNNING,29,-0.986645,RUNNING,-0.986645,Run1
1329,07/15/2026 13:12,29,-0.986645,RUNNING,29,-0.986645,RUNNING,29,-0.986645,RUNNING,29,-0.986645,RUNNING,29,-0.986645,RUNNING,-0.986645,Run1
1330,07/15/2026 13:13,29,-0.986645,RUNNING,29,-0.986645,RUNNING,29,-0.986645,RUNNING,29,-0.986645,RUNNING,29,-0.986645,RUNNING,-0.986645,Run1
1331,07/15/2026 13:14,29,-0.986645,RUNNING,29,-0.986645,RUNNING,29,-0.986645,RUNNING,29,-0.986645,RUNNING,29,-0.986645,RUNNING,-0.986645,Run1
1332,07/15/2026 13:15,29,-0.986645,RUNNING,29,-0.986645,RUNNING,29,-0.986645,RUNNING,29,-0.986645,RUNNING,29,-0.986645,RUNNING,-0.986645,Run1
1333,07/15/2026 13:16,29,-0.986645,RUNNING,29,-0.986645,RUNNING,29,-0.986645,RUNNING,29,-0.986645,RUNNING,29,-0.986645,RUNNING,-0.986645,Run1
1334,07/15/2026 13:17,29,-0.986645,RUNNING,29,-0.986645,RUNNING,29,-0.986645,RUNNING,29,-0.986645,RUNNING,29,-0.986645,RUNNING,-0.986645,Run1
1335,07/15/2026 13:18,29,-0.986645,RUNNING,29,-0.986645,RUNNING,29,-0.986645,RUNNING,29,-0.986645,RUNNING,29,-0.986645,RUNNING,-0.986645,Run1
1336,07/15/2026 13:20,29,-0.986645,RUNNING,29,-0.986645,RUNNING,29,-0.986645,RUNNING,29,-0.986645,RUNNING,29,-0.986645,RUNNING,-0.986645,Run1
1337,07/15/2026 13:21,29,-0.986645,RUNNING,29,-0.986645,RUNNING,29,-0.986645,RUNNING,29,-0.986645,RUNNING,29,-0.986645,RUNNING,-0.986645,Run1
1338,07/15/2026 13:22,29,-0.986645,RUNNING,29,-0.986645,RUNNING,29,-0.986645,RUNNING,29,-0.986645,RUNNING,29,-0.986645,RUNNING,-0.986645,Run1
1339,07/15/2026 13:23,29,-0.986645,RUNNING,29,-0.986645,RUNNING,29,-0.986645,RUNNING,29,-0.986645,RUNNING,29,-0.986645,RUNNING,-0.986645,Run1
1340,07/15/2026 13:24,29,-0.986645,RUNNING,29,-0.986645,RUNNING,29,-0.986645,RUNNING,29,-0.986645,RUNNING,29,-0.986645,RUNNING,-0.986645,Run1
1341,07/15/2026 13:25,29,-0.986645,RUNNING,29,-0.986645,RUNNING,29,-0.986645,RUNNING,29,-0.986645,RUNNING,29,-0.986645,RUNNING,-0.986645,Run1
1342,07/15/2026 13:26,29,-0.986645,RUNNING,29,-0.986645,RUNNING,29,-0.986645,RUNNING,29,-0.986645,RUNNING,29,-0.986645,RUNNING,-0.986645,Run1
1343,07/15/2026 13:27,29,-0.986645,RUNNING,29,-0.986645,RUNNING,29,-0.986645,RUNNING,29,-0.986645,RUNNING,29,-0.986645,RUNNING,-0.986645,Run1
1344,07/15/2026 13:28,29,-0.986645,RUNNING,29,-0.986645,RUNNING,29,-0.986645,RUNNING,29,-0.986645,RUNNING,29,-0.986645,RUNNING,-0.986645,Run1
1345,07/15/2026 13:29,29,-0.986645,RUNNING,29,-0.986645,RUNNING,29,-0.986645,RUNNING,29,-0.986645,RUNNING,29,-0.986645,RUNNING,-0.986645,Run1
1346,07/15/2026 13:30,29,-0.986645,RUNNING,29,-0.986645,RUNNING,29,-0.986645,RUNNING,29,-0.986645,RUNNING,29,-0.986645,RUNNING,-0.986645,Run1
1347,07/15/2026 13:31,29,-0.986645,RUNNING,29,-0.986645,RUNNING,29,-0.986645,RUNNING,29,-0.986645,RUNNING,29,-0.986645,RUNNING,-0.986645,Run1
1348,07/15/2026 13:32,29,-0.986645,RUNNING,29,-0.986645,RUNNING,29,-0.986645,RUNNING,29,-0.986645,RUNNING,29,-0.986645,RUNNING,-0.986645,Run1
1349,07/15/2026 13:33,29,-0.986645,RUNNING,29,-0.986645,RUNNING,29,-0.986645,RUNNING,29,-0.986645,RUNNING,29,-0.986645,RUNNING,-0.986645,Run1
1350,07/15/2026 13:34,29,-0.986645,RUNNING,29,-0.986645,RUNNING,29,-0.986645,RUNNING,29,-0.986645,RUNNING,29,-0.986645,RUNNING,-0.986645,Run1
1351,07/15/2026 13:35,29,-0.986645,RUNNING,29,-0.986645,RUNNING,29,-0.986645,RUNNING,29,-0.986645,RUNNING,29,-0.986645,RUNNING,-0.986645,Run1
1352,07/15/2026 13:36,29,-0.986645,RUNNING,29,-0.986645,RUNNING,29,-0.986645,RUNNING,29,-0.986645,RUNNING,29,-0.986645,RUNNING,-0.986645,Run1
1353,07/15/2026 13:37,29,-0.986645,RUNNING,29,-0.986645,RUNNING,29,-0.986645,RUNNING,29,-0.986645,RUNNING,29,-0.986645,RUNNING,-0.986645,Run1
1354,07/15/2026 13:38,29,-0.986645,RUNNING,29,-0.986645,RUNNING,29,-0.986645,RUNNING,29,-0.986645,RUNNING,29,-0.986645,RUNNING,-0.986645,Run1
1355,07/15/2026 13:39,29,-0.986645,RUNNING,29,-0.986645,RUNNING,29,-0.986645,RUNNING,29,-0.986645,RUNNING,29,-0.986645,RUNNING,-0.986645,Run1
1356,07/15/2026 13:40,29,-0.986645,RUNNING,29,-0.986645,RUNNING,29,-0.986645,RUNNING,29,-0.986645,RUNNING,29,-0.986645,RUNNING,-0.986645,Run1
1357,07/15/2026 13:41,29,-0.986645,RUNNING,29,-0.986645,RUNNING,29,-0.986645,RUNNING,29,-0.986645,RUNNING,29,-0.986645,RUNNING,-0.986645,Run1
1358,07/15/2026 13:42,29,-0.986645,RUNNING,29,-0.986645,RUNNING,29,-0.986645,RUNNING,29,-0.986645,RUNNING,29,-0.986645,RUNNING,-0.986645,Run1
1359,07/15/2026 13:43,29,-0.986645,RUNNING,29,-0.986645,RUNNING,29,-0.986645,RUNNING,29,-0.986645,RUNNING,29,-0.986645,RUNNING,-0.986645,Run1
1360,07/15/2026 13:44,29,-0.986645,RUNNING,29,-0.986645,RUNNING,29,-0.986645,RUNNING,29,-0.986645,RUNNING,29,-0.986645,RUNNING,-0.986645,Run1
1361,07/15/2026 13:46,29,-0.986645,RUNNING,29,-0.986645,RUNNING,29,-0.986645,RUNNING,29,-0.986645,RUNNING,29,-0.986645,RUNNING,-0.986645,Run1
1362,07/15/2026 13:47,29,-0.986645,RUNNING,29,-0.986645,RUNNING,29,-0.986645,RUNNING,29,-0.986645,RUNNING,29,-0.986645,RUNNING,-0.986645,Run1
1363,07/15/2026 13:48,29,-0.986645,RUNNING,29,-0.986645,RUNNING,29,-0.986645,RUNNING,29,-0.986645,RUNNING,29,-0.986645,RUNNING,-0.986645,Run1
1364,07/15/2026 13:49,29,-0.986645,RUNNING,29,-0.986645,RUNNING,29,-0.986645,RUNNING,29,-0.986645,RUNNING,29,-0.986645,RUNNING,-0.986645,Run1
1365,07/15/2026 13:50,29,-0.986645,RUNNING,29,-0.986645,RUNNING,29,-0.986645,RUNNING,29,-0.986645,RUNNING,29,-0.986645,RUNNING,-0.986645,Run1
1366,07/15/2026 13:51,29,-0.986645,RUNNING,29,-0.986645,RUNNING,29,-0.986645,RUNNING,29,-0.986645,RUNNING,29,-0.986645,RUNNING,-0.986645,Run1
1367,07/15/2026 13:52,29,-0.986645,RUNNING,29,-0.986645,RUNNING,29,-0.986645,RUNNING,29,-0.986645,RUNNING,29,-0.986645,RUNNING,-0.986645,Run1
1368,07/15/2026 13:53,29,-0.986645,RUNNING,29,-0.986645,RUNNING,29,-0.986645,RUNNING,29,-0.986645,RUNNING,29,-0.986645,RUNNING,-0.986645,Run1
1369,07/15/2026 13:54,29,-0.986645,RUNNING,29,-0.986645,RUNNING,29,-0.986645,RUNNING,29,-0.986645,RUNNING,29,-0.986645,RUNNING,-0.986645,Run1
1370,07/15/2026 13:55,29,-0.986645,RUNNING,29,-0.986645,RUNNING,29,-0.986645,RUNNING,29,-0.986645,RUNNING,29,-0.986645,RUNNING,-0.986645,Run1
1371,07/15/2026 13:56,29,-0.986645,RUNNING,29,-0.986645,RUNNING,29,-0.986645,RUNNING,29,-0.986645,RUNNING,29,-0.986645,RUNNING,-0.986645,Run1
1372,07/15/2026 13:57,29,-0.986645,RUNNING,29,-0.986645,RUNNING,29,-0.986645,RUNNING,29,-0.986645,RUNNING,29,-0.986645,RUNNING,-0.986645,Run1
1373,07/15/2026 13:58,29,-0.986645,RUNNING,29,-0.986645,RUNNING,29,-0.986645,RUNNING,29,-0.986645,RUNNING,29,-0.986645,RUNNING,-0.986645,Run1
1374,07/15/2026 13:59,29,-0.986645,RUNNING,29,-0.986645,RUNNING,29,-0.986645,RUNNING,29,-0.986645,RUNNING,29,-0.986645,RUNNING,-0.986645,Run1
1375,07/15/2026 14:00,29,-0.986645,RUNNING,29,-0.986645,RUNNING,29,-0.986645,RUNNING,29,-0.986645,RUNNING,29,-0.986645,RUNNING,-0.986645,Run1
1376,07/15/2026 14:01,29,-0.986645,RUNNING,29,-0.986645,RUNNING,29,-0.986645,RUNNING,29,-0.986645,RUNNING,29,-0.986645,RUNNING,-0.986645,Run1
1377,07/15/2026 14:02,29,-0.986645,RUNNING,29,-0.986645,RUNNING,29,-0.986645,RUNNING,29,-0.986645,RUNNING,29,-0.986645,RUNNING,-0.986645,Run1
1378,07/15/2026 14:03,29,-0.986645,RUNNING,29,-0.986645,RUNNING,29,-0.986645,RUNNING,29,-0.986645,RUNNING,29,-0.986645,RUNNING,-0.986645,Run1
1379,07/15/2026 14:04,29,-0.986645,RUNNING,29,-0.986645,RUNNING,29,-0.986645,RUNNING,29,-0.986645,RUNNING,29,-0.986645,RUNNING,-0.986645,Run1
1380,07/15/2026 14:05,29,-0.986645,RUNNING,29,-0.986645,RUNNING,29,-0.986645,RUNNING,29,-0.986645,RUNNING,29,-0.986645,RUNNING,-0.986645,Run1
1381,07/15/2026 14:06,29,-0.986645,RUNNING,29,-0.986645,RUNNING,29,-0.986645,RUNNING,29,-0.986645,RUNNING,29,-0.986645,RUNNING,-0.986645,Run1
1382,07/15/2026 14:07,29,-0.986645,RUNNING,29,-0.986645,RUNNING,29,-0.986645,RUNNING,29,-0.986645,RUNNING,29,-0.986645,RUNNING,-0.986645,Run1
1383,07/15/2026 14:08,29,-0.986645,RUNNING,29,-0.986645,RUNNING,29,-0.986645,RUNNING,29,-0.986645,RUNNING,29,-0.986645,RUNNING,-0.986645,Run1
1384,07/15/2026 14:09,29,-0.986645,RUNNING,29,-0.986645,RUNNING,29,-0.986645,RUNNING,29,-0.986645,RUNNING,29,-0.986645,RUNNING,-0.986645,Run1
1385,07/15/2026 14:10,29,-0.986645,RUNNING,29,-0.986645,RUNNING,29,-0.986645,RUNNING,29,-0.986645,RUNNING,29,-0.986645,RUNNING,-0.986645,Run1
1386,07/15/2026 14:11,29,-0.986645,RUNNING,29,-0.986645,RUNNING,29,-0.986645,RUNNING,29,-0.986645,RUNNING,29,-0.986645,RUNNING,-0.986645,Run1
1387,07/15/2026 14:12,29,-0.986645,RUNNING,29,-0.986645,RUNNING,29,-0.986645,RUNNING,29,-0.986645,RUNNING,29,-0.986645,RUNNING,-0.986645,Run1
1388,07/15/2026 14:13,29,-0.986645,RUNNING,29,-0.986645,RUNNING,29,-0.986645,RUNNING,29,-0.986645,RUNNING,29,-0.986645,RUNNING,-0.986645,Run1
1389,07/15/2026 14:14,29,-0.986645,RUNNING,29,-0.986645,RUNNING,29,-0.986645,RUNNING,29,-0.986645,RUNNING,29,-0.986645,RUNNING,-0.986645,Run1
1390,07/15/2026 14:15,29,-0.986645,RUNNING,29,-0.986645,RUNNING,29,-0.986645,RUNNING,29,-0.986645,RUNNING,29,-0.986645,RUNNING,-0.986645,Run1
1391,07/15/2026 14:16,29,-0.986645,RUNNING,29,-0.986645,RUNNING,29,-0.986645,RUNNING,29,-0.986645,RUNNING,29,-0.986645,RUNNING,-0.986645,Run1
1392,07/15/2026 14:17,29,-0.986645,RUNNING,29,-0.986645,RUNNING,29,-0.986645,RUNNING,29,-0.986645,RUNNING,29,-0.986645,RUNNING,-0.986645,Run1
1393,07/15/2026 14:18,29,-0.986645,RUNNING,29,-0.986645,RUNNING,29,-0.986645,RUNNING,29,-0.986645,RUNNING,29,-0.986645,RUNNING,-0.986645,Run1
1394,07/15/2026 14:20,29,-0.986645,RUNNING,29,-0.986645,RUNNING,29,-0.986645,RUNNING,29,-0.986645,RUNNING,29,-0.986645,RUNNING,-0.986645,Run1
1395,07/15/2026 14:21,29,-0.986645,RUNNING,29,-0.986645,RUNNING,29,-0.986645,RUNNING,29,-0.986645,RUNNING,29,-0.986645,RUNNING,-0.986645,Run1
1396,07/15/2026 14:22,29,-0.986645,RUNNING,29,-0.986645,RUNNING,29,-0.986645,RUNNING,29,-0.986645,RUNNING,29,-0.986645,RUNNING,-0.986645,Run1
1397,07/15/2026 14:23,29,-0.986645,RUNNING,29,-0.986645,RUNNING,29,-0.986645,RUNNING,29,-0.986645,RUNNING,29,-0.986645,RUNNING,-0.986645,Run1
1398,07/15/2026 14:24,29,-0.986645,RUNNING,29,-0.986645,RUNNING,29,-0.986645,RUNNING,29,-0.986645,RUNNING,29,-0.986645,RUNNING,-0.986645,Run1
1399,07/15/2026 14:25,29,-0.986645,RUNNING,29,-0.986645,RUNNING,29,-0.986645,RUNNING,29,-0.986645,RUNNING,29,-0.986645,RUNNING,-0.986645,Run1
1400,07/15/2026 14:26,29,-0.986645,RUNNING,29,-0.986645,RUNNING,29,-0.986645,RUNNING,29,-0.986645,RUNNING,29,-0.986645,RUNNING,-0.986645,Run1
1401,07/15/2026 14:27,29,-0.986645,RUNNING,29,-0.986645,RUNNING,29,-0.986645,RUNNING,29,-0.986645,RUNNING,29,-0.986645,RUNNING,-0.986645,Run1
1402,07/15/2026 14:28,29,-0.986645,RUNNING,29,-0.986645,RUNNING,29,-0.986645,RUNNING,29,-0.986645,RUNNING,29,-0.986645,RUNNING,-0.986645,Run1
1403,07/15/2026 14:29,29,-0.986645,RUNNING,29,-0.986645,RUNNING,29,-0.986645,RUNNING,29,-0.986645,RUNNING,29,-0.986645,RUNNING,-0.986645,Run1
1404,07/15/2026 14:30,29,-0.986645,RUNNING,29,-0.986645,RUNNING,29,-0.986645,RUNNING,29,-0.986645,RUNNING,29,-0.986645,RUNNING,-0.986645,Run1
1405,07/15/2026 14:31,29,-0.986645,RUNNING,29,-0.986645,RUNNING,29,-0.986645,RUNNING,29,-0.986645,RUNNING,29,-0.986645,RUNNING,-0.986645,Run1
1406,07/15/2026 14:32,29,-0.986645,RUNNING,29,-0.986645,RUNNING,29,-0.986645,RUNNING,29,-0.986645,RUNNING,29,-0.986645,RUNNING,-0.986645,Run1
1407,07/15/2026 14:33,29,-0.986645,RUNNING,29,-0.986645,RUNNING,29,-0.986645,RUNNING,29,-0.986645,RUNNING,29,-0.986645,RUNNING,-0.986645,Run1
1408,07/15/2026 14:34,29,-0.986645,RUNNING,29,-0.986645,RUNNING,29,-0.986645,RUNNING,29,-0.986645,RUNNING,29,-0.986645,RUNNING,-0.986645,Run1
1409,07/15/2026 14:35,29,-0.986645,RUNNING,29,-0.986645,RUNNING,29,-0.986645,RUNNING,29,-0.986645,RUNNING,29,-0.986645,RUNNING,-0.986645,Run1
1410,07/15/2026 14:36,29,-0.986645,RUNNING,29,-0.986645,RUNNING,29,-0.986645,RUNNING,29,-0.986645,RUNNING,29,-0.986645,RUNNING,-0.986645,Run1
1411,07/15/2026 14:37,29,-0.986645,RUNNING,29,-0.986645,RUNNING,29,-0.986645,RUNNING,29,-0.986645,RUNNING,29,-0.986645,RUNNING,-0.986645,Run1
1412,07/15/2026 14:38,29,-0.986645,RUNNING,29,-0.986645,RUNNING,29,-0.986645,RUNNING,29,-0.986645,RUNNING,29,-0.986645,RUNNING,-0.986645,Run1
1413,07/15/2026 14:39,29,-0.986645,RUNNING,29,-0.986645,RUNNING,29,-0.986645,RUNNING,29,-0.986645,RUNNING,29,-0.986645,RUNNING,-0.986645,Run1
1414,07/15/2026 14:40,29,-0.986645,RUNNING,29,-0.986645,RUNNING,29,-0.986645,RUNNING,29,-0.986645,RUNNING,29,-0.986645,RUNNING,-0.986645,Run1
1415,07/15/2026 14:41,29,-0.986645,RUNNING,29,-0.986645,RUNNING,29,-0.986645,RUNNING,29,-0.986645,RUNNING,29,-0.986645,RUNNING,-0.986645,Run1
1416,07/15/2026 14:42,29,-0.986645,RUNNING,29,-0.986645,RUNNING,29,-0.986645,RUNNING,29,-0.986645,RUNNING,29,-0.986645,RUNNING,-0.986645,Run1
1417,07/15/2026 14:43,29,-0.986645,RUNNING,29,-0.986645,RUNNING,29,-0.986645,RUNNING,29,-0.986645,RUNNING,29,-0.986645,RUNNING,-0.986645,Run1
1418,07/15/2026 14:44,29,-0.986645,RUNNING,29,-0.986645,RUNNING,29,-0.986645,RUNNING,29,-0.986645,RUNNING,29,-0.986645,RUNNING,-0.986645,Run1
1419,07/15/2026 14:45,29,-0.986645,RUNNING,29,-0.986645,RUNNING,29,-0.986645,RUNNING,29,-0.986645,RUNNING,29,-0.986645,RUNNING,-0.986645,Run1
1420,07/15/2026 14:46,29,-0.986645,RUNNING,29,-0.986645,RUNNING,29,-0.986645,RUNNING,29,-0.986645,RUNNING,29,-0.986645,RUNNING,-0.986645,Run1
1421,07/15/2026 14:47,29,-0.986645,RUNNING,29,-0.986645,RUNNING,29,-0.986645,RUNNING,29,-0.986645,RUNNING,29,-0.986645,RUNNING,-0.986645,Run1
1422,07/15/2026 14:48,29,-0.986645,RUNNING,29,-0.986645,RUNNING,29,-0.986645,RUNNING,29,-0.986645,RUNNING,29,-0.986645,RUNNING,-0.986645,Run1
1423,07/15/2026 14:49,29,-0.986645,RUNNING,29,-0.986645,RUNNING,29,-0.986645,RUNNING,29,-0.986645,RUNNING,29,-0.986645,RUNNING,-0.986645,Run1
1424,07/15/2026 14:50,29,-0.986645,RUNNING,29,-0.986645,RUNNING,29,-0.986645,RUNNING,29,-0.986645,RUNNING,29,-0.986645,RUNNING,-0.986645,Run1
1425,07/15/2026 14:51,29,-0.986645,RUNNING,29,-0.986645,RUNNING,29,-0.986645,RUNNING,29,-0.986645,RUNNING,29,-0.986645,RUNNING,-0.986645,Run1
1426,07/15/2026 14:52,29,-0.986645,RUNNING,29,-0.986645,RUNNING,29,-0.986645,RUNNING,29,-0.986645,RUNNING,29,-0.986645,RUNNING,-0.986645,Run1
1427,07/15/2026 14:54,29,-0.986645,RUNNING,29,-0.986645,RUNNING,29,-0.986645,RUNNING,29,-0.986645,RUNNING,29,-0.986645,RUNNING,-0.986645,Run1
1428,07/15/2026 14:55,29,-0.986645,RUNNING,29,-0.986645,RUNNING,29,-0.986645,RUNNING,29,-0.986645,RUNNING,29,-0.986645,RUNNING,-0.986645,Run1
1429,07/15/2026 14:56,29,-0.986645,RUNNING,29,-0.986645,RUNNING,29,-0.986645,RUNNING,29,-0.986645,RUNNING,29,-0.986645,RUNNING,-0.986645,Run1
1430,07/15/2026 14:57,29,-0.986645,RUNNING,29,-0.986645,RUNNING,29,-0.986645,RUNNING,29,-0.986645,RUNNING,29,-0.986645,RUNNING,-0.986645,Run1
1431,07/15/2026 14:58,29,-0.986645,RUNNING,29,-0.986645,RUNNING,29,-0.986645,RUNNING,29,-0.986645,RUNNING,29,-0.986645,RUNNING,-0.986645,Run1
1432,07/15/2026 14:59,29,-0.986645,RUNNING,29,-0.986645,RUNNING,29,-0.986645,RUNNING,29,-0.986645,RUNNING,29,-0.986645,RUNNING,-0.986645,Run1
1433,07/15/2026 15:00,29,-0.986645,RUNNING,29,-0.986645,RUNNING,29,-0.986645,RUNNING,29,-0.986645,RUNNING,29,-0.986645,RUNNING,-0.986645,Run1
1434,07/15/2026 15:01,29,-0.986645,RUNNING,29,-0.986645,RUNNING,29,-0.986645,RUNNING,29,-0.986645,RUNNING,29,-0.986645,RUNNING,-0.986645,Run1
1435,07/15/2026 15:02,29,-0.986645,RUNNING,29,-0.986645,RUNNING,29,-0.986645,RUNNING,29,-0.986645,RUNNING,29,-0.986645,RUNNING,-0.986645,Run1
1436,07/15/2026 15:03,29,-0.986645,RUNNING,29,-0.986645,RUNNING,29,-0.986645,RUNNING,29,-0.986645,RUNNING,29,-0.986645,RUNNING,-0.986645,Run1
1437,07/15/2026 15:04,29,-0.986645,RUNNING,29,-0.986645,RUNNING,29,-0.986645,RUNNING,29,-0.986645,RUNNING,29,-0.986645,RUNNING,-0.986645,Run1
1438,07/15/2026 15:05,29,-0.986645,RUNNING,29,-0.986645,RUNNING,29,-0.986645,RUNNING,29,-0.986645,RUNNING,29,-0.986645,RUNNING,-0.986645,Run1
1439,07/15/2026 15:06,29,-0.986645,RUNNING,29,-0.986645,RUNNING,29,-0.986645,RUNNING,29,-0.986645,RUNNING,29,-0.986645,RUNNING,-0.986645,Run1
1440,07/15/2026 15:07,29,-0.986645,RUNNING,29,-0.986645,RUNNING,29,-0.986645,RUNNING,29,-0.986645,RUNNING,29,-0.986645,RUNNING,-0.986645,Run1
1441,07/15/2026 15:08,29,-0.986645,RUNNING,29,-0.986645,RUNNING,29,-0.986645,RUNNING,29,-0.986645,RUNNING,29,-0.986645,RUNNING,-0.986645,Run1
1442,07/15/2026 15:09,29,-0.986645,RUNNING,29,-0.986645,RUNNING,29,-0.986645,RUNNING,29,-0.986645,RUNNING,29,-0.986645,RUNNING,-0.986645,Run1
1443,07/15/2026 15:10,29,-0.986645,RUNNING,29,-0.986645,RUNNING,29,-0.986645,RUNNING,29,-0.986645,RUNNING,29,-0.986645,RUNNING,-0.986645,Run1
1444,07/15/2026 15:11,29,-0.986645,RUNNING,29,-0.986645,RUNNING,29,-0.986645,RUNNING,29,-0.986645,RUNNING,29,-0.986645,RUNNING,-0.986645,Run1
1445,07/15/2026 15:12,29,-0.986645,RUNNING,29,-0.986645,RUNNING,29,-0.986645,RUNNING,29,-0.986645,RUNNING,29,-0.986645,RUNNING,-0.986645,Run1
1446,07/15/2026 15:13,29,-0.986645,RUNNING,29,-0.986645,RUNNING,29,-0.986645,RUNNING,29,-0.986645,RUNNING,29,-0.986645,RUNNING,-0.986645,Run1
1447,07/15/2026 15:14,29,-0.986645,RUNNING,29,-0.986645,RUNNING,29,-0.986645,RUNNING,29,-0.986645,RUNNING,29,-0.986645,RUNNING,-0.986645,Run1
1448,07/15/2026 15:15,29,-0.986645,RUNNING,29,-0.986645,RUNNING,29,-0.986645,RUNNING,29,-0.986645,RUNNING,29,-0.986645,RUNNING,-0.986645,Run1
1449,07/15/2026 15:16,29,-0.986645,RUNNING,29,-0.986645,RUNNING,29,-0.986645,RUNNING,29,-0.986645,RUNNING,29,-0.986645,RUNNING,-0.986645,Run1
1450,07/15/2026 15:17,29,-0.986645,RUNNING,29,-0.986645,RUNNING,29,-0.986645,RUNNING,29,-0.986645,RUNNING,29,-0.986645,RUNNING,-0.986645,Run1
1451,07/15/2026 15:18,29,-0.986645,RUNNING,29,-0.986645,RUNNING,29,-0.986645,RUNNING,29,-0.986645,RUNNING,29,-0.986645,RUNNING,-0.986645,Run1
1452,07/15/2026 15:19,29,-0.986645,RUNNING,29,-0.986645,RUNNING,29,-0.986645,RUNNING,29,-0.986645,RUNNING,29,-0.986645,RUNNING,-0.986645,Run1
1453,07/15/2026 15:20,29,-0.986645,RUNNING,29,-0.986645,RUNNING,29,-0.986645,RUNNING,29,-0.986645,RUNNING,29,-0.986645,RUNNING,-0.986645,Run1
1454,07/15/2026 15:21,29,-0.986645,RUNNING,29,-0.986645,RUNNING,29,-0.986645,RUNNING,29,-0.986645,RUNNING,29,-0.986645,RUNNING,-0.986645,Run1
1455,07/15/2026 15:22,29,-0.986645,RUNNING,29,-0.986645,RUNNING,29,-0.986645,RUNNING,29,-0.986645,RUNNING,29,-0.986645,RUNNING,-0.986645,Run1
1456,07/15/2026 15:23,29,-0.986645,RUNNING,29,-0.986645,RUNNING,29,-0.986645,RUNNING,29,-0.986645,RUNNING,29,-0.986645,RUNNING,-0.986645,Run1
1457,07/15/2026 15:25,29,-0.986645,RUNNING,29,-0.986645,RUNNING,29,-0.986645,RUNNING,29,-0.986645,RUNNING,29,-0.986645,RUNNING,-0.986645,Run1
1458,07/15/2026 15:29,29,-0.986645,RUNNING,29,-0.986645,RUNNING,29,-0.986645,RUNNING,29,-0.986645,RUNNING,29,-0.986645,RUNNING,-0.986645,Run1
1459,07/15/2026 15:36,29,-0.986645,RUNNING,29,-0.986645,RUNNING,29,-0.986645,RUNNING,29,-0.986645,RUNNING,29,-0.986645,RUNNING,-0.986645,Run1
1460,07/15/2026 15:44,29,-0.986645,RUNNING,29,-0.986645,RUNNING,29,-0.986645,RUNNING,29,-0.986645,RUNNING,29,-0.986645,RUNNING,-0.986645,Run1
1461,07/15/2026 15:47,29,-0.986645,RUNNING,29,-0.986645,RUNNING,29,-0.986645,RUNNING,29,-0.986645,RUNNING,29,-0.986645,RUNNING,-0.986645,Run1
1462,07/15/2026 15:48,29,-0.986645,RUNNING,29,-0.986645,RUNNING,29,-0.986645,RUNNING,29,-0.986645,RUNNING,29,-0.986645,RUNNING,-0.986645,Run1
1463,07/15/2026 15:52,29,-0.986645,RUNNING,29,-0.986645,RUNNING,29,-0.986645,RUNNING,29,-0.986645,RUNNING,29,-0.986645,RUNNING,-0.986645,Run1
1464,07/15/2026 15:59,29,-0.986645,RUNNING,29,-0.986645,RUNNING,29,-0.986645,RUNNING,29,-0.986645,RUNNING,29,-0.986645,RUNNING,-0.986645,Run1
1465,07/15/2026 16:00,29,-0.986645,RUNNING,29,-0.986645,RUNNING,29,-0.986645,RUNNING,29,-0.986645,RUNNING,29,-0.986645,RUNNING,-0.986645,Run1
1466,07/15/2026 16:06,29,-0.986645,RUNNING,29,-0.986645,RUNNING,29,-0.986645,RUNNING,29,-0.986645,RUNNING,29,-0.986645,RUNNING,-0.986645,Run1
1467,07/15/2026 16:12,29,-0.986645,RUNNING,29,-0.986645,RUNNING,29,-0.986645,RUNNING,29,-0.986645,RUNNING,29,-0.986645,RUNNING,-0.986645,Run1
1468,07/15/2026 16:20,29,-0.986645,RUNNING,29,-0.986645,RUNNING,29,-0.986645,RUNNING,29,-0.986645,RUNNING,29,-0.986645,RUNNING,-0.986645,Run1
1469,07/15/2026 16:21,29,-0.986645,RUNNING,29,-0.986645,RUNNING,29,-0.986645,RUNNING,29,-0.986645,RUNNING,29,-0.986645,RUNNING,-0.986645,Run1
1470,07/15/2026 16:26,29,-0.986645,RUNNING,29,-0.986645,RUNNING,29,-0.986645,RUNNING,29,-0.986645,RUNNING,29,-0.986645,RUNNING,-0.986645,Run1
1471,07/15/2026 16:35,29,-0.986645,RUNNING,29,-0.986645,RUNNING,29,-0.986645,RUNNING,29,-0.986645,RUNNING,29,-0.986645,RUNNING,-0.986645,Run1
1472,07/15/2026 16:42,29,-0.986645,RUNNING,29,-0.986645,RUNNING,29,-0.986645,RUNNING,29,-0.986645,RUNNING,29,-0.986645,RUNNING,-0.986645,Run1
1473,07/15/2026 16:49,29,-0.986645,RUNNING,29,-0.986645,RUNNING,29,-0.986645,RUNNING,29,-0.986645,RUNNING,29,-0.986645,RUNNING,-0.986645,Run1
1474,07/15/2026 16:50,29,-0.986645,RUNNING,29,-0.986645,RUNNING,29,-0.986645,RUNNING,29,-0.986645,RUNNING,29,-0.986645,RUNNING,-0.986645,Run1
1475,07/15/2026 17:01,29,-0.986645,RUNNING,29,-0.986645,RUNNING,29,-0.986645,RUNNING,29,-0.986645,RUNNING,29,-0.986645,RUNNING,-0.986645,Run1
1476,07/15/2026 17:04,29,-0.986645,RUNNING,29,-0.986645,RUNNING,29,-0.986645,RUNNING,29,-0.986645,RUNNING,29,-0.986645,RUNNING,-0.986645,Run1
1477,07/15/2026 17:05,29,-0.986645,RUNNING,29,-0.986645,RUNNING,29,-0.986645,RUNNING,29,-0.986645,RUNNING,29,-0.986645,RUNNING,-0.986645,Run1
1478,07/15/2026 17:06,29,-0.986645,RUNNING,29,-0.986645,RUNNING,29,-0.986645,RUNNING,29,-0.986645,RUNNING,29,-0.986645,RUNNING,-0.986645,Run1
1479,07/15/2026 17:07,29,-0.986645,RUNNING,29,-0.986645,RUNNING,29,-0.986645,RUNNING,29,-0.986645,RUNNING,29,-0.986645,RUNNING,-0.986645,Run1
1480,07/15/2026 17:08,29,-0.986645,RUNNING,29,-0.986645,RUNNING,29,-0.986645,RUNNING,29,-0.986645,RUNNING,29,-0.986645,RUNNING,-0.986645,Run1
1481,07/15/2026 17:09,29,-0.986645,RUNNING,29,-0.986645,RUNNING,29,-0.986645,RUNNING,29,-0.986645,RUNNING,29,-0.986645,RUNNING,-0.986645,Run1
1482,07/15/2026 17:10,29,-0.986645,RUNNING,29,-0.986645,RUNNING,29,-0.986645,RUNNING,29,-0.986645,RUNNING,29,-0.986645,RUNNING,-0.986645,Run1
1483,07/15/2026 17:11,29,-0.986645,RUNNING,29,-0.986645,RUNNING,29,-0.986645,RUNNING,29,-0.986645,RUNNING,29,-0.986645,RUNNING,-0.986645,Run1
1484,07/15/2026 17:12,29,-0.986645,RUNNING,29,-0.986645,RUNNING,29,-0.986645,RUNNING,29,-0.986645,RUNNING,29,-0.986645,RUNNING,-0.986645,Run1
1485,07/15/2026 17:13,29,-0.986645,RUNNING,29,-0.986645,RUNNING,29,-0.986645,RUNNING,29,-0.986645,RUNNING,29,-0.986645,RUNNING,-0.986645,Run1
1486,07/15/2026 17:14,29,-0.986645,RUNNING,29,-0.986645,RUNNING,29,-0.986645,RUNNING,29,-0.986645,RUNNING,29,-0.986645,RUNNING,-0.986645,Run1
1487,07/15/2026 17:15,29,-0.986645,RUNNING,29,-0.986645,RUNNING,29,-0.986645,RUNNING,29,-0.986645,RUNNING,29,-0.986645,RUNNING,-0.986645,Run1
1488,07/15/2026 17:16,29,-0.986645,RUNNING,29,-0.986645,RUNNING,29,-0.986645,RUNNING,29,-0.986645,RUNNING,29,-0.986645,RUNNING,-0.986645,Run1
1489,07/15/2026 17:17,29,-0.986645,RUNNING,29,-0.986645,RUNNING,29,-0.986645,RUNNING,29,-0.986645,RUNNING,29,-0.986645,RUNNING,-0.986645,Run1
1490,07/15/2026 17:18,29,-0.986645,RUNNING,29,-0.986645,RUNNING,29,-0.986645,RUNNING,29,-0.986645,RUNNING,29,-0.986645,RUNNING,-0.986645,Run1
1491,07/15/2026 17:19,29,-0.986645,RUNNING,29,-0.986645,RUNNING,29,-0.986645,RUNNING,29,-0.986645,RUNNING,29,-0.986645,RUNNING,-0.986645,Run1
1492,07/15/2026 17:20,29,-0.986645,RUNNING,29,-0.986645,RUNNING,29,-0.986645,RUNNING,29,-0.986645,RUNNING,29,-0.986645,RUNNING,-0.986645,Run1
1493,07/15/2026 17:22,29,-0.986645,RUNNING,29,-0.986645,RUNNING,29,-0.986645,RUNNING,29,-0.986645,RUNNING,29,-0.986645,RUNNING,-0.986645,Run1
1494,07/15/2026 17:23,29,-0.986645,RUNNING,29,-0.986645,RUNNING,29,-0.986645,RUNNING,29,-0.986645,RUNNING,29,-0.986645,RUNNING,-0.986645,Run1
1495,07/15/2026 17:24,29,-0.986645,RUNNING,29,-0.986645,RUNNING,29,-0.986645,RUNNING,29,-0.986645,RUNNING,29,-0.986645,RUNNING,-0.986645,Run1
1496,07/15/2026 17:25,29,-0.986645,RUNNING,29,-0.986645,RUNNING,29,-0.986645,RUNNING,29,-0.986645,RUNNING,29,-0.986645,RUNNING,-0.986645,Run1
1497,07/15/2026 17:26,29,-0.986645,RUNNING,29,-0.986645,RUNNING,29,-0.986645,RUNNING,29,-0.986645,RUNNING,29,-0.986645,RUNNING,-0.986645,Run1
1498,07/15/2026 17:27,29,-0.986645,RUNNING,29,-0.986645,RUNNING,29,-0.986645,RUNNING,29,-0.986645,RUNNING,29,-0.986645,RUNNING,-0.986645,Run1
1499,07/15/2026 17:28,29,-0.986645,RUNNING,29,-0.986645,RUNNING,29,-0.986645,RUNNING,29,-0.986645,RUNNING,29,-0.986645,RUNNING,-0.986645,Run1
1500,07/15/2026 17:29,29,-0.986645,RUNNING,29,-0.986645,RUNNING,29,-0.986645,RUNNING,29,-0.986645,RUNNING,29,-0.986645,RUNNING,-0.986645,Run1
1501,07/15/2026 17:30,29,-0.986645,RUNNING,29,-0.986645,RUNNING,29,-0.986645,RUNNING,29,-0.986645,RUNNING,29,-0.986645,RUNNING,-0.986645,Run1
1502,07/15/2026 17:31,29,-0.986645,RUNNING,29,-0.986645,RUNNING,29,-0.986645,RUNNING,29,-0.986645,RUNNING,29,-0.986645,RUNNING,-0.986645,Run1
1503,07/15/2026 17:32,29,-0.986645,RUNNING,29,-0.986645,RUNNING,29,-0.986645,RUNNING,29,-0.986645,RUNNING,29,-0.986645,RUNNING,-0.986645,Run1
1504,07/15/2026 17:33,29,-0.986645,RUNNING,29,-0.986645,RUNNING,29,-0.986645,RUNNING,29,-0.986645,RUNNING,29,-0.986645,RUNNING,-0.986645,Run1
1505,07/15/2026 17:34,29,-0.986645,RUNNING,29,-0.986645,RUNNING,29,-0.986645,RUNNING,29,-0.986645,RUNNING,29,-0.986645,RUNNING,-0.986645,Run1
1506,07/15/2026 17:38,29,-0.986645,RUNNING,29,-0.986645,RUNNING,29,-0.986645,RUNNING,29,-0.986645,RUNNING,29,-0.986645,RUNNING,-0.986645,Run1
1507,07/15/2026 17:41,29,-0.986645,RUNNING,29,-0.986645,RUNNING,29,-0.986645,RUNNING,29,-0.986645,RUNNING,29,-0.986645,RUNNING,-0.986645,Run1
1508,07/15/2026 17:49,29,-0.986645,RUNNING,29,-0.986645,RUNNING,29,-0.986645,RUNNING,29,-0.986645,RUNNING,29,-0.986645,RUNNING,-0.986645,Run1
1509,07/15/2026 17:56,29,-0.986645,RUNNING,29,-0.986645,RUNNING,29,-0.986645,RUNNING,29,-0.986645,RUNNING,29,-0.986645,RUNNING,-0.986645,Run1
1510,07/15/2026 18:00,29,-0.986645,RUNNING,29,-0.986645,RUNNING,29,-0.986645,RUNNING,29,-0.986645,RUNNING,29,-0.986645,RUNNING,-0.986645,Run1
1511,07/15/2026 18:01,29,-0.986645,RUNNING,29,-0.986645,RUNNING,29,-0.986645,RUNNING,29,-0.986645,RUNNING,29,-0.986645,RUNNING,-0.986645,Run1
1512,07/15/2026 18:03,29,-0.986645,RUNNING,29,-0.986645,RUNNING,29,-0.986645,RUNNING,29,-0.986645,RUNNING,29,-0.986645,RUNNING,-0.986645,Run1
1513,07/15/2026 18:04,29,-0.986645,RUNNING,29,-0.986645,RUNNING,29,-0.986645,RUNNING,29,-0.986645,RUNNING,29,-0.986645,RUNNING,-0.986645,Run1
1514,07/15/2026 18:05,29,-0.986645,RUNNING,29,-0.986645,RUNNING,29,-0.986645,RUNNING,29,-0.986645,RUNNING,29,-0.986645,RUNNING,-0.986645,Run1
1515,07/15/2026 18:06,29,-0.986645,RUNNING,29,-0.986645,RUNNING,29,-0.986645,RUNNING,29,-0.986645,RUNNING,29,-0.986645,RUNNING,-0.986645,Run1
1516,07/15/2026 18:07,29,-0.986645,RUNNING,29,-0.986645,RUNNING,29,-0.986645,RUNNING,29,-0.986645,RUNNING,29,-0.986645,RUNNING,-0.986645,Run1
1517,07/15/2026 18:08,29,-0.986645,RUNNING,29,-0.986645,RUNNING,29,-0.986645,RUNNING,29,-0.986645,RUNNING,29,-0.986645,RUNNING,-0.986645,Run1
1518,07/15/2026 18:09,29,-0.986645,RUNNING,29,-0.986645,RUNNING,29,-0.986645,RUNNING,29,-0.986645,RUNNING,29,-0.986645,RUNNING,-0.986645,Run1
1519,07/15/2026 18:10,29,-0.986645,RUNNING,29,-0.986645,RUNNING,29,-0.986645,RUNNING,29,-0.986645,RUNNING,29,-0.986645,RUNNING,-0.986645,Run1
1520,07/15/2026 18:11,29,-0.986645,RUNNING,29,-0.986645,RUNNING,29,-0.986645,RUNNING,29,-0.986645,RUNNING,29,-0.986645,RUNNING,-0.986645,Run1
1521,07/15/2026 18:12,29,-0.986645,RUNNING,29,-0.986645,RUNNING,29,-0.986645,RUNNING,29,-0.986645,RUNNING,29,-0.986645,RUNNING,-0.986645,Run1
1522,07/15/2026 18:13,29,-0.986645,RUNNING,29,-0.986645,RUNNING,29,-0.986645,RUNNING,29,-0.986645,RUNNING,29,-0.986645,RUNNING,-0.986645,Run1
1523,07/15/2026 18:14,29,-0.986645,RUNNING,29,-0.986645,RUNNING,29,-0.986645,RUNNING,29,-0.986645,RUNNING,29,-0.986645,RUNNING,-0.986645,Run1
1524,07/15/2026 18:15,29,-0.986645,RUNNING,29,-0.986645,RUNNING,29,-0.986645,RUNNING,29,-0.986645,RUNNING,29,-0.986645,RUNNING,-0.986645,Run1
1525,07/15/2026 18:16,29,-0.986645,RUNNING,29,-0.986645,RUNNING,29,-0.986645,RUNNING,29,-0.986645,RUNNING,29,-0.986645,RUNNING,-0.986645,Run1
1526,07/15/2026 18:17,29,-0.986645,RUNNING,29,-0.986645,RUNNING,29,-0.986645,RUNNING,29,-0.986645,RUNNING,29,-0.986645,RUNNING,-0.986645,Run1
1527,07/15/2026 18:18,29,-0.986645,RUNNING,29,-0.986645,RUNNING,29,-0.986645,RUNNING,29,-0.986645,RUNNING,29,-0.986645,RUNNING,-0.986645,Run1
1528,07/15/2026 18:19,29,-0.986645,RUNNING,29,-0.986645,RUNNING,29,-0.986645,RUNNING,29,-0.986645,RUNNING,29,-0.986645,RUNNING,-0.986645,Run1
1529,07/15/2026 18:20,29,-0.986645,RUNNING,29,-0.986645,RUNNING,29,-0.986645,RUNNING,29,-0.986645,RUNNING,29,-0.986645,RUNNING,-0.986645,Run1
1530,07/15/2026 18:21,29,-0.986645,RUNNING,29,-0.986645,RUNNING,29,-0.986645,RUNNING,29,-0.986645,RUNNING,29,-0.986645,RUNNING,-0.986645,Run1
1531,07/15/2026 18:22,29,-0.986645,RUNNING,29,-0.986645,RUNNING,29,-0.986645,RUNNING,29,-0.986645,RUNNING,29,-0.986645,RUNNING,-0.986645,Run1
1532,07/15/2026 18:23,29,-0.986645,RUNNING,29,-0.986645,RUNNING,29,-0.986645,RUNNING,29,-0.986645,RUNNING,29,-0.986645,RUNNING,-0.986645,Run1
1533,07/15/2026 18:25,29,-0.986645,RUNNING,29,-0.986645,RUNNING,29,-0.986645,RUNNING,29,-0.986645,RUNNING,29,-0.986645,RUNNING,-0.986645,Run1
1534,07/15/2026 18:26,29,-0.986645,RUNNING,29,-0.986645,RUNNING,29,-0.986645,RUNNING,29,-0.986645,RUNNING,29,-0.986645,RUNNING,-0.986645,Run1
1535,07/15/2026 18:27,29,-0.986645,RUNNING,29,-0.986645,RUNNING,29,-0.986645,RUNNING,29,-0.986645,RUNNING,29,-0.986645,RUNNING,-0.986645,Run1
1536,07/15/2026 18:28,29,-0.986645,RUNNING,29,-0.986645,RUNNING,29,-0.986645,RUNNING,29,-0.986645,RUNNING,29,-0.986645,RUNNING,-0.986645,Run1
1537,07/15/2026 18:29,29,-0.986645,RUNNING,29,-0.986645,RUNNING,29,-0.986645,RUNNING,29,-0.986645,RUNNING,29,-0.986645,RUNNING,-0.986645,Run1
1538,07/15/2026 18:30,29,-0.986645,RUNNING,29,-0.986645,RUNNING,29,-0.986645,RUNNING,29,-0.986645,RUNNING,29,-0.986645,RUNNING,-0.986645,Run1
1539,07/15/2026 18:31,29,-0.986645,RUNNING,29,-0.986645,RUNNING,29,-0.986645,RUNNING,29,-0.986645,RUNNING,29,-0.986645,RUNNING,-0.986645,Run1
1540,07/15/2026 18:32,29,-0.986645,RUNNING,29,-0.986645,RUNNING,29,-0.986645,RUNNING,29,-0.986645,RUNNING,29,-0.986645,RUNNING,-0.986645,Run1
1541,07/15/2026 18:33,29,-0.986645,RUNNING,29,-0.986645,RUNNING,29,-0.986645,RUNNING,29,-0.986645,RUNNING,29,-0.986645,RUNNING,-0.986645,Run1
1542,07/15/2026 18:34,29,-0.986645,RUNNING,29,-0.986645,RUNNING,29,-0.986645,RUNNING,29,-0.986645,RUNNING,29,-0.986645,RUNNING,-0.986645,Run1
1543,07/15/2026 18:35,29,-0.986645,RUNNING,29,-0.986645,RUNNING,29,-0.986645,RUNNING,29,-0.986645,RUNNING,29,-0.986645,RUNNING,-0.986645,Run1
1544,07/15/2026 18:36,29,-0.986645,RUNNING,29,-0.986645,RUNNING,29,-0.986645,RUNNING,29,-0.986645,RUNNING,29,-0.986645,RUNNING,-0.986645,Run1
1545,07/15/2026 18:37,29,-0.986645,RUNNING,29,-0.986645,RUNNING,29,-0.986645,RUNNING,29,-0.986645,RUNNING,29,-0.986645,RUNNING,-0.986645,Run1
1546,07/15/2026 18:38,29,-0.986645,RUNNING,29,-0.986645,RUNNING,29,-0.986645,RUNNING,29,-0.986645,RUNNING,29,-0.986645,RUNNING,-0.986645,Run1
1547,07/15/2026 18:39,29,-0.986645,RUNNING,29,-0.986645,RUNNING,29,-0.986645,RUNNING,29,-0.986645,RUNNING,29,-0.986645,RUNNING,-0.986645,Run1
1548,07/15/2026 18:40,29,-0.986645,RUNNING,29,-0.986645,RUNNING,29,-0.986645,RUNNING,29,-0.986645,RUNNING,29,-0.986645,RUNNING,-0.986645,Run1
1549,07/15/2026 18:41,29,-0.986645,RUNNING,29,-0.986645,RUNNING,29,-0.986645,RUNNING,29,-0.986645,RUNNING,29,-0.986645,RUNNING,-0.986645,Run1
1550,07/15/2026 18:43,29,-0.986645,RUNNING,29,-0.986645,RUNNING,29,-0.986645,RUNNING,29,-0.986645,RUNNING,29,-0.986645,RUNNING,-0.986645,Run1
1551,07/15/2026 18:44,29,-0.986645,RUNNING,29,-0.986645,RUNNING,29,-0.986645,RUNNING,29,-0.986645,RUNNING,29,-0.986645,RUNNING,-0.986645,Run1
1552,07/15/2026 18:45,29,-0.986645,RUNNING,29,-0.986645,RUNNING,29,-0.986645,RUNNING,29,-0.986645,RUNNING,29,-0.986645,RUNNING,-0.986645,Run1
1553,07/15/2026 18:46,29,-0.986645,RUNNING,29,-0.986645,RUNNING,29,-0.986645,RUNNING,29,-0.986645,RUNNING,29,-0.986645,RUNNING,-0.986645,Run1
1554,07/15/2026 18:47,29,-0.986645,RUNNING,29,-0.986645,RUNNING,29,-0.986645,RUNNING,29,-0.986645,RUNNING,29,-0.986645,RUNNING,-0.986645,Run1
1555,07/15/2026 18:48,29,-0.986645,RUNNING,29,-0.986645,RUNNING,29,-0.986645,RUNNING,29,-0.986645,RUNNING,29,-0.986645,RUNNING,-0.986645,Run1
1556,07/15/2026 18:49,29,-0.986645,RUNNING,29,-0.986645,RUNNING,29,-0.986645,RUNNING,29,-0.986645,RUNNING,29,-0.986645,RUNNING,-0.986645,Run1
1557,07/15/2026 18:50,29,-0.986645,RUNNING,29,-0.986645,RUNNING,29,-0.986645,RUNNING,29,-0.986645,RUNNING,29,-0.986645,RUNNING,-0.986645,Run1
1558,07/15/2026 18:51,29,-0.986645,RUNNING,29,-0.986645,RUNNING,29,-0.986645,RUNNING,29,-0.986645,RUNNING,29,-0.986645,RUNNING,-0.986645,Run1
1559,07/15/2026 18:52,29,-0.986645,RUNNING,29,-0.986645,RUNNING,29,-0.986645,RUNNING,29,-0.986645,RUNNING,29,-0.986645,RUNNING,-0.986645,Run1
1560,07/15/2026 18:53,29,-0.986645,RUNNING,29,-0.986645,RUNNING,29,-0.986645,RUNNING,29,-0.986645,RUNNING,29,-0.986645,RUNNING,-0.986645,Run1
1561,07/15/2026 18:54,29,-0.986645,RUNNING,29,-0.986645,RUNNING,29,-0.986645,RUNNING,29,-0.986645,RUNNING,29,-0.986645,RUNNING,-0.986645,Run1
1562,07/15/2026 18:55,29,-0.986645,RUNNING,29,-0.986645,RUNNING,29,-0.986645,RUNNING,29,-0.986645,RUNNING,29,-0.986645,RUNNING,-0.986645,Run1
1563,07/15/2026 18:56,29,-0.986645,RUNNING,29,-0.986645,RUNNING,29,-0.986645,RUNNING,29,-0.986645,RUNNING,29,-0.986645,RUNNING,-0.986645,Run1
1564,07/15/2026 18:57,29,-0.986645,RUNNING,29,-0.986645,RUNNING,29,-0.986645,RUNNING,29,-0.986645,RUNNING,29,-0.986645,RUNNING,-0.986645,Run1
1565,07/15/2026 18:58,29,-0.986645,RUNNING,29,-0.986645,RUNNING,29,-0.986645,RUNNING,29,-0.986645,RUNNING,29,-0.986645,RUNNING,-0.986645,Run1
1566,07/15/2026 18:59,29,-0.986645,RUNNING,29,-0.986645,RUNNING,29,-0.986645,RUNNING,29,-0.986645,RUNNING,29,-0.986645,RUNNING,-0.986645,Run1
1567,07/15/2026 19:00,29,-0.986645,RUNNING,29,-0.986645,RUNNING,29,-0.986645,RUNNING,29,-0.986645,RUNNING,29,-0.986645,RUNNING,-0.986645,Run1
1568,07/15/2026 19:01,29,-0.986645,RUNNING,29,-0.986645,RUNNING,29,-0.986645,RUNNING,29,-0.986645,RUNNING,29,-0.986645,RUNNING,-0.986645,Run1
1569,07/15/2026 19:02,29,-0.986645,RUNNING,29,-0.986645,RUNNING,29,-0.986645,RUNNING,29,-0.986645,RUNNING,29,-0.986645,RUNNING,-0.986645,Run1
1570,07/15/2026 19:04,29,-0.986645,RUNNING,29,-0.986645,RUNNING,29,-0.986645,RUNNING,29,-0.986645,RUNNING,29,-0.986645,RUNNING,-0.986645,Run1
1571,07/15/2026 19:05,29,-0.986645,RUNNING,29,-0.986645,RUNNING,29,-0.986645,RUNNING,29,-0.986645,RUNNING,29,-0.986645,RUNNING,-0.986645,Run1
1572,07/15/2026 19:06,29,-0.986645,RUNNING,29,-0.986645,RUNNING,29,-0.986645,RUNNING,29,-0.986645,RUNNING,29,-0.986645,RUNNING,-0.986645,Run1
1573,07/15/2026 19:07,29,-0.986645,RUNNING,29,-0.986645,RUNNING,29,-0.986645,RUNNING,29,-0.986645,RUNNING,29,-0.986645,RUNNING,-0.986645,Run1
1574,07/15/2026 19:08,29,-0.986645,RUNNING,29,-0.986645,RUNNING,29,-0.986645,RUNNING,29,-0.986645,RUNNING,29,-0.986645,RUNNING,-0.986645,Run1
1575,07/15/2026 19:09,29,-0.986645,RUNNING,29,-0.986645,RUNNING,29,-0.986645,RUNNING,29,-0.986645,RUNNING,29,-0.986645,RUNNING,-0.986645,Run1
1576,07/15/2026 19:10,29,-0.986645,RUNNING,29,-0.986645,RUNNING,29,-0.986645,RUNNING,29,-0.986645,RUNNING,29,-0.986645,RUNNING,-0.986645,Run1
1577,07/15/2026 19:11,29,-0.986645,RUNNING,29,-0.986645,RUNNING,29,-0.986645,RUNNING,29,-0.986645,RUNNING,29,-0.986645,RUNNING,-0.986645,Run1
1578,07/15/2026 19:12,29,-0.986645,RUNNING,29,-0.986645,RUNNING,29,-0.986645,RUNNING,29,-0.986645,RUNNING,29,-0.986645,RUNNING,-0.986645,Run1
1579,07/15/2026 19:13,29,-0.986645,RUNNING,29,-0.986645,RUNNING,29,-0.986645,RUNNING,29,-0.986645,RUNNING,29,-0.986645,RUNNING,-0.986645,Run1
1580,07/15/2026 19:14,29,-0.986645,RUNNING,29,-0.986645,RUNNING,29,-0.986645,RUNNING,29,-0.986645,RUNNING,29,-0.986645,RUNNING,-0.986645,Run1
1581,07/15/2026 19:15,29,-0.986645,RUNNING,29,-0.986645,RUNNING,29,-0.986645,RUNNING,29,-0.986645,RUNNING,29,-0.986645,RUNNING,-0.986645,Run1
1582,07/15/2026 19:16,29,-0.986645,RUNNING,29,-0.986645,RUNNING,29,-0.986645,RUNNING,29,-0.986645,RUNNING,29,-0.986645,RUNNING,-0.986645,Run1
1583,07/15/2026 19:17,29,-0.986645,RUNNING,29,-0.986645,RUNNING,29,-0.986645,RUNNING,29,-0.986645,RUNNING,29,-0.986645,RUNNING,-0.986645,Run1
1584,07/15/2026 19:18,29,-0.986645,RUNNING,29,-0.986645,RUNNING,29,-0.986645,RUNNING,29,-0.986645,RUNNING,29,-0.986645,RUNNING,-0.986645,Run1
1585,07/15/2026 19:19,29,-0.986645,RUNNING,29,-0.986645,RUNNING,29,-0.986645,RUNNING,29,-0.986645,RUNNING,29,-0.986645,RUNNING,-0.986645,Run1
1586,07/15/2026 19:20,29,-0.986645,RUNNING,29,-0.986645,RUNNING,29,-0.986645,RUNNING,29,-0.986645,RUNNING,29,-0.986645,RUNNING,-0.986645,Run1
1587,07/15/2026 19:21,29,-0.986645,RUNNING,29,-0.986645,RUNNING,29,-0.986645,RUNNING,29,-0.986645,RUNNING,29,-0.986645,RUNNING,-0.986645,Run1
1588,07/15/2026 19:22,29,-0.986645,RUNNING,29,-0.986645,RUNNING,29,-0.986645,RUNNING,29,-0.986645,RUNNING,29,-0.986645,RUNNING,-0.986645,Run1
1589,07/15/2026 19:23,29,-0.986645,RUNNING,29,-0.986645,RUNNING,29,-0.986645,RUNNING,29,-0.986645,RUNNING,29,-0.986645,RUNNING,-0.986645,Run1
1590,07/15/2026 19:24,29,-0.986645,RUNNING,29,-0.986645,RUNNING,29,-0.986645,RUNNING,29,-0.986645,RUNNING,29,-0.986645,RUNNING,-0.986645,Run1
1591,07/15/2026 19:25,29,-0.986645,RUNNING,29,-0.986645,RUNNING,29,-0.986645,RUNNING,29,-0.986645,RUNNING,29,-0.986645,RUNNING,-0.986645,Run1
1592,07/15/2026 19:26,29,-0.986645,RUNNING,29,-0.986645,RUNNING,29,-0.986645,RUNNING,29,-0.986645,RUNNING,29,-0.986645,RUNNING,-0.986645,Run1
1593,07/15/2026 19:27,29,-0.986645,RUNNING,29,-0.986645,RUNNING,29,-0.986645,RUNNING,29,-0.986645,RUNNING,29,-0.986645,RUNNING,-0.986645,Run1
1594,07/15/2026 19:28,29,-0.986645,RUNNING,29,-0.986645,RUNNING,29,-0.986645,RUNNING,29,-0.986645,RUNNING,29,-0.986645,RUNNING,-0.986645,Run1
1595,07/15/2026 19:30,29,-0.986645,RUNNING,29,-0.986645,RUNNING,29,-0.986645,RUNNING,29,-0.986645,RUNNING,29,-0.986645,RUNNING,-0.986645,Run1
1596,07/15/2026 19:31,29,-0.986645,RUNNING,29,-0.986645,RUNNING,29,-0.986645,RUNNING,29,-0.986645,RUNNING,29,-0.986645,RUNNING,-0.986645,Run1
1597,07/15/2026 19:32,29,-0.986645,RUNNING,29,-0.986645,RUNNING,29,-0.986645,RUNNING,29,-0.986645,RUNNING,29,-0.986645,RUNNING,-0.986645,Run1
1598,07/15/2026 19:33,29,-0.986645,RUNNING,29,-0.986645,RUNNING,29,-0.986645,RUNNING,29,-0.986645,RUNNING,29,-0.986645,RUNNING,-0.986645,Run1
1599,07/15/2026 19:34,29,-0.986645,RUNNING,29,-0.986645,RUNNING,29,-0.986645,RUNNING,29,-0.986645,RUNNING,29,-0.986645,RUNNING,-0.986645,Run1
1600,07/15/2026 19:35,29,-0.986645,RUNNING,29,-0.986645,RUNNING,29,-0.986645,RUNNING,29,-0.986645,RUNNING,29,-0.986645,RUNNING,-0.986645,Run1
1601,07/15/2026 19:36,29,-0.986645,RUNNING,29,-0.986645,RUNNING,29,-0.986645,RUNNING,29,-0.986645,RUNNING,29,-0.986645,RUNNING,-0.986645,Run1
1602,07/15/2026 19:37,29,-0.986645,RUNNING,29,-0.986645,RUNNING,29,-0.986645,RUNNING,29,-0.986645,RUNNING,29,-0.986645,RUNNING,-0.986645,Run1
1603,07/15/2026 19:38,29,-0.986645,RUNNING,29,-0.986645,RUNNING,29,-0.986645,RUNNING,29,-0.986645,RUNNING,29,-0.986645,RUNNING,-0.986645,Run1
1604,07/15/2026 19:39,29,-0.986645,RUNNING,29,-0.986645,RUNNING,29,-0.986645,RUNNING,29,-0.986645,RUNNING,29,-0.986645,RUNNING,-0.986645,Run1
1605,07/15/2026 19:40,29,-0.986645,RUNNING,29,-0.986645,RUNNING,29,-0.986645,RUNNING,29,-0.986645,RUNNING,29,-0.986645,RUNNING,-0.986645,Run1
1606,07/15/2026 19:41,29,-0.986645,RUNNING,29,-0.986645,RUNNING,29,-0.986645,RUNNING,29,-0.986645,RUNNING,29,-0.986645,RUNNING,-0.986645,Run1
1607,07/15/2026 19:42,29,-0.986645,RUNNING,29,-0.986645,RUNNING,29,-0.986645,RUNNING,29,-0.986645,RUNNING,29,-0.986645,RUNNING,-0.986645,Run1
1608,07/15/2026 19:43,29,-0.986645,RUNNING,29,-0.986645,RUNNING,29,-0.986645,RUNNING,29,-0.986645,RUNNING,29,-0.986645,RUNNING,-0.986645,Run1
1609,07/15/2026 19:44,29,-0.986645,RUNNING,29,-0.986645,RUNNING,29,-0.986645,RUNNING,29,-0.986645,RUNNING,29,-0.986645,RUNNING,-0.986645,Run1
1610,07/15/2026 19:45,29,-0.986645,RUNNING,29,-0.986645,RUNNING,29,-0.986645,RUNNING,29,-0.986645,RUNNING,29,-0.986645,RUNNING,-0.986645,Run1
1611,07/15/2026 19:46,29,-0.986645,RUNNING,29,-0.986645,RUNNING,29,-0.986645,RUNNING,29,-0.986645,RUNNING,29,-0.986645,RUNNING,-0.986645,Run1
1612,07/15/2026 19:47,29,-0.986645,RUNNING,29,-0.986645,RUNNING,29,-0.986645,RUNNING,29,-0.986645,RUNNING,29,-0.986645,RUNNING,-0.986645,Run1
1613,07/15/2026 19:48,29,-0.986645,RUNNING,29,-0.986645,RUNNING,29,-0.986645,RUNNING,29,-0.986645,RUNNING,29,-0.986645,RUNNING,-0.986645,Run1
1614,07/15/2026 19:49,29,-0.986645,RUNNING,29,-0.986645,RUNNING,29,-0.986645,RUNNING,29,-0.986645,RUNNING,29,-0.986645,RUNNING,-0.986645,Run1
1615,07/15/2026 19:50,29,-0.986645,RUNNING,29,-0.986645,RUNNING,29,-0.986645,RUNNING,29,-0.986645,RUNNING,29,-0.986645,RUNNING,-0.986645,Run1
1616,07/15/2026 19:51,29,-0.986645,RUNNING,29,-0.986645,RUNNING,29,-0.986645,RUNNING,29,-0.986645,RUNNING,29,-0.986645,RUNNING,-0.986645,Run1
1617,07/15/2026 19:52,29,-0.986645,RUNNING,29,-0.986645,RUNNING,29,-0.986645,RUNNING,29,-0.986645,RUNNING,29,-0.986645,RUNNING,-0.986645,Run1
1618,07/15/2026 19:53,29,-0.986645,RUNNING,29,-0.986645,RUNNING,29,-0.986645,RUNNING,29,-0.986645,RUNNING,29,-0.986645,RUNNING,-0.986645,Run1
1619,07/15/2026 19:55,29,-0.986645,RUNNING,29,-0.986645,RUNNING,29,-0.986645,RUNNING,29,-0.986645,RUNNING,29,-0.986645,RUNNING,-0.986645,Run1
1620,07/15/2026 19:56,29,-0.986645,RUNNING,29,-0.986645,RUNNING,29,-0.986645,RUNNING,29,-0.986645,RUNNING,29,-0.986645,RUNNING,-0.986645,Run1
1621,07/15/2026 19:57,29,-0.986645,RUNNING,29,-0.986645,RUNNING,29,-0.986645,RUNNING,29,-0.986645,RUNNING,29,-0.986645,RUNNING,-0.986645,Run1
1622,07/15/2026 19:58,29,-0.986645,RUNNING,29,-0.986645,RUNNING,29,-0.986645,RUNNING,29,-0.986645,RUNNING,29,-0.986645,RUNNING,-0.986645,Run1
1623,07/15/2026 19:59,29,-0.986645,RUNNING,29,-0.986645,RUNNING,29,-0.986645,RUNNING,29,-0.986645,RUNNING,29,-0.986645,RUNNING,-0.986645,Run1
1624,07/15/2026 20:00,29,-0.986645,RUNNING,29,-0.986645,RUNNING,29,-0.986645,RUNNING,29,-0.986645,RUNNING,29,-0.986645,RUNNING,-0.986645,Run1
1625,07/15/2026 20:01,29,-0.986645,RUNNING,29,-0.986645,RUNNING,29,-0.986645,RUNNING,29,-0.986645,RUNNING,29,-0.986645,RUNNING,-0.986645,Run1
1626,07/15/2026 20:02,29,-0.986645,RUNNING,29,-0.986645,RUNNING,29,-0.986645,RUNNING,29,-0.986645,RUNNING,29,-0.986645,RUNNING,-0.986645,Run1
1627,07/15/2026 20:03,29,-0.986645,RUNNING,29,-0.986645,RUNNING,29,-0.986645,RUNNING,29,-0.986645,RUNNING,29,-0.986645,RUNNING,-0.986645,Run1
1628,07/15/2026 20:04,29,-0.986645,RUNNING,29,-0.986645,RUNNING,29,-0.986645,RUNNING,29,-0.986645,RUNNING,29,-0.986645,RUNNING,-0.986645,Run1
1629,07/15/2026 20:05,29,-0.986645,RUNNING,29,-0.986645,RUNNING,29,-0.986645,RUNNING,29,-0.986645,RUNNING,29,-0.986645,RUNNING,-0.986645,Run1
1630,07/15/2026 20:06,29,-0.986645,RUNNING,29,-0.986645,RUNNING,29,-0.986645,RUNNING,29,-0.986645,RUNNING,29,-0.986645,RUNNING,-0.986645,Run1
1631,07/15/2026 20:07,29,-0.986645,RUNNING,29,-0.986645,RUNNING,29,-0.986645,RUNNING,29,-0.986645,RUNNING,29,-0.986645,RUNNING,-0.986645,Run1
1632,07/15/2026 20:08,29,-0.986645,RUNNING,29,-0.986645,RUNNING,29,-0.986645,RUNNING,29,-0.986645,RUNNING,29,-0.986645,RUNNING,-0.986645,Run1
1633,07/15/2026 20:09,29,-0.986645,RUNNING,29,-0.986645,RUNNING,29,-0.986645,RUNNING,29,-0.986645,RUNNING,29,-0.986645,RUNNING,-0.986645,Run1
1634,07/15/2026 20:10,29,-0.986645,RUNNING,29,-0.986645,RUNNING,29,-0.986645,RUNNING,29,-0.986645,RUNNING,29,-0.986645,RUNNING,-0.986645,Run1
1635,07/15/2026 20:11,29,-0.986645,RUNNING,29,-0.986645,RUNNING,29,-0.986645,RUNNING,29,-0.986645,RUNNING,29,-0.986645,RUNNING,-0.986645,Run1
1636,07/15/2026 20:12,29,-0.986645,RUNNING,29,-0.986645,RUNNING,29,-0.986645,RUNNING,29,-0.986645,RUNNING,29,-0.986645,RUNNING,-0.986645,Run1
1637,07/15/2026 20:13,29,-0.986645,RUNNING,29,-0.986645,RUNNING,29,-0.986645,RUNNING,29,-0.986645,RUNNING,29,-0.986645,RUNNING,-0.986645,Run1
1638,07/15/2026 20:14,29,-0.986645,RUNNING,29,-0.986645,RUNNING,29,-0.986645,RUNNING,29,-0.986645,RUNNING,29,-0.986645,RUNNING,-0.986645,Run1
1639,07/15/2026 20:15,29,-0.986645,RUNNING,29,-0.986645,RUNNING,29,-0.986645,RUNNING,29,-0.986645,RUNNING,29,-0.986645,RUNNING,-0.986645,Run1
1640,07/15/2026 20:16,29,-0.986645,RUNNING,29,-0.986645,RUNNING,29,-0.986645,RUNNING,29,-0.986645,RUNNING,29,-0.986645,RUNNING,-0.986645,Run1
1641,07/15/2026 20:17,29,-0.986645,RUNNING,29,-0.986645,RUNNING,29,-0.986645,RUNNING,29,-0.986645,RUNNING,29,-0.986645,RUNNING,-0.986645,Run1
1642,07/15/2026 20:18,29,-0.986645,RUNNING,29,-0.986645,RUNNING,29,-0.986645,RUNNING,29,-0.986645,RUNNING,29,-0.986645,RUNNING,-0.986645,Run1
1643,07/15/2026 20:19,29,-0.986645,RUNNING,29,-0.986645,RUNNING,29,-0.986645,RUNNING,29,-0.986645,RUNNING,29,-0.986645,RUNNING,-0.986645,Run1
1644,07/15/2026 20:20,29,-0.986645,RUNNING,29,-0.986645,RUNNING,29,-0.986645,RUNNING,29,-0.986645,RUNNING,29,-0.986645,RUNNING,-0.986645,Run1
1645,07/15/2026 20:21,29,-0.986645,RUNNING,29,-0.986645,RUNNING,29,-0.986645,RUNNING,29,-0.986645,RUNNING,29,-0.986645,RUNNING,-0.986645,Run1
1646,07/15/2026 20:23,29,-0.986645,RUNNING,29,-0.986645,RUNNING,29,-0.986645,RUNNING,29,-0.986645,RUNNING,29,-0.986645,RUNNING,-0.986645,Run1
1647,07/15/2026 20:24,29,-0.986645,RUNNING,29,-0.986645,RUNNING,29,-0.986645,RUNNING,29,-0.986645,RUNNING,29,-0.986645,RUNNING,-0.986645,Run1
1648,07/15/2026 20:25,29,-0.986645,RUNNING,29,-0.986645,RUNNING,29,-0.986645,RUNNING,29,-0.986645,RUNNING,29,-0.986645,RUNNING,-0.986645,Run1
1649,07/15/2026 20:26,29,-0.986645,RUNNING,29,-0.986645,RUNNING,29,-0.986645,RUNNING,29,-0.986645,RUNNING,29,-0.986645,RUNNING,-0.986645,Run1
1650,07/15/2026 20:27,29,-0.986645,RUNNING,29,-0.986645,RUNNING,29,-0.986645,RUNNING,29,-0.986645,RUNNING,29,-0.986645,RUNNING,-0.986645,Run1
1651,07/15/2026 20:28,29,-0.986645,RUNNING,29,-0.986645,RUNNING,29,-0.986645,RUNNING,29,-0.986645,RUNNING,29,-0.986645,RUNNING,-0.986645,Run1
1652,07/15/2026 20:29,29,-0.986645,RUNNING,29,-0.986645,RUNNING,29,-0.986645,RUNNING,29,-0.986645,RUNNING,29,-0.986645,RUNNING,-0.986645,Run1
1653,07/15/2026 20:30,29,-0.986645,RUNNING,29,-0.986645,RUNNING,29,-0.986645,RUNNING,29,-0.986645,RUNNING,29,-0.986645,RUNNING,-0.986645,Run1
1654,07/15/2026 20:31,29,-0.986645,RUNNING,29,-0.986645,RUNNING,29,-0.986645,RUNNING,29,-0.986645,RUNNING,29,-0.986645,RUNNING,-0.986645,Run1
1655,07/15/2026 20:32,29,-0.986645,RUNNING,29,-0.986645,RUNNING,29,-0.986645,RUNNING,29,-0.986645,RUNNING,29,-0.986645,RUNNING,-0.986645,Run1
1656,07/15/2026 20:33,29,-0.986645,RUNNING,29,-0.986645,RUNNING,29,-0.986645,RUNNING,29,-0.986645,RUNNING,29,-0.986645,RUNNING,-0.986645,Run1
1657,07/15/2026 20:34,29,-0.986645,RUNNING,29,-0.986645,RUNNING,29,-0.986645,RUNNING,29,-0.986645,RUNNING,29,-0.986645,RUNNING,-0.986645,Run1
1658,07/15/2026 20:35,29,-0.986645,RUNNING,29,-0.986645,RUNNING,29,-0.986645,RUNNING,29,-0.986645,RUNNING,29,-0.986645,RUNNING,-0.986645,Run1
1659,07/15/2026 20:36,29,-0.986645,RUNNING,29,-0.986645,RUNNING,29,-0.986645,RUNNING,29,-0.986645,RUNNING,29,-0.986645,RUNNING,-0.986645,Run1
1660,07/15/2026 20:37,29,-0.986645,RUNNING,29,-0.986645,RUNNING,29,-0.986645,RUNNING,29,-0.986645,RUNNING,29,-0.986645,RUNNING,-0.986645,Run1
1661,07/15/2026 20:38,29,-0.986645,RUNNING,29,-0.986645,RUNNING,29,-0.986645,RUNNING,29,-0.986645,RUNNING,29,-0.986645,RUNNING,-0.986645,Run1
1662,07/15/2026 20:39,29,-0.986645,RUNNING,29,-0.986645,RUNNING,29,-0.986645,RUNNING,29,-0.986645,RUNNING,29,-0.986645,RUNNING,-0.986645,Run1
1663,07/15/2026 20:40,29,-0.986645,RUNNING,29,-0.986645,RUNNING,29,-0.986645,RUNNING,29,-0.986645,RUNNING,29,-0.986645,RUNNING,-0.986645,Run1
1664,07/15/2026 20:41,29,-0.986645,RUNNING,29,-0.986645,RUNNING,29,-0.986645,RUNNING,29,-0.986645,RUNNING,29,-0.986645,RUNNING,-0.986645,Run1
1665,07/15/2026 20:42,29,-0.986645,RUNNING,29,-0.986645,RUNNING,29,-0.986645,RUNNING,29,-0.986645,RUNNING,29,-0.986645,RUNNING,-0.986645,Run1
1666,07/15/2026 20:43,29,-0.986645,RUNNING,29,-0.986645,RUNNING,29,-0.986645,RUNNING,29,-0.986645,RUNNING,29,-0.986645,RUNNING,-0.986645,Run1
1667,07/15/2026 20:44,29,-0.986645,RUNNING,29,-0.986645,RUNNING,29,-0.986645,RUNNING,29,-0.986645,RUNNING,29,-0.986645,RUNNING,-0.986645,Run1
1668,07/15/2026 20:45,29,-0.986645,RUNNING,29,-0.986645,RUNNING,29,-0.986645,RUNNING,29,-0.986645,RUNNING,29,-0.986645,RUNNING,-0.986645,Run1
1669,07/15/2026 20:46,29,-0.986645,RUNNING,29,-0.986645,RUNNING,29,-0.986645,RUNNING,29,-0.986645,RUNNING,29,-0.986645,RUNNING,-0.986645,Run1
1670,07/15/2026 20:47,29,-0.986645,RUNNING,29,-0.986645,RUNNING,29,-0.986645,RUNNING,29,-0.986645,RUNNING,29,-0.986645,RUNNING,-0.986645,Run1
1671,07/15/2026 20:48,29,-0.986645,RUNNING,29,-0.986645,RUNNING,29,-0.986645,RUNNING,29,-0.986645,RUNNING,29,-0.986645,RUNNING,-0.986645,Run1
1672,07/15/2026 20:49,29,-0.986645,RUNNING,29,-0.986645,RUNNING,29,-0.986645,RUNNING,29,-0.986645,RUNNING,29,-0.986645,RUNNING,-0.986645,Run1
1673,07/15/2026 20:50,29,-0.986645,RUNNING,29,-0.986645,RUNNING,29,-0.986645,RUNNING,29,-0.986645,RUNNING,29,-0.986645,RUNNING,-0.986645,Run1
1674,07/15/2026 20:51,29,-0.986645,RUNNING,29,-0.986645,RUNNING,29,-0.986645,RUNNING,29,-0.986645,RUNNING,29,-0.986645,RUNNING,-0.986645,Run1
1675,07/15/2026 20:52,29,-0.986645,RUNNING,29,-0.986645,RUNNING,29,-0.986645,RUNNING,29,-0.986645,RUNNING,29,-0.986645,RUNNING,-0.986645,Run1
1676,07/15/2026 20:54,29,-0.986645,RUNNING,29,-0.986645,RUNNING,29,-0.986645,RUNNING,29,-0.986645,RUNNING,29,-0.986645,RUNNING,-0.986645,Run1
1677,07/15/2026 20:55,29,-0.986645,RUNNING,29,-0.986645,RUNNING,29,-0.986645,RUNNING,29,-0.986645,RUNNING,29,-0.986645,RUNNING,-0.986645,Run1
1678,07/15/2026 20:56,29,-0.986645,RUNNING,29,-0.986645,RUNNING,29,-0.986645,RUNNING,29,-0.986645,RUNNING,29,-0.986645,RUNNING,-0.986645,Run1
1679,07/15/2026 20:57,29,-0.986645,RUNNING,29,-0.986645,RUNNING,29,-0.986645,RUNNING,29,-0.986645,RUNNING,29,-0.986645,RUNNING,-0.986645,Run1
1680,07/15/2026 20:58,29,-0.986645,RUNNING,29,-0.986645,RUNNING,29,-0.986645,RUNNING,29,-0.986645,RUNNING,29,-0.986645,RUNNING,-0.986645,Run1
1681,07/15/2026 20:59,29,-0.986645,RUNNING,29,-0.986645,RUNNING,29,-0.986645,RUNNING,29,-0.986645,RUNNING,29,-0.986645,RUNNING,-0.986645,Run1
1682,07/15/2026 21:00,29,-0.986645,RUNNING,29,-0.986645,RUNNING,29,-0.986645,RUNNING,29,-0.986645,RUNNING,29,-0.986645,RUNNING,-0.986645,Run1
1683,07/15/2026 21:01,29,-0.986645,RUNNING,29,-0.986645,RUNNING,29,-0.986645,RUNNING,29,-0.986645,RUNNING,29,-0.986645,RUNNING,-0.986645,Run1
1684,07/15/2026 21:02,29,-0.986645,RUNNING,29,-0.986645,RUNNING,29,-0.986645,RUNNING,29,-0.986645,RUNNING,29,-0.986645,RUNNING,-0.986645,Run1
1685,07/15/2026 21:03,29,-0.986645,RUNNING,29,-0.986645,RUNNING,29,-0.986645,RUNNING,29,-0.986645,RUNNING,29,-0.986645,RUNNING,-0.986645,Run1
1686,07/15/2026 21:04,29,-0.986645,RUNNING,29,-0.986645,RUNNING,29,-0.986645,RUNNING,29,-0.986645,RUNNING,29,-0.986645,RUNNING,-0.986645,Run1
1687,07/15/2026 21:05,29,-0.986645,RUNNING,29,-0.986645,RUNNING,29,-0.986645,RUNNING,29,-0.986645,RUNNING,29,-0.986645,RUNNING,-0.986645,Run1
1688,07/15/2026 21:06,29,-0.986645,RUNNING,29,-0.986645,RUNNING,29,-0.986645,RUNNING,29,-0.986645,RUNNING,29,-0.986645,RUNNING,-0.986645,Run1
1689,07/15/2026 21:07,29,-0.986645,RUNNING,29,-0.986645,RUNNING,29,-0.986645,RUNNING,29,-0.986645,RUNNING,29,-0.986645,RUNNING,-0.986645,Run1
1690,07/15/2026 21:08,29,-0.986645,RUNNING,29,-0.986645,RUNNING,29,-0.986645,RUNNING,29,-0.986645,RUNNING,29,-0.986645,RUNNING,-0.986645,Run1
1691,07/15/2026 21:09,29,-0.986645,RUNNING,29,-0.986645,RUNNING,29,-0.986645,RUNNING,29,-0.986645,RUNNING,29,-0.986645,RUNNING,-0.986645,Run1
1692,07/15/2026 21:10,29,-0.986645,RUNNING,29,-0.986645,RUNNING,29,-0.986645,RUNNING,29,-0.986645,RUNNING,29,-0.986645,RUNNING,-0.986645,Run1
1693,07/15/2026 21:11,29,-0.986645,RUNNING,29,-0.986645,RUNNING,29,-0.986645,RUNNING,29,-0.986645,RUNNING,29,-0.986645,RUNNING,-0.986645,Run1
1694,07/15/2026 21:12,29,-0.986645,RUNNING,29,-0.986645,RUNNING,29,-0.986645,RUNNING,29,-0.986645,RUNNING,29,-0.986645,RUNNING,-0.986645,Run1
1695,07/15/2026 21:13,29,-0.986645,RUNNING,29,-0.986645,RUNNING,29,-0.986645,RUNNING,29,-0.986645,RUNNING,29,-0.986645,RUNNING,-0.986645,Run1
1696,07/15/2026 21:14,29,-0.986645,RUNNING,29,-0.986645,RUNNING,29,-0.986645,RUNNING,29,-0.986645,RUNNING,29,-0.986645,RUNNING,-0.986645,Run1
1697,07/15/2026 21:15,29,-0.986645,RUNNING,29,-0.986645,RUNNING,29,-0.986645,RUNNING,29,-0.986645,RUNNING,29,-0.986645,RUNNING,-0.986645,Run1
1698,07/15/2026 21:16,29,-0.986645,RUNNING,29,-0.986645,RUNNING,29,-0.986645,RUNNING,29,-0.986645,RUNNING,29,-0.986645,RUNNING,-0.986645,Run1
1699,07/15/2026 21:17,29,-0.986645,RUNNING,29,-0.986645,RUNNING,29,-0.986645,RUNNING,29,-0.986645,RUNNING,29,-0.986645,RUNNING,-0.986645,Run1
1700,07/15/2026 21:18,29,-0.986645,RUNNING,29,-0.986645,RUNNING,29,-0.986645,RUNNING,29,-0.986645,RUNNING,29,-0.986645,RUNNING,-0.986645,Run1
1701,07/15/2026 21:19,29,-0.986645,RUNNING,29,-0.986645,RUNNING,29,-0.986645,RUNNING,29,-0.986645,RUNNING,29,-0.986645,RUNNING,-0.986645,Run1
1702,07/15/2026 21:20,29,-0.986645,RUNNING,29,-0.986645,RUNNING,29,-0.986645,RUNNING,29,-0.986645,RUNNING,29,-0.986645,RUNNING,-0.986645,Run1
1703,07/15/2026 21:21,29,-0.986645,RUNNING,29,-0.986645,RUNNING,29,-0.986645,RUNNING,29,-0.986645,RUNNING,29,-0.986645,RUNNING,-0.986645,Run1
1704,07/15/2026 21:22,29,-0.986645,RUNNING,29,-0.986645,RUNNING,29,-0.986645,RUNNING,29,-0.986645,RUNNING,29,-0.986645,RUNNING,-0.986645,Run1
1705,07/15/2026 21:23,29,-0.986645,RUNNING,29,-0.986645,RUNNING,29,-0.986645,RUNNING,29,-0.986645,RUNNING,29,-0.986645,RUNNING,-0.986645,Run1
1706,07/15/2026 21:24,29,-0.986645,RUNNING,29,-0.986645,RUNNING,29,-0.986645,RUNNING,29,-0.986645,RUNNING,29,-0.986645,RUNNING,-0.986645,Run1
1707,07/15/2026 21:26,29,-0.986645,RUNNING,29,-0.986645,RUNNING,29,-0.986645,RUNNING,29,-0.986645,RUNNING,29,-0.986645,RUNNING,-0.986645,Run1
1708,07/15/2026 21:27,29,-0.986645,RUNNING,29,-0.986645,RUNNING,29,-0.986645,RUNNING,29,-0.986645,RUNNING,29,-0.986645,RUNNING,-0.986645,Run1
1709,07/15/2026 21:28,29,-0.986645,RUNNING,29,-0.986645,RUNNING,29,-0.986645,RUNNING,29,-0.986645,RUNNING,29,-0.986645,RUNNING,-0.986645,Run1
1710,07/15/2026 21:29,29,-0.986645,RUNNING,29,-0.986645,RUNNING,29,-0.986645,RUNNING,29,-0.986645,RUNNING,29,-0.986645,RUNNING,-0.986645,Run1
1711,07/15/2026 21:30,29,-0.986645,RUNNING,29,-0.986645,RUNNING,29,-0.986645,RUNNING,29,-0.986645,RUNNING,29,-0.986645,RUNNING,-0.986645,Run1
1712,07/15/2026 21:31,29,-0.986645,RUNNING,29,-0.986645,RUNNING,29,-0.986645,RUNNING,29,-0.986645,RUNNING,29,-0.986645,RUNNING,-0.986645,Run1
1713,07/15/2026 21:32,29,-0.986645,RUNNING,29,-0.986645,RUNNING,29,-0.986645,RUNNING,29,-0.986645,RUNNING,29,-0.986645,RUNNING,-0.986645,Run1
1714,07/15/2026 21:33,29,-0.986645,RUNNING,29,-0.986645,RUNNING,29,-0.986645,RUNNING,29,-0.986645,RUNNING,29,-0.986645,RUNNING,-0.986645,Run1
1715,07/15/2026 21:34,29,-0.986645,RUNNING,29,-0.986645,RUNNING,29,-0.986645,RUNNING,29,-0.986645,RUNNING,29,-0.986645,RUNNING,-0.986645,Run1
1716,07/15/2026 21:35,29,-0.986645,RUNNING,29,-0.986645,RUNNING,29,-0.986645,RUNNING,29,-0.986645,RUNNING,29,-0.986645,RUNNING,-0.986645,Run1
1717,07/15/2026 21:36,29,-0.986645,RUNNING,29,-0.986645,RUNNING,29,-0.986645,RUNNING,29,-0.986645,RUNNING,29,-0.986645,RUNNING,-0.986645,Run1
1718,07/15/2026 21:37,29,-0.986645,RUNNING,29,-0.986645,RUNNING,29,-0.986645,RUNNING,29,-0.986645,RUNNING,29,-0.986645,RUNNING,-0.986645,Run1
1719,07/15/2026 21:38,29,-0.986645,RUNNING,29,-0.986645,RUNNING,29,-0.986645,RUNNING,29,-0.986645,RUNNING,29,-0.986645,RUNNING,-0.986645,Run1
1720,07/15/2026 21:39,29,-0.986645,RUNNING,29,-0.986645,RUNNING,29,-0.986645,RUNNING,29,-0.986645,RUNNING,29,-0.986645,RUNNING,-0.986645,Run1
1721,07/15/2026 21:40,29,-0.986645,RUNNING,29,-0.986645,RUNNING,29,-0.986645,RUNNING,29,-0.986645,RUNNING,29,-0.986645,RUNNING,-0.986645,Run1
1722,07/15/2026 21:41,29,-0.986645,RUNNING,29,-0.986645,RUNNING,29,-0.986645,RUNNING,29,-0.986645,RUNNING,29,-0.986645,RUNNING,-0.986645,Run1
1723,07/15/2026 21:42,29,-0.986645,RUNNING,29,-0.986645,RUNNING,29,-0.986645,RUNNING,29,-0.986645,RUNNING,29,-0.986645,RUNNING,-0.986645,Run1
1724,07/15/2026 21:43,29,-0.986645,RUNNING,29,-0.986645,RUNNING,29,-0.986645,RUNNING,29,-0.986645,RUNNING,29,-0.986645,RUNNING,-0.986645,Run1
1725,07/15/2026 21:44,29,-0.986645,RUNNING,29,-0.986645,RUNNING,29,-0.986645,RUNNING,29,-0.986645,RUNNING,29,-0.986645,RUNNING,-0.986645,Run1
1726,07/15/2026 21:45,29,-0.986645,RUNNING,29,-0.986645,RUNNING,29,-0.986645,RUNNING,29,-0.986645,RUNNING,29,-0.986645,RUNNING,-0.986645,Run1
1727,07/15/2026 21:46,29,-0.986645,RUNNING,29,-0.986645,RUNNING,29,-0.986645,RUNNING,29,-0.986645,RUNNING,29,-0.986645,RUNNING,-0.986645,Run1
1728,07/15/2026 21:47,29,-0.986645,RUNNING,29,-0.986645,RUNNING,29,-0.986645,RUNNING,29,-0.986645,RUNNING,29,-0.986645,RUNNING,-0.986645,Run1
1729,07/15/2026 21:48,29,-0.986645,RUNNING,29,-0.986645,RUNNING,29,-0.986645,RUNNING,29,-0.986645,RUNNING,29,-0.986645,RUNNING,-0.986645,Run1
1730,07/15/2026 21:49,29,-0.986645,RUNNING,29,-0.986645,RUNNING,29,-0.986645,RUNNING,29,-0.986645,RUNNING,29,-0.986645,RUNNING,-0.986645,Run1
1731,07/15/2026 21:50,29,-0.986645,RUNNING,29,-0.986645,RUNNING,29,-0.986645,RUNNING,29,-0.986645,RUNNING,29,-0.986645,RUNNING,-0.986645,Run1
1732,07/15/2026 21:51,29,-0.986645,RUNNING,29,-0.986645,RUNNING,29,-0.986645,RUNNING,29,-0.986645,RUNNING,29,-0.986645,RUNNING,-0.986645,Run1
1733,07/15/2026 21:52,29,-0.986645,RUNNING,29,-0.986645,RUNNING,29,-0.986645,RUNNING,29,-0.986645,RUNNING,29,-0.986645,RUNNING,-0.986645,Run1
1734,07/15/2026 21:53,29,-0.986645,RUNNING,29,-0.986645,RUNNING,29,-0.986645,RUNNING,29,-0.986645,RUNNING,29,-0.986645,RUNNING,-0.986645,Run1
1735,07/15/2026 21:54,29,-0.986645,RUNNING,29,-0.986645,RUNNING,29,-0.986645,RUNNING,29,-0.986645,RUNNING,29,-0.986645,RUNNING,-0.986645,Run1
1736,07/15/2026 21:55,29,-0.986645,RUNNING,29,-0.986645,RUNNING,29,-0.986645,RUNNING,29,-0.986645,RUNNING,29,-0.986645,RUNNING,-0.986645,Run1
1737,07/15/2026 21:56,29,-0.986645,RUNNING,29,-0.986645,RUNNING,29,-0.986645,RUNNING,29,-0.986645,RUNNING,29,-0.986645,RUNNING,-0.986645,Run1
1738,07/15/2026 21:57,29,-0.986645,RUNNING,29,-0.986645,RUNNING,29,-0.986645,RUNNING,29,-0.986645,RUNNING,29,-0.986645,RUNNING,-0.986645,Run1
1739,07/15/2026 21:58,29,-0.986645,RUNNING,29,-0.986645,RUNNING,29,-0.986645,RUNNING,29,-0.986645,RUNNING,29,-0.986645,RUNNING,-0.986645,Run1
1740,07/15/2026 21:59,29,-0.986645,RUNNING,29,-0.986645,RUNNING,29,-0.986645,RUNNING,29,-0.986645,RUNNING,29,-0.986645,RUNNING,-0.986645,Run1
1741,07/15/2026 22:00,29,-0.986645,RUNNING,29,-0.986645,RUNNING,29,-0.986645,RUNNING,29,-0.986645,RUNNING,29,-0.986645,RUNNING,-0.986645,Run1
1742,07/15/2026 22:02,29,-0.986645,RUNNING,29,-0.986645,RUNNING,29,-0.986645,RUNNING,29,-0.986645,RUNNING,29,-0.986645,RUNNING,-0.986645,Run1
1743,07/15/2026 22:03,29,-0.986645,RUNNING,29,-0.986645,RUNNING,29,-0.986645,RUNNING,29,-0.986645,RUNNING,29,-0.986645,RUNNING,-0.986645,Run1
1744,07/15/2026 22:04,29,-0.986645,RUNNING,29,-0.986645,RUNNING,29,-0.986645,RUNNING,29,-0.986645,RUNNING,29,-0.986645,RUNNING,-0.986645,Run1
1745,07/15/2026 22:05,29,-0.986645,RUNNING,29,-0.986645,RUNNING,29,-0.986645,RUNNING,29,-0.986645,RUNNING,29,-0.986645,RUNNING,-0.986645,Run1
1746,07/15/2026 22:06,29,-0.986645,RUNNING,29,-0.986645,RUNNING,29,-0.986645,RUNNING,29,-0.986645,RUNNING,29,-0.986645,RUNNING,-0.986645,Run1
1747,07/15/2026 22:07,29,-0.986645,RUNNING,29,-0.986645,RUNNING,29,-0.986645,RUNNING,29,-0.986645,RUNNING,29,-0.986645,RUNNING,-0.986645,Run1
1748,07/15/2026 22:08,29,-0.986645,RUNNING,29,-0.986645,RUNNING,29,-0.986645,RUNNING,29,-0.986645,RUNNING,29,-0.986645,RUNNING,-0.986645,Run1
1749,07/15/2026 22:09,29,-0.986645,RUNNING,29,-0.986645,RUNNING,29,-0.986645,RUNNING,29,-0.986645,RUNNING,29,-0.986645,RUNNING,-0.986645,Run1
1750,07/15/2026 22:10,29,-0.986645,RUNNING,29,-0.986645,RUNNING,29,-0.986645,RUNNING,29,-0.986645,RUNNING,29,-0.986645,RUNNING,-0.986645,Run1
1751,07/15/2026 22:11,29,-0.986645,RUNNING,29,-0.986645,RUNNING,29,-0.986645,RUNNING,29,-0.986645,RUNNING,29,-0.986645,RUNNING,-0.986645,Run1
1752,07/15/2026 22:12,29,-0.986645,RUNNING,29,-0.986645,RUNNING,29,-0.986645,RUNNING,29,-0.986645,RUNNING,29,-0.986645,RUNNING,-0.986645,Run1
1753,07/15/2026 22:13,29,-0.986645,RUNNING,29,-0.986645,RUNNING,29,-0.986645,RUNNING,29,-0.986645,RUNNING,29,-0.986645,RUNNING,-0.986645,Run1
1754,07/15/2026 22:14,29,-0.986645,RUNNING,29,-0.986645,RUNNING,29,-0.986645,RUNNING,29,-0.986645,RUNNING,29,-0.986645,RUNNING,-0.986645,Run1
1755,07/15/2026 22:15,29,-0.986645,RUNNING,29,-0.986645,RUNNING,29,-0.986645,RUNNING,29,-0.986645,RUNNING,29,-0.986645,RUNNING,-0.986645,Run1
1756,07/15/2026 22:16,29,-0.986645,RUNNING,29,-0.986645,RUNNING,29,-0.986645,RUNNING,29,-0.986645,RUNNING,29,-0.986645,RUNNING,-0.986645,Run1
1757,07/15/2026 22:17,29,-0.986645,RUNNING,29,-0.986645,RUNNING,29,-0.986645,RUNNING,29,-0.986645,RUNNING,29,-0.986645,RUNNING,-0.986645,Run1
1758,07/15/2026 22:18,29,-0.986645,RUNNING,29,-0.986645,RUNNING,29,-0.986645,RUNNING,29,-0.986645,RUNNING,29,-0.986645,RUNNING,-0.986645,Run1
1759,07/15/2026 22:19,29,-0.986645,RUNNING,29,-0.986645,RUNNING,29,-0.986645,RUNNING,29,-0.986645,RUNNING,29,-0.986645,RUNNING,-0.986645,Run1
1760,07/15/2026 22:20,29,-0.986645,RUNNING,29,-0.986645,RUNNING,29,-0.986645,RUNNING,29,-0.986645,RUNNING,29,-0.986645,RUNNING,-0.986645,Run1
1761,07/15/2026 22:21,29,-0.986645,RUNNING,29,-0.986645,RUNNING,29,-0.986645,RUNNING,29,-0.986645,RUNNING,29,-0.986645,RUNNING,-0.986645,Run1
1762,07/15/2026 22:22,29,-0.986645,RUNNING,29,-0.986645,RUNNING,29,-0.986645,RUNNING,29,-0.986645,RUNNING,29,-0.986645,RUNNING,-0.986645,Run1
1763,07/15/2026 22:23,29,-0.986645,RUNNING,29,-0.986645,RUNNING,29,-0.986645,RUNNING,29,-0.986645,RUNNING,29,-0.986645,RUNNING,-0.986645,Run1
1764,07/15/2026 22:24,29,-0.986645,RUNNING,29,-0.986645,RUNNING,29,-0.986645,RUNNING,29,-0.986645,RUNNING,29,-0.986645,RUNNING,-0.986645,Run1
1765,07/15/2026 22:25,29,-0.986645,RUNNING,29,-0.986645,RUNNING,29,-0.986645,RUNNING,29,-0.986645,RUNNING,29,-0.986645,RUNNING,-0.986645,Run1
1766,07/15/2026 22:26,29,-0.986645,RUNNING,29,-0.986645,RUNNING,29,-0.986645,RUNNING,29,-0.986645,RUNNING,29,-0.986645,RUNNING,-0.986645,Run1
1767,07/15/2026 22:27,29,-0.986645,RUNNING,29,-0.986645,RUNNING,29,-0.986645,RUNNING,29,-0.986645,RUNNING,29,-0.986645,RUNNING,-0.986645,Run1
1768,07/15/2026 22:28,29,-0.986645,RUNNING,29,-0.986645,RUNNING,29,-0.986645,RUNNING,29,-0.986645,RUNNING,29,-0.986645,RUNNING,-0.986645,Run1
1769,07/15/2026 22:29,29,-0.986645,RUNNING,29,-0.986645,RUNNING,29,-0.986645,RUNNING,29,-0.986645,RUNNING,29,-0.986645,RUNNING,-0.986645,Run1
1770,07/15/2026 22:30,29,-0.986645,RUNNING,29,-0.986645,RUNNING,29,-0.986645,RUNNING,29,-0.986645,RUNNING,29,-0.986645,RUNNING,-0.986645,Run1
1771,07/15/2026 22:32,29,-0.986645,RUNNING,29,-0.986645,RUNNING,29,-0.986645,RUNNING,29,-0.986645,RUNNING,29,-0.986645,RUNNING,-0.986645,Run1
1772,07/15/2026 22:34,29,-0.986645,RUNNING,29,-0.986645,RUNNING,29,-0.986645,RUNNING,29,-0.986645,RUNNING,29,-0.986645,RUNNING,-0.986645,Run1
1773,07/15/2026 22:40,29,-0.986645,RUNNING,29,-0.986645,RUNNING,29,-0.986645,RUNNING,29,-0.986645,RUNNING,29,-0.986645,RUNNING,-0.986645,Run1
1774,07/15/2026 22:41,29,-0.986645,RUNNING,29,-0.986645,RUNNING,29,-0.986645,RUNNING,29,-0.986645,RUNNING,29,-0.986645,RUNNING,-0.986645,Run1
1775,07/15/2026 22:42,29,-0.986645,RUNNING,29,-0.986645,RUNNING,29,-0.986645,RUNNING,29,-0.986645,RUNNING,29,-0.986645,RUNNING,-0.986645,Run1
1776,07/15/2026 22:43,29,-0.986645,RUNNING,29,-0.986645,RUNNING,29,-0.986645,RUNNING,29,-0.986645,RUNNING,29,-0.986645,RUNNING,-0.986645,Run1
1777,07/15/2026 22:44,29,-0.986645,RUNNING,29,-0.986645,RUNNING,29,-0.986645,RUNNING,29,-0.986645,RUNNING,29,-0.986645,RUNNING,-0.986645,Run1
1778,07/15/2026 22:45,29,-0.986645,RUNNING,29,-0.986645,RUNNING,29,-0.986645,RUNNING,29,-0.986645,RUNNING,29,-0.986645,RUNNING,-0.986645,Run1
1779,07/15/2026 22:46,29,-0.986645,RUNNING,29,-0.986645,RUNNING,29,-0.986645,RUNNING,29,-0.986645,RUNNING,29,-0.986645,RUNNING,-0.986645,Run1
1780,07/15/2026 22:47,29,-0.986645,RUNNING,29,-0.986645,RUNNING,29,-0.986645,RUNNING,29,-0.986645,RUNNING,29,-0.986645,RUNNING,-0.986645,Run1
1781,07/15/2026 22:48,29,-0.986645,RUNNING,29,-0.986645,RUNNING,29,-0.986645,RUNNING,29,-0.986645,RUNNING,29,-0.986645,RUNNING,-0.986645,Run1
1782,07/15/2026 22:49,29,-0.986645,RUNNING,29,-0.986645,RUNNING,29,-0.986645,RUNNING,29,-0.986645,RUNNING,29,-0.986645,RUNNING,-0.986645,Run1
1783,07/15/2026 22:50,29,-0.986645,RUNNING,29,-0.986645,RUNNING,29,-0.986645,RUNNING,29,-0.986645,RUNNING,29,-0.986645,RUNNING,-0.986645,Run1
1784,07/15/2026 22:51,29,-0.986645,RUNNING,29,-0.986645,RUNNING,29,-0.986645,RUNNING,29,-0.986645,RUNNING,29,-0.986645,RUNNING,-0.986645,Run1
1785,07/15/2026 22:52,29,-0.986645,RUNNING,29,-0.986645,RUNNING,29,-0.986645,RUNNING,29,-0.986645,RUNNING,29,-0.986645,RUNNING,-0.986645,Run1
1786,07/15/2026 22:53,29,-0.986645,RUNNING,29,-0.986645,RUNNING,29,-0.986645,RUNNING,29,-0.986645,RUNNING,29,-0.986645,RUNNING,-0.986645,Run1
1787,07/15/2026 22:54,29,-0.986645,RUNNING,29,-0.986645,RUNNING,29,-0.986645,RUNNING,29,-0.986645,RUNNING,29,-0.986645,RUNNING,-0.986645,Run1
1788,07/15/2026 22:55,29,-0.986645,RUNNING,29,-0.986645,RUNNING,29,-0.986645,RUNNING,29,-0.986645,RUNNING,29,-0.986645,RUNNING,-0.986645,Run1
1789,07/15/2026 22:57,29,-0.986645,RUNNING,29,-0.986645,RUNNING,29,-0.986645,RUNNING,29,-0.986645,RUNNING,29,-0.986645,RUNNING,-0.986645,Run1
1790,07/15/2026 22:58,29,-0.986645,RUNNING,29,-0.986645,RUNNING,29,-0.986645,RUNNING,29,-0.986645,RUNNING,29,-0.986645,RUNNING,-0.986645,Run1
1791,07/15/2026 22:59,29,-0.986645,RUNNING,29,-0.986645,RUNNING,29,-0.986645,RUNNING,29,-0.986645,RUNNING,29,-0.986645,RUNNING,-0.986645,Run1
1792,07/15/2026 23:00,29,-0.986645,RUNNING,29,-0.986645,RUNNING,29,-0.986645,RUNNING,29,-0.986645,RUNNING,29,-0.986645,RUNNING,-0.986645,Run1
1793,07/15/2026 23:01,29,-0.986645,RUNNING,29,-0.986645,RUNNING,29,-0.986645,RUNNING,29,-0.986645,RUNNING,29,-0.986645,RUNNING,-0.986645,Run1
1794,07/15/2026 23:02,29,-0.986645,RUNNING,29,-0.986645,RUNNING,29,-0.986645,RUNNING,29,-0.986645,RUNNING,29,-0.986645,RUNNING,-0.986645,Run1
1795,07/15/2026 23:03,29,-0.986645,RUNNING,29,-0.986645,RUNNING,29,-0.986645,RUNNING,29,-0.986645,RUNNING,29,-0.986645,RUNNING,-0.986645,Run1
1796,07/15/2026 23:04,29,-0.986645,RUNNING,29,-0.986645,RUNNING,29,-0.986645,RUNNING,29,-0.986645,RUNNING,29,-0.986645,RUNNING,-0.986645,Run1
1797,07/15/2026 23:05,29,-0.986645,RUNNING,29,-0.986645,RUNNING,29,-0.986645,RUNNING,29,-0.986645,RUNNING,29,-0.986645,RUNNING,-0.986645,Run1
1798,07/15/2026 23:06,29,-0.986645,RUNNING,29,-0.986645,RUNNING,29,-0.986645,RUNNING,29,-0.986645,RUNNING,29,-0.986645,RUNNING,-0.986645,Run1
1799,07/15/2026 23:07,29,-0.986645,RUNNING,29,-0.986645,RUNNING,29,-0.986645,RUNNING,29,-0.986645,RUNNING,29,-0.986645,RUNNING,-0.986645,Run1
1800,07/15/2026 23:08,29,-0.986645,RUNNING,29,-0.986645,RUNNING,29,-0.986645,RUNNING,29,-0.986645,RUNNING,29,-0.986645,RUNNING,-0.986645,Run1
1801,07/15/2026 23:09,29,-0.986645,RUNNING,29,-0.986645,RUNNING,29,-0.986645,RUNNING,29,-0.986645,RUNNING,29,-0.986645,RUNNING,-0.986645,Run1
1802,07/15/2026 23:10,29,-0.986645,RUNNING,29,-0.986645,RUNNING,29,-0.986645,RUNNING,29,-0.986645,RUNNING,29,-0.986645,RUNNING,-0.986645,Run1
1803,07/15/2026 23:11,29,-0.986645,RUNNING,29,-0.986645,RUNNING,29,-0.986645,RUNNING,29,-0.986645,RUNNING,29,-0.986645,RUNNING,-0.986645,Run1
1804,07/15/2026 23:19,29,-0.986645,RUNNING,29,-0.986645,RUNNING,29,-0.986645,RUNNING,29,-0.986645,RUNNING,29,-0.986645,RUNNING,-0.986645,Run1
1805,07/15/2026 23:21,29,-0.986645,RUNNING,29,-0.986645,RUNNING,29,-0.986645,RUNNING,29,-0.986645,RUNNING,29,-0.986645,RUNNING,-0.986645,Run1
1806,07/15/2026 23:26,29,-0.986645,RUNNING,29,-0.986645,RUNNING,29,-0.986645,RUNNING,29,-0.986645,RUNNING,29,-0.986645,RUNNING,-0.986645,Run1
1807,07/15/2026 23:33,29,-0.986645,RUNNING,29,-0.986645,RUNNING,29,-0.986645,RUNNING,29,-0.986645,RUNNING,29,-0.986645,RUNNING,-0.986645,Run1
1808,07/15/2026 23:34,29,-0.986645,RUNNING,29,-0.986645,RUNNING,29,-0.986645,RUNNING,29,-0.986645,RUNNING,29,-0.986645,RUNNING,-0.986645,Run1
1809,07/15/2026 23:40,29,-0.986645,RUNNING,29,-0.986645,RUNNING,29,-0.986645,RUNNING,29,-0.986645,RUNNING,29,-0.986645,RUNNING,-0.986645,Run1
1810,07/15/2026 23:47,29,-0.986645,RUNNING,29,-0.986645,RUNNING,29,-0.986645,RUNNING,29,-0.986645,RUNNING,29,-0.986645,RUNNING,-0.986645,Run1
1811,07/15/2026 23:48,29,-0.986645,RUNNING,29,-0.986645,RUNNING,29,-0.986645,RUNNING,29,-0.986645,RUNNING,29,-0.986645,RUNNING,-0.986645,Run1
1812,07/15/2026 23:55,29,-0.986645,RUNNING,29,-0.986645,RUNNING,29,-0.986645,RUNNING,29,-0.986645,RUNNING,29,-0.986645,RUNNING,-0.986645,Run1
1813,07/16/2026 00:00,29,-0.986645,RUNNING,29,-0.986645,RUNNING,29,-0.986645,RUNNING,29,-0.986645,RUNNING,29,-0.986645,RUNNING,-0.986645,Run1
1814,07/16/2026 00:09,29,-0.986645,RUNNING,29,-0.986645,RUNNING,29,-0.986645,RUNNING,29,-0.986645,RUNNING,29,-0.986645,RUNNING,-0.986645,Run1
1815,07/16/2026 00:10,29,-0.986645,RUNNING,29,-0.986645,RUNNING,29,-0.986645,RUNNING,29,-0.986645,RUNNING,29,-0.986645,RUNNING,-0.986645,Run1
1816,07/16/2026 00:13,29,-0.986645,RUNNING,29,-0.986645,RUNNING,29,-0.986645,RUNNING,29,-0.986645,RUNNING,29,-0.986645,RUNNING,-0.986645,Run1
1817,07/16/2026 00:17,29,-0.986645,RUNNING,29,-0.986645,RUNNING,29,-0.986645,RUNNING,29,-0.986645,RUNNING,29,-0.986645,RUNNING,-0.986645,Run1
1818,07/16/2026 00:25,29,-0.986645,RUNNING,29,-0.986645,RUNNING,29,-0.986645,RUNNING,29,-0.986645,RUNNING,29,-0.986645,RUNNING,-0.986645,Run1
1819,07/16/2026 00:26,29,-0.986645,RUNNING,29,-0.986645,RUNNING,29,-0.986645,RUNNING,29,-0.986645,RUNNING,29,-0.986645,RUNNING,-0.986645,Run1
1820,07/16/2026 00:30,29,-0.986645,RUNNING,29,-0.986645,RUNNING,29,-0.986645,RUNNING,29,-0.986645,RUNNING,29,-0.986645,RUNNING,-0.986645,Run1
1821,07/16/2026 00:31,29,-0.986645,RUNNING,29,-0.986645,RUNNING,29,-0.986645,RUNNING,29,-0.986645,RUNNING,29,-0.986645,RUNNING,-0.986645,Run1
1822,07/16/2026 00:32,29,-0.986645,RUNNING,29,-0.986645,RUNNING,29,-0.986645,RUNNING,29,-0.986645,RUNNING,29,-0.986645,RUNNING,-0.986645,Run1
1823,07/16/2026 00:33,29,-0.986645,RUNNING,29,-0.986645,RUNNING,29,-0.986645,RUNNING,29,-0.986645,RUNNING,29,-0.986645,RUNNING,-0.986645,Run1
1824,07/16/2026 00:34,29,-0.986645,RUNNING,29,-0.986645,RUNNING,29,-0.986645,RUNNING,29,-0.986645,RUNNING,29,-0.986645,RUNNING,-0.986645,Run1
1825,07/16/2026 00:36,29,-0.986645,RUNNING,29,-0.986645,RUNNING,29,-0.986645,RUNNING,29,-0.986645,RUNNING,29,-0.986645,RUNNING,-0.986645,Run1
1826,07/16/2026 00:37,29,-0.986645,RUNNING,29,-0.986645,RUNNING,29,-0.986645,RUNNING,29,-0.986645,RUNNING,29,-0.986645,RUNNING,-0.986645,Run1
1827,07/16/2026 00:38,29,-0.986645,RUNNING,29,-0.986645,RUNNING,29,-0.986645,RUNNING,29,-0.986645,RUNNING,29,-0.986645,RUNNING,-0.986645,Run1
1828,07/16/2026 00:39,29,-0.986645,RUNNING,29,-0.986645,RUNNING,29,-0.986645,RUNNING,29,-0.986645,RUNNING,29,-0.986645,RUNNING,-0.986645,Run1
1829,07/16/2026 00:43,29,-0.986645,RUNNING,29,-0.986645,RUNNING,29,-0.986645,RUNNING,29,-0.986645,RUNNING,29,-0.986645,RUNNING,-0.986645,Run1
1830,07/16/2026 00:47,29,-0.986645,RUNNING,29,-0.986645,RUNNING,29,-0.986645,RUNNING,29,-0.986645,RUNNING,29,-0.986645,RUNNING,-0.986645,Run1
1831,07/16/2026 00:54,29,-0.986645,RUNNING,29,-0.986645,RUNNING,29,-0.986645,RUNNING,29,-0.986645,RUNNING,29,-0.986645,RUNNING,-0.986645,Run1
1832,07/16/2026 00:55,29,-0.986645,RUNNING,29,-0.986645,RUNNING,29,-0.986645,RUNNING,29,-0.986645,RUNNING,29,-0.986645,RUNNING,-0.986645,Run1
1833,07/16/2026 01:01,29,-0.986645,RUNNING,29,-0.986645,RUNNING,29,-0.986645,RUNNING,29,-0.986645,RUNNING,29,-0.986645,RUNNING,-0.986645,Run1
1834,07/16/2026 01:02,29,-0.986645,RUNNING,29,-0.986645,RUNNING,29,-0.986645,RUNNING,29,-0.986645,RUNNING,29,-0.986645,RUNNING,-0.986645,Run1
1835,07/16/2026 01:08,29,-0.986645,RUNNING,29,-0.986645,RUNNING,29,-0.986645,RUNNING,29,-0.986645,RUNNING,29,-0.986645,RUNNING,-0.986645,Run1
1836,07/16/2026 01:11,29,-0.986645,RUNNING,29,-0.986645,RUNNING,29,-0.986645,RUNNING,29,-0.986645,RUNNING,29,-0.986645,RUNNING,-0.986645,Run1
1837,07/16/2026 01:12,29,-0.986645,RUNNING,29,-0.986645,RUNNING,29,-0.986645,RUNNING,29,-0.986645,RUNNING,29,-0.986645,RUNNING,-0.986645,Run1
1838,07/16/2026 01:13,29,-0.986645,RUNNING,29,-0.986645,RUNNING,29,-0.986645,RUNNING,29,-0.986645,RUNNING,29,-0.986645,RUNNING,-0.986645,Run1
1839,07/16/2026 01:14,29,-0.986645,RUNNING,29,-0.986645,RUNNING,29,-0.986645,RUNNING,29,-0.986645,RUNNING,29,-0.986645,RUNNING,-0.986645,Run1
1840,07/16/2026 01:15,29,-0.986645,RUNNING,29,-0.986645,RUNNING,29,-0.986645,RUNNING,29,-0.986645,RUNNING,29,-0.986645,RUNNING,-0.986645,Run1
1841,07/16/2026 01:16,29,-0.986645,RUNNING,29,-0.986645,RUNNING,29,-0.986645,RUNNING,29,-0.986645,RUNNING,29,-0.986645,RUNNING,-0.986645,Run1
1842,07/16/2026 01:17,29,-0.986645,RUNNING,29,-0.986645,RUNNING,29,-0.986645,RUNNING,29,-0.986645,RUNNING,29,-0.986645,RUNNING,-0.986645,Run1
1843,07/16/2026 01:19,29,-0.986645,RUNNING,29,-0.986645,RUNNING,29,-0.986645,RUNNING,29,-0.986645,RUNNING,29,-0.986645,RUNNING,-0.986645,Run1
1844,07/16/2026 01:20,29,-0.986645,RUNNING,29,-0.986645,RUNNING,29,-0.986645,RUNNING,29,-0.986645,RUNNING,29,-0.986645,RUNNING,-0.986645,Run1
1845,07/16/2026 01:21,29,-0.986645,RUNNING,29,-0.986645,RUNNING,29,-0.986645,RUNNING,29,-0.986645,RUNNING,29,-0.986645,RUNNING,-0.986645,Run1
1846,07/16/2026 01:23,29,-0.986645,RUNNING,29,-0.986645,RUNNING,29,-0.986645,RUNNING,29,-0.986645,RUNNING,29,-0.986645,RUNNING,-0.986645,Run1
1847,07/16/2026 01:26,29,-0.986645,RUNNING,29,-0.986645,RUNNING,29,-0.986645,RUNNING,29,-0.986645,RUNNING,29,-0.986645,RUNNING,-0.986645,Run1
1848,07/16/2026 01:30,29,-0.986645,RUNNING,29,-0.986645,RUNNING,29,-0.986645,RUNNING,29,-0.986645,RUNNING,29,-0.986645,RUNNING,-0.986645,Run1
1849,07/16/2026 01:33,29,-0.986645,RUNNING,29,-0.986645,RUNNING,29,-0.986645,RUNNING,29,-0.986645,RUNNING,29,-0.986645,RUNNING,-0.986645,Run1
1850,07/16/2026 01:38,29,-0.986645,RUNNING,29,-0.986645,RUNNING,29,-0.986645,RUNNING,29,-0.986645,RUNNING,29,-0.986645,RUNNING,-0.986645,Run1
1851,07/16/2026 01:44,29,-0.986645,RUNNING,29,-0.986645,RUNNING,29,-0.986645,RUNNING,29,-0.986645,RUNNING,29,-0.986645,RUNNING,-0.986645,Run1
1852,07/16/2026 01:45,29,-0.986645,RUNNING,29,-0.986645,RUNNING,29,-0.986645,RUNNING,29,-0.986645,RUNNING,29,-0.986645,RUNNING,-0.986645,Run1
1853,07/16/2026 01:46,29,-0.986645,RUNNING,29,-0.986645,RUNNING,29,-0.986645,RUNNING,29,-0.986645,RUNNING,29,-0.986645,RUNNING,-0.986645,Run1
1854,07/16/2026 01:52,29,-0.986645,RUNNING,29,-0.986645,RUNNING,29,-0.986645,RUNNING,29,-0.986645,RUNNING,29,-0.986645,RUNNING,-0.986645,Run1
1855,07/16/2026 01:58,29,-0.986645,RUNNING,29,-0.986645,RUNNING,29,-0.986645,RUNNING,29,-0.986645,RUNNING,29,-0.986645,RUNNING,-0.986645,Run1
1856,07/16/2026 01:59,29,-0.986645,RUNNING,29,-0.986645,RUNNING,29,-0.986645,RUNNING,29,-0.986645,RUNNING,29,-0.986645,RUNNING,-0.986645,Run1
1857,07/16/2026 02:08,29,-0.986645,RUNNING,29,-0.986645,RUNNING,29,-0.986645,RUNNING,29,-0.986645,RUNNING,29,-0.986645,RUNNING,-0.986645,Run1
1858,07/16/2026 02:12,29,-0.986645,RUNNING,29,-0.986645,RUNNING,29,-0.986645,RUNNING,29,-0.986645,RUNNING,29,-0.986645,RUNNING,-0.986645,Run1
1859,07/16/2026 02:13,29,-0.986645,RUNNING,29,-0.986645,RUNNING,29,-0.986645,RUNNING,29,-0.986645,RUNNING,29,-0.986645,RUNNING,-0.986645,Run1
1860,07/16/2026 02:14,29,-0.986645,RUNNING,29,-0.986645,RUNNING,29,-0.986645,RUNNING,29,-0.986645,RUNNING,29,-0.986645,RUNNING,-0.986645,Run1
1861,07/16/2026 02:15,29,-0.986645,RUNNING,29,-0.986645,RUNNING,29,-0.986645,RUNNING,29,-0.986645,RUNNING,29,-0.986645,RUNNING,-0.986645,Run1
1862,07/16/2026 02:16,29,-0.986645,RUNNING,29,-0.986645,RUNNING,29,-0.986645,RUNNING,29,-0.986645,RUNNING,29,-0.986645,RUNNING,-0.986645,Run1
1863,07/16/2026 02:17,29,-0.986645,RUNNING,29,-0.986645,RUNNING,29,-0.986645,RUNNING,29,-0.986645,RUNNING,29,-0.986645,RUNNING,-0.986645,Run1
1864,07/16/2026 02:19,29,-0.986645,RUNNING,29,-0.986645,RUNNING,29,-0.986645,RUNNING,29,-0.986645,RUNNING,29,-0.986645,RUNNING,-0.986645,Run1
1865,07/16/2026 02:20,29,-0.986645,RUNNING,29,-0.986645,RUNNING,29,-0.986645,RUNNING,29,-0.986645,RUNNING,29,-0.986645,RUNNING,-0.986645,Run1
1866,07/16/2026 02:21,29,-0.986645,RUNNING,29,-0.986645,RUNNING,29,-0.986645,RUNNING,29,-0.986645,RUNNING,29,-0.986645,RUNNING,-0.986645,Run1
1867,07/16/2026 02:22,29,-0.986645,RUNNING,29,-0.986645,RUNNING,29,-0.986645,RUNNING,29,-0.986645,RUNNING,29,-0.986645,RUNNING,-0.986645,Run1
1868,07/16/2026 02:23,29,-0.986645,RUNNING,29,-0.986645,RUNNING,29,-0.986645,RUNNING,29,-0.986645,RUNNING,29,-0.986645,RUNNING,-0.986645,Run1
1869,07/16/2026 02:25,29,-0.986645,RUNNING,29,-0.986645,RUNNING,29,-0.986645,RUNNING,29,-0.986645,RUNNING,29,-0.986645,RUNNING,-0.986645,Run1
1870,07/16/2026 02:27,29,-0.986645,RUNNING,29,-0.986645,RUNNING,29,-0.986645,RUNNING,29,-0.986645,RUNNING,29,-0.986645,RUNNING,-0.986645,Run1
1871,07/16/2026 02:28,29,-0.986645,RUNNING,29,-0.986645,RUNNING,29,-0.986645,RUNNING,29,-0.986645,RUNNING,29,-0.986645,RUNNING,-0.986645,Run1
1872,07/16/2026 02:29,29,-0.986645,RUNNING,29,-0.986645,RUNNING,29,-0.986645,RUNNING,29,-0.986645,RUNNING,29,-0.986645,RUNNING,-0.986645,Run1
1873,07/16/2026 02:31,29,-0.986645,RUNNING,29,-0.986645,RUNNING,29,-0.986645,RUNNING,29,-0.986645,RUNNING,29,-0.986645,RUNNING,-0.986645,Run1
1874,07/16/2026 02:36,29,-0.986645,RUNNING,29,-0.986645,RUNNING,29,-0.986645,RUNNING,29,-0.986645,RUNNING,29,-0.986645,RUNNING,-0.986645,Run1
1875,07/16/2026 02:42,29,-0.986645,RUNNING,29,-0.986645,RUNNING,29,-0.986645,RUNNING,29,-0.986645,RUNNING,29,-0.986645,RUNNING,-0.986645,Run1
1876,07/16/2026 02:44,29,-0.986645,RUNNING,29,-0.986645,RUNNING,29,-0.986645,RUNNING,29,-0.986645,RUNNING,29,-0.986645,RUNNING,-0.986645,Run1
1877,07/16/2026 02:45,29,-0.986645,RUNNING,29,-0.986645,RUNNING,29,-0.986645,RUNNING,29,-0.986645,RUNNING,29,-0.986645,RUNNING,-0.986645,Run1
1878,07/16/2026 02:52,29,-0.986645,RUNNING,29,-0.986645,RUNNING,29,-0.986645,RUNNING,29,-0.986645,RUNNING,29,-0.986645,RUNNING,-0.986645,Run1
1879,07/16/2026 02:59,29,-0.986645,RUNNING,29,-0.986645,RUNNING,29,-0.986645,RUNNING,29,-0.986645,RUNNING,29,-0.986645,RUNNING,-0.986645,Run1
1880,07/16/2026 03:03,29,-0.986645,RUNNING,29,-0.986645,RUNNING,29,-0.986645,RUNNING,29,-0.986645,RUNNING,29,-0.986645,RUNNING,-0.986645,Run1
1881,07/16/2026 03:06,29,-0.986645,RUNNING,29,-0.986645,RUNNING,29,-0.986645,RUNNING,29,-0.986645,RUNNING,29,-0.986645,RUNNING,-0.986645,Run1
1882,07/16/2026 03:12,29,-0.986645,RUNNING,29,-0.986645,RUNNING,29,-0.986645,RUNNING,29,-0.986645,RUNNING,29,-0.986645,RUNNING,-0.986645,Run1
1883,07/16/2026 03:13,29,-0.986645,RUNNING,29,-0.986645,RUNNING,29,-0.986645,RUNNING,29,-0.986645,RUNNING,29,-0.986645,RUNNING,-0.986645,Run1
1884,07/16/2026 03:21,29,-0.986645,RUNNING,29,-0.986645,RUNNING,29,-0.986645,RUNNING,29,-0.986645,RUNNING,29,-0.986645,RUNNING,-0.986645,Run1
1885,07/16/2026 03:24,29,-0.986645,RUNNING,29,-0.986645,RUNNING,29,-0.986645,RUNNING,29,-0.986645,RUNNING,29,-0.986645,RUNNING,-0.986645,Run1
1886,07/16/2026 03:29,29,-0.986645,RUNNING,29,-0.986645,RUNNING,29,-0.986645,RUNNING,29,-0.986645,RUNNING,29,-0.986645,RUNNING,-0.986645,Run1
1887,07/16/2026 03:35,29,-0.986645,RUNNING,29,-0.986645,RUNNING,29,-0.986645,RUNNING,29,-0.986645,RUNNING,29,-0.986645,RUNNING,-0.986645,Run1
1888,07/16/2026 03:37,29,-0.986645,RUNNING,29,-0.986645,RUNNING,29,-0.986645,RUNNING,29,-0.986645,RUNNING,29,-0.986645,RUNNING,-0.986645,Run1
1889,07/16/2026 03:42,29,-0.986645,RUNNING,29,-0.986645,RUNNING,29,-0.986645,RUNNING,29,-0.986645,RUNNING,29,-0.986645,RUNNING,-0.986645,Run1
1890,07/16/2026 03:49,29,-0.986645,RUNNING,29,-0.986645,RUNNING,29,-0.986645,RUNNING,29,-0.986645,RUNNING,29,-0.986645,RUNNING,-0.986645,Run1
1891,07/16/2026 03:50,29,-0.986645,RUNNING,29,-0.986645,RUNNING,29,-0.986645,RUNNING,29,-0.986645,RUNNING,29,-0.986645,RUNNING,-0.986645,Run1
1892,07/16/2026 03:56,29,-0.986645,RUNNING,29,-0.986645,RUNNING,29,-0.986645,RUNNING,29,-0.986645,RUNNING,29,-0.986645,RUNNING,-0.986645,Run1
1893,07/16/2026 03:57,29,-0.986645,RUNNING,29,-0.986645,RUNNING,29,-0.986645,RUNNING,29,-0.986645,RUNNING,29,-0.986645,RUNNING,-0.986645,Run1
1894,07/16/2026 03:59,29,-0.986645,RUNNING,29,-0.986645,RUNNING,29,-0.986645,RUNNING,29,-0.986645,RUNNING,29,-0.986645,RUNNING,-0.986645,Run1
1895,07/16/2026 04:00,29,-0.986645,RUNNING,29,-0.986645,RUNNING,29,-0.986645,RUNNING,29,-0.986645,RUNNING,29,-0.986645,RUNNING,-0.986645,Run1
1896,07/16/2026 04:01,29,-0.986645,RUNNING,29,-0.986645,RUNNING,29,-0.986645,RUNNING,29,-0.986645,RUNNING,29,-0.986645,RUNNING,-0.986645,Run1
1897,07/16/2026 04:02,29,-0.986645,RUNNING,29,-0.986645,RUNNING,29,-0.986645,RUNNING,29,-0.986645,RUNNING,29,-0.986645,RUNNING,-0.986645,Run1
1898,07/16/2026 04:03,29,-0.986645,RUNNING,29,-0.986645,RUNNING,29,-0.986645,RUNNING,29,-0.986645,RUNNING,29,-0.986645,RUNNING,-0.986645,Run1
1899,07/16/2026 04:04,29,-0.986645,RUNNING,29,-0.986645,RUNNING,29,-0.986645,RUNNING,29,-0.986645,RUNNING,29,-0.986645,RUNNING,-0.986645,Run1
1900,07/16/2026 04:05,29,-0.986645,RUNNING,29,-0.986645,RUNNING,29,-0.986645,RUNNING,29,-0.986645,RUNNING,29,-0.986645,RUNNING,-0.986645,Run1
1901,07/16/2026 04:06,29,-0.986645,RUNNING,29,-0.986645,RUNNING,29,-0.986645,RUNNING,29,-0.986645,RUNNING,29,-0.986645,RUNNING,-0.986645,Run1
1902,07/16/2026 04:08,29,-0.986645,RUNNING,29,-0.986645,RUNNING,29,-0.986645,RUNNING,29,-0.986645,RUNNING,29,-0.986645,RUNNING,-0.986645,Run1
1903,07/16/2026 04:09,29,-0.986645,RUNNING,29,-0.986645,RUNNING,29,-0.986645,RUNNING,29,-0.986645,RUNNING,29,-0.986645,RUNNING,-0.986645,Run1
1904,07/16/2026 04:10,29,-0.986645,RUNNING,29,-0.986645,RUNNING,29,-0.986645,RUNNING,29,-0.986645,RUNNING,29,-0.986645,RUNNING,-0.986645,Run1
1905,07/16/2026 04:11,29,-0.986645,RUNNING,29,-0.986645,RUNNING,29,-0.986645,RUNNING,29,-0.986645,RUNNING,29,-0.986645,RUNNING,-0.986645,Run1
1906,07/16/2026 04:13,29,-0.986645,RUNNING,29,-0.986645,RUNNING,29,-0.986645,RUNNING,29,-0.986645,RUNNING,29,-0.986645,RUNNING,-0.986645,Run1
1907,07/16/2026 04:16,29,-0.986645,RUNNING,29,-0.986645,RUNNING,29,-0.986645,RUNNING,29,-0.986645,RUNNING,29,-0.986645,RUNNING,-0.986645,Run1
1908,07/16/2026 04:18,29,-0.986645,RUNNING,29,-0.986645,RUNNING,29,-0.986645,RUNNING,29,-0.986645,RUNNING,29,-0.986645,RUNNING,-0.986645,Run1
1909,07/16/2026 04:19,29,-0.986645,RUNNING,29,-0.986645,RUNNING,29,-0.986645,RUNNING,29,-0.986645,RUNNING,29,-0.986645,RUNNING,-0.986645,Run1
1910,07/16/2026 04:27,29,-0.986645,RUNNING,29,-0.986645,RUNNING,29,-0.986645,RUNNING,29,-0.986645,RUNNING,29,-0.986645,RUNNING,-0.986645,Run1
1911,07/16/2026 04:29,29,-0.986645,RUNNING,29,-0.986645,RUNNING,29,-0.986645,RUNNING,29,-0.986645,RUNNING,29,-0.986645,RUNNING,-0.986645,Run1
1912,07/16/2026 04:34,29,-0.986645,RUNNING,29,-0.986645,RUNNING,29,-0.986645,RUNNING,29,-0.986645,RUNNING,29,-0.986645,RUNNING,-0.986645,Run1
1913,07/16/2026 04:41,29,-0.986645,RUNNING,29,-0.986645,RUNNING,29,-0.986645,RUNNING,29,-0.986645,RUNNING,29,-0.986645,RUNNING,-0.986645,Run1
1914,07/16/2026 04:49,29,-0.986645,RUNNING,29,-0.986645,RUNNING,29,-0.986645,RUNNING,29,-0.986645,RUNNING,29,-0.986645,RUNNING,-0.986645,Run1
1915,07/16/2026 04:55,29,-0.986645,RUNNING,29,-0.986645,RUNNING,29,-0.986645,RUNNING,29,-0.986645,RUNNING,29,-0.986645,RUNNING,-0.986645,Run1
1916,07/16/2026 05:00,29,-0.986645,RUNNING,29,-0.986645,RUNNING,29,-0.986645,RUNNING,29,-0.986645,RUNNING,29,-0.986645,RUNNING,-0.986645,Run1
1917,07/16/2026 05:01,29,-0.986645,RUNNING,29,-0.986645,RUNNING,29,-0.986645,RUNNING,29,-0.986645,RUNNING,29,-0.986645,RUNNING,-0.986645,Run1
1918,07/16/2026 05:02,29,-0.986645,RUNNING,29,-0.986645,RUNNING,29,-0.986645,RUNNING,29,-0.986645,RUNNING,29,-0.986645,RUNNING,-0.986645,Run1
1919,07/16/2026 05:07,29,-0.986645,RUNNING,29,-0.986645,RUNNING,29,-0.986645,RUNNING,29,-0.986645,RUNNING,29,-0.986645,RUNNING,-0.986645,Run1
1920,07/16/2026 05:10,29,-0.986645,RUNNING,29,-0.986645,RUNNING,29,-0.986645,RUNNING,29,-0.986645,RUNNING,29,-0.986645,RUNNING,-0.986645,Run1
1921,07/16/2026 05:18,29,-0.986645,RUNNING,29,-0.986645,RUNNING,29,-0.986645,RUNNING,29,-0.986645,RUNNING,29,-0.986645,RUNNING,-0.986645,Run1
1922,07/16/2026 05:19,29,-0.986645,RUNNING,29,-0.986645,RUNNING,29,-0.986645,RUNNING,29,-0.986645,RUNNING,29,-0.986645,RUNNING,-0.986645,Run1
1923,07/16/2026 05:20,29,-0.986645,RUNNING,29,-0.986645,RUNNING,29,-0.986645,RUNNING,29,-0.986645,RUNNING,29,-0.986645,RUNNING,-0.986645,Run1
1924,07/16/2026 05:22,29,-0.986645,RUNNING,29,-0.986645,RUNNING,29,-0.986645,RUNNING,29,-0.986645,RUNNING,29,-0.986645,RUNNING,-0.986645,Run1
1925,07/16/2026 05:25,29,-0.986645,RUNNING,29,-0.986645,RUNNING,29,-0.986645,RUNNING,29,-0.986645,RUNNING,29,-0.986645,RUNNING,-0.986645,Run1
1926,07/16/2026 05:27,29,-0.986645,RUNNING,29,-0.986645,RUNNING,29,-0.986645,RUNNING,29,-0.986645,RUNNING,29,-0.986645,RUNNING,-0.986645,Run1
1927,07/16/2026 05:32,29,-0.986645,RUNNING,29,-0.986645,RUNNING,29,-0.986645,RUNNING,29,-0.986645,RUNNING,29,-0.986645,RUNNING,-0.986645,Run1
1928,07/16/2026 05:39,29,-0.986645,RUNNING,29,-0.986645,RUNNING,29,-0.986645,RUNNING,29,-0.986645,RUNNING,29,-0.986645,RUNNING,-0.986645,Run1
1929,07/16/2026 05:40,29,-0.986645,RUNNING,29,-0.986645,RUNNING,29,-0.986645,RUNNING,29,-0.986645,RUNNING,29,-0.986645,RUNNING,-0.986645,Run1
1930,07/16/2026 05:45,29,-0.986645,RUNNING,29,-0.986645,RUNNING,29,-0.986645,RUNNING,29,-0.986645,RUNNING,29,-0.986645,RUNNING,-0.986645,Run1
1931,07/16/2026 05:47,29,-0.986645,RUNNING,29,-0.986645,RUNNING,29,-0.986645,RUNNING,29,-0.986645,RUNNING,29,-0.986645,RUNNING,-0.986645,Run1
1932,07/16/2026 05:55,29,-0.986645,RUNNING,29,-0.986645,RUNNING,29,-0.986645,RUNNING,29,-0.986645,RUNNING,29,-0.986645,RUNNING,-0.986645,Run1
1933,07/16/2026 05:57,29,-0.986645,RUNNING,29,-0.986645,RUNNING,29,-0.986645,RUNNING,29,-0.986645,RUNNING,29,-0.986645,RUNNING,-0.986645,Run1
1934,07/16/2026 06:01,29,-0.986645,RUNNING,29,-0.986645,RUNNING,29,-0.986645,RUNNING,29,-0.986645,RUNNING,29,-0.986645,RUNNING,-0.986645,Run1
1935,07/16/2026 06:03,29,-0.986645,RUNNING,29,-0.986645,RUNNING,29,-0.986645,RUNNING,29,-0.986645,RUNNING,29,-0.986645,RUNNING,-0.986645,Run1
1936,07/16/2026 06:10,29,-0.986645,RUNNING,29,-0.986645,RUNNING,29,-0.986645,RUNNING,29,-0.986645,RUNNING,29,-0.986645,RUNNING,-0.986645,Run1
1937,07/16/2026 06:11,29,-0.986645,RUNNING,29,-0.986645,RUNNING,29,-0.986645,RUNNING,29,-0.986645,RUNNING,29,-0.986645,RUNNING,-0.986645,Run1
1938,07/16/2026 06:16,29,-0.986645,RUNNING,29,-0.986645,RUNNING,29,-0.986645,RUNNING,29,-0.986645,RUNNING,29,-0.986645,RUNNING,-0.986645,Run1
1939,07/16/2026 06:21,29,-0.986645,RUNNING,29,-0.986645,RUNNING,29,-0.986645,RUNNING,29,-0.986645,RUNNING,29,-0.986645,RUNNING,-0.986645,Run1
1940,07/16/2026 06:22,29,-0.986645,RUNNING,29,-0.986645,RUNNING,29,-0.986645,RUNNING,29,-0.986645,RUNNING,29,-0.986645,RUNNING,-0.986645,Run1
1941,07/16/2026 06:23,29,-0.986645,RUNNING,29,-0.986645,RUNNING,29,-0.986645,RUNNING,29,-0.986645,RUNNING,29,-0.986645,RUNNING,-0.986645,Run1
1942,07/16/2026 06:24,29,-0.986645,RUNNING,29,-0.986645,RUNNING,29,-0.986645,RUNNING,29,-0.986645,RUNNING,29,-0.986645,RUNNING,-0.986645,Run1
1943,07/16/2026 06:32,29,-0.986645,RUNNING,29,-0.986645,RUNNING,29,-0.986645,RUNNING,29,-0.986645,RUNNING,29,-0.986645,RUNNING,-0.986645,Run1
1944,07/16/2026 06:35,29,-0.986645,RUNNING,29,-0.986645,RUNNING,29,-0.986645,RUNNING,29,-0.986645,RUNNING,29,-0.986645,RUNNING,-0.986645,Run1
1945,07/16/2026 06:38,29,-0.986645,RUNNING,29,-0.986645,RUNNING,29,-0.986645,RUNNING,29,-0.986645,RUNNING,29,-0.986645,RUNNING,-0.986645,Run1
1946,07/16/2026 06:45,29,-0.986645,RUNNING,29,-0.986645,RUNNING,29,-0.986645,RUNNING,29,-0.986645,RUNNING,29,-0.986645,RUNNING,-0.986645,Run1
1947,07/16/2026 06:46,29,-0.986645,RUNNING,29,-0.986645,RUNNING,29,-0.986645,RUNNING,29,-0.986645,RUNNING,29,-0.986645,RUNNING,-0.986645,Run1
1948,07/16/2026 06:48,29,-0.986645,RUNNING,29,-0.986645,RUNNING,29,-0.986645,RUNNING,29,-0.986645,RUNNING,29,-0.986645,RUNNING,-0.986645,Run1
1949,07/16/2026 06:53,29,-0.986645,RUNNING,29,-0.986645,RUNNING,29,-0.986645,RUNNING,29,-0.986645,RUNNING,29,-0.986645,RUNNING,-0.986645,Run1
1950,07/16/2026 06:58,29,-0.986645,RUNNING,29,-0.986645,RUNNING,29,-0.986645,RUNNING,29,-0.986645,RUNNING,29,-0.986645,RUNNING,-0.986645,Run1
1951,07/16/2026 07:00,29,-0.986645,RUNNING,29,-0.986645,RUNNING,29,-0.986645,RUNNING,29,-0.986645,RUNNING,29,-0.986645,RUNNING,-0.986645,Run1
1952,07/16/2026 07:01,29,-0.986645,RUNNING,29,-0.986645,RUNNING,29,-0.986645,RUNNING,29,-0.986645,RUNNING,29,-0.986645,RUNNING,-0.986645,Run1
1953,07/16/2026 07:02,29,-0.986645,RUNNING,29,-0.986645,RUNNING,29,-0.986645,RUNNING,29,-0.986645,RUNNING,29,-0.986645,RUNNING,-0.986645,Run1
1954,07/16/2026 07:03,29,-0.986645,RUNNING,29,-0.986645,RUNNING,29,-0.986645,RUNNING,29,-0.986645,RUNNING,29,-0.986645,RUNNING,-0.986645,Run1
1955,07/16/2026 07:04,29,-0.986645,RUNNING,29,-0.986645,RUNNING,29,-0.986645,RUNNING,29,-0.986645,RUNNING,29,-0.986645,RUNNING,-0.986645,Run1
1956,07/16/2026 07:05,29,-0.986645,RUNNING,29,-0.986645,RUNNING,29,-0.986645,RUNNING,29,-0.986645,RUNNING,29,-0.986645,RUNNING,-0.986645,Run1
1957,07/16/2026 07:06,29,-0.986645,RUNNING,29,-0.986645,RUNNING,29,-0.986645,RUNNING,29,-0.986645,RUNNING,29,-0.986645,RUNNING,-0.986645,Run1
1958,07/16/2026 07:07,29,-0.986645,RUNNING,29,-0.986645,RUNNING,29,-0.986645,RUNNING,29,-0.986645,RUNNING,29,-0.986645,RUNNING,-0.986645,Run1
1959,07/16/2026 07:08,29,-0.986645,RUNNING,29,-0.986645,RUNNING,29,-0.986645,RUNNING,29,-0.986645,RUNNING,29,-0.986645,RUNNING,-0.986645,Run1
1960,07/16/2026 07:09,29,-0.986645,RUNNING,29,-0.986645,RUNNING,29,-0.986645,RUNNING,29,-0.986645,RUNNING,29,-0.986645,RUNNING,-0.986645,Run1
1961,07/16/2026 07:10,29,-0.986645,RUNNING,29,-0.986645,RUNNING,29,-0.986645,RUNNING,29,-0.986645,RUNNING,29,-0.986645,RUNNING,-0.986645,Run1
1962,07/16/2026 07:11,29,-0.986645,RUNNING,29,-0.986645,RUNNING,29,-0.986645,RUNNING,29,-0.986645,RUNNING,29,-0.986645,RUNNING,-0.986645,Run1
1963,07/16/2026 07:12,29,-0.986645,RUNNING,29,-0.986645,RUNNING,29,-0.986645,RUNNING,29,-0.986645,RUNNING,29,-0.986645,RUNNING,-0.986645,Run1
1964,07/16/2026 07:14,29,-0.986645,RUNNING,29,-0.986645,RUNNING,29,-0.986645,RUNNING,29,-0.986645,RUNNING,29,-0.986645,RUNNING,-0.986645,Run1
1965,07/16/2026 07:15,29,-0.986645,RUNNING,29,-0.986645,RUNNING,29,-0.986645,RUNNING,29,-0.986645,RUNNING,29,-0.986645,RUNNING,-0.986645,Run1
1966,07/16/2026 07:16,29,-0.986645,RUNNING,29,-0.986645,RUNNING,29,-0.986645,RUNNING,29,-0.986645,RUNNING,29,-0.986645,RUNNING,-0.986645,Run1
1967,07/16/2026 07:17,29,-0.986645,RUNNING,29,-0.986645,RUNNING,29,-0.986645,RUNNING,29,-0.986645,RUNNING,29,-0.986645,RUNNING,-0.986645,Run1
1968,07/16/2026 07:18,29,-0.986645,RUNNING,29,-0.986645,RUNNING,29,-0.986645,RUNNING,29,-0.986645,RUNNING,29,-0.986645,RUNNING,-0.986645,Run1
1969,07/16/2026 07:19,29,-0.986645,RUNNING,29,-0.986645,RUNNING,29,-0.986645,RUNNING,29,-0.986645,RUNNING,29,-0.986645,RUNNING,-0.986645,Run1
1970,07/16/2026 07:20,29,-0.986645,RUNNING,29,-0.986645,RUNNING,29,-0.986645,RUNNING,29,-0.986645,RUNNING,29,-0.986645,RUNNING,-0.986645,Run1
1971,07/16/2026 07:21,29,-0.986645,RUNNING,29,-0.986645,RUNNING,29,-0.986645,RUNNING,29,-0.986645,RUNNING,29,-0.986645,RUNNING,-0.986645,Run1
1972,07/16/2026 07:22,29,-0.986645,RUNNING,29,-0.986645,RUNNING,29,-0.986645,RUNNING,29,-0.986645,RUNNING,29,-0.986645,RUNNING,-0.986645,Run1
1973,07/16/2026 07:23,29,-0.986645,RUNNING,29,-0.986645,RUNNING,29,-0.986645,RUNNING,29,-0.986645,RUNNING,29,-0.986645,RUNNING,-0.986645,Run1
1974,07/16/2026 07:24,29,-0.986645,RUNNING,29,-0.986645,RUNNING,29,-0.986645,RUNNING,29,-0.986645,RUNNING,29,-0.986645,RUNNING,-0.986645,Run1
1975,07/16/2026 07:25,29,-0.986645,RUNNING,29,-0.986645,RUNNING,29,-0.986645,RUNNING,29,-0.986645,RUNNING,29,-0.986645,RUNNING,-0.986645,Run1
1976,07/16/2026 07:26,29,-0.986645,RUNNING,29,-0.986645,RUNNING,29,-0.986645,RUNNING,29,-0.986645,RUNNING,29,-0.986645,RUNNING,-0.986645,Run1
1977,07/16/2026 07:27,29,-0.986645,RUNNING,29,-0.986645,RUNNING,29,-0.986645,RUNNING,29,-0.986645,RUNNING,29,-0.986645,RUNNING,-0.986645,Run1
1978,07/16/2026 07:28,29,-0.986645,RUNNING,29,-0.986645,RUNNING,29,-0.986645,RUNNING,29,-0.986645,RUNNING,29,-0.986645,RUNNING,-0.986645,Run1
1979,07/16/2026 07:29,29,-0.986645,RUNNING,29,-0.986645,RUNNING,29,-0.986645,RUNNING,29,-0.986645,RUNNING,29,-0.986645,RUNNING,-0.986645,Run1
1980,07/16/2026 07:30,29,-0.986645,RUNNING,29,-0.986645,RUNNING,29,-0.986645,RUNNING,29,-0.986645,RUNNING,29,-0.986645,RUNNING,-0.986645,Run1
1981,07/16/2026 07:31,29,-0.986645,RUNNING,29,-0.986645,RUNNING,29,-0.986645,RUNNING,29,-0.986645,RUNNING,29,-0.986645,RUNNING,-0.986645,Run1
1982,07/16/2026 07:32,29,-0.986645,RUNNING,29,-0.986645,RUNNING,29,-0.986645,RUNNING,29,-0.986645,RUNNING,29,-0.986645,RUNNING,-0.986645,Run1
1983,07/16/2026 07:33,29,-0.986645,RUNNING,29,-0.986645,RUNNING,29,-0.986645,RUNNING,29,-0.986645,RUNNING,29,-0.986645,RUNNING,-0.986645,Run1
1984,07/16/2026 07:34,29,-0.986645,RUNNING,29,-0.986645,RUNNING,29,-0.986645,RUNNING,29,-0.986645,RUNNING,29,-0.986645,RUNNING,-0.986645,Run1
1985,07/16/2026 07:35,29,-0.986645,RUNNING,29,-0.986645,RUNNING,29,-0.986645,RUNNING,29,-0.986645,RUNNING,29,-0.986645,RUNNING,-0.986645,Run1
1986,07/16/2026 07:36,29,-0.986645,RUNNING,29,-0.986645,RUNNING,29,-0.986645,RUNNING,29,-0.986645,RUNNING,29,-0.986645,RUNNING,-0.986645,Run1
1987,07/16/2026 07:37,29,-0.986645,RUNNING,29,-0.986645,RUNNING,29,-0.986645,RUNNING,29,-0.986645,RUNNING,29,-0.986645,RUNNING,-0.986645,Run1
1988,07/16/2026 07:38,29,-0.986645,RUNNING,29,-0.986645,RUNNING,29,-0.986645,RUNNING,29,-0.986645,RUNNING,29,-0.986645,RUNNING,-0.986645,Run1
1989,07/16/2026 07:39,29,-0.986645,RUNNING,29,-0.986645,RUNNING,29,-0.986645,RUNNING,29,-0.986645,RUNNING,29,-0.986645,RUNNING,-0.986645,Run1
1990,07/16/2026 07:40,29,-0.986645,RUNNING,29,-0.986645,RUNNING,29,-0.986645,RUNNING,29,-0.986645,RUNNING,29,-0.986645,RUNNING,-0.986645,Run1
1991,07/16/2026 07:41,29,-0.986645,RUNNING,29,-0.986645,RUNNING,29,-0.986645,RUNNING,29,-0.986645,RUNNING,29,-0.986645,RUNNING,-0.986645,Run1
1992,07/16/2026 07:42,29,-0.986645,RUNNING,29,-0.986645,RUNNING,29,-0.986645,RUNNING,29,-0.986645,RUNNING,29,-0.986645,RUNNING,-0.986645,Run1
1993,07/16/2026 07:43,29,-0.986645,RUNNING,29,-0.986645,RUNNING,29,-0.986645,RUNNING,29,-0.986645,RUNNING,29,-0.986645,RUNNING,-0.986645,Run1
1994,07/16/2026 07:44,29,-0.986645,RUNNING,29,-0.986645,RUNNING,29,-0.986645,RUNNING,29,-0.986645,RUNNING,29,-0.986645,RUNNING,-0.986645,Run1
1995,07/16/2026 07:45,29,-0.986645,RUNNING,29,-0.986645,RUNNING,29,-0.986645,RUNNING,29,-0.986645,RUNNING,29,-0.986645,RUNNING,-0.986645,Run1
1996,07/16/2026 07:47,29,-0.986645,RUNNING,29,-0.986645,RUNNING,29,-0.986645,RUNNING,29,-0.986645,RUNNING,29,-0.986645,RUNNING,-0.986645,Run1
1997,07/16/2026 07:48,29,-0.986645,RUNNING,29,-0.986645,RUNNING,29,-0.986645,RUNNING,29,-0.986645,RUNNING,29,-0.986645,RUNNING,-0.986645,Run1
1998,07/16/2026 07:49,29,-0.986645,RUNNING,29,-0.986645,RUNNING,29,-0.986645,RUNNING,29,-0.986645,RUNNING,29,-0.986645,RUNNING,-0.986645,Run1
1999,07/16/2026 07:50,29,-0.986645,RUNNING,29,-0.986645,RUNNING,29,-0.986645,RUNNING,29,-0.986645,RUNNING,29,-0.986645,RUNNING,-0.986645,Run1
2000,07/16/2026 07:51,29,-0.986645,RUNNING,29,-0.986645,RUNNING,29,-0.986645,RUNNING,29,-0.986645,RUNNING,29,-0.986645,RUNNING,-0.986645,Run1
2001,07/16/2026 07:52,29,-0.986645,RUNNING,29,-0.986645,RUNNING,29,-0.986645,RUNNING,29,-0.986645,RUNNING,29,-0.986645,RUNNING,-0.986645,Run1
2002,07/16/2026 07:53,29,-0.986645,RUNNING,29,-0.986645,RUNNING,29,-0.986645,RUNNING,29,-0.986645,RUNNING,29,-0.986645,RUNNING,-0.986645,Run1
2003,07/16/2026 07:54,29,-0.986645,RUNNING,29,-0.986645,RUNNING,29,-0.986645,RUNNING,29,-0.986645,RUNNING,29,-0.986645,RUNNING,-0.986645,Run1
2004,07/16/2026 07:55,29,-0.986645,RUNNING,29,-0.986645,RUNNING,29,-0.986645,RUNNING,29,-0.986645,RUNNING,29,-0.986645,RUNNING,-0.986645,Run1
2005,07/16/2026 07:56,29,-0.986645,RUNNING,29,-0.986645,RUNNING,29,-0.986645,RUNNING,29,-0.986645,RUNNING,29,-0.986645,RUNNING,-0.986645,Run1
2006,07/16/2026 07:57,29,-0.986645,RUNNING,29,-0.986645,RUNNING,29,-0.986645,RUNNING,29,-0.986645,RUNNING,29,-0.986645,RUNNING,-0.986645,Run1
2007,07/16/2026 07:58,29,-0.986645,RUNNING,29,-0.986645,RUNNING,29,-0.986645,RUNNING,29,-0.986645,RUNNING,29,-0.986645,RUNNING,-0.986645,Run1
2008,07/16/2026 07:59,29,-0.986645,RUNNING,29,-0.986645,RUNNING,29,-0.986645,RUNNING,29,-0.986645,RUNNING,29,-0.986645,RUNNING,-0.986645,Run1
2009,07/16/2026 08:00,29,-0.986645,RUNNING,29,-0.986645,RUNNING,29,-0.986645,RUNNING,29,-0.986645,RUNNING,29,-0.986645,RUNNING,-0.986645,Run1
2010,07/16/2026 08:01,29,-0.986645,RUNNING,29,-0.986645,RUNNING,29,-0.986645,RUNNING,29,-0.986645,RUNNING,29,-0.986645,RUNNING,-0.986645,Run1
2011,07/16/2026 08:02,29,-0.986645,RUNNING,29,-0.986645,RUNNING,29,-0.986645,RUNNING,29,-0.986645,RUNNING,29,-0.986645,RUNNING,-0.986645,Run1
2012,07/16/2026 08:03,29,-0.986645,RUNNING,29,-0.986645,RUNNING,29,-0.986645,RUNNING,29,-0.986645,RUNNING,29,-0.986645,RUNNING,-0.986645,Run1
2013,07/16/2026 08:04,29,-0.986645,RUNNING,29,-0.986645,RUNNING,29,-0.986645,RUNNING,29,-0.986645,RUNNING,29,-0.986645,RUNNING,-0.986645,Run1
2014,07/16/2026 08:05,29,-0.986645,RUNNING,29,-0.986645,RUNNING,29,-0.986645,RUNNING,29,-0.986645,RUNNING,29,-0.986645,RUNNING,-0.986645,Run1
2015,07/16/2026 08:06,29,-0.986645,RUNNING,29,-0.986645,RUNNING,29,-0.986645,RUNNING,29,-0.986645,RUNNING,29,-0.986645,RUNNING,-0.986645,Run1
2016,07/16/2026 08:07,29,-0.986645,RUNNING,29,-0.986645,RUNNING,29,-0.986645,RUNNING,29,-0.986645,RUNNING,29,-0.986645,RUNNING,-0.986645,Run1
2017,07/16/2026 08:08,29,-0.986645,RUNNING,29,-0.986645,RUNNING,29,-0.986645,RUNNING,29,-0.986645,RUNNING,29,-0.986645,RUNNING,-0.986645,Run1
2018,07/16/2026 08:09,29,-0.986645,RUNNING,29,-0.986645,RUNNING,29,-0.986645,RUNNING,29,-0.986645,RUNNING,29,-0.986645,RUNNING,-0.986645,Run1
2019,07/16/2026 08:10,29,-0.986645,RUNNING,29,-0.986645,RUNNING,29,-0.986645,RUNNING,29,-0.986645,RUNNING,29,-0.986645,RUNNING,-0.986645,Run1
2020,07/16/2026 08:11,29,-0.986645,RUNNING,29,-0.986645,RUNNING,29,-0.986645,RUNNING,29,-0.986645,RUNNING,29,-0.986645,RUNNING,-0.986645,Run1
2021,07/16/2026 08:12,29,-0.986645,RUNNING,29,-0.986645,RUNNING,29,-0.986645,RUNNING,29,-0.986645,RUNNING,29,-0.986645,RUNNING,-0.986645,Run1
2022,07/16/2026 08:13,29,-0.986645,RUNNING,29,-0.986645,RUNNING,29,-0.986645,RUNNING,29,-0.986645,RUNNING,29,-0.986645,RUNNING,-0.986645,Run1
2023,07/16/2026 08:14,29,-0.986645,RUNNING,29,-0.986645,RUNNING,29,-0.986645,RUNNING,29,-0.986645,RUNNING,29,-0.986645,RUNNING,-0.986645,Run1
2024,07/16/2026 08:15,29,-0.986645,RUNNING,29,-0.986645,RUNNING,29,-0.986645,RUNNING,29,-0.986645,RUNNING,29,-0.986645,RUNNING,-0.986645,Run1
2025,07/16/2026 08:17,29,-0.986645,RUNNING,29,-0.986645,RUNNING,29,-0.986645,RUNNING,29,-0.986645,RUNNING,29,-0.986645,RUNNING,-0.986645,Run1
2026,07/16/2026 08:18,29,-0.986645,RUNNING,29,-0.986645,RUNNING,29,-0.986645,RUNNING,29,-0.986645,RUNNING,29,-0.986645,RUNNING,-0.986645,Run1
2027,07/16/2026 08:19,29,-0.986645,RUNNING,29,-0.986645,RUNNING,29,-0.986645,RUNNING,29,-0.986645,RUNNING,29,-0.986645,RUNNING,-0.986645,Run1
2028,07/16/2026 08:20,29,-0.986645,RUNNING,29,-0.986645,RUNNING,29,-0.986645,RUNNING,29,-0.986645,RUNNING,29,-0.986645,RUNNING,-0.986645,Run1
2029,07/16/2026 08:21,29,-0.986645,RUNNING,29,-0.986645,RUNNING,29,-0.986645,RUNNING,29,-0.986645,RUNNING,29,-0.986645,RUNNING,-0.986645,Run1
2030,07/16/2026 08:22,29,-0.986645,RUNNING,29,-0.986645,RUNNING,29,-0.986645,RUNNING,29,-0.986645,RUNNING,29,-0.986645,RUNNING,-0.986645,Run1
2031,07/16/2026 08:23,29,-0.986645,RUNNING,29,-0.986645,RUNNING,29,-0.986645,RUNNING,29,-0.986645,RUNNING,29,-0.986645,RUNNING,-0.986645,Run1
2032,07/16/2026 08:24,29,-0.986645,RUNNING,29,-0.986645,RUNNING,29,-0.986645,RUNNING,29,-0.986645,RUNNING,29,-0.986645,RUNNING,-0.986645,Run1
2033,07/16/2026 08:25,29,-0.986645,RUNNING,29,-0.986645,RUNNING,29,-0.986645,RUNNING,29,-0.986645,RUNNING,29,-0.986645,RUNNING,-0.986645,Run1
2034,07/16/2026 08:26,29,-0.986645,RUNNING,29,-0.986645,RUNNING,29,-0.986645,RUNNING,29,-0.986645,RUNNING,29,-0.986645,RUNNING,-0.986645,Run1
2035,07/16/2026 08:27,29,-0.986645,RUNNING,29,-0.986645,RUNNING,29,-0.986645,RUNNING,29,-0.986645,RUNNING,29,-0.986645,RUNNING,-0.986645,Run1
2036,07/16/2026 08:28,29,-0.986645,RUNNING,29,-0.986645,RUNNING,29,-0.986645,RUNNING,29,-0.986645,RUNNING,29,-0.986645,RUNNING,-0.986645,Run1
2037,07/16/2026 08:29,29,-0.986645,RUNNING,29,-0.986645,RUNNING,29,-0.986645,RUNNING,29,-0.986645,RUNNING,29,-0.986645,RUNNING,-0.986645,Run1
2038,07/16/2026 08:30,29,-0.986645,RUNNING,29,-0.986645,RUNNING,29,-0.986645,RUNNING,29,-0.986645,RUNNING,29,-0.986645,RUNNING,-0.986645,Run1
2039,07/16/2026 08:31,29,-0.986645,RUNNING,29,-0.986645,RUNNING,29,-0.986645,RUNNING,29,-0.986645,RUNNING,29,-0.986645,RUNNING,-0.986645,Run1
2040,07/16/2026 08:32,29,-0.986645,RUNNING,29,-0.986645,RUNNING,29,-0.986645,RUNNING,29,-0.986645,RUNNING,29,-0.986645,RUNNING,-0.986645,Run1
2041,07/16/2026 08:33,29,-0.986645,RUNNING,29,-0.986645,RUNNING,29,-0.986645,RUNNING,29,-0.986645,RUNNING,29,-0.986645,RUNNING,-0.986645,Run1
2042,07/16/2026 08:34,29,-0.986645,RUNNING,29,-0.986645,RUNNING,29,-0.986645,RUNNING,29,-0.986645,RUNNING,29,-0.986645,RUNNING,-0.986645,Run1
2043,07/16/2026 08:35,29,-0.986645,RUNNING,29,-0.986645,RUNNING,29,-0.986645,RUNNING,29,-0.986645,RUNNING,29,-0.986645,RUNNING,-0.986645,Run1
2044,07/16/2026 08:36,29,-0.986645,RUNNING,29,-0.986645,RUNNING,29,-0.986645,RUNNING,29,-0.986645,RUNNING,29,-0.986645,RUNNING,-0.986645,Run1
2045,07/16/2026 08:37,29,-0.986645,RUNNING,29,-0.986645,RUNNING,29,-0.986645,RUNNING,29,-0.986645,RUNNING,29,-0.986645,RUNNING,-0.986645,Run1
2046,07/16/2026 08:38,29,-0.986645,RUNNING,29,-0.986645,RUNNING,29,-0.986645,RUNNING,29,-0.986645,RUNNING,29,-0.986645,RUNNING,-0.986645,Run1
2047,07/16/2026 08:39,29,-0.986645,RUNNING,29,-0.986645,RUNNING,29,-0.986645,RUNNING,29,-0.986645,RUNNING,29,-0.986645,RUNNING,-0.986645,Run1
2048,07/16/2026 08:40,29,-0.986645,RUNNING,29,-0.986645,RUNNING,29,-0.986645,RUNNING,29,-0.986645,RUNNING,29,-0.986645,RUNNING,-0.986645,Run1
2049,07/16/2026 08:41,29,-0.986645,RUNNING,29,-0.986645,RUNNING,29,-0.986645,RUNNING,29,-0.986645,RUNNING,29,-0.986645,RUNNING,-0.986645,Run1
2050,07/16/2026 08:42,29,-0.986645,RUNNING,29,-0.986645,RUNNING,29,-0.986645,RUNNING,29,-0.986645,RUNNING,29,-0.986645,RUNNING,-0.986645,Run1
2051,07/16/2026 08:43,29,-0.986645,RUNNING,29,-0.986645,RUNNING,29,-0.986645,RUNNING,29,-0.986645,RUNNING,29,-0.986645,RUNNING,-0.986645,Run1
2052,07/16/2026 08:44,29,-0.986645,RUNNING,29,-0.986645,RUNNING,29,-0.986645,RUNNING,29,-0.986645,RUNNING,29,-0.986645,RUNNING,-0.986645,Run1
2053,07/16/2026 08:45,29,-0.986645,RUNNING,29,-0.986645,RUNNING,29,-0.986645,RUNNING,29,-0.986645,RUNNING,29,-0.986645,RUNNING,-0.986645,Run1
2054,07/16/2026 08:47,29,-0.986645,RUNNING,29,-0.986645,RUNNING,29,-0.986645,RUNNING,29,-0.986645,RUNNING,29,-0.986645,RUNNING,-0.986645,Run1
2055,07/16/2026 08:48,29,-0.986645,RUNNING,29,-0.986645,RUNNING,29,-0.986645,RUNNING,29,-0.986645,RUNNING,29,-0.986645,RUNNING,-0.986645,Run1
2056,07/16/2026 08:49,29,-0.986645,RUNNING,29,-0.986645,RUNNING,29,-0.986645,RUNNING,29,-0.986645,RUNNING,29,-0.986645,RUNNING,-0.986645,Run1
2057,07/16/2026 08:50,29,-0.986645,RUNNING,29,-0.986645,RUNNING,29,-0.986645,RUNNING,29,-0.986645,RUNNING,29,-0.986645,RUNNING,-0.986645,Run1
2058,07/16/2026 08:51,29,-0.986645,RUNNING,29,-0.986645,RUNNING,29,-0.986645,RUNNING,29,-0.986645,RUNNING,29,-0.986645,RUNNING,-0.986645,Run1
2059,07/16/2026 08:52,29,-0.986645,RUNNING,29,-0.986645,RUNNING,29,-0.986645,RUNNING,29,-0.986645,RUNNING,29,-0.986645,RUNNING,-0.986645,Run1
2060,07/16/2026 08:53,29,-0.986645,RUNNING,29,-0.986645,RUNNING,29,-0.986645,RUNNING,29,-0.986645,RUNNING,29,-0.986645,RUNNING,-0.986645,Run1
2061,07/16/2026 08:54,29,-0.986645,RUNNING,29,-0.986645,RUNNING,29,-0.986645,RUNNING,29,-0.986645,RUNNING,29,-0.986645,RUNNING,-0.986645,Run1
2062,07/16/2026 08:55,29,-0.986645,RUNNING,29,-0.986645,RUNNING,29,-0.986645,RUNNING,29,-0.986645,RUNNING,29,-0.986645,RUNNING,-0.986645,Run1
2063,07/16/2026 08:56,29,-0.986645,RUNNING,29,-0.986645,RUNNING,29,-0.986645,RUNNING,29,-0.986645,RUNNING,29,-0.986645,RUNNING,-0.986645,Run1
2064,07/16/2026 08:57,29,-0.986645,RUNNING,29,-0.986645,RUNNING,29,-0.986645,RUNNING,29,-0.986645,RUNNING,29,-0.986645,RUNNING,-0.986645,Run1
2065,07/16/2026 08:58,29,-0.986645,RUNNING,29,-0.986645,RUNNING,29,-0.986645,RUNNING,29,-0.986645,RUNNING,29,-0.986645,RUNNING,-0.986645,Run1
2066,07/16/2026 08:59,29,-0.986645,RUNNING,29,-0.986645,RUNNING,29,-0.986645,RUNNING,29,-0.986645,RUNNING,29,-0.986645,RUNNING,-0.986645,Run1
2067,07/16/2026 09:00,29,-0.986645,RUNNING,29,-0.986645,RUNNING,29,-0.986645,RUNNING,29,-0.986645,RUNNING,29,-0.986645,RUNNING,-0.986645,Run1
2068,07/16/2026 09:01,29,-0.986645,RUNNING,29,-0.986645,RUNNING,29,-0.986645,RUNNING,29,-0.986645,RUNNING,29,-0.986645,RUNNING,-0.986645,Run1
2069,07/16/2026 09:02,29,-0.986645,RUNNING,29,-0.986645,RUNNING,29,-0.986645,RUNNING,29,-0.986645,RUNNING,29,-0.986645,RUNNING,-0.986645,Run1
2070,07/16/2026 09:03,29,-0.986645,RUNNING,29,-0.986645,RUNNING,29,-0.986645,RUNNING,29,-0.986645,RUNNING,29,-0.986645,RUNNING,-0.986645,Run1
2071,07/16/2026 09:04,29,-0.986645,RUNNING,29,-0.986645,RUNNING,29,-0.986645,RUNNING,29,-0.986645,RUNNING,29,-0.986645,RUNNING,-0.986645,Run1
2072,07/16/2026 09:05,29,-0.986645,RUNNING,29,-0.986645,RUNNING,29,-0.986645,RUNNING,29,-0.986645,RUNNING,29,-0.986645,RUNNING,-0.986645,Run1
2073,07/16/2026 09:06,29,-0.986645,RUNNING,29,-0.986645,RUNNING,29,-0.986645,RUNNING,29,-0.986645,RUNNING,29,-0.986645,RUNNING,-0.986645,Run1
2074,07/16/2026 09:07,29,-0.986645,RUNNING,29,-0.986645,RUNNING,29,-0.986645,RUNNING,29,-0.986645,RUNNING,29,-0.986645,RUNNING,-0.986645,Run1
2075,07/16/2026 09:08,29,-0.986645,RUNNING,29,-0.986645,RUNNING,29,-0.986645,RUNNING,29,-0.986645,RUNNING,29,-0.986645,RUNNING,-0.986645,Run1
2076,07/16/2026 09:09,29,-0.986645,RUNNING,29,-0.986645,RUNNING,29,-0.986645,RUNNING,29,-0.986645,RUNNING,29,-0.986645,RUNNING,-0.986645,Run1
2077,07/16/2026 09:10,29,-0.986645,RUNNING,29,-0.986645,RUNNING,29,-0.986645,RUNNING,29,-0.986645,RUNNING,29,-0.986645,RUNNING,-0.986645,Run1
2078,07/16/2026 09:11,29,-0.986645,RUNNING,29,-0.986645,RUNNING,29,-0.986645,RUNNING,29,-0.986645,RUNNING,29,-0.986645,RUNNING,-0.986645,Run1
2079,07/16/2026 09:12,29,-0.986645,RUNNING,29,-0.986645,RUNNING,29,-0.986645,RUNNING,29,-0.986645,RUNNING,29,-0.986645,RUNNING,-0.986645,Run1
2080,07/16/2026 09:14,29,-0.986645,RUNNING,29,-0.986645,RUNNING,29,-0.986645,RUNNING,29,-0.986645,RUNNING,29,-0.986645,RUNNING,-0.986645,Run1
2081,07/16/2026 09:15,29,-0.986645,RUNNING,29,-0.986645,RUNNING,29,-0.986645,RUNNING,29,-0.986645,RUNNING,29,-0.986645,RUNNING,-0.986645,Run1
2082,07/16/2026 09:16,29,-0.986645,RUNNING,29,-0.986645,RUNNING,29,-0.986645,RUNNING,29,-0.986645,RUNNING,29,-0.986645,RUNNING,-0.986645,Run1
2083,07/16/2026 09:17,29,-0.986645,RUNNING,29,-0.986645,RUNNING,29,-0.986645,RUNNING,29,-0.986645,RUNNING,29,-0.986645,RUNNING,-0.986645,Run1
2084,07/16/2026 09:18,29,-0.986645,RUNNING,29,-0.986645,RUNNING,29,-0.986645,RUNNING,29,-0.986645,RUNNING,29,-0.986645,RUNNING,-0.986645,Run1
2085,07/16/2026 09:19,29,-0.986645,RUNNING,29,-0.986645,RUNNING,29,-0.986645,RUNNING,29,-0.986645,RUNNING,29,-0.986645,RUNNING,-0.986645,Run1
2086,07/16/2026 09:20,29,-0.986645,RUNNING,29,-0.986645,RUNNING,29,-0.986645,RUNNING,29,-0.986645,RUNNING,29,-0.986645,RUNNING,-0.986645,Run1
2087,07/16/2026 09:21,29,-0.986645,RUNNING,29,-0.986645,RUNNING,29,-0.986645,RUNNING,29,-0.986645,RUNNING,29,-0.986645,RUNNING,-0.986645,Run1
2088,07/16/2026 09:22,29,-0.986645,RUNNING,29,-0.986645,RUNNING,29,-0.986645,RUNNING,29,-0.986645,RUNNING,29,-0.986645,RUNNING,-0.986645,Run1
2089,07/16/2026 09:23,29,-0.986645,RUNNING,29,-0.986645,RUNNING,29,-0.986645,RUNNING,29,-0.986645,RUNNING,29,-0.986645,RUNNING,-0.986645,Run1
2090,07/16/2026 09:24,29,-0.986645,RUNNING,29,-0.986645,RUNNING,29,-0.986645,RUNNING,29,-0.986645,RUNNING,29,-0.986645,RUNNING,-0.986645,Run1
2091,07/16/2026 09:25,29,-0.986645,RUNNING,29,-0.986645,RUNNING,29,-0.986645,RUNNING,29,-0.986645,RUNNING,29,-0.986645,RUNNING,-0.986645,Run1
2092,07/16/2026 09:26,29,-0.986645,RUNNING,29,-0.986645,RUNNING,29,-0.986645,RUNNING,29,-0.986645,RUNNING,29,-0.986645,RUNNING,-0.986645,Run1
2093,07/16/2026 09:27,29,-0.986645,RUNNING,29,-0.986645,RUNNING,29,-0.986645,RUNNING,29,-0.986645,RUNNING,29,-0.986645,RUNNING,-0.986645,Run1
2094,07/16/2026 09:28,29,-0.986645,RUNNING,29,-0.986645,RUNNING,29,-0.986645,RUNNING,29,-0.986645,RUNNING,29,-0.986645,RUNNING,-0.986645,Run1
2095,07/16/2026 09:29,29,-0.986645,RUNNING,29,-0.986645,RUNNING,29,-0.986645,RUNNING,29,-0.986645,RUNNING,29,-0.986645,RUNNING,-0.986645,Run1
2096,07/16/2026 09:30,29,-0.986645,RUNNING,29,-0.986645,RUNNING,29,-0.986645,RUNNING,29,-0.986645,RUNNING,29,-0.986645,RUNNING,-0.986645,Run1
2097,07/16/2026 09:31,29,-0.986645,RUNNING,29,-0.986645,RUNNING,29,-0.986645,RUNNING,29,-0.986645,RUNNING,29,-0.986645,RUNNING,-0.986645,Run1
2098,07/16/2026 09:32,29,-0.986645,RUNNING,29,-0.986645,RUNNING,29,-0.986645,RUNNING,29,-0.986645,RUNNING,29,-0.986645,RUNNING,-0.986645,Run1
2099,07/16/2026 09:33,29,-0.986645,RUNNING,29,-0.986645,RUNNING,29,-0.986645,RUNNING,29,-0.986645,RUNNING,29,-0.986645,RUNNING,-0.986645,Run1
2100,07/16/2026 09:34,29,-0.986645,RUNNING,29,-0.986645,RUNNING,29,-0.986645,RUNNING,29,-0.986645,RUNNING,29,-0.986645,RUNNING,-0.986645,Run1
2101,07/16/2026 09:35,29,-0.986645,RUNNING,29,-0.986645,RUNNING,29,-0.986645,RUNNING,29,-0.986645,RUNNING,29,-0.986645,RUNNING,-0.986645,Run1
2102,07/16/2026 09:36,29,-0.986645,RUNNING,29,-0.986645,RUNNING,29,-0.986645,RUNNING,29,-0.986645,RUNNING,29,-0.986645,RUNNING,-0.986645,Run1
2103,07/16/2026 09:37,29,-0.986645,RUNNING,29,-0.986645,RUNNING,29,-0.986645,RUNNING,29,-0.986645,RUNNING,29,-0.986645,RUNNING,-0.986645,Run1
2104,07/16/2026 09:38,29,-0.986645,RUNNING,29,-0.986645,RUNNING,29,-0.986645,RUNNING,29,-0.986645,RUNNING,29,-0.986645,RUNNING,-0.986645,Run1
2105,07/16/2026 09:39,29,-0.986645,RUNNING,29,-0.986645,RUNNING,29,-0.986645,RUNNING,29,-0.986645,RUNNING,29,-0.986645,RUNNING,-0.986645,Run1
2106,07/16/2026 09:40,29,-0.986645,RUNNING,29,-0.986645,RUNNING,29,-0.986645,RUNNING,29,-0.986645,RUNNING,29,-0.986645,RUNNING,-0.986645,Run1
2107,07/16/2026 09:42,29,-0.986645,RUNNING,29,-0.986645,RUNNING,29,-0.986645,RUNNING,29,-0.986645,RUNNING,29,-0.986645,RUNNING,-0.986645,Run1
2108,07/16/2026 09:43,29,-0.986645,RUNNING,29,-0.986645,RUNNING,29,-0.986645,RUNNING,29,-0.986645,RUNNING,29,-0.986645,RUNNING,-0.986645,Run1
2109,07/16/2026 09:44,29,-0.986645,RUNNING,29,-0.986645,RUNNING,29,-0.986645,RUNNING,29,-0.986645,RUNNING,29,-0.986645,RUNNING,-0.986645,Run1
2110,07/16/2026 09:45,29,-0.986645,RUNNING,29,-0.986645,RUNNING,29,-0.986645,RUNNING,29,-0.986645,RUNNING,29,-0.986645,RUNNING,-0.986645,Run1
2111,07/16/2026 09:46,29,-0.986645,RUNNING,29,-0.986645,RUNNING,29,-0.986645,RUNNING,29,-0.986645,RUNNING,29,-0.986645,RUNNING,-0.986645,Run1
2112,07/16/2026 09:47,29,-0.986645,RUNNING,29,-0.986645,RUNNING,29,-0.986645,RUNNING,29,-0.986645,RUNNING,29,-0.986645,RUNNING,-0.986645,Run1
2113,07/16/2026 09:48,29,-0.986645,RUNNING,29,-0.986645,RUNNING,29,-0.986645,RUNNING,29,-0.986645,RUNNING,29,-0.986645,RUNNING,-0.986645,Run1
2114,07/16/2026 09:49,29,-0.986645,RUNNING,29,-0.986645,RUNNING,29,-0.986645,RUNNING,29,-0.986645,RUNNING,29,-0.986645,RUNNING,-0.986645,Run1
2115,07/16/2026 09:50,29,-0.986645,RUNNING,29,-0.986645,RUNNING,29,-0.986645,RUNNING,29,-0.986645,RUNNING,29,-0.986645,RUNNING,-0.986645,Run1
2116,07/16/2026 09:51,29,-0.986645,RUNNING,29,-0.986645,RUNNING,29,-0.986645,RUNNING,29,-0.986645,RUNNING,29,-0.986645,RUNNING,-0.986645,Run1
2117,07/16/2026 09:52,29,-0.986645,RUNNING,29,-0.986645,RUNNING,29,-0.986645,RUNNING,29,-0.986645,RUNNING,29,-0.986645,RUNNING,-0.986645,Run1
2118,07/16/2026 09:53,29,-0.986645,RUNNING,29,-0.986645,RUNNING,29,-0.986645,RUNNING,29,-0.986645,RUNNING,29,-0.986645,RUNNING,-0.986645,Run1
2119,07/16/2026 09:54,29,-0.986645,RUNNING,29,-0.986645,RUNNING,29,-0.986645,RUNNING,29,-0.986645,RUNNING,29,-0.986645,RUNNING,-0.986645,Run1
2120,07/16/2026 09:55,29,-0.986645,RUNNING,29,-0.986645,RUNNING,29,-0.986645,RUNNING,29,-0.986645,RUNNING,29,-0.986645,RUNNING,-0.986645,Run1
2121,07/16/2026 09:56,29,-0.986645,RUNNING,29,-0.986645,RUNNING,29,-0.986645,RUNNING,29,-0.986645,RUNNING,29,-0.986645,RUNNING,-0.986645,Run1
2122,07/16/2026 09:57,29,-0.986645,RUNNING,29,-0.986645,RUNNING,29,-0.986645,RUNNING,29,-0.986645,RUNNING,29,-0.986645,RUNNING,-0.986645,Run1
2123,07/16/2026 09:58,29,-0.986645,RUNNING,29,-0.986645,RUNNING,29,-0.986645,RUNNING,29,-0.986645,RUNNING,29,-0.986645,RUNNING,-0.986645,Run1
2124,07/16/2026 09:59,29,-0.986645,RUNNING,29,-0.986645,RUNNING,29,-0.986645,RUNNING,29,-0.986645,RUNNING,29,-0.986645,RUNNING,-0.986645,Run1
2125,07/16/2026 10:00,29,-0.986645,RUNNING,29,-0.986645,RUNNING,29,-0.986645,RUNNING,29,-0.986645,RUNNING,29,-0.986645,RUNNING,-0.986645,Run1
2126,07/16/2026 10:01,29,-0.986645,RUNNING,29,-0.986645,RUNNING,29,-0.986645,RUNNING,29,-0.986645,RUNNING,29,-0.986645,RUNNING,-0.986645,Run1
2127,07/16/2026 10:02,29,-0.986645,RUNNING,29,-0.986645,RUNNING,29,-0.986645,RUNNING,29,-0.986645,RUNNING,29,-0.986645,RUNNING,-0.986645,Run1
2128,07/16/2026 10:03,29,-0.986645,RUNNING,29,-0.986645,RUNNING,29,-0.986645,RUNNING,29,-0.986645,RUNNING,29,-0.986645,RUNNING,-0.986645,Run1
2129,07/16/2026 10:04,29,-0.986645,RUNNING,29,-0.986645,RUNNING,29,-0.986645,RUNNING,29,-0.986645,RUNNING,29,-0.986645,RUNNING,-0.986645,Run1
2130,07/16/2026 10:05,29,-0.986645,RUNNING,29,-0.986645,RUNNING,29,-0.986645,RUNNING,29,-0.986645,RUNNING,29,-0.986645,RUNNING,-0.986645,Run1
2131,07/16/2026 10:06,29,-0.986645,RUNNING,29,-0.986645,RUNNING,29,-0.986645,RUNNING,29,-0.986645,RUNNING,29,-0.986645,RUNNING,-0.986645,Run1
2132,07/16/2026 10:07,29,-0.986645,RUNNING,29,-0.986645,RUNNING,29,-0.986645,RUNNING,29,-0.986645,RUNNING,29,-0.986645,RUNNING,-0.986645,Run1
2133,07/16/2026 10:09,29,-0.986645,RUNNING,29,-0.986645,RUNNING,29,-0.986645,RUNNING,29,-0.986645,RUNNING,29,-0.986645,RUNNING,-0.986645,Run1
2134,07/16/2026 10:10,29,-0.986645,RUNNING,29,-0.986645,RUNNING,29,-0.986645,RUNNING,29,-0.986645,RUNNING,29,-0.986645,RUNNING,-0.986645,Run1
2135,07/16/2026 10:11,29,-0.986645,RUNNING,29,-0.986645,RUNNING,29,-0.986645,RUNNING,29,-0.986645,RUNNING,29,-0.986645,RUNNING,-0.986645,Run1
2136,07/16/2026 10:12,29,-0.986645,RUNNING,29,-0.986645,RUNNING,29,-0.986645,RUNNING,29,-0.986645,RUNNING,29,-0.986645,RUNNING,-0.986645,Run1
2137,07/16/2026 10:13,29,-0.986645,RUNNING,29,-0.986645,RUNNING,29,-0.986645,RUNNING,29,-0.986645,RUNNING,29,-0.986645,RUNNING,-0.986645,Run1
2138,07/16/2026 10:14,29,-0.986645,RUNNING,29,-0.986645,RUNNING,29,-0.986645,RUNNING,29,-0.986645,RUNNING,29,-0.986645,RUNNING,-0.986645,Run1
2139,07/16/2026 10:15,29,-0.986645,RUNNING,29,-0.986645,RUNNING,29,-0.986645,RUNNING,29,-0.986645,RUNNING,29,-0.986645,RUNNING,-0.986645,Run1
2140,07/16/2026 10:16,29,-0.986645,RUNNING,29,-0.986645,RUNNING,29,-0.986645,RUNNING,29,-0.986645,RUNNING,29,-0.986645,RUNNING,-0.986645,Run1
2141,07/16/2026 10:17,29,-0.986645,RUNNING,29,-0.986645,RUNNING,29,-0.986645,RUNNING,29,-0.986645,RUNNING,29,-0.986645,RUNNING,-0.986645,Run1
2142,07/16/2026 10:18,29,-0.986645,RUNNING,29,-0.986645,RUNNING,29,-0.986645,RUNNING,29,-0.986645,RUNNING,29,-0.986645,RUNNING,-0.986645,Run1
2143,07/16/2026 10:19,29,-0.986645,RUNNING,29,-0.986645,RUNNING,29,-0.986645,RUNNING,29,-0.986645,RUNNING,29,-0.986645,RUNNING,-0.986645,Run1
2144,07/16/2026 10:20,29,-0.986645,RUNNING,29,-0.986645,RUNNING,29,-0.986645,RUNNING,29,-0.986645,RUNNING,29,-0.986645,RUNNING,-0.986645,Run1
2145,07/16/2026 10:21,29,-0.986645,RUNNING,29,-0.986645,RUNNING,29,-0.986645,RUNNING,29,-0.986645,RUNNING,29,-0.986645,RUNNING,-0.986645,Run1
2146,07/16/2026 10:22,29,-0.986645,RUNNING,29,-0.986645,RUNNING,29,-0.986645,RUNNING,29,-0.986645,RUNNING,29,-0.986645,RUNNING,-0.986645,Run1
2147,07/16/2026 10:23,29,-0.986645,RUNNING,29,-0.986645,RUNNING,29,-0.986645,RUNNING,29,-0.986645,RUNNING,29,-0.986645,RUNNING,-0.986645,Run1
2148,07/16/2026 10:24,29,-0.986645,RUNNING,29,-0.986645,RUNNING,29,-0.986645,RUNNING,29,-0.986645,RUNNING,29,-0.986645,RUNNING,-0.986645,Run1
2149,07/16/2026 10:25,29,-0.986645,RUNNING,29,-0.986645,RUNNING,29,-0.986645,RUNNING,29,-0.986645,RUNNING,29,-0.986645,RUNNING,-0.986645,Run1
2150,07/16/2026 10:26,29,-0.986645,RUNNING,29,-0.986645,RUNNING,29,-0.986645,RUNNING,29,-0.986645,RUNNING,29,-0.986645,RUNNING,-0.986645,Run1
2151,07/16/2026 10:27,29,-0.986645,RUNNING,29,-0.986645,RUNNING,29,-0.986645,RUNNING,29,-0.986645,RUNNING,29,-0.986645,RUNNING,-0.986645,Run1
2152,07/16/2026 10:28,29,-0.986645,RUNNING,29,-0.986645,RUNNING,29,-0.986645,RUNNING,29,-0.986645,RUNNING,29,-0.986645,RUNNING,-0.986645,Run1
2153,07/16/2026 10:29,29,-0.986645,RUNNING,29,-0.986645,RUNNING,29,-0.986645,RUNNING,29,-0.986645,RUNNING,29,-0.986645,RUNNING,-0.986645,Run1
2154,07/16/2026 10:30,29,-0.986645,RUNNING,29,-0.986645,RUNNING,29,-0.986645,RUNNING,29,-0.986645,RUNNING,29,-0.986645,RUNNING,-0.986645,Run1
2155,07/16/2026 10:31,29,-0.986645,RUNNING,29,-0.986645,RUNNING,29,-0.986645,RUNNING,29,-0.986645,RUNNING,29,-0.986645,RUNNING,-0.986645,Run1
2156,07/16/2026 10:32,29,-0.986645,RUNNING,29,-0.986645,RUNNING,29,-0.986645,RUNNING,29,-0.986645,RUNNING,29,-0.986645,RUNNING,-0.986645,Run1
2157,07/16/2026 10:33,29,-0.986645,RUNNING,29,-0.986645,RUNNING,29,-0.986645,RUNNING,29,-0.986645,RUNNING,29,-0.986645,RUNNING,-0.986645,Run1
2158,07/16/2026 10:35,29,-0.986645,RUNNING,29,-0.986645,RUNNING,29,-0.986645,RUNNING,29,-0.986645,RUNNING,29,-0.986645,RUNNING,-0.986645,Run1
2159,07/16/2026 10:36,29,-0.986645,RUNNING,29,-0.986645,RUNNING,29,-0.986645,RUNNING,29,-0.986645,RUNNING,29,-0.986645,RUNNING,-0.986645,Run1
2160,07/16/2026 10:37,29,-0.986645,RUNNING,29,-0.986645,RUNNING,29,-0.986645,RUNNING,29,-0.986645,RUNNING,29,-0.986645,RUNNING,-0.986645,Run1
2161,07/16/2026 10:38,29,-0.986645,RUNNING,29,-0.986645,RUNNING,29,-0.986645,RUNNING,29,-0.986645,RUNNING,29,-0.986645,RUNNING,-0.986645,Run1
2162,07/16/2026 10:39,29,-0.986645,RUNNING,29,-0.986645,RUNNING,29,-0.986645,RUNNING,29,-0.986645,RUNNING,29,-0.986645,RUNNING,-0.986645,Run1
2163,07/16/2026 10:40,29,-0.986645,RUNNING,29,-0.986645,RUNNING,29,-0.986645,RUNNING,29,-0.986645,RUNNING,29,-0.986645,RUNNING,-0.986645,Run1
2164,07/16/2026 10:41,29,-0.986645,RUNNING,29,-0.986645,RUNNING,29,-0.986645,RUNNING,29,-0.986645,RUNNING,29,-0.986645,RUNNING,-0.986645,Run1
2165,07/16/2026 10:42,29,-0.986645,RUNNING,29,-0.986645,RUNNING,29,-0.986645,RUNNING,29,-0.986645,RUNNING,29,-0.986645,RUNNING,-0.986645,Run1
2166,07/16/2026 10:43,29,-0.986645,RUNNING,29,-0.986645,RUNNING,29,-0.986645,RUNNING,29,-0.986645,RUNNING,29,-0.986645,RUNNING,-0.986645,Run1
2167,07/16/2026 10:44,29,-0.986645,RUNNING,29,-0.986645,RUNNING,29,-0.986645,RUNNING,29,-0.986645,RUNNING,29,-0.986645,RUNNING,-0.986645,Run1
2168,07/16/2026 10:45,29,-0.986645,RUNNING,29,-0.986645,RUNNING,29,-0.986645,RUNNING,29,-0.986645,RUNNING,29,-0.986645,RUNNING,-0.986645,Run1
2169,07/16/2026 10:46,29,-0.986645,RUNNING,29,-0.986645,RUNNING,29,-0.986645,RUNNING,29,-0.986645,RUNNING,29,-0.986645,RUNNING,-0.986645,Run1
2170,07/16/2026 10:47,29,-0.986645,RUNNING,29,-0.986645,RUNNING,29,-0.986645,RUNNING,29,-0.986645,RUNNING,29,-0.986645,RUNNING,-0.986645,Run1
2171,07/16/2026 10:48,29,-0.986645,RUNNING,29,-0.986645,RUNNING,29,-0.986645,RUNNING,29,-0.986645,RUNNING,29,-0.986645,RUNNING,-0.986645,Run1
2172,07/16/2026 10:49,29,-0.986645,RUNNING,29,-0.986645,RUNNING,29,-0.986645,RUNNING,29,-0.986645,RUNNING,29,-0.986645,RUNNING,-0.986645,Run1
2173,07/16/2026 10:50,29,-0.986645,RUNNING,29,-0.986645,RUNNING,29,-0.986645,RUNNING,29,-0.986645,RUNNING,29,-0.986645,RUNNING,-0.986645,Run1
2174,07/16/2026 10:51,29,-0.986645,RUNNING,29,-0.986645,RUNNING,29,-0.986645,RUNNING,29,-0.986645,RUNNING,29,-0.986645,RUNNING,-0.986645,Run1
2175,07/16/2026 10:52,29,-0.986645,RUNNING,29,-0.986645,RUNNING,29,-0.986645,RUNNING,29,-0.986645,RUNNING,29,-0.986645,RUNNING,-0.986645,Run1
2176,07/16/2026 10:53,29,-0.986645,RUNNING,29,-0.986645,RUNNING,29,-0.986645,RUNNING,29,-0.986645,RUNNING,29,-0.986645,RUNNING,-0.986645,Run1
2177,07/16/2026 10:54,29,-0.986645,RUNNING,29,-0.986645,RUNNING,29,-0.986645,RUNNING,29,-0.986645,RUNNING,29,-0.986645,RUNNING,-0.986645,Run1
2178,07/16/2026 10:55,29,-0.986645,RUNNING,29,-0.986645,RUNNING,29,-0.986645,RUNNING,29,-0.986645,RUNNING,29,-0.986645,RUNNING,-0.986645,Run1
2179,07/16/2026 10:56,29,-0.986645,RUNNING,29,-0.986645,RUNNING,29,-0.986645,RUNNING,29,-0.986645,RUNNING,29,-0.986645,RUNNING,-0.986645,Run1
2180,07/16/2026 10:57,29,-0.986645,RUNNING,29,-0.986645,RUNNING,29,-0.986645,RUNNING,29,-0.986645,RUNNING,29,-0.986645,RUNNING,-0.986645,Run1
2181,07/16/2026 10:58,29,-0.986645,RUNNING,29,-0.986645,RUNNING,29,-0.986645,RUNNING,29,-0.986645,RUNNING,29,-0.986645,RUNNING,-0.986645,Run1
2182,07/16/2026 10:59,29,-0.986645,RUNNING,29,-0.986645,RUNNING,29,-0.986645,RUNNING,29,-0.986645,RUNNING,29,-0.986645,RUNNING,-0.986645,Run1
2183,07/16/2026 11:00,29,-0.986645,RUNNING,29,-0.986645,RUNNING,29,-0.986645,RUNNING,29,-0.986645,RUNNING,29,-0.986645,RUNNING,-0.986645,Run1
2184,07/16/2026 11:01,29,-0.986645,RUNNING,29,-0.986645,RUNNING,29,-0.986645,RUNNING,29,-0.986645,RUNNING,29,-0.986645,RUNNING,-0.986645,Run1
2185,07/16/2026 11:03,29,-0.986645,RUNNING,29,-0.986645,RUNNING,29,-0.986645,RUNNING,29,-0.986645,RUNNING,29,-0.986645,RUNNING,-0.986645,Run1
2186,07/16/2026 11:04,29,-0.986645,RUNNING,29,-0.986645,RUNNING,29,-0.986645,RUNNING,29,-0.986645,RUNNING,29,-0.986645,RUNNING,-0.986645,Run1
2187,07/16/2026 11:05,29,-0.986645,RUNNING,29,-0.986645,RUNNING,29,-0.986645,RUNNING,29,-0.986645,RUNNING,29,-0.986645,RUNNING,-0.986645,Run1
2188,07/16/2026 11:06,29,-0.986645,RUNNING,29,-0.986645,RUNNING,29,-0.986645,RUNNING,29,-0.986645,RUNNING,29,-0.986645,RUNNING,-0.986645,Run1
2189,07/16/2026 11:07,29,-0.986645,RUNNING,29,-0.986645,RUNNING,29,-0.986645,RUNNING,29,-0.986645,RUNNING,29,-0.986645,RUNNING,-0.986645,Run1
2190,07/16/2026 11:08,29,-0.986645,RUNNING,29,-0.986645,RUNNING,29,-0.986645,RUNNING,29,-0.986645,RUNNING,29,-0.986645,RUNNING,-0.986645,Run1
2191,07/16/2026 11:09,29,-0.986645,RUNNING,29,-0.986645,RUNNING,29,-0.986645,RUNNING,29,-0.986645,RUNNING,29,-0.986645,RUNNING,-0.986645,Run1
2192,07/16/2026 11:10,29,-0.986645,RUNNING,29,-0.986645,RUNNING,29,-0.986645,RUNNING,29,-0.986645,RUNNING,29,-0.986645,RUNNING,-0.986645,Run1
2193,07/16/2026 11:11,29,-0.986645,RUNNING,29,-0.986645,RUNNING,29,-0.986645,RUNNING,29,-0.986645,RUNNING,29,-0.986645,RUNNING,-0.986645,Run1
2194,07/16/2026 11:12,29,-0.986645,RUNNING,29,-0.986645,RUNNING,29,-0.986645,RUNNING,29,-0.986645,RUNNING,29,-0.986645,RUNNING,-0.986645,Run1
2195,07/16/2026 11:13,29,-0.986645,RUNNING,29,-0.986645,RUNNING,29,-0.986645,RUNNING,29,-0.986645,RUNNING,29,-0.986645,RUNNING,-0.986645,Run1
2196,07/16/2026 11:14,29,-0.986645,RUNNING,29,-0.986645,RUNNING,29,-0.986645,RUNNING,29,-0.986645,RUNNING,29,-0.986645,RUNNING,-0.986645,Run1
2197,07/16/2026 11:15,29,-0.986645,RUNNING,29,-0.986645,RUNNING,29,-0.986645,RUNNING,29,-0.986645,RUNNING,29,-0.986645,RUNNING,-0.986645,Run1
2198,07/16/2026 11:16,29,-0.986645,RUNNING,29,-0.986645,RUNNING,29,-0.986645,RUNNING,29,-0.986645,RUNNING,29,-0.986645,RUNNING,-0.986645,Run1
2199,07/16/2026 11:17,29,-0.986645,RUNNING,29,-0.986645,RUNNING,29,-0.986645,RUNNING,29,-0.986645,RUNNING,29,-0.986645,RUNNING,-0.986645,Run1
2200,07/16/2026 11:18,29,-0.986645,RUNNING,29,-0.986645,RUNNING,29,-0.986645,RUNNING,29,-0.986645,RUNNING,29,-0.986645,RUNNING,-0.986645,Run1
2201,07/16/2026 11:19,29,-0.986645,RUNNING,29,-0.986645,RUNNING,29,-0.986645,RUNNING,29,-0.986645,RUNNING,29,-0.986645,RUNNING,-0.986645,Run1
2202,07/16/2026 11:20,29,-0.986645,RUNNING,29,-0.986645,RUNNING,29,-0.986645,RUNNING,29,-0.986645,RUNNING,29,-0.986645,RUNNING,-0.986645,Run1
2203,07/16/2026 11:21,29,-0.986645,RUNNING,29,-0.986645,RUNNING,29,-0.986645,RUNNING,29,-0.986645,RUNNING,29,-0.986645,RUNNING,-0.986645,Run1
2204,07/16/2026 11:22,29,-0.986645,RUNNING,29,-0.986645,RUNNING,29,-0.986645,RUNNING,29,-0.986645,RUNNING,29,-0.986645,RUNNING,-0.986645,Run1
2205,07/16/2026 11:23,29,-0.986645,RUNNING,29,-0.986645,RUNNING,29,-0.986645,RUNNING,29,-0.986645,RUNNING,29,-0.986645,RUNNING,-0.986645,Run1
2206,07/16/2026 11:24,29,-0.986645,RUNNING,29,-0.986645,RUNNING,29,-0.986645,RUNNING,29,-0.986645,RUNNING,29,-0.986645,RUNNING,-0.986645,Run1
2207,07/16/2026 11:25,29,-0.986645,RUNNING,29,-0.986645,RUNNING,29,-0.986645,RUNNING,29,-0.986645,RUNNING,29,-0.986645,RUNNING,-0.986645,Run1
2208,07/16/2026 11:26,29,-0.986645,RUNNING,29,-0.986645,RUNNING,29,-0.986645,RUNNING,29,-0.986645,RUNNING,29,-0.986645,RUNNING,-0.986645,Run1
2209,07/16/2026 11:27,29,-0.986645,RUNNING,29,-0.986645,RUNNING,29,-0.986645,RUNNING,29,-0.986645,RUNNING,29,-0.986645,RUNNING,-0.986645,Run1
2210,07/16/2026 11:29,29,-0.986645,RUNNING,29,-0.986645,RUNNING,29,-0.986645,RUNNING,29,-0.986645,RUNNING,29,-0.986645,RUNNING,-0.986645,Run1
2211,07/16/2026 11:30,29,-0.986645,RUNNING,29,-0.986645,RUNNING,29,-0.986645,RUNNING,29,-0.986645,RUNNING,29,-0.986645,RUNNING,-0.986645,Run1
2212,07/16/2026 11:31,29,-0.986645,RUNNING,29,-0.986645,RUNNING,29,-0.986645,RUNNING,29,-0.986645,RUNNING,29,-0.986645,RUNNING,-0.986645,Run1
2213,07/16/2026 11:32,29,-0.986645,RUNNING,29,-0.986645,RUNNING,29,-0.986645,RUNNING,29,-0.986645,RUNNING,29,-0.986645,RUNNING,-0.986645,Run1
2214,07/16/2026 11:33,29,-0.986645,RUNNING,29,-0.986645,RUNNING,29,-0.986645,RUNNING,29,-0.986645,RUNNING,29,-0.986645,RUNNING,-0.986645,Run1
2215,07/16/2026 11:34,29,-0.986645,RUNNING,29,-0.986645,RUNNING,29,-0.986645,RUNNING,29,-0.986645,RUNNING,29,-0.986645,RUNNING,-0.986645,Run1
2216,07/16/2026 11:35,29,-0.986645,RUNNING,29,-0.986645,RUNNING,29,-0.986645,RUNNING,29,-0.986645,RUNNING,29,-0.986645,RUNNING,-0.986645,Run1
2217,07/16/2026 11:36,29,-0.986645,RUNNING,29,-0.986645,RUNNING,29,-0.986645,RUNNING,29,-0.986645,RUNNING,29,-0.986645,RUNNING,-0.986645,Run1
2218,07/16/2026 11:37,29,-0.986645,RUNNING,29,-0.986645,RUNNING,29,-0.986645,RUNNING,29,-0.986645,RUNNING,29,-0.986645,RUNNING,-0.986645,Run1
2219,07/16/2026 11:38,29,-0.986645,RUNNING,29,-0.986645,RUNNING,29,-0.986645,RUNNING,29,-0.986645,RUNNING,29,-0.986645,RUNNING,-0.986645,Run1
2220,07/16/2026 11:39,29,-0.986645,RUNNING,29,-0.986645,RUNNING,29,-0.986645,RUNNING,29,-0.986645,RUNNING,29,-0.986645,RUNNING,-0.986645,Run1
2221,07/16/2026 11:40,29,-0.986645,RUNNING,29,-0.986645,RUNNING,29,-0.986645,RUNNING,29,-0.986645,RUNNING,29,-0.986645,RUNNING,-0.986645,Run1
2222,07/16/2026 11:41,29,-0.986645,RUNNING,29,-0.986645,RUNNING,29,-0.986645,RUNNING,29,-0.986645,RUNNING,29,-0.986645,RUNNING,-0.986645,Run1
2223,07/16/2026 11:42,29,-0.986645,RUNNING,29,-0.986645,RUNNING,29,-0.986645,RUNNING,29,-0.986645,RUNNING,29,-0.986645,RUNNING,-0.986645,Run1
2224,07/16/2026 11:43,29,-0.986645,RUNNING,29,-0.986645,RUNNING,29,-0.986645,RUNNING,29,-0.986645,RUNNING,29,-0.986645,RUNNING,-0.986645,Run1
2225,07/16/2026 11:44,29,-0.986645,RUNNING,29,-0.986645,RUNNING,29,-0.986645,RUNNING,29,-0.986645,RUNNING,29,-0.986645,RUNNING,-0.986645,Run1
2226,07/16/2026 11:45,29,-0.986645,RUNNING,29,-0.986645,RUNNING,29,-0.986645,RUNNING,29,-0.986645,RUNNING,29,-0.986645,RUNNING,-0.986645,Run1
2227,07/16/2026 11:46,29,-0.986645,RUNNING,29,-0.986645,RUNNING,29,-0.986645,RUNNING,29,-0.986645,RUNNING,29,-0.986645,RUNNING,-0.986645,Run1
2228,07/16/2026 11:47,29,-0.986645,RUNNING,29,-0.986645,RUNNING,29,-0.986645,RUNNING,29,-0.986645,RUNNING,29,-0.986645,RUNNING,-0.986645,Run1
2229,07/16/2026 11:48,29,-0.986645,RUNNING,29,-0.986645,RUNNING,29,-0.986645,RUNNING,29,-0.986645,RUNNING,29,-0.986645,RUNNING,-0.986645,Run1
2230,07/16/2026 11:49,29,-0.986645,RUNNING,29,-0.986645,RUNNING,29,-0.986645,RUNNING,29,-0.986645,RUNNING,29,-0.986645,RUNNING,-0.986645,Run1
2231,07/16/2026 11:50,29,-0.986645,RUNNING,29,-0.986645,RUNNING,29,-0.986645,RUNNING,29,-0.986645,RUNNING,29,-0.986645,RUNNING,-0.986645,Run1
2232,07/16/2026 11:51,29,-0.986645,RUNNING,29,-0.986645,RUNNING,29,-0.986645,RUNNING,29,-0.986645,RUNNING,29,-0.986645,RUNNING,-0.986645,Run1
2233,07/16/2026 11:53,29,-0.986645,RUNNING,29,-0.986645,RUNNING,29,-0.986645,RUNNING,29,-0.986645,RUNNING,29,-0.986645,RUNNING,-0.986645,Run1
2234,07/16/2026 11:54,29,-0.986645,RUNNING,29,-0.986645,RUNNING,29,-0.986645,RUNNING,29,-0.986645,RUNNING,29,-0.986645,RUNNING,-0.986645,Run1
2235,07/16/2026 11:55,29,-0.986645,RUNNING,29,-0.986645,RUNNING,29,-0.986645,RUNNING,29,-0.986645,RUNNING,29,-0.986645,RUNNING,-0.986645,Run1
2236,07/16/2026 11:56,29,-0.986645,RUNNING,29,-0.986645,RUNNING,29,-0.986645,RUNNING,29,-0.986645,RUNNING,29,-0.986645,RUNNING,-0.986645,Run1
2237,07/16/2026 11:57,29,-0.986645,RUNNING,29,-0.986645,RUNNING,29,-0.986645,RUNNING,29,-0.986645,RUNNING,29,-0.986645,RUNNING,-0.986645,Run1
2238,07/16/2026 11:58,29,-0.986645,RUNNING,29,-0.986645,RUNNING,29,-0.986645,RUNNING,29,-0.986645,RUNNING,29,-0.986645,RUNNING,-0.986645,Run1
2239,07/16/2026 11:59,29,-0.986645,RUNNING,29,-0.986645,RUNNING,29,-0.986645,RUNNING,29,-0.986645,RUNNING,29,-0.986645,RUNNING,-0.986645,Run1
2240,07/16/2026 12:00,29,-0.986645,RUNNING,29,-0.986645,RUNNING,29,-0.986645,RUNNING,29,-0.986645,RUNNING,29,-0.986645,RUNNING,-0.986645,Run1
2241,07/16/2026 12:01,29,-0.986645,RUNNING,29,-0.986645,RUNNING,29,-0.986645,RUNNING,29,-0.986645,RUNNING,29,-0.986645,RUNNING,-0.986645,Run1
2242,07/16/2026 12:02,29,-0.986645,RUNNING,29,-0.986645,RUNNING,29,-0.986645,RUNNING,29,-0.986645,RUNNING,29,-0.986645,RUNNING,-0.986645,Run1
2243,07/16/2026 12:03,29,-0.986645,RUNNING,29,-0.986645,RUNNING,29,-0.986645,RUNNING,29,-0.986645,RUNNING,29,-0.986645,RUNNING,-0.986645,Run1
2244,07/16/2026 12:04,29,-0.986645,RUNNING,29,-0.986645,RUNNING,29,-0.986645,RUNNING,29,-0.986645,RUNNING,29,-0.986645,RUNNING,-0.986645,Run1
2245,07/16/2026 12:05,29,-0.986645,RUNNING,29,-0.986645,RUNNING,29,-0.986645,RUNNING,29,-0.986645,RUNNING,29,-0.986645,RUNNING,-0.986645,Run1
2246,07/16/2026 12:06,29,-0.986645,RUNNING,29,-0.986645,RUNNING,29,-0.986645,RUNNING,29,-0.986645,RUNNING,29,-0.986645,RUNNING,-0.986645,Run1
2247,07/16/2026 12:07,29,-0.986645,RUNNING,29,-0.986645,RUNNING,29,-0.986645,RUNNING,29,-0.986645,RUNNING,29,-0.986645,RUNNING,-0.986645,Run1
2248,07/16/2026 12:08,29,-0.986645,RUNNING,29,-0.986645,RUNNING,29,-0.986645,RUNNING,29,-0.986645,RUNNING,29,-0.986645,RUNNING,-0.986645,Run1
2249,07/16/2026 12:09,29,-0.986645,RUNNING,29,-0.986645,RUNNING,29,-0.986645,RUNNING,29,-0.986645,RUNNING,29,-0.986645,RUNNING,-0.986645,Run1
2250,07/16/2026 12:10,29,-0.986645,RUNNING,29,-0.986645,RUNNING,29,-0.986645,RUNNING,29,-0.986645,RUNNING,29,-0.986645,RUNNING,-0.986645,Run1
2251,07/16/2026 12:11,29,-0.986645,RUNNING,29,-0.986645,RUNNING,29,-0.986645,RUNNING,29,-0.986645,RUNNING,29,-0.986645,RUNNING,-0.986645,Run1
2252,07/16/2026 12:12,29,-0.986645,RUNNING,29,-0.986645,RUNNING,29,-0.986645,RUNNING,29,-0.986645,RUNNING,29,-0.986645,RUNNING,-0.986645,Run1
2253,07/16/2026 12:13,29,-0.986645,RUNNING,29,-0.986645,RUNNING,29,-0.986645,RUNNING,29,-0.986645,RUNNING,29,-0.986645,RUNNING,-0.986645,Run1
2254,07/16/2026 12:14,29,-0.986645,RUNNING,29,-0.986645,RUNNING,29,-0.986645,RUNNING,29,-0.986645,RUNNING,29,-0.986645,RUNNING,-0.986645,Run1
2255,07/16/2026 12:15,29,-0.986645,RUNNING,29,-0.986645,RUNNING,29,-0.986645,RUNNING,29,-0.986645,RUNNING,29,-0.986645,RUNNING,-0.986645,Run1
2256,07/16/2026 12:16,29,-0.986645,RUNNING,29,-0.986645,RUNNING,29,-0.986645,RUNNING,29,-0.986645,RUNNING,29,-0.986645,RUNNING,-0.986645,Run1
2257,07/16/2026 12:18,29,-0.986645,RUNNING,29,-0.986645,RUNNING,29,-0.986645,RUNNING,29,-0.986645,RUNNING,29,-0.986645,RUNNING,-0.986645,Run1
2258,07/16/2026 12:19,29,-0.986645,RUNNING,29,-0.986645,RUNNING,29,-0.986645,RUNNING,29,-0.986645,RUNNING,29,-0.986645,RUNNING,-0.986645,Run1
2259,07/16/2026 12:20,29,-0.986645,RUNNING,29,-0.986645,RUNNING,29,-0.986645,RUNNING,29,-0.986645,RUNNING,29,-0.986645,RUNNING,-0.986645,Run1
2260,07/16/2026 12:21,29,-0.986645,RUNNING,29,-0.986645,RUNNING,29,-0.986645,RUNNING,29,-0.986645,RUNNING,29,-0.986645,RUNNING,-0.986645,Run1
2261,07/16/2026 12:22,29,-0.986645,RUNNING,29,-0.986645,RUNNING,29,-0.986645,RUNNING,29,-0.986645,RUNNING,29,-0.986645,RUNNING,-0.986645,Run1
2262,07/16/2026 12:23,29,-0.986645,RUNNING,29,-0.986645,RUNNING,29,-0.986645,RUNNING,29,-0.986645,RUNNING,29,-0.986645,RUNNING,-0.986645,Run1
2263,07/16/2026 12:24,29,-0.986645,RUNNING,29,-0.986645,RUNNING,29,-0.986645,RUNNING,29,-0.986645,RUNNING,29,-0.986645,RUNNING,-0.986645,Run1
2264,07/16/2026 12:25,29,-0.986645,RUNNING,29,-0.986645,RUNNING,29,-0.986645,RUNNING,29,-0.986645,RUNNING,29,-0.986645,RUNNING,-0.986645,Run1
2265,07/16/2026 12:26,29,-0.986645,RUNNING,29,-0.986645,RUNNING,29,-0.986645,RUNNING,29,-0.986645,RUNNING,29,-0.986645,RUNNING,-0.986645,Run1
2266,07/16/2026 12:27,29,-0.986645,RUNNING,29,-0.986645,RUNNING,29,-0.986645,RUNNING,29,-0.986645,RUNNING,29,-0.986645,RUNNING,-0.986645,Run1
2267,07/16/2026 12:28,29,-0.986645,RUNNING,29,-0.986645,RUNNING,29,-0.986645,RUNNING,29,-0.986645,RUNNING,29,-0.986645,RUNNING,-0.986645,Run1
2268,07/16/2026 12:29,29,-0.986645,RUNNING,29,-0.986645,RUNNING,29,-0.986645,RUNNING,29,-0.986645,RUNNING,29,-0.986645,RUNNING,-0.986645,Run1
2269,07/16/2026 12:30,29,-0.986645,RUNNING,29,-0.986645,RUNNING,29,-0.986645,RUNNING,29,-0.986645,RUNNING,29,-0.986645,RUNNING,-0.986645,Run1
2270,07/16/2026 12:31,29,-0.986645,RUNNING,29,-0.986645,RUNNING,29,-0.986645,RUNNING,29,-0.986645,RUNNING,29,-0.986645,RUNNING,-0.986645,Run1
2271,07/16/2026 12:32,29,-0.986645,RUNNING,29,-0.986645,RUNNING,29,-0.986645,RUNNING,29,-0.986645,RUNNING,29,-0.986645,RUNNING,-0.986645,Run1
2272,07/16/2026 12:33,29,-0.986645,RUNNING,29,-0.986645,RUNNING,29,-0.986645,RUNNING,29,-0.986645,RUNNING,29,-0.986645,RUNNING,-0.986645,Run1
2273,07/16/2026 12:34,29,-0.986645,RUNNING,29,-0.986645,RUNNING,29,-0.986645,RUNNING,29,-0.986645,RUNNING,29,-0.986645,RUNNING,-0.986645,Run1
2274,07/16/2026 12:35,29,-0.986645,RUNNING,29,-0.986645,RUNNING,29,-0.986645,RUNNING,29,-0.986645,RUNNING,29,-0.986645,RUNNING,-0.986645,Run1
2275,07/16/2026 12:36,29,-0.986645,RUNNING,29,-0.986645,RUNNING,29,-0.986645,RUNNING,29,-0.986645,RUNNING,29,-0.986645,RUNNING,-0.986645,Run1
2276,07/16/2026 12:37,29,-0.986645,RUNNING,29,-0.986645,RUNNING,29,-0.986645,RUNNING,29,-0.986645,RUNNING,29,-0.986645,RUNNING,-0.986645,Run1
2277,07/16/2026 12:38,29,-0.986645,RUNNING,29,-0.986645,RUNNING,29,-0.986645,RUNNING,29,-0.986645,RUNNING,29,-0.986645,RUNNING,-0.986645,Run1
2278,07/16/2026 12:39,29,-0.986645,RUNNING,29,-0.986645,RUNNING,29,-0.986645,RUNNING,29,-0.986645,RUNNING,29,-0.986645,RUNNING,-0.986645,Run1
2279,07/16/2026 12:40,29,-0.986645,RUNNING,29,-0.986645,RUNNING,29,-0.986645,RUNNING,29,-0.986645,RUNNING,29,-0.986645,RUNNING,-0.986645,Run1
2280,07/16/2026 12:41,29,-0.986645,RUNNING,29,-0.986645,RUNNING,29,-0.986645,RUNNING,29,-0.986645,RUNNING,29,-0.986645,RUNNING,-0.986645,Run1
2281,07/16/2026 12:43,29,-0.986645,RUNNING,29,-0.986645,RUNNING,29,-0.986645,RUNNING,29,-0.986645,RUNNING,29,-0.986645,RUNNING,-0.986645,Run1
2282,07/16/2026 12:44,29,-0.986645,RUNNING,29,-0.986645,RUNNING,29,-0.986645,RUNNING,29,-0.986645,RUNNING,29,-0.986645,RUNNING,-0.986645,Run1
2283,07/16/2026 12:45,29,-0.986645,RUNNING,29,-0.986645,RUNNING,29,-0.986645,RUNNING,29,-0.986645,RUNNING,29,-0.986645,RUNNING,-0.986645,Run1
2284,07/16/2026 12:46,29,-0.986645,RUNNING,29,-0.986645,RUNNING,29,-0.986645,RUNNING,29,-0.986645,RUNNING,29,-0.986645,RUNNING,-0.986645,Run1
2285,07/16/2026 12:47,29,-0.986645,RUNNING,29,-0.986645,RUNNING,29,-0.986645,RUNNING,29,-0.986645,RUNNING,29,-0.986645,RUNNING,-0.986645,Run1
2286,07/16/2026 12:48,29,-0.986645,RUNNING,29,-0.986645,RUNNING,29,-0.986645,RUNNING,29,-0.986645,RUNNING,29,-0.986645,RUNNING,-0.986645,Run1
2287,07/16/2026 12:49,29,-0.986645,RUNNING,29,-0.986645,RUNNING,29,-0.986645,RUNNING,29,-0.986645,RUNNING,29,-0.986645,RUNNING,-0.986645,Run1
2288,07/16/2026 12:50,29,-0.986645,RUNNING,29,-0.986645,RUNNING,29,-0.986645,RUNNING,29,-0.986645,RUNNING,29,-0.986645,RUNNING,-0.986645,Run1
2289,07/16/2026 12:51,29,-0.986645,RUNNING,29,-0.986645,RUNNING,29,-0.986645,RUNNING,29,-0.986645,RUNNING,29,-0.986645,RUNNING,-0.986645,Run1
2290,07/16/2026 12:52,29,-0.986645,RUNNING,29,-0.986645,RUNNING,29,-0.986645,RUNNING,29,-0.986645,RUNNING,29,-0.986645,RUNNING,-0.986645,Run1
2291,07/16/2026 12:53,29,-0.986645,RUNNING,29,-0.986645,RUNNING,29,-0.986645,RUNNING,29,-0.986645,RUNNING,29,-0.986645,RUNNING,-0.986645,Run1
2292,07/16/2026 12:54,29,-0.986645,RUNNING,29,-0.986645,RUNNING,29,-0.986645,RUNNING,29,-0.986645,RUNNING,29,-0.986645,RUNNING,-0.986645,Run1
2293,07/16/2026 12:55,29,-0.986645,RUNNING,29,-0.986645,RUNNING,29,-0.986645,RUNNING,29,-0.986645,RUNNING,29,-0.986645,RUNNING,-0.986645,Run1
2294,07/16/2026 12:56,29,-0.986645,RUNNING,29,-0.986645,RUNNING,29,-0.986645,RUNNING,29,-0.986645,RUNNING,29,-0.986645,RUNNING,-0.986645,Run1
2295,07/16/2026 12:57,29,-0.986645,RUNNING,29,-0.986645,RUNNING,29,-0.986645,RUNNING,29,-0.986645,RUNNING,29,-0.986645,RUNNING,-0.986645,Run1
2296,07/16/2026 12:58,29,-0.986645,RUNNING,29,-0.986645,RUNNING,29,-0.986645,RUNNING,29,-0.986645,RUNNING,29,-0.986645,RUNNING,-0.986645,Run1
2297,07/16/2026 12:59,29,-0.986645,RUNNING,29,-0.986645,RUNNING,29,-0.986645,RUNNING,29,-0.986645,RUNNING,29,-0.986645,RUNNING,-0.986645,Run1
2298,07/16/2026 13:00,29,-0.986645,RUNNING,29,-0.986645,RUNNING,29,-0.986645,RUNNING,29,-0.986645,RUNNING,29,-0.986645,RUNNING,-0.986645,Run1
2299,07/16/2026 13:01,29,-0.986645,RUNNING,29,-0.986645,RUNNING,29,-0.986645,RUNNING,29,-0.986645,RUNNING,29,-0.986645,RUNNING,-0.986645,Run1
2300,07/16/2026 13:02,29,-0.986645,RUNNING,29,-0.986645,RUNNING,29,-0.986645,RUNNING,29,-0.986645,RUNNING,29,-0.986645,RUNNING,-0.986645,Run1
2301,07/16/2026 13:04,29,-0.986645,RUNNING,29,-0.986645,RUNNING,29,-0.986645,RUNNING,29,-0.986645,RUNNING,29,-0.986645,RUNNING,-0.986645,Run1
2302,07/16/2026 13:05,29,-0.986645,RUNNING,29,-0.986645,RUNNING,29,-0.986645,RUNNING,29,-0.986645,RUNNING,29,-0.986645,RUNNING,-0.986645,Run1
2303,07/16/2026 13:06,29,-0.986645,RUNNING,29,-0.986645,RUNNING,29,-0.986645,RUNNING,29,-0.986645,RUNNING,29,-0.986645,RUNNING,-0.986645,Run1
2304,07/16/2026 13:07,29,-0.986645,RUNNING,29,-0.986645,RUNNING,29,-0.986645,RUNNING,29,-0.986645,RUNNING,29,-0.986645,RUNNING,-0.986645,Run1
2305,07/16/2026 13:08,29,-0.986645,RUNNING,29,-0.986645,RUNNING,29,-0.986645,RUNNING,29,-0.986645,RUNNING,29,-0.986645,RUNNING,-0.986645,Run1
2306,07/16/2026 13:09,29,-0.986645,RUNNING,29,-0.986645,RUNNING,29,-0.986645,RUNNING,29,-0.986645,RUNNING,29,-0.986645,RUNNING,-0.986645,Run1
2307,07/16/2026 13:10,29,-0.986645,RUNNING,29,-0.986645,RUNNING,29,-0.986645,RUNNING,29,-0.986645,RUNNING,29,-0.986645,RUNNING,-0.986645,Run1
2308,07/16/2026 13:11,29,-0.986645,RUNNING,29,-0.986645,RUNNING,29,-0.986645,RUNNING,29,-0.986645,RUNNING,29,-0.986645,RUNNING,-0.986645,Run1
2309,07/16/2026 13:13,29,-0.986645,RUNNING,29,-0.986645,RUNNING,29,-0.986645,RUNNING,29,-0.986645,RUNNING,29,-0.986645,RUNNING,-0.986645,Run1
2310,07/16/2026 13:14,29,-0.986645,RUNNING,29,-0.986645,RUNNING,29,-0.986645,RUNNING,29,-0.986645,RUNNING,29,-0.986645,RUNNING,-0.986645,Run1
2311,07/16/2026 13:15,29,-0.986645,RUNNING,29,-0.986645,RUNNING,29,-0.986645,RUNNING,29,-0.986645,RUNNING,29,-0.986645,RUNNING,-0.986645,Run1
2312,07/16/2026 13:16,29,-0.986645,RUNNING,29,-0.986645,RUNNING,29,-0.986645,RUNNING,29,-0.986645,RUNNING,29,-0.986645,RUNNING,-0.986645,Run1
2313,07/16/2026 13:17,29,-0.986645,RUNNING,29,-0.986645,RUNNING,29,-0.986645,RUNNING,29,-0.986645,RUNNING,29,-0.986645,RUNNING,-0.986645,Run1
2314,07/16/2026 13:18,29,-0.986645,RUNNING,29,-0.986645,RUNNING,29,-0.986645,RUNNING,29,-0.986645,RUNNING,29,-0.986645,RUNNING,-0.986645,Run1
2315,07/16/2026 13:19,29,-0.986645,RUNNING,29,-0.986645,RUNNING,29,-0.986645,RUNNING,29,-0.986645,RUNNING,29,-0.986645,RUNNING,-0.986645,Run1
2316,07/16/2026 13:20,29,-0.986645,RUNNING,29,-0.986645,RUNNING,29,-0.986645,RUNNING,29,-0.986645,RUNNING,29,-0.986645,RUNNING,-0.986645,Run1
2317,07/16/2026 13:21,29,-0.986645,RUNNING,29,-0.986645,RUNNING,29,-0.986645,RUNNING,29,-0.986645,RUNNING,29,-0.986645,RUNNING,-0.986645,Run1
2318,07/16/2026 13:23,29,-0.986645,RUNNING,29,-0.986645,RUNNING,29,-0.986645,RUNNING,29,-0.986645,RUNNING,29,-0.986645,RUNNING,-0.986645,Run1
2319,07/16/2026 13:24,29,-0.986645,RUNNING,29,-0.986645,RUNNING,29,-0.986645,RUNNING,29,-0.986645,RUNNING,29,-0.986645,RUNNING,-0.986645,Run1
2320,07/16/2026 13:25,29,-0.986645,RUNNING,29,-0.986645,RUNNING,29,-0.986645,RUNNING,29,-0.986645,RUNNING,29,-0.986645,RUNNING,-0.986645,Run1
2321,07/16/2026 13:26,29,-0.986645,RUNNING,29,-0.986645,RUNNING,29,-0.986645,RUNNING,29,-0.986645,RUNNING,29,-0.986645,RUNNING,-0.986645,Run1
2322,07/16/2026 13:27,29,-0.986645,RUNNING,29,-0.986645,RUNNING,29,-0.986645,RUNNING,29,-0.986645,RUNNING,29,-0.986645,RUNNING,-0.986645,Run1
2323,07/16/2026 13:28,29,-0.986645,RUNNING,29,-0.986645,RUNNING,29,-0.986645,RUNNING,29,-0.986645,RUNNING,29,-0.986645,RUNNING,-0.986645,Run1
2324,07/16/2026 13:29,29,-0.986645,RUNNING,29,-0.986645,RUNNING,29,-0.986645,RUNNING,29,-0.986645,RUNNING,29,-0.986645,RUNNING,-0.986645,Run1
2325,07/16/2026 13:30,29,-0.986645,RUNNING,29,-0.986645,RUNNING,29,-0.986645,RUNNING,29,-0.986645,RUNNING,29,-0.986645,RUNNING,-0.986645,Run1
2326,07/16/2026 13:31,29,-0.986645,RUNNING,29,-0.986645,RUNNING,29,-0.986645,RUNNING,29,-0.986645,RUNNING,29,-0.986645,RUNNING,-0.986645,Run1
2327,07/16/2026 13:33,29,-0.986645,RUNNING,29,-0.986645,RUNNING,29,-0.986645,RUNNING,29,-0.986645,RUNNING,29,-0.986645,RUNNING,-0.986645,Run1
2328,07/16/2026 13:34,29,-0.986645,RUNNING,29,-0.986645,RUNNING,29,-0.986645,RUNNING,29,-0.986645,RUNNING,29,-0.986645,RUNNING,-0.986645,Run1
2329,07/16/2026 13:35,29,-0.986645,RUNNING,29,-0.986645,RUNNING,29,-0.986645,RUNNING,29,-0.986645,RUNNING,29,-0.986645,RUNNING,-0.986645,Run1
2330,07/16/2026 13:36,29,-0.986645,RUNNING,29,-0.986645,RUNNING,29,-0.986645,RUNNING,29,-0.986645,RUNNING,29,-0.986645,RUNNING,-0.986645,Run1
2331,07/16/2026 13:37,29,-0.986645,RUNNING,29,-0.986645,RUNNING,29,-0.986645,RUNNING,29,-0.986645,RUNNING,29,-0.986645,RUNNING,-0.986645,Run1
2332,07/16/2026 13:38,29,-0.986645,RUNNING,29,-0.986645,RUNNING,29,-0.986645,RUNNING,29,-0.986645,RUNNING,29,-0.986645,RUNNING,-0.986645,Run1
2333,07/16/2026 13:40,29,-0.986645,RUNNING,29,-0.986645,RUNNING,29,-0.986645,RUNNING,29,-0.986645,RUNNING,29,-0.986645,RUNNING,-0.986645,Run1
2334,07/16/2026 13:41,29,-0.986645,RUNNING,29,-0.986645,RUNNING,29,-0.986645,RUNNING,29,-0.986645,RUNNING,29,-0.986645,RUNNING,-0.986645,Run1
2335,07/16/2026 13:42,29,-0.986645,RUNNING,29,-0.986645,RUNNING,29,-0.986645,RUNNING,29,-0.986645,RUNNING,29,-0.986645,RUNNING,-0.986645,Run1
2336,07/16/2026 13:43,29,-0.986645,RUNNING,29,-0.986645,RUNNING,29,-0.986645,RUNNING,29,-0.986645,RUNNING,29,-0.986645,RUNNING,-0.986645,Run1
2337,07/16/2026 13:44,29,-0.986645,RUNNING,29,-0.986645,RUNNING,29,-0.986645,RUNNING,29,-0.986645,RUNNING,29,-0.986645,RUNNING,-0.986645,Run1
2338,07/16/2026 13:45,29,-0.986645,RUNNING,29,-0.986645,RUNNING,29,-0.986645,RUNNING,29,-0.986645,RUNNING,29,-0.986645,RUNNING,-0.986645,Run1
2339,07/16/2026 13:46,29,-0.986645,RUNNING,29,-0.986645,RUNNING,29,-0.986645,RUNNING,29,-0.986645,RUNNING,29,-0.986645,RUNNING,-0.986645,Run1
2340,07/16/2026 13:47,29,-0.986645,RUNNING,29,-0.986645,RUNNING,29,-0.986645,RUNNING,29,-0.986645,RUNNING,29,-0.986645,RUNNING,-0.986645,Run1
2341,07/16/2026 13:49,29,-0.986645,RUNNING,29,-0.986645,RUNNING,29,-0.986645,RUNNING,29,-0.986645,RUNNING,29,-0.986645,RUNNING,-0.986645,Run1
2342,07/16/2026 13:50,29,-0.986645,RUNNING,29,-0.986645,RUNNING,29,-0.986645,RUNNING,29,-0.986645,RUNNING,29,-0.986645,RUNNING,-0.986645,Run1
2343,07/16/2026 13:51,29,-0.986645,RUNNING,29,-0.986645,RUNNING,29,-0.986645,RUNNING,29,-0.986645,RUNNING,29,-0.986645,RUNNING,-0.986645,Run1
2344,07/16/2026 13:52,29,-0.986645,RUNNING,29,-0.986645,RUNNING,29,-0.986645,RUNNING,29,-0.986645,RUNNING,29,-0.986645,RUNNING,-0.986645,Run1
2345,07/16/2026 13:53,29,-0.986645,RUNNING,29,-0.986645,RUNNING,29,-0.986645,RUNNING,29,-0.986645,RUNNING,29,-0.986645,RUNNING,-0.986645,Run1
2346,07/16/2026 13:54,29,-0.986645,RUNNING,29,-0.986645,RUNNING,29,-0.986645,RUNNING,29,-0.986645,RUNNING,29,-0.986645,RUNNING,-0.986645,Run1
2347,07/16/2026 13:55,29,-0.986645,RUNNING,29,-0.986645,RUNNING,29,-0.986645,RUNNING,29,-0.986645,RUNNING,29,-0.986645,RUNNING,-0.986645,Run1
2348,07/16/2026 13:56,29,-0.986645,RUNNING,29,-0.986645,RUNNING,29,-0.986645,RUNNING,29,-0.986645,RUNNING,29,-0.986645,RUNNING,-0.986645,Run1
2349,07/16/2026 13:58,29,-0.986645,RUNNING,29,-0.986645,RUNNING,29,-0.986645,RUNNING,29,-0.986645,RUNNING,29,-0.986645,RUNNING,-0.986645,Run1
2350,07/16/2026 13:59,29,-0.986645,RUNNING,29,-0.986645,RUNNING,29,-0.986645,RUNNING,29,-0.986645,RUNNING,29,-0.986645,RUNNING,-0.986645,Run1
2351,07/16/2026 14:00,29,-0.986645,RUNNING,29,-0.986645,RUNNING,29,-0.986645,RUNNING,29,-0.986645,RUNNING,29,-0.986645,RUNNING,-0.986645,Run1
2352,07/16/2026 14:01,29,-0.986645,RUNNING,29,-0.986645,RUNNING,29,-0.986645,RUNNING,29,-0.986645,RUNNING,29,-0.986645,RUNNING,-0.986645,Run1
2353,07/16/2026 14:02,29,-0.986645,RUNNING,29,-0.986645,RUNNING,29,-0.986645,RUNNING,29,-0.986645,RUNNING,29,-0.986645,RUNNING,-0.986645,Run1
2354,07/16/2026 14:03,29,-0.986645,RUNNING,29,-0.986645,RUNNING,29,-0.986645,RUNNING,29,-0.986645,RUNNING,29,-0.986645,RUNNING,-0.986645,Run1
2355,07/16/2026 14:04,29,-0.986645,RUNNING,29,-0.986645,RUNNING,29,-0.986645,RUNNING,29,-0.986645,RUNNING,29,-0.986645,RUNNING,-0.986645,Run1
2356,07/16/2026 14:06,29,-0.986645,RUNNING,29,-0.986645,RUNNING,29,-0.986645,RUNNING,29,-0.986645,RUNNING,29,-0.986645,RUNNING,-0.986645,Run1
2357,07/16/2026 14:07,29,-0.986645,RUNNING,29,-0.986645,RUNNING,29,-0.986645,RUNNING,29,-0.986645,RUNNING,29,-0.986645,RUNNING,-0.986645,Run1
2358,07/16/2026 14:08,29,-0.986645,RUNNING,29,-0.986645,RUNNING,29,-0.986645,RUNNING,29,-0.986645,RUNNING,29,-0.986645,RUNNING,-0.986645,Run1
2359,07/16/2026 14:09,29,-0.986645,RUNNING,29,-0.986645,RUNNING,29,-0.986645,RUNNING,29,-0.986645,RUNNING,29,-0.986645,RUNNING,-0.986645,Run1
2360,07/16/2026 14:10,29,-0.986645,RUNNING,29,-0.986645,RUNNING,29,-0.986645,RUNNING,29,-0.986645,RUNNING,29,-0.986645,RUNNING,-0.986645,Run1
2361,07/16/2026 14:11,29,-0.986645,RUNNING,29,-0.986645,RUNNING,29,-0.986645,RUNNING,29,-0.986645,RUNNING,29,-0.986645,RUNNING,-0.986645,Run1
2362,07/16/2026 14:12,29,-0.986645,RUNNING,29,-0.986645,RUNNING,29,-0.986645,RUNNING,29,-0.986645,RUNNING,29,-0.986645,RUNNING,-0.986645,Run1
2363,07/16/2026 14:13,29,-0.986645,RUNNING,29,-0.986645,RUNNING,29,-0.986645,RUNNING,29,-0.986645,RUNNING,29,-0.986645,RUNNING,-0.986645,Run1
2364,07/16/2026 14:15,29,-0.986645,RUNNING,29,-0.986645,RUNNING,29,-0.986645,RUNNING,29,-0.986645,RUNNING,29,-0.986645,RUNNING,-0.986645,Run1
2365,07/16/2026 14:16,29,-0.986645,RUNNING,29,-0.986645,RUNNING,29,-0.986645,RUNNING,29,-0.986645,RUNNING,29,-0.986645,RUNNING,-0.986645,Run1
2366,07/16/2026 14:17,29,-0.986645,RUNNING,29,-0.986645,RUNNING,29,-0.986645,RUNNING,29,-0.986645,RUNNING,29,-0.986645,RUNNING,-0.986645,Run1
2367,07/16/2026 14:18,29,-0.986645,RUNNING,29,-0.986645,RUNNING,29,-0.986645,RUNNING,29,-0.986645,RUNNING,29,-0.986645,RUNNING,-0.986645,Run1
2368,07/16/2026 14:19,29,-0.986645,RUNNING,29,-0.986645,RUNNING,29,-0.986645,RUNNING,29,-0.986645,RUNNING,29,-0.986645,RUNNING,-0.986645,Run1
2369,07/16/2026 14:21,29,-0.986645,RUNNING,29,-0.986645,RUNNING,29,-0.986645,RUNNING,29,-0.986645,RUNNING,29,-0.986645,RUNNING,-0.986645,Run1
2370,07/16/2026 14:22,29,-0.986645,RUNNING,29,-0.986645,RUNNING,29,-0.986645,RUNNING,29,-0.986645,RUNNING,29,-0.986645,RUNNING,-0.986645,Run1
2371,07/16/2026 14:23,29,-0.986645,RUNNING,29,-0.986645,RUNNING,29,-0.986645,RUNNING,29,-0.986645,RUNNING,29,-0.986645,RUNNING,-0.986645,Run1
2372,07/16/2026 14:24,29,-0.986645,RUNNING,29,-0.986645,RUNNING,29,-0.986645,RUNNING,29,-0.986645,RUNNING,29,-0.986645,RUNNING,-0.986645,Run1
2373,07/16/2026 14:25,29,-0.986645,RUNNING,29,-0.986645,RUNNING,29,-0.986645,RUNNING,29,-0.986645,RUNNING,29,-0.986645,RUNNING,-0.986645,Run1
2374,07/16/2026 14:26,29,-0.986645,RUNNING,29,-0.986645,RUNNING,29,-0.986645,RUNNING,29,-0.986645,RUNNING,29,-0.986645,RUNNING,-0.986645,Run1
2375,07/16/2026 14:28,29,-0.986645,RUNNING,29,-0.986645,RUNNING,29,-0.986645,RUNNING,29,-0.986645,RUNNING,29,-0.986645,RUNNING,-0.986645,Run1
2376,07/16/2026 14:29,29,-0.986645,RUNNING,29,-0.986645,RUNNING,29,-0.986645,RUNNING,29,-0.986645,RUNNING,29,-0.986645,RUNNING,-0.986645,Run1
2377,07/16/2026 14:30,29,-0.986645,RUNNING,29,-0.986645,RUNNING,29,-0.986645,RUNNING,29,-0.986645,RUNNING,29,-0.986645,RUNNING,-0.986645,Run1
2378,07/16/2026 14:31,29,-0.986645,RUNNING,29,-0.986645,RUNNING,29,-0.986645,RUNNING,29,-0.986645,RUNNING,29,-0.986645,RUNNING,-0.986645,Run1
2379,07/16/2026 14:32,29,-0.986645,RUNNING,29,-0.986645,RUNNING,29,-0.986645,RUNNING,29,-0.986645,RUNNING,29,-0.986645,RUNNING,-0.986645,Run1
2380,07/16/2026 14:33,29,-0.986645,RUNNING,29,-0.986645,RUNNING,29,-0.986645,RUNNING,29,-0.986645,RUNNING,29,-0.986645,RUNNING,-0.986645,Run1
2381,07/16/2026 14:34,29,-0.986645,RUNNING,29,-0.986645,RUNNING,29,-0.986645,RUNNING,29,-0.986645,RUNNING,29,-0.986645,RUNNING,-0.986645,Run1
2382,07/16/2026 14:35,29,-0.986645,RUNNING,29,-0.986645,RUNNING,29,-0.986645,RUNNING,29,-0.986645,RUNNING,29,-0.986645,RUNNING,-0.986645,Run1
2383,07/16/2026 14:37,29,-0.986645,RUNNING,29,-0.986645,RUNNING,29,-0.986645,RUNNING,29,-0.986645,RUNNING,29,-0.986645,RUNNING,-0.986645,Run1
2384,07/16/2026 14:38,29,-0.986645,RUNNING,29,-0.986645,RUNNING,29,-0.986645,RUNNING,29,-0.986645,RUNNING,29,-0.986645,RUNNING,-0.986645,Run1
2385,07/16/2026 14:39,29,-0.986645,RUNNING,29,-0.986645,RUNNING,29,-0.986645,RUNNING,29,-0.986645,RUNNING,29,-0.986645,RUNNING,-0.986645,Run1
2386,07/16/2026 14:40,29,-0.986645,RUNNING,29,-0.986645,RUNNING,29,-0.986645,RUNNING,29,-0.986645,RUNNING,29,-0.986645,RUNNING,-0.986645,Run1
2387,07/16/2026 14:41,29,-0.986645,RUNNING,29,-0.986645,RUNNING,29,-0.986645,RUNNING,29,-0.986645,RUNNING,29,-0.986645,RUNNING,-0.986645,Run1
2388,07/16/2026 14:42,29,-0.986645,RUNNING,29,-0.986645,RUNNING,29,-0.986645,RUNNING,29,-0.986645,RUNNING,29,-0.986645,RUNNING,-0.986645,Run1
2389,07/16/2026 14:43,29,-0.986645,RUNNING,29,-0.986645,RUNNING,29,-0.986645,RUNNING,29,-0.986645,RUNNING,29,-0.986645,RUNNING,-0.986645,Run1
2390,07/16/2026 14:44,29,-0.986645,RUNNING,29,-0.986645,RUNNING,29,-0.986645,RUNNING,29,-0.986645,RUNNING,29,-0.986645,RUNNING,-0.986645,Run1
2391,07/16/2026 14:45,29,-0.986645,RUNNING,29,-0.986645,RUNNING,29,-0.986645,RUNNING,29,-0.986645,RUNNING,29,-0.986645,RUNNING,-0.986645,Run1
2392,07/16/2026 14:46,29,-0.986645,RUNNING,29,-0.986645,RUNNING,29,-0.986645,RUNNING,29,-0.986645,RUNNING,29,-0.986645,RUNNING,-0.986645,Run1
2393,07/16/2026 14:47,29,-0.986645,RUNNING,29,-0.986645,RUNNING,29,-0.986645,RUNNING,29,-0.986645,RUNNING,29,-0.986645,RUNNING,-0.986645,Run1
2394,07/16/2026 14:48,29,-0.986645,RUNNING,29,-0.986645,RUNNING,29,-0.986645,RUNNING,29,-0.986645,RUNNING,29,-0.986645,RUNNING,-0.986645,Run1
2395,07/16/2026 14:49,29,-0.986645,RUNNING,29,-0.986645,RUNNING,29,-0.986645,RUNNING,29,-0.986645,RUNNING,29,-0.986645,RUNNING,-0.986645,Run1
2396,07/16/2026 14:50,29,-0.986645,RUNNING,29,-0.986645,RUNNING,29,-0.986645,RUNNING,29,-0.986645,RUNNING,29,-0.986645,RUNNING,-0.986645,Run1
2397,07/16/2026 14:51,29,-0.986645,RUNNING,29,-0.986645,RUNNING,29,-0.986645,RUNNING,29,-0.986645,RUNNING,29,-0.986645,RUNNING,-0.986645,Run1
2398,07/16/2026 14:52,29,-0.986645,RUNNING,29,-0.986645,RUNNING,29,-0.986645,RUNNING,29,-0.986645,RUNNING,29,-0.986645,RUNNING,-0.986645,Run1
2399,07/16/2026 14:53,29,-0.986645,RUNNING,29,-0.986645,RUNNING,29,-0.986645,RUNNING,29,-0.986645,RUNNING,29,-0.986645,RUNNING,-0.986645,Run1
2400,07/16/2026 14:54,29,-0.986645,RUNNING,29,-0.986645,RUNNING,29,-0.986645,RUNNING,29,-0.986645,RUNNING,29,-0.986645,RUNNING,-0.986645,Run1
2401,07/16/2026 14:55,29,-0.986645,RUNNING,29,-0.986645,RUNNING,29,-0.986645,RUNNING,29,-0.986645,RUNNING,29,-0.986645,RUNNING,-0.986645,Run1
2402,07/16/2026 14:56,29,-0.986645,RUNNING,29,-0.986645,RUNNING,29,-0.986645,RUNNING,29,-0.986645,RUNNING,29,-0.986645,RUNNING,-0.986645,Run1
2403,07/16/2026 14:58,29,-0.986645,RUNNING,29,-0.986645,RUNNING,29,-0.986645,RUNNING,29,-0.986645,RUNNING,29,-0.986645,RUNNING,-0.986645,Run1
2404,07/16/2026 14:59,29,-0.986645,RUNNING,29,-0.986645,RUNNING,29,-0.986645,RUNNING,29,-0.986645,RUNNING,29,-0.986645,RUNNING,-0.986645,Run1
2405,07/16/2026 15:00,29,-0.986645,RUNNING,29,-0.986645,RUNNING,29,-0.986645,RUNNING,29,-0.986645,RUNNING,29,-0.986645,RUNNING,-0.986645,Run1
2406,07/16/2026 15:01,29,-0.986645,RUNNING,29,-0.986645,RUNNING,29,-0.986645,RUNNING,29,-0.986645,RUNNING,29,-0.986645,RUNNING,-0.986645,Run1
2407,07/16/2026 15:02,29,-0.986645,RUNNING,29,-0.986645,RUNNING,29,-0.986645,RUNNING,29,-0.986645,RUNNING,29,-0.986645,RUNNING,-0.986645,Run1
2408,07/16/2026 15:03,29,-0.986645,RUNNING,29,-0.986645,RUNNING,29,-0.986645,RUNNING,29,-0.986645,RUNNING,29,-0.986645,RUNNING,-0.986645,Run1
2409,07/16/2026 15:04,29,-0.986645,RUNNING,29,-0.986645,RUNNING,29,-0.986645,RUNNING,29,-0.986645,RUNNING,29,-0.986645,RUNNING,-0.986645,Run1
2410,07/16/2026 15:05,29,-0.986645,RUNNING,29,-0.986645,RUNNING,29,-0.986645,RUNNING,29,-0.986645,RUNNING,29,-0.986645,RUNNING,-0.986645,Run1
2411,07/16/2026 15:06,29,-0.986645,RUNNING,29,-0.986645,RUNNING,29,-0.986645,RUNNING,29,-0.986645,RUNNING,29,-0.986645,RUNNING,-0.986645,Run1
2412,07/16/2026 15:07,29,-0.986645,RUNNING,29,-0.986645,RUNNING,29,-0.986645,RUNNING,29,-0.986645,RUNNING,29,-0.986645,RUNNING,-0.986645,Run1
2413,07/16/2026 15:08,29,-0.986645,RUNNING,29,-0.986645,RUNNING,29,-0.986645,RUNNING,29,-0.986645,RUNNING,29,-0.986645,RUNNING,-0.986645,Run1
2414,07/16/2026 15:09,29,-0.986645,RUNNING,29,-0.986645,RUNNING,29,-0.986645,RUNNING,29,-0.986645,RUNNING,29,-0.986645,RUNNING,-0.986645,Run1
2415,07/16/2026 15:10,29,-0.986645,RUNNING,29,-0.986645,RUNNING,29,-0.986645,RUNNING,29,-0.986645,RUNNING,29,-0.986645,RUNNING,-0.986645,Run1
2416,07/16/2026 15:11,29,-0.986645,RUNNING,29,-0.986645,RUNNING,29,-0.986645,RUNNING,29,-0.986645,RUNNING,29,-0.986645,RUNNING,-0.986645,Run1
2417,07/16/2026 15:12,29,-0.986645,RUNNING,29,-0.986645,RUNNING,29,-0.986645,RUNNING,29,-0.986645,RUNNING,29,-0.986645,RUNNING,-0.986645,Run1
2418,07/16/2026 15:13,29,-0.986645,RUNNING,29,-0.986645,RUNNING,29,-0.986645,RUNNING,29,-0.986645,RUNNING,29,-0.986645,RUNNING,-0.986645,Run1
2419,07/16/2026 15:14,29,-0.986645,RUNNING,29,-0.986645,RUNNING,29,-0.986645,RUNNING,29,-0.986645,RUNNING,29,-0.986645,RUNNING,-0.986645,Run1
2420,07/16/2026 15:15,29,-0.986645,RUNNING,29,-0.986645,RUNNING,29,-0.986645,RUNNING,29,-0.986645,RUNNING,29,-0.986645,RUNNING,-0.986645,Run1
2421,07/16/2026 15:16,29,-0.986645,RUNNING,29,-0.986645,RUNNING,29,-0.986645,RUNNING,29,-0.986645,RUNNING,29,-0.986645,RUNNING,-0.986645,Run1
2422,07/16/2026 15:17,29,-0.986645,RUNNING,29,-0.986645,RUNNING,29,-0.986645,RUNNING,29,-0.986645,RUNNING,29,-0.986645,RUNNING,-0.986645,Run1
2423,07/16/2026 15:18,29,-0.986645,RUNNING,29,-0.986645,RUNNING,29,-0.986645,RUNNING,29,-0.986645,RUNNING,29,-0.986645,RUNNING,-0.986645,Run1
2424,07/16/2026 15:19,29,-0.986645,RUNNING,29,-0.986645,RUNNING,29,-0.986645,RUNNING,29,-0.986645,RUNNING,29,-0.986645,RUNNING,-0.986645,Run1
2425,07/16/2026 15:21,29,-0.986645,RUNNING,29,-0.986645,RUNNING,29,-0.986645,RUNNING,29,-0.986645,RUNNING,29,-0.986645,RUNNING,-0.986645,Run1
2426,07/16/2026 15:22,29,-0.986645,RUNNING,29,-0.986645,RUNNING,29,-0.986645,RUNNING,29,-0.986645,RUNNING,29,-0.986645,RUNNING,-0.986645,Run1
2427,07/16/2026 15:23,29,-0.986645,RUNNING,29,-0.986645,RUNNING,29,-0.986645,RUNNING,29,-0.986645,RUNNING,29,-0.986645,RUNNING,-0.986645,Run1
2428,07/16/2026 15:24,29,-0.986645,RUNNING,29,-0.986645,RUNNING,29,-0.986645,RUNNING,29,-0.986645,RUNNING,29,-0.986645,RUNNING,-0.986645,Run1
2429,07/16/2026 15:25,29,-0.986645,RUNNING,29,-0.986645,RUNNING,29,-0.986645,RUNNING,29,-0.986645,RUNNING,29,-0.986645,RUNNING,-0.986645,Run1
2430,07/16/2026 15:26,29,-0.986645,RUNNING,29,-0.986645,RUNNING,29,-0.986645,RUNNING,29,-0.986645,RUNNING,29,-0.986645,RUNNING,-0.986645,Run1
2431,07/16/2026 15:27,29,-0.986645,RUNNING,29,-0.986645,RUNNING,29,-0.986645,RUNNING,29,-0.986645,RUNNING,29,-0.986645,RUNNING,-0.986645,Run1
2432,07/16/2026 15:28,29,-0.986645,RUNNING,29,-0.986645,RUNNING,29,-0.986645,RUNNING,29,-0.986645,RUNNING,29,-0.986645,RUNNING,-0.986645,Run1
2433,07/16/2026 15:29,29,-0.986645,RUNNING,29,-0.986645,RUNNING,29,-0.986645,RUNNING,29,-0.986645,RUNNING,29,-0.986645,RUNNING,-0.986645,Run1
2434,07/16/2026 15:30,29,-0.986645,RUNNING,29,-0.986645,RUNNING,29,-0.986645,RUNNING,29,-0.986645,RUNNING,29,-0.986645,RUNNING,-0.986645,Run1
2435,07/16/2026 15:31,29,-0.986645,RUNNING,29,-0.986645,RUNNING,29,-0.986645,RUNNING,29,-0.986645,RUNNING,29,-0.986645,RUNNING,-0.986645,Run1
2436,07/16/2026 15:32,29,-0.986645,RUNNING,29,-0.986645,RUNNING,29,-0.986645,RUNNING,29,-0.986645,RUNNING,29,-0.986645,RUNNING,-0.986645,Run1
2437,07/16/2026 15:33,29,-0.986645,RUNNING,29,-0.986645,RUNNING,29,-0.986645,RUNNING,29,-0.986645,RUNNING,29,-0.986645,RUNNING,-0.986645,Run1
2438,07/16/2026 15:34,29,-0.986645,RUNNING,29,-0.986645,RUNNING,29,-0.986645,RUNNING,29,-0.986645,RUNNING,29,-0.986645,RUNNING,-0.986645,Run1
2439,07/16/2026 15:35,29,-0.986645,RUNNING,29,-0.986645,RUNNING,29,-0.986645,RUNNING,29,-0.986645,RUNNING,29,-0.986645,RUNNING,-0.986645,Run1
2440,07/16/2026 15:36,29,-0.986645,RUNNING,29,-0.986645,RUNNING,29,-0.986645,RUNNING,29,-0.986645,RUNNING,29,-0.986645,RUNNING,-0.986645,Run1
2441,07/16/2026 15:37,29,-0.986645,RUNNING,29,-0.986645,RUNNING,29,-0.986645,RUNNING,29,-0.986645,RUNNING,29,-0.986645,RUNNING,-0.986645,Run1
2442,07/16/2026 15:38,29,-0.986645,RUNNING,29,-0.986645,RUNNING,29,-0.986645,RUNNING,29,-0.986645,RUNNING,29,-0.986645,RUNNING,-0.986645,Run1
2443,07/16/2026 15:39,29,-0.986645,RUNNING,29,-0.986645,RUNNING,29,-0.986645,RUNNING,29,-0.986645,RUNNING,29,-0.986645,RUNNING,-0.986645,Run1
2444,07/16/2026 15:40,29,-0.986645,RUNNING,29,-0.986645,RUNNING,29,-0.986645,RUNNING,29,-0.986645,RUNNING,29,-0.986645,RUNNING,-0.986645,Run1
2445,07/16/2026 15:41,29,-0.986645,RUNNING,29,-0.986645,RUNNING,29,-0.986645,RUNNING,29,-0.986645,RUNNING,29,-0.986645,RUNNING,-0.986645,Run1
2446,07/16/2026 15:42,29,-0.986645,RUNNING,29,-0.986645,RUNNING,29,-0.986645,RUNNING,29,-0.986645,RUNNING,29,-0.986645,RUNNING,-0.986645,Run1
2447,07/16/2026 15:43,29,-0.986645,RUNNING,29,-0.986645,RUNNING,29,-0.986645,RUNNING,29,-0.986645,RUNNING,29,-0.986645,RUNNING,-0.986645,Run1
2448,07/16/2026 15:44,29,-0.986645,RUNNING,29,-0.986645,RUNNING,29,-0.986645,RUNNING,29,-0.986645,RUNNING,29,-0.986645,RUNNING,-0.986645,Run1
2449,07/16/2026 15:45,29,-0.986645,RUNNING,29,-0.986645,RUNNING,29,-0.986645,RUNNING,29,-0.986645,RUNNING,29,-0.986645,RUNNING,-0.986645,Run1
2450,07/16/2026 15:47,29,-0.986645,RUNNING,29,-0.986645,RUNNING,29,-0.986645,RUNNING,29,-0.986645,RUNNING,29,-0.986645,RUNNING,-0.986645,Run1
2451,07/16/2026 15:48,29,-0.986645,RUNNING,29,-0.986645,RUNNING,29,-0.986645,RUNNING,29,-0.986645,RUNNING,29,-0.986645,RUNNING,-0.986645,Run1
2452,07/16/2026 15:49,29,-0.986645,RUNNING,29,-0.986645,RUNNING,29,-0.986645,RUNNING,29,-0.986645,RUNNING,29,-0.986645,RUNNING,-0.986645,Run1
2453,07/16/2026 15:50,29,-0.986645,RUNNING,29,-0.986645,RUNNING,29,-0.986645,RUNNING,29,-0.986645,RUNNING,29,-0.986645,RUNNING,-0.986645,Run1
2454,07/16/2026 15:51,29,-0.986645,RUNNING,29,-0.986645,RUNNING,29,-0.986645,RUNNING,29,-0.986645,RUNNING,29,-0.986645,RUNNING,-0.986645,Run1
2455,07/16/2026 15:52,29,-0.986645,RUNNING,29,-0.986645,RUNNING,29,-0.986645,RUNNING,29,-0.986645,RUNNING,29,-0.986645,RUNNING,-0.986645,Run1
2456,07/16/2026 15:53,29,-0.986645,RUNNING,29,-0.986645,RUNNING,29,-0.986645,RUNNING,29,-0.986645,RUNNING,29,-0.986645,RUNNING,-0.986645,Run1
2457,07/16/2026 15:54,29,-0.986645,RUNNING,29,-0.986645,RUNNING,29,-0.986645,RUNNING,29,-0.986645,RUNNING,29,-0.986645,RUNNING,-0.986645,Run1
2458,07/16/2026 15:55,29,-0.986645,RUNNING,29,-0.986645,RUNNING,29,-0.986645,RUNNING,29,-0.986645,RUNNING,29,-0.986645,RUNNING,-0.986645,Run1
2459,07/16/2026 15:56,29,-0.986645,RUNNING,29,-0.986645,RUNNING,29,-0.986645,RUNNING,29,-0.986645,RUNNING,29,-0.986645,RUNNING,-0.986645,Run1
2460,07/16/2026 15:57,29,-0.986645,RUNNING,29,-0.986645,RUNNING,29,-0.986645,RUNNING,29,-0.986645,RUNNING,29,-0.986645,RUNNING,-0.986645,Run1
2461,07/16/2026 15:58,29,-0.986645,RUNNING,29,-0.986645,RUNNING,29,-0.986645,RUNNING,29,-0.986645,RUNNING,29,-0.986645,RUNNING,-0.986645,Run1
2462,07/16/2026 15:59,29,-0.986645,RUNNING,29,-0.986645,RUNNING,29,-0.986645,RUNNING,29,-0.986645,RUNNING,29,-0.986645,RUNNING,-0.986645,Run1
2463,07/16/2026 16:00,29,-0.986645,RUNNING,29,-0.986645,RUNNING,29,-0.986645,RUNNING,29,-0.986645,RUNNING,29,-0.986645,RUNNING,-0.986645,Run1
2464,07/16/2026 16:01,29,-0.986645,RUNNING,29,-0.986645,RUNNING,29,-0.986645,RUNNING,29,-0.986645,RUNNING,29,-0.986645,RUNNING,-0.986645,Run1
2465,07/16/2026 16:02,29,-0.986645,RUNNING,29,-0.986645,RUNNING,29,-0.986645,RUNNING,29,-0.986645,RUNNING,29,-0.986645,RUNNING,-0.986645,Run1
2466,07/16/2026 16:03,29,-0.986645,RUNNING,29,-0.986645,RUNNING,29,-0.986645,RUNNING,29,-0.986645,RUNNING,29,-0.986645,RUNNING,-0.986645,Run1
2467,07/16/2026 16:04,29,-0.986645,RUNNING,29,-0.986645,RUNNING,29,-0.986645,RUNNING,29,-0.986645,RUNNING,29,-0.986645,RUNNING,-0.986645,Run1
2468,07/16/2026 16:05,29,-0.986645,RUNNING,29,-0.986645,RUNNING,29,-0.986645,RUNNING,29,-0.986645,RUNNING,29,-0.986645,RUNNING,-0.986645,Run1
2469,07/16/2026 16:06,29,-0.986645,RUNNING,29,-0.986645,RUNNING,29,-0.986645,RUNNING,29,-0.986645,RUNNING,29,-0.986645,RUNNING,-0.986645,Run1
2470,07/16/2026 16:07,29,-0.986645,RUNNING,29,-0.986645,RUNNING,29,-0.986645,RUNNING,29,-0.986645,RUNNING,29,-0.986645,RUNNING,-0.986645,Run1
2471,07/16/2026 16:08,29,-0.986645,RUNNING,29,-0.986645,RUNNING,29,-0.986645,RUNNING,29,-0.986645,RUNNING,29,-0.986645,RUNNING,-0.986645,Run1
2472,07/16/2026 16:09,29,-0.986645,RUNNING,29,-0.986645,RUNNING,29,-0.986645,RUNNING,29,-0.986645,RUNNING,29,-0.986645,RUNNING,-0.986645,Run1
2473,07/16/2026 16:10,29,-0.986645,RUNNING,29,-0.986645,RUNNING,29,-0.986645,RUNNING,29,-0.986645,RUNNING,29,-0.986645,RUNNING,-0.986645,Run1
2474,07/16/2026 16:11,29,-0.986645,RUNNING,29,-0.986645,RUNNING,29,-0.986645,RUNNING,29,-0.986645,RUNNING,29,-0.986645,RUNNING,-0.986645,Run1
2475,07/16/2026 16:13,29,-0.986645,RUNNING,29,-0.986645,RUNNING,29,-0.986645,RUNNING,29,-0.986645,RUNNING,29,-0.986645,RUNNING,-0.986645,Run1
2476,07/16/2026 16:14,29,-0.986645,RUNNING,29,-0.986645,RUNNING,29,-0.986645,RUNNING,29,-0.986645,RUNNING,29,-0.986645,RUNNING,-0.986645,Run1
2477,07/16/2026 16:15,29,-0.986645,RUNNING,29,-0.986645,RUNNING,29,-0.986645,RUNNING,29,-0.986645,RUNNING,29,-0.986645,RUNNING,-0.986645,Run1
2478,07/16/2026 16:16,29,-0.986645,RUNNING,29,-0.986645,RUNNING,29,-0.986645,RUNNING,29,-0.986645,RUNNING,29,-0.986645,RUNNING,-0.986645,Run1
2479,07/16/2026 16:17,29,-0.986645,RUNNING,29,-0.986645,RUNNING,29,-0.986645,RUNNING,29,-0.986645,RUNNING,29,-0.986645,RUNNING,-0.986645,Run1
2480,07/16/2026 16:18,29,-0.986645,RUNNING,29,-0.986645,RUNNING,29,-0.986645,RUNNING,29,-0.986645,RUNNING,29,-0.986645,RUNNING,-0.986645,Run1
2481,07/16/2026 16:19,29,-0.986645,RUNNING,29,-0.986645,RUNNING,29,-0.986645,RUNNING,29,-0.986645,RUNNING,29,-0.986645,RUNNING,-0.986645,Run1
2482,07/16/2026 16:20,29,-0.986645,RUNNING,29,-0.986645,RUNNING,29,-0.986645,RUNNING,29,-0.986645,RUNNING,29,-0.986645,RUNNING,-0.986645,Run1
2483,07/16/2026 16:21,29,-0.986645,RUNNING,29,-0.986645,RUNNING,29,-0.986645,RUNNING,29,-0.986645,RUNNING,29,-0.986645,RUNNING,-0.986645,Run1
2484,07/16/2026 16:22,29,-0.986645,RUNNING,29,-0.986645,RUNNING,29,-0.986645,RUNNING,29,-0.986645,RUNNING,29,-0.986645,RUNNING,-0.986645,Run1
2485,07/16/2026 16:23,29,-0.986645,RUNNING,29,-0.986645,RUNNING,29,-0.986645,RUNNING,29,-0.986645,RUNNING,29,-0.986645,RUNNING,-0.986645,Run1
2486,07/16/2026 16:24,29,-0.986645,RUNNING,29,-0.986645,RUNNING,29,-0.986645,RUNNING,29,-0.986645,RUNNING,29,-0.986645,RUNNING,-0.986645,Run1
2487,07/16/2026 16:25,29,-0.986645,RUNNING,29,-0.986645,RUNNING,29,-0.986645,RUNNING,29,-0.986645,RUNNING,29,-0.986645,RUNNING,-0.986645,Run1
2488,07/16/2026 16:26,29,-0.986645,RUNNING,29,-0.986645,RUNNING,29,-0.986645,RUNNING,29,-0.986645,RUNNING,29,-0.986645,RUNNING,-0.986645,Run1
2489,07/16/2026 16:27,29,-0.986645,RUNNING,29,-0.986645,RUNNING,29,-0.986645,RUNNING,29,-0.986645,RUNNING,29,-0.986645,RUNNING,-0.986645,Run1
2490,07/16/2026 16:28,29,-0.986645,RUNNING,29,-0.986645,RUNNING,29,-0.986645,RUNNING,29,-0.986645,RUNNING,29,-0.986645,RUNNING,-0.986645,Run1
2491,07/16/2026 16:29,29,-0.986645,RUNNING,29,-0.986645,RUNNING,29,-0.986645,RUNNING,29,-0.986645,RUNNING,29,-0.986645,RUNNING,-0.986645,Run1
2492,07/16/2026 16:30,29,-0.986645,RUNNING,29,-0.986645,RUNNING,29,-0.986645,RUNNING,29,-0.986645,RUNNING,29,-0.986645,RUNNING,-0.986645,Run1
2493,07/16/2026 16:31,29,-0.986645,RUNNING,29,-0.986645,RUNNING,29,-0.986645,RUNNING,29,-0.986645,RUNNING,29,-0.986645,RUNNING,-0.986645,Run1
2494,07/16/2026 16:32,29,-0.986645,RUNNING,29,-0.986645,RUNNING,29,-0.986645,RUNNING,29,-0.986645,RUNNING,29,-0.986645,RUNNING,-0.986645,Run1
2495,07/16/2026 16:33,29,-0.986645,RUNNING,29,-0.986645,RUNNING,29,-0.986645,RUNNING,29,-0.986645,RUNNING,29,-0.986645,RUNNING,-0.986645,Run1
2496,07/16/2026 16:34,29,-0.986645,RUNNING,29,-0.986645,RUNNING,29,-0.986645,RUNNING,29,-0.986645,RUNNING,29,-0.986645,RUNNING,-0.986645,Run1
2497,07/16/2026 16:36,29,-0.986645,RUNNING,29,-0.986645,RUNNING,29,-0.986645,RUNNING,29,-0.986645,RUNNING,29,-0.986645,RUNNING,-0.986645,Run1
2498,07/16/2026 16:37,29,-0.986645,RUNNING,29,-0.986645,RUNNING,29,-0.986645,RUNNING,29,-0.986645,RUNNING,29,-0.986645,RUNNING,-0.986645,Run1
2499,07/16/2026 16:38,29,-0.986645,RUNNING,29,-0.986645,RUNNING,29,-0.986645,RUNNING,29,-0.986645,RUNNING,29,-0.986645,RUNNING,-0.986645,Run1
2500,07/16/2026 16:39,29,-0.986645,RUNNING,29,-0.986645,RUNNING,29,-0.986645,RUNNING,29,-0.986645,RUNNING,29,-0.986645,RUNNING,-0.986645,Run1
2501,07/16/2026 16:40,29,-0.986645,RUNNING,29,-0.986645,RUNNING,29,-0.986645,RUNNING,29,-0.986645,RUNNING,29,-0.986645,RUNNING,-0.986645,Run1
2502,07/16/2026 16:41,29,-0.986645,RUNNING,29,-0.986645,RUNNING,29,-0.986645,RUNNING,29,-0.986645,RUNNING,29,-0.986645,RUNNING,-0.986645,Run1
2503,07/16/2026 16:42,29,-0.986645,RUNNING,29,-0.986645,RUNNING,29,-0.986645,RUNNING,29,-0.986645,RUNNING,29,-0.986645,RUNNING,-0.986645,Run1
2504,07/16/2026 16:43,29,-0.986645,RUNNING,29,-0.986645,RUNNING,29,-0.986645,RUNNING,29,-0.986645,RUNNING,29,-0.986645,RUNNING,-0.986645,Run1
2505,07/16/2026 16:44,29,-0.986645,RUNNING,29,-0.986645,RUNNING,29,-0.986645,RUNNING,29,-0.986645,RUNNING,29,-0.986645,RUNNING,-0.986645,Run1
2506,07/16/2026 16:45,29,-0.986645,RUNNING,29,-0.986645,RUNNING,29,-0.986645,RUNNING,29,-0.986645,RUNNING,29,-0.986645,RUNNING,-0.986645,Run1
2507,07/16/2026 16:46,29,-0.986645,RUNNING,29,-0.986645,RUNNING,29,-0.986645,RUNNING,29,-0.986645,RUNNING,29,-0.986645,RUNNING,-0.986645,Run1
2508,07/16/2026 16:47,29,-0.986645,RUNNING,29,-0.986645,RUNNING,29,-0.986645,RUNNING,29,-0.986645,RUNNING,29,-0.986645,RUNNING,-0.986645,Run1
2509,07/16/2026 16:48,29,-0.986645,RUNNING,29,-0.986645,RUNNING,29,-0.986645,RUNNING,29,-0.986645,RUNNING,29,-0.986645,RUNNING,-0.986645,Run1
2510,07/16/2026 16:49,29,-0.986645,RUNNING,29,-0.986645,RUNNING,29,-0.986645,RUNNING,29,-0.986645,RUNNING,29,-0.986645,RUNNING,-0.986645,Run1
2511,07/16/2026 16:50,29,-0.986645,RUNNING,29,-0.986645,RUNNING,29,-0.986645,RUNNING,29,-0.986645,RUNNING,29,-0.986645,RUNNING,-0.986645,Run1
2512,07/16/2026 17:01,29,-0.986645,RUNNING,29,-0.986645,RUNNING,29,-0.986645,RUNNING,29,-0.986645,RUNNING,29,-0.986645,RUNNING,-0.986645,Run1
2513,07/16/2026 17:06,29,-0.986645,RUNNING,29,-0.986645,RUNNING,29,-0.986645,RUNNING,29,-0.986645,RUNNING,29,-0.986645,RUNNING,-0.986645,Run1
2514,07/16/2026 17:08,29,-0.986645,RUNNING,29,-0.986645,RUNNING,29,-0.986645,RUNNING,29,-0.986645,RUNNING,29,-0.986645,RUNNING,-0.986645,Run1
2515,07/16/2026 17:16,29,-0.986645,RUNNING,29,-0.986645,RUNNING,29,-0.986645,RUNNING,29,-0.986645,RUNNING,29,-0.986645,RUNNING,-0.986645,Run1
2516,07/16/2026 17:19,29,-0.986645,RUNNING,29,-0.986645,RUNNING,29,-0.986645,RUNNING,29,-0.986645,RUNNING,29,-0.986645,RUNNING,-0.986645,Run1
2517,07/16/2026 17:22,29,-0.986645,RUNNING,29,-0.986645,RUNNING,29,-0.986645,RUNNING,29,-0.986645,RUNNING,29,-0.986645,RUNNING,-0.986645,Run1
2518,07/16/2026 17:28,29,-0.986645,RUNNING,29,-0.986645,RUNNING,29,-0.986645,RUNNING,29,-0.986645,RUNNING,29,-0.986645,RUNNING,-0.986645,Run1
2519,07/16/2026 17:31,29,-0.986645,RUNNING,29,-0.986645,RUNNING,29,-0.986645,RUNNING,29,-0.986645,RUNNING,29,-0.986645,RUNNING,-0.986645,Run1
2520,07/16/2026 17:37,29,-0.986645,RUNNING,29,-0.986645,RUNNING,29,-0.986645,RUNNING,29,-0.986645,RUNNING,29,-0.986645,RUNNING,-0.986645,Run1
2521,07/16/2026 17:43,29,-0.986645,RUNNING,29,-0.986645,RUNNING,29,-0.986645,RUNNING,29,-0.986645,RUNNING,29,-0.986645,RUNNING,-0.986645,Run1
2522,07/16/2026 17:45,29,-0.986645,RUNNING,29,-0.986645,RUNNING,29,-0.986645,RUNNING,29,-0.986645,RUNNING,29,-0.986645,RUNNING,-0.986645,Run1
2523,07/16/2026 17:53,29,-0.986645,RUNNING,29,-0.986645,RUNNING,29,-0.986645,RUNNING,29,-0.986645,RUNNING,29,-0.986645,RUNNING,-0.986645,Run1
2524,07/16/2026 17:55,29,-0.986645,RUNNING,29,-0.986645,RUNNING,29,-0.986645,RUNNING,29,-0.986645,RUNNING,29,-0.986645,RUNNING,-0.986645,Run1
2525,07/16/2026 17:59,29,-0.986645,RUNNING,29,-0.986645,RUNNING,29,-0.986645,RUNNING,29,-0.986645,RUNNING,29,-0.986645,RUNNING,-0.986645,Run1
2526,07/16/2026 18:06,29,-0.986645,RUNNING,29,-0.986645,RUNNING,29,-0.986645,RUNNING,29,-0.986645,RUNNING,29,-0.986645,RUNNING,-0.986645,Run1
2527,07/16/2026 18:07,29,-0.986645,RUNNING,29,-0.986645,RUNNING,29,-0.986645,RUNNING,29,-0.986645,RUNNING,29,-0.986645,RUNNING,-0.986645,Run1
2528,07/16/2026 18:14,29,-0.986645,RUNNING,29,-0.986645,RUNNING,29,-0.986645,RUNNING,29,-0.986645,RUNNING,29,-0.986645,RUNNING,-0.986645,Run1
2529,07/16/2026 18:15,29,-0.986645,RUNNING,29,-0.986645,RUNNING,29,-0.986645,RUNNING,29,-0.986645,RUNNING,29,-0.986645,RUNNING,-0.986645,Run1
2530,07/16/2026 18:19,29,-0.986645,RUNNING,29,-0.986645,RUNNING,29,-0.986645,RUNNING,29,-0.986645,RUNNING,29,-0.986645,RUNNING,-0.986645,Run1
2531,07/16/2026 18:22,29,-0.986645,RUNNING,29,-0.986645,RUNNING,29,-0.986645,RUNNING,29,-0.986645,RUNNING,29,-0.986645,RUNNING,-0.986645,Run1
2532,07/16/2026 18:29,29,-0.986645,RUNNING,29,-0.986645,RUNNING,29,-0.986645,RUNNING,29,-0.986645,RUNNING,29,-0.986645,RUNNING,-0.986645,Run1
2533,07/16/2026 18:32,29,-0.986645,RUNNING,29,-0.986645,RUNNING,29,-0.986645,RUNNING,29,-0.986645,RUNNING,29,-0.986645,RUNNING,-0.986645,Run1
2534,07/16/2026 18:36,29,-0.986645,RUNNING,29,-0.986645,RUNNING,29,-0.986645,RUNNING,29,-0.986645,RUNNING,29,-0.986645,RUNNING,-0.986645,Run1
2535,07/16/2026 18:38,29,-0.986645,RUNNING,29,-0.986645,RUNNING,29,-0.986645,RUNNING,29,-0.986645,RUNNING,29,-0.986645,RUNNING,-0.986645,Run1
2536,07/16/2026 18:39,29,-0.986645,RUNNING,29,-0.986645,RUNNING,29,-0.986645,RUNNING,29,-0.986645,RUNNING,29,-0.986645,RUNNING,-0.986645,Run1
2537,07/16/2026 18:44,29,-0.986645,RUNNING,29,-0.986645,RUNNING,29,-0.986645,RUNNING,29,-0.986645,RUNNING,29,-0.986645,RUNNING,-0.986645,Run1
2538,07/16/2026 18:45,29,-0.986645,RUNNING,29,-0.986645,RUNNING,29,-0.986645,RUNNING,29,-0.986645,RUNNING,29,-0.986645,RUNNING,-0.986645,Run1
2539,07/16/2026 18:51,29,-0.986645,RUNNING,29,-0.986645,RUNNING,29,-0.986645,RUNNING,29,-0.986645,RUNNING,29,-0.986645,RUNNING,-0.986645,Run1
2540,07/16/2026 18:55,29,-0.986645,RUNNING,29,-0.986645,RUNNING,29,-0.986645,RUNNING,29,-0.986645,RUNNING,29,-0.986645,RUNNING,-0.986645,Run1
2541,07/16/2026 18:58,29,-0.986645,RUNNING,29,-0.986645,RUNNING,29,-0.986645,RUNNING,29,-0.986645,RUNNING,29,-0.986645,RUNNING,-0.986645,Run1
2542,07/16/2026 19:02,29,-0.986645,RUNNING,29,-0.986645,RUNNING,29,-0.986645,RUNNING,29,-0.986645,RUNNING,29,-0.986645,RUNNING,-0.986645,Run1
2543,07/16/2026 19:03,29,-0.986645,RUNNING,29,-0.986645,RUNNING,29,-0.986645,RUNNING,29,-0.986645,RUNNING,29,-0.986645,RUNNING,-0.986645,Run1
2544,07/16/2026 19:06,29,-0.986645,RUNNING,29,-0.986645,RUNNING,29,-0.986645,RUNNING,29,-0.986645,RUNNING,29,-0.986645,RUNNING,-0.986645,Run1
2545,07/16/2026 19:13,29,-0.986645,RUNNING,29,-0.986645,RUNNING,29,-0.986645,RUNNING,29,-0.986645,RUNNING,29,-0.986645,RUNNING,-0.986645,Run1
2546,07/16/2026 19:16,29,-0.986645,RUNNING,29,-0.986645,RUNNING,29,-0.986645,RUNNING,29,-0.986645,RUNNING,29,-0.986645,RUNNING,-0.986645,Run1
2547,07/16/2026 19:20,29,-0.986645,RUNNING,29,-0.986645,RUNNING,29,-0.986645,RUNNING,29,-0.986645,RUNNING,29,-0.986645,RUNNING,-0.986645,Run1
2548,07/16/2026 19:27,29,-0.986645,RUNNING,29,-0.986645,RUNNING,29,-0.986645,RUNNING,29,-0.986645,RUNNING,29,-0.986645,RUNNING,-0.986645,Run1
2549,07/16/2026 19:28,29,-0.986645,RUNNING,29,-0.986645,RUNNING,29,-0.986645,RUNNING,29,-0.986645,RUNNING,29,-0.986645,RUNNING,-0.986645,Run1
2550,07/16/2026 19:35,29,-0.986645,RUNNING,29,-0.986645,RUNNING,29,-0.986645,RUNNING,29,-0.986645,RUNNING,29,-0.986645,RUNNING,-0.986645,Run1
2551,07/16/2026 19:41,29,-0.986645,RUNNING,29,-0.986645,RUNNING,29,-0.986645,RUNNING,29,-0.986645,RUNNING,29,-0.986645,RUNNING,-0.986645,Run1
2552,07/16/2026 19:43,29,-0.986645,RUNNING,29,-0.986645,RUNNING,29,-0.986645,RUNNING,29,-0.986645,RUNNING,29,-0.986645,RUNNING,-0.986645,Run1
2553,07/16/2026 19:49,29,-0.986645,RUNNING,29,-0.986645,RUNNING,29,-0.986645,RUNNING,29,-0.986645,RUNNING,29,-0.986645,RUNNING,-0.986645,Run1
2554,07/16/2026 19:54,29,-0.986645,RUNNING,29,-0.986645,RUNNING,29,-0.986645,RUNNING,29,-0.986645,RUNNING,29,-0.986645,RUNNING,-0.986645,Run1
2555,07/16/2026 19:57,29,-0.986645,RUNNING,29,-0.986645,RUNNING,29,-0.986645,RUNNING,29,-0.986645,RUNNING,29,-0.986645,RUNNING,-0.986645,Run1
2556,07/16/2026 20:00,29,-0.986645,RUNNING,29,-0.986645,RUNNING,29,-0.986645,RUNNING,29,-0.986645,RUNNING,29,-0.986645,RUNNING,-0.986645,Run1
2557,07/16/2026 20:01,29,-0.986645,RUNNING,29,-0.986645,RUNNING,29,-0.986645,RUNNING,29,-0.986645,RUNNING,29,-0.986645,RUNNING,-0.986645,Run1
2558,07/16/2026 20:02,29,-0.986645,RUNNING,29,-0.986645,RUNNING,29,-0.986645,RUNNING,29,-0.986645,RUNNING,29,-0.986645,RUNNING,-0.986645,Run1
2559,07/16/2026 20:03,29,-0.986645,RUNNING,29,-0.986645,RUNNING,29,-0.986645,RUNNING,29,-0.986645,RUNNING,29,-0.986645,RUNNING,-0.986645,Run1
2560,07/16/2026 20:07,29,-0.986645,RUNNING,29,-0.986645,RUNNING,29,-0.986645,RUNNING,29,-0.986645,RUNNING,29,-0.986645,RUNNING,-0.986645,Run1
2561,07/16/2026 20:12,29,-0.986645,RUNNING,29,-0.986645,RUNNING,29,-0.986645,RUNNING,29,-0.986645,RUNNING,29,-0.986645,RUNNING,-0.986645,Run1
2562,07/16/2026 20:13,29,-0.986645,RUNNING,29,-0.986645,RUNNING,29,-0.986645,RUNNING,29,-0.986645,RUNNING,29,-0.986645,RUNNING,-0.986645,Run1
2563,07/16/2026 20:14,29,-0.986645,RUNNING,29,-0.986645,RUNNING,29,-0.986645,RUNNING,29,-0.986645,RUNNING,29,-0.986645,RUNNING,-0.986645,Run1
2564,07/16/2026 20:15,29,-0.986645,RUNNING,29,-0.986645,RUNNING,29,-0.986645,RUNNING,29,-0.986645,RUNNING,29,-0.986645,RUNNING,-0.986645,Run1
2565,07/16/2026 20:16,29,-0.986645,RUNNING,29,-0.986645,RUNNING,29,-0.986645,RUNNING,29,-0.986645,RUNNING,29,-0.986645,RUNNING,-0.986645,Run1
2566,07/16/2026 20:17,29,-0.986645,RUNNING,29,-0.986645,RUNNING,29,-0.986645,RUNNING,29,-0.986645,RUNNING,29,-0.986645,RUNNING,-0.986645,Run1
2567,07/16/2026 20:18,29,-0.986645,RUNNING,29,-0.986645,RUNNING,29,-0.986645,RUNNING,29,-0.986645,RUNNING,29,-0.986645,RUNNING,-0.986645,Run1
2568,07/16/2026 20:19,29,-0.986645,RUNNING,29,-0.986645,RUNNING,29,-0.986645,RUNNING,29,-0.986645,RUNNING,29,-0.986645,RUNNING,-0.986645,Run1
2569,07/16/2026 20:20,29,-0.986645,RUNNING,29,-0.986645,RUNNING,29,-0.986645,RUNNING,29,-0.986645,RUNNING,29,-0.986645,RUNNING,-0.986645,Run1
2570,07/16/2026 20:21,29,-0.986645,RUNNING,29,-0.986645,RUNNING,29,-0.986645,RUNNING,29,-0.986645,RUNNING,29,-0.986645,RUNNING,-0.986645,Run1
2571,07/16/2026 20:22,29,-0.986645,RUNNING,29,-0.986645,RUNNING,29,-0.986645,RUNNING,29,-0.986645,RUNNING,29,-0.986645,RUNNING,-0.986645,Run1
2572,07/16/2026 20:23,29,-0.986645,RUNNING,29,-0.986645,RUNNING,29,-0.986645,RUNNING,29,-0.986645,RUNNING,29,-0.986645,RUNNING,-0.986645,Run1
2573,07/16/2026 20:24,29,-0.986645,RUNNING,29,-0.986645,RUNNING,29,-0.986645,RUNNING,29,-0.986645,RUNNING,29,-0.986645,RUNNING,-0.986645,Run1
2574,07/16/2026 20:25,29,-0.986645,RUNNING,29,-0.986645,RUNNING,29,-0.986645,RUNNING,29,-0.986645,RUNNING,29,-0.986645,RUNNING,-0.986645,Run1
2575,07/16/2026 20:26,29,-0.986645,RUNNING,29,-0.986645,RUNNING,29,-0.986645,RUNNING,29,-0.986645,RUNNING,29,-0.986645,RUNNING,-0.986645,Run1
2576,07/16/2026 20:27,29,-0.986645,RUNNING,29,-0.986645,RUNNING,29,-0.986645,RUNNING,29,-0.986645,RUNNING,29,-0.986645,RUNNING,-0.986645,Run1
2577,07/16/2026 20:28,29,-0.986645,RUNNING,29,-0.986645,RUNNING,29,-0.986645,RUNNING,29,-0.986645,RUNNING,29,-0.986645,RUNNING,-0.986645,Run1
2578,07/16/2026 20:29,29,-0.986645,RUNNING,29,-0.986645,RUNNING,29,-0.986645,RUNNING,29,-0.986645,RUNNING,29,-0.986645,RUNNING,-0.986645,Run1
2579,07/16/2026 20:30,29,-0.986645,RUNNING,29,-0.986645,RUNNING,29,-0.986645,RUNNING,29,-0.986645,RUNNING,29,-0.986645,RUNNING,-0.986645,Run1
2580,07/16/2026 20:31,29,-0.986645,RUNNING,29,-0.986645,RUNNING,29,-0.986645,RUNNING,29,-0.986645,RUNNING,29,-0.986645,RUNNING,-0.986645,Run1
2581,07/16/2026 20:32,29,-0.986645,RUNNING,29,-0.986645,RUNNING,29,-0.986645,RUNNING,29,-0.986645,RUNNING,29,-0.986645,RUNNING,-0.986645,Run1
2582,07/16/2026 20:33,29,-0.986645,RUNNING,29,-0.986645,RUNNING,29,-0.986645,RUNNING,29,-0.986645,RUNNING,29,-0.986645,RUNNING,-0.986645,Run1
2583,07/16/2026 20:34,29,-0.986645,RUNNING,29,-0.986645,RUNNING,29,-0.986645,RUNNING,29,-0.986645,RUNNING,29,-0.986645,RUNNING,-0.986645,Run1
2584,07/16/2026 20:35,29,-0.986645,RUNNING,29,-0.986645,RUNNING,29,-0.986645,RUNNING,29,-0.986645,RUNNING,29,-0.986645,RUNNING,-0.986645,Run1
2585,07/16/2026 20:36,29,-0.986645,RUNNING,29,-0.986645,RUNNING,29,-0.986645,RUNNING,29,-0.986645,RUNNING,29,-0.986645,RUNNING,-0.986645,Run1
2586,07/16/2026 20:37,29,-0.986645,RUNNING,29,-0.986645,RUNNING,29,-0.986645,RUNNING,29,-0.986645,RUNNING,29,-0.986645,RUNNING,-0.986645,Run1
2587,07/16/2026 20:38,29,-0.986645,RUNNING,29,-0.986645,RUNNING,29,-0.986645,RUNNING,29,-0.986645,RUNNING,29,-0.986645,RUNNING,-0.986645,Run1
2588,07/16/2026 20:39,29,-0.986645,RUNNING,29,-0.986645,RUNNING,29,-0.986645,RUNNING,29,-0.986645,RUNNING,29,-0.986645,RUNNING,-0.986645,Run1
2589,07/16/2026 20:40,29,-0.986645,RUNNING,29,-0.986645,RUNNING,29,-0.986645,RUNNING,29,-0.986645,RUNNING,29,-0.986645,RUNNING,-0.986645,Run1
2590,07/16/2026 20:41,29,-0.986645,RUNNING,29,-0.986645,RUNNING,29,-0.986645,RUNNING,29,-0.986645,RUNNING,29,-0.986645,RUNNING,-0.986645,Run1
2591,07/16/2026 20:42,29,-0.986645,RUNNING,29,-0.986645,RUNNING,29,-0.986645,RUNNING,29,-0.986645,RUNNING,29,-0.986645,RUNNING,-0.986645,Run1
2592,07/16/2026 20:43,29,-0.986645,RUNNING,29,-0.986645,RUNNING,29,-0.986645,RUNNING,29,-0.986645,RUNNING,29,-0.986645,RUNNING,-0.986645,Run1
2593,07/16/2026 20:45,29,-0.986645,RUNNING,29,-0.986645,RUNNING,29,-0.986645,RUNNING,29,-0.986645,RUNNING,29,-0.986645,RUNNING,-0.986645,Run1
2594,07/16/2026 20:46,29,-0.986645,RUNNING,29,-0.986645,RUNNING,29,-0.986645,RUNNING,29,-0.986645,RUNNING,29,-0.986645,RUNNING,-0.986645,Run1
2595,07/16/2026 20:47,29,-0.986645,RUNNING,29,-0.986645,RUNNING,29,-0.986645,RUNNING,29,-0.986645,RUNNING,29,-0.986645,RUNNING,-0.986645,Run1
2596,07/16/2026 20:48,29,-0.986645,RUNNING,29,-0.986645,RUNNING,29,-0.986645,RUNNING,29,-0.986645,RUNNING,29,-0.986645,RUNNING,-0.986645,Run1
2597,07/16/2026 20:49,29,-0.986645,RUNNING,29,-0.986645,RUNNING,29,-0.986645,RUNNING,29,-0.986645,RUNNING,29,-0.986645,RUNNING,-0.986645,Run1
2598,07/16/2026 20:50,29,-0.986645,RUNNING,29,-0.986645,RUNNING,29,-0.986645,RUNNING,29,-0.986645,RUNNING,29,-0.986645,RUNNING,-0.986645,Run1
2599,07/16/2026 20:51,29,-0.986645,RUNNING,29,-0.986645,RUNNING,29,-0.986645,RUNNING,29,-0.986645,RUNNING,29,-0.986645,RUNNING,-0.986645,Run1
2600,07/16/2026 20:52,29,-0.986645,RUNNING,29,-0.986645,RUNNING,29,-0.986645,RUNNING,29,-0.986645,RUNNING,29,-0.986645,RUNNING,-0.986645,Run1
2601,07/16/2026 20:53,29,-0.986645,RUNNING,29,-0.986645,RUNNING,29,-0.986645,RUNNING,29,-0.986645,RUNNING,29,-0.986645,RUNNING,-0.986645,Run1
2602,07/16/2026 20:54,29,-0.986645,RUNNING,29,-0.986645,RUNNING,29,-0.986645,RUNNING,29,-0.986645,RUNNING,29,-0.986645,RUNNING,-0.986645,Run1
2603,07/16/2026 20:55,29,-0.986645,RUNNING,29,-0.986645,RUNNING,29,-0.986645,RUNNING,29,-0.986645,RUNNING,29,-0.986645,RUNNING,-0.986645,Run1
2604,07/16/2026 20:56,29,-0.986645,RUNNING,29,-0.986645,RUNNING,29,-0.986645,RUNNING,29,-0.986645,RUNNING,29,-0.986645,RUNNING,-0.986645,Run1
2605,07/16/2026 20:57,29,-0.986645,RUNNING,29,-0.986645,RUNNING,29,-0.986645,RUNNING,29,-0.986645,RUNNING,29,-0.986645,RUNNING,-0.986645,Run1
2606,07/16/2026 20:58,29,-0.986645,RUNNING,29,-0.986645,RUNNING,29,-0.986645,RUNNING,29,-0.986645,RUNNING,29,-0.986645,RUNNING,-0.986645,Run1
2607,07/16/2026 20:59,29,-0.986645,RUNNING,29,-0.986645,RUNNING,29,-0.986645,RUNNING,29,-0.986645,RUNNING,29,-0.986645,RUNNING,-0.986645,Run1
2608,07/16/2026 21:00,29,-0.986645,RUNNING,29,-0.986645,RUNNING,29,-0.986645,RUNNING,29,-0.986645,RUNNING,29,-0.986645,RUNNING,-0.986645,Run1
2609,07/16/2026 21:01,29,-0.986645,RUNNING,29,-0.986645,RUNNING,29,-0.986645,RUNNING,29,-0.986645,RUNNING,29,-0.986645,RUNNING,-0.986645,Run1
2610,07/16/2026 21:02,29,-0.986645,RUNNING,29,-0.986645,RUNNING,29,-0.986645,RUNNING,29,-0.986645,RUNNING,29,-0.986645,RUNNING,-0.986645,Run1
2611,07/16/2026 21:03,29,-0.986645,RUNNING,29,-0.986645,RUNNING,29,-0.986645,RUNNING,29,-0.986645,RUNNING,29,-0.986645,RUNNING,-0.986645,Run1
2612,07/16/2026 21:04,29,-0.986645,RUNNING,29,-0.986645,RUNNING,29,-0.986645,RUNNING,29,-0.986645,RUNNING,29,-0.986645,RUNNING,-0.986645,Run1
2613,07/16/2026 21:05,29,-0.986645,RUNNING,29,-0.986645,RUNNING,29,-0.986645,RUNNING,29,-0.986645,RUNNING,29,-0.986645,RUNNING,-0.986645,Run1
2614,07/16/2026 21:06,29,-0.986645,RUNNING,29,-0.986645,RUNNING,29,-0.986645,RUNNING,29,-0.986645,RUNNING,29,-0.986645,RUNNING,-0.986645,Run1
2615,07/16/2026 21:07,29,-0.986645,RUNNING,29,-0.986645,RUNNING,29,-0.986645,RUNNING,29,-0.986645,RUNNING,29,-0.986645,RUNNING,-0.986645,Run1
2616,07/16/2026 21:08,29,-0.986645,RUNNING,29,-0.986645,RUNNING,29,-0.986645,RUNNING,29,-0.986645,RUNNING,29,-0.986645,RUNNING,-0.986645,Run1
2617,07/16/2026 21:09,29,-0.986645,RUNNING,29,-0.986645,RUNNING,29,-0.986645,RUNNING,29,-0.986645,RUNNING,29,-0.986645,RUNNING,-0.986645,Run1
2618,07/16/2026 21:10,29,-0.986645,RUNNING,29,-0.986645,RUNNING,29,-0.986645,RUNNING,29,-0.986645,RUNNING,29,-0.986645,RUNNING,-0.986645,Run1
2619,07/16/2026 21:11,29,-0.986645,RUNNING,29,-0.986645,RUNNING,29,-0.986645,RUNNING,29,-0.986645,RUNNING,29,-0.986645,RUNNING,-0.986645,Run1
2620,07/16/2026 21:12,29,-0.986645,RUNNING,29,-0.986645,RUNNING,29,-0.986645,RUNNING,29,-0.986645,RUNNING,29,-0.986645,RUNNING,-0.986645,Run1
2621,07/16/2026 21:13,29,-0.986645,RUNNING,29,-0.986645,RUNNING,29,-0.986645,RUNNING,29,-0.986645,RUNNING,29,-0.986645,RUNNING,-0.986645,Run1
2622,07/16/2026 21:14,29,-0.986645,RUNNING,29,-0.986645,RUNNING,29,-0.986645,RUNNING,29,-0.986645,RUNNING,29,-0.986645,RUNNING,-0.986645,Run1
2623,07/16/2026 21:15,29,-0.986645,RUNNING,29,-0.986645,RUNNING,29,-0.986645,RUNNING,29,-0.986645,RUNNING,29,-0.986645,RUNNING,-0.986645,Run1
2624,07/16/2026 21:16,29,-0.986645,RUNNING,29,-0.986645,RUNNING,29,-0.986645,RUNNING,29,-0.986645,RUNNING,29,-0.986645,RUNNING,-0.986645,Run1
2625,07/16/2026 21:17,29,-0.986645,RUNNING,29,-0.986645,RUNNING,29,-0.986645,RUNNING,29,-0.986645,RUNNING,29,-0.986645,RUNNING,-0.986645,Run1
2626,07/16/2026 21:19,29,-0.986645,RUNNING,29,-0.986645,RUNNING,29,-0.986645,RUNNING,29,-0.986645,RUNNING,29,-0.986645,RUNNING,-0.986645,Run1
2627,07/16/2026 21:20,29,-0.986645,RUNNING,29,-0.986645,RUNNING,29,-0.986645,RUNNING,29,-0.986645,RUNNING,29,-0.986645,RUNNING,-0.986645,Run1
2628,07/16/2026 21:21,29,-0.986645,RUNNING,29,-0.986645,RUNNING,29,-0.986645,RUNNING,29,-0.986645,RUNNING,29,-0.986645,RUNNING,-0.986645,Run1
2629,07/16/2026 21:22,29,-0.986645,RUNNING,29,-0.986645,RUNNING,29,-0.986645,RUNNING,29,-0.986645,RUNNING,29,-0.986645,RUNNING,-0.986645,Run1
2630,07/16/2026 21:23,29,-0.986645,RUNNING,29,-0.986645,RUNNING,29,-0.986645,RUNNING,29,-0.986645,RUNNING,29,-0.986645,RUNNING,-0.986645,Run1
2631,07/16/2026 21:24,29,-0.986645,RUNNING,29,-0.986645,RUNNING,29,-0.986645,RUNNING,29,-0.986645,RUNNING,29,-0.986645,RUNNING,-0.986645,Run1
2632,07/16/2026 21:25,29,-0.986645,RUNNING,29,-0.986645,RUNNING,29,-0.986645,RUNNING,29,-0.986645,RUNNING,29,-0.986645,RUNNING,-0.986645,Run1
2633,07/16/2026 21:26,29,-0.986645,RUNNING,29,-0.986645,RUNNING,29,-0.986645,RUNNING,29,-0.986645,RUNNING,29,-0.986645,RUNNING,-0.986645,Run1
2634,07/16/2026 21:27,29,-0.986645,RUNNING,29,-0.986645,RUNNING,29,-0.986645,RUNNING,29,-0.986645,RUNNING,29,-0.986645,RUNNING,-0.986645,Run1
2635,07/16/2026 21:28,29,-0.986645,RUNNING,29,-0.986645,RUNNING,29,-0.986645,RUNNING,29,-0.986645,RUNNING,29,-0.986645,RUNNING,-0.986645,Run1
2636,07/16/2026 21:29,29,-0.986645,RUNNING,29,-0.986645,RUNNING,29,-0.986645,RUNNING,29,-0.986645,RUNNING,29,-0.986645,RUNNING,-0.986645,Run1
2637,07/16/2026 21:30,29,-0.986645,RUNNING,29,-0.986645,RUNNING,29,-0.986645,RUNNING,29,-0.986645,RUNNING,29,-0.986645,RUNNING,-0.986645,Run1
2638,07/16/2026 21:31,29,-0.986645,RUNNING,29,-0.986645,RUNNING,29,-0.986645,RUNNING,29,-0.986645,RUNNING,29,-0.986645,RUNNING,-0.986645,Run1
2639,07/16/2026 21:39,29,-0.986645,RUNNING,29,-0.986645,RUNNING,29,-0.986645,RUNNING,29,-0.986645,RUNNING,29,-0.986645,RUNNING,-0.986645,Run1
2640,07/16/2026 21:45,29,-0.986645,RUNNING,29,-0.986645,RUNNING,29,-0.986645,RUNNING,29,-0.986645,RUNNING,29,-0.986645,RUNNING,-0.986645,Run1
2641,07/16/2026 21:46,29,-0.986645,RUNNING,29,-0.986645,RUNNING,29,-0.986645,RUNNING,29,-0.986645,RUNNING,29,-0.986645,RUNNING,-0.986645,Run1
2642,07/16/2026 21:54,29,-0.986645,RUNNING,29,-0.986645,RUNNING,29,-0.986645,RUNNING,29,-0.986645,RUNNING,29,-0.986645,RUNNING,-0.986645,Run1
2643,07/16/2026 21:55,29,-0.986645,RUNNING,29,-0.986645,RUNNING,29,-0.986645,RUNNING,29,-0.986645,RUNNING,29,-0.986645,RUNNING,-0.986645,Run1
2644,07/16/2026 22:00,29,-0.986645,RUNNING,29,-0.986645,RUNNING,29,-0.986645,RUNNING,29,-0.986645,RUNNING,29,-0.986645,RUNNING,-0.986645,Run1
2645,07/16/2026 22:02,29,-0.986645,RUNNING,29,-0.986645,RUNNING,29,-0.986645,RUNNING,29,-0.986645,RUNNING,29,-0.986645,RUNNING,-0.986645,Run1
2646,07/16/2026 22:06,29,-0.986645,RUNNING,29,-0.986645,RUNNING,29,-0.986645,RUNNING,29,-0.986645,RUNNING,29,-0.986645,RUNNING,-0.986645,Run1
2647,07/16/2026 22:07,29,-0.986645,RUNNING,29,-0.986645,RUNNING,29,-0.986645,RUNNING,29,-0.986645,RUNNING,29,-0.986645,RUNNING,-0.986645,Run1
2648,07/16/2026 22:09,29,-0.986645,RUNNING,29,-0.986645,RUNNING,29,-0.986645,RUNNING,29,-0.986645,RUNNING,29,-0.986645,RUNNING,-0.986645,Run1
2649,07/16/2026 22:13,29,-0.986645,RUNNING,29,-0.986645,RUNNING,29,-0.986645,RUNNING,29,-0.986645,RUNNING,29,-0.986645,RUNNING,-0.986645,Run1
2650,07/16/2026 22:16,29,-0.986645,RUNNING,29,-0.986645,RUNNING,29,-0.986645,RUNNING,29,-0.986645,RUNNING,29,-0.986645,RUNNING,-0.986645,Run1
2651,07/16/2026 22:23,29,-0.986645,RUNNING,29,-0.986645,RUNNING,29,-0.986645,RUNNING,29,-0.986645,RUNNING,29,-0.986645,RUNNING,-0.986645,Run1
2652,07/16/2026 22:24,29,-0.986645,RUNNING,29,-0.986645,RUNNING,29,-0.986645,RUNNING,29,-0.986645,RUNNING,29,-0.986645,RUNNING,-0.986645,Run1
2653,07/16/2026 22:26,29,-0.986645,RUNNING,29,-0.986645,RUNNING,29,-0.986645,RUNNING,29,-0.986645,RUNNING,29,-0.986645,RUNNING,-0.986645,Run1
2654,07/16/2026 22:31,29,-0.986645,RUNNING,29,-0.986645,RUNNING,29,-0.986645,RUNNING,29,-0.986645,RUNNING,29,-0.986645,RUNNING,-0.986645,Run1
2655,07/16/2026 22:38,29,-0.986645,RUNNING,29,-0.986645,RUNNING,29,-0.986645,RUNNING,29,-0.986645,RUNNING,29,-0.986645,RUNNING,-0.986645,Run1
2656,07/16/2026 22:46,29,-0.986645,RUNNING,29,-0.986645,RUNNING,29,-0.986645,RUNNING,29,-0.986645,RUNNING,29,-0.986645,RUNNING,-0.986645,Run1
2657,07/16/2026 22:49,29,-0.986645,RUNNING,29,-0.986645,RUNNING,29,-0.986645,RUNNING,29,-0.986645,RUNNING,29,-0.986645,RUNNING,-0.986645,Run1
2658,07/16/2026 22:51,29,-0.986645,RUNNING,29,-0.986645,RUNNING,29,-0.986645,RUNNING,29,-0.986645,RUNNING,29,-0.986645,RUNNING,-0.986645,Run1
2659,07/16/2026 22:52,29,-0.986645,RUNNING,29,-0.986645,RUNNING,29,-0.986645,RUNNING,29,-0.986645,RUNNING,29,-0.986645,RUNNING,-0.986645,Run1
2660,07/16/2026 22:53,29,-0.986645,RUNNING,29,-0.986645,RUNNING,29,-0.986645,RUNNING,29,-0.986645,RUNNING,29,-0.986645,RUNNING,-0.986645,Run1
2661,07/16/2026 23:00,29,-0.986645,RUNNING,29,-0.986645,RUNNING,29,-0.986645,RUNNING,29,-0.986645,RUNNING,29,-0.986645,RUNNING,-0.986645,Run1
2662,07/16/2026 23:03,29,-0.986645,RUNNING,29,-0.986645,RUNNING,29,-0.986645,RUNNING,29,-0.986645,RUNNING,29,-0.986645,RUNNING,-0.986645,Run1
2663,07/16/2026 23:08,29,-0.986645,RUNNING,29,-0.986645,RUNNING,29,-0.986645,RUNNING,29,-0.986645,RUNNING,29,-0.986645,RUNNING,-0.986645,Run1
2664,07/16/2026 23:14,29,-0.986645,RUNNING,29,-0.986645,RUNNING,29,-0.986645,RUNNING,29,-0.986645,RUNNING,29,-0.986645,RUNNING,-0.986645,Run1
2665,07/16/2026 23:15,29,-0.986645,RUNNING,29,-0.986645,RUNNING,29,-0.986645,RUNNING,29,-0.986645,RUNNING,29,-0.986645,RUNNING,-0.986645,Run1
2666,07/16/2026 23:22,29,-0.986645,RUNNING,29,-0.986645,RUNNING,29,-0.986645,RUNNING,29,-0.986645,RUNNING,29,-0.986645,RUNNING,-0.986645,Run1
2667,07/16/2026 23:23,29,-0.986645,RUNNING,29,-0.986645,RUNNING,29,-0.986645,RUNNING,29,-0.986645,RUNNING,29,-0.986645,RUNNING,-0.986645,Run1
2668,07/16/2026 23:29,29,-0.986645,RUNNING,29,-0.986645,RUNNING,29,-0.986645,RUNNING,29,-0.986645,RUNNING,29,-0.986645,RUNNING,-0.986645,Run1
2669,07/16/2026 23:37,29,-0.986645,RUNNING,29,-0.986645,RUNNING,29,-0.986645,RUNNING,29,-0.986645,RUNNING,29,-0.986645,RUNNING,-0.986645,Run1
2670,07/16/2026 23:41,29,-0.986645,RUNNING,29,-0.986645,RUNNING,29,-0.986645,RUNNING,29,-0.986645,RUNNING,29,-0.986645,RUNNING,-0.986645,Run1
2671,07/16/2026 23:44,29,-0.986645,RUNNING,29,-0.986645,RUNNING,29,-0.986645,RUNNING,29,-0.986645,RUNNING,29,-0.986645,RUNNING,-0.986645,Run1
2672,07/16/2026 23:51,29,-0.986645,RUNNING,29,-0.986645,RUNNING,29,-0.986645,RUNNING,29,-0.986645,RUNNING,29,-0.986645,RUNNING,-0.986645,Run1
2673,07/16/2026 23:54,29,-0.986645,RUNNING,29,-0.986645,RUNNING,29,-0.986645,RUNNING,29,-0.986645,RUNNING,29,-0.986645,RUNNING,-0.986645,Run1
2674,07/16/2026 23:55,29,-0.986645,RUNNING,29,-0.986645,RUNNING,29,-0.986645,RUNNING,29,-0.986645,RUNNING,29,-0.986645,RUNNING,-0.986645,Run1
2675,07/16/2026 23:59,29,-0.986645,RUNNING,29,-0.986645,RUNNING,29,-0.986645,RUNNING,29,-0.986645,RUNNING,29,-0.986645,RUNNING,-0.986645,Run1
2676,07/17/2026 00:06,29,-0.986645,RUNNING,29,-0.986645,RUNNING,29,-0.986645,RUNNING,29,-0.986645,RUNNING,29,-0.986645,RUNNING,-0.986645,Run1
2677,07/17/2026 00:10,29,-0.986645,RUNNING,29,-0.986645,RUNNING,29,-0.986645,RUNNING,29,-0.986645,RUNNING,29,-0.986645,RUNNING,-0.986645,Run1
2678,07/17/2026 00:13,29,-0.986645,RUNNING,29,-0.986645,RUNNING,29,-0.986645,RUNNING,29,-0.986645,RUNNING,29,-0.986645,RUNNING,-0.986645,Run1
2679,07/17/2026 00:16,29,-0.986645,RUNNING,29,-0.986645,RUNNING,29,-0.986645,RUNNING,29,-0.986645,RUNNING,29,-0.986645,RUNNING,-0.986645,Run1
2680,07/17/2026 00:17,29,-0.986645,RUNNING,29,-0.986645,RUNNING,29,-0.986645,RUNNING,29,-0.986645,RUNNING,29,-0.986645,RUNNING,-0.986645,Run1
2681,07/17/2026 00:19,29,-0.986645,RUNNING,29,-0.986645,RUNNING,29,-0.986645,RUNNING,29,-0.986645,RUNNING,29,-0.986645,RUNNING,-0.986645,Run1
2682,07/17/2026 00:21,29,-0.986645,RUNNING,29,-0.986645,RUNNING,29,-0.986645,RUNNING,29,-0.986645,RUNNING,29,-0.986645,RUNNING,-0.986645,Run1
2683,07/17/2026 00:28,29,-0.986645,RUNNING,29,-0.986645,RUNNING,29,-0.986645,RUNNING,29,-0.986645,RUNNING,29,-0.986645,RUNNING,-0.986645,Run1
2684,07/17/2026 00:31,29,-0.986645,RUNNING,29,-0.986645,RUNNING,29,-0.986645,RUNNING,29,-0.986645,RUNNING,29,-0.986645,RUNNING,-0.986645,Run1
2685,07/17/2026 00:35,29,-0.986645,RUNNING,29,-0.986645,RUNNING,29,-0.986645,RUNNING,29,-0.986645,RUNNING,29,-0.986645,RUNNING,-0.986645,Run1
2686,07/17/2026 00:42,29,-0.986645,RUNNING,29,-0.986645,RUNNING,29,-0.986645,RUNNING,29,-0.986645,RUNNING,29,-0.986645,RUNNING,-0.986645,Run1
2687,07/17/2026 00:43,29,-0.986645,RUNNING,29,-0.986645,RUNNING,29,-0.986645,RUNNING,29,-0.986645,RUNNING,29,-0.986645,RUNNING,-0.986645,Run1
2688,07/17/2026 00:48,29,-0.986645,RUNNING,29,-0.986645,RUNNING,29,-0.986645,RUNNING,29,-0.986645,RUNNING,29,-0.986645,RUNNING,-0.986645,Run1
2689,07/17/2026 00:50,29,-0.986645,RUNNING,29,-0.986645,RUNNING,29,-0.986645,RUNNING,29,-0.986645,RUNNING,29,-0.986645,RUNNING,-0.986645,Run1
2690,07/17/2026 00:57,29,-0.986645,RUNNING,29,-0.986645,RUNNING,29,-0.986645,RUNNING,29,-0.986645,RUNNING,29,-0.986645,RUNNING,-0.986645,Run1
2691,07/17/2026 01:00,29,-0.986645,RUNNING,29,-0.986645,RUNNING,29,-0.986645,RUNNING,29,-0.986645,RUNNING,29,-0.986645,RUNNING,-0.986645,Run1
2692,07/17/2026 01:04,29,-0.986645,RUNNING,29,-0.986645,RUNNING,29,-0.986645,RUNNING,29,-0.986645,RUNNING,29,-0.986645,RUNNING,-0.986645,Run1
2693,07/17/2026 01:05,29,-0.986645,RUNNING,29,-0.986645,RUNNING,29,-0.986645,RUNNING,29,-0.986645,RUNNING,29,-0.986645,RUNNING,-0.986645,Run1
2694,07/17/2026 01:12,29,-0.986645,RUNNING,29,-0.986645,RUNNING,29,-0.986645,RUNNING,29,-0.986645,RUNNING,29,-0.986645,RUNNING,-0.986645,Run1
2695,07/17/2026 01:19,29,-0.986645,RUNNING,29,-0.986645,RUNNING,29,-0.986645,RUNNING,29,-0.986645,RUNNING,29,-0.986645,RUNNING,-0.986645,Run1
2696,07/17/2026 01:25,29,-0.986645,RUNNING,29,-0.986645,RUNNING,29,-0.986645,RUNNING,29,-0.986645,RUNNING,29,-0.986645,RUNNING,-0.986645,Run1
2697,07/17/2026 01:26,29,-0.986645,RUNNING,29,-0.986645,RUNNING,29,-0.986645,RUNNING,29,-0.986645,RUNNING,29,-0.986645,RUNNING,-0.986645,Run1
2698,07/17/2026 01:34,29,-0.986645,RUNNING,29,-0.986645,RUNNING,29,-0.986645,RUNNING,29,-0.986645,RUNNING,29,-0.986645,RUNNING,-0.986645,Run1
2699,07/17/2026 01:39,29,-0.986645,RUNNING,29,-0.986645,RUNNING,29,-0.986645,RUNNING,29,-0.986645,RUNNING,29,-0.986645,RUNNING,-0.986645,Run1
2700,07/17/2026 01:42,29,-0.986645,RUNNING,29,-0.986645,RUNNING,29,-0.986645,RUNNING,29,-0.986645,RUNNING,29,-0.986645,RUNNING,-0.986645,Run1
2701,07/17/2026 01:49,29,-0.986645,RUNNING,29,-0.986645,RUNNING,29,-0.986645,RUNNING,29,-0.986645,RUNNING,29,-0.986645,RUNNING,-0.986645,Run1
2702,07/17/2026 01:51,29,-0.986645,RUNNING,29,-0.986645,RUNNING,29,-0.986645,RUNNING,29,-0.986645,RUNNING,29,-0.986645,RUNNING,-0.986645,Run1
2703,07/17/2026 01:55,29,-0.986645,RUNNING,29,-0.986645,RUNNING,29,-0.986645,RUNNING,29,-0.986645,RUNNING,29,-0.986645,RUNNING,-0.986645,Run1
2704,07/17/2026 02:03,29,-0.986645,RUNNING,29,-0.986645,RUNNING,29,-0.986645,RUNNING,29,-0.986645,RUNNING,29,-0.986645,RUNNING,-0.986645,Run1
2705,07/17/2026 02:07,29,-0.986645,RUNNING,29,-0.986645,RUNNING,29,-0.986645,RUNNING,29,-0.986645,RUNNING,29,-0.986645,RUNNING,-0.986645,Run1
2706,07/17/2026 02:09,29,-0.986645,RUNNING,29,-0.986645,RUNNING,29,-0.986645,RUNNING,29,-0.986645,RUNNING,29,-0.986645,RUNNING,-0.986645,Run1
2707,07/17/2026 02:10,29,-0.986645,RUNNING,29,-0.986645,RUNNING,29,-0.986645,RUNNING,29,-0.986645,RUNNING,29,-0.986645,RUNNING,-0.986645,Run1
2708,07/17/2026 02:11,29,-0.986645,RUNNING,29,-0.986645,RUNNING,29,-0.986645,RUNNING,29,-0.986645,RUNNING,29,-0.986645,RUNNING,-0.986645,Run1
2709,07/17/2026 02:12,29,-0.986645,RUNNING,29,-0.986645,RUNNING,29,-0.986645,RUNNING,29,-0.986645,RUNNING,29,-0.986645,RUNNING,-0.986645,Run1
2710,07/17/2026 02:13,29,-0.986645,RUNNING,29,-0.986645,RUNNING,29,-0.986645,RUNNING,29,-0.986645,RUNNING,29,-0.986645,RUNNING,-0.986645,Run1
2711,07/17/2026 02:14,29,-0.986645,RUNNING,29,-0.986645,RUNNING,29,-0.986645,RUNNING,29,-0.986645,RUNNING,29,-0.986645,RUNNING,-0.986645,Run1
2712,07/17/2026 02:15,29,-0.986645,RUNNING,29,-0.986645,RUNNING,29,-0.986645,RUNNING,29,-0.986645,RUNNING,29,-0.986645,RUNNING,-0.986645,Run1
2713,07/17/2026 02:18,29,-0.986645,RUNNING,29,-0.986645,RUNNING,29,-0.986645,RUNNING,29,-0.986645,RUNNING,29,-0.986645,RUNNING,-0.986645,Run1
2714,07/17/2026 02:19,29,-0.986645,RUNNING,29,-0.986645,RUNNING,29,-0.986645,RUNNING,29,-0.986645,RUNNING,29,-0.986645,RUNNING,-0.986645,Run1
2715,07/17/2026 02:21,29,-0.986645,RUNNING,29,-0.986645,RUNNING,29,-0.986645,RUNNING,29,-0.986645,RUNNING,29,-0.986645,RUNNING,-0.986645,Run1
2716,07/17/2026 02:25,29,-0.986645,RUNNING,29,-0.986645,RUNNING,29,-0.986645,RUNNING,29,-0.986645,RUNNING,29,-0.986645,RUNNING,-0.986645,Run1
2717,07/17/2026 02:27,29,-0.986645,RUNNING,29,-0.986645,RUNNING,29,-0.986645,RUNNING,29,-0.986645,RUNNING,29,-0.986645,RUNNING,-0.986645,Run1
2718,07/17/2026 02:28,29,-0.986645,RUNNING,29,-0.986645,RUNNING,29,-0.986645,RUNNING,29,-0.986645,RUNNING,29,-0.986645,RUNNING,-0.986645,Run1
2719,07/17/2026 02:33,29,-0.986645,RUNNING,29,-0.986645,RUNNING,29,-0.986645,RUNNING,29,-0.986645,RUNNING,29,-0.986645,RUNNING,-0.986645,Run1
2720,07/17/2026 02:40,29,-0.986645,RUNNING,29,-0.986645,RUNNING,29,-0.986645,RUNNING,29,-0.986645,RUNNING,29,-0.986645,RUNNING,-0.986645,Run1
2721,07/17/2026 02:45,29,-0.986645,RUNNING,29,-0.986645,RUNNING,29,-0.986645,RUNNING,29,-0.986645,RUNNING,29,-0.986645,RUNNING,-0.986645,Run1
2722,07/17/2026 02:47,29,-0.986645,RUNNING,29,-0.986645,RUNNING,29,-0.986645,RUNNING,29,-0.986645,RUNNING,29,-0.986645,RUNNING,-0.986645,Run1
2723,07/17/2026 02:54,29,-0.986645,RUNNING,29,-0.986645,RUNNING,29,-0.986645,RUNNING,29,-0.986645,RUNNING,29,-0.986645,RUNNING,-0.986645,Run1
2724,07/17/2026 02:55,29,-0.986645,RUNNING,29,-0.986645,RUNNING,29,-0.986645,RUNNING,29,-0.986645,RUNNING,29,-0.986645,RUNNING,-0.986645,Run1
2725,07/17/2026 02:56,29,-0.986645,RUNNING,29,-0.986645,RUNNING,29,-0.986645,RUNNING,29,-0.986645,RUNNING,29,-0.986645,RUNNING,-0.986645,Run1
2726,07/17/2026 02:57,29,-0.986645,RUNNING,29,-0.986645,RUNNING,29,-0.986645,RUNNING,29,-0.986645,RUNNING,29,-0.986645,RUNNING,-0.986645,Run1
2727,07/17/2026 02:58,29,-0.986645,RUNNING,29,-0.986645,RUNNING,29,-0.986645,RUNNING,29,-0.986645,RUNNING,29,-0.986645,RUNNING,-0.986645,Run1
2728,07/17/2026 02:59,29,-0.986645,RUNNING,29,-0.986645,RUNNING,29,-0.986645,RUNNING,29,-0.986645,RUNNING,29,-0.986645,RUNNING,-0.986645,Run1
2729,07/17/2026 03:00,29,-0.986645,RUNNING,29,-0.986645,RUNNING,29,-0.986645,RUNNING,29,-0.986645,RUNNING,29,-0.986645,RUNNING,-0.986645,Run1
2730,07/17/2026 03:02,29,-0.986645,RUNNING,29,-0.986645,RUNNING,29,-0.986645,RUNNING,29,-0.986645,RUNNING,29,-0.986645,RUNNING,-0.986645,Run1
2731,07/17/2026 03:09,29,-0.986645,RUNNING,29,-0.986645,RUNNING,29,-0.986645,RUNNING,29,-0.986645,RUNNING,29,-0.986645,RUNNING,-0.986645,Run1
2732,07/17/2026 03:14,29,-0.986645,RUNNING,29,-0.986645,RUNNING,29,-0.986645,RUNNING,29,-0.986645,RUNNING,29,-0.986645,RUNNING,-0.986645,Run1
2733,07/17/2026 03:16,29,-0.986645,RUNNING,29,-0.986645,RUNNING,29,-0.986645,RUNNING,29,-0.986645,RUNNING,29,-0.986645,RUNNING,-0.986645,Run1
2734,07/17/2026 03:23,29,-0.986645,RUNNING,29,-0.986645,RUNNING,29,-0.986645,RUNNING,29,-0.986645,RUNNING,29,-0.986645,RUNNING,-0.986645,Run1
2735,07/17/2026 03:24,29,-0.986645,RUNNING,29,-0.986645,RUNNING,29,-0.986645,RUNNING,29,-0.986645,RUNNING,29,-0.986645,RUNNING,-0.986645,Run1
2736,07/17/2026 03:26,29,-0.986645,RUNNING,29,-0.986645,RUNNING,29,-0.986645,RUNNING,29,-0.986645,RUNNING,29,-0.986645,RUNNING,-0.986645,Run1
2737,07/17/2026 03:31,29,-0.986645,RUNNING,29,-0.986645,RUNNING,29,-0.986645,RUNNING,29,-0.986645,RUNNING,29,-0.986645,RUNNING,-0.986645,Run1
2738,07/17/2026 03:38,29,-0.986645,RUNNING,29,-0.986645,RUNNING,29,-0.986645,RUNNING,29,-0.986645,RUNNING,29,-0.986645,RUNNING,-0.986645,Run1
2739,07/17/2026 03:45,29,-0.986645,RUNNING,29,-0.986645,RUNNING,29,-0.986645,RUNNING,29,-0.986645,RUNNING,29,-0.986645,RUNNING,-0.986645,Run1
2740,07/17/2026 03:51,29,-0.986645,RUNNING,29,-0.986645,RUNNING,29,-0.986645,RUNNING,29,-0.986645,RUNNING,29,-0.986645,RUNNING,-0.986645,Run1
2741,07/17/2026 03:52,29,-0.986645,RUNNING,29,-0.986645,RUNNING,29,-0.986645,RUNNING,29,-0.986645,RUNNING,29,-0.986645,RUNNING,-0.986645,Run1
2742,07/17/2026 03:53,29,-0.986645,RUNNING,29,-0.986645,RUNNING,29,-0.986645,RUNNING,29,-0.986645,RUNNING,29,-0.986645,RUNNING,-0.986645,Run1
2743,07/17/2026 04:01,29,-0.986645,RUNNING,29,-0.986645,RUNNING,29,-0.986645,RUNNING,29,-0.986645,RUNNING,29,-0.986645,RUNNING,-0.986645,Run1
2744,07/17/2026 04:04,29,-0.986645,RUNNING,29,-0.986645,RUNNING,29,-0.986645,RUNNING,29,-0.986645,RUNNING,29,-0.986645,RUNNING,-0.986645,Run1
2745,07/17/2026 04:08,29,-0.986645,RUNNING,29,-0.986645,RUNNING,29,-0.986645,RUNNING,29,-0.986645,RUNNING,29,-0.986645,RUNNING,-0.986645,Run1
2746,07/17/2026 04:15,29,-0.986645,RUNNING,29,-0.986645,RUNNING,29,-0.986645,RUNNING,29,-0.986645,RUNNING,29,-0.986645,RUNNING,-0.986645,Run1
2747,07/17/2026 04:18,29,-0.986645,RUNNING,29,-0.986645,RUNNING,29,-0.986645,RUNNING,29,-0.986645,RUNNING,29,-0.986645,RUNNING,-0.986645,Run1
2748,07/17/2026 04:20,29,-0.986645,RUNNING,29,-0.986645,RUNNING,29,-0.986645,RUNNING,29,-0.986645,RUNNING,29,-0.986645,RUNNING,-0.986645,Run1
2749,07/17/2026 04:21,29,-0.986645,RUNNING,29,-0.986645,RUNNING,29,-0.986645,RUNNING,29,-0.986645,RUNNING,29,-0.986645,RUNNING,-0.986645,Run1
2750,07/17/2026 04:22,29,-0.986645,RUNNING,29,-0.986645,RUNNING,29,-0.986645,RUNNING,29,-0.986645,RUNNING,29,-0.986645,RUNNING,-0.986645,Run1
2751,07/17/2026 04:23,29,-0.986645,RUNNING,29,-0.986645,RUNNING,29,-0.986645,RUNNING,29,-0.986645,RUNNING,29,-0.986645,RUNNING,-0.986645,Run1
2752,07/17/2026 04:24,29,-0.986645,RUNNING,29,-0.986645,RUNNING,29,-0.986645,RUNNING,29,-0.986645,RUNNING,29,-0.986645,RUNNING,-0.986645,Run1
2753,07/17/2026 04:26,29,-0.986645,RUNNING,29,-0.986645,RUNNING,29,-0.986645,RUNNING,29,-0.986645,RUNNING,29,-0.986645,RUNNING,-0.986645,Run1
2754,07/17/2026 04:27,29,-0.986645,RUNNING,29,-0.986645,RUNNING,29,-0.986645,RUNNING,29,-0.986645,RUNNING,29,-0.986645,RUNNING,-0.986645,Run1
2755,07/17/2026 04:30,29,-0.986645,RUNNING,29,-0.986645,RUNNING,29,-0.986645,RUNNING,29,-0.986645,RUNNING,29,-0.986645,RUNNING,-0.986645,Run1
2756,07/17/2026 04:35,29,-0.986645,RUNNING,29,-0.986645,RUNNING,29,-0.986645,RUNNING,29,-0.986645,RUNNING,29,-0.986645,RUNNING,-0.986645,Run1
2757,07/17/2026 04:37,29,-0.986645,RUNNING,29,-0.986645,RUNNING,29,-0.986645,RUNNING,29,-0.986645,RUNNING,29,-0.986645,RUNNING,-0.986645,Run1
2758,07/17/2026 04:40,29,-0.986645,RUNNING,29,-0.986645,RUNNING,29,-0.986645,RUNNING,29,-0.986645,RUNNING,29,-0.986645,RUNNING,-0.986645,Run1
2759,07/17/2026 04:41,29,-0.986645,RUNNING,29,-0.986645,RUNNING,29,-0.986645,RUNNING,29,-0.986645,RUNNING,29,-0.986645,RUNNING,-0.986645,Run1
2760,07/17/2026 04:43,29,-0.986645,RUNNING,29,-0.986645,RUNNING,29,-0.986645,RUNNING,29,-0.986645,RUNNING,29,-0.986645,RUNNING,-0.986645,Run1
2761,07/17/2026 04:45,29,-0.986645,RUNNING,29,-0.986645,RUNNING,29,-0.986645,RUNNING,29,-0.986645,RUNNING,29,-0.986645,RUNNING,-0.986645,Run1
2762,07/17/2026 04:51,29,-0.986645,RUNNING,29,-0.986645,RUNNING,29,-0.986645,RUNNING,29,-0.986645,RUNNING,29,-0.986645,RUNNING,-0.986645,Run1
2763,07/17/2026 04:54,29,-0.986645,RUNNING,29,-0.986645,RUNNING,29,-0.986645,RUNNING,29,-0.986645,RUNNING,29,-0.986645,RUNNING,-0.986645,Run1
2764,07/17/2026 04:59,29,-0.986645,RUNNING,29,-0.986645,RUNNING,29,-0.986645,RUNNING,29,-0.986645,RUNNING,29,-0.986645,RUNNING,-0.986645,Run1
2765,07/17/2026 05:00,29,-0.986645,RUNNING,29,-0.986645,RUNNING,29,-0.986645,RUNNING,29,-0.986645,RUNNING,29,-0.986645,RUNNING,-0.986645,Run1
2766,07/17/2026 05:01,29,-0.986645,RUNNING,29,-0.986645,RUNNING,29,-0.986645,RUNNING,29,-0.986645,RUNNING,29,-0.986645,RUNNING,-0.986645,Run1
2767,07/17/2026 05:07,29,-0.986645,RUNNING,29,-0.986645,RUNNING,29,-0.986645,RUNNING,29,-0.986645,RUNNING,29,-0.986645,RUNNING,-0.986645,Run1
2768,07/17/2026 05:13,29,-0.986645,RUNNING,29,-0.986645,RUNNING,29,-0.986645,RUNNING,29,-0.986645,RUNNING,29,-0.986645,RUNNING,-0.986645,Run1
2769,07/17/2026 05:14,29,-0.986645,RUNNING,29,-0.986645,RUNNING,29,-0.986645,RUNNING,29,-0.986645,RUNNING,29,-0.986645,RUNNING,-0.986645,Run1
2770,07/17/2026 05:20,29,-0.986645,RUNNING,29,-0.986645,RUNNING,29,-0.986645,RUNNING,29,-0.986645,RUNNING,29,-0.986645,RUNNING,-0.986645,Run1
2771,07/17/2026 05:21,29,-0.986645,RUNNING,29,-0.986645,RUNNING,29,-0.986645,RUNNING,29,-0.986645,RUNNING,29,-0.986645,RUNNING,-0.986645,Run1
2772,07/17/2026 05:29,29,-0.986645,RUNNING,29,-0.986645,RUNNING,29,-0.986645,RUNNING,29,-0.986645,RUNNING,29,-0.986645,RUNNING,-0.986645,Run1
2773,07/17/2026 05:32,29,-0.986645,RUNNING,29,-0.986645,RUNNING,29,-0.986645,RUNNING,29,-0.986645,RUNNING,29,-0.986645,RUNNING,-0.986645,Run1
2774,07/17/2026 05:35,29,-0.986645,RUNNING,29,-0.986645,RUNNING,29,-0.986645,RUNNING,29,-0.986645,RUNNING,29,-0.986645,RUNNING,-0.986645,Run1
2775,07/17/2026 05:43,29,-0.986645,RUNNING,29,-0.986645,RUNNING,29,-0.986645,RUNNING,29,-0.986645,RUNNING,29,-0.986645,RUNNING,-0.986645,Run1
2776,07/17/2026 05:44,29,-0.986645,RUNNING,29,-0.986645,RUNNING,29,-0.986645,RUNNING,29,-0.986645,RUNNING,29,-0.986645,RUNNING,-0.986645,Run1
2777,07/17/2026 05:46,29,-0.986645,RUNNING,29,-0.986645,RUNNING,29,-0.986645,RUNNING,29,-0.986645,RUNNING,29,-0.986645,RUNNING,-0.986645,Run1
2778,07/17/2026 05:51,29,-0.986645,RUNNING,29,-0.986645,RUNNING,29,-0.986645,RUNNING,29,-0.986645,RUNNING,29,-0.986645,RUNNING,-0.986645,Run1
2779,07/17/2026 05:57,29,-0.986645,RUNNING,29,-0.986645,RUNNING,29,-0.986645,RUNNING,29,-0.986645,RUNNING,29,-0.986645,RUNNING,-0.986645,Run1
2780,07/17/2026 06:05,29,-0.986645,RUNNING,29,-0.986645,RUNNING,29,-0.986645,RUNNING,29,-0.986645,RUNNING,29,-0.986645,RUNNING,-0.986645,Run1
2781,07/17/2026 06:09,29,-0.986645,RUNNING,29,-0.986645,RUNNING,29,-0.986645,RUNNING,29,-0.986645,RUNNING,29,-0.986645,RUNNING,-0.986645,Run1
2782,07/17/2026 06:10,29,-0.986645,RUNNING,29,-0.986645,RUNNING,29,-0.986645,RUNNING,29,-0.986645,RUNNING,29,-0.986645,RUNNING,-0.986645,Run1
2783,07/17/2026 06:13,29,-0.986645,RUNNING,29,-0.986645,RUNNING,29,-0.986645,RUNNING,29,-0.986645,RUNNING,29,-0.986645,RUNNING,-0.986645,Run1
2784,07/17/2026 06:20,29,-0.986645,RUNNING,29,-0.986645,RUNNING,29,-0.986645,RUNNING,29,-0.986645,RUNNING,29,-0.986645,RUNNING,-0.986645,Run1
2785,07/17/2026 06:23,29,-0.986645,RUNNING,29,-0.986645,RUNNING,29,-0.986645,RUNNING,29,-0.986645,RUNNING,29,-0.986645,RUNNING,-0.986645,Run1
2786,07/17/2026 06:27,29,-0.986645,RUNNING,29,-0.986645,RUNNING,29,-0.986645,RUNNING,29,-0.986645,RUNNING,29,-0.986645,RUNNING,-0.986645,Run1
2787,07/17/2026 06:34,29,-0.986645,RUNNING,29,-0.986645,RUNNING,29,-0.986645,RUNNING,29,-0.986645,RUNNING,29,-0.986645,RUNNING,-0.986645,Run1
2788,07/17/2026 06:41,29,-0.986645,RUNNING,29,-0.986645,RUNNING,29,-0.986645,RUNNING,29,-0.986645,RUNNING,29,-0.986645,RUNNING,-0.986645,Run1
2789,07/17/2026 06:42,29,-0.986645,RUNNING,29,-0.986645,RUNNING,29,-0.986645,RUNNING,29,-0.986645,RUNNING,29,-0.986645,RUNNING,-0.986645,Run1
2790,07/17/2026 06:48,29,-0.986645,RUNNING,29,-0.986645,RUNNING,29,-0.986645,RUNNING,29,-0.986645,RUNNING,29,-0.986645,RUNNING,-0.986645,Run1
2791,07/17/2026 06:56,29,-0.986645,RUNNING,29,-0.986645,RUNNING,29,-0.986645,RUNNING,29,-0.986645,RUNNING,29,-0.986645,RUNNING,-0.986645,Run1
2792,07/17/2026 07:02,29,-0.986645,RUNNING,29,-0.986645,RUNNING,29,-0.986645,RUNNING,29,-0.986645,RUNNING,29,-0.986645,RUNNING,-0.986645,Run1
2793,07/17/2026 07:03,29,-0.986645,RUNNING,29,-0.986645,RUNNING,29,-0.986645,RUNNING,29,-0.986645,RUNNING,29,-0.986645,RUNNING,-0.986645,Run1
2794,07/17/2026 07:11,29,-0.986645,RUNNING,29,-0.986645,RUNNING,29,-0.986645,RUNNING,29,-0.986645,RUNNING,29,-0.986645,RUNNING,-0.986645,Run1
2795,07/17/2026 07:13,29,-0.986645,RUNNING,29,-0.986645,RUNNING,29,-0.986645,RUNNING,29,-0.986645,RUNNING,29,-0.986645,RUNNING,-0.986645,Run1
2796,07/17/2026 07:18,29,-0.986645,RUNNING,29,-0.986645,RUNNING,29,-0.986645,RUNNING,29,-0.986645,RUNNING,29,-0.986645,RUNNING,-0.986645,Run1
2797,07/17/2026 07:21,29,-0.986645,RUNNING,29,-0.986645,RUNNING,29,-0.986645,RUNNING,29,-0.986645,RUNNING,29,-0.986645,RUNNING,-0.986645,Run1
2798,07/17/2026 07:22,29,-0.986645,RUNNING,29,-0.986645,RUNNING,29,-0.986645,RUNNING,29,-0.986645,RUNNING,29,-0.986645,RUNNING,-0.986645,Run1
2799,07/17/2026 07:26,29,-0.986645,RUNNING,29,-0.986645,RUNNING,29,-0.986645,RUNNING,29,-0.986645,RUNNING,29,-0.986645,RUNNING,-0.986645,Run1
2800,07/17/2026 07:33,29,-0.986645,RUNNING,29,-0.986645,RUNNING,29,-0.986645,RUNNING,29,-0.986645,RUNNING,29,-0.986645,RUNNING,-0.986645,Run1
2801,07/17/2026 07:36,29,-0.986645,RUNNING,29,-0.986645,RUNNING,29,-0.986645,RUNNING,29,-0.986645,RUNNING,29,-0.986645,RUNNING,-0.986645,Run1
2802,07/17/2026 07:38,29,-0.986645,RUNNING,29,-0.986645,RUNNING,29,-0.986645,RUNNING,29,-0.986645,RUNNING,29,-0.986645,RUNNING,-0.986645,Run1
2803,07/17/2026 07:39,29,-0.986645,RUNNING,29,-0.986645,RUNNING,29,-0.986645,RUNNING,29,-0.986645,RUNNING,29,-0.986645,RUNNING,-0.986645,Run1
2804,07/17/2026 07:41,29,-0.986645,RUNNING,29,-0.986645,RUNNING,29,-0.986645,RUNNING,29,-0.986645,RUNNING,29,-0.986645,RUNNING,-0.986645,Run1
2805,07/17/2026 07:48,29,-0.986645,RUNNING,29,-0.986645,RUNNING,29,-0.986645,RUNNING,29,-0.986645,RUNNING,29,-0.986645,RUNNING,-0.986645,Run1
2806,07/17/2026 07:51,29,-0.986645,RUNNING,29,-0.986645,RUNNING,29,-0.986645,RUNNING,29,-0.986645,RUNNING,29,-0.986645,RUNNING,-0.986645,Run1
2807,07/17/2026 07:55,29,-0.986645,RUNNING,29,-0.986645,RUNNING,29,-0.986645,RUNNING,29,-0.986645,RUNNING,29,-0.986645,RUNNING,-0.986645,Run1
2808,07/17/2026 07:58,29,-0.986645,RUNNING,29,-0.986645,RUNNING,29,-0.986645,RUNNING,29,-0.986645,RUNNING,29,-0.986645,RUNNING,-0.986645,Run1
2809,07/17/2026 07:59,29,-0.986645,RUNNING,29,-0.986645,RUNNING,29,-0.986645,RUNNING,29,-0.986645,RUNNING,29,-0.986645,RUNNING,-0.986645,Run1
2810,07/17/2026 08:00,29,-0.986645,RUNNING,29,-0.986645,RUNNING,29,-0.986645,RUNNING,29,-0.986645,RUNNING,29,-0.986645,RUNNING,-0.986645,Run1
2811,07/17/2026 08:01,29,-0.986645,RUNNING,29,-0.986645,RUNNING,29,-0.986645,RUNNING,29,-0.986645,RUNNING,29,-0.986645,RUNNING,-0.986645,Run1
2812,07/17/2026 08:02,29,-0.986645,RUNNING,29,-0.986645,RUNNING,29,-0.986645,RUNNING,29,-0.986645,RUNNING,29,-0.986645,RUNNING,-0.986645,Run1
2813,07/17/2026 08:03,29,-0.986645,RUNNING,29,-0.986645,RUNNING,29,-0.986645,RUNNING,29,-0.986645,RUNNING,29,-0.986645,RUNNING,-0.986645,Run1
2814,07/17/2026 08:04,29,-0.986645,RUNNING,29,-0.986645,RUNNING,29,-0.986645,RUNNING,29,-0.986645,RUNNING,29,-0.986645,RUNNING,-0.986645,Run1
2815,07/17/2026 08:05,29,-0.986645,RUNNING,29,-0.986645,RUNNING,29,-0.986645,RUNNING,29,-0.986645,RUNNING,29,-0.986645,RUNNING,-0.986645,Run1
2816,07/17/2026 08:06,29,-0.986645,RUNNING,29,-0.986645,RUNNING,29,-0.986645,RUNNING,29,-0.986645,RUNNING,29,-0.986645,RUNNING,-0.986645,Run1
2817,07/17/2026 08:07,29,-0.986645,RUNNING,29,-0.986645,RUNNING,29,-0.986645,RUNNING,29,-0.986645,RUNNING,29,-0.986645,RUNNING,-0.986645,Run1
2818,07/17/2026 08:08,29,-0.986645,RUNNING,29,-0.986645,RUNNING,29,-0.986645,RUNNING,29,-0.986645,RUNNING,29,-0.986645,RUNNING,-0.986645,Run1
2819,07/17/2026 08:09,29,-0.986645,RUNNING,29,-0.986645,RUNNING,29,-0.986645,RUNNING,29,-0.986645,RUNNING,29,-0.986645,RUNNING,-0.986645,Run1
2820,07/17/2026 08:10,29,-0.986645,RUNNING,29,-0.986645,RUNNING,29,-0.986645,RUNNING,29,-0.986645,RUNNING,29,-0.986645,RUNNING,-0.986645,Run1
2821,07/17/2026 08:11,29,-0.986645,RUNNING,29,-0.986645,RUNNING,29,-0.986645,RUNNING,29,-0.986645,RUNNING,29,-0.986645,RUNNING,-0.986645,Run1
2822,07/17/2026 08:12,29,-0.986645,RUNNING,29,-0.986645,RUNNING,29,-0.986645,RUNNING,29,-0.986645,RUNNING,29,-0.986645,RUNNING,-0.986645,Run1
2823,07/17/2026 08:13,29,-0.986645,RUNNING,29,-0.986645,RUNNING,29,-0.986645,RUNNING,29,-0.986645,RUNNING,29,-0.986645,RUNNING,-0.986645,Run1
2824,07/17/2026 08:14,29,-0.986645,RUNNING,29,-0.986645,RUNNING,29,-0.986645,RUNNING,29,-0.986645,RUNNING,29,-0.986645,RUNNING,-0.986645,Run1
2825,07/17/2026 08:15,29,-0.986645,RUNNING,29,-0.986645,RUNNING,29,-0.986645,RUNNING,29,-0.986645,RUNNING,29,-0.986645,RUNNING,-0.986645,Run1
2826,07/17/2026 08:16,29,-0.986645,RUNNING,29,-0.986645,RUNNING,29,-0.986645,RUNNING,29,-0.986645,RUNNING,29,-0.986645,RUNNING,-0.986645,Run1
2827,07/17/2026 08:18,29,-0.986645,RUNNING,29,-0.986645,RUNNING,29,-0.986645,RUNNING,29,-0.986645,RUNNING,29,-0.986645,RUNNING,-0.986645,Run1
2828,07/17/2026 08:19,29,-0.986645,RUNNING,29,-0.986645,RUNNING,29,-0.986645,RUNNING,29,-0.986645,RUNNING,29,-0.986645,RUNNING,-0.986645,Run1
2829,07/17/2026 08:20,29,-0.986645,RUNNING,29,-0.986645,RUNNING,29,-0.986645,RUNNING,29,-0.986645,RUNNING,29,-0.986645,RUNNING,-0.986645,Run1
2830,07/17/2026 08:21,29,-0.986645,RUNNING,29,-0.986645,RUNNING,29,-0.986645,RUNNING,29,-0.986645,RUNNING,29,-0.986645,RUNNING,-0.986645,Run1
2831,07/17/2026 08:22,29,-0.986645,RUNNING,29,-0.986645,RUNNING,29,-0.986645,RUNNING,29,-0.986645,RUNNING,29,-0.986645,RUNNING,-0.986645,Run1
2832,07/17/2026 08:23,29,-0.986645,RUNNING,29,-0.986645,RUNNING,29,-0.986645,RUNNING,29,-0.986645,RUNNING,29,-0.986645,RUNNING,-0.986645,Run1
2833,07/17/2026 08:24,29,-0.986645,RUNNING,29,-0.986645,RUNNING,29,-0.986645,RUNNING,29,-0.986645,RUNNING,29,-0.986645,RUNNING,-0.986645,Run1
2834,07/17/2026 08:25,29,-0.986645,RUNNING,29,-0.986645,RUNNING,29,-0.986645,RUNNING,29,-0.986645,RUNNING,29,-0.986645,RUNNING,-0.986645,Run1
2835,07/17/2026 08:26,29,-0.986645,RUNNING,29,-0.986645,RUNNING,29,-0.986645,RUNNING,29,-0.986645,RUNNING,29,-0.986645,RUNNING,-0.986645,Run1
2836,07/17/2026 08:27,29,-0.986645,RUNNING,29,-0.986645,RUNNING,29,-0.986645,RUNNING,29,-0.986645,RUNNING,29,-0.986645,RUNNING,-0.986645,Run1
2837,07/17/2026 08:28,29,-0.986645,RUNNING,29,-0.986645,RUNNING,29,-0.986645,RUNNING,29,-0.986645,RUNNING,29,-0.986645,RUNNING,-0.986645,Run1
2838,07/17/2026 08:29,29,-0.986645,RUNNING,29,-0.986645,RUNNING,29,-0.986645,RUNNING,29,-0.986645,RUNNING,29,-0.986645,RUNNING,-0.986645,Run1
2839,07/17/2026 08:30,29,-0.986645,RUNNING,29,-0.986645,RUNNING,29,-0.986645,RUNNING,29,-0.986645,RUNNING,29,-0.986645,RUNNING,-0.986645,Run1
2840,07/17/2026 08:31,29,-0.986645,RUNNING,29,-0.986645,RUNNING,29,-0.986645,RUNNING,29,-0.986645,RUNNING,29,-0.986645,RUNNING,-0.986645,Run1
2841,07/17/2026 08:32,29,-0.986645,RUNNING,29,-0.986645,RUNNING,29,-0.986645,RUNNING,29,-0.986645,RUNNING,29,-0.986645,RUNNING,-0.986645,Run1
2842,07/17/2026 08:33,29,-0.986645,RUNNING,29,-0.986645,RUNNING,29,-0.986645,RUNNING,29,-0.986645,RUNNING,29,-0.986645,RUNNING,-0.986645,Run1
2843,07/17/2026 08:34,29,-0.986645,RUNNING,29,-0.986645,RUNNING,29,-0.986645,RUNNING,29,-0.986645,RUNNING,29,-0.986645,RUNNING,-0.986645,Run1
2844,07/17/2026 08:35,29,-0.986645,RUNNING,29,-0.986645,RUNNING,29,-0.986645,RUNNING,29,-0.986645,RUNNING,29,-0.986645,RUNNING,-0.986645,Run1
2845,07/17/2026 08:36,29,-0.986645,RUNNING,29,-0.986645,RUNNING,29,-0.986645,RUNNING,29,-0.986645,RUNNING,29,-0.986645,RUNNING,-0.986645,Run1
2846,07/17/2026 08:37,29,-0.986645,RUNNING,29,-0.986645,RUNNING,29,-0.986645,RUNNING,29,-0.986645,RUNNING,29,-0.986645,RUNNING,-0.986645,Run1
2847,07/17/2026 08:38,29,-0.986645,RUNNING,29,-0.986645,RUNNING,29,-0.986645,RUNNING,29,-0.986645,RUNNING,29,-0.986645,RUNNING,-0.986645,Run1
2848,07/17/2026 08:39,29,-0.986645,RUNNING,29,-0.986645,RUNNING,29,-0.986645,RUNNING,29,-0.986645,RUNNING,29,-0.986645,RUNNING,-0.986645,Run1
2849,07/17/2026 08:40,29,-0.986645,RUNNING,29,-0.986645,RUNNING,29,-0.986645,RUNNING,29,-0.986645,RUNNING,29,-0.986645,RUNNING,-0.986645,Run1
2850,07/17/2026 08:41,29,-0.986645,RUNNING,29,-0.986645,RUNNING,29,-0.986645,RUNNING,29,-0.986645,RUNNING,29,-0.986645,RUNNING,-0.986645,Run1
2851,07/17/2026 08:42,29,-0.986645,RUNNING,29,-0.986645,RUNNING,29,-0.986645,RUNNING,29,-0.986645,RUNNING,29,-0.986645,RUNNING,-0.986645,Run1
2852,07/17/2026 08:43,29,-0.986645,RUNNING,29,-0.986645,RUNNING,29,-0.986645,RUNNING,29,-0.986645,RUNNING,29,-0.986645,RUNNING,-0.986645,Run1
2853,07/17/2026 08:44,29,-0.986645,RUNNING,29,-0.986645,RUNNING,29,-0.986645,RUNNING,29,-0.986645,RUNNING,29,-0.986645,RUNNING,-0.986645,Run1
2854,07/17/2026 08:46,29,-0.986645,RUNNING,29,-0.986645,RUNNING,29,-0.986645,RUNNING,29,-0.986645,RUNNING,29,-0.986645,RUNNING,-0.986645,Run1
2855,07/17/2026 08:47,29,-0.986645,RUNNING,29,-0.986645,RUNNING,29,-0.986645,RUNNING,29,-0.986645,RUNNING,29,-0.986645,RUNNING,-0.986645,Run1
2856,07/17/2026 08:48,29,-0.986645,RUNNING,29,-0.986645,RUNNING,29,-0.986645,RUNNING,29,-0.986645,RUNNING,29,-0.986645,RUNNING,-0.986645,Run1
2857,07/17/2026 08:49,29,-0.986645,RUNNING,29,-0.986645,RUNNING,29,-0.986645,RUNNING,29,-0.986645,RUNNING,29,-0.986645,RUNNING,-0.986645,Run1
2858,07/17/2026 08:50,29,-0.986645,RUNNING,29,-0.986645,RUNNING,29,-0.986645,RUNNING,29,-0.986645,RUNNING,29,-0.986645,RUNNING,-0.986645,Run1
2859,07/17/2026 08:51,29,-0.986645,RUNNING,29,-0.986645,RUNNING,29,-0.986645,RUNNING,29,-0.986645,RUNNING,29,-0.986645,RUNNING,-0.986645,Run1
2860,07/17/2026 08:52,29,-0.986645,RUNNING,29,-0.986645,RUNNING,29,-0.986645,RUNNING,29,-0.986645,RUNNING,29,-0.986645,RUNNING,-0.986645,Run1
2861,07/17/2026 08:53,29,-0.986645,RUNNING,29,-0.986645,RUNNING,29,-0.986645,RUNNING,29,-0.986645,RUNNING,29,-0.986645,RUNNING,-0.986645,Run1
2862,07/17/2026 08:54,29,-0.986645,RUNNING,29,-0.986645,RUNNING,29,-0.986645,RUNNING,29,-0.986645,RUNNING,29,-0.986645,RUNNING,-0.986645,Run1
2863,07/17/2026 08:55,29,-0.986645,RUNNING,29,-0.986645,RUNNING,29,-0.986645,RUNNING,29,-0.986645,RUNNING,29,-0.986645,RUNNING,-0.986645,Run1
2864,07/17/2026 08:56,29,-0.986645,RUNNING,29,-0.986645,RUNNING,29,-0.986645,RUNNING,29,-0.986645,RUNNING,29,-0.986645,RUNNING,-0.986645,Run1
2865,07/17/2026 08:57,29,-0.986645,RUNNING,29,-0.986645,RUNNING,29,-0.986645,RUNNING,29,-0.986645,RUNNING,29,-0.986645,RUNNING,-0.986645,Run1
2866,07/17/2026 08:58,29,-0.986645,RUNNING,29,-0.986645,RUNNING,29,-0.986645,RUNNING,29,-0.986645,RUNNING,29,-0.986645,RUNNING,-0.986645,Run1
2867,07/17/2026 08:59,29,-0.986645,RUNNING,29,-0.986645,RUNNING,29,-0.986645,RUNNING,29,-0.986645,RUNNING,29,-0.986645,RUNNING,-0.986645,Run1
2868,07/17/2026 09:00,29,-0.986645,RUNNING,29,-0.986645,RUNNING,29,-0.986645,RUNNING,29,-0.986645,RUNNING,29,-0.986645,RUNNING,-0.986645,Run1
2869,07/17/2026 09:01,29,-0.986645,RUNNING,29,-0.986645,RUNNING,29,-0.986645,RUNNING,29,-0.986645,RUNNING,29,-0.986645,RUNNING,-0.986645,Run1
2870,07/17/2026 09:02,29,-0.986645,RUNNING,29,-0.986645,RUNNING,29,-0.986645,RUNNING,29,-0.986645,RUNNING,29,-0.986645,RUNNING,-0.986645,Run1
2871,07/17/2026 09:03,29,-0.986645,RUNNING,29,-0.986645,RUNNING,29,-0.986645,RUNNING,29,-0.986645,RUNNING,29,-0.986645,RUNNING,-0.986645,Run1
2872,07/17/2026 09:04,29,-0.986645,RUNNING,29,-0.986645,RUNNING,29,-0.986645,RUNNING,29,-0.986645,RUNNING,29,-0.986645,RUNNING,-0.986645,Run1
2873,07/17/2026 09:05,29,-0.986645,RUNNING,29,-0.986645,RUNNING,29,-0.986645,RUNNING,29,-0.986645,RUNNING,29,-0.986645,RUNNING,-0.986645,Run1
2874,07/17/2026 09:06,29,-0.986645,RUNNING,29,-0.986645,RUNNING,29,-0.986645,RUNNING,29,-0.986645,RUNNING,29,-0.986645,RUNNING,-0.986645,Run1
2875,07/17/2026 09:07,29,-0.986645,RUNNING,29,-0.986645,RUNNING,29,-0.986645,RUNNING,29,-0.986645,RUNNING,29,-0.986645,RUNNING,-0.986645,Run1
2876,07/17/2026 09:08,29,-0.986645,RUNNING,29,-0.986645,RUNNING,29,-0.986645,RUNNING,29,-0.986645,RUNNING,29,-0.986645,RUNNING,-0.986645,Run1
2877,07/17/2026 09:09,29,-0.986645,RUNNING,29,-0.986645,RUNNING,29,-0.986645,RUNNING,29,-0.986645,RUNNING,29,-0.986645,RUNNING,-0.986645,Run1
2878,07/17/2026 09:10,29,-0.986645,RUNNING,29,-0.986645,RUNNING,29,-0.986645,RUNNING,29,-0.986645,RUNNING,29,-0.986645,RUNNING,-0.986645,Run1
2879,07/17/2026 09:11,29,-0.986645,RUNNING,29,-0.986645,RUNNING,29,-0.986645,RUNNING,29,-0.986645,RUNNING,29,-0.986645,RUNNING,-0.986645,Run1
2880,07/17/2026 09:12,29,-0.986645,RUNNING,29,-0.986645,RUNNING,29,-0.986645,RUNNING,29,-0.986645,RUNNING,29,-0.986645,RUNNING,-0.986645,Run1
2881,07/17/2026 09:13,29,-0.986645,RUNNING,29,-0.986645,RUNNING,29,-0.986645,RUNNING,29,-0.986645,RUNNING,29,-0.986645,RUNNING,-0.986645,Run1
2882,07/17/2026 09:15,29,-0.986645,RUNNING,29,-0.986645,RUNNING,29,-0.986645,RUNNING,29,-0.986645,RUNNING,29,-0.986645,RUNNING,-0.986645,Run1
2883,07/17/2026 09:16,29,-0.986645,RUNNING,29,-0.986645,RUNNING,29,-0.986645,RUNNING,29,-0.986645,RUNNING,29,-0.986645,RUNNING,-0.986645,Run1
2884,07/17/2026 09:17,29,-0.986645,RUNNING,29,-0.986645,RUNNING,29,-0.986645,RUNNING,29,-0.986645,RUNNING,29,-0.986645,RUNNING,-0.986645,Run1
2885,07/17/2026 09:18,29,-0.986645,RUNNING,29,-0.986645,RUNNING,29,-0.986645,RUNNING,29,-0.986645,RUNNING,29,-0.986645,RUNNING,-0.986645,Run1
2886,07/17/2026 09:19,29,-0.986645,RUNNING,29,-0.986645,RUNNING,29,-0.986645,RUNNING,29,-0.986645,RUNNING,29,-0.986645,RUNNING,-0.986645,Run1
2887,07/17/2026 09:20,29,-0.986645,RUNNING,29,-0.986645,RUNNING,29,-0.986645,RUNNING,29,-0.986645,RUNNING,29,-0.986645,RUNNING,-0.986645,Run1
2888,07/17/2026 09:21,29,-0.986645,RUNNING,29,-0.986645,RUNNING,29,-0.986645,RUNNING,29,-0.986645,RUNNING,29,-0.986645,RUNNING,-0.986645,Run1
2889,07/17/2026 09:22,29,-0.986645,RUNNING,29,-0.986645,RUNNING,29,-0.986645,RUNNING,29,-0.986645,RUNNING,29,-0.986645,RUNNING,-0.986645,Run1
2890,07/17/2026 09:23,29,-0.986645,RUNNING,29,-0.986645,RUNNING,29,-0.986645,RUNNING,29,-0.986645,RUNNING,29,-0.986645,RUNNING,-0.986645,Run1
2891,07/17/2026 09:24,29,-0.986645,RUNNING,29,-0.986645,RUNNING,29,-0.986645,RUNNING,29,-0.986645,RUNNING,29,-0.986645,RUNNING,-0.986645,Run1
2892,07/17/2026 09:25,29,-0.986645,RUNNING,29,-0.986645,RUNNING,29,-0.986645,RUNNING,29,-0.986645,RUNNING,29,-0.986645,RUNNING,-0.986645,Run1
2893,07/17/2026 09:26,29,-0.986645,RUNNING,29,-0.986645,RUNNING,29,-0.986645,RUNNING,29,-0.986645,RUNNING,29,-0.986645,RUNNING,-0.986645,Run1
2894,07/17/2026 09:27,29,-0.986645,RUNNING,29,-0.986645,RUNNING,29,-0.986645,RUNNING,29,-0.986645,RUNNING,29,-0.986645,RUNNING,-0.986645,Run1
2895,07/17/2026 09:28,29,-0.986645,RUNNING,29,-0.986645,RUNNING,29,-0.986645,RUNNING,29,-0.986645,RUNNING,29,-0.986645,RUNNING,-0.986645,Run1
2896,07/17/2026 09:29,29,-0.986645,RUNNING,29,-0.986645,RUNNING,29,-0.986645,RUNNING,29,-0.986645,RUNNING,29,-0.986645,RUNNING,-0.986645,Run1
2897,07/17/2026 09:30,29,-0.986645,RUNNING,29,-0.986645,RUNNING,29,-0.986645,RUNNING,29,-0.986645,RUNNING,29,-0.986645,RUNNING,-0.986645,Run1
2898,07/17/2026 09:31,29,-0.986645,RUNNING,29,-0.986645,RUNNING,29,-0.986645,RUNNING,29,-0.986645,RUNNING,29,-0.986645,RUNNING,-0.986645,Run1
2899,07/17/2026 09:32,29,-0.986645,RUNNING,29,-0.986645,RUNNING,29,-0.986645,RUNNING,29,-0.986645,RUNNING,29,-0.986645,RUNNING,-0.986645,Run1
2900,07/17/2026 09:33,29,-0.986645,RUNNING,29,-0.986645,RUNNING,29,-0.986645,RUNNING,29,-0.986645,RUNNING,29,-0.986645,RUNNING,-0.986645,Run1
2901,07/17/2026 09:34,29,-0.986645,RUNNING,29,-0.986645,RUNNING,29,-0.986645,RUNNING,29,-0.986645,RUNNING,29,-0.986645,RUNNING,-0.986645,Run1
2902,07/17/2026 09:35,29,-0.986645,RUNNING,29,-0.986645,RUNNING,29,-0.986645,RUNNING,29,-0.986645,RUNNING,29,-0.986645,RUNNING,-0.986645,Run1
2903,07/17/2026 09:36,29,-0.986645,RUNNING,29,-0.986645,RUNNING,29,-0.986645,RUNNING,29,-0.986645,RUNNING,29,-0.986645,RUNNING,-0.986645,Run1
2904,07/17/2026 09:37,29,-0.986645,RUNNING,29,-0.986645,RUNNING,29,-0.986645,RUNNING,29,-0.986645,RUNNING,29,-0.986645,RUNNING,-0.986645,Run1
2905,07/17/2026 09:38,29,-0.986645,RUNNING,29,-0.986645,RUNNING,29,-0.986645,RUNNING,29,-0.986645,RUNNING,29,-0.986645,RUNNING,-0.986645,Run1
2906,07/17/2026 09:39,29,-0.986645,RUNNING,29,-0.986645,RUNNING,29,-0.986645,RUNNING,29,-0.986645,RUNNING,29,-0.986645,RUNNING,-0.986645,Run1
2907,07/17/2026 09:40,29,-0.986645,RUNNING,29,-0.986645,RUNNING,29,-0.986645,RUNNING,29,-0.986645,RUNNING,29,-0.986645,RUNNING,-0.986645,Run1
2908,07/17/2026 09:41,29,-0.986645,RUNNING,29,-0.986645,RUNNING,29,-0.986645,RUNNING,29,-0.986645,RUNNING,29,-0.986645,RUNNING,-0.986645,Run1
2909,07/17/2026 09:42,29,-0.986645,RUNNING,29,-0.986645,RUNNING,29,-0.986645,RUNNING,29,-0.986645,RUNNING,29,-0.986645,RUNNING,-0.986645,Run1
2910,07/17/2026 09:44,29,-0.986645,RUNNING,29,-0.986645,RUNNING,29,-0.986645,RUNNING,29,-0.986645,RUNNING,29,-0.986645,RUNNING,-0.986645,Run1
2911,07/17/2026 09:45,29,-0.986645,RUNNING,29,-0.986645,RUNNING,29,-0.986645,RUNNING,29,-0.986645,RUNNING,29,-0.986645,RUNNING,-0.986645,Run1
2912,07/17/2026 09:46,29,-0.986645,RUNNING,29,-0.986645,RUNNING,29,-0.986645,RUNNING,29,-0.986645,RUNNING,29,-0.986645,RUNNING,-0.986645,Run1
2913,07/17/2026 09:47,29,-0.986645,RUNNING,29,-0.986645,RUNNING,29,-0.986645,RUNNING,29,-0.986645,RUNNING,29,-0.986645,RUNNING,-0.986645,Run1
2914,07/17/2026 09:48,29,-0.986645,RUNNING,29,-0.986645,RUNNING,29,-0.986645,RUNNING,29,-0.986645,RUNNING,29,-0.986645,RUNNING,-0.986645,Run1
2915,07/17/2026 09:49,29,-0.986645,RUNNING,29,-0.986645,RUNNING,29,-0.986645,RUNNING,29,-0.986645,RUNNING,29,-0.986645,RUNNING,-0.986645,Run1
2916,07/17/2026 09:50,29,-0.986645,RUNNING,29,-0.986645,RUNNING,29,-0.986645,RUNNING,29,-0.986645,RUNNING,29,-0.986645,RUNNING,-0.986645,Run1
2917,07/17/2026 09:51,29,-0.986645,RUNNING,29,-0.986645,RUNNING,29,-0.986645,RUNNING,29,-0.986645,RUNNING,29,-0.986645,RUNNING,-0.986645,Run1
2918,07/17/2026 09:52,29,-0.986645,RUNNING,29,-0.986645,RUNNING,29,-0.986645,RUNNING,29,-0.986645,RUNNING,29,-0.986645,RUNNING,-0.986645,Run1
2919,07/17/2026 09:53,29,-0.986645,RUNNING,29,-0.986645,RUNNING,29,-0.986645,RUNNING,29,-0.986645,RUNNING,29,-0.986645,RUNNING,-0.986645,Run1
2920,07/17/2026 09:54,29,-0.986645,RUNNING,29,-0.986645,RUNNING,29,-0.986645,RUNNING,29,-0.986645,RUNNING,29,-0.986645,RUNNING,-0.986645,Run1
2921,07/17/2026 09:55,29,-0.986645,RUNNING,29,-0.986645,RUNNING,29,-0.986645,RUNNING,29,-0.986645,RUNNING,29,-0.986645,RUNNING,-0.986645,Run1
2922,07/17/2026 09:56,29,-0.986645,RUNNING,29,-0.986645,RUNNING,29,-0.986645,RUNNING,29,-0.986645,RUNNING,29,-0.986645,RUNNING,-0.986645,Run1
2923,07/17/2026 09:57,29,-0.986645,RUNNING,29,-0.986645,RUNNING,29,-0.986645,RUNNING,29,-0.986645,RUNNING,29,-0.986645,RUNNING,-0.986645,Run1
2924,07/17/2026 09:58,29,-0.986645,RUNNING,29,-0.986645,RUNNING,29,-0.986645,RUNNING,29,-0.986645,RUNNING,29,-0.986645,RUNNING,-0.986645,Run1
2925,07/17/2026 09:59,29,-0.986645,RUNNING,29,-0.986645,RUNNING,29,-0.986645,RUNNING,29,-0.986645,RUNNING,29,-0.986645,RUNNING,-0.986645,Run1
2926,07/17/2026 10:00,29,-0.986645,RUNNING,29,-0.986645,RUNNING,29,-0.986645,RUNNING,29,-0.986645,RUNNING,29,-0.986645,RUNNING,-0.986645,Run1
2927,07/17/2026 10:01,29,-0.986645,RUNNING,29,-0.986645,RUNNING,29,-0.986645,RUNNING,29,-0.986645,RUNNING,29,-0.986645,RUNNING,-0.986645,Run1
2928,07/17/2026 10:02,29,-0.986645,RUNNING,29,-0.986645,RUNNING,29,-0.986645,RUNNING,29,-0.986645,RUNNING,29,-0.986645,RUNNING,-0.986645,Run1
2929,07/17/2026 10:03,29,-0.986645,RUNNING,29,-0.986645,RUNNING,29,-0.986645,RUNNING,29,-0.986645,RUNNING,29,-0.986645,RUNNING,-0.986645,Run1
2930,07/17/2026 10:04,29,-0.986645,RUNNING,29,-0.986645,RUNNING,29,-0.986645,RUNNING,29,-0.986645,RUNNING,29,-0.986645,RUNNING,-0.986645,Run1
2931,07/17/2026 10:05,29,-0.986645,RUNNING,29,-0.986645,RUNNING,29,-0.986645,RUNNING,29,-0.986645,RUNNING,29,-0.986645,RUNNING,-0.986645,Run1
2932,07/17/2026 10:06,29,-0.986645,RUNNING,29,-0.986645,RUNNING,29,-0.986645,RUNNING,29,-0.986645,RUNNING,29,-0.986645,RUNNING,-0.986645,Run1
2933,07/17/2026 10:07,29,-0.986645,RUNNING,29,-0.986645,RUNNING,29,-0.986645,RUNNING,29,-0.986645,RUNNING,29,-0.986645,RUNNING,-0.986645,Run1
2934,07/17/2026 10:08,29,-0.986645,RUNNING,29,-0.986645,RUNNING,29,-0.986645,RUNNING,29,-0.986645,RUNNING,29,-0.986645,RUNNING,-0.986645,Run1
2935,07/17/2026 10:09,29,-0.986645,RUNNING,29,-0.986645,RUNNING,29,-0.986645,RUNNING,29,-0.986645,RUNNING,29,-0.986645,RUNNING,-0.986645,Run1
2936,07/17/2026 10:10,29,-0.986645,RUNNING,29,-0.986645,RUNNING,29,-0.986645,RUNNING,29,-0.986645,RUNNING,29,-0.986645,RUNNING,-0.986645,Run1
2937,07/17/2026 10:11,29,-0.986645,RUNNING,29,-0.986645,RUNNING,29,-0.986645,RUNNING,29,-0.986645,RUNNING,29,-0.986645,RUNNING,-0.986645,Run1
2938,07/17/2026 10:12,29,-0.986645,RUNNING,29,-0.986645,RUNNING,29,-0.986645,RUNNING,29,-0.986645,RUNNING,29,-0.986645,RUNNING,-0.986645,Run1
2939,07/17/2026 10:13,29,-0.986645,RUNNING,29,-0.986645,RUNNING,29,-0.986645,RUNNING,29,-0.986645,RUNNING,29,-0.986645,RUNNING,-0.986645,Run1
2940,07/17/2026 10:14,29,-0.986645,RUNNING,29,-0.986645,RUNNING,29,-0.986645,RUNNING,29,-0.986645,RUNNING,29,-0.986645,RUNNING,-0.986645,Run1
2941,07/17/2026 10:16,29,-0.986645,RUNNING,29,-0.986645,RUNNING,29,-0.986645,RUNNING,29,-0.986645,RUNNING,29,-0.986645,RUNNING,-0.986645,Run1
2942,07/17/2026 10:17,29,-0.986645,RUNNING,29,-0.986645,RUNNING,29,-0.986645,RUNNING,29,-0.986645,RUNNING,29,-0.986645,RUNNING,-0.986645,Run1
2943,07/17/2026 10:18,29,-0.986645,RUNNING,29,-0.986645,RUNNING,29,-0.986645,RUNNING,29,-0.986645,RUNNING,29,-0.986645,RUNNING,-0.986645,Run1
2944,07/17/2026 10:19,29,-0.986645,RUNNING,29,-0.986645,RUNNING,29,-0.986645,RUNNING,29,-0.986645,RUNNING,29,-0.986645,RUNNING,-0.986645,Run1
2945,07/17/2026 10:20,29,-0.986645,RUNNING,29,-0.986645,RUNNING,29,-0.986645,RUNNING,29,-0.986645,RUNNING,29,-0.986645,RUNNING,-0.986645,Run1
2946,07/17/2026 10:21,29,-0.986645,RUNNING,29,-0.986645,RUNNING,29,-0.986645,RUNNING,29,-0.986645,RUNNING,29,-0.986645,RUNNING,-0.986645,Run1
2947,07/17/2026 10:22,29,-0.986645,RUNNING,29,-0.986645,RUNNING,29,-0.986645,RUNNING,29,-0.986645,RUNNING,29,-0.986645,RUNNING,-0.986645,Run1
2948,07/17/2026 10:23,29,-0.986645,RUNNING,29,-0.986645,RUNNING,29,-0.986645,RUNNING,29,-0.986645,RUNNING,29,-0.986645,RUNNING,-0.986645,Run1
2949,07/17/2026 10:24,29,-0.986645,RUNNING,29,-0.986645,RUNNING,29,-0.986645,RUNNING,29,-0.986645,RUNNING,29,-0.986645,RUNNING,-0.986645,Run1
2950,07/17/2026 10:25,29,-0.986645,RUNNING,29,-0.986645,RUNNING,29,-0.986645,RUNNING,29,-0.986645,RUNNING,29,-0.986645,RUNNING,-0.986645,Run1
2951,07/17/2026 10:26,29,-0.986645,RUNNING,29,-0.986645,RUNNING,29,-0.986645,RUNNING,29,-0.986645,RUNNING,29,-0.986645,RUNNING,-0.986645,Run1
2952,07/17/2026 10:27,29,-0.986645,RUNNING,29,-0.986645,RUNNING,29,-0.986645,RUNNING,29,-0.986645,RUNNING,29,-0.986645,RUNNING,-0.986645,Run1
2953,07/17/2026 10:28,29,-0.986645,RUNNING,29,-0.986645,RUNNING,29,-0.986645,RUNNING,29,-0.986645,RUNNING,29,-0.986645,RUNNING,-0.986645,Run1
2954,07/17/2026 10:29,29,-0.986645,RUNNING,29,-0.986645,RUNNING,29,-0.986645,RUNNING,29,-0.986645,RUNNING,29,-0.986645,RUNNING,-0.986645,Run1
2955,07/17/2026 10:30,29,-0.986645,RUNNING,29,-0.986645,RUNNING,29,-0.986645,RUNNING,29,-0.986645,RUNNING,29,-0.986645,RUNNING,-0.986645,Run1
2956,07/17/2026 10:31,29,-0.986645,RUNNING,29,-0.986645,RUNNING,29,-0.986645,RUNNING,29,-0.986645,RUNNING,29,-0.986645,RUNNING,-0.986645,Run1
2957,07/17/2026 10:32,29,-0.986645,RUNNING,29,-0.986645,RUNNING,29,-0.986645,RUNNING,29,-0.986645,RUNNING,29,-0.986645,RUNNING,-0.986645,Run1
2958,07/17/2026 10:33,29,-0.986645,RUNNING,29,-0.986645,RUNNING,29,-0.986645,RUNNING,29,-0.986645,RUNNING,29,-0.986645,RUNNING,-0.986645,Run1
2959,07/17/2026 10:34,29,-0.986645,RUNNING,29,-0.986645,RUNNING,29,-0.986645,RUNNING,29,-0.986645,RUNNING,29,-0.986645,RUNNING,-0.986645,Run1
2960,07/17/2026 10:35,29,-0.986645,RUNNING,29,-0.986645,RUNNING,29,-0.986645,RUNNING,29,-0.986645,RUNNING,29,-0.986645,RUNNING,-0.986645,Run1
2961,07/17/2026 10:36,29,-0.986645,RUNNING,29,-0.986645,RUNNING,29,-0.986645,RUNNING,29,-0.986645,RUNNING,29,-0.986645,RUNNING,-0.986645,Run1
2962,07/17/2026 10:37,29,-0.986645,RUNNING,29,-0.986645,RUNNING,29,-0.986645,RUNNING,29,-0.986645,RUNNING,29,-0.986645,RUNNING,-0.986645,Run1
2963,07/17/2026 10:38,29,-0.986645,RUNNING,29,-0.986645,RUNNING,29,-0.986645,RUNNING,29,-0.986645,RUNNING,29,-0.986645,RUNNING,-0.986645,Run1
2964,07/17/2026 10:39,29,-0.986645,RUNNING,29,-0.986645,RUNNING,29,-0.986645,RUNNING,29,-0.986645,RUNNING,29,-0.986645,RUNNING,-0.986645,Run1
2965,07/17/2026 10:40,29,-0.986645,RUNNING,29,-0.986645,RUNNING,29,-0.986645,RUNNING,29,-0.986645,RUNNING,29,-0.986645,RUNNING,-0.986645,Run1
2966,07/17/2026 10:41,29,-0.986645,RUNNING,29,-0.986645,RUNNING,29,-0.986645,RUNNING,29,-0.986645,RUNNING,29,-0.986645,RUNNING,-0.986645,Run1
2967,07/17/2026 10:42,29,-0.986645,RUNNING,29,-0.986645,RUNNING,29,-0.986645,RUNNING,29,-0.986645,RUNNING,29,-0.986645,RUNNING,-0.986645,Run1
2968,07/17/2026 10:43,29,-0.986645,RUNNING,29,-0.986645,RUNNING,29,-0.986645,RUNNING,29,-0.986645,RUNNING,29,-0.986645,RUNNING,-0.986645,Run1
2969,07/17/2026 10:44,29,-0.986645,RUNNING,29,-0.986645,RUNNING,29,-0.986645,RUNNING,29,-0.986645,RUNNING,29,-0.986645,RUNNING,-0.986645,Run1
2970,07/17/2026 10:45,29,-0.986645,RUNNING,29,-0.986645,RUNNING,29,-0.986645,RUNNING,29,-0.986645,RUNNING,29,-0.986645,RUNNING,-0.986645,Run1
2971,07/17/2026 10:46,29,-0.986645,RUNNING,29,-0.986645,RUNNING,29,-0.986645,RUNNING,29,-0.986645,RUNNING,29,-0.986645,RUNNING,-0.986645,Run1
2972,07/17/2026 10:48,29,-0.986645,RUNNING,29,-0.986645,RUNNING,29,-0.986645,RUNNING,29,-0.986645,RUNNING,29,-0.986645,RUNNING,-0.986645,Run1
2973,07/17/2026 10:49,29,-0.986645,RUNNING,29,-0.986645,RUNNING,29,-0.986645,RUNNING,29,-0.986645,RUNNING,29,-0.986645,RUNNING,-0.986645,Run1
2974,07/17/2026 10:50,29,-0.986645,RUNNING,29,-0.986645,RUNNING,29,-0.986645,RUNNING,29,-0.986645,RUNNING,29,-0.986645,RUNNING,-0.986645,Run1
2975,07/17/2026 10:51,29,-0.986645,RUNNING,29,-0.986645,RUNNING,29,-0.986645,RUNNING,29,-0.986645,RUNNING,29,-0.986645,RUNNING,-0.986645,Run1
2976,07/17/2026 10:55,29,-0.986645,RUNNING,29,-0.986645,RUNNING,29,-0.986645,RUNNING,29,-0.986645,RUNNING,29,-0.986645,RUNNING,-0.986645,Run1
2977,07/17/2026 10:58,29,-0.986645,RUNNING,29,-0.986645,RUNNING,29,-0.986645,RUNNING,29,-0.986645,RUNNING,29,-0.986645,RUNNING,-0.986645,Run1
2978,07/17/2026 11:06,29,-0.986645,RUNNING,29,-0.986645,RUNNING,29,-0.986645,RUNNING,29,-0.986645,RUNNING,29,-0.986645,RUNNING,-0.986645,Run1
2979,07/17/2026 11:07,29,-0.986645,RUNNING,29,-0.986645,RUNNING,29,-0.986645,RUNNING,29,-0.986645,RUNNING,29,-0.986645,RUNNING,-0.986645,Run1
2980,07/17/2026 11:11,29,-0.986645,RUNNING,29,-0.986645,RUNNING,29,-0.986645,RUNNING,29,-0.986645,RUNNING,29,-0.986645,RUNNING,-0.986645,Run1
2981,07/17/2026 11:13,29,-0.986645,RUNNING,29,-0.986645,RUNNING,29,-0.986645,RUNNING,29,-0.986645,RUNNING,29,-0.986645,RUNNING,-0.986645,Run1
2982,07/17/2026 11:20,29,-0.986645,RUNNING,29,-0.986645,RUNNING,29,-0.986645,RUNNING,29,-0.986645,RUNNING,29,-0.986645,RUNNING,-0.986645,Run1
2983,07/17/2026 11:22,29,-0.986645,RUNNING,29,-0.986645,RUNNING,29,-0.986645,RUNNING,29,-0.986645,RUNNING,29,-0.986645,RUNNING,-0.986645,Run1
2984,07/17/2026 11:23,29,-0.986645,RUNNING,29,-0.986645,RUNNING,29,-0.986645,RUNNING,29,-0.986645,RUNNING,29,-0.986645,RUNNING,-0.986645,Run1
2985,07/17/2026 11:24,29,-0.986645,RUNNING,29,-0.986645,RUNNING,29,-0.986645,RUNNING,29,-0.986645,RUNNING,29,-0.986645,RUNNING,-0.986645,Run1
2986,07/17/2026 11:28,29,-0.986645,RUNNING,29,-0.986645,RUNNING,29,-0.986645,RUNNING,29,-0.986645,RUNNING,29,-0.986645,RUNNING,-0.986645,Run1
2987,07/17/2026 11:35,29,-0.986645,RUNNING,29,-0.986645,RUNNING,29,-0.986645,RUNNING,29,-0.986645,RUNNING,29,-0.986645,RUNNING,-0.986645,Run1
2988,07/17/2026 11:39,29,-0.986645,RUNNING,29,-0.986645,RUNNING,29,-0.986645,RUNNING,29,-0.986645,RUNNING,29,-0.986645,RUNNING,-0.986645,Run1
2989,07/17/2026 11:42,29,-0.986645,RUNNING,29,-0.986645,RUNNING,29,-0.986645,RUNNING,29,-0.986645,RUNNING,29,-0.986645,RUNNING,-0.986645,Run1
2990,07/17/2026 11:47,29,-0.986645,RUNNING,29,-0.986645,RUNNING,29,-0.986645,RUNNING,29,-0.986645,RUNNING,29,-0.986645,RUNNING,-0.986645,Run1
2991,07/17/2026 11:49,29,-0.986645,RUNNING,29,-0.986645,RUNNING,29,-0.986645,RUNNING,29,-0.986645,RUNNING,29,-0.986645,RUNNING,-0.986645,Run1
2992,07/17/2026 11:50,29,-0.986645,RUNNING,29,-0.986645,RUNNING,29,-0.986645,RUNNING,29,-0.986645,RUNNING,29,-0.986645,RUNNING,-0.986645,Run1
2993,07/17/2026 11:57,29,-0.986645,RUNNING,29,-0.986645,RUNNING,29,-0.986645,RUNNING,29,-0.986645,RUNNING,29,-0.986645,RUNNING,-0.986645,Run1
2994,07/17/2026 11:58,29,-0.986645,RUNNING,29,-0.986645,RUNNING,29,-0.986645,RUNNING,29,-0.986645,RUNNING,29,-0.986645,RUNNING,-0.986645,Run1
2995,07/17/2026 12:02,29,-0.986645,RUNNING,29,-0.986645,RUNNING,29,-0.986645,RUNNING,29,-0.986645,RUNNING,29,-0.986645,RUNNING,-0.986645,Run1
2996,07/17/2026 12:03,29,-0.986645,RUNNING,29,-0.986645,RUNNING,29,-0.986645,RUNNING,29,-0.986645,RUNNING,29,-0.986645,RUNNING,-0.986645,Run1
2997,07/17/2026 12:05,29,-0.986645,RUNNING,29,-0.986645,RUNNING,29,-0.986645,RUNNING,29,-0.986645,RUNNING,29,-0.986645,RUNNING,-0.986645,Run1
2998,07/17/2026 12:11,29,-0.986645,RUNNING,29,-0.986645,RUNNING,29,-0.986645,RUNNING,29,-0.986645,RUNNING,29,-0.986645,RUNNING,-0.986645,Run1
2999,07/17/2026 12:15,29,-0.986645,RUNNING,29,-0.986645,RUNNING,29,-0.986645,RUNNING,29,-0.986645,RUNNING,29,-0.986645,RUNNING,-0.986645,Run1
3000,07/17/2026 12:16,29,-0.986645,RUNNING,29,-0.986645,RUNNING,29,-0.986645,RUNNING,29,-0.986645,RUNNING,29,-0.986645,RUNNING,-0.986645,Run1
3001,07/17/2026 12:18,29,-0.986645,RUNNING,29,-0.986645,RUNNING,29,-0.986645,RUNNING,29,-0.986645,RUNNING,29,-0.986645,RUNNING,-0.986645,Run1
3002,07/17/2026 12:19,29,-0.986645,RUNNING,29,-0.986645,RUNNING,29,-0.986645,RUNNING,29,-0.986645,RUNNING,29,-0.986645,RUNNING,-0.986645,Run1
3003,07/17/2026 12:24,29,-0.986645,RUNNING,29,-0.986645,RUNNING,29,-0.986645,RUNNING,29,-0.986645,RUNNING,29,-0.986645,RUNNING,-0.986645,Run1
3004,07/17/2026 12:26,29,-0.986645,RUNNING,29,-0.986645,RUNNING,29,-0.986645,RUNNING,29,-0.986645,RUNNING,29,-0.986645,RUNNING,-0.986645,Run1
3005,07/17/2026 12:32,29,-0.986645,RUNNING,29,-0.986645,RUNNING,29,-0.986645,RUNNING,29,-0.986645,RUNNING,29,-0.986645,RUNNING,-0.986645,Run1
3006,07/17/2026 12:41,29,-0.986645,RUNNING,29,-0.986645,RUNNING,29,-0.986645,RUNNING,29,-0.986645,RUNNING,29,-0.986645,RUNNING,-0.986645,Run1
3007,07/17/2026 12:44,29,-0.986645,RUNNING,29,-0.986645,RUNNING,29,-0.986645,RUNNING,29,-0.986645,RUNNING,29,-0.986645,RUNNING,-0.986645,Run1
3008,07/17/2026 12:45,29,-0.986645,RUNNING,29,-0.986645,RUNNING,29,-0.986645,RUNNING,29,-0.986645,RUNNING,29,-0.986645,RUNNING,-0.986645,Run1
3009,07/17/2026 12:48,29,-0.986645,RUNNING,29,-0.986645,RUNNING,29,-0.986645,RUNNING,29,-0.986645,RUNNING,29,-0.986645,RUNNING,-0.986645,Run1
3010,07/17/2026 12:56,29,-0.986645,RUNNING,29,-0.986645,RUNNING,29,-0.986645,RUNNING,29,-0.986645,RUNNING,29,-0.986645,RUNNING,-0.986645,Run1
3011,07/17/2026 12:57,29,-0.986645,RUNNING,29,-0.986645,RUNNING,29,-0.986645,RUNNING,29,-0.986645,RUNNING,29,-0.986645,RUNNING,-0.986645,Run1
3012,07/17/2026 13:03,29,-0.986645,RUNNING,29,-0.986645,RUNNING,29,-0.986645,RUNNING,29,-0.986645,RUNNING,29,-0.986645,RUNNING,-0.986645,Run1
3013,07/17/2026 13:09,29,-0.986645,RUNNING,29,-0.986645,RUNNING,29,-0.986645,RUNNING,29,-0.986645,RUNNING,29,-0.986645,RUNNING,-0.986645,Run1
3014,07/17/2026 13:10,29,-0.986645,RUNNING,29,-0.986645,RUNNING,29,-0.986645,RUNNING,29,-0.986645,RUNNING,29,-0.986645,RUNNING,-0.986645,Run1
3015,07/17/2026 13:11,29,-0.986645,RUNNING,29,-0.986645,RUNNING,29,-0.986645,RUNNING,29,-0.986645,RUNNING,29,-0.986645,RUNNING,-0.986645,Run1
3016,07/17/2026 13:18,29,-0.986645,RUNNING,29,-0.986645,RUNNING,29,-0.986645,RUNNING,29,-0.986645,RUNNING,29,-0.986645,RUNNING,-0.986645,Run1
3017,07/17/2026 13:21,29,-0.986645,RUNNING,29,-0.986645,RUNNING,29,-0.986645,RUNNING,29,-0.986645,RUNNING,29,-0.986645,RUNNING,-0.986645,Run1
3018,07/17/2026 13:25,29,-0.986645,RUNNING,29,-0.986645,RUNNING,29,-0.986645,RUNNING,29,-0.986645,RUNNING,29,-0.986645,RUNNING,-0.986645,Run1
3019,07/17/2026 13:32,29,-0.986645,RUNNING,29,-0.986645,RUNNING,29,-0.986645,RUNNING,29,-0.986645,RUNNING,29,-0.986645,RUNNING,-0.986645,Run1
3020,07/17/2026 13:33,29,-0.986645,RUNNING,29,-0.986645,RUNNING,29,-0.986645,RUNNING,29,-0.986645,RUNNING,29,-0.986645,RUNNING,-0.986645,Run1
3021,07/17/2026 13:37,29,-0.986645,RUNNING,29,-0.986645,RUNNING,29,-0.986645,RUNNING,29,-0.986645,RUNNING,29,-0.986645,RUNNING,-0.986645,Run1
3022,07/17/2026 13:40,29,-0.986645,RUNNING,29,-0.986645,RUNNING,29,-0.986645,RUNNING,29,-0.986645,RUNNING,29,-0.986645,RUNNING,-0.986645,Run1
3023,07/17/2026 13:41,29,-0.986645,RUNNING,29,-0.986645,RUNNING,29,-0.986645,RUNNING,29,-0.986645,RUNNING,29,-0.986645,RUNNING,-0.986645,Run1
3024,07/17/2026 13:46,29,-0.986645,RUNNING,29,-0.986645,RUNNING,29,-0.986645,RUNNING,29,-0.986645,RUNNING,29,-0.986645,RUNNING,-0.986645,Run1
3025,07/17/2026 13:50,29,-0.986645,RUNNING,29,-0.986645,RUNNING,29,-0.986645,RUNNING,29,-0.986645,RUNNING,29,-0.986645,RUNNING,-0.986645,Run1
3026,07/17/2026 13:51,29,-0.986645,RUNNING,29,-0.986645,RUNNING,29,-0.986645,RUNNING,29,-0.986645,RUNNING,29,-0.986645,RUNNING,-0.986645,Run1
3027,07/17/2026 13:55,29,-0.986645,RUNNING,29,-0.986645,RUNNING,29,-0.986645,RUNNING,29,-0.986645,RUNNING,29,-0.986645,RUNNING,-0.986645,Run1
3028,07/17/2026 13:56,29,-0.986645,RUNNING,29,-0.986645,RUNNING,29,-0.986645,RUNNING,29,-0.986645,RUNNING,29,-0.986645,RUNNING,-0.986645,Run1
3029,07/17/2026 14:02,29,-0.986645,RUNNING,29,-0.986645,RUNNING,29,-0.986645,RUNNING,29,-0.986645,RUNNING,29,-0.986645,RUNNING,-0.986645,Run1
3030,07/17/2026 14:03,29,-0.986645,RUNNING,29,-0.986645,RUNNING,29,-0.986645,RUNNING,29,-0.986645,RUNNING,29,-0.986645,RUNNING,-0.986645,Run1
3031,07/17/2026 14:04,29,-0.986645,RUNNING,29,-0.986645,RUNNING,29,-0.986645,RUNNING,29,-0.986645,RUNNING,29,-0.986645,RUNNING,-0.986645,Run1
3032,07/17/2026 14:08,29,-0.986645,RUNNING,29,-0.986645,RUNNING,29,-0.986645,RUNNING,29,-0.986645,RUNNING,29,-0.986645,RUNNING,-0.986645,Run1
3033,07/17/2026 14:16,29,-0.986645,RUNNING,29,-0.986645,RUNNING,29,-0.986645,RUNNING,29,-0.986645,RUNNING,29,-0.986645,RUNNING,-0.986645,Run1
3034,07/17/2026 14:17,29,-0.986645,RUNNING,29,-0.986645,RUNNING,29,-0.986645,RUNNING,29,-0.986645,RUNNING,29,-0.986645,RUNNING,-0.986645,Run1
3035,07/17/2026 14:22,29,-0.986645,RUNNING,29,-0.986645,RUNNING,29,-0.986645,RUNNING,29,-0.986645,RUNNING,29,-0.986645,RUNNING,-0.986645,Run1
3036,07/17/2026 14:23,29,-0.986645,RUNNING,29,-0.986645,RUNNING,29,-0.986645,RUNNING,29,-0.986645,RUNNING,29,-0.986645,RUNNING,-0.986645,Run1
3037,07/17/2026 14:25,29,-0.986645,RUNNING,29,-0.986645,RUNNING,29,-0.986645,RUNNING,29,-0.986645,RUNNING,29,-0.986645,RUNNING,-0.986645,Run1
3038,07/17/2026 14:29,29,-0.986645,RUNNING,29,-0.986645,RUNNING,29,-0.986645,RUNNING,29,-0.986645,RUNNING,29,-0.986645,RUNNING,-0.986645,Run1
3039,07/17/2026 14:30,29,-0.986645,RUNNING,29,-0.986645,RUNNING,29,-0.986645,RUNNING,29,-0.986645,RUNNING,29,-0.986645,RUNNING,-0.986645,Run1
3040,07/17/2026 14:38,29,-0.986645,RUNNING,29,-0.986645,RUNNING,29,-0.986645,RUNNING,29,-0.986645,RUNNING,29,-0.986645,RUNNING,-0.986645,Run1
3041,07/17/2026 14:40,29,-0.986645,RUNNING,29,-0.986645,RUNNING,29,-0.986645,RUNNING,29,-0.986645,RUNNING,29,-0.986645,RUNNING,-0.986645,Run1
3042,07/17/2026 14:42,29,-0.986645,RUNNING,29,-0.986645,RUNNING,29,-0.986645,RUNNING,29,-0.986645,RUNNING,29,-0.986645,RUNNING,-0.986645,Run1
3043,07/17/2026 14:45,29,-0.986645,RUNNING,29,-0.986645,RUNNING,29,-0.986645,RUNNING,29,-0.986645,RUNNING,29,-0.986645,RUNNING,-0.986645,Run1
3044,07/17/2026 14:52,29,-0.986645,RUNNING,29,-0.986645,RUNNING,29,-0.986645,RUNNING,29,-0.986645,RUNNING,29,-0.986645,RUNNING,-0.986645,Run1
3045,07/17/2026 14:53,29,-0.986645,RUNNING,29,-0.986645,RUNNING,29,-0.986645,RUNNING,29,-0.986645,RUNNING,29,-0.986645,RUNNING,-0.986645,Run1
3046,07/17/2026 14:56,29,-0.986645,RUNNING,29,-0.986645,RUNNING,29,-0.986645,RUNNING,29,-0.986645,RUNNING,29,-0.986645,RUNNING,-0.986645,Run1
3047,07/17/2026 15:00,29,-0.986645,RUNNING,29,-0.986645,RUNNING,29,-0.986645,RUNNING,29,-0.986645,RUNNING,29,-0.986645,RUNNING,-0.986645,Run1
3048,07/17/2026 15:08,29,-0.986645,RUNNING,29,-0.986645,RUNNING,29,-0.986645,RUNNING,29,-0.986645,RUNNING,29,-0.986645,RUNNING,-0.986645,Run1
3049,07/17/2026 15:13,29,-0.986645,RUNNING,29,-0.986645,RUNNING,29,-0.986645,RUNNING,29,-0.986645,RUNNING,29,-0.986645,RUNNING,-0.986645,Run1
3050,07/17/2026 15:15,29,-0.986645,RUNNING,29,-0.986645,RUNNING,29,-0.986645,RUNNING,29,-0.986645,RUNNING,29,-0.986645,RUNNING,-0.986645,Run1
3051,07/17/2026 15:16,29,-0.986645,RUNNING,29,-0.986645,RUNNING,29,-0.986645,RUNNING,29,-0.986645,RUNNING,29,-0.986645,RUNNING,-0.986645,Run1
3052,07/17/2026 15:20,29,-0.986645,RUNNING,29,-0.986645,RUNNING,29,-0.986645,RUNNING,29,-0.986645,RUNNING,29,-0.986645,RUNNING,-0.986645,Run1
3053,07/17/2026 15:22,29,-0.986645,RUNNING,29,-0.986645,RUNNING,29,-0.986645,RUNNING,29,-0.986645,RUNNING,29,-0.986645,RUNNING,-0.986645,Run1
3054,07/17/2026 15:30,29,-0.986645,RUNNING,29,-0.986645,RUNNING,29,-0.986645,RUNNING,29,-0.986645,RUNNING,29,-0.986645,RUNNING,-0.986645,Run1
3055,07/17/2026 15:37,29,-0.986645,RUNNING,29,-0.986645,RUNNING,29,-0.986645,RUNNING,29,-0.986645,RUNNING,29,-0.986645,RUNNING,-0.986645,Run1
3056,07/17/2026 15:40,29,-0.986645,RUNNING,29,-0.986645,RUNNING,29,-0.986645,RUNNING,29,-0.986645,RUNNING,29,-0.986645,RUNNING,-0.986645,Run1
3057,07/17/2026 15:43,29,-0.986645,RUNNING,29,-0.986645,RUNNING,29,-0.986645,RUNNING,29,-0.986645,RUNNING,29,-0.986645,RUNNING,-0.986645,Run1
3058,07/17/2026 15:44,29,-0.986645,RUNNING,29,-0.986645,RUNNING,29,-0.986645,RUNNING,29,-0.986645,RUNNING,29,-0.986645,RUNNING,-0.986645,Run1
3059,07/17/2026 15:45,29,-0.986645,RUNNING,29,-0.986645,RUNNING,29,-0.986645,RUNNING,29,-0.986645,RUNNING,29,-0.986645,RUNNING,-0.986645,Run1
3060,07/17/2026 15:51,29,-0.986645,RUNNING,29,-0.986645,RUNNING,29,-0.986645,RUNNING,29,-0.986645,RUNNING,29,-0.986645,RUNNING,-0.986645,Run1
3061,07/17/2026 15:59,29,-0.986645,RUNNING,29,-0.986645,RUNNING,29,-0.986645,RUNNING,29,-0.986645,RUNNING,29,-0.986645,RUNNING,-0.986645,Run1
3062,07/17/2026 16:01,29,-0.986645,RUNNING,29,-0.986645,RUNNING,29,-0.986645,RUNNING,29,-0.986645,RUNNING,29,-0.986645,RUNNING,-0.986645,Run1
3063,07/17/2026 16:02,29,-0.986645,RUNNING,29,-0.986645,RUNNING,29,-0.986645,RUNNING,29,-0.986645,RUNNING,29,-0.986645,RUNNING,-0.986645,Run1
3064,07/17/2026 16:07,29,-0.986645,RUNNING,29,-0.986645,RUNNING,29,-0.986645,RUNNING,29,-0.986645,RUNNING,29,-0.986645,RUNNING,-0.986645,Run1
3065,07/17/2026 16:08,29,-0.986645,RUNNING,29,-0.986645,RUNNING,29,-0.986645,RUNNING,29,-0.986645,RUNNING,29,-0.986645,RUNNING,-0.986645,Run1
3066,07/17/2026 16:13,29,-0.986645,RUNNING,29,-0.986645,RUNNING,29,-0.986645,RUNNING,29,-0.986645,RUNNING,29,-0.986645,RUNNING,-0.986645,Run1
3067,07/17/2026 16:20,29,-0.986645,RUNNING,29,-0.986645,RUNNING,29,-0.986645,RUNNING,29,-0.986645,RUNNING,29,-0.986645,RUNNING,-0.986645,Run1
3068,07/17/2026 16:22,29,-0.986645,RUNNING,29,-0.986645,RUNNING,29,-0.986645,RUNNING,29,-0.986645,RUNNING,29,-0.986645,RUNNING,-0.986645,Run1
3069,07/17/2026 16:25,29,-0.986645,RUNNING,29,-0.986645,RUNNING,29,-0.986645,RUNNING,29,-0.986645,RUNNING,29,-0.986645,RUNNING,-0.986645,Run1
3070,07/17/2026 16:26,29,-0.986645,RUNNING,29,-0.986645,RUNNING,29,-0.986645,RUNNING,29,-0.986645,RUNNING,29,-0.986645,RUNNING,-0.986645,Run1
3071,07/17/2026 16:28,29,-0.986645,RUNNING,29,-0.986645,RUNNING,29,-0.986645,RUNNING,29,-0.986645,RUNNING,29,-0.986645,RUNNING,-0.986645,Run1
3072,07/17/2026 16:36,29,-0.986645,RUNNING,29,-0.986645,RUNNING,29,-0.986645,RUNNING,29,-0.986645,RUNNING,29,-0.986645,RUNNING,-0.986645,Run1
3073,07/17/2026 16:43,29,-0.986645,RUNNING,29,-0.986645,RUNNING,29,-0.986645,RUNNING,29,-0.986645,RUNNING,29,-0.986645,RUNNING,-0.986645,Run1
3074,07/17/2026 16:45,29,-0.986645,RUNNING,29,-0.986645,RUNNING,29,-0.986645,RUNNING,29,-0.986645,RUNNING,29,-0.986645,RUNNING,-0.986645,Run1
3075,07/17/2026 16:49,29,-0.986645,RUNNING,29,-0.986645,RUNNING,29,-0.986645,RUNNING,29,-0.986645,RUNNING,29,-0.986645,RUNNING,-0.986645,Run1
3076,07/17/2026 16:50,29,-0.986645,RUNNING,29,-0.986645,RUNNING,29,-0.986645,RUNNING,29,-0.986645,RUNNING,29,-0.986645,RUNNING,-0.986645,Run1
3077,07/17/2026 16:58,29,-0.986645,RUNNING,29,-0.986645,RUNNING,29,-0.986645,RUNNING,29,-0.986645,RUNNING,29,-0.986645,RUNNING,-0.986645,Run1
3078,07/17/2026 17:02,29,-0.986645,RUNNING,29,-0.986645,RUNNING,29,-0.986645,RUNNING,29,-0.986645,RUNNING,29,-0.986645,RUNNING,-0.986645,Run1
3079,07/17/2026 17:05,29,-0.986645,RUNNING,29,-0.986645,RUNNING,29,-0.986645,RUNNING,29,-0.986645,RUNNING,29,-0.986645,RUNNING,-0.986645,Run1
3080,07/17/2026 17:07,29,-0.986645,RUNNING,29,-0.986645,RUNNING,29,-0.986645,RUNNING,29,-0.986645,RUNNING,29,-0.986645,RUNNING,-0.986645,Run1
3081,07/17/2026 17:08,29,-0.986645,RUNNING,29,-0.986645,RUNNING,29,-0.986645,RUNNING,29,-0.986645,RUNNING,29,-0.986645,RUNNING,-0.986645,Run1
3082,07/17/2026 17:11,29,-0.986645,RUNNING,29,-0.986645,RUNNING,29,-0.986645,RUNNING,29,-0.986645,RUNNING,29,-0.986645,RUNNING,-0.986645,Run1
3083,07/17/2026 17:13,29,-0.986645,RUNNING,29,-0.986645,RUNNING,29,-0.986645,RUNNING,29,-0.986645,RUNNING,29,-0.986645,RUNNING,-0.986645,Run1
3084,07/17/2026 17:19,29,-0.986645,RUNNING,29,-0.986645,RUNNING,29,-0.986645,RUNNING,29,-0.986645,RUNNING,29,-0.986645,RUNNING,-0.986645,Run1
3085,07/17/2026 17:23,29,-0.986645,RUNNING,29,-0.986645,RUNNING,29,-0.986645,RUNNING,29,-0.986645,RUNNING,29,-0.986645,RUNNING,-0.986645,Run1
3086,07/17/2026 17:24,29,-0.986645,RUNNING,29,-0.986645,RUNNING,29,-0.986645,RUNNING,29,-0.986645,RUNNING,29,-0.986645,RUNNING,-0.986645,Run1
3087,07/17/2026 17:25,29,-0.986645,RUNNING,29,-0.986645,RUNNING,29,-0.986645,RUNNING,29,-0.986645,RUNNING,29,-0.986645,RUNNING,-0.986645,Run1
3088,07/17/2026 17:26,29,-0.986645,RUNNING,29,-0.986645,RUNNING,29,-0.986645,RUNNING,29,-0.986645,RUNNING,29,-0.986645,RUNNING,-0.986645,Run1
3089,07/17/2026 17:28,29,-0.986645,RUNNING,29,-0.986645,RUNNING,29,-0.986645,RUNNING,29,-0.986645,RUNNING,29,-0.986645,RUNNING,-0.986645,Run1
3090,07/17/2026 17:32,29,-0.986645,RUNNING,29,-0.986645,RUNNING,29,-0.986645,RUNNING,29,-0.986645,RUNNING,29,-0.986645,RUNNING,-0.986645,Run1
3091,07/17/2026 17:34,29,-0.986645,RUNNING,29,-0.986645,RUNNING,29,-0.986645,RUNNING,29,-0.986645,RUNNING,29,-0.986645,RUNNING,-0.986645,Run1
3092,07/17/2026 17:37,29,-0.986645,RUNNING,29,-0.986645,RUNNING,29,-0.986645,RUNNING,29,-0.986645,RUNNING,29,-0.986645,RUNNING,-0.986645,Run1
3093,07/17/2026 17:38,29,-0.986645,RUNNING,29,-0.986645,RUNNING,29,-0.986645,RUNNING,29,-0.986645,RUNNING,29,-0.986645,RUNNING,-0.986645,Run1
3094,07/17/2026 17:39,29,-0.986645,RUNNING,29,-0.986645,RUNNING,29,-0.986645,RUNNING,29,-0.986645,RUNNING,29,-0.986645,RUNNING,-0.986645,Run1
3095,07/17/2026 17:40,29,-0.986645,RUNNING,29,-0.986645,RUNNING,29,-0.986645,RUNNING,29,-0.986645,RUNNING,29,-0.986645,RUNNING,-0.986645,Run1
3096,07/17/2026 17:41,29,-0.986645,RUNNING,29,-0.986645,RUNNING,29,-0.986645,RUNNING,29,-0.986645,RUNNING,29,-0.986645,RUNNING,-0.986645,Run1
3097,07/17/2026 17:42,29,-0.986645,RUNNING,29,-0.986645,RUNNING,29,-0.986645,RUNNING,29,-0.986645,RUNNING,29,-0.986645,RUNNING,-0.986645,Run1
3098,07/17/2026 17:43,29,-0.986645,RUNNING,29,-0.986645,RUNNING,29,-0.986645,RUNNING,29,-0.986645,RUNNING,29,-0.986645,RUNNING,-0.986645,Run1
3099,07/17/2026 17:44,29,-0.986645,RUNNING,29,-0.986645,RUNNING,29,-0.986645,RUNNING,29,-0.986645,RUNNING,29,-0.986645,RUNNING,-0.986645,Run1
3100,07/17/2026 17:45,29,-0.986645,RUNNING,29,-0.986645,RUNNING,29,-0.986645,RUNNING,29,-0.986645,RUNNING,29,-0.986645,RUNNING,-0.986645,Run1
3101,07/17/2026 17:46,29,-0.986645,RUNNING,29,-0.986645,RUNNING,29,-0.986645,RUNNING,29,-0.986645,RUNNING,29,-0.986645,RUNNING,-0.986645,Run1
3102,07/17/2026 17:47,29,-0.986645,RUNNING,29,-0.986645,RUNNING,29,-0.986645,RUNNING,29,-0.986645,RUNNING,29,-0.986645,RUNNING,-0.986645,Run1
3103,07/17/2026 17:48,29,-0.986645,RUNNING,29,-0.986645,RUNNING,29,-0.986645,RUNNING,29,-0.986645,RUNNING,29,-0.986645,RUNNING,-0.986645,Run1
3104,07/17/2026 17:49,29,-0.986645,RUNNING,29,-0.986645,RUNNING,29,-0.986645,RUNNING,29,-0.986645,RUNNING,29,-0.986645,RUNNING,-0.986645,Run1
3105,07/17/2026 17:51,29,-0.986645,RUNNING,29,-0.986645,RUNNING,29,-0.986645,RUNNING,29,-0.986645,RUNNING,29,-0.986645,RUNNING,-0.986645,Run1
3106,07/17/2026 17:52,29,-0.986645,RUNNING,29,-0.986645,RUNNING,29,-0.986645,RUNNING,29,-0.986645,RUNNING,29,-0.986645,RUNNING,-0.986645,Run1
3107,07/17/2026 17:53,29,-0.986645,RUNNING,29,-0.986645,RUNNING,29,-0.986645,RUNNING,29,-0.986645,RUNNING,29,-0.986645,RUNNING,-0.986645,Run1
3108,07/17/2026 17:54,29,-0.986645,RUNNING,29,-0.986645,RUNNING,29,-0.986645,RUNNING,29,-0.986645,RUNNING,29,-0.986645,RUNNING,-0.986645,Run1
3109,07/17/2026 17:55,29,-0.986645,RUNNING,29,-0.986645,RUNNING,29,-0.986645,RUNNING,29,-0.986645,RUNNING,29,-0.986645,RUNNING,-0.986645,Run1
3110,07/17/2026 17:56,29,-0.986645,RUNNING,29,-0.986645,RUNNING,29,-0.986645,RUNNING,29,-0.986645,RUNNING,29,-0.986645,RUNNING,-0.986645,Run1
3111,07/17/2026 17:57,29,-0.986645,RUNNING,29,-0.986645,RUNNING,29,-0.986645,RUNNING,29,-0.986645,RUNNING,29,-0.986645,RUNNING,-0.986645,Run1
3112,07/17/2026 17:58,29,-0.986645,RUNNING,29,-0.986645,RUNNING,29,-0.986645,RUNNING,29,-0.986645,RUNNING,29,-0.986645,RUNNING,-0.986645,Run1
3113,07/17/2026 17:59,29,-0.986645,RUNNING,29,-0.986645,RUNNING,29,-0.986645,RUNNING,29,-0.986645,RUNNING,29,-0.986645,RUNNING,-0.986645,Run1
3114,07/17/2026 18:00,29,-0.986645,RUNNING,29,-0.986645,RUNNING,29,-0.986645,RUNNING,29,-0.986645,RUNNING,29,-0.986645,RUNNING,-0.986645,Run1
3115,07/17/2026 18:01,29,-0.986645,RUNNING,29,-0.986645,RUNNING,29,-0.986645,RUNNING,29,-0.986645,RUNNING,29,-0.986645,RUNNING,-0.986645,Run1
3116,07/17/2026 18:02,29,-0.986645,RUNNING,29,-0.986645,RUNNING,29,-0.986645,RUNNING,29,-0.986645,RUNNING,29,-0.986645,RUNNING,-0.986645,Run1
3117,07/17/2026 18:03,29,-0.986645,RUNNING,29,-0.986645,RUNNING,29,-0.986645,RUNNING,29,-0.986645,RUNNING,29,-0.986645,RUNNING,-0.986645,Run1
3118,07/17/2026 18:04,29,-0.986645,RUNNING,29,-0.986645,RUNNING,29,-0.986645,RUNNING,29,-0.986645,RUNNING,29,-0.986645,RUNNING,-0.986645,Run1
3119,07/17/2026 18:05,29,-0.986645,RUNNING,29,-0.986645,RUNNING,29,-0.986645,RUNNING,29,-0.986645,RUNNING,29,-0.986645,RUNNING,-0.986645,Run1
3120,07/17/2026 18:06,29,-0.986645,RUNNING,29,-0.986645,RUNNING,29,-0.986645,RUNNING,29,-0.986645,RUNNING,29,-0.986645,RUNNING,-0.986645,Run1
3121,07/17/2026 18:07,29,-0.986645,RUNNING,29,-0.986645,RUNNING,29,-0.986645,RUNNING,29,-0.986645,RUNNING,29,-0.986645,RUNNING,-0.986645,Run1
3122,07/17/2026 18:08,29,-0.986645,RUNNING,29,-0.986645,RUNNING,29,-0.986645,RUNNING,29,-0.986645,RUNNING,29,-0.986645,RUNNING,-0.986645,Run1
3123,07/17/2026 18:09,29,-0.986645,RUNNING,29,-0.986645,RUNNING,29,-0.986645,RUNNING,29,-0.986645,RUNNING,29,-0.986645,RUNNING,-0.986645,Run1
3124,07/17/2026 18:10,29,-0.986645,RUNNING,29,-0.986645,RUNNING,29,-0.986645,RUNNING,29,-0.986645,RUNNING,29,-0.986645,RUNNING,-0.986645,Run1
3125,07/17/2026 18:11,29,-0.986645,RUNNING,29,-0.986645,RUNNING,29,-0.986645,RUNNING,29,-0.986645,RUNNING,29,-0.986645,RUNNING,-0.986645,Run1
3126,07/17/2026 18:12,29,-0.986645,RUNNING,29,-0.986645,RUNNING,29,-0.986645,RUNNING,29,-0.986645,RUNNING,29,-0.986645,RUNNING,-0.986645,Run1
3127,07/17/2026 18:13,29,-0.986645,RUNNING,29,-0.986645,RUNNING,29,-0.986645,RUNNING,29,-0.986645,RUNNING,29,-0.986645,RUNNING,-0.986645,Run1
3128,07/17/2026 18:14,29,-0.986645,RUNNING,29,-0.986645,RUNNING,29,-0.986645,RUNNING,29,-0.986645,RUNNING,29,-0.986645,RUNNING,-0.986645,Run1
3129,07/17/2026 18:15,29,-0.986645,RUNNING,29,-0.986645,RUNNING,29,-0.986645,RUNNING,29,-0.986645,RUNNING,29,-0.986645,RUNNING,-0.986645,Run1
3130,07/17/2026 18:16,29,-0.986645,RUNNING,29,-0.986645,RUNNING,29,-0.986645,RUNNING,29,-0.986645,RUNNING,29,-0.986645,RUNNING,-0.986645,Run1
3131,07/17/2026 18:17,29,-0.986645,RUNNING,29,-0.986645,RUNNING,29,-0.986645,RUNNING,29,-0.986645,RUNNING,29,-0.986645,RUNNING,-0.986645,Run1
3132,07/17/2026 18:18,29,-0.986645,RUNNING,29,-0.986645,RUNNING,29,-0.986645,RUNNING,29,-0.986645,RUNNING,29,-0.986645,RUNNING,-0.986645,Run1
3133,07/17/2026 18:19,29,-0.986645,RUNNING,29,-0.986645,RUNNING,29,-0.986645,RUNNING,29,-0.986645,RUNNING,29,-0.986645,RUNNING,-0.986645,Run1
3134,07/17/2026 18:20,29,-0.986645,RUNNING,29,-0.986645,RUNNING,29,-0.986645,RUNNING,29,-0.986645,RUNNING,29,-0.986645,RUNNING,-0.986645,Run1
3135,07/17/2026 18:21,29,-0.986645,RUNNING,29,-0.986645,RUNNING,29,-0.986645,RUNNING,29,-0.986645,RUNNING,29,-0.986645,RUNNING,-0.986645,Run1
3136,07/17/2026 18:22,29,-0.986645,RUNNING,29,-0.986645,RUNNING,29,-0.986645,RUNNING,29,-0.986645,RUNNING,29,-0.986645,RUNNING,-0.986645,Run1
3137,07/17/2026 18:24,29,-0.986645,RUNNING,29,-0.986645,RUNNING,29,-0.986645,RUNNING,29,-0.986645,RUNNING,29,-0.986645,RUNNING,-0.986645,Run1
3138,07/17/2026 18:25,29,-0.986645,RUNNING,29,-0.986645,RUNNING,29,-0.986645,RUNNING,29,-0.986645,RUNNING,29,-0.986645,RUNNING,-0.986645,Run1
3139,07/17/2026 18:26,29,-0.986645,RUNNING,29,-0.986645,RUNNING,29,-0.986645,RUNNING,29,-0.986645,RUNNING,29,-0.986645,RUNNING,-0.986645,Run1
3140,07/17/2026 18:27,29,-0.986645,RUNNING,29,-0.986645,RUNNING,29,-0.986645,RUNNING,29,-0.986645,RUNNING,29,-0.986645,RUNNING,-0.986645,Run1
3141,07/17/2026 18:28,29,-0.986645,RUNNING,29,-0.986645,RUNNING,29,-0.986645,RUNNING,29,-0.986645,RUNNING,29,-0.986645,RUNNING,-0.986645,Run1
3142,07/17/2026 18:29,29,-0.986645,RUNNING,29,-0.986645,RUNNING,29,-0.986645,RUNNING,29,-0.986645,RUNNING,29,-0.986645,RUNNING,-0.986645,Run1
3143,07/17/2026 18:30,29,-0.986645,RUNNING,29,-0.986645,RUNNING,29,-0.986645,RUNNING,29,-0.986645,RUNNING,29,-0.986645,RUNNING,-0.986645,Run1
3144,07/17/2026 18:31,29,-0.986645,RUNNING,29,-0.986645,RUNNING,29,-0.986645,RUNNING,29,-0.986645,RUNNING,29,-0.986645,RUNNING,-0.986645,Run1
3145,07/17/2026 18:32,29,-0.986645,RUNNING,29,-0.986645,RUNNING,29,-0.986645,RUNNING,29,-0.986645,RUNNING,29,-0.986645,RUNNING,-0.986645,Run1
3146,07/17/2026 18:33,29,-0.986645,RUNNING,29,-0.986645,RUNNING,29,-0.986645,RUNNING,29,-0.986645,RUNNING,29,-0.986645,RUNNING,-0.986645,Run1
3147,07/17/2026 18:34,29,-0.986645,RUNNING,29,-0.986645,RUNNING,29,-0.986645,RUNNING,29,-0.986645,RUNNING,29,-0.986645,RUNNING,-0.986645,Run1
3148,07/17/2026 18:35,29,-0.986645,RUNNING,29,-0.986645,RUNNING,29,-0.986645,RUNNING,29,-0.986645,RUNNING,29,-0.986645,RUNNING,-0.986645,Run1
3149,07/17/2026 18:36,29,-0.986645,RUNNING,29,-0.986645,RUNNING,29,-0.986645,RUNNING,29,-0.986645,RUNNING,29,-0.986645,RUNNING,-0.986645,Run1
3150,07/17/2026 18:37,29,-0.986645,RUNNING,29,-0.986645,RUNNING,29,-0.986645,RUNNING,29,-0.986645,RUNNING,29,-0.986645,RUNNING,-0.986645,Run1
3151,07/17/2026 18:38,29,-0.986645,RUNNING,29,-0.986645,RUNNING,29,-0.986645,RUNNING,29,-0.986645,RUNNING,29,-0.986645,RUNNING,-0.986645,Run1
3152,07/17/2026 18:39,29,-0.986645,RUNNING,29,-0.986645,RUNNING,29,-0.986645,RUNNING,29,-0.986645,RUNNING,29,-0.986645,RUNNING,-0.986645,Run1
3153,07/17/2026 18:40,29,-0.986645,RUNNING,29,-0.986645,RUNNING,29,-0.986645,RUNNING,29,-0.986645,RUNNING,29,-0.986645,RUNNING,-0.986645,Run1
3154,07/17/2026 18:41,29,-0.986645,RUNNING,29,-0.986645,RUNNING,29,-0.986645,RUNNING,29,-0.986645,RUNNING,29,-0.986645,RUNNING,-0.986645,Run1
3155,07/17/2026 18:42,29,-0.986645,RUNNING,29,-0.986645,RUNNING,29,-0.986645,RUNNING,29,-0.986645,RUNNING,29,-0.986645,RUNNING,-0.986645,Run1
3156,07/17/2026 18:43,29,-0.986645,RUNNING,29,-0.986645,RUNNING,29,-0.986645,RUNNING,29,-0.986645,RUNNING,29,-0.986645,RUNNING,-0.986645,Run1
3157,07/17/2026 18:44,29,-0.986645,RUNNING,29,-0.986645,RUNNING,29,-0.986645,RUNNING,29,-0.986645,RUNNING,29,-0.986645,RUNNING,-0.986645,Run1
3158,07/17/2026 18:45,29,-0.986645,RUNNING,29,-0.986645,RUNNING,29,-0.986645,RUNNING,29,-0.986645,RUNNING,29,-0.986645,RUNNING,-0.986645,Run1
3159,07/17/2026 18:47,29,-0.986645,RUNNING,29,-0.986645,RUNNING,29,-0.986645,RUNNING,29,-0.986645,RUNNING,29,-0.986645,RUNNING,-0.986645,Run1
3160,07/17/2026 18:51,29,-0.986645,RUNNING,29,-0.986645,RUNNING,29,-0.986645,RUNNING,29,-0.986645,RUNNING,29,-0.986645,RUNNING,-0.986645,Run1
3161,07/17/2026 18:52,29,-0.986645,RUNNING,29,-0.986645,RUNNING,29,-0.986645,RUNNING,29,-0.986645,RUNNING,29,-0.986645,RUNNING,-0.986645,Run1
3162,07/17/2026 18:54,29,-0.986645,RUNNING,29,-0.986645,RUNNING,29,-0.986645,RUNNING,29,-0.986645,RUNNING,29,-0.986645,RUNNING,-0.986645,Run1
3163,07/17/2026 19:02,29,-0.986645,RUNNING,29,-0.986645,RUNNING,29,-0.986645,RUNNING,29,-0.986645,RUNNING,29,-0.986645,RUNNING,-0.986645,Run1
3164,07/17/2026 19:08,29,-0.986645,RUNNING,29,-0.986645,RUNNING,29,-0.986645,RUNNING,29,-0.986645,RUNNING,29,-0.986645,RUNNING,-0.986645,Run1
3165,07/17/2026 19:11,29,-0.986645,RUNNING,29,-0.986645,RUNNING,29,-0.986645,RUNNING,29,-0.986645,RUNNING,29,-0.986645,RUNNING,-0.986645,Run1
3166,07/17/2026 19:12,29,-0.986645,RUNNING,29,-0.986645,RUNNING,29,-0.986645,RUNNING,29,-0.986645,RUNNING,29,-0.986645,RUNNING,-0.986645,Run1
3167,07/17/2026 19:17,29,-0.986645,RUNNING,29,-0.986645,RUNNING,29,-0.986645,RUNNING,29,-0.986645,RUNNING,29,-0.986645,RUNNING,-0.986645,Run1
3168,07/17/2026 19:21,29,-0.986645,RUNNING,29,-0.986645,RUNNING,29,-0.986645,RUNNING,29,-0.986645,RUNNING,29,-0.986645,RUNNING,-0.986645,Run1
3169,07/17/2026 19:24,29,-0.986645,RUNNING,29,-0.986645,RUNNING,29,-0.986645,RUNNING,29,-0.986645,RUNNING,29,-0.986645,RUNNING,-0.986645,Run1
3170,07/17/2026 19:25,29,-0.986645,RUNNING,29,-0.986645,RUNNING,29,-0.986645,RUNNING,29,-0.986645,RUNNING,29,-0.986645,RUNNING,-0.986645,Run1
3171,07/17/2026 19:26,29,-0.986645,RUNNING,29,-0.986645,RUNNING,29,-0.986645,RUNNING,29,-0.986645,RUNNING,29,-0.986645,RUNNING,-0.986645,Run1
3172,07/17/2026 19:31,29,-0.986645,RUNNING,29,-0.986645,RUNNING,29,-0.986645,RUNNING,29,-0.986645,RUNNING,29,-0.986645,RUNNING,-0.986645,Run1
3173,07/17/2026 19:33,29,-0.986645,RUNNING,29,-0.986645,RUNNING,29,-0.986645,RUNNING,29,-0.986645,RUNNING,29,-0.986645,RUNNING,-0.986645,Run1
3174,07/17/2026 19:34,29,-0.986645,RUNNING,29,-0.986645,RUNNING,29,-0.986645,RUNNING,29,-0.986645,RUNNING,29,-0.986645,RUNNING,-0.986645,Run1
3175,07/17/2026 19:35,29,-0.986645,RUNNING,29,-0.986645,RUNNING,29,-0.986645,RUNNING,29,-0.986645,RUNNING,29,-0.986645,RUNNING,-0.986645,Run1
3176,07/17/2026 19:39,29,-0.986645,RUNNING,29,-0.986645,RUNNING,29,-0.986645,RUNNING,29,-0.986645,RUNNING,29,-0.986645,RUNNING,-0.986645,Run1
3177,07/17/2026 19:45,29,-0.986645,RUNNING,29,-0.986645,RUNNING,29,-0.986645,RUNNING,29,-0.986645,RUNNING,29,-0.986645,RUNNING,-0.986645,Run1
3178,07/17/2026 19:47,29,-0.986645,RUNNING,29,-0.986645,RUNNING,29,-0.986645,RUNNING,29,-0.986645,RUNNING,29,-0.986645,RUNNING,-0.986645,Run1
3179,07/17/2026 19:48,29,-0.986645,RUNNING,29,-0.986645,RUNNING,29,-0.986645,RUNNING,29,-0.986645,RUNNING,29,-0.986645,RUNNING,-0.986645,Run1
3180,07/17/2026 19:52,29,-0.986645,RUNNING,29,-0.986645,RUNNING,29,-0.986645,RUNNING,29,-0.986645,RUNNING,29,-0.986645,RUNNING,-0.986645,Run1
3181,07/17/2026 19:53,29,-0.986645,RUNNING,29,-0.986645,RUNNING,29,-0.986645,RUNNING,29,-0.986645,RUNNING,29,-0.986645,RUNNING,-0.986645,Run1
3182,07/17/2026 19:59,29,-0.986645,RUNNING,29,-0.986645,RUNNING,29,-0.986645,RUNNING,29,-0.986645,RUNNING,29,-0.986645,RUNNING,-0.986645,Run1
3183,07/17/2026 20:00,29,-0.986645,RUNNING,29,-0.986645,RUNNING,29,-0.986645,RUNNING,29,-0.986645,RUNNING,29,-0.986645,RUNNING,-0.986645,Run1
3184,07/17/2026 20:08,29,-0.986645,RUNNING,29,-0.986645,RUNNING,29,-0.986645,RUNNING,29,-0.986645,RUNNING,29,-0.986645,RUNNING,-0.986645,Run1
3185,07/17/2026 20:12,29,-0.986645,RUNNING,29,-0.986645,RUNNING,29,-0.986645,RUNNING,29,-0.986645,RUNNING,29,-0.986645,RUNNING,-0.986645,Run1
3186,07/17/2026 20:15,29,-0.986645,RUNNING,29,-0.986645,RUNNING,29,-0.986645,RUNNING,29,-0.986645,RUNNING,29,-0.986645,RUNNING,-0.986645,Run1
3187,07/17/2026 20:16,29,-0.986645,RUNNING,29,-0.986645,RUNNING,29,-0.986645,RUNNING,29,-0.986645,RUNNING,29,-0.986645,RUNNING,-0.986645,Run1
3188,07/17/2026 20:22,29,-0.986645,RUNNING,29,-0.986645,RUNNING,29,-0.986645,RUNNING,29,-0.986645,RUNNING,29,-0.986645,RUNNING,-0.986645,Run1
3189,07/17/2026 20:23,29,-0.986645,RUNNING,29,-0.986645,RUNNING,29,-0.986645,RUNNING,29,-0.986645,RUNNING,29,-0.986645,RUNNING,-0.986645,Run1
3190,07/17/2026 20:24,29,-0.986645,RUNNING,29,-0.986645,RUNNING,29,-0.986645,RUNNING,29,-0.986645,RUNNING,29,-0.986645,RUNNING,-0.986645,Run1
3191,07/17/2026 20:30,29,-0.986645,RUNNING,29,-0.986645,RUNNING,29,-0.986645,RUNNING,29,-0.986645,RUNNING,29,-0.986645,RUNNING,-0.986645,Run1
3192,07/17/2026 20:37,29,-0.986645,RUNNING,29,-0.986645,RUNNING,29,-0.986645,RUNNING,29,-0.986645,RUNNING,29,-0.986645,RUNNING,-0.986645,Run1
3193,07/17/2026 20:44,29,-0.986645,RUNNING,29,-0.986645,RUNNING,29,-0.986645,RUNNING,29,-0.986645,RUNNING,29,-0.986645,RUNNING,-0.986645,Run1
3194,07/17/2026 20:48,29,-0.986645,RUNNING,29,-0.986645,RUNNING,29,-0.986645,RUNNING,29,-0.986645,RUNNING,29,-0.986645,RUNNING,-0.986645,Run1
3195,07/17/2026 20:49,29,-0.986645,RUNNING,29,-0.986645,RUNNING,29,-0.986645,RUNNING,29,-0.986645,RUNNING,29,-0.986645,RUNNING,-0.986645,Run1
3196,07/17/2026 20:52,29,-0.986645,RUNNING,29,-0.986645,RUNNING,29,-0.986645,RUNNING,29,-0.986645,RUNNING,29,-0.986645,RUNNING,-0.986645,Run1
3197,07/17/2026 21:00,29,-0.986645,RUNNING,29,-0.986645,RUNNING,29,-0.986645,RUNNING,29,-0.986645,RUNNING,29,-0.986645,RUNNING,-0.986645,Run1
3198,07/17/2026 21:01,29,-0.986645,RUNNING,29,-0.986645,RUNNING,29,-0.986645,RUNNING,29,-0.986645,RUNNING,29,-0.986645,RUNNING,-0.986645,Run1
3199,07/17/2026 21:02,29,-0.986645,RUNNING,29,-0.986645,RUNNING,29,-0.986645,RUNNING,29,-0.986645,RUNNING,29,-0.986645,RUNNING,-0.986645,Run1
3200,07/17/2026 21:03,29,-0.986645,RUNNING,29,-0.986645,RUNNING,29,-0.986645,RUNNING,29,-0.986645,RUNNING,29,-0.986645,RUNNING,-0.986645,Run1
3201,07/17/2026 21:04,29,-0.986645,RUNNING,29,-0.986645,RUNNING,29,-0.986645,RUNNING,29,-0.986645,RUNNING,29,-0.986645,RUNNING,-0.986645,Run1
3202,07/17/2026 21:05,29,-0.986645,RUNNING,29,-0.986645,RUNNING,29,-0.986645,RUNNING,29,-0.986645,RUNNING,29,-0.986645,RUNNING,-0.986645,Run1
3203,07/17/2026 21:06,29,-0.986645,RUNNING,29,-0.986645,RUNNING,29,-0.986645,RUNNING,29,-0.986645,RUNNING,29,-0.986645,RUNNING,-0.986645,Run1
3204,07/17/2026 21:07,29,-0.986645,RUNNING,29,-0.986645,RUNNING,29,-0.986645,RUNNING,29,-0.986645,RUNNING,29,-0.986645,RUNNING,-0.986645,Run1
3205,07/17/2026 21:08,29,-0.986645,RUNNING,29,-0.986645,RUNNING,29,-0.986645,RUNNING,29,-0.986645,RUNNING,29,-0.986645,RUNNING,-0.986645,Run1
3206,07/17/2026 21:09,29,-0.986645,RUNNING,29,-0.986645,RUNNING,29,-0.986645,RUNNING,29,-0.986645,RUNNING,29,-0.986645,RUNNING,-0.986645,Run1
3207,07/17/2026 21:10,29,-0.986645,RUNNING,29,-0.986645,RUNNING,29,-0.986645,RUNNING,29,-0.986645,RUNNING,29,-0.986645,RUNNING,-0.986645,Run1
3208,07/17/2026 21:11,29,-0.986645,RUNNING,29,-0.986645,RUNNING,29,-0.986645,RUNNING,29,-0.986645,RUNNING,29,-0.986645,RUNNING,-0.986645,Run1
3209,07/17/2026 21:12,29,-0.986645,RUNNING,29,-0.986645,RUNNING,29,-0.986645,RUNNING,29,-0.986645,RUNNING,29,-0.986645,RUNNING,-0.986645,Run1
3210,07/17/2026 21:13,29,-0.986645,RUNNING,29,-0.986645,RUNNING,29,-0.986645,RUNNING,29,-0.986645,RUNNING,29,-0.986645,RUNNING,-0.986645,Run1
3211,07/17/2026 21:14,29,-0.986645,RUNNING,29,-0.986645,RUNNING,29,-0.986645,RUNNING,29,-0.986645,RUNNING,29,-0.986645,RUNNING,-0.986645,Run1
3212,07/17/2026 21:15,29,-0.986645,RUNNING,29,-0.986645,RUNNING,29,-0.986645,RUNNING,29,-0.986645,RUNNING,29,-0.986645,RUNNING,-0.986645,Run1
3213,07/17/2026 21:16,29,-0.986645,RUNNING,29,-0.986645,RUNNING,29,-0.986645,RUNNING,29,-0.986645,RUNNING,29,-0.986645,RUNNING,-0.986645,Run1
3214,07/17/2026 21:17,29,-0.986645,RUNNING,29,-0.986645,RUNNING,29,-0.986645,RUNNING,29,-0.986645,RUNNING,29,-0.986645,RUNNING,-0.986645,Run1
3215,07/17/2026 21:18,29,-0.986645,RUNNING,29,-0.986645,RUNNING,29,-0.986645,RUNNING,29,-0.986645,RUNNING,29,-0.986645,RUNNING,-0.986645,Run1
3216,07/17/2026 21:19,29,-0.986645,RUNNING,29,-0.986645,RUNNING,29,-0.986645,RUNNING,29,-0.986645,RUNNING,29,-0.986645,RUNNING,-0.986645,Run1
3217,07/17/2026 21:20,29,-0.986645,RUNNING,29,-0.986645,RUNNING,29,-0.986645,RUNNING,29,-0.986645,RUNNING,29,-0.986645,RUNNING,-0.986645,Run1
3218,07/17/2026 21:21,29,-0.986645,RUNNING,29,-0.986645,RUNNING,29,-0.986645,RUNNING,29,-0.986645,RUNNING,29,-0.986645,RUNNING,-0.986645,Run1
3219,07/17/2026 21:22,29,-0.986645,RUNNING,29,-0.986645,RUNNING,29,-0.986645,RUNNING,29,-0.986645,RUNNING,29,-0.986645,RUNNING,-0.986645,Run1
3220,07/17/2026 21:23,29,-0.986645,RUNNING,29,-0.986645,RUNNING,29,-0.986645,RUNNING,29,-0.986645,RUNNING,29,-0.986645,RUNNING,-0.986645,Run1
3221,07/17/2026 21:24,29,-0.986645,RUNNING,29,-0.986645,RUNNING,29,-0.986645,RUNNING,29,-0.986645,RUNNING,29,-0.986645,RUNNING,-0.986645,Run1
3222,07/17/2026 21:25,29,-0.986645,RUNNING,29,-0.986645,RUNNING,29,-0.986645,RUNNING,29,-0.986645,RUNNING,29,-0.986645,RUNNING,-0.986645,Run1
3223,07/17/2026 21:26,29,-0.986645,RUNNING,29,-0.986645,RUNNING,29,-0.986645,RUNNING,29,-0.986645,RUNNING,29,-0.986645,RUNNING,-0.986645,Run1
3224,07/17/2026 21:27,29,-0.986645,RUNNING,29,-0.986645,RUNNING,29,-0.986645,RUNNING,29,-0.986645,RUNNING,29,-0.986645,RUNNING,-0.986645,Run1
3225,07/17/2026 21:28,29,-0.986645,RUNNING,29,-0.986645,RUNNING,29,-0.986645,RUNNING,29,-0.986645,RUNNING,29,-0.986645,RUNNING,-0.986645,Run1
3226,07/17/2026 21:30,29,-0.986645,RUNNING,29,-0.986645,RUNNING,29,-0.986645,RUNNING,29,-0.986645,RUNNING,29,-0.986645,RUNNING,-0.986645,Run1
3227,07/17/2026 21:31,29,-0.986645,RUNNING,29,-0.986645,RUNNING,29,-0.986645,RUNNING,29,-0.986645,RUNNING,29,-0.986645,RUNNING,-0.986645,Run1
3228,07/17/2026 21:32,29,-0.986645,RUNNING,29,-0.986645,RUNNING,29,-0.986645,RUNNING,29,-0.986645,RUNNING,29,-0.986645,RUNNING,-0.986645,Run1
3229,07/17/2026 21:33,29,-0.986645,RUNNING,29,-0.986645,RUNNING,29,-0.986645,RUNNING,29,-0.986645,RUNNING,29,-0.986645,RUNNING,-0.986645,Run1
3230,07/17/2026 21:34,29,-0.986645,RUNNING,29,-0.986645,RUNNING,29,-0.986645,RUNNING,29,-0.986645,RUNNING,29,-0.986645,RUNNING,-0.986645,Run1
3231,07/17/2026 21:35,29,-0.986645,RUNNING,29,-0.986645,RUNNING,29,-0.986645,RUNNING,29,-0.986645,RUNNING,29,-0.986645,RUNNING,-0.986645,Run1
3232,07/17/2026 21:36,29,-0.986645,RUNNING,29,-0.986645,RUNNING,29,-0.986645,RUNNING,29,-0.986645,RUNNING,29,-0.986645,RUNNING,-0.986645,Run1
3233,07/17/2026 21:37,29,-0.986645,RUNNING,29,-0.986645,RUNNING,29,-0.986645,RUNNING,29,-0.986645,RUNNING,29,-0.986645,RUNNING,-0.986645,Run1
3234,07/17/2026 21:38,29,-0.986645,RUNNING,29,-0.986645,RUNNING,29,-0.986645,RUNNING,29,-0.986645,RUNNING,29,-0.986645,RUNNING,-0.986645,Run1
3235,07/17/2026 21:39,29,-0.986645,RUNNING,29,-0.986645,RUNNING,29,-0.986645,RUNNING,29,-0.986645,RUNNING,29,-0.986645,RUNNING,-0.986645,Run1
3236,07/17/2026 21:40,29,-0.986645,RUNNING,29,-0.986645,RUNNING,29,-0.986645,RUNNING,29,-0.986645,RUNNING,29,-0.986645,RUNNING,-0.986645,Run1
3237,07/17/2026 21:41,29,-0.986645,RUNNING,29,-0.986645,RUNNING,29,-0.986645,RUNNING,29,-0.986645,RUNNING,29,-0.986645,RUNNING,-0.986645,Run1
3238,07/17/2026 21:42,29,-0.986645,RUNNING,29,-0.986645,RUNNING,29,-0.986645,RUNNING,29,-0.986645,RUNNING,29,-0.986645,RUNNING,-0.986645,Run1
3239,07/17/2026 21:43,29,-0.986645,RUNNING,29,-0.986645,RUNNING,29,-0.986645,RUNNING,29,-0.986645,RUNNING,29,-0.986645,RUNNING,-0.986645,Run1
3240,07/17/2026 21:44,29,-0.986645,RUNNING,29,-0.986645,RUNNING,29,-0.986645,RUNNING,29,-0.986645,RUNNING,29,-0.986645,RUNNING,-0.986645,Run1
3241,07/17/2026 21:45,29,-0.986645,RUNNING,29,-0.986645,RUNNING,29,-0.986645,RUNNING,29,-0.986645,RUNNING,29,-0.986645,RUNNING,-0.986645,Run1
3242,07/17/2026 21:46,29,-0.986645,RUNNING,29,-0.986645,RUNNING,29,-0.986645,RUNNING,29,-0.986645,RUNNING,29,-0.986645,RUNNING,-0.986645,Run1
3243,07/17/2026 21:47,29,-0.986645,RUNNING,29,-0.986645,RUNNING,29,-0.986645,RUNNING,29,-0.986645,RUNNING,29,-0.986645,RUNNING,-0.986645,Run1
3244,07/17/2026 21:48,29,-0.986645,RUNNING,29,-0.986645,RUNNING,29,-0.986645,RUNNING,29,-0.986645,RUNNING,29,-0.986645,RUNNING,-0.986645,Run1
3245,07/17/2026 21:49,29,-0.986645,RUNNING,29,-0.986645,RUNNING,29,-0.986645,RUNNING,29,-0.986645,RUNNING,29,-0.986645,RUNNING,-0.986645,Run1
3246,07/17/2026 21:50,29,-0.986645,RUNNING,29,-0.986645,RUNNING,29,-0.986645,RUNNING,29,-0.986645,RUNNING,29,-0.986645,RUNNING,-0.986645,Run1
3247,07/17/2026 21:51,29,-0.986645,RUNNING,29,-0.986645,RUNNING,29,-0.986645,RUNNING,29,-0.986645,RUNNING,29,-0.986645,RUNNING,-0.986645,Run1
3248,07/17/2026 21:52,29,-0.986645,RUNNING,29,-0.986645,RUNNING,29,-0.986645,RUNNING,29,-0.986645,RUNNING,29,-0.986645,RUNNING,-0.986645,Run1
3249,07/17/2026 21:53,29,-0.986645,RUNNING,29,-0.986645,RUNNING,29,-0.986645,RUNNING,29,-0.986645,RUNNING,29,-0.986645,RUNNING,-0.986645,Run1
3250,07/17/2026 21:54,29,-0.986645,RUNNING,29,-0.986645,RUNNING,29,-0.986645,RUNNING,29,-0.986645,RUNNING,29,-0.986645,RUNNING,-0.986645,Run1
3251,07/17/2026 21:55,29,-0.986645,RUNNING,29,-0.986645,RUNNING,29,-0.986645,RUNNING,29,-0.986645,RUNNING,29,-0.986645,RUNNING,-0.986645,Run1
3252,07/17/2026 21:56,29,-0.986645,RUNNING,29,-0.986645,RUNNING,29,-0.986645,RUNNING,29,-0.986645,RUNNING,29,-0.986645,RUNNING,-0.986645,Run1
3253,07/17/2026 21:57,29,-0.986645,RUNNING,29,-0.986645,RUNNING,29,-0.986645,RUNNING,29,-0.986645,RUNNING,29,-0.986645,RUNNING,-0.986645,Run1
3254,07/17/2026 21:58,29,-0.986645,RUNNING,29,-0.986645,RUNNING,29,-0.986645,RUNNING,29,-0.986645,RUNNING,29,-0.986645,RUNNING,-0.986645,Run1
3255,07/17/2026 21:59,29,-0.986645,RUNNING,29,-0.986645,RUNNING,29,-0.986645,RUNNING,29,-0.986645,RUNNING,29,-0.986645,RUNNING,-0.986645,Run1
3256,07/17/2026 22:00,29,-0.986645,RUNNING,29,-0.986645,RUNNING,29,-0.986645,RUNNING,29,-0.986645,RUNNING,29,-0.986645,RUNNING,-0.986645,Run1
3257,07/17/2026 22:01,29,-0.986645,RUNNING,29,-0.986645,RUNNING,29,-0.986645,RUNNING,29,-0.986645,RUNNING,29,-0.986645,RUNNING,-0.986645,Run1
3258,07/17/2026 22:02,29,-0.986645,RUNNING,29,-0.986645,RUNNING,29,-0.986645,RUNNING,29,-0.986645,RUNNING,29,-0.986645,RUNNING,-0.986645,Run1
