parameter,baseline,swing,n_regimes,regime_start,regime_end,n_valid,regime,range
D_ref,0,3.5673464768852066,2,metal,oxide,9,oxide,global
D_ref,1,1.9956947408824954,2,metal,oxide,9,oxide,global
D_ref,2,1.6527913878712652,2,metal,oxide,9,oxide,global
D_ref,3,3.49298363437403,2,metal,oxide,9,oxide,global
D_ref,4,2.5181082959497147,2,metal,oxide,9,oxide,global
D_ref,5,3.246653030854178,2,metal,oxide,9,oxide,global
D_ref,6,3.728527300752997,2,metal,oxide,9,oxide,global
D_ref,7,2.8705817266909714,2,metal,oxide,9,oxide,global
D_ref,8,0.7780161738403266,2,metal,oxide,9,oxide,global
D_ref,9,2.68608217039805,2,metal,oxide,9,oxide,global
D_ref,10,0.6048399033480799,2,metal,oxide,9,oxide,global
D_ref,11,3.206341753248256,2,metal,oxide,9,oxide,global
D_ref,12,3.0508284154545544,2,metal,oxide,9,oxide,global
D_ref,13,0.7933649125617767,2,metal,oxide,9,oxide,global
D_ref,14,2.807540553563427,2,metal,oxide,9,oxide,global
D_ref,15,3.5263647284861293,2,metal,oxide,9,oxide,global
D_ref,16,3.756745351029648,2,metal,oxide,9,oxide,global
D_ref,17,1.669049877643896,2,metal,oxide,9,oxide,global
D_ref,18,3.763591841245113,2,metal,oxide,9,oxide,global
D_ref,19,3.0598970279026374,2,metal,oxide,9,oxide,global
D_ref,20,2.6352166153977516,2,metal,oxide,9,oxide,global
D_ref,21,1.5388177306591706,2,metal,oxide,9,oxide,global
D_ref,22,2.2940046430310415,2,metal,oxide,9,oxide,global
D_ref,23,2.058972657454223,2,metal,oxide,9,oxide,global
D_ref,24,1.150417767210585,2,metal,oxide,9,oxide,global
E_D,0,0.014632328328767565,1,oxide,oxide,9,oxide,global
E_D,1,1.978816414411361e-05,1,oxide,oxide,9,oxide,global
E_D,2,3.6344864322072386e-05,1,oxide,oxide,9,oxide,global
E_D,3,0.007712482445516346,1,oxide,oxide,9,oxide,global
E_D,4,0.0008165923429574743,1,oxide,oxide,9,oxide,global
E_D,5,0.004580480612718619,1,oxide,oxide,9,oxide,global
E_D,6,0.016805239229988767,1,oxide,oxide,9,oxide,global
E_D,7,0.0017900850633018686,1,oxide,oxide,9,oxide,global
E_D,8,0.0005085599988966474,1,oxide,oxide,9,oxide,global
E_D,9,0.0010778284099622608,1,oxide,oxide,9,oxide,global
E_D,10,0.00010970805554165073,1,oxide,oxide,9,oxide,global
E_D,11,0.004985852775779963,1,oxide,oxide,9,oxide,global
E_D,12,0.0039866366246932875,1,oxide,oxide,9,oxide,global
E_D,13,4.0223229255893286e-05,1,oxide,oxide,9,oxide,global
E_D,14,0.0011719403928060993,1,oxide,oxide,9,oxide,global
E_D,15,0.008365332415388824,1,oxide,oxide,9,oxide,global
E_D,16,0.017527876370927013,1,oxide,oxide,9,oxide,global
E_D,17,3.286284517041187e-05,1,oxide,oxide,9,oxide,global
E_D,18,0.022439523104283772,2,metal,oxide,9,oxide,global
E_D,19,0.002449502722692653,1,oxide,oxide,9,oxide,global
E_D,20,0.003435980388866394,1,oxide,oxide,9,oxide,global
E_D,21,4.044637012083981e-05,1,oxide,oxide,9,oxide,global
E_D,22,0.001175262113191282,1,oxide,oxide,9,oxide,global
E_D,23,3.842898976667107e-05,1,oxide,oxide,9,oxide,global
E_D,24,9.819736627291698e-06,1,oxide,oxide,9,oxide,global
K_s_ref,0,2.6137324718430768,2,metal,oxide,9,oxide,global
K_s_ref,1,0.6846169119978682,2,metal,oxide,9,oxide,global
K_s_ref,2,0.07741590121726949,1,oxide,oxide,9,oxide,global
K_s_ref,3,2.3904576339058403,2,metal,oxide,9,oxide,global
K_s_ref,4,1.7794270920249597,2,metal,oxide,9,oxide,global
K_s_ref,5,2.245463660967185,2,metal,oxide,9,oxide,global
K_s_ref,6,1.3827077688138654,2,metal,oxide,9,oxide,global
K_s_ref,7,2.1405738176337277,2,metal,oxide,9,oxide,global
K_s_ref,8,0.0362136438819304,1,oxide,oxide,9,oxide,global
K_s_ref,9,1.6884884258586723,2,metal,oxide,9,oxide,global
K_s_ref,10,0.3616564112080091,2,metal,oxide,9,oxide,global
K_s_ref,11,2.2723608037222522,2,metal,oxide,9,oxide,global
K_s_ref,12,2.3754162421171654,2,metal,oxide,9,oxide,global
K_s_ref,13,0.24981625736582205,1,oxide,oxide,9,oxide,global
K_s_ref,14,2.098770006436223,2,metal,oxide,9,oxide,global
K_s_ref,15,2.4586925535834636,2,metal,oxide,9,oxide,global
K_s_ref,16,2.7579189592719455,2,metal,oxide,9,oxide,global
K_s_ref,17,0.4570286712297861,2,metal,oxide,9,oxide,global
K_s_ref,18,2.820089029779387,2,metal,oxide,9,oxide,global
K_s_ref,19,1.9828342695447247,2,metal,oxide,9,oxide,global
K_s_ref,20,1.7876065063434943,2,metal,oxide,9,oxide,global
K_s_ref,21,0.6882370395784093,2,metal,oxide,9,oxide,global
K_s_ref,22,2.1197412579309325,2,metal,oxide,9,oxide,global
K_s_ref,23,0.6853263412772205,2,metal,oxide,9,oxide,global
K_s_ref,24,0.4656381316392446,2,metal,oxide,9,oxide,global
H_s,0,0.0389330710878209,1,oxide,oxide,9,oxide,global
H_s,1,5.141316014277842e-05,1,oxide,oxide,9,oxide,global
H_s,2,8.73086419636089e-05,1,oxide,oxide,9,oxide,global
H_s,3,0.01644485010032852,1,oxide,oxide,9,oxide,global
H_s,4,0.002207618578307454,1,oxide,oxide,9,oxide,global
H_s,5,0.011301721859576355,1,oxide,oxide,9,oxide,global
H_s,6,0.03890948236745087,1,oxide,oxide,9,oxide,global
H_s,7,0.004517824825420592,1,oxide,oxide,9,oxide,global
H_s,8,0.0012499639255471376,1,oxide,oxide,9,oxide,global
H_s,9,0.0028228053259698746,1,oxide,oxide,9,oxide,global
H_s,10,0.0002893228232041759,1,oxide,oxide,9,oxide,global
H_s,11,0.0126733975129158,1,oxide,oxide,9,oxide,global
H_s,12,0.008692079419628454,1,oxide,oxide,9,oxide,global
H_s,13,0.0001061445566662497,1,oxide,oxide,9,oxide,global
H_s,14,0.0028528576303174687,1,oxide,oxide,9,oxide,global
H_s,15,0.0214247863984126,1,oxide,oxide,9,oxide,global
H_s,16,0.04146101164427817,1,oxide,oxide,9,oxide,global
H_s,17,8.479527464026304e-05,1,oxide,oxide,9,oxide,global
H_s,18,0.05236005119116477,1,oxide,oxide,9,oxide,global
H_s,19,0.005552904448487926,1,oxide,oxide,9,oxide,global
H_s,20,0.008645846119141298,1,oxide,oxide,9,oxide,global
H_s,21,0.00010150046824883363,1,oxide,oxide,9,oxide,global
H_s,22,0.0031446482619764352,1,oxide,oxide,9,oxide,global
H_s,23,9.686597613789648e-05,1,oxide,oxide,9,oxide,global
H_s,24,2.343725712561218e-05,1,oxide,oxide,9,oxide,global
D_ox_ref,0,0.7741209698071045,2,oxide,metal,9,oxide,global
D_ox_ref,1,2.285114126105684,2,oxide,metal,9,oxide,global
D_ox_ref,2,2.607128593117816,2,oxide,metal,9,oxide,global
D_ox_ref,3,1.3075266335190567,2,oxide,metal,9,oxide,global
D_ox_ref,4,1.8527294677500386,2,oxide,metal,9,oxide,global
D_ox_ref,5,1.4710339594057533,2,oxide,metal,9,oxide,global
D_ox_ref,6,0.9270144885758026,2,oxide,metal,9,oxide,global
D_ox_ref,7,1.7669960917280199,2,oxide,metal,9,oxide,global
D_ox_ref,8,3.7352178776250735,1,oxide,oxide,9,oxide,global
D_ox_ref,9,1.8723234168549037,2,oxide,metal,9,oxide,global
D_ox_ref,10,3.5567307271870154,2,oxide,metal,9,oxide,global
D_ox_ref,11,1.0804408584458094,2,oxide,metal,9,oxide,global
D_ox_ref,12,1.5550607820460767,2,oxide,metal,9,oxide,global
D_ox_ref,13,3.314186355100373,2,oxide,metal,9,oxide,global
D_ox_ref,14,1.799401913312064,2,oxide,metal,9,oxide,global
D_ox_ref,15,1.3567315537381668,2,oxide,metal,9,oxide,global
D_ox_ref,16,0.40736729008739697,2,oxide,metal,9,oxide,global
D_ox_ref,17,1.9907873127333806,2,oxide,metal,9,oxide,global
D_ox_ref,18,0.7973237128191691,2,oxide,metal,9,oxide,global
D_ox_ref,19,1.5333056915130965,2,oxide,metal,9,oxide,global
D_ox_ref,20,1.3940589902821259,2,oxide,metal,9,oxide,global
D_ox_ref,21,2.827215157314575,2,oxide,metal,9,oxide,global
D_ox_ref,22,1.7246266665488448,2,oxide,metal,9,oxide,global
D_ox_ref,23,2.3075777360795304,2,oxide,metal,9,oxide,global
D_ox_ref,24,3.044667942075183,2,oxide,metal,9,oxide,global
E_D_ox,0,0.038517255043453394,1,oxide,oxide,9,oxide,global
E_D_ox,1,0.07312208936281069,1,oxide,oxide,9,oxide,global
E_D_ox,2,0.07308189896169781,1,oxide,oxide,9,oxide,global
E_D_ox,3,0.05581874180702507,1,oxide,oxide,9,oxide,global
E_D_ox,4,0.07147930034276069,1,oxide,oxide,9,oxide,global
E_D_ox,5,0.06464878152478933,1,oxide,oxide,9,oxide,global
E_D_ox,6,0.03890543321731797,1,oxide,oxide,9,oxide,global
E_D_ox,7,0.06898512292290983,1,oxide,oxide,9,oxide,global
E_D_ox,8,0.07201666017828995,1,oxide,oxide,9,oxide,global
E_D_ox,9,0.07103597005845343,1,oxide,oxide,9,oxide,global
E_D_ox,10,0.07291141220224806,1,oxide,oxide,9,oxide,global
E_D_ox,11,0.06408570991054548,1,oxide,oxide,9,oxide,global
E_D_ox,12,0.06449614448621867,1,oxide,oxide,9,oxide,global
E_D_ox,13,0.0730841058062895,1,oxide,oxide,9,oxide,global
E_D_ox,14,0.07096280016083163,1,oxide,oxide,9,oxide,global
E_D_ox,15,0.05583147440895923,1,oxide,oxide,9,oxide,global
E_D_ox,16,0.032263887855635685,1,oxide,oxide,9,oxide,global
E_D_ox,17,0.0730866886931308,1,oxide,oxide,9,oxide,global
E_D_ox,18,0.023935807798156194,2,oxide,metal,9,oxide,global
E_D_ox,19,0.06738801067079095,1,oxide,oxide,9,oxide,global
E_D_ox,20,0.06525001337597387,1,oxide,oxide,9,oxide,global
E_D_ox,21,0.0730803120058708,1,oxide,oxide,9,oxide,global
E_D_ox,22,0.07045232253478217,1,oxide,oxide,9,oxide,global
E_D_ox,23,0.07308375663273335,1,oxide,oxide,9,oxide,global
E_D_ox,24,0.07314503389140237,1,oxide,oxide,9,oxide,global
K_ox_ref,0,0.5241804896341589,1,oxide,oxide,9,oxide,global
K_ox_ref,1,0.6984782114726813,1,oxide,oxide,9,oxide,global
K_ox_ref,2,0.6982512390955316,1,oxide,oxide,9,oxide,global
K_ox_ref,3,0.4094508085142767,2,oxide,metal,9,oxide,global
K_ox_ref,4,0.6929456006111658,1,oxide,oxide,9,oxide,global
K_ox_ref,5,0.6147212308907516,1,oxide,oxide,9,oxide,global
K_ox_ref,6,0.3561012476111459,2,oxide,metal,9,oxide,global
K_ox_ref,7,0.6758189111308026,1,oxide,oxide,9,oxide,global
K_ox_ref,8,0.6850802861525378,1,oxide,oxide,9,oxide,global
K_ox_ref,9,0.6908666071589518,1,oxide,oxide,9,oxide,global
K_ox_ref,10,0.6948173386927444,1,oxide,oxide,9,oxide,global
K_ox_ref,11,0.6154499586465699,1,oxide,oxide,9,oxide,global
K_ox_ref,12,0.6634135341047116,1,oxide,oxide,9,oxide,global
K_ox_ref,13,0.698352410132245,1,oxide,oxide,9,oxide,global
K_ox_ref,14,0.6917105792883336,1,oxide,oxide,9,oxide,global
K_ox_ref,15,0.5642872254463277,1,oxide,oxide,9,oxide,global
K_ox_ref,16,0.42083469234609844,2,oxide,metal,9,oxide,global
K_ox_ref,17,0.6983507163013567,1,oxide,oxide,9,oxide,global
K_ox_ref,18,0.43132908254230284,1,oxide,oxide,9,oxide,global
K_ox_ref,19,0.664438999804193,1,oxide,oxide,9,oxide,global
K_ox_ref,20,0.5294894777068976,1,oxide,oxide,9,oxide,global
K_ox_ref,21,0.6978267280634348,1,oxide,oxide,9,oxide,global
K_ox_ref,22,0.6793662899021827,1,oxide,oxide,9,oxide,global
K_ox_ref,23,0.6972599146545116,1,oxide,oxide,9,oxide,global
K_ox_ref,24,0.6987500136286212,1,oxide,oxide,9,oxide,global
H_sol_ox,0,3.188002966781388,2,oxide,metal,9,oxide,global
H_sol_ox,1,3.0957876515198044,2,oxide,metal,9,oxide,global
H_sol_ox,2,2.3956057718326087,2,oxide,metal,9,oxide,global
H_sol_ox,3,4.092963073395983,2,oxide,metal,9,oxide,global
H_sol_ox,4,3.2496881386382435,2,oxide,metal,9,oxide,global
H_sol_ox,5,3.295670828006081,2,oxide,metal,9,oxide,global
H_sol_ox,6,1.0876094275861543,2,oxide,metal,9,oxide,global
H_sol_ox,7,3.7586761249272898,2,oxide,metal,9,oxide,global
H_sol_ox,8,3.351759947108653,2,oxide,metal,9,oxide,global
H_sol_ox,9,2.1111390480533325,2,oxide,metal,9,oxide,global
H_sol_ox,10,3.0087126752971516,2,oxide,metal,9,oxide,global
H_sol_ox,11,3.2409780521339493,2,oxide,metal,9,oxide,global
H_sol_ox,12,3.007643566644604,2,oxide,metal,9,oxide,global
H_sol_ox,13,3.1104588114018354,2,oxide,metal,9,oxide,global
H_sol_ox,14,3.079548860999328,2,oxide,metal,9,oxide,global
H_sol_ox,15,2.2455573596002814,2,oxide,metal,9,oxide,global
H_sol_ox,16,3.8448890645755456,2,oxide,metal,9,oxide,global
H_sol_ox,17,3.454533861013669,2,oxide,metal,9,oxide,global
H_sol_ox,18,2.9706881423127878,2,oxide,metal,9,oxide,global
H_sol_ox,19,2.711591778682174,2,oxide,metal,9,oxide,global
H_sol_ox,20,3.016293549206684,2,oxide,metal,9,oxide,global
H_sol_ox,21,3.3758106899071962,2,oxide,metal,9,oxide,global
H_sol_ox,22,2.7377048767332566,2,oxide,metal,9,oxide,global
H_sol_ox,23,3.463955704194972,2,oxide,metal,9,oxide,global
H_sol_ox,24,3.446109386346011,2,oxide,metal,9,oxide,global
metal_thickness,0,0.9657498327262057,1,metal,metal,9,oxide,global
metal_thickness,1,0.02741064217452151,1,oxide,oxide,9,oxide,global
metal_thickness,2,0.24681409784909267,1,oxide,oxide,9,oxide,global
metal_thickness,3,0.8657688887773601,1,metal,metal,9,oxide,global
metal_thickness,4,0.7773313723498693,2,oxide,metal,9,oxide,global
metal_thickness,5,0.5839258269293962,2,oxide,metal,9,oxide,global
metal_thickness,6,0.7988720246493484,2,oxide,metal,9,oxide,global
metal_thickness,7,0.7381202118543622,2,oxide,metal,9,oxide,global
metal_thickness,8,0.0019722470041692495,1,oxide,oxide,9,oxide,global
metal_thickness,9,0.30700789795092326,2,oxide,metal,9,oxide,global
metal_thickness,10,0.0014003614942723064,1,oxide,oxide,9,oxide,global
metal_thickness,11,0.7124721232324687,2,oxide,metal,9,oxide,global
metal_thickness,12,0.49065085800937136,2,oxide,metal,9,oxide,global
metal_thickness,13,0.0006583330460433067,1,oxide,oxide,9,oxide,global
metal_thickness,14,0.6121953397994018,2,oxide,metal,9,oxide,global
metal_thickness,15,0.8135210963314489,2,oxide,metal,9,oxide,global
metal_thickness,16,0.9146958506307308,1,metal,metal,9,oxide,global
metal_thickness,17,0.08378756146715145,1,oxide,oxide,9,oxide,global
metal_thickness,18,0.8958172775302155,1,metal,metal,9,oxide,global
metal_thickness,19,0.4043876678174242,2,oxide,metal,9,oxide,global
metal_thickness,20,0.7439387217957907,2,oxide,metal,9,oxide,global
metal_thickness,21,0.002969194552024748,1,oxide,oxide,9,oxide,global
metal_thickness,22,0.30551770968286535,2,oxide,metal,9,oxide,global
metal_thickness,23,0.010789119670570179,1,oxide,oxide,9,oxide,global
metal_thickness,24,0.003573575626044525,1,oxide,oxide,9,oxide,global
oxide_thickness,0,1.1158071730667534,2,metal,oxide,9,oxide,global
oxide_thickness,1,2.7950268638314744,2,metal,oxide,9,oxide,global
oxide_thickness,2,1.838436154337294,2,metal,oxide,9,oxide,global
oxide_thickness,3,0.5887755881457687,2,metal,oxide,9,oxide,global
oxide_thickness,4,1.371101120885708,2,metal,oxide,9,oxide,global
oxide_thickness,5,0.6609121244669879,2,metal,oxide,9,oxide,global
oxide_thickness,6,0.8415085817855841,2,metal,oxide,9,oxide,global
oxide_thickness,7,0.8070663838477398,2,metal,oxide,9,oxide,global
oxide_thickness,8,3.5720909079042977,2,metal,oxide,9,oxide,global
oxide_thickness,9,0.950546225300301,2,metal,oxide,9,oxide,global
oxide_thickness,10,2.833474423704657,2,metal,oxide,9,oxide,global
oxide_thickness,11,1.1076852176817376,2,metal,oxide,9,oxide,global
oxide_thickness,12,0.6012394884306197,2,metal,oxide,9,oxide,global
oxide_thickness,13,2.869112205937655,2,metal,oxide,9,oxide,global
oxide_thickness,14,1.5800633479900135,2,metal,oxide,9,oxide,global
oxide_thickness,15,1.6300863680930189,2,metal,oxide,9,oxide,global
oxide_thickness,16,0.5822179028939877,2,metal,oxide,9,oxide,global
oxide_thickness,17,1.8343157081679649,2,metal,oxide,9,oxide,global
oxide_thickness,18,0.5947365886708297,2,metal,oxide,9,oxide,global
oxide_thickness,19,1.2011127880357149,2,metal,oxide,9,oxide,global
oxide_thickness,20,0.9892860713992323,2,metal,oxide,9,oxide,global
oxide_thickness,21,2.3694505157930292,2,metal,oxide,9,oxide,global
oxide_thickness,22,1.009573801065601,2,metal,oxide,9,oxide,global
oxide_thickness,23,2.263963145455332,2,metal,oxide,9,oxide,global
oxide_thickness,24,3.006508519533786,2,metal,oxide,9,oxide,global
P_upstream,0,12.186304785021731,2,defect,oxide,9,oxide,global
P_upstream,1,10.658666570660623,2,defect,oxide,9,oxide,global
P_upstream,2,11.70294771723041,2,defect,oxide,9,oxide,global
P_upstream,3,11.935798583516359,2,defect,oxide,9,oxide,global
P_upstream,4,12.018171303361413,2,defect,oxide,9,oxide,global
P_upstream,5,11.511285764778203,2,defect,oxide,9,oxide,global
P_upstream,6,11.852075144782408,2,defect,oxide,9,oxide,global
P_upstream,7,12.004801972878768,2,defect,oxide,9,oxide,global
P_upstream,8,9.004903098092397,2,defect,oxide,9,oxide,global
P_upstream,9,12.135379393537887,2,defect,oxide,9,oxide,global
P_upstream,10,9.516230176458558,2,defect,oxide,9,oxide,global
P_upstream,11,11.738078458256131,2,defect,oxide,9,oxide,global
P_upstream,12,12.632189553760911,2,defect,oxide,9,oxide,global
P_upstream,13,10.02287956898536,2,defect,oxide,9,oxide,global
P_upstream,14,11.574507430424253,2,defect,oxide,9,oxide,global
P_upstream,15,11.831360759731977,2,defect,oxide,9,oxide,global
P_upstream,16,12.289057798338698,2,defect,oxide,9,oxide,global
P_upstream,17,11.26304494200185,2,defect,oxide,9,oxide,global
P_upstream,18,12.055722221474367,3,defect,metal,9,oxide,global
P_upstream,19,11.75180043038312,2,defect,oxide,9,oxide,global
P_upstream,20,11.855368366856158,2,defect,oxide,9,oxide,global
P_upstream,21,10.170966147783924,2,defect,oxide,9,oxide,global
P_upstream,22,11.379040048943178,2,defect,oxide,9,oxide,global
P_upstream,23,10.498136674280746,2,defect,oxide,9,oxide,global
P_upstream,24,10.738906845732824,2,defect,oxide,9,oxide,global
f_pinhole,0,0.035612788543478345,1,oxide,oxide,9,oxide,global
f_pinhole,1,0.958440669350795,2,oxide,defect,9,oxide,global
f_pinhole,2,0.7585404024839392,2,oxide,defect,9,oxide,global
f_pinhole,3,0.07269961090724796,1,oxide,oxide,9,oxide,global
f_pinhole,4,0.2628718678410879,2,oxide,defect,9,oxide,global
f_pinhole,5,0.10529108681217411,1,oxide,oxide,9,oxide,global
f_pinhole,6,0.031223378525463575,1,oxide,oxide,9,oxide,global
f_pinhole,7,0.18243978760303883,1,oxide,oxide,9,oxide,global
f_pinhole,8,2.24433959123701,2,oxide,defect,9,oxide,global
f_pinhole,9,0.22461821889600622,1,oxide,oxide,9,oxide,global
f_pinhole,10,1.7575605942324541,2,oxide,defect,9,oxide,global
f_pinhole,11,0.10201963657975979,1,oxide,oxide,9,oxide,global
f_pinhole,12,0.11300001924298243,1,oxide,oxide,9,oxide,global
f_pinhole,13,1.684777045194299,2,oxide,defect,9,oxide,global
f_pinhole,14,0.22347572681870198,1,oxide,oxide,9,oxide,global
f_pinhole,15,0.06644386851310527,1,oxide,oxide,9,oxide,global
f_pinhole,16,0.02767847591355795,1,oxide,oxide,9,oxide,global
f_pinhole,17,0.757910769720961,2,oxide,defect,9,oxide,global
f_pinhole,18,0.018180889412264124,1,oxide,oxide,9,oxide,global
f_pinhole,19,0.15246470426413714,1,oxide,oxide,9,oxide,global
f_pinhole,20,0.12471707113237646,1,oxide,oxide,9,oxide,global
f_pinhole,21,1.1678408710998416,2,oxide,defect,9,oxide,global
f_pinhole,22,0.21690200132467688,1,oxide,oxide,9,oxide,global
f_pinhole,23,0.8709847589128797,2,oxide,defect,9,oxide,global
f_pinhole,24,1.5026848632505465,2,oxide,defect,9,oxide,global
f_crack,0,0.024341779215835874,1,oxide,oxide,9,oxide,global
f_crack,1,0.05349790684753013,1,oxide,oxide,9,oxide,global
f_crack,2,0.28781551133998085,2,oxide,defect,9,oxide,global
f_crack,3,0.06811352830188608,1,oxide,oxide,9,oxide,global
f_crack,4,0.15263588641412904,1,oxide,oxide,9,oxide,global
f_crack,5,0.07491489507757444,1,oxide,oxide,9,oxide,global
f_crack,6,0.02382696044116979,1,oxide,oxide,9,oxide,global
f_crack,7,0.08590244608169575,1,oxide,oxide,9,oxide,global
f_crack,8,0.047698796348773866,1,oxide,oxide,9,oxide,global
f_crack,9,0.04141902853717449,1,oxide,oxide,9,oxide,global
f_crack,10,0.06909035666901094,1,oxide,oxide,9,oxide,global
f_crack,11,0.03537557102566382,1,oxide,oxide,9,oxide,global
f_crack,12,0.04034251914897806,1,oxide,oxide,9,oxide,global
f_crack,13,0.043582141858600563,1,oxide,oxide,9,oxide,global
f_crack,14,0.04319419940944483,1,oxide,oxide,9,oxide,global
f_crack,15,0.02374051820603912,1,oxide,oxide,9,oxide,global
f_crack,16,0.025300799760066182,1,oxide,oxide,9,oxide,global
f_crack,17,0.1735217337028322,1,oxide,oxide,9,oxide,global
f_crack,18,0.010065227952571539,1,oxide,oxide,9,oxide,global
f_crack,19,0.04111088282044876,1,oxide,oxide,9,oxide,global
f_crack,20,0.11737012391488999,1,oxide,oxide,9,oxide,global
f_crack,21,0.06928033903536686,1,oxide,oxide,9,oxide,global
f_crack,22,0.04364302705334891,1,oxide,oxide,9,oxide,global
f_crack,23,0.16500970560061054,1,oxide,oxide,9,oxide,global
f_crack,24,0.06484540229447125,1,oxide,oxide,9,oxide,global
f_gb_defect,0,0.034257812011506066,1,oxide,oxide,9,oxide,global
f_gb_defect,1,0.38987325359940095,2,oxide,defect,9,oxide,global
f_gb_defect,2,0.6487150041108972,2,oxide,defect,9,oxide,global
f_gb_defect,3,0.0576156115644916,1,oxide,oxide,9,oxide,global
f_gb_defect,4,0.13093918547516345,1,oxide,oxide,9,oxide,global
f_gb_defect,5,0.09051345283707327,1,oxide,oxide,9,oxide,global
f_gb_defect,6,0.025149361305451947,1,oxide,oxide,9,oxide,global
f_gb_defect,7,0.17050696539614904,1,oxide,oxide,9,oxide,global
f_gb_defect,8,0.926586676389777,2,oxide,defect,9,oxide,global
f_gb_defect,9,0.2112247275381341,1,oxide,oxide,9,oxide,global
f_gb_defect,10,0.7941644963389715,2,oxide,defect,9,oxide,global
f_gb_defect,11,0.09360738373345716,1,oxide,oxide,9,oxide,global
f_gb_defect,12,0.10606635956940146,1,oxide,oxide,9,oxide,global
f_gb_defect,13,0.2825378636438594,2,oxide,defect,9,oxide,global
f_gb_defect,14,0.1875554707631034,1,oxide,oxide,9,oxide,global
f_gb_defect,15,0.06035308564671324,1,oxide,oxide,9,oxide,global
f_gb_defect,16,0.027247604834694874,1,oxide,oxide,9,oxide,global
f_gb_defect,17,0.26755434753520313,2,oxide,defect,9,oxide,global
f_gb_defect,18,0.017802800633628466,1,oxide,oxide,9,oxide,global
f_gb_defect,19,0.1466942127100078,1,oxide,oxide,9,oxide,global
f_gb_defect,20,0.1199738497875319,1,oxide,oxide,9,oxide,global
f_gb_defect,21,0.7532578188859512,2,oxide,defect,9,oxide,global
f_gb_defect,22,0.20666017631039288,1,oxide,oxide,9,oxide,global
f_gb_defect,23,0.6771953600149195,2,oxide,defect,9,oxide,global
f_gb_defect,24,0.9922204606666789,2,oxide,defect,9,oxide,global
crack_thickness_factor,0,2.1054762443718595e-06,1,oxide,oxide,9,oxide,global
crack_thickness_factor,1,0.00015501932683518343,1,oxide,oxide,9,oxide,global
crack_thickness_factor,2,0.00013008636562521388,1,oxide,oxide,9,oxide,global
crack_thickness_factor,3,2.5899181026720505e-06,1,oxide,oxide,9,oxide,global
crack_thickness_factor,4,7.923908788488243e-06,1,oxide,oxide,9,oxide,global
crack_thickness_factor,5,7.75179893708881e-06,1,oxide,oxide,9,oxide,global
crack_thickness_factor,6,4.143924293015882e-07,1,oxide,oxide,9,oxide,global
crack_thickness_factor,7,2.716349604232873e-06,1,oxide,oxide,9,oxide,global
crack_thickness_factor,8,0.00016116304264434357,1,oxide,oxide,9,oxide,global
crack_thickness_factor,9,1.0665799517654642e-05,1,oxide,oxide,9,oxide,global
crack_thickness_factor,10,0.0002857380178841062,1,oxide,oxide,9,oxide,global
crack_thickness_factor,11,6.445670285570917e-06,1,oxide,oxide,9,oxide,global
crack_thickness_factor,12,8.001868878669824e-06,1,oxide,oxide,9,oxide,global
crack_thickness_factor,13,9.260728635155164e-05,1,oxide,oxide,9,oxide,global
crack_thickness_factor,14,4.058100985467634e-06,1,oxide,oxide,9,oxide,global
crack_thickness_factor,15,3.1249874737181763e-06,1,oxide,oxide,9,oxide,global
crack_thickness_factor,16,1.5503581505629523e-06,1,oxide,oxide,9,oxide,global
crack_thickness_factor,17,1.5461149031223444e-05,1,oxide,oxide,9,oxide,global
crack_thickness_factor,18,1.984085190467412e-07,1,oxide,oxide,9,oxide,global
crack_thickness_factor,19,3.382354498471298e-06,1,oxide,oxide,9,oxide,global
crack_thickness_factor,20,1.5506669251867026e-06,1,oxide,oxide,9,oxide,global
crack_thickness_factor,21,0.00029679848352419884,1,oxide,oxide,9,oxide,global
crack_thickness_factor,22,1.8193558070959267e-06,1,oxide,oxide,9,oxide,global
crack_thickness_factor,23,0.000141365716890786,1,oxide,oxide,9,oxide,global
crack_thickness_factor,24,0.00023928157594597458,1,oxide,oxide,9,oxide,global
gb_diffusivity_factor,0,1.2504286375120377e-06,1,oxide,oxide,9,oxide,global
gb_diffusivity_factor,1,7.486669782681414e-05,1,oxide,oxide,9,oxide,global
gb_diffusivity_factor,2,9.996932890331413e-05,1,oxide,oxide,9,oxide,global
gb_diffusivity_factor,3,1.79026037487745e-07,1,oxide,oxide,9,oxide,global
gb_diffusivity_factor,4,2.7232558387298964e-05,1,oxide,oxide,9,oxide,global
gb_diffusivity_factor,5,8.25320658058419e-06,1,oxide,oxide,9,oxide,global
gb_diffusivity_factor,6,2.461511334682822e-06,1,oxide,oxide,9,oxide,global
gb_diffusivity_factor,7,7.011902917087412e-06,1,oxide,oxide,9,oxide,global
gb_diffusivity_factor,8,0.0001998468389325291,1,oxide,oxide,9,oxide,global
gb_diffusivity_factor,9,2.106933360022529e-06,1,oxide,oxide,9,oxide,global
gb_diffusivity_factor,10,0.00020789043334444316,1,oxide,oxide,9,oxide,global
gb_diffusivity_factor,11,9.12731659041664e-06,1,oxide,oxide,9,oxide,global
gb_diffusivity_factor,12,7.459332828371364e-06,1,oxide,oxide,9,oxide,global
gb_diffusivity_factor,13,0.00029017405815307315,1,oxide,oxide,9,oxide,global
gb_diffusivity_factor,14,2.2735918304284195e-05,1,oxide,oxide,9,oxide,global
gb_diffusivity_factor,15,1.0065646386997797e-06,1,oxide,oxide,9,oxide,global
gb_diffusivity_factor,16,2.1692441344263982e-06,1,oxide,oxide,9,oxide,global
gb_diffusivity_factor,17,7.366723921401433e-05,1,oxide,oxide,9,oxide,global
gb_diffusivity_factor,18,5.999792659222591e-07,1,oxide,oxide,9,oxide,global
gb_diffusivity_factor,19,7.111901289880013e-07,1,oxide,oxide,9,oxide,global
gb_diffusivity_factor,20,8.992266823948769e-06,1,oxide,oxide,9,oxide,global
gb_diffusivity_factor,21,7.218496121530254e-05,1,oxide,oxide,9,oxide,global
gb_diffusivity_factor,22,7.760189517500868e-06,1,oxide,oxide,9,oxide,global
gb_diffusivity_factor,23,0.00016256545275535942,1,oxide,oxide,9,oxide,global
gb_diffusivity_factor,24,9.080419586902074e-05,1,oxide,oxide,9,oxide,global
grain_size,0,4.6852747651946035e-05,1,oxide,oxide,9,oxide,global
grain_size,1,7.472858712415792e-08,1,oxide,oxide,9,oxide,global
grain_size,2,1.1411030244950542e-07,1,oxide,oxide,9,oxide,global
grain_size,3,1.311169385580206e-05,1,oxide,oxide,9,oxide,global
grain_size,4,9.629142428456787e-07,1,oxide,oxide,9,oxide,global
grain_size,5,1.2218230178048351e-05,1,oxide,oxide,9,oxide,global
grain_size,6,5.2161244357771374e-05,1,oxide,oxide,9,oxide,global
grain_size,7,3.5008026823900428e-06,1,oxide,oxide,9,oxide,global
grain_size,8,9.278579082994683e-07,1,oxide,oxide,9,oxide,global
grain_size,9,2.6410592311708648e-06,1,oxide,oxide,9,oxide,global
grain_size,10,2.8046020746402717e-07,1,oxide,oxide,9,oxide,global
grain_size,11,5.716356168981219e-06,1,oxide,oxide,9,oxide,global
grain_size,12,1.398837733781502e-05,1,oxide,oxide,9,oxide,global
grain_size,13,1.543495816368523e-07,1,oxide,oxide,9,oxide,global
grain_size,14,2.407988781640283e-06,1,oxide,oxide,9,oxide,global
grain_size,15,1.6879309461798586e-05,1,oxide,oxide,9,oxide,global
grain_size,16,4.435955550141621e-05,1,oxide,oxide,9,oxide,global
grain_size,17,7.714344474319723e-08,1,oxide,oxide,9,oxide,global
grain_size,18,7.566809448246334e-05,1,oxide,oxide,9,oxide,global
grain_size,19,6.883539866110851e-06,1,oxide,oxide,9,oxide,global
grain_size,20,4.432903939281568e-06,1,oxide,oxide,9,oxide,global
grain_size,21,8.7301639519284e-08,1,oxide,oxide,9,oxide,global
grain_size,22,3.033026528178334e-06,1,oxide,oxide,9,oxide,global
grain_size,23,6.790358548001855e-08,1,oxide,oxide,9,oxide,global
grain_size,24,3.6662697961213116e-08,1,oxide,oxide,9,oxide,global
gb_thickness,0,9.182686365847133e-07,1,oxide,oxide,9,oxide,global
gb_thickness,1,1.500918803776082e-09,1,oxide,oxide,9,oxide,global
gb_thickness,2,5.82658049733623e-09,1,oxide,oxide,9,oxide,global
gb_thickness,3,5.727394170722352e-07,1,oxide,oxide,9,oxide,global
gb_thickness,4,7.226435053338888e-08,1,oxide,oxide,9,oxide,global
gb_thickness,5,3.412870232301185e-07,1,oxide,oxide,9,oxide,global
gb_thickness,6,4.776685798501691e-06,1,oxide,oxide,9,oxide,global
gb_thickness,7,6.184446809065136e-07,1,oxide,oxide,9,oxide,global
gb_thickness,8,1.9517422916005557e-07,1,oxide,oxide,9,oxide,global
gb_thickness,9,6.668119076866955e-08,1,oxide,oxide,9,oxide,global
gb_thickness,10,7.405859179520184e-09,1,oxide,oxide,9,oxide,global
gb_thickness,11,2.7089413328066913e-06,1,oxide,oxide,9,oxide,global
gb_thickness,12,2.4604406860993253e-07,1,oxide,oxide,9,oxide,global
gb_thickness,13,3.3488131334633604e-09,1,oxide,oxide,9,oxide,global
gb_thickness,14,7.209265822819962e-08,1,oxide,oxide,9,oxide,global
gb_thickness,15,1.6543924819126373e-06,1,oxide,oxide,9,oxide,global
gb_thickness,16,1.4631972660079073e-06,1,oxide,oxide,9,oxide,global
gb_thickness,17,7.843414177272406e-09,1,oxide,oxide,9,oxide,global
gb_thickness,18,1.4149394612392776e-06,1,oxide,oxide,9,oxide,global
gb_thickness,19,2.844192323059917e-07,1,oxide,oxide,9,oxide,global
gb_thickness,20,2.3156448316996947e-07,1,oxide,oxide,9,oxide,global
gb_thickness,21,1.1997438156078761e-08,1,oxide,oxide,9,oxide,global
gb_thickness,22,6.594934916903468e-08,1,oxide,oxide,9,oxide,global
gb_thickness,23,2.1896128369365036e-09,1,oxide,oxide,9,oxide,global
gb_thickness,24,5.770117037901244e-10,1,oxide,oxide,9,oxide,global
lattice_density,0,0.06763717432715548,1,oxide,oxide,9,oxide,global
lattice_density,1,9.727739964575457e-05,1,oxide,oxide,9,oxide,global
lattice_density,2,0.0001500758954899184,1,oxide,oxide,9,oxide,global
lattice_density,3,0.03758540365219394,1,oxide,oxide,9,oxide,global
lattice_density,4,0.004166945267989463,1,oxide,oxide,9,oxide,global
lattice_density,5,0.015303020021449152,1,oxide,oxide,9,oxide,global
lattice_density,6,0.06986997532144623,1,oxide,oxide,9,oxide,global
lattice_density,7,0.006994443008050559,1,oxide,oxide,9,oxide,global
lattice_density,8,0.0025421860331431073,1,oxide,oxide,9,oxide,global
lattice_density,9,0.004050754410848287,1,oxide,oxide,9,oxide,global
lattice_density,10,0.0003815326355518535,1,oxide,oxide,9,oxide,global
lattice_density,11,0.024588333118510074,1,oxide,oxide,9,oxide,global
lattice_density,12,0.012280874139907088,1,oxide,oxide,9,oxide,global
lattice_density,13,0.00016357782086880791,1,oxide,oxide,9,oxide,global
lattice_density,14,0.003776178080439298,1,oxide,oxide,9,oxide,global
lattice_density,15,0.04448427516568155,1,oxide,oxide,9,oxide,global
lattice_density,16,0.08027906125209375,1,oxide,oxide,9,oxide,global
lattice_density,17,6.337073245293504e-05,1,oxide,oxide,9,oxide,global
lattice_density,18,0.05849079393850503,2,metal,oxide,9,oxide,global
lattice_density,19,0.008437125066998504,1,oxide,oxide,9,oxide,global
lattice_density,20,0.0169892989494367,1,oxide,oxide,9,oxide,global
lattice_density,21,0.00014862649045145715,1,oxide,oxide,9,oxide,global
lattice_density,22,0.006096874937846081,1,oxide,oxide,9,oxide,global
lattice_density,23,0.00014004101028692895,1,oxide,oxide,9,oxide,global
lattice_density,24,4.114500353126424e-05,1,oxide,oxide,9,oxide,global
trap_dislocation_E_b,0,3.857309866213147e-16,1,oxide,oxide,9,oxide,global
trap_dislocation_E_b,1,0.0,1,oxide,oxide,9,oxide,global
trap_dislocation_E_b,2,0.0,1,oxide,oxide,9,oxide,global
trap_dislocation_E_b,3,9.64327466553287e-17,1,oxide,oxide,9,oxide,global
trap_dislocation_E_b,4,9.64327466553287e-17,1,oxide,oxide,9,oxide,global
trap_dislocation_E_b,5,1.9286549331065737e-16,1,oxide,oxide,9,oxide,global
trap_dislocation_E_b,6,4.821637332766433e-16,1,oxide,oxide,9,oxide,global
trap_dislocation_E_b,7,9.64327466553287e-17,1,oxide,oxide,9,oxide,global
trap_dislocation_E_b,8,0.0,1,oxide,oxide,9,oxide,global
trap_dislocation_E_b,9,0.0,1,oxide,oxide,9,oxide,global
trap_dislocation_E_b,10,0.0,1,oxide,oxide,9,oxide,global
trap_dislocation_E_b,11,3.857309866213147e-16,1,oxide,oxide,9,oxide,global
trap_dislocation_E_b,12,5.785964799319719e-16,1,oxide,oxide,9,oxide,global
trap_dislocation_E_b,13,0.0,1,oxide,oxide,9,oxide,global
trap_dislocation_E_b,14,1.9286549331065737e-16,1,oxide,oxide,9,oxide,global
trap_dislocation_E_b,15,3.857309866213147e-16,1,oxide,oxide,9,oxide,global
trap_dislocation_E_b,16,0.0,1,oxide,oxide,9,oxide,global
trap_dislocation_E_b,17,0.0,1,oxide,oxide,9,oxide,global
trap_dislocation_E_b,18,1.7357894397959133e-15,1,oxide,oxide,9,oxide,global
trap_dislocation_E_b,19,1.9286549331065737e-16,1,oxide,oxide,9,oxide,global
trap_dislocation_E_b,20,2.8929823996598605e-16,1,oxide,oxide,9,oxide,global
trap_dislocation_E_b,21,0.0,1,oxide,oxide,9,oxide,global
trap_dislocation_E_b,22,0.0,1,oxide,oxide,9,oxide,global
trap_dislocation_E_b,23,9.64327466553287e-17,1,oxide,oxide,9,oxide,global
trap_dislocation_E_b,24,0.0,1,oxide,oxide,9,oxide,global
trap_dislocation_N_T,0,3.3751461329364917e-15,1,oxide,oxide,9,oxide,global
trap_dislocation_N_T,1,0.0,1,oxide,oxide,9,oxide,global
trap_dislocation_N_T,2,0.0,1,oxide,oxide,9,oxide,global
trap_dislocation_N_T,3,8.678947198979575e-16,1,oxide,oxide,9,oxide,global
trap_dislocation_N_T,4,1.9286549331065737e-16,1,oxide,oxide,9,oxide,global
trap_dislocation_N_T,5,7.71461973242629e-16,1,oxide,oxide,9,oxide,global
trap_dislocation_N_T,6,1.3500584531745999e-15,1,oxide,oxide,9,oxide,global
trap_dislocation_N_T,7,1.9286549331065737e-16,1,oxide,oxide,9,oxide,global
trap_dislocation_N_T,8,9.64327466553287e-17,1,oxide,oxide,9,oxide,global
trap_dislocation_N_T,9,9.64327466553287e-17,1,oxide,oxide,9,oxide,global
trap_dislocation_N_T,10,0.0,1,oxide,oxide,9,oxide,global
trap_dislocation_N_T,11,4.821637332766433e-16,1,oxide,oxide,9,oxide,global
trap_dislocation_N_T,12,6.750292265873004e-16,1,oxide,oxide,9,oxide,global
trap_dislocation_N_T,13,0.0,1,oxide,oxide,9,oxide,global
trap_dislocation_N_T,14,3.857309866213147e-16,1,oxide,oxide,9,oxide,global
trap_dislocation_N_T,15,6.750292265873004e-16,1,oxide,oxide,9,oxide,global
trap_dislocation_N_T,16,3.0858478929705076e-15,1,oxide,oxide,9,oxide,global
trap_dislocation_N_T,17,0.0,1,oxide,oxide,9,oxide,global
trap_dislocation_N_T,18,1.137906410532864e-14,1,oxide,oxide,9,oxide,global
trap_dislocation_N_T,19,3.857309866213147e-16,1,oxide,oxide,9,oxide,global
trap_dislocation_N_T,20,3.857309866213147e-16,1,oxide,oxide,9,oxide,global
trap_dislocation_N_T,21,0.0,1,oxide,oxide,9,oxide,global
trap_dislocation_N_T,22,2.8929823996598605e-16,1,oxide,oxide,9,oxide,global
trap_dislocation_N_T,23,0.0,1,oxide,oxide,9,oxide,global
trap_dislocation_N_T,24,0.0,1,oxide,oxide,9,oxide,global
trap_gb_E_b,0,1.2131239529238658e-13,1,oxide,oxide,9,oxide,global
trap_gb_E_b,1,9.64327466553287e-17,1,oxide,oxide,9,oxide,global
trap_gb_E_b,2,9.64327466553287e-17,1,oxide,oxide,9,oxide,global
trap_gb_E_b,3,4.445549620810426e-14,1,oxide,oxide,9,oxide,global
trap_gb_E_b,4,1.9286549331065737e-16,1,oxide,oxide,9,oxide,global
trap_gb_E_b,5,4.763777684772977e-14,1,oxide,oxide,9,oxide,global
trap_gb_E_b,6,6.219912159268256e-14,1,oxide,oxide,9,oxide,global
trap_gb_E_b,7,3.7608771195578034e-15,1,oxide,oxide,9,oxide,global
trap_gb_E_b,8,3.0858478929705076e-15,1,oxide,oxide,9,oxide,global
trap_gb_E_b,9,6.943157759183612e-15,1,oxide,oxide,9,oxide,global
trap_gb_E_b,10,9.64327466553286e-16,1,oxide,oxide,9,oxide,global
trap_gb_E_b,11,2.5458245117006033e-14,1,oxide,oxide,9,oxide,global
trap_gb_E_b,12,1.1764795091949944e-14,1,oxide,oxide,9,oxide,global
trap_gb_E_b,13,2.8929823996598605e-16,1,oxide,oxide,9,oxide,global
trap_gb_E_b,14,8.678947198979497e-15,1,oxide,oxide,9,oxide,global
trap_gb_E_b,15,7.714619732426228e-15,1,oxide,oxide,9,oxide,global
trap_gb_E_b,16,1.639356693140585e-15,1,oxide,oxide,9,oxide,global
trap_gb_E_b,17,8.678947198979575e-16,1,oxide,oxide,9,oxide,global
trap_gb_E_b,18,4.676023885314372e-13,1,oxide,oxide,9,oxide,global
trap_gb_E_b,19,1.1957660585260595e-14,1,oxide,oxide,9,oxide,global
trap_gb_E_b,20,5.496666559353702e-15,1,oxide,oxide,9,oxide,global
trap_gb_E_b,21,2.8929823996598605e-16,1,oxide,oxide,9,oxide,global
trap_gb_E_b,22,1.1282631358673313e-14,1,oxide,oxide,9,oxide,global
trap_gb_E_b,23,5.785964799319719e-16,1,oxide,oxide,9,oxide,global
trap_gb_E_b,24,9.64327466553287e-17,1,oxide,oxide,9,oxide,global
trap_gb_N_T,0,4.167823310441307e-13,1,oxide,oxide,9,oxide,global
trap_gb_N_T,1,3.857309866213147e-16,1,oxide,oxide,9,oxide,global
trap_gb_N_T,2,1.0607602132086145e-15,1,oxide,oxide,9,oxide,global
trap_gb_N_T,3,1.8061853448539312e-13,1,oxide,oxide,9,oxide,global
trap_gb_N_T,4,1.23433915718819e-14,1,oxide,oxide,9,oxide,global
trap_gb_N_T,5,2.0019438205641626e-13,1,oxide,oxide,9,oxide,global
trap_gb_N_T,6,1.6422496755399374e-13,1,oxide,oxide,9,oxide,global
trap_gb_N_T,7,4.61912856479e-14,1,oxide,oxide,9,oxide,global
trap_gb_N_T,8,7.811052479081555e-15,1,oxide,oxide,9,oxide,global
trap_gb_N_T,9,1.3211286291779833e-14,1,oxide,oxide,9,oxide,global
trap_gb_N_T,10,2.314385919727883e-15,1,oxide,oxide,9,oxide,global
trap_gb_N_T,11,5.082005748735526e-14,1,oxide,oxide,9,oxide,global
trap_gb_N_T,12,1.487957280891467e-13,1,oxide,oxide,9,oxide,global
trap_gb_N_T,13,9.64327466553286e-16,1,oxide,oxide,9,oxide,global
trap_gb_N_T,14,5.284514516711692e-14,1,oxide,oxide,9,oxide,global
trap_gb_N_T,15,1.1031906217368204e-13,1,oxide,oxide,9,oxide,global
trap_gb_N_T,16,5.083934403665954e-13,1,oxide,oxide,9,oxide,global
trap_gb_N_T,17,1.8322221864512418e-15,1,oxide,oxide,9,oxide,global
trap_gb_N_T,18,1.1346276971451154e-12,1,oxide,oxide,9,oxide,global
trap_gb_N_T,19,5.998116841961032e-14,1,oxide,oxide,9,oxide,global
trap_gb_N_T,20,1.0019362377487497e-13,1,oxide,oxide,9,oxide,global
trap_gb_N_T,21,1.92865493310657e-15,1,oxide,oxide,9,oxide,global
trap_gb_N_T,22,2.7290467303457168e-14,1,oxide,oxide,9,oxide,global
trap_gb_N_T,23,1.5429239464852566e-15,1,oxide,oxide,9,oxide,global
trap_gb_N_T,24,1.9286549331065737e-16,1,oxide,oxide,9,oxide,global
trap_vacancy_E_b,0,0.18614872439376637,1,oxide,oxide,9,oxide,global
trap_vacancy_E_b,1,0.00027537908107791003,1,oxide,oxide,9,oxide,global
trap_vacancy_E_b,2,0.000612840809313197,1,oxide,oxide,9,oxide,global
trap_vacancy_E_b,3,0.16516177475425128,1,oxide,oxide,9,oxide,global
trap_vacancy_E_b,4,0.021716083636048964,1,oxide,oxide,9,oxide,global
trap_vacancy_E_b,5,0.07200534624330822,1,oxide,oxide,9,oxide,global
trap_vacancy_E_b,6,0.16144129725928175,1,oxide,oxide,9,oxide,global
trap_vacancy_E_b,7,0.058697698899632625,1,oxide,oxide,9,oxide,global
trap_vacancy_E_b,8,0.009218214261706967,1,oxide,oxide,9,oxide,global
trap_vacancy_E_b,9,0.016507961317548007,1,oxide,oxide,9,oxide,global
trap_vacancy_E_b,10,0.001309767866139471,1,oxide,oxide,9,oxide,global
trap_vacancy_E_b,11,0.04509202207682864,1,oxide,oxide,9,oxide,global
trap_vacancy_E_b,12,0.09455653183594492,1,oxide,oxide,9,oxide,global
trap_vacancy_E_b,13,0.0005392657100072701,1,oxide,oxide,9,oxide,global
trap_vacancy_E_b,14,0.00832444047967668,1,oxide,oxide,9,oxide,global
trap_vacancy_E_b,15,0.07714103198468766,1,oxide,oxide,9,oxide,global
trap_vacancy_E_b,16,0.2227374824658552,2,oxide,metal,9,oxide,global
trap_vacancy_E_b,17,0.00031342324911442626,1,oxide,oxide,9,oxide,global
trap_vacancy_E_b,18,0.2137624945087138,2,oxide,metal,9,oxide,global
trap_vacancy_E_b,19,0.08977082425868123,1,oxide,oxide,9,oxide,global
trap_vacancy_E_b,20,0.09830740517099361,1,oxide,oxide,9,oxide,global
trap_vacancy_E_b,21,0.00039639478102516826,1,oxide,oxide,9,oxide,global
trap_vacancy_E_b,22,0.00904676787471836,1,oxide,oxide,9,oxide,global
trap_vacancy_E_b,23,0.0006251124773106542,1,oxide,oxide,9,oxide,global
trap_vacancy_E_b,24,0.00017689248668899789,1,oxide,oxide,9,oxide,global
trap_vacancy_N_T,0,0.23141782016998294,1,oxide,oxide,9,oxide,global
trap_vacancy_N_T,1,0.0006544272324009785,1,oxide,oxide,9,oxide,global
trap_vacancy_N_T,2,0.0006313651859557219,1,oxide,oxide,9,oxide,global
trap_vacancy_N_T,3,0.06203147004893159,1,oxide,oxide,9,oxide,global
trap_vacancy_N_T,4,0.004609018851554709,1,oxide,oxide,9,oxide,global
trap_vacancy_N_T,5,0.09947803904833592,1,oxide,oxide,9,oxide,global
trap_vacancy_N_T,6,0.2125202588491831,1,oxide,oxide,9,oxide,global
trap_vacancy_N_T,7,0.012472558462722206,1,oxide,oxide,9,oxide,global
trap_vacancy_N_T,8,0.03359320598701399,1,oxide,oxide,9,oxide,global
trap_vacancy_N_T,9,0.007461399913819146,1,oxide,oxide,9,oxide,global
trap_vacancy_N_T,10,0.0037996408854641534,1,oxide,oxide,9,oxide,global
trap_vacancy_N_T,11,0.047141843170778366,1,oxide,oxide,9,oxide,global
trap_vacancy_N_T,12,0.05951428779935323,1,oxide,oxide,9,oxide,global
trap_vacancy_N_T,13,0.0015927408627930404,1,oxide,oxide,9,oxide,global
trap_vacancy_N_T,14,0.062205426789199776,1,oxide,oxide,9,oxide,global
trap_vacancy_N_T,15,0.08702502071588417,1,oxide,oxide,9,oxide,global
trap_vacancy_N_T,16,0.302244704257914,2,oxide,metal,9,oxide,global
trap_vacancy_N_T,17,0.001554253417844551,1,oxide,oxide,9,oxide,global
trap_vacancy_N_T,18,0.5038707478575722,2,oxide,metal,9,oxide,global
trap_vacancy_N_T,19,0.014971024228222145,1,oxide,oxide,9,oxide,global
trap_vacancy_N_T,20,0.025990837585181135,1,oxide,oxide,9,oxide,global
trap_vacancy_N_T,21,0.0012552348350641103,1,oxide,oxide,9,oxide,global
trap_vacancy_N_T,22,0.03651880229566822,1,oxide,oxide,9,oxide,global
trap_vacancy_N_T,23,0.00090926033029622,1,oxide,oxide,9,oxide,global
trap_vacancy_N_T,24,0.0005442184259537541,1,oxide,oxide,9,oxide,global
trap_carbide_E_b,0,0.022335213929479875,1,oxide,oxide,9,oxide,global
trap_carbide_E_b,1,3.0192780760418952e-06,1,oxide,oxide,9,oxide,global
trap_carbide_E_b,2,6.092402377070584e-05,1,oxide,oxide,9,oxide,global
trap_carbide_E_b,3,0.0027041404868917997,1,oxide,oxide,9,oxide,global
trap_carbide_E_b,4,0.001200783386223526,1,oxide,oxide,9,oxide,global
trap_carbide_E_b,5,0.013203015305048487,1,oxide,oxide,9,oxide,global
trap_carbide_E_b,6,0.0031796595154087947,1,oxide,oxide,9,oxide,global
trap_carbide_E_b,7,0.0007815503385661546,1,oxide,oxide,9,oxide,global
trap_carbide_E_b,8,0.0003256983490494533,1,oxide,oxide,9,oxide,global
trap_carbide_E_b,9,0.0012166460791963925,1,oxide,oxide,9,oxide,global
trap_carbide_E_b,10,4.859801696238828e-05,1,oxide,oxide,9,oxide,global
trap_carbide_E_b,11,0.003900508040656105,1,oxide,oxide,9,oxide,global
trap_carbide_E_b,12,0.003736382738129038,1,oxide,oxide,9,oxide,global
trap_carbide_E_b,13,6.188337331336555e-05,1,oxide,oxide,9,oxide,global
trap_carbide_E_b,14,0.0034036955030081564,1,oxide,oxide,9,oxide,global
trap_carbide_E_b,15,0.003322982871141404,1,oxide,oxide,9,oxide,global
trap_carbide_E_b,16,0.0034526774523612634,1,oxide,oxide,9,oxide,global
trap_carbide_E_b,17,0.00016636274706363727,1,oxide,oxide,9,oxide,global
trap_carbide_E_b,18,0.04170899071258827,2,oxide,metal,9,oxide,global
trap_carbide_E_b,19,0.005379879128257436,1,oxide,oxide,9,oxide,global
trap_carbide_E_b,20,0.003327834862744408,1,oxide,oxide,9,oxide,global
trap_carbide_E_b,21,0.00010993167862961113,1,oxide,oxide,9,oxide,global
trap_carbide_E_b,22,0.002187901262555082,1,oxide,oxide,9,oxide,global
trap_carbide_E_b,23,2.455315040817765e-05,1,oxide,oxide,9,oxide,global
trap_carbide_E_b,24,2.9340009284513535e-06,1,oxide,oxide,9,oxide,global
trap_carbide_N_T,0,0.02524416757190097,1,oxide,oxide,9,oxide,global
trap_carbide_N_T,1,1.8143790434385485e-05,1,oxide,oxide,9,oxide,global
trap_carbide_N_T,2,3.702041457897025e-05,1,oxide,oxide,9,oxide,global
trap_carbide_N_T,3,0.008298472115209345,1,oxide,oxide,9,oxide,global
trap_carbide_N_T,4,0.0012203609239187995,1,oxide,oxide,9,oxide,global
trap_carbide_N_T,5,0.0036062971302027384,1,oxide,oxide,9,oxide,global
trap_carbide_N_T,6,0.003722997528960996,1,oxide,oxide,9,oxide,global
trap_carbide_N_T,7,0.0018714772550052106,1,oxide,oxide,9,oxide,global
trap_carbide_N_T,8,0.00038639546544328124,1,oxide,oxide,9,oxide,global
trap_carbide_N_T,9,0.0006053006101386326,1,oxide,oxide,9,oxide,global
trap_carbide_N_T,10,7.907247409733588e-05,1,oxide,oxide,9,oxide,global
trap_carbide_N_T,11,0.0018856226160209018,1,oxide,oxide,9,oxide,global
trap_carbide_N_T,12,0.007108710967434655,1,oxide,oxide,9,oxide,global
trap_carbide_N_T,13,3.528563157544209e-05,1,oxide,oxide,9,oxide,global
trap_carbide_N_T,14,0.0017775772215762446,1,oxide,oxide,9,oxide,global
trap_carbide_N_T,15,0.007624837919404338,1,oxide,oxide,9,oxide,global
trap_carbide_N_T,16,0.00885219518346935,1,oxide,oxide,9,oxide,global
trap_carbide_N_T,17,7.635540475206158e-05,1,oxide,oxide,9,oxide,global
trap_carbide_N_T,18,0.039635053361803,2,oxide,metal,9,oxide,global
trap_carbide_N_T,19,0.002904652183214876,1,oxide,oxide,9,oxide,global
trap_carbide_N_T,20,0.0022752039508593404,1,oxide,oxide,9,oxide,global
trap_carbide_N_T,21,8.775986247511182e-05,1,oxide,oxide,9,oxide,global
trap_carbide_N_T,22,0.0017788562964070193,1,oxide,oxide,9,oxide,global
trap_carbide_N_T,23,7.39534940315734e-05,1,oxide,oxide,9,oxide,global
trap_carbide_N_T,24,3.720484117264692e-06,1,oxide,oxide,9,oxide,global
D_ref,0,0.6169968802590176,2,metal,oxide,9,oxide,preset
D_ref,1,0.004234130817604012,1,oxide,oxide,9,oxide,preset
D_ref,2,0.0011616414654227877,1,oxide,oxide,9,oxide,preset
D_ref,3,0.5547109444563814,2,metal,oxide,9,oxide,preset
D_ref,4,0.040243207318684776,1,oxide,oxide,9,oxide,preset
D_ref,5,0.36332669208777457,2,metal,oxide,9,oxide,preset
D_ref,6,0.756688990291206,2,metal,oxide,9,oxide,preset
D_ref,7,0.14246585315641372,1,oxide,oxide,9,oxide,preset
D_ref,8,0.006076355588943649,1,oxide,oxide,9,oxide,preset
D_ref,9,0.07676728702835739,1,oxide,oxide,9,oxide,preset
D_ref,10,0.006485516671468895,1,oxide,oxide,9,oxide,preset
D_ref,11,0.33485884065692484,2,metal,oxide,9,oxide,preset
D_ref,12,0.23492595786479195,1,oxide,oxide,9,oxide,preset
D_ref,13,0.0017577404725305065,1,oxide,oxide,9,oxide,preset
D_ref,14,0.11674125170307992,1,oxide,oxide,9,oxide,preset
D_ref,15,0.5824676982386378,2,metal,oxide,9,oxide,preset
D_ref,16,0.7816430042386623,2,metal,oxide,9,oxide,preset
D_ref,17,0.0010824493326125914,1,oxide,oxide,9,oxide,preset
D_ref,18,0.787714806158663,2,metal,oxide,9,oxide,preset
D_ref,19,0.24027728911840174,1,oxide,oxide,9,oxide,preset
D_ref,20,0.06366108650426734,1,oxide,oxide,9,oxide,preset
D_ref,21,0.0014443266305860499,1,oxide,oxide,9,oxide,preset
D_ref,22,0.015735621211973548,1,oxide,oxide,9,oxide,preset
D_ref,23,0.0058397082804074706,1,oxide,oxide,9,oxide,preset
D_ref,24,0.0003466600310355442,1,oxide,oxide,9,oxide,preset
E_D,0,0.014632328328767565,1,oxide,oxide,9,oxide,preset
E_D,1,1.978816414411361e-05,1,oxide,oxide,9,oxide,preset
E_D,2,3.6344864322072386e-05,1,oxide,oxide,9,oxide,preset
E_D,3,0.007712482445516346,1,oxide,oxide,9,oxide,preset
E_D,4,0.0008165923429574743,1,oxide,oxide,9,oxide,preset
E_D,5,0.004580480612718619,1,oxide,oxide,9,oxide,preset
E_D,6,0.016805239229988767,1,oxide,oxide,9,oxide,preset
E_D,7,0.0017900850633018686,1,oxide,oxide,9,oxide,preset
E_D,8,0.0005085599988966474,1,oxide,oxide,9,oxide,preset
E_D,9,0.0010778284099622608,1,oxide,oxide,9,oxide,preset
E_D,10,0.00010970805554165073,1,oxide,oxide,9,oxide,preset
E_D,11,0.004985852775779963,1,oxide,oxide,9,oxide,preset
E_D,12,0.0039866366246932875,1,oxide,oxide,9,oxide,preset
E_D,13,4.0223229255893286e-05,1,oxide,oxide,9,oxide,preset
E_D,14,0.0011719403928060993,1,oxide,oxide,9,oxide,preset
E_D,15,0.008365332415388824,1,oxide,oxide,9,oxide,preset
E_D,16,0.017527876370927013,1,oxide,oxide,9,oxide,preset
E_D,17,3.286284517041187e-05,1,oxide,oxide,9,oxide,preset
E_D,18,0.022439523104283772,2,metal,oxide,9,oxide,preset
E_D,19,0.002449502722692653,1,oxide,oxide,9,oxide,preset
E_D,20,0.003435980388866394,1,oxide,oxide,9,oxide,preset
E_D,21,4.044637012083981e-05,1,oxide,oxide,9,oxide,preset
E_D,22,0.001175262113191282,1,oxide,oxide,9,oxide,preset
E_D,23,3.842898976667107e-05,1,oxide,oxide,9,oxide,preset
E_D,24,9.819736627291698e-06,1,oxide,oxide,9,oxide,preset
K_s_ref,0,2.6137324718430768,2,metal,oxide,9,oxide,preset
K_s_ref,1,0.6846169119978682,2,metal,oxide,9,oxide,preset
K_s_ref,2,0.07741590121726949,1,oxide,oxide,9,oxide,preset
K_s_ref,3,2.3904576339058403,2,metal,oxide,9,oxide,preset
K_s_ref,4,1.7794270920249597,2,metal,oxide,9,oxide,preset
K_s_ref,5,2.245463660967185,2,metal,oxide,9,oxide,preset
K_s_ref,6,1.3827077688138654,2,metal,oxide,9,oxide,preset
K_s_ref,7,2.1405738176337277,2,metal,oxide,9,oxide,preset
K_s_ref,8,0.0362136438819304,1,oxide,oxide,9,oxide,preset
K_s_ref,9,1.6884884258586723,2,metal,oxide,9,oxide,preset
K_s_ref,10,0.3616564112080091,2,metal,oxide,9,oxide,preset
K_s_ref,11,2.2723608037222522,2,metal,oxide,9,oxide,preset
K_s_ref,12,2.3754162421171654,2,metal,oxide,9,oxide,preset
K_s_ref,13,0.24981625736582205,1,oxide,oxide,9,oxide,preset
K_s_ref,14,2.098770006436223,2,metal,oxide,9,oxide,preset
K_s_ref,15,2.4586925535834636,2,metal,oxide,9,oxide,preset
K_s_ref,16,2.7579189592719455,2,metal,oxide,9,oxide,preset
K_s_ref,17,0.4570286712297861,2,metal,oxide,9,oxide,preset
K_s_ref,18,2.820089029779387,2,metal,oxide,9,oxide,preset
K_s_ref,19,1.9828342695447247,2,metal,oxide,9,oxide,preset
K_s_ref,20,1.7876065063434943,2,metal,oxide,9,oxide,preset
K_s_ref,21,0.6882370395784093,2,metal,oxide,9,oxide,preset
K_s_ref,22,2.1197412579309325,2,metal,oxide,9,oxide,preset
K_s_ref,23,0.6853263412772205,2,metal,oxide,9,oxide,preset
K_s_ref,24,0.4656381316392446,2,metal,oxide,9,oxide,preset
H_s,0,0.0389330710878209,1,oxide,oxide,9,oxide,preset
H_s,1,5.141316014277842e-05,1,oxide,oxide,9,oxide,preset
H_s,2,8.73086419636089e-05,1,oxide,oxide,9,oxide,preset
H_s,3,0.01644485010032852,1,oxide,oxide,9,oxide,preset
H_s,4,0.002207618578307454,1,oxide,oxide,9,oxide,preset
H_s,5,0.011301721859576355,1,oxide,oxide,9,oxide,preset
H_s,6,0.03890948236745087,1,oxide,oxide,9,oxide,preset
H_s,7,0.004517824825420592,1,oxide,oxide,9,oxide,preset
H_s,8,0.0012499639255471376,1,oxide,oxide,9,oxide,preset
H_s,9,0.0028228053259698746,1,oxide,oxide,9,oxide,preset
H_s,10,0.0002893228232041759,1,oxide,oxide,9,oxide,preset
H_s,11,0.0126733975129158,1,oxide,oxide,9,oxide,preset
H_s,12,0.008692079419628454,1,oxide,oxide,9,oxide,preset
H_s,13,0.0001061445566662497,1,oxide,oxide,9,oxide,preset
H_s,14,0.0028528576303174687,1,oxide,oxide,9,oxide,preset
H_s,15,0.0214247863984126,1,oxide,oxide,9,oxide,preset
H_s,16,0.04146101164427817,1,oxide,oxide,9,oxide,preset
H_s,17,8.479527464026304e-05,1,oxide,oxide,9,oxide,preset
H_s,18,0.05236005119116477,1,oxide,oxide,9,oxide,preset
H_s,19,0.005552904448487926,1,oxide,oxide,9,oxide,preset
H_s,20,0.008645846119141298,1,oxide,oxide,9,oxide,preset
H_s,21,0.00010150046824883363,1,oxide,oxide,9,oxide,preset
H_s,22,0.0031446482619764352,1,oxide,oxide,9,oxide,preset
H_s,23,9.686597613789648e-05,1,oxide,oxide,9,oxide,preset
H_s,24,2.343725712561218e-05,1,oxide,oxide,9,oxide,preset
D_ox_ref,0,0.6504542498965514,2,oxide,metal,9,oxide,preset
D_ox_ref,1,0.9985954674944214,1,oxide,oxide,9,oxide,preset
D_ox_ref,2,0.9993009972049337,1,oxide,oxide,9,oxide,preset
D_ox_ref,3,0.9209713533563039,1,oxide,oxide,9,oxide,preset
D_ox_ref,4,0.9917707622945098,1,oxide,oxide,9,oxide,preset
D_ox_ref,5,0.9576160740754198,1,oxide,oxide,9,oxide,preset
D_ox_ref,6,0.7509893232879596,1,oxide,oxide,9,oxide,preset
D_ox_ref,7,0.9879303798496186,1,oxide,oxide,9,oxide,preset
D_ox_ref,8,0.9714948186669153,1,oxide,oxide,9,oxide,preset
D_ox_ref,9,0.9924726002266168,1,oxide,oxide,9,oxide,preset
D_ox_ref,10,0.9897533708940491,1,oxide,oxide,9,oxide,preset
D_ox_ref,11,0.8343942730401519,1,oxide,oxide,9,oxide,preset
D_ox_ref,12,0.9699990934447215,1,oxide,oxide,9,oxide,preset
D_ox_ref,13,0.9977010220183082,1,oxide,oxide,9,oxide,preset
D_ox_ref,14,0.989466488984743,1,oxide,oxide,9,oxide,preset
D_ox_ref,15,0.9340330442504934,1,oxide,oxide,9,oxide,preset
D_ox_ref,16,0.36051888709656893,2,oxide,metal,9,oxide,preset
D_ox_ref,17,0.9955411895349046,1,oxide,oxide,9,oxide,preset
D_ox_ref,18,0.6666868410364188,2,oxide,metal,9,oxide,preset
D_ox_ref,19,0.9671465436946831,1,oxide,oxide,9,oxide,preset
D_ox_ref,20,0.9427078689772457,1,oxide,oxide,9,oxide,preset
D_ox_ref,21,0.9977158222241858,1,oxide,oxide,9,oxide,preset
D_ox_ref,22,0.9853854145937422,1,oxide,oxide,9,oxide,preset
D_ox_ref,23,0.998217058348337,1,oxide,oxide,9,oxide,preset
D_ox_ref,24,0.9995833187123858,1,oxide,oxide,9,oxide,preset
E_D_ox,0,0.038517255043453394,1,oxide,oxide,9,oxide,preset
E_D_ox,1,0.07312208936281069,1,oxide,oxide,9,oxide,preset
E_D_ox,2,0.07308189896169781,1,oxide,oxide,9,oxide,preset
E_D_ox,3,0.05581874180702507,1,oxide,oxide,9,oxide,preset
E_D_ox,4,0.07147930034276069,1,oxide,oxide,9,oxide,preset
E_D_ox,5,0.06464878152478933,1,oxide,oxide,9,oxide,preset
E_D_ox,6,0.03890543321731797,1,oxide,oxide,9,oxide,preset
E_D_ox,7,0.06898512292290983,1,oxide,oxide,9,oxide,preset
E_D_ox,8,0.07201666017828995,1,oxide,oxide,9,oxide,preset
E_D_ox,9,0.07103597005845343,1,oxide,oxide,9,oxide,preset
E_D_ox,10,0.07291141220224806,1,oxide,oxide,9,oxide,preset
E_D_ox,11,0.06408570991054548,1,oxide,oxide,9,oxide,preset
E_D_ox,12,0.06449614448621867,1,oxide,oxide,9,oxide,preset
E_D_ox,13,0.0730841058062895,1,oxide,oxide,9,oxide,preset
E_D_ox,14,0.07096280016083163,1,oxide,oxide,9,oxide,preset
E_D_ox,15,0.05583147440895923,1,oxide,oxide,9,oxide,preset
E_D_ox,16,0.032263887855635685,1,oxide,oxide,9,oxide,preset
E_D_ox,17,0.0730866886931308,1,oxide,oxide,9,oxide,preset
E_D_ox,18,0.023935807798156194,2,oxide,metal,9,oxide,preset
E_D_ox,19,0.06738801067079095,1,oxide,oxide,9,oxide,preset
E_D_ox,20,0.06525001337597387,1,oxide,oxide,9,oxide,preset
E_D_ox,21,0.0730803120058708,1,oxide,oxide,9,oxide,preset
E_D_ox,22,0.07045232253478217,1,oxide,oxide,9,oxide,preset
E_D_ox,23,0.07308375663273335,1,oxide,oxide,9,oxide,preset
E_D_ox,24,0.07314503389140237,1,oxide,oxide,9,oxide,preset
K_ox_ref,0,0.5241804896341589,1,oxide,oxide,9,oxide,preset
K_ox_ref,1,0.6984782114726813,1,oxide,oxide,9,oxide,preset
K_ox_ref,2,0.6982512390955316,1,oxide,oxide,9,oxide,preset
K_ox_ref,3,0.4094508085142767,2,oxide,metal,9,oxide,preset
K_ox_ref,4,0.6929456006111658,1,oxide,oxide,9,oxide,preset
K_ox_ref,5,0.6147212308907516,1,oxide,oxide,9,oxide,preset
K_ox_ref,6,0.3561012476111459,2,oxide,metal,9,oxide,preset
K_ox_ref,7,0.6758189111308026,1,oxide,oxide,9,oxide,preset
K_ox_ref,8,0.6850802861525378,1,oxide,oxide,9,oxide,preset
K_ox_ref,9,0.6908666071589518,1,oxide,oxide,9,oxide,preset
K_ox_ref,10,0.6948173386927444,1,oxide,oxide,9,oxide,preset
K_ox_ref,11,0.6154499586465699,1,oxide,oxide,9,oxide,preset
K_ox_ref,12,0.6634135341047116,1,oxide,oxide,9,oxide,preset
K_ox_ref,13,0.698352410132245,1,oxide,oxide,9,oxide,preset
K_ox_ref,14,0.6917105792883336,1,oxide,oxide,9,oxide,preset
K_ox_ref,15,0.5642872254463277,1,oxide,oxide,9,oxide,preset
K_ox_ref,16,0.42083469234609844,2,oxide,metal,9,oxide,preset
K_ox_ref,17,0.6983507163013567,1,oxide,oxide,9,oxide,preset
K_ox_ref,18,0.43132908254230284,1,oxide,oxide,9,oxide,preset
K_ox_ref,19,0.664438999804193,1,oxide,oxide,9,oxide,preset
K_ox_ref,20,0.5294894777068976,1,oxide,oxide,9,oxide,preset
K_ox_ref,21,0.6978267280634348,1,oxide,oxide,9,oxide,preset
K_ox_ref,22,0.6793662899021827,1,oxide,oxide,9,oxide,preset
K_ox_ref,23,0.6972599146545116,1,oxide,oxide,9,oxide,preset
K_ox_ref,24,0.6987500136286212,1,oxide,oxide,9,oxide,preset
H_sol_ox,0,3.188002966781388,2,oxide,metal,9,oxide,preset
H_sol_ox,1,3.0957876515198044,2,oxide,metal,9,oxide,preset
H_sol_ox,2,2.3956057718326087,2,oxide,metal,9,oxide,preset
H_sol_ox,3,4.092963073395983,2,oxide,metal,9,oxide,preset
H_sol_ox,4,3.2496881386382435,2,oxide,metal,9,oxide,preset
H_sol_ox,5,3.295670828006081,2,oxide,metal,9,oxide,preset
H_sol_ox,6,1.0876094275861543,2,oxide,metal,9,oxide,preset
H_sol_ox,7,3.7586761249272898,2,oxide,metal,9,oxide,preset
H_sol_ox,8,3.351759947108653,2,oxide,metal,9,oxide,preset
H_sol_ox,9,2.1111390480533325,2,oxide,metal,9,oxide,preset
H_sol_ox,10,3.0087126752971516,2,oxide,metal,9,oxide,preset
H_sol_ox,11,3.2409780521339493,2,oxide,metal,9,oxide,preset
H_sol_ox,12,3.007643566644604,2,oxide,metal,9,oxide,preset
H_sol_ox,13,3.1104588114018354,2,oxide,metal,9,oxide,preset
H_sol_ox,14,3.079548860999328,2,oxide,metal,9,oxide,preset
H_sol_ox,15,2.2455573596002814,2,oxide,metal,9,oxide,preset
H_sol_ox,16,3.8448890645755456,2,oxide,metal,9,oxide,preset
H_sol_ox,17,3.454533861013669,2,oxide,metal,9,oxide,preset
H_sol_ox,18,2.9706881423127878,2,oxide,metal,9,oxide,preset
H_sol_ox,19,2.711591778682174,2,oxide,metal,9,oxide,preset
H_sol_ox,20,3.016293549206684,2,oxide,metal,9,oxide,preset
H_sol_ox,21,3.3758106899071962,2,oxide,metal,9,oxide,preset
H_sol_ox,22,2.7377048767332566,2,oxide,metal,9,oxide,preset
H_sol_ox,23,3.463955704194972,2,oxide,metal,9,oxide,preset
H_sol_ox,24,3.446109386346011,2,oxide,metal,9,oxide,preset
metal_thickness,0,0.6940774566370629,2,oxide,metal,9,oxide,preset
metal_thickness,1,0.0008261108815984736,1,oxide,oxide,9,oxide,preset
metal_thickness,2,0.006148296941929904,1,oxide,oxide,9,oxide,preset
metal_thickness,3,0.294590531680554,2,oxide,metal,9,oxide,preset
metal_thickness,4,0.1631658065453467,1,oxide,oxide,9,oxide,preset
metal_thickness,5,0.051654650299057255,1,oxide,oxide,9,oxide,preset
metal_thickness,6,0.18714428970144714,1,oxide,oxide,9,oxide,preset
metal_thickness,7,0.1280810981326698,1,oxide,oxide,9,oxide,preset
metal_thickness,8,0.01708906408437843,1,oxide,oxide,9,oxide,preset
metal_thickness,9,0.009280526122867228,1,oxide,oxide,9,oxide,preset
metal_thickness,10,0.005074237153972772,1,oxide,oxide,9,oxide,preset
metal_thickness,11,0.1097812369174961,1,oxide,oxide,9,oxide,preset
metal_thickness,12,0.029798799968598196,1,oxide,oxide,9,oxide,preset
metal_thickness,13,0.0045426724867597195,1,oxide,oxide,9,oxide,preset
metal_thickness,14,0.060855225811875184,1,oxide,oxide,9,oxide,preset
metal_thickness,15,0.2058203822225423,1,oxide,oxide,9,oxide,preset
metal_thickness,16,0.43024414057356775,2,oxide,metal,9,oxide,preset
metal_thickness,17,0.001283059874116255,1,oxide,oxide,9,oxide,preset
metal_thickness,18,0.3692402187271947,2,oxide,metal,9,oxide,preset
metal_thickness,19,0.017660307198182408,1,oxide,oxide,9,oxide,preset
metal_thickness,20,0.13273668334707578,1,oxide,oxide,9,oxide,preset
metal_thickness,21,0.0040686938871136525,1,oxide,oxide,9,oxide,preset
metal_thickness,22,0.00935739939052109,1,oxide,oxide,9,oxide,preset
metal_thickness,23,0.0021243947279218777,1,oxide,oxide,9,oxide,preset
metal_thickness,24,0.00040089549997650385,1,oxide,oxide,9,oxide,preset
oxide_thickness,0,1.0876664728459864,2,metal,oxide,9,oxide,preset
oxide_thickness,1,1.988389568875938,1,oxide,oxide,9,oxide,preset
oxide_thickness,2,1.6916266839744831,2,metal,oxide,9,oxide,preset
oxide_thickness,3,0.5809190527610308,2,metal,oxide,9,oxide,preset
oxide_thickness,4,1.3203171024121974,2,metal,oxide,9,oxide,preset
oxide_thickness,5,0.6514492431561995,2,metal,oxide,9,oxide,preset
oxide_thickness,6,0.8267621663221025,2,metal,oxide,9,oxide,preset
oxide_thickness,7,0.7934941702581985,2,metal,oxide,9,oxide,preset
oxide_thickness,8,1.9857094001791016,1,oxide,oxide,9,oxide,preset
oxide_thickness,9,0.931436106021409,2,metal,oxide,9,oxide,preset
oxide_thickness,10,1.9892883326565618,1,oxide,oxide,9,oxide,preset
oxide_thickness,11,1.0800694249181044,2,metal,oxide,9,oxide,preset
oxide_thickness,12,0.5931221619983625,2,metal,oxide,9,oxide,preset
oxide_thickness,13,1.9915376358029897,1,oxide,oxide,9,oxide,preset
oxide_thickness,14,1.4980835646949375,2,metal,oxide,9,oxide,preset
oxide_thickness,15,1.5382185817953384,2,metal,oxide,9,oxide,preset
oxide_thickness,16,0.5744958381832982,2,metal,oxide,9,oxide,preset
oxide_thickness,17,1.6888853773685708,2,metal,oxide,9,oxide,preset
oxide_thickness,18,0.5867561176319237,2,metal,oxide,9,oxide,preset
oxide_thickness,19,1.1668101438918705,2,metal,oxide,9,oxide,preset
oxide_thickness,20,0.9683491099290864,2,metal,oxide,9,oxide,preset
oxide_thickness,21,1.9359203710085855,1,oxide,oxide,9,oxide,preset
oxide_thickness,22,0.9876160474583393,2,metal,oxide,9,oxide,preset
oxide_thickness,23,1.9064183087305542,1,oxide,oxide,9,oxide,preset
oxide_thickness,24,1.9954690394567158,1,oxide,oxide,9,oxide,preset
P_upstream,0,12.186304785021731,2,defect,oxide,9,oxide,preset
P_upstream,1,10.658666570660623,2,defect,oxide,9,oxide,preset
P_upstream,2,11.70294771723041,2,defect,oxide,9,oxide,preset
P_upstream,3,11.935798583516359,2,defect,oxide,9,oxide,preset
P_upstream,4,12.018171303361413,2,defect,oxide,9,oxide,preset
P_upstream,5,11.511285764778203,2,defect,oxide,9,oxide,preset
P_upstream,6,11.852075144782408,2,defect,oxide,9,oxide,preset
P_upstream,7,12.004801972878768,2,defect,oxide,9,oxide,preset
P_upstream,8,9.004903098092397,2,defect,oxide,9,oxide,preset
P_upstream,9,12.135379393537887,2,defect,oxide,9,oxide,preset
P_upstream,10,9.516230176458558,2,defect,oxide,9,oxide,preset
P_upstream,11,11.738078458256131,2,defect,oxide,9,oxide,preset
P_upstream,12,12.632189553760911,2,defect,oxide,9,oxide,preset
P_upstream,13,10.02287956898536,2,defect,oxide,9,oxide,preset
P_upstream,14,11.574507430424253,2,defect,oxide,9,oxide,preset
P_upstream,15,11.831360759731977,2,defect,oxide,9,oxide,preset
P_upstream,16,12.289057798338698,2,defect,oxide,9,oxide,preset
P_upstream,17,11.26304494200185,2,defect,oxide,9,oxide,preset
P_upstream,18,12.055722221474367,3,defect,metal,9,oxide,preset
P_upstream,19,11.75180043038312,2,defect,oxide,9,oxide,preset
P_upstream,20,11.855368366856158,2,defect,oxide,9,oxide,preset
P_upstream,21,10.170966147783924,2,defect,oxide,9,oxide,preset
P_upstream,22,11.379040048943178,2,defect,oxide,9,oxide,preset
P_upstream,23,10.498136674280746,2,defect,oxide,9,oxide,preset
P_upstream,24,10.738906845732824,2,defect,oxide,9,oxide,preset
f_pinhole,0,3.674637571912818e-06,1,oxide,oxide,9,oxide,preset
f_pinhole,1,0.00034789400731864934,1,oxide,oxide,9,oxide,preset
f_pinhole,2,0.0002036541190142577,1,oxide,oxide,9,oxide,preset
f_pinhole,3,7.835584318780656e-06,1,oxide,oxide,9,oxide,preset
f_pinhole,4,3.576729628006259e-05,1,oxide,oxide,9,oxide,preset
f_pinhole,5,1.1797358557652706e-05,1,oxide,oxide,9,oxide,preset
f_pinhole,6,3.205275330945585e-06,1,oxide,oxide,9,oxide,preset
f_pinhole,7,2.245008286115094e-05,1,oxide,oxide,9,oxide,preset
f_pinhole,8,0.007570084749515902,1,oxide,oxide,9,oxide,preset
f_pinhole,9,2.912574745677638e-05,1,oxide,oxide,9,oxide,preset
f_pinhole,10,0.002424255054941491,1,oxide,oxide,9,oxide,preset
f_pinhole,11,1.1386126536262441e-05,1,oxide,oxide,9,oxide,preset
f_pinhole,12,1.2778736760664821e-05,1,oxide,oxide,9,oxide,preset
f_pinhole,13,0.0020426428702483043,1,oxide,oxide,9,oxide,preset
f_pinhole,14,2.8936248007385318e-05,1,oxide,oxide,9,oxide,preset
f_pinhole,15,7.1085742107640045e-06,1,oxide,oxide,9,oxide,preset
f_pinhole,16,2.8296645189281444e-06,1,oxide,oxide,9,oxide,preset
f_pinhole,17,0.00020329668568677589,1,oxide,oxide,9,oxide,preset
f_pinhole,18,1.8383018641305704e-06,1,oxide,oxide,9,oxide,preset
f_pinhole,19,1.8084947263877325e-05,1,oxide,oxide,9,oxide,preset
f_pinhole,20,1.4304131476668656e-05,1,oxide,oxide,9,oxide,preset
f_pinhole,21,0.0005902558841478307,1,oxide,oxide,9,oxide,preset
f_pinhole,22,2.785553196821998e-05,1,oxide,oxide,9,oxide,preset
f_pinhole,23,0.0002765715498588982,1,oxide,oxide,9,oxide,preset
f_pinhole,24,0.0013272208769510878,1,oxide,oxide,9,oxide,preset
f_crack,0,2.478905208433572e-06,1,oxide,oxide,9,oxide,preset
f_crack,1,5.63691828759192e-06,1,oxide,oxide,9,oxide,preset
f_crack,2,4.042401486857903e-05,1,oxide,oxide,9,oxide,preset
f_crack,3,7.301589976886498e-06,1,oxide,oxide,9,oxide,preset
f_crack,4,1.8109029981816162e-05,1,oxide,oxide,9,oxide,preset
f_crack,5,8.095554633320614e-06,1,oxide,oxide,9,oxide,preset
f_crack,6,2.425026168201176e-06,1,oxide,oxide,9,oxide,preset
f_crack,7,9.40476228112487e-06,1,oxide,oxide,9,oxide,preset
f_crack,8,4.991788785669146e-06,1,oxide,oxide,9,oxide,preset
f_crack,9,4.302835848709396e-06,1,oxide,oxide,9,oxide,preset
f_crack,10,7.414857728925304e-06,1,oxide,oxide,9,oxide,preset
f_crack,11,3.6491503070528993e-06,1,oxide,oxide,9,oxide,preset
f_crack,12,4.185729193412605e-06,1,oxide,oxide,9,oxide,preset
f_crack,13,4.539026853211589e-06,1,oxide,oxide,9,oxide,preset
f_crack,14,4.496580671167448e-06,1,oxide,oxide,9,oxide,preset
f_crack,15,2.4159857031696304e-06,1,oxide,oxide,9,oxide,preset
f_crack,16,2.5794432552079438e-06,1,oxide,oxide,9,oxide,preset
f_crack,17,2.1119754361749003e-05,1,oxide,oxide,9,oxide,preset
f_crack,18,1.008196252783906e-06,1,oxide,oxide,9,oxide,preset
f_crack,19,4.269284961190867e-06,1,oxide,oxide,9,oxide,preset
f_crack,20,1.3342855374581967e-05,1,oxide,oxide,9,oxide,preset
f_crack,21,7.436916671760817e-06,1,oxide,oxide,9,oxide,preset
f_crack,22,4.545691965284126e-06,1,oxide,oxide,9,oxide,preset
f_crack,23,1.9875225870471437e-05,1,oxide,oxide,9,oxide,preset
f_crack,24,6.924482604966898e-06,1,oxide,oxide,9,oxide,preset
f_gb_defect,0,3.5292425698865468e-06,1,oxide,oxide,9,oxide,preset
f_gb_defect,1,6.252538926261308e-05,1,oxide,oxide,9,oxide,preset
f_gb_defect,2,0.00014852998286017758,1,oxide,oxide,9,oxide,preset
f_gb_defect,3,6.10025645911591e-06,1,oxide,oxide,9,oxide,preset
f_gb_defect,4,1.513105086427123e-05,1,oxide,oxide,9,oxide,preset
f_gb_defect,5,9.964125696557817e-06,1,oxide,oxide,9,oxide,preset
f_gb_defect,6,2.5635525764399322e-06,1,oxide,oxide,9,oxide,preset
f_gb_defect,7,2.0676177701525878e-05,1,oxide,oxide,9,oxide,preset
f_gb_defect,8,0.0003202381204721788,1,oxide,oxide,9,oxide,preset
f_gb_defect,9,2.6935268214255685e-05,1,oxide,oxide,9,oxide,preset
f_gb_defect,10,0.0002247457833692092,1,oxide,oxide,9,oxide,preset
f_gb_defect,11,1.0342795545065791e-05,1,oxide,oxide,9,oxide,preset
f_gb_defect,12,1.189526781944125e-05,1,oxide,oxide,9,oxide,preset
f_gb_defect,13,3.9416298525279105e-05,1,oxide,oxide,9,oxide,preset
f_gb_defect,14,2.3225624718874076e-05,1,oxide,oxide,9,oxide,preset
f_gb_defect,15,6.410726690470584e-06,1,oxide,oxide,9,oxide,preset
f_gb_defect,16,2.784218919640006e-06,1,oxide,oxide,9,oxide,preset
f_gb_defect,17,3.662119415812761e-05,1,oxide,oxide,9,oxide,preset
f_gb_defect,18,1.7992837663852717e-06,1,oxide,oxide,9,oxide,preset
f_gb_defect,19,1.727865634047163e-05,1,oxide,oxide,9,oxide,preset
f_gb_defect,20,1.3681668350221284e-05,1,oxide,oxide,9,oxide,preset
f_gb_defect,21,0.00020067128590231208,1,oxide,oxide,9,oxide,preset
f_gb_defect,22,2.6204048768602975e-05,1,oxide,oxide,9,oxide,preset
f_gb_defect,23,0.00016151408910072062,1,oxide,oxide,9,oxide,preset
f_gb_defect,24,0.0003795269310477383,1,oxide,oxide,9,oxide,preset
crack_thickness_factor,0,2.1054762443718595e-06,1,oxide,oxide,9,oxide,preset
crack_thickness_factor,1,0.00015501932683518343,1,oxide,oxide,9,oxide,preset
crack_thickness_factor,2,0.00013008636562521388,1,oxide,oxide,9,oxide,preset
crack_thickness_factor,3,2.5899181026720505e-06,1,oxide,oxide,9,oxide,preset
crack_thickness_factor,4,7.923908788488243e-06,1,oxide,oxide,9,oxide,preset
crack_thickness_factor,5,7.75179893708881e-06,1,oxide,oxide,9,oxide,preset
crack_thickness_factor,6,4.143924293015882e-07,1,oxide,oxide,9,oxide,preset
crack_thickness_factor,7,2.716349604232873e-06,1,oxide,oxide,9,oxide,preset
crack_thickness_factor,8,0.00016116304264434357,1,oxide,oxide,9,oxide,preset
crack_thickness_factor,9,1.0665799517654642e-05,1,oxide,oxide,9,oxide,preset
crack_thickness_factor,10,0.0002857380178841062,1,oxide,oxide,9,oxide,preset
crack_thickness_factor,11,6.445670285570917e-06,1,oxide,oxide,9,oxide,preset
crack_thickness_factor,12,8.001868878669824e-06,1,oxide,oxide,9,oxide,preset
crack_thickness_factor,13,9.260728635155164e-05,1,oxide,oxide,9,oxide,preset
crack_thickness_factor,14,4.058100985467634e-06,1,oxide,oxide,9,oxide,preset
crack_thickness_factor,15,3.1249874737181763e-06,1,oxide,oxide,9,oxide,preset
crack_thickness_factor,16,1.5503581505629523e-06,1,oxide,oxide,9,oxide,preset
crack_thickness_factor,17,1.5461149031223444e-05,1,oxide,oxide,9,oxide,preset
crack_thickness_factor,18,1.984085190467412e-07,1,oxide,oxide,9,oxide,preset
crack_thickness_factor,19,3.382354498471298e-06,1,oxide,oxide,9,oxide,preset
crack_thickness_factor,20,1.5506669251867026e-06,1,oxide,oxide,9,oxide,preset
crack_thickness_factor,21,0.00029679848352419884,1,oxide,oxide,9,oxide,preset
crack_thickness_factor,22,1.8193558070959267e-06,1,oxide,oxide,9,oxide,preset
crack_thickness_factor,23,0.000141365716890786,1,oxide,oxide,9,oxide,preset
crack_thickness_factor,24,0.00023928157594597458,1,oxide,oxide,9,oxide,preset
gb_diffusivity_factor,0,1.2504286375120377e-06,1,oxide,oxide,9,oxide,preset
gb_diffusivity_factor,1,7.486669782681414e-05,1,oxide,oxide,9,oxide,preset
gb_diffusivity_factor,2,9.996932890331413e-05,1,oxide,oxide,9,oxide,preset
gb_diffusivity_factor,3,1.79026037487745e-07,1,oxide,oxide,9,oxide,preset
gb_diffusivity_factor,4,2.7232558387298964e-05,1,oxide,oxide,9,oxide,preset
gb_diffusivity_factor,5,8.25320658058419e-06,1,oxide,oxide,9,oxide,preset
gb_diffusivity_factor,6,2.461511334682822e-06,1,oxide,oxide,9,oxide,preset
gb_diffusivity_factor,7,7.011902917087412e-06,1,oxide,oxide,9,oxide,preset
gb_diffusivity_factor,8,0.0001998468389325291,1,oxide,oxide,9,oxide,preset
gb_diffusivity_factor,9,2.106933360022529e-06,1,oxide,oxide,9,oxide,preset
gb_diffusivity_factor,10,0.00020789043334444316,1,oxide,oxide,9,oxide,preset
gb_diffusivity_factor,11,9.12731659041664e-06,1,oxide,oxide,9,oxide,preset
gb_diffusivity_factor,12,7.459332828371364e-06,1,oxide,oxide,9,oxide,preset
gb_diffusivity_factor,13,0.00029017405815307315,1,oxide,oxide,9,oxide,preset
gb_diffusivity_factor,14,2.2735918304284195e-05,1,oxide,oxide,9,oxide,preset
gb_diffusivity_factor,15,1.0065646386997797e-06,1,oxide,oxide,9,oxide,preset
gb_diffusivity_factor,16,2.1692441344263982e-06,1,oxide,oxide,9,oxide,preset
gb_diffusivity_factor,17,7.366723921401433e-05,1,oxide,oxide,9,oxide,preset
gb_diffusivity_factor,18,5.999792659222591e-07,1,oxide,oxide,9,oxide,preset
gb_diffusivity_factor,19,7.111901289880013e-07,1,oxide,oxide,9,oxide,preset
gb_diffusivity_factor,20,8.992266823948769e-06,1,oxide,oxide,9,oxide,preset
gb_diffusivity_factor,21,7.218496121530254e-05,1,oxide,oxide,9,oxide,preset
gb_diffusivity_factor,22,7.760189517500868e-06,1,oxide,oxide,9,oxide,preset
gb_diffusivity_factor,23,0.00016256545275535942,1,oxide,oxide,9,oxide,preset
gb_diffusivity_factor,24,9.080419586902074e-05,1,oxide,oxide,9,oxide,preset
grain_size,0,4.6852747651946035e-05,1,oxide,oxide,9,oxide,preset
grain_size,1,7.472858712415792e-08,1,oxide,oxide,9,oxide,preset
grain_size,2,1.1411030244950542e-07,1,oxide,oxide,9,oxide,preset
grain_size,3,1.311169385580206e-05,1,oxide,oxide,9,oxide,preset
grain_size,4,9.629142428456787e-07,1,oxide,oxide,9,oxide,preset
grain_size,5,1.2218230178048351e-05,1,oxide,oxide,9,oxide,preset
grain_size,6,5.2161244357771374e-05,1,oxide,oxide,9,oxide,preset
grain_size,7,3.5008026823900428e-06,1,oxide,oxide,9,oxide,preset
grain_size,8,9.278579082994683e-07,1,oxide,oxide,9,oxide,preset
grain_size,9,2.6410592311708648e-06,1,oxide,oxide,9,oxide,preset
grain_size,10,2.8046020746402717e-07,1,oxide,oxide,9,oxide,preset
grain_size,11,5.716356168981219e-06,1,oxide,oxide,9,oxide,preset
grain_size,12,1.398837733781502e-05,1,oxide,oxide,9,oxide,preset
grain_size,13,1.543495816368523e-07,1,oxide,oxide,9,oxide,preset
grain_size,14,2.407988781640283e-06,1,oxide,oxide,9,oxide,preset
grain_size,15,1.6879309461798586e-05,1,oxide,oxide,9,oxide,preset
grain_size,16,4.435955550141621e-05,1,oxide,oxide,9,oxide,preset
grain_size,17,7.714344474319723e-08,1,oxide,oxide,9,oxide,preset
grain_size,18,7.566809448246334e-05,1,oxide,oxide,9,oxide,preset
grain_size,19,6.883539866110851e-06,1,oxide,oxide,9,oxide,preset
grain_size,20,4.432903939281568e-06,1,oxide,oxide,9,oxide,preset
grain_size,21,8.7301639519284e-08,1,oxide,oxide,9,oxide,preset
grain_size,22,3.033026528178334e-06,1,oxide,oxide,9,oxide,preset
grain_size,23,6.790358548001855e-08,1,oxide,oxide,9,oxide,preset
grain_size,24,3.6662697961213116e-08,1,oxide,oxide,9,oxide,preset
gb_thickness,0,9.182686365847133e-07,1,oxide,oxide,9,oxide,preset
gb_thickness,1,1.500918803776082e-09,1,oxide,oxide,9,oxide,preset
gb_thickness,2,5.82658049733623e-09,1,oxide,oxide,9,oxide,preset
gb_thickness,3,5.727394170722352e-07,1,oxide,oxide,9,oxide,preset
gb_thickness,4,7.226435053338888e-08,1,oxide,oxide,9,oxide,preset
gb_thickness,5,3.412870232301185e-07,1,oxide,oxide,9,oxide,preset
gb_thickness,6,4.776685798501691e-06,1,oxide,oxide,9,oxide,preset
gb_thickness,7,6.184446809065136e-07,1,oxide,oxide,9,oxide,preset
gb_thickness,8,1.9517422916005557e-07,1,oxide,oxide,9,oxide,preset
gb_thickness,9,6.668119076866955e-08,1,oxide,oxide,9,oxide,preset
gb_thickness,10,7.405859179520184e-09,1,oxide,oxide,9,oxide,preset
gb_thickness,11,2.7089413328066913e-06,1,oxide,oxide,9,oxide,preset
gb_thickness,12,2.4604406860993253e-07,1,oxide,oxide,9,oxide,preset
gb_thickness,13,3.3488131334633604e-09,1,oxide,oxide,9,oxide,preset
gb_thickness,14,7.209265822819962e-08,1,oxide,oxide,9,oxide,preset
gb_thickness,15,1.6543924819126373e-06,1,oxide,oxide,9,oxide,preset
gb_thickness,16,1.4631972660079073e-06,1,oxide,oxide,9,oxide,preset
gb_thickness,17,7.843414177272406e-09,1,oxide,oxide,9,oxide,preset
gb_thickness,18,1.4149394612392776e-06,1,oxide,oxide,9,oxide,preset
gb_thickness,19,2.844192323059917e-07,1,oxide,oxide,9,oxide,preset
gb_thickness,20,2.3156448316996947e-07,1,oxide,oxide,9,oxide,preset
gb_thickness,21,1.1997438156078761e-08,1,oxide,oxide,9,oxide,preset
gb_thickness,22,6.594934916903468e-08,1,oxide,oxide,9,oxide,preset
gb_thickness,23,2.1896128369365036e-09,1,oxide,oxide,9,oxide,preset
gb_thickness,24,5.770117037901244e-10,1,oxide,oxide,9,oxide,preset
lattice_density,0,0.06763717432715548,1,oxide,oxide,9,oxide,preset
lattice_density,1,9.727739964575457e-05,1,oxide,oxide,9,oxide,preset
lattice_density,2,0.0001500758954899184,1,oxide,oxide,9,oxide,preset
lattice_density,3,0.03758540365219394,1,oxide,oxide,9,oxide,preset
lattice_density,4,0.004166945267989463,1,oxide,oxide,9,oxide,preset
lattice_density,5,0.015303020021449152,1,oxide,oxide,9,oxide,preset
lattice_density,6,0.06986997532144623,1,oxide,oxide,9,oxide,preset
lattice_density,7,0.006994443008050559,1,oxide,oxide,9,oxide,preset
lattice_density,8,0.0025421860331431073,1,oxide,oxide,9,oxide,preset
lattice_density,9,0.004050754410848287,1,oxide,oxide,9,oxide,preset
lattice_density,10,0.0003815326355518535,1,oxide,oxide,9,oxide,preset
lattice_density,11,0.024588333118510074,1,oxide,oxide,9,oxide,preset
lattice_density,12,0.012280874139907088,1,oxide,oxide,9,oxide,preset
lattice_density,13,0.00016357782086880791,1,oxide,oxide,9,oxide,preset
lattice_density,14,0.003776178080439298,1,oxide,oxide,9,oxide,preset
lattice_density,15,0.04448427516568155,1,oxide,oxide,9,oxide,preset
lattice_density,16,0.08027906125209375,1,oxide,oxide,9,oxide,preset
lattice_density,17,6.337073245293504e-05,1,oxide,oxide,9,oxide,preset
lattice_density,18,0.05849079393850503,2,metal,oxide,9,oxide,preset
lattice_density,19,0.008437125066998504,1,oxide,oxide,9,oxide,preset
lattice_density,20,0.0169892989494367,1,oxide,oxide,9,oxide,preset
lattice_density,21,0.00014862649045145715,1,oxide,oxide,9,oxide,preset
lattice_density,22,0.006096874937846081,1,oxide,oxide,9,oxide,preset
lattice_density,23,0.00014004101028692895,1,oxide,oxide,9,oxide,preset
lattice_density,24,4.114500353126424e-05,1,oxide,oxide,9,oxide,preset
trap_dislocation_E_b,0,3.857309866213147e-16,1,oxide,oxide,9,oxide,preset
trap_dislocation_E_b,1,0.0,1,oxide,oxide,9,oxide,preset
trap_dislocation_E_b,2,0.0,1,oxide,oxide,9,oxide,preset
trap_dislocation_E_b,3,9.64327466553287e-17,1,oxide,oxide,9,oxide,preset
trap_dislocation_E_b,4,9.64327466553287e-17,1,oxide,oxide,9,oxide,preset
trap_dislocation_E_b,5,1.9286549331065737e-16,1,oxide,oxide,9,oxide,preset
trap_dislocation_E_b,6,4.821637332766433e-16,1,oxide,oxide,9,oxide,preset
trap_dislocation_E_b,7,9.64327466553287e-17,1,oxide,oxide,9,oxide,preset
trap_dislocation_E_b,8,0.0,1,oxide,oxide,9,oxide,preset
trap_dislocation_E_b,9,0.0,1,oxide,oxide,9,oxide,preset
trap_dislocation_E_b,10,0.0,1,oxide,oxide,9,oxide,preset
trap_dislocation_E_b,11,3.857309866213147e-16,1,oxide,oxide,9,oxide,preset
trap_dislocation_E_b,12,5.785964799319719e-16,1,oxide,oxide,9,oxide,preset
trap_dislocation_E_b,13,0.0,1,oxide,oxide,9,oxide,preset
trap_dislocation_E_b,14,1.9286549331065737e-16,1,oxide,oxide,9,oxide,preset
trap_dislocation_E_b,15,3.857309866213147e-16,1,oxide,oxide,9,oxide,preset
trap_dislocation_E_b,16,0.0,1,oxide,oxide,9,oxide,preset
trap_dislocation_E_b,17,0.0,1,oxide,oxide,9,oxide,preset
trap_dislocation_E_b,18,1.7357894397959133e-15,1,oxide,oxide,9,oxide,preset
trap_dislocation_E_b,19,1.9286549331065737e-16,1,oxide,oxide,9,oxide,preset
trap_dislocation_E_b,20,2.8929823996598605e-16,1,oxide,oxide,9,oxide,preset
trap_dislocation_E_b,21,0.0,1,oxide,oxide,9,oxide,preset
trap_dislocation_E_b,22,0.0,1,oxide,oxide,9,oxide,preset
trap_dislocation_E_b,23,9.64327466553287e-17,1,oxide,oxide,9,oxide,preset
trap_dislocation_E_b,24,0.0,1,oxide,oxide,9,oxide,preset
trap_dislocation_N_T,0,3.3751461329364917e-15,1,oxide,oxide,9,oxide,preset
trap_dislocation_N_T,1,0.0,1,oxide,oxide,9,oxide,preset
trap_dislocation_N_T,2,0.0,1,oxide,oxide,9,oxide,preset
trap_dislocation_N_T,3,8.678947198979575e-16,1,oxide,oxide,9,oxide,preset
trap_dislocation_N_T,4,1.9286549331065737e-16,1,oxide,oxide,9,oxide,preset
trap_dislocation_N_T,5,7.71461973242629e-16,1,oxide,oxide,9,oxide,preset
trap_dislocation_N_T,6,1.3500584531745999e-15,1,oxide,oxide,9,oxide,preset
trap_dislocation_N_T,7,1.9286549331065737e-16,1,oxide,oxide,9,oxide,preset
trap_dislocation_N_T,8,9.64327466553287e-17,1,oxide,oxide,9,oxide,preset
trap_dislocation_N_T,9,9.64327466553287e-17,1,oxide,oxide,9,oxide,preset
trap_dislocation_N_T,10,0.0,1,oxide,oxide,9,oxide,preset
trap_dislocation_N_T,11,4.821637332766433e-16,1,oxide,oxide,9,oxide,preset
trap_dislocation_N_T,12,6.750292265873004e-16,1,oxide,oxide,9,oxide,preset
trap_dislocation_N_T,13,0.0,1,oxide,oxide,9,oxide,preset
trap_dislocation_N_T,14,3.857309866213147e-16,1,oxide,oxide,9,oxide,preset
trap_dislocation_N_T,15,6.750292265873004e-16,1,oxide,oxide,9,oxide,preset
trap_dislocation_N_T,16,3.0858478929705076e-15,1,oxide,oxide,9,oxide,preset
trap_dislocation_N_T,17,0.0,1,oxide,oxide,9,oxide,preset
trap_dislocation_N_T,18,1.137906410532864e-14,1,oxide,oxide,9,oxide,preset
trap_dislocation_N_T,19,3.857309866213147e-16,1,oxide,oxide,9,oxide,preset
trap_dislocation_N_T,20,3.857309866213147e-16,1,oxide,oxide,9,oxide,preset
trap_dislocation_N_T,21,0.0,1,oxide,oxide,9,oxide,preset
trap_dislocation_N_T,22,2.8929823996598605e-16,1,oxide,oxide,9,oxide,preset
trap_dislocation_N_T,23,0.0,1,oxide,oxide,9,oxide,preset
trap_dislocation_N_T,24,0.0,1,oxide,oxide,9,oxide,preset
trap_gb_E_b,0,1.2131239529238658e-13,1,oxide,oxide,9,oxide,preset
trap_gb_E_b,1,9.64327466553287e-17,1,oxide,oxide,9,oxide,preset
trap_gb_E_b,2,9.64327466553287e-17,1,oxide,oxide,9,oxide,preset
trap_gb_E_b,3,4.445549620810426e-14,1,oxide,oxide,9,oxide,preset
trap_gb_E_b,4,1.9286549331065737e-16,1,oxide,oxide,9,oxide,preset
trap_gb_E_b,5,4.763777684772977e-14,1,oxide,oxide,9,oxide,preset
trap_gb_E_b,6,6.219912159268256e-14,1,oxide,oxide,9,oxide,preset
trap_gb_E_b,7,3.7608771195578034e-15,1,oxide,oxide,9,oxide,preset
trap_gb_E_b,8,3.0858478929705076e-15,1,oxide,oxide,9,oxide,preset
trap_gb_E_b,9,6.943157759183612e-15,1,oxide,oxide,9,oxide,preset
trap_gb_E_b,10,9.64327466553286e-16,1,oxide,oxide,9,oxide,preset
trap_gb_E_b,11,2.5458245117006033e-14,1,oxide,oxide,9,oxide,preset
trap_gb_E_b,12,1.1764795091949944e-14,1,oxide,oxide,9,oxide,preset
trap_gb_E_b,13,2.8929823996598605e-16,1,oxide,oxide,9,oxide,preset
trap_gb_E_b,14,8.678947198979497e-15,1,oxide,oxide,9,oxide,preset
trap_gb_E_b,15,7.714619732426228e-15,1,oxide,oxide,9,oxide,preset
trap_gb_E_b,16,1.639356693140585e-15,1,oxide,oxide,9,oxide,preset
trap_gb_E_b,17,8.678947198979575e-16,1,oxide,oxide,9,oxide,preset
trap_gb_E_b,18,4.676023885314372e-13,1,oxide,oxide,9,oxide,preset
trap_gb_E_b,19,1.1957660585260595e-14,1,oxide,oxide,9,oxide,preset
trap_gb_E_b,20,5.496666559353702e-15,1,oxide,oxide,9,oxide,preset
trap_gb_E_b,21,2.8929823996598605e-16,1,oxide,oxide,9,oxide,preset
trap_gb_E_b,22,1.1282631358673313e-14,1,oxide,oxide,9,oxide,preset
trap_gb_E_b,23,5.785964799319719e-16,1,oxide,oxide,9,oxide,preset
trap_gb_E_b,24,9.64327466553287e-17,1,oxide,oxide,9,oxide,preset
trap_gb_N_T,0,4.167823310441307e-13,1,oxide,oxide,9,oxide,preset
trap_gb_N_T,1,3.857309866213147e-16,1,oxide,oxide,9,oxide,preset
trap_gb_N_T,2,1.0607602132086145e-15,1,oxide,oxide,9,oxide,preset
trap_gb_N_T,3,1.8061853448539312e-13,1,oxide,oxide,9,oxide,preset
trap_gb_N_T,4,1.23433915718819e-14,1,oxide,oxide,9,oxide,preset
trap_gb_N_T,5,2.0019438205641626e-13,1,oxide,oxide,9,oxide,preset
trap_gb_N_T,6,1.6422496755399374e-13,1,oxide,oxide,9,oxide,preset
trap_gb_N_T,7,4.61912856479e-14,1,oxide,oxide,9,oxide,preset
trap_gb_N_T,8,7.811052479081555e-15,1,oxide,oxide,9,oxide,preset
trap_gb_N_T,9,1.3211286291779833e-14,1,oxide,oxide,9,oxide,preset
trap_gb_N_T,10,2.314385919727883e-15,1,oxide,oxide,9,oxide,preset
trap_gb_N_T,11,5.082005748735526e-14,1,oxide,oxide,9,oxide,preset
trap_gb_N_T,12,1.487957280891467e-13,1,oxide,oxide,9,oxide,preset
trap_gb_N_T,13,9.64327466553286e-16,1,oxide,oxide,9,oxide,preset
trap_gb_N_T,14,5.284514516711692e-14,1,oxide,oxide,9,oxide,preset
trap_gb_N_T,15,1.1031906217368204e-13,1,oxide,oxide,9,oxide,preset
trap_gb_N_T,16,5.083934403665954e-13,1,oxide,oxide,9,oxide,preset
trap_gb_N_T,17,1.8322221864512418e-15,1,oxide,oxide,9,oxide,preset
trap_gb_N_T,18,1.1346276971451154e-12,1,oxide,oxide,9,oxide,preset
trap_gb_N_T,19,5.998116841961032e-14,1,oxide,oxide,9,oxide,preset
trap_gb_N_T,20,1.0019362377487497e-13,1,oxide,oxide,9,oxide,preset
trap_gb_N_T,21,1.92865493310657e-15,1,oxide,oxide,9,oxide,preset
trap_gb_N_T,22,2.7290467303457168e-14,1,oxide,oxide,9,oxide,preset
trap_gb_N_T,23,1.5429239464852566e-15,1,oxide,oxide,9,oxide,preset
trap_gb_N_T,24,1.9286549331065737e-16,1,oxide,oxide,9,oxide,preset
trap_vacancy_E_b,0,0.18614872439376637,1,oxide,oxide,9,oxide,preset
trap_vacancy_E_b,1,0.00027537908107791003,1,oxide,oxide,9,oxide,preset
trap_vacancy_E_b,2,0.000612840809313197,1,oxide,oxide,9,oxide,preset
trap_vacancy_E_b,3,0.16516177475425128,1,oxide,oxide,9,oxide,preset
trap_vacancy_E_b,4,0.021716083636048964,1,oxide,oxide,9,oxide,preset
trap_vacancy_E_b,5,0.07200534624330822,1,oxide,oxide,9,oxide,preset
trap_vacancy_E_b,6,0.16144129725928175,1,oxide,oxide,9,oxide,preset
trap_vacancy_E_b,7,0.058697698899632625,1,oxide,oxide,9,oxide,preset
trap_vacancy_E_b,8,0.009218214261706967,1,oxide,oxide,9,oxide,preset
trap_vacancy_E_b,9,0.016507961317548007,1,oxide,oxide,9,oxide,preset
trap_vacancy_E_b,10,0.001309767866139471,1,oxide,oxide,9,oxide,preset
trap_vacancy_E_b,11,0.04509202207682864,1,oxide,oxide,9,oxide,preset
trap_vacancy_E_b,12,0.09455653183594492,1,oxide,oxide,9,oxide,preset
trap_vacancy_E_b,13,0.0005392657100072701,1,oxide,oxide,9,oxide,preset
trap_vacancy_E_b,14,0.00832444047967668,1,oxide,oxide,9,oxide,preset
trap_vacancy_E_b,15,0.07714103198468766,1,oxide,oxide,9,oxide,preset
trap_vacancy_E_b,16,0.2227374824658552,2,oxide,metal,9,oxide,preset
trap_vacancy_E_b,17,0.00031342324911442626,1,oxide,oxide,9,oxide,preset
trap_vacancy_E_b,18,0.2137624945087138,2,oxide,metal,9,oxide,preset
trap_vacancy_E_b,19,0.08977082425868123,1,oxide,oxide,9,oxide,preset
trap_vacancy_E_b,20,0.09830740517099361,1,oxide,oxide,9,oxide,preset
trap_vacancy_E_b,21,0.00039639478102516826,1,oxide,oxide,9,oxide,preset
trap_vacancy_E_b,22,0.00904676787471836,1,oxide,oxide,9,oxide,preset
trap_vacancy_E_b,23,0.0006251124773106542,1,oxide,oxide,9,oxide,preset
trap_vacancy_E_b,24,0.00017689248668899789,1,oxide,oxide,9,oxide,preset
trap_vacancy_N_T,0,0.23141782016998294,1,oxide,oxide,9,oxide,preset
trap_vacancy_N_T,1,0.0006544272324009785,1,oxide,oxide,9,oxide,preset
trap_vacancy_N_T,2,0.0006313651859557219,1,oxide,oxide,9,oxide,preset
trap_vacancy_N_T,3,0.06203147004893159,1,oxide,oxide,9,oxide,preset
trap_vacancy_N_T,4,0.004609018851554709,1,oxide,oxide,9,oxide,preset
trap_vacancy_N_T,5,0.09947803904833592,1,oxide,oxide,9,oxide,preset
trap_vacancy_N_T,6,0.2125202588491831,1,oxide,oxide,9,oxide,preset
trap_vacancy_N_T,7,0.012472558462722206,1,oxide,oxide,9,oxide,preset
trap_vacancy_N_T,8,0.03359320598701399,1,oxide,oxide,9,oxide,preset
trap_vacancy_N_T,9,0.007461399913819146,1,oxide,oxide,9,oxide,preset
trap_vacancy_N_T,10,0.0037996408854641534,1,oxide,oxide,9,oxide,preset
trap_vacancy_N_T,11,0.047141843170778366,1,oxide,oxide,9,oxide,preset
trap_vacancy_N_T,12,0.05951428779935323,1,oxide,oxide,9,oxide,preset
trap_vacancy_N_T,13,0.0015927408627930404,1,oxide,oxide,9,oxide,preset
trap_vacancy_N_T,14,0.062205426789199776,1,oxide,oxide,9,oxide,preset
trap_vacancy_N_T,15,0.08702502071588417,1,oxide,oxide,9,oxide,preset
trap_vacancy_N_T,16,0.302244704257914,2,oxide,metal,9,oxide,preset
trap_vacancy_N_T,17,0.001554253417844551,1,oxide,oxide,9,oxide,preset
trap_vacancy_N_T,18,0.5038707478575722,2,oxide,metal,9,oxide,preset
trap_vacancy_N_T,19,0.014971024228222145,1,oxide,oxide,9,oxide,preset
trap_vacancy_N_T,20,0.025990837585181135,1,oxide,oxide,9,oxide,preset
trap_vacancy_N_T,21,0.0012552348350641103,1,oxide,oxide,9,oxide,preset
trap_vacancy_N_T,22,0.03651880229566822,1,oxide,oxide,9,oxide,preset
trap_vacancy_N_T,23,0.00090926033029622,1,oxide,oxide,9,oxide,preset
trap_vacancy_N_T,24,0.0005442184259537541,1,oxide,oxide,9,oxide,preset
trap_carbide_E_b,0,0.022335213929479875,1,oxide,oxide,9,oxide,preset
trap_carbide_E_b,1,3.0192780760418952e-06,1,oxide,oxide,9,oxide,preset
trap_carbide_E_b,2,6.092402377070584e-05,1,oxide,oxide,9,oxide,preset
trap_carbide_E_b,3,0.0027041404868917997,1,oxide,oxide,9,oxide,preset
trap_carbide_E_b,4,0.001200783386223526,1,oxide,oxide,9,oxide,preset
trap_carbide_E_b,5,0.013203015305048487,1,oxide,oxide,9,oxide,preset
trap_carbide_E_b,6,0.0031796595154087947,1,oxide,oxide,9,oxide,preset
trap_carbide_E_b,7,0.0007815503385661546,1,oxide,oxide,9,oxide,preset
trap_carbide_E_b,8,0.0003256983490494533,1,oxide,oxide,9,oxide,preset
trap_carbide_E_b,9,0.0012166460791963925,1,oxide,oxide,9,oxide,preset
trap_carbide_E_b,10,4.859801696238828e-05,1,oxide,oxide,9,oxide,preset
trap_carbide_E_b,11,0.003900508040656105,1,oxide,oxide,9,oxide,preset
trap_carbide_E_b,12,0.003736382738129038,1,oxide,oxide,9,oxide,preset
trap_carbide_E_b,13,6.188337331336555e-05,1,oxide,oxide,9,oxide,preset
trap_carbide_E_b,14,0.0034036955030081564,1,oxide,oxide,9,oxide,preset
trap_carbide_E_b,15,0.003322982871141404,1,oxide,oxide,9,oxide,preset
trap_carbide_E_b,16,0.0034526774523612634,1,oxide,oxide,9,oxide,preset
trap_carbide_E_b,17,0.00016636274706363727,1,oxide,oxide,9,oxide,preset
trap_carbide_E_b,18,0.04170899071258827,2,oxide,metal,9,oxide,preset
trap_carbide_E_b,19,0.005379879128257436,1,oxide,oxide,9,oxide,preset
trap_carbide_E_b,20,0.003327834862744408,1,oxide,oxide,9,oxide,preset
trap_carbide_E_b,21,0.00010993167862961113,1,oxide,oxide,9,oxide,preset
trap_carbide_E_b,22,0.002187901262555082,1,oxide,oxide,9,oxide,preset
trap_carbide_E_b,23,2.455315040817765e-05,1,oxide,oxide,9,oxide,preset
trap_carbide_E_b,24,2.9340009284513535e-06,1,oxide,oxide,9,oxide,preset
trap_carbide_N_T,0,0.02524416757190097,1,oxide,oxide,9,oxide,preset
trap_carbide_N_T,1,1.8143790434385485e-05,1,oxide,oxide,9,oxide,preset
trap_carbide_N_T,2,3.702041457897025e-05,1,oxide,oxide,9,oxide,preset
trap_carbide_N_T,3,0.008298472115209345,1,oxide,oxide,9,oxide,preset
trap_carbide_N_T,4,0.0012203609239187995,1,oxide,oxide,9,oxide,preset
trap_carbide_N_T,5,0.0036062971302027384,1,oxide,oxide,9,oxide,preset
trap_carbide_N_T,6,0.003722997528960996,1,oxide,oxide,9,oxide,preset
trap_carbide_N_T,7,0.0018714772550052106,1,oxide,oxide,9,oxide,preset
trap_carbide_N_T,8,0.00038639546544328124,1,oxide,oxide,9,oxide,preset
trap_carbide_N_T,9,0.0006053006101386326,1,oxide,oxide,9,oxide,preset
trap_carbide_N_T,10,7.907247409733588e-05,1,oxide,oxide,9,oxide,preset
trap_carbide_N_T,11,0.0018856226160209018,1,oxide,oxide,9,oxide,preset
trap_carbide_N_T,12,0.007108710967434655,1,oxide,oxide,9,oxide,preset
trap_carbide_N_T,13,3.528563157544209e-05,1,oxide,oxide,9,oxide,preset
trap_carbide_N_T,14,0.0017775772215762446,1,oxide,oxide,9,oxide,preset
trap_carbide_N_T,15,0.007624837919404338,1,oxide,oxide,9,oxide,preset
trap_carbide_N_T,16,0.00885219518346935,1,oxide,oxide,9,oxide,preset
trap_carbide_N_T,17,7.635540475206158e-05,1,oxide,oxide,9,oxide,preset
trap_carbide_N_T,18,0.039635053361803,2,oxide,metal,9,oxide,preset
trap_carbide_N_T,19,0.002904652183214876,1,oxide,oxide,9,oxide,preset
trap_carbide_N_T,20,0.0022752039508593404,1,oxide,oxide,9,oxide,preset
trap_carbide_N_T,21,8.775986247511182e-05,1,oxide,oxide,9,oxide,preset
trap_carbide_N_T,22,0.0017788562964070193,1,oxide,oxide,9,oxide,preset
trap_carbide_N_T,23,7.39534940315734e-05,1,oxide,oxide,9,oxide,preset
trap_carbide_N_T,24,3.720484117264692e-06,1,oxide,oxide,9,oxide,preset
D_ref,0,3.925406131419715,1,metal,metal,9,metal,global
D_ref,1,3.9999782273533175,1,metal,metal,9,metal,global
D_ref,2,7.672455273200165,2,defect,metal,9,metal,global
D_ref,3,3.9988438589134603,1,metal,metal,9,metal,global
D_ref,4,3.971680980882876,1,metal,metal,9,metal,global
D_ref,5,8.839876752240281,2,defect,metal,9,metal,global
D_ref,6,3.9968889279993043,1,metal,metal,9,metal,global
D_ref,7,8.257279070143765,2,defect,metal,9,metal,global
D_ref,8,3.9999156137153578,1,metal,metal,9,metal,global
D_ref,9,3.9999717550123135,1,metal,metal,9,metal,global
D_ref,10,3.9804133140088505,1,metal,metal,9,metal,global
D_ref,11,3.9039634742534797,1,metal,metal,9,metal,global
D_ref,12,3.9984332758451298,1,metal,metal,9,metal,global
D_ref,13,7.697381771231401,2,defect,metal,9,metal,global
D_ref,14,3.913126425437342,1,metal,metal,9,metal,global
D_ref,15,3.9999962975135737,1,metal,metal,9,metal,global
D_ref,16,3.9989963886766278,1,metal,metal,9,metal,global
D_ref,17,8.655393591061607,2,defect,metal,9,metal,global
D_ref,18,3.9999803613151923,1,metal,metal,9,metal,global
D_ref,19,3.997636562238988,1,metal,metal,9,metal,global
D_ref,20,7.061343742359173,2,defect,metal,9,metal,global
D_ref,21,3.9982748037856473,1,metal,metal,9,metal,global
D_ref,22,3.999972016707955,1,metal,metal,9,metal,global
D_ref,23,3.911566167051867,1,metal,metal,9,metal,global
D_ref,24,3.997020495141005,1,metal,metal,9,metal,global
E_D,0,0.0296652027279315,1,metal,metal,9,metal,global
E_D,1,0.033551602902985436,1,metal,metal,9,metal,global
E_D,2,0.03355198104436504,1,metal,metal,9,metal,global
E_D,3,0.03348023738471804,1,metal,metal,9,metal,global
E_D,4,0.03233095950315352,1,metal,metal,9,metal,global
E_D,5,0.03355207224279917,1,metal,metal,9,metal,global
E_D,6,0.03337040096399052,1,metal,metal,9,metal,global
E_D,7,0.03355191603531759,1,metal,metal,9,metal,global
E_D,8,0.033548566921215654,1,metal,metal,9,metal,global
E_D,9,0.033550395013741706,1,metal,metal,9,metal,global
E_D,10,0.03268917235076493,1,metal,metal,9,metal,global
E_D,11,0.028553008045048272,1,metal,metal,9,metal,global
E_D,12,0.03354565558233357,1,metal,metal,9,metal,global
E_D,13,0.033552055722595966,1,metal,metal,9,metal,global
E_D,14,0.03224486209395006,1,metal,metal,9,metal,global
E_D,15,0.033551809715684174,1,metal,metal,9,metal,global
E_D,16,0.033512478050706875,1,metal,metal,9,metal,global
E_D,17,0.033552071434532656,1,metal,metal,9,metal,global
E_D,18,0.033551774189045765,1,metal,metal,9,metal,global
E_D,19,0.03339655109177476,1,metal,metal,9,metal,global
E_D,20,0.03355199858630528,1,metal,metal,9,metal,global
E_D,21,0.03346056187865884,1,metal,metal,9,metal,global
E_D,22,0.0335511217462547,1,metal,metal,9,metal,global
E_D,23,0.030112782817273254,1,metal,metal,9,metal,global
E_D,24,0.03338585757406225,1,metal,metal,9,metal,global
K_s_ref,0,2.934900005975219,1,metal,metal,9,metal,global
K_s_ref,1,2.999993374777886,1,metal,metal,9,metal,global
K_s_ref,2,2.9999826952839013,1,metal,metal,9,metal,global
K_s_ref,3,2.9990119463456977,1,metal,metal,9,metal,global
K_s_ref,4,2.9843156798014956,1,metal,metal,9,metal,global
K_s_ref,5,8.552197518358092,2,defect,metal,9,metal,global
K_s_ref,6,2.997472864407795,1,metal,metal,9,metal,global
K_s_ref,7,2.9999973073204784,1,metal,metal,9,metal,global
K_s_ref,8,2.9998957855393433,1,metal,metal,9,metal,global
K_s_ref,9,2.999908779092889,1,metal,metal,9,metal,global
K_s_ref,10,2.6231460913100095,2,metal,oxide,9,metal,global
K_s_ref,11,2.872139185590217,2,metal,oxide,9,metal,global
K_s_ref,12,2.999729341904525,1,metal,metal,9,metal,global
K_s_ref,13,7.836491180438008,2,defect,metal,9,metal,global
K_s_ref,14,2.9571723072340594,1,metal,metal,9,metal,global
K_s_ref,15,2.999995155977344,1,metal,metal,9,metal,global
K_s_ref,16,2.9868440274175247,1,metal,metal,9,metal,global
K_s_ref,17,8.643830527976688,2,defect,metal,9,metal,global
K_s_ref,18,2.9999932783014995,1,metal,metal,9,metal,global
K_s_ref,19,2.997885997272571,1,metal,metal,9,metal,global
K_s_ref,20,2.999998706019819,1,metal,metal,9,metal,global
K_s_ref,21,2.988745365370734,1,metal,metal,9,metal,global
K_s_ref,22,2.999984661933387,1,metal,metal,9,metal,global
K_s_ref,23,2.93450165460245,1,metal,metal,9,metal,global
K_s_ref,24,2.9925394117204984,1,metal,metal,9,metal,global
H_s,0,0.0729975815667203,1,metal,metal,9,metal,global
H_s,1,0.0822014575700598,1,metal,metal,9,metal,global
H_s,2,0.08220236414537302,1,metal,metal,9,metal,global
H_s,3,0.08203163182438843,1,metal,metal,9,metal,global
H_s,4,0.07902335518323138,1,metal,metal,9,metal,global
H_s,5,0.08220257542757156,1,metal,metal,9,metal,global
H_s,6,0.08178792848276117,1,metal,metal,9,metal,global
H_s,7,0.08220215552380145,1,metal,metal,9,metal,global
H_s,8,0.08219341230167956,1,metal,metal,9,metal,global
H_s,9,0.08219861239773543,1,metal,metal,9,metal,global
H_s,10,0.08011786766653518,1,metal,metal,9,metal,global
H_s,11,0.0701673850213885,1,metal,metal,9,metal,global
H_s,12,0.08218645432713745,1,metal,metal,9,metal,global
H_s,13,0.08220253203383339,1,metal,metal,9,metal,global
H_s,14,0.0790291047797192,1,metal,metal,9,metal,global
H_s,15,0.08220188247261866,1,metal,metal,9,metal,global
H_s,16,0.0821101126535547,1,metal,metal,9,metal,global
H_s,17,0.08220258804867113,1,metal,metal,9,metal,global
H_s,18,0.0822019200844377,1,metal,metal,9,metal,global
H_s,19,0.08184018458260345,1,metal,metal,9,metal,global
H_s,20,0.08220238782416506,1,metal,metal,9,metal,global
H_s,21,0.08197425221134838,1,metal,metal,9,metal,global
H_s,22,0.08220037769990489,1,metal,metal,9,metal,global
H_s,23,0.07422868360107394,1,metal,metal,9,metal,global
H_s,24,0.08177836918759726,1,metal,metal,9,metal,global
D_ox_ref,0,1.6072287569592434,3,defect,metal,9,metal,global
D_ox_ref,1,0.009413678150611652,1,metal,metal,9,metal,global
D_ox_ref,2,0.00406474087961534,1,metal,metal,9,metal,global
D_ox_ref,3,0.9200788451774257,3,defect,metal,9,metal,global
D_ox_ref,4,0.1999574261490715,2,oxide,metal,9,metal,global
D_ox_ref,5,0.0001919313342286304,1,metal,metal,9,metal,global
D_ox_ref,6,0.7930813599900799,2,oxide,metal,9,metal,global
D_ox_ref,7,0.017002558109348868,1,metal,metal,9,metal,global
D_ox_ref,8,0.22604946439728796,2,oxide,metal,9,metal,global
D_ox_ref,9,0.10793541640236108,1,metal,metal,9,metal,global
D_ox_ref,10,1.110266371415064,3,defect,metal,9,metal,global
D_ox_ref,11,1.2084512986951557,3,defect,metal,9,metal,global
D_ox_ref,12,0.48614708636845394,2,oxide,metal,9,metal,global
D_ox_ref,13,0.0010585079226550608,1,metal,metal,9,metal,global
D_ox_ref,14,0.9746981006227492,3,defect,metal,9,metal,global
D_ox_ref,15,0.019135315282064472,1,metal,metal,9,metal,global
D_ox_ref,16,0.8076843810306168,3,defect,metal,9,metal,global
D_ox_ref,17,3.924437460384514e-05,1,metal,metal,9,metal,global
D_ox_ref,18,0.023402353088101024,1,metal,metal,9,metal,global
D_ox_ref,19,0.9803060211941709,3,defect,metal,9,metal,global
D_ox_ref,20,0.004402258639545499,1,metal,metal,9,metal,global
D_ox_ref,21,0.9586556315491015,3,defect,metal,9,metal,global
D_ox_ref,22,0.10049785097668526,1,metal,metal,9,metal,global
D_ox_ref,23,1.0358428217540085,3,defect,metal,9,metal,global
D_ox_ref,24,0.8259066768136647,3,defect,metal,9,metal,global
E_D_ox,0,0.008610848075919893,1,metal,metal,9,metal,global
E_D_ox,1,9.605222992431125e-07,1,metal,metal,9,metal,global
E_D_ox,2,2.1307440672058955e-07,1,metal,metal,9,metal,global
E_D_ox,3,0.00015695450076246047,1,metal,metal,9,metal,global
E_D_ox,4,0.002672131142103401,1,metal,metal,9,metal,global
E_D_ox,5,1.5048520502384807e-08,1,metal,metal,9,metal,global
E_D_ox,6,0.0003999433681836731,1,metal,metal,9,metal,global
E_D_ox,7,3.5278878187153e-07,1,metal,metal,9,metal,global
E_D_ox,8,8.172607662573315e-06,1,metal,metal,9,metal,global
E_D_ox,9,3.9740152018050895e-06,1,metal,metal,9,metal,global
E_D_ox,10,0.0018145782028871201,1,metal,metal,9,metal,global
E_D_ox,11,0.01129554218393173,1,metal,metal,9,metal,global
E_D_ox,12,1.5322445672054213e-05,1,metal,metal,9,metal,global
E_D_ox,13,5.018761054398619e-08,1,metal,metal,9,metal,global
E_D_ox,14,0.0026505639135875995,1,metal,metal,9,metal,global
E_D_ox,15,6.191928142501734e-07,1,metal,metal,9,metal,global
E_D_ox,16,7.974727710937987e-05,1,metal,metal,9,metal,global
E_D_ox,17,1.2265244229451434e-08,1,metal,metal,9,metal,global
E_D_ox,18,6.829174000965974e-07,1,metal,metal,9,metal,global
E_D_ox,19,0.0003236816001737267,1,metal,metal,9,metal,global
E_D_ox,20,1.7530830666712344e-07,1,metal,metal,9,metal,global
E_D_ox,21,0.00020054944600379464,1,metal,metal,9,metal,global
E_D_ox,22,2.08811461303507e-06,1,metal,metal,9,metal,global
E_D_ox,23,0.007949610590279084,1,metal,metal,9,metal,global
E_D_ox,24,0.00032977497758670404,1,metal,metal,9,metal,global
K_ox_ref,0,0.09660565211119639,1,metal,metal,9,metal,global
K_ox_ref,1,5.121923123434278e-06,1,metal,metal,9,metal,global
K_ox_ref,2,3.3342389051089346e-06,1,metal,metal,9,metal,global
K_ox_ref,3,0.003636673302814809,1,metal,metal,9,metal,global
K_ox_ref,4,0.04395835767507188,1,metal,metal,9,metal,global
K_ox_ref,5,1.284334260558544e-07,1,metal,metal,9,metal,global
K_ox_ref,6,0.004319519076187046,1,metal,metal,9,metal,global
K_ox_ref,7,5.950437794890955e-06,1,metal,metal,9,metal,global
K_ox_ref,8,5.925617281424777e-05,1,metal,metal,9,metal,global
K_ox_ref,9,5.27633492392634e-05,1,metal,metal,9,metal,global
K_ox_ref,10,0.022109042344051286,1,metal,metal,9,metal,global
K_ox_ref,11,0.16316391591928417,2,oxide,metal,9,metal,global
K_ox_ref,12,0.00016710754681016662,1,metal,metal,9,metal,global
K_ox_ref,13,1.1383550730524611e-06,1,metal,metal,9,metal,global
K_ox_ref,14,0.02305090907470316,1,metal,metal,9,metal,global
K_ox_ref,15,3.355144321047021e-06,1,metal,metal,9,metal,global
K_ox_ref,16,0.0005982045949528798,1,metal,metal,9,metal,global
K_ox_ref,17,3.5312495067235174e-08,1,metal,metal,9,metal,global
K_ox_ref,18,7.86168791401439e-06,1,metal,metal,9,metal,global
K_ox_ref,19,0.005692384674015734,1,metal,metal,9,metal,global
K_ox_ref,20,3.831875220859898e-06,1,metal,metal,9,metal,global
K_ox_ref,21,0.0034564703154376583,1,metal,metal,9,metal,global
K_ox_ref,22,2.4141896908784948e-05,1,metal,metal,9,metal,global
K_ox_ref,23,0.0673863233453345,1,metal,metal,9,metal,global
K_ox_ref,24,0.006297657491054939,1,metal,metal,9,metal,global
H_sol_ox,0,0.8898328102692991,3,defect,metal,9,metal,global
H_sol_ox,1,0.09056126378227577,1,metal,metal,9,metal,global
H_sol_ox,2,0.011021837490695402,1,metal,metal,9,metal,global
H_sol_ox,3,0.016498319006734437,1,metal,metal,9,metal,global
H_sol_ox,4,0.8689539348332792,3,defect,metal,9,metal,global
H_sol_ox,5,0.0023566260487808827,1,metal,metal,9,metal,global
H_sol_ox,6,0.453470911108061,2,oxide,metal,9,metal,global
H_sol_ox,7,0.021046763950643955,1,metal,metal,9,metal,global
H_sol_ox,8,0.04695311699265672,1,metal,metal,9,metal,global
H_sol_ox,9,0.08502904481248627,1,metal,metal,9,metal,global
H_sol_ox,10,0.013185201958057032,1,metal,metal,9,metal,global
H_sol_ox,11,0.7451232919543974,3,defect,metal,9,metal,global
H_sol_ox,12,0.0004099997882708834,1,metal,metal,9,metal,global
H_sol_ox,13,0.0007794232196836441,1,metal,metal,9,metal,global
H_sol_ox,14,0.03989188662570877,1,metal,metal,9,metal,global
H_sol_ox,15,0.06829735346661964,1,metal,metal,9,metal,global
H_sol_ox,16,0.017523851556342417,1,metal,metal,9,metal,global
H_sol_ox,17,0.0015240992787045654,1,metal,metal,9,metal,global
H_sol_ox,18,9.157452227417277,2,metal,defect,9,metal,global
H_sol_ox,19,0.009639911994883796,1,metal,metal,9,metal,global
H_sol_ox,20,0.12417866556589777,1,metal,metal,9,metal,global
H_sol_ox,21,0.04889576445635167,1,metal,metal,9,metal,global
H_sol_ox,22,0.026816242483578917,1,metal,metal,9,metal,global
H_sol_ox,23,0.07922605760180429,1,metal,metal,9,metal,global
H_sol_ox,24,0.02899234558071264,1,metal,metal,9,metal,global
metal_thickness,0,0.7909584519102869,2,oxide,metal,9,metal,global
metal_thickness,1,0.9999493049895984,1,metal,metal,9,metal,global
metal_thickness,2,0.9999895792060974,1,metal,metal,9,metal,global
metal_thickness,3,0.9929824850592445,1,metal,metal,9,metal,global
metal_thickness,4,0.8908215018808113,2,oxide,metal,9,metal,global
metal_thickness,5,0.9999996446323322,1,metal,metal,9,metal,global
metal_thickness,6,0.9952950459338209,1,metal,metal,9,metal,global
metal_thickness,7,0.999984433231055,1,metal,metal,9,metal,global
metal_thickness,8,0.9996603223925389,1,metal,metal,9,metal,global
metal_thickness,9,0.9999539721210272,1,metal,metal,9,metal,global
metal_thickness,10,0.9398374417035616,1,metal,metal,9,metal,global
metal_thickness,11,0.8232743714914942,2,oxide,metal,9,metal,global
metal_thickness,12,0.9997053212411939,1,metal,metal,9,metal,global
metal_thickness,13,0.999999484451916,1,metal,metal,9,metal,global
metal_thickness,14,0.9407965492879858,1,metal,metal,9,metal,global
metal_thickness,15,0.9999848819672014,1,metal,metal,9,metal,global
metal_thickness,16,0.9983452959670536,1,metal,metal,9,metal,global
metal_thickness,17,0.9999998965487211,1,metal,metal,9,metal,global
metal_thickness,18,0.9999668034933156,1,metal,metal,9,metal,global
metal_thickness,19,0.9911149144432413,1,metal,metal,9,metal,global
metal_thickness,20,0.999991926747409,1,metal,metal,9,metal,global
metal_thickness,21,0.9967927689000323,1,metal,metal,9,metal,global
metal_thickness,22,0.9999211791155129,1,metal,metal,9,metal,global
metal_thickness,23,0.7257604122847368,3,defect,metal,9,metal,global
metal_thickness,24,0.9921341150042794,1,metal,metal,9,metal,global
oxide_thickness,0,0.08425709382892871,1,metal,metal,9,metal,global
oxide_thickness,1,3.4733822293723484e-05,1,metal,metal,9,metal,global
oxide_thickness,2,9.587569696398514,2,defect,metal,9,metal,global
oxide_thickness,3,0.0048335751650795,1,metal,metal,9,metal,global
oxide_thickness,4,0.04614124747958229,1,metal,metal,9,metal,global
oxide_thickness,5,12.330039574503992,2,defect,metal,9,metal,global
oxide_thickness,6,0.022256918431114436,1,metal,metal,9,metal,global
oxide_thickness,7,10.04152280124114,2,defect,metal,9,metal,global
oxide_thickness,8,9.019237444846413,2,defect,metal,9,metal,global
oxide_thickness,9,9.06747434248352,2,defect,metal,9,metal,global
oxide_thickness,10,0.02811799975093759,1,metal,metal,9,metal,global
oxide_thickness,11,0.06519841131494558,1,metal,metal,9,metal,global
oxide_thickness,12,0.00047023753151231266,1,metal,metal,9,metal,global
oxide_thickness,13,10.702862474570114,2,defect,metal,9,metal,global
oxide_thickness,14,0.13456497626928324,2,metal,oxide,9,metal,global
oxide_thickness,15,2.288506755223565e-05,1,metal,metal,9,metal,global
oxide_thickness,16,0.0007020966809665232,1,metal,metal,9,metal,global
oxide_thickness,17,12.646673846164425,2,defect,metal,9,metal,global
oxide_thickness,18,0.0018905157663312035,1,metal,metal,9,metal,global
oxide_thickness,19,0.013779504342575043,1,metal,metal,9,metal,global
oxide_thickness,20,10.209449597347064,3,oxide,metal,9,metal,global
oxide_thickness,21,0.002171146253205281,1,metal,metal,9,metal,global
oxide_thickness,22,9.016092752044683,2,defect,metal,9,metal,global
oxide_thickness,23,0.04507648184491665,1,metal,metal,9,metal,global
oxide_thickness,24,0.0038288251963670555,1,metal,metal,9,metal,global
P_upstream,0,9.275674526104915,3,defect,metal,9,metal,global
P_upstream,1,8.201848960589466,2,defect,metal,9,metal,global
P_upstream,2,8.080788443337353,3,defect,metal,9,metal,global
P_upstream,3,8.723130057826518,3,defect,metal,9,metal,global
P_upstream,4,8.021403277061728,3,defect,metal,9,metal,global
P_upstream,5,7.294999906750445,2,oxide,metal,9,metal,global
P_upstream,6,10.696015060869268,3,defect,metal,9,metal,global
P_upstream,7,8.154098325246238,3,defect,metal,9,metal,global
P_upstream,8,8.668750235309401,3,defect,metal,9,metal,global
P_upstream,9,8.083495080430577,3,defect,metal,9,metal,global
P_upstream,10,8.416108423609518,3,defect,metal,9,metal,global
P_upstream,11,8.249111809245212,3,defect,metal,9,metal,global
P_upstream,12,8.271892753297715,3,defect,metal,9,metal,global
P_upstream,13,7.7478413607975645,3,defect,metal,9,metal,global
P_upstream,14,7.995032189432766,3,defect,metal,9,metal,global
P_upstream,15,8.002269726799202,3,defect,metal,9,metal,global
P_upstream,16,8.198534159999467,3,defect,metal,9,metal,global
P_upstream,17,7.025060854794099,1,metal,metal,9,metal,global
P_upstream,18,8.01648964279727,3,defect,metal,9,metal,global
P_upstream,19,8.150812740375088,3,defect,metal,9,metal,global
P_upstream,20,7.974414515781205,3,defect,metal,9,metal,global
P_upstream,21,8.46599760309458,3,defect,metal,9,metal,global
P_upstream,22,8.063779273808548,3,defect,metal,9,metal,global
P_upstream,23,8.052876075444848,3,defect,metal,9,metal,global
P_upstream,24,8.014272777942496,3,defect,metal,9,metal,global
f_pinhole,0,0.005729858132658167,1,metal,metal,9,metal,global
f_pinhole,1,7.519669260088158e-07,1,metal,metal,9,metal,global
f_pinhole,2,1.3856079443246677e-07,1,metal,metal,9,metal,global
f_pinhole,3,0.00010744004409414872,1,metal,metal,9,metal,global
f_pinhole,4,0.0019340260331933384,1,metal,metal,9,metal,global
f_pinhole,5,1.1488993620104356e-08,1,metal,metal,9,metal,global
f_pinhole,6,0.00024937110833483673,1,metal,metal,9,metal,global
f_pinhole,7,2.4818719193443344e-07,1,metal,metal,9,metal,global
f_pinhole,8,5.147481122389258e-06,1,metal,metal,9,metal,global
f_pinhole,9,2.7096205321769196e-06,1,metal,metal,9,metal,global
f_pinhole,10,0.0013298253050911327,1,metal,metal,9,metal,global
f_pinhole,11,0.008349823601862417,1,metal,metal,9,metal,global
f_pinhole,12,1.02475659964474e-05,1,metal,metal,9,metal,global
f_pinhole,13,3.491699933266523e-08,1,metal,metal,9,metal,global
f_pinhole,14,0.00204775875188754,1,metal,metal,9,metal,global
f_pinhole,15,4.2413427775934363e-07,1,metal,metal,9,metal,global
f_pinhole,16,5.6537264899295076e-05,1,metal,metal,9,metal,global
f_pinhole,17,1.4323604249367353e-09,1,metal,metal,9,metal,global
f_pinhole,18,4.575207871966085e-07,1,metal,metal,9,metal,global
f_pinhole,19,0.00023069731548271943,1,metal,metal,9,metal,global
f_pinhole,20,1.079655387184827e-07,1,metal,metal,9,metal,global
f_pinhole,21,0.00013987712942093757,1,metal,metal,9,metal,global
f_pinhole,22,1.542309339211091e-06,1,metal,metal,9,metal,global
f_pinhole,23,0.0062100753600974196,1,metal,metal,9,metal,global
f_pinhole,24,0.00024356816466646901,1,metal,metal,9,metal,global
f_crack,0,0.004190539599743976,1,metal,metal,9,metal,global
f_crack,1,5.931087793856433e-07,1,metal,metal,9,metal,global
f_crack,2,8.584900642166675e-08,1,metal,metal,9,metal,global
f_crack,3,5.635774677933252e-05,1,metal,metal,9,metal,global
f_crack,4,0.0016363461619099747,1,metal,metal,9,metal,global
f_crack,5,9.921082444684606e-09,1,metal,metal,9,metal,global
f_crack,6,0.0001851878056740278,1,metal,metal,9,metal,global
f_crack,7,1.8079002351765632e-07,1,metal,metal,9,metal,global
f_crack,8,2.80626116034074e-06,1,metal,metal,9,metal,global
f_crack,9,1.4590537901876487e-06,1,metal,metal,9,metal,global
f_crack,10,0.0011011619388488498,1,metal,metal,9,metal,global
f_crack,11,0.005845558290593852,1,metal,metal,9,metal,global
f_crack,12,5.977336004405698e-06,1,metal,metal,9,metal,global
f_crack,13,2.996452116554944e-08,1,metal,metal,9,metal,global
f_crack,14,0.0011283709439070372,1,metal,metal,9,metal,global
f_crack,15,2.810777350839123e-07,1,metal,metal,9,metal,global
f_crack,16,2.8317571191415184e-05,1,metal,metal,9,metal,global
f_crack,17,1.081874933203239e-09,1,metal,metal,9,metal,global
f_crack,18,3.607404414208736e-07,1,metal,metal,9,metal,global
f_crack,19,0.00016751905638476012,1,metal,metal,9,metal,global
f_crack,20,9.455472501454081e-08,1,metal,metal,9,metal,global
f_crack,21,0.00010018234723202334,1,metal,metal,9,metal,global
f_crack,22,1.3028912530425378e-06,1,metal,metal,9,metal,global
f_crack,23,0.00568716869060144,1,metal,metal,9,metal,global
f_crack,24,0.00019895079237571917,1,metal,metal,9,metal,global
f_gb_defect,0,0.005689844105549556,1,metal,metal,9,metal,global
f_gb_defect,1,6.874695820132102e-07,1,metal,metal,9,metal,global
f_gb_defect,2,1.3573218323094193e-07,1,metal,metal,9,metal,global
f_gb_defect,3,0.00010583714586861728,1,metal,metal,9,metal,global
f_gb_defect,4,0.0017905098324956642,1,metal,metal,9,metal,global
f_gb_defect,5,1.1874123145325652e-08,1,metal,metal,9,metal,global
f_gb_defect,6,0.00024380029702690445,1,metal,metal,9,metal,global
f_gb_defect,7,2.3766929183351203e-07,1,metal,metal,9,metal,global
f_gb_defect,8,5.068283839144018e-06,1,metal,metal,9,metal,global
f_gb_defect,9,2.59088372708898e-06,1,metal,metal,9,metal,global
f_gb_defect,10,0.0012943838668713777,1,metal,metal,9,metal,global
f_gb_defect,11,0.007941059618682085,1,metal,metal,9,metal,global
f_gb_defect,12,1.0000612263982104e-05,1,metal,metal,9,metal,global
f_gb_defect,13,3.419372727129328e-08,1,metal,metal,9,metal,global
f_gb_defect,14,0.001871698194517811,1,metal,metal,9,metal,global
f_gb_defect,15,3.5183758131279695e-07,1,metal,metal,9,metal,global
f_gb_defect,16,5.342551457264594e-05,1,metal,metal,9,metal,global
f_gb_defect,17,6.90975923621024e-10,1,metal,metal,9,metal,global
f_gb_defect,18,4.4520761405110396e-07,1,metal,metal,9,metal,global
f_gb_defect,19,0.00022791602198835064,1,metal,metal,9,metal,global
f_gb_defect,20,7.276716458037581e-08,1,metal,metal,9,metal,global
f_gb_defect,21,0.00013594266681197386,1,metal,metal,9,metal,global
f_gb_defect,22,1.4825234254106447e-06,1,metal,metal,9,metal,global
f_gb_defect,23,0.006029102919959047,1,metal,metal,9,metal,global
f_gb_defect,24,0.00024030281469247875,1,metal,metal,9,metal,global
crack_thickness_factor,0,0.0009202389178946906,1,metal,metal,9,metal,global
crack_thickness_factor,1,2.9713389580802555e-07,1,metal,metal,9,metal,global
crack_thickness_factor,2,8.553326490069742e-09,1,metal,metal,9,metal,global
crack_thickness_factor,3,3.0838352915382294e-05,1,metal,metal,9,metal,global
crack_thickness_factor,4,0.00036740045043334935,1,metal,metal,9,metal,global
crack_thickness_factor,5,4.343868693060138e-09,1,metal,metal,9,metal,global
crack_thickness_factor,6,0.00011080848385133783,1,metal,metal,9,metal,global
crack_thickness_factor,7,8.53588165910747e-08,1,metal,metal,9,metal,global
crack_thickness_factor,8,1.9673754242041042e-06,1,metal,metal,9,metal,global
crack_thickness_factor,9,7.652934394616533e-07,1,metal,metal,9,metal,global
crack_thickness_factor,10,0.0004891818977821303,1,metal,metal,9,metal,global
crack_thickness_factor,11,0.002091247561678037,1,metal,metal,9,metal,global
crack_thickness_factor,12,4.687984074699956e-06,1,metal,metal,9,metal,global
crack_thickness_factor,13,7.819765975236566e-09,1,metal,metal,9,metal,global
crack_thickness_factor,14,0.00015636089251564242,1,metal,metal,9,metal,global
crack_thickness_factor,15,4.6656588116501275e-08,1,metal,metal,9,metal,global
crack_thickness_factor,16,5.491018772255846e-06,1,metal,metal,9,metal,global
crack_thickness_factor,17,6.143249625152438e-09,1,metal,metal,9,metal,global
crack_thickness_factor,18,1.524618197732113e-07,1,metal,metal,9,metal,global
crack_thickness_factor,19,6.117499417330737e-05,1,metal,metal,9,metal,global
crack_thickness_factor,20,1.1346663651957544e-09,1,metal,metal,9,metal,global
crack_thickness_factor,21,1.947643480768478e-05,1,metal,metal,9,metal,global
crack_thickness_factor,22,3.577819748581867e-07,1,metal,metal,9,metal,global
crack_thickness_factor,23,0.002573667108357507,1,metal,metal,9,metal,global
crack_thickness_factor,24,5.34617952719515e-06,1,metal,metal,9,metal,global
gb_diffusivity_factor,0,0.003218120647136147,1,metal,metal,9,metal,global
gb_diffusivity_factor,1,7.07994691270939e-07,1,metal,metal,9,metal,global
gb_diffusivity_factor,2,8.928014762465034e-09,1,metal,metal,9,metal,global
gb_diffusivity_factor,3,7.805712123945626e-05,1,metal,metal,9,metal,global
gb_diffusivity_factor,4,0.0010305987746247302,1,metal,metal,9,metal,global
gb_diffusivity_factor,5,7.818399137510082e-09,1,metal,metal,9,metal,global
gb_diffusivity_factor,6,5.688106715339587e-05,1,metal,metal,9,metal,global
gb_diffusivity_factor,7,9.823666908863175e-08,1,metal,metal,9,metal,global
gb_diffusivity_factor,8,3.532754335755079e-06,1,metal,metal,9,metal,global
gb_diffusivity_factor,9,2.520719835059701e-06,1,metal,metal,9,metal,global
gb_diffusivity_factor,10,0.0008217153926791975,1,metal,metal,9,metal,global
gb_diffusivity_factor,11,0.007087397921423237,1,metal,metal,9,metal,global
gb_diffusivity_factor,12,5.906018543863907e-06,1,metal,metal,9,metal,global
gb_diffusivity_factor,13,4.589650978540786e-09,1,metal,metal,9,metal,global
gb_diffusivity_factor,14,0.0009283276854658573,1,metal,metal,9,metal,global
gb_diffusivity_factor,15,2.748110392130854e-07,1,metal,metal,9,metal,global
gb_diffusivity_factor,16,2.3835610525826514e-05,1,metal,metal,9,metal,global
gb_diffusivity_factor,17,4.003902762613829e-09,1,metal,metal,9,metal,global
gb_diffusivity_factor,18,3.4561577317073846e-07,1,metal,metal,9,metal,global
gb_diffusivity_factor,19,8.775212370693114e-05,1,metal,metal,9,metal,global
gb_diffusivity_factor,20,6.243522322349614e-09,1,metal,metal,9,metal,global
gb_diffusivity_factor,21,0.00012571707761084284,1,metal,metal,9,metal,global
gb_diffusivity_factor,22,8.822673575102552e-07,1,metal,metal,9,metal,global
gb_diffusivity_factor,23,0.0047857429898754845,1,metal,metal,9,metal,global
gb_diffusivity_factor,24,0.00011200069777792666,1,metal,metal,9,metal,global
grain_size,0,6.899656032054098e-05,1,metal,metal,9,metal,global
grain_size,1,0.00011845693046029505,1,metal,metal,9,metal,global
grain_size,2,0.00010142964849487489,1,metal,metal,9,metal,global
grain_size,3,0.00010735586566698634,1,metal,metal,9,metal,global
grain_size,4,6.943831957810663e-05,1,metal,metal,9,metal,global
grain_size,5,5.8817966150316166e-05,1,metal,metal,9,metal,global
grain_size,6,9.871224895446507e-05,1,metal,metal,9,metal,global
grain_size,7,0.00011687210284897234,1,metal,metal,9,metal,global
grain_size,8,5.727343838372906e-05,1,metal,metal,9,metal,global
grain_size,9,0.00012392162922891418,1,metal,metal,9,metal,global
grain_size,10,7.268662986322278e-05,1,metal,metal,9,metal,global
grain_size,11,4.353336381186894e-05,1,metal,metal,9,metal,global
grain_size,12,8.584459655391256e-05,1,metal,metal,9,metal,global
grain_size,13,8.500159628434762e-05,1,metal,metal,9,metal,global
grain_size,14,9.202108811340781e-05,1,metal,metal,9,metal,global
grain_size,15,0.00010137368842657789,1,metal,metal,9,metal,global
grain_size,16,0.00010375466909578939,1,metal,metal,9,metal,global
grain_size,17,4.55823547158083e-05,1,metal,metal,9,metal,global
grain_size,18,6.339543596485056e-05,1,metal,metal,9,metal,global
grain_size,19,0.00011556299509571876,1,metal,metal,9,metal,global
grain_size,20,8.485295401069634e-05,1,metal,metal,9,metal,global
grain_size,21,0.00012019043072149475,1,metal,metal,9,metal,global
grain_size,22,5.2057855610965426e-05,1,metal,metal,9,metal,global
grain_size,23,7.160729783106438e-05,1,metal,metal,9,metal,global
grain_size,24,4.4353052847427715e-05,1,metal,metal,9,metal,global
gb_thickness,0,3.610506963238828e-06,1,metal,metal,9,metal,global
gb_thickness,1,4.687252936835386e-06,1,metal,metal,9,metal,global
gb_thickness,2,9.681797576805154e-06,1,metal,metal,9,metal,global
gb_thickness,3,2.210399681606354e-06,1,metal,metal,9,metal,global
gb_thickness,4,2.503924648932233e-06,1,metal,metal,9,metal,global
gb_thickness,5,4.07690704200415e-06,1,metal,metal,9,metal,global
gb_thickness,6,2.6533772279875828e-06,1,metal,metal,9,metal,global
gb_thickness,7,2.12389782579633e-06,1,metal,metal,9,metal,global
gb_thickness,8,3.0016128740606356e-05,1,metal,metal,9,metal,global
gb_thickness,9,1.8404212193790918e-05,1,metal,metal,9,metal,global
gb_thickness,10,3.7465373685724707e-06,1,metal,metal,9,metal,global
gb_thickness,11,1.594384476019255e-06,1,metal,metal,9,metal,global
gb_thickness,12,2.3294816505014736e-06,1,metal,metal,9,metal,global
gb_thickness,13,1.0706452554158936e-05,1,metal,metal,9,metal,global
gb_thickness,14,6.0571072188994665e-06,1,metal,metal,9,metal,global
gb_thickness,15,8.198537216950543e-06,1,metal,metal,9,metal,global
gb_thickness,16,4.861828948684463e-06,1,metal,metal,9,metal,global
gb_thickness,17,3.85061335323927e-06,1,metal,metal,9,metal,global
gb_thickness,18,6.951045558134383e-06,1,metal,metal,9,metal,global
gb_thickness,19,1.6480619056431647e-05,1,metal,metal,9,metal,global
gb_thickness,20,1.9984073695152384e-06,1,metal,metal,9,metal,global
gb_thickness,21,1.1402744503801477e-05,1,metal,metal,9,metal,global
gb_thickness,22,3.934031048955183e-06,1,metal,metal,9,metal,global
gb_thickness,23,2.8081326487415457e-06,1,metal,metal,9,metal,global
gb_thickness,24,1.3112262733972164e-05,1,metal,metal,9,metal,global
lattice_density,0,0.05667612352987253,1,metal,metal,9,metal,global
lattice_density,1,0.07406662300162664,1,metal,metal,9,metal,global
lattice_density,2,0.03053106621679349,1,metal,metal,9,metal,global
lattice_density,3,0.1262043237015605,1,metal,metal,9,metal,global
lattice_density,4,0.13073204416265408,1,metal,metal,9,metal,global
lattice_density,5,0.14892930574433785,1,metal,metal,9,metal,global
lattice_density,6,0.0946473451753932,1,metal,metal,9,metal,global
lattice_density,7,0.10607550613402364,1,metal,metal,9,metal,global
lattice_density,8,0.11624087055241827,1,metal,metal,9,metal,global
lattice_density,9,0.1385079894885311,1,metal,metal,9,metal,global
lattice_density,10,0.13098985505988356,1,metal,metal,9,metal,global
lattice_density,11,0.07215367982250591,1,metal,metal,9,metal,global
lattice_density,12,0.15671621804615163,1,metal,metal,9,metal,global
lattice_density,13,0.15340325110414474,1,metal,metal,9,metal,global
lattice_density,14,0.08572922734540481,1,metal,metal,9,metal,global
lattice_density,15,0.12621792246025945,1,metal,metal,9,metal,global
lattice_density,16,0.08197723756161956,1,metal,metal,9,metal,global
lattice_density,17,0.08684207778338571,1,metal,metal,9,metal,global
lattice_density,18,0.034923181132220704,1,metal,metal,9,metal,global
lattice_density,19,0.1368384859062728,1,metal,metal,9,metal,global
lattice_density,20,0.0740310436762067,1,metal,metal,9,metal,global
lattice_density,21,0.11922986115611997,1,metal,metal,9,metal,global
lattice_density,22,0.14967262874328813,1,metal,metal,9,metal,global
lattice_density,23,0.11650512882021155,1,metal,metal,9,metal,global
lattice_density,24,0.15539325094374776,1,metal,metal,9,metal,global
trap_dislocation_E_b,0,4.1466081061791144e-15,1,metal,metal,9,metal,global
trap_dislocation_E_b,1,6.750292265873004e-16,1,metal,metal,9,metal,global
trap_dislocation_E_b,2,6.750292265873004e-16,1,metal,metal,9,metal,global
trap_dislocation_E_b,3,1.3982748265022437e-14,1,metal,metal,9,metal,global
trap_dislocation_E_b,4,1.157192959863943e-15,1,metal,metal,9,metal,global
trap_dislocation_E_b,5,1.9286549331065737e-16,1,metal,metal,9,metal,global
trap_dislocation_E_b,6,5.014502826077064e-15,1,metal,metal,9,metal,global
trap_dislocation_E_b,7,2.8929823996598605e-16,1,metal,metal,9,metal,global
trap_dislocation_E_b,8,9.64327466553287e-17,1,metal,metal,9,metal,global
trap_dislocation_E_b,9,1.9286549331065737e-16,1,metal,metal,9,metal,global
trap_dislocation_E_b,10,2.8929823996598517e-15,1,metal,metal,9,metal,global
trap_dislocation_E_b,11,8.29321621235819e-15,1,metal,metal,9,metal,global
trap_dislocation_E_b,12,9.64327466553287e-17,1,metal,metal,9,metal,global
trap_dislocation_E_b,13,1.9286549331065737e-16,1,metal,metal,9,metal,global
trap_dislocation_E_b,14,5.110935572732392e-15,1,metal,metal,9,metal,global
trap_dislocation_E_b,15,3.857309866213147e-16,1,metal,metal,9,metal,global
trap_dislocation_E_b,16,2.806192927669975e-14,1,metal,metal,9,metal,global
trap_dislocation_E_b,17,2.8929823996598605e-16,1,metal,metal,9,metal,global
trap_dislocation_E_b,18,3.857309866213147e-16,1,metal,metal,9,metal,global
trap_dislocation_E_b,19,4.243040852834442e-15,1,metal,metal,9,metal,global
trap_dislocation_E_b,20,6.750292265873004e-16,1,metal,metal,9,metal,global
trap_dislocation_E_b,21,0.0,1,metal,metal,9,metal,global
trap_dislocation_E_b,22,2.8929823996598605e-16,1,metal,metal,9,metal,global
trap_dislocation_E_b,23,2.7001169063491955e-15,1,metal,metal,9,metal,global
trap_dislocation_E_b,24,8.871812692290151e-15,1,metal,metal,9,metal,global
trap_dislocation_N_T,0,1.3307719038435158e-14,1,metal,metal,9,metal,global
trap_dislocation_N_T,1,1.157192959863943e-15,1,metal,metal,9,metal,global
trap_dislocation_N_T,2,1.0607602132086145e-15,1,metal,metal,9,metal,global
trap_dislocation_N_T,3,1.4079181011677764e-14,1,metal,metal,9,metal,global
trap_dislocation_N_T,4,7.32888874580492e-15,1,metal,metal,9,metal,global
trap_dislocation_N_T,5,1.9286549331065737e-16,1,metal,metal,9,metal,global
trap_dislocation_N_T,6,5.014502826077064e-15,1,metal,metal,9,metal,global
trap_dislocation_N_T,7,3.857309866213147e-16,1,metal,metal,9,metal,global
trap_dislocation_N_T,8,9.64327466553287e-17,1,metal,metal,9,metal,global
trap_dislocation_N_T,9,1.9286549331065737e-16,1,metal,metal,9,metal,global
trap_dislocation_N_T,10,7.714619732426228e-15,1,metal,metal,9,metal,global
trap_dislocation_N_T,11,9.064678185600804e-15,1,metal,metal,9,metal,global
trap_dislocation_N_T,12,1.9286549331065737e-16,1,metal,metal,9,metal,global
trap_dislocation_N_T,13,1.9286549331065737e-16,1,metal,metal,9,metal,global
trap_dislocation_N_T,14,1.5718537704818296e-14,1,metal,metal,9,metal,global
trap_dislocation_N_T,15,3.857309866213147e-16,1,metal,metal,9,metal,global
trap_dislocation_N_T,16,2.7869063783389104e-14,1,metal,metal,9,metal,global
trap_dislocation_N_T,17,9.64327466553286e-16,1,metal,metal,9,metal,global
trap_dislocation_N_T,18,8.678947198979575e-16,1,metal,metal,9,metal,global
trap_dislocation_N_T,19,9.064678185600804e-15,1,metal,metal,9,metal,global
trap_dislocation_N_T,20,1.0607602132086145e-15,1,metal,metal,9,metal,global
trap_dislocation_N_T,21,1.9286549331065737e-16,1,metal,metal,9,metal,global
trap_dislocation_N_T,22,3.857309866213147e-16,1,metal,metal,9,metal,global
trap_dislocation_N_T,23,5.593099306009029e-15,1,metal,metal,9,metal,global
trap_dislocation_N_T,24,8.871812692290151e-15,1,metal,metal,9,metal,global
trap_gb_E_b,0,6.176517423269412e-13,1,metal,metal,9,metal,global
trap_gb_E_b,1,1.4014571071396308e-12,1,metal,metal,9,metal,global
trap_gb_E_b,2,1.0125438398809397e-14,1,metal,metal,9,metal,global
trap_gb_E_b,3,1.530387689419797e-13,1,metal,metal,9,metal,global
trap_gb_E_b,4,8.013561247057077e-14,1,metal,metal,9,metal,global
trap_gb_E_b,5,2.8929823996598605e-16,1,metal,metal,9,metal,global
trap_gb_E_b,6,4.473515117338395e-13,1,metal,metal,9,metal,global
trap_gb_E_b,7,6.364561279251649e-15,1,metal,metal,9,metal,global
trap_gb_E_b,8,5.32212328790433e-13,1,metal,metal,9,metal,global
trap_gb_E_b,9,1.7550759891269472e-14,1,metal,metal,9,metal,global
trap_gb_E_b,10,1.8264362216515416e-13,1,metal,metal,9,metal,global
trap_gb_E_b,11,3.5275098726504915e-13,1,metal,metal,9,metal,global
trap_gb_E_b,12,1.3490941257078391e-13,1,metal,metal,9,metal,global
trap_gb_E_b,13,4.243040852834442e-15,1,metal,metal,9,metal,global
trap_gb_E_b,14,3.1871022769574445e-13,1,metal,metal,9,metal,global
trap_gb_E_b,15,3.695785015549747e-12,1,metal,metal,9,metal,global
trap_gb_E_b,16,1.141763720398942e-13,1,metal,metal,9,metal,global
trap_gb_E_b,17,5.776321524653806e-14,1,metal,metal,9,metal,global
trap_gb_E_b,18,3.384789407601906e-14,1,metal,metal,9,metal,global
trap_gb_E_b,19,6.981730857845237e-14,1,metal,metal,9,metal,global
trap_gb_E_b,20,2.4301052157142157e-14,1,metal,metal,9,metal,global
trap_gb_E_b,21,4.001958986195957e-14,1,metal,metal,9,metal,global
trap_gb_E_b,22,4.5323390928004254e-15,1,metal,metal,9,metal,global
trap_gb_E_b,23,2.2150601906723357e-13,1,metal,metal,9,metal,global
trap_gb_E_b,24,1.6788941192689484e-13,1,metal,metal,9,metal,global
trap_gb_N_T,0,2.217278143840313e-12,1,metal,metal,9,metal,global
trap_gb_N_T,1,6.176517423229883e-12,1,metal,metal,9,metal,global
trap_gb_N_T,2,1.417069568802271e-11,1,metal,metal,9,metal,global
trap_gb_N_T,3,1.2721407938752332e-12,1,metal,metal,9,metal,global
trap_gb_N_T,4,7.850589905203215e-13,1,metal,metal,9,metal,global
trap_gb_N_T,5,4.474479444807022e-14,1,metal,metal,9,metal,global
trap_gb_N_T,6,1.4664527783851079e-12,1,metal,metal,9,metal,global
trap_gb_N_T,7,4.927713354087018e-14,1,metal,metal,9,metal,global
trap_gb_N_T,8,1.1460067612504145e-12,1,metal,metal,9,metal,global
trap_gb_N_T,9,4.717489966376118e-13,1,metal,metal,9,metal,global
trap_gb_N_T,10,9.761886943907953e-13,1,metal,metal,9,metal,global
trap_gb_N_T,11,1.4573881001995376e-12,1,metal,metal,9,metal,global
trap_gb_N_T,12,3.475436189456656e-13,1,metal,metal,9,metal,global
trap_gb_N_T,13,3.500508703588291e-14,1,metal,metal,9,metal,global
trap_gb_N_T,14,1.4037714930593513e-12,1,metal,metal,9,metal,global
trap_gb_N_T,15,5.491362758252976e-12,1,metal,metal,9,metal,global
trap_gb_N_T,16,2.341676387025034e-12,1,metal,metal,9,metal,global
trap_gb_N_T,17,1.441669562496925e-13,1,metal,metal,9,metal,global
trap_gb_N_T,18,2.0409026502085814e-12,1,metal,metal,9,metal,global
trap_gb_N_T,19,6.344310402449442e-13,1,metal,metal,9,metal,global
trap_gb_N_T,20,1.5082081576890792e-13,1,metal,metal,9,metal,global
trap_gb_N_T,21,9.006818537598362e-13,1,metal,metal,9,metal,global
trap_gb_N_T,22,6.761864195466386e-13,1,metal,metal,9,metal,global
trap_gb_N_T,23,7.385784066325345e-13,1,metal,metal,9,metal,global
trap_gb_N_T,24,3.5265455451839394e-13,1,metal,metal,9,metal,global
trap_vacancy_E_b,0,0.05014815761872895,1,metal,metal,9,metal,global
trap_vacancy_E_b,1,0.16063365649074668,1,metal,metal,9,metal,global
trap_vacancy_E_b,2,0.10404717314774324,1,metal,metal,9,metal,global
trap_vacancy_E_b,3,0.4257702852402106,1,metal,metal,9,metal,global
trap_vacancy_E_b,4,0.4894781428642251,1,metal,metal,9,metal,global
trap_vacancy_E_b,5,0.48579126682633084,1,metal,metal,9,metal,global
trap_vacancy_E_b,6,0.12310793881943546,1,metal,metal,9,metal,global
trap_vacancy_E_b,7,0.45147862882492595,1,metal,metal,9,metal,global
trap_vacancy_E_b,8,0.43826023637230965,1,metal,metal,9,metal,global
trap_vacancy_E_b,9,0.4894627438614942,1,metal,metal,9,metal,global
trap_vacancy_E_b,10,0.3822180924447969,1,metal,metal,9,metal,global
trap_vacancy_E_b,11,0.2589323835419474,1,metal,metal,9,metal,global
trap_vacancy_E_b,12,0.48916175901435605,1,metal,metal,9,metal,global
trap_vacancy_E_b,13,0.5012430227218425,1,metal,metal,9,metal,global
trap_vacancy_E_b,14,0.2344914342806996,1,metal,metal,9,metal,global
trap_vacancy_E_b,15,0.3061411453332064,1,metal,metal,9,metal,global
trap_vacancy_E_b,16,0.16299340155323302,1,metal,metal,9,metal,global
trap_vacancy_E_b,17,0.3106003712781935,1,metal,metal,9,metal,global
trap_vacancy_E_b,18,0.12456727641813828,1,metal,metal,9,metal,global
trap_vacancy_E_b,19,0.4784647163783867,1,metal,metal,9,metal,global
trap_vacancy_E_b,20,0.24873847096632784,1,metal,metal,9,metal,global
trap_vacancy_E_b,21,0.3558206237593086,1,metal,metal,9,metal,global
trap_vacancy_E_b,22,0.49247346257753893,1,metal,metal,9,metal,global
trap_vacancy_E_b,23,0.3788464756175432,1,metal,metal,9,metal,global
trap_vacancy_E_b,24,0.4927395987958652,1,metal,metal,9,metal,global
trap_vacancy_N_T,0,0.8928132406694225,1,metal,metal,9,metal,global
trap_vacancy_N_T,1,0.48444829416284274,1,metal,metal,9,metal,global
trap_vacancy_N_T,2,0.515546499263302,1,metal,metal,9,metal,global
trap_vacancy_N_T,3,0.6655844589956929,1,metal,metal,9,metal,global
trap_vacancy_N_T,4,0.5683007741132642,1,metal,metal,9,metal,global
trap_vacancy_N_T,5,0.8967767535457946,1,metal,metal,9,metal,global
trap_vacancy_N_T,6,0.8961549331068962,1,metal,metal,9,metal,global
trap_vacancy_N_T,7,0.6517826626656925,1,metal,metal,9,metal,global
trap_vacancy_N_T,8,0.5210657887050134,1,metal,metal,9,metal,global
trap_vacancy_N_T,9,0.8235290943279674,1,metal,metal,9,metal,global
trap_vacancy_N_T,10,0.9951431586073369,1,metal,metal,9,metal,global
trap_vacancy_N_T,11,0.6788974337862679,1,metal,metal,9,metal,global
trap_vacancy_N_T,12,0.8891293331293472,1,metal,metal,9,metal,global
trap_vacancy_N_T,13,0.8595911112650516,1,metal,metal,9,metal,global
trap_vacancy_N_T,14,0.7062157322489518,1,metal,metal,9,metal,global
trap_vacancy_N_T,15,0.9692678980072195,1,metal,metal,9,metal,global
trap_vacancy_N_T,16,0.8719757775933652,1,metal,metal,9,metal,global
trap_vacancy_N_T,17,0.4893604800252038,1,metal,metal,9,metal,global
trap_vacancy_N_T,18,0.7030784350432981,1,metal,metal,9,metal,global
trap_vacancy_N_T,19,0.8135319615565882,1,metal,metal,9,metal,global
trap_vacancy_N_T,20,0.7261071034543057,1,metal,metal,9,metal,global
trap_vacancy_N_T,21,0.5577555254551472,1,metal,metal,9,metal,global
trap_vacancy_N_T,22,0.8136905712190002,1,metal,metal,9,metal,global
trap_vacancy_N_T,23,0.7638689272812509,2,oxide,metal,9,metal,global
trap_vacancy_N_T,24,0.9565914546868383,1,metal,metal,9,metal,global
trap_carbide_E_b,0,0.12021322661637335,1,metal,metal,9,metal,global
trap_carbide_E_b,1,0.17824610369138832,1,metal,metal,9,metal,global
trap_carbide_E_b,2,0.12318487452679672,1,metal,metal,9,metal,global
trap_carbide_E_b,3,0.022688671518553326,1,metal,metal,9,metal,global
trap_carbide_E_b,4,0.03287437603689765,1,metal,metal,9,metal,global
trap_carbide_E_b,5,0.04649062798729098,1,metal,metal,9,metal,global
trap_carbide_E_b,6,0.09842769348995083,1,metal,metal,9,metal,global
trap_carbide_E_b,7,0.016229271791429883,1,metal,metal,9,metal,global
trap_carbide_E_b,8,0.08215237043258401,1,metal,metal,9,metal,global
trap_carbide_E_b,9,0.026621064327634603,1,metal,metal,9,metal,global
trap_carbide_E_b,10,0.06152760352830972,1,metal,metal,9,metal,global
trap_carbide_E_b,11,0.05409430459828091,1,metal,metal,9,metal,global
trap_carbide_E_b,12,0.02040237937107938,1,metal,metal,9,metal,global
trap_carbide_E_b,13,0.012685734436919031,1,metal,metal,9,metal,global
trap_carbide_E_b,14,0.07540761073624347,1,metal,metal,9,metal,global
trap_carbide_E_b,15,0.0416259665544342,1,metal,metal,9,metal,global
trap_carbide_E_b,16,0.10771603003445228,1,metal,metal,9,metal,global
trap_carbide_E_b,17,0.13467861837350298,1,metal,metal,9,metal,global
trap_carbide_E_b,18,0.0216466248210422,1,metal,metal,9,metal,global
trap_carbide_E_b,19,0.007868224359032007,1,metal,metal,9,metal,global
trap_carbide_E_b,20,0.1153504261413977,1,metal,metal,9,metal,global
trap_carbide_E_b,21,0.05870323628985389,1,metal,metal,9,metal,global
trap_carbide_E_b,22,0.017188327816611566,1,metal,metal,9,metal,global
trap_carbide_E_b,23,0.037961112080037725,1,metal,metal,9,metal,global
trap_carbide_E_b,24,0.005843957848055398,1,metal,metal,9,metal,global
trap_carbide_N_T,0,0.13258981916644802,1,metal,metal,9,metal,global
trap_carbide_N_T,1,0.17331930920022684,1,metal,metal,9,metal,global
trap_carbide_N_T,2,0.04334944465541245,1,metal,metal,9,metal,global
trap_carbide_N_T,3,0.0663609522571747,1,metal,metal,9,metal,global
trap_carbide_N_T,4,0.01447646972633326,1,metal,metal,9,metal,global
trap_carbide_N_T,5,0.017574482632431297,1,metal,metal,9,metal,global
trap_carbide_N_T,6,0.17730339066134934,1,metal,metal,9,metal,global
trap_carbide_N_T,7,0.08573044690614508,1,metal,metal,9,metal,global
trap_carbide_N_T,8,0.020050902965440428,1,metal,metal,9,metal,global
trap_carbide_N_T,9,0.014843190758924455,1,metal,metal,9,metal,global
trap_carbide_N_T,10,0.018319699680912176,1,metal,metal,9,metal,global
trap_carbide_N_T,11,0.04548363456623364,1,metal,metal,9,metal,global
trap_carbide_N_T,12,0.009333011901138001,1,metal,metal,9,metal,global
trap_carbide_N_T,13,0.014912877605891894,1,metal,metal,9,metal,global
trap_carbide_N_T,14,0.11444597025518932,1,metal,metal,9,metal,global
trap_carbide_N_T,15,0.03997589056907991,1,metal,metal,9,metal,global
trap_carbide_N_T,16,0.14137682198266532,1,metal,metal,9,metal,global
trap_carbide_N_T,17,0.06019884061963575,1,metal,metal,9,metal,global
trap_carbide_N_T,18,0.19425419133515304,1,metal,metal,9,metal,global
trap_carbide_N_T,19,0.04357741780314893,1,metal,metal,9,metal,global
trap_carbide_N_T,20,0.0650553656264773,1,metal,metal,9,metal,global
trap_carbide_N_T,21,0.09692544669067146,1,metal,metal,9,metal,global
trap_carbide_N_T,22,0.013232011962225562,1,metal,metal,9,metal,global
trap_carbide_N_T,23,0.028875303366884177,1,metal,metal,9,metal,global
trap_carbide_N_T,24,0.01106282970136525,1,metal,metal,9,metal,global
D_ref,0,3.925406131419715,1,metal,metal,9,metal,preset
D_ref,1,3.9999782273533175,1,metal,metal,9,metal,preset
D_ref,2,7.672455273200165,2,defect,metal,9,metal,preset
D_ref,3,3.9988438589134603,1,metal,metal,9,metal,preset
D_ref,4,3.971680980882876,1,metal,metal,9,metal,preset
D_ref,5,8.839876752240281,2,defect,metal,9,metal,preset
D_ref,6,3.9968889279993043,1,metal,metal,9,metal,preset
D_ref,7,8.257279070143765,2,defect,metal,9,metal,preset
D_ref,8,3.9999156137153578,1,metal,metal,9,metal,preset
D_ref,9,3.9999717550123135,1,metal,metal,9,metal,preset
D_ref,10,3.9804133140088505,1,metal,metal,9,metal,preset
D_ref,11,3.9039634742534797,1,metal,metal,9,metal,preset
D_ref,12,3.9984332758451298,1,metal,metal,9,metal,preset
D_ref,13,7.697381771231401,2,defect,metal,9,metal,preset
D_ref,14,3.913126425437342,1,metal,metal,9,metal,preset
D_ref,15,3.9999962975135737,1,metal,metal,9,metal,preset
D_ref,16,3.9989963886766278,1,metal,metal,9,metal,preset
D_ref,17,8.655393591061607,2,defect,metal,9,metal,preset
D_ref,18,3.9999803613151923,1,metal,metal,9,metal,preset
D_ref,19,3.997636562238988,1,metal,metal,9,metal,preset
D_ref,20,7.061343742359173,2,defect,metal,9,metal,preset
D_ref,21,3.9982748037856473,1,metal,metal,9,metal,preset
D_ref,22,3.999972016707955,1,metal,metal,9,metal,preset
D_ref,23,3.911566167051867,1,metal,metal,9,metal,preset
D_ref,24,3.997020495141005,1,metal,metal,9,metal,preset
E_D,0,0.0296652027279315,1,metal,metal,9,metal,preset
E_D,1,0.033551602902985436,1,metal,metal,9,metal,preset
E_D,2,0.03355198104436504,1,metal,metal,9,metal,preset
E_D,3,0.03348023738471804,1,metal,metal,9,metal,preset
E_D,4,0.03233095950315352,1,metal,metal,9,metal,preset
E_D,5,0.03355207224279917,1,metal,metal,9,metal,preset
E_D,6,0.03337040096399052,1,metal,metal,9,metal,preset
E_D,7,0.03355191603531759,1,metal,metal,9,metal,preset
E_D,8,0.033548566921215654,1,metal,metal,9,metal,preset
E_D,9,0.033550395013741706,1,metal,metal,9,metal,preset
E_D,10,0.03268917235076493,1,metal,metal,9,metal,preset
E_D,11,0.028553008045048272,1,metal,metal,9,metal,preset
E_D,12,0.03354565558233357,1,metal,metal,9,metal,preset
E_D,13,0.033552055722595966,1,metal,metal,9,metal,preset
E_D,14,0.03224486209395006,1,metal,metal,9,metal,preset
E_D,15,0.033551809715684174,1,metal,metal,9,metal,preset
E_D,16,0.033512478050706875,1,metal,metal,9,metal,preset
E_D,17,0.033552071434532656,1,metal,metal,9,metal,preset
E_D,18,0.033551774189045765,1,metal,metal,9,metal,preset
E_D,19,0.03339655109177476,1,metal,metal,9,metal,preset
E_D,20,0.03355199858630528,1,metal,metal,9,metal,preset
E_D,21,0.03346056187865884,1,metal,metal,9,metal,preset
E_D,22,0.0335511217462547,1,metal,metal,9,metal,preset
E_D,23,0.030112782817273254,1,metal,metal,9,metal,preset
E_D,24,0.03338585757406225,1,metal,metal,9,metal,preset
K_s_ref,0,2.934900005975219,1,metal,metal,9,metal,preset
K_s_ref,1,2.999993374777886,1,metal,metal,9,metal,preset
K_s_ref,2,2.9999826952839013,1,metal,metal,9,metal,preset
K_s_ref,3,2.9990119463456977,1,metal,metal,9,metal,preset
K_s_ref,4,2.9843156798014956,1,metal,metal,9,metal,preset
K_s_ref,5,8.552197518358092,2,defect,metal,9,metal,preset
K_s_ref,6,2.997472864407795,1,metal,metal,9,metal,preset
K_s_ref,7,2.9999973073204784,1,metal,metal,9,metal,preset
K_s_ref,8,2.9998957855393433,1,metal,metal,9,metal,preset
K_s_ref,9,2.999908779092889,1,metal,metal,9,metal,preset
K_s_ref,10,2.6231460913100095,2,metal,oxide,9,metal,preset
K_s_ref,11,2.872139185590217,2,metal,oxide,9,metal,preset
K_s_ref,12,2.999729341904525,1,metal,metal,9,metal,preset
K_s_ref,13,7.836491180438008,2,defect,metal,9,metal,preset
K_s_ref,14,2.9571723072340594,1,metal,metal,9,metal,preset
K_s_ref,15,2.999995155977344,1,metal,metal,9,metal,preset
K_s_ref,16,2.9868440274175247,1,metal,metal,9,metal,preset
K_s_ref,17,8.643830527976688,2,defect,metal,9,metal,preset
K_s_ref,18,2.9999932783014995,1,metal,metal,9,metal,preset
K_s_ref,19,2.997885997272571,1,metal,metal,9,metal,preset
K_s_ref,20,2.999998706019819,1,metal,metal,9,metal,preset
K_s_ref,21,2.988745365370734,1,metal,metal,9,metal,preset
K_s_ref,22,2.999984661933387,1,metal,metal,9,metal,preset
K_s_ref,23,2.93450165460245,1,metal,metal,9,metal,preset
K_s_ref,24,2.9925394117204984,1,metal,metal,9,metal,preset
H_s,0,0.0729975815667203,1,metal,metal,9,metal,preset
H_s,1,0.0822014575700598,1,metal,metal,9,metal,preset
H_s,2,0.08220236414537302,1,metal,metal,9,metal,preset
H_s,3,0.08203163182438843,1,metal,metal,9,metal,preset
H_s,4,0.07902335518323138,1,metal,metal,9,metal,preset
H_s,5,0.08220257542757156,1,metal,metal,9,metal,preset
H_s,6,0.08178792848276117,1,metal,metal,9,metal,preset
H_s,7,0.08220215552380145,1,metal,metal,9,metal,preset
H_s,8,0.08219341230167956,1,metal,metal,9,metal,preset
H_s,9,0.08219861239773543,1,metal,metal,9,metal,preset
H_s,10,0.08011786766653518,1,metal,metal,9,metal,preset
H_s,11,0.0701673850213885,1,metal,metal,9,metal,preset
H_s,12,0.08218645432713745,1,metal,metal,9,metal,preset
H_s,13,0.08220253203383339,1,metal,metal,9,metal,preset
H_s,14,0.0790291047797192,1,metal,metal,9,metal,preset
H_s,15,0.08220188247261866,1,metal,metal,9,metal,preset
H_s,16,0.0821101126535547,1,metal,metal,9,metal,preset
H_s,17,0.08220258804867113,1,metal,metal,9,metal,preset
H_s,18,0.0822019200844377,1,metal,metal,9,metal,preset
H_s,19,0.08184018458260345,1,metal,metal,9,metal,preset
H_s,20,0.08220238782416506,1,metal,metal,9,metal,preset
H_s,21,0.08197425221134838,1,metal,metal,9,metal,preset
H_s,22,0.08220037769990489,1,metal,metal,9,metal,preset
H_s,23,0.07422868360107394,1,metal,metal,9,metal,preset
H_s,24,0.08177836918759726,1,metal,metal,9,metal,preset
D_ox_ref,0,1.6072287569592434,3,defect,metal,9,metal,preset
D_ox_ref,1,0.009413678150611652,1,metal,metal,9,metal,preset
D_ox_ref,2,0.00406474087961534,1,metal,metal,9,metal,preset
D_ox_ref,3,0.9200788451774257,3,defect,metal,9,metal,preset
D_ox_ref,4,0.1999574261490715,2,oxide,metal,9,metal,preset
D_ox_ref,5,0.0001919313342286304,1,metal,metal,9,metal,preset
D_ox_ref,6,0.7930813599900799,2,oxide,metal,9,metal,preset
D_ox_ref,7,0.017002558109348868,1,metal,metal,9,metal,preset
D_ox_ref,8,0.22604946439728796,2,oxide,metal,9,metal,preset
D_ox_ref,9,0.10793541640236108,1,metal,metal,9,metal,preset
D_ox_ref,10,1.110266371415064,3,defect,metal,9,metal,preset
D_ox_ref,11,1.2084512986951557,3,defect,metal,9,metal,preset
D_ox_ref,12,0.48614708636845394,2,oxide,metal,9,metal,preset
D_ox_ref,13,0.0010585079226550608,1,metal,metal,9,metal,preset
D_ox_ref,14,0.9746981006227492,3,defect,metal,9,metal,preset
D_ox_ref,15,0.019135315282064472,1,metal,metal,9,metal,preset
D_ox_ref,16,0.8076843810306168,3,defect,metal,9,metal,preset
D_ox_ref,17,3.924437460384514e-05,1,metal,metal,9,metal,preset
D_ox_ref,18,0.023402353088101024,1,metal,metal,9,metal,preset
D_ox_ref,19,0.9803060211941709,3,defect,metal,9,metal,preset
D_ox_ref,20,0.004402258639545499,1,metal,metal,9,metal,preset
D_ox_ref,21,0.9586556315491015,3,defect,metal,9,metal,preset
D_ox_ref,22,0.10049785097668526,1,metal,metal,9,metal,preset
D_ox_ref,23,1.0358428217540085,3,defect,metal,9,metal,preset
D_ox_ref,24,0.8259066768136647,3,defect,metal,9,metal,preset
E_D_ox,0,0.008610848075919893,1,metal,metal,9,metal,preset
E_D_ox,1,9.605222992431125e-07,1,metal,metal,9,metal,preset
E_D_ox,2,2.1307440672058955e-07,1,metal,metal,9,metal,preset
E_D_ox,3,0.00015695450076246047,1,metal,metal,9,metal,preset
E_D_ox,4,0.002672131142103401,1,metal,metal,9,metal,preset
E_D_ox,5,1.5048520502384807e-08,1,metal,metal,9,metal,preset
E_D_ox,6,0.0003999433681836731,1,metal,metal,9,metal,preset
E_D_ox,7,3.5278878187153e-07,1,metal,metal,9,metal,preset
E_D_ox,8,8.172607662573315e-06,1,metal,metal,9,metal,preset
E_D_ox,9,3.9740152018050895e-06,1,metal,metal,9,metal,preset
E_D_ox,10,0.0018145782028871201,1,metal,metal,9,metal,preset
E_D_ox,11,0.01129554218393173,1,metal,metal,9,metal,preset
E_D_ox,12,1.5322445672054213e-05,1,metal,metal,9,metal,preset
E_D_ox,13,5.018761054398619e-08,1,metal,metal,9,metal,preset
E_D_ox,14,0.0026505639135875995,1,metal,metal,9,metal,preset
E_D_ox,15,6.191928142501734e-07,1,metal,metal,9,metal,preset
E_D_ox,16,7.974727710937987e-05,1,metal,metal,9,metal,preset
E_D_ox,17,1.2265244229451434e-08,1,metal,metal,9,metal,preset
E_D_ox,18,6.829174000965974e-07,1,metal,metal,9,metal,preset
E_D_ox,19,0.0003236816001737267,1,metal,metal,9,metal,preset
E_D_ox,20,1.7530830666712344e-07,1,metal,metal,9,metal,preset
E_D_ox,21,0.00020054944600379464,1,metal,metal,9,metal,preset
E_D_ox,22,2.08811461303507e-06,1,metal,metal,9,metal,preset
E_D_ox,23,0.007949610590279084,1,metal,metal,9,metal,preset
E_D_ox,24,0.00032977497758670404,1,metal,metal,9,metal,preset
K_ox_ref,0,0.09660565211119639,1,metal,metal,9,metal,preset
K_ox_ref,1,5.121923123434278e-06,1,metal,metal,9,metal,preset
K_ox_ref,2,3.3342389051089346e-06,1,metal,metal,9,metal,preset
K_ox_ref,3,0.003636673302814809,1,metal,metal,9,metal,preset
K_ox_ref,4,0.04395835767507188,1,metal,metal,9,metal,preset
K_ox_ref,5,1.284334260558544e-07,1,metal,metal,9,metal,preset
K_ox_ref,6,0.004319519076187046,1,metal,metal,9,metal,preset
K_ox_ref,7,5.950437794890955e-06,1,metal,metal,9,metal,preset
K_ox_ref,8,5.925617281424777e-05,1,metal,metal,9,metal,preset
K_ox_ref,9,5.27633492392634e-05,1,metal,metal,9,metal,preset
K_ox_ref,10,0.022109042344051286,1,metal,metal,9,metal,preset
K_ox_ref,11,0.16316391591928417,2,oxide,metal,9,metal,preset
K_ox_ref,12,0.00016710754681016662,1,metal,metal,9,metal,preset
K_ox_ref,13,1.1383550730524611e-06,1,metal,metal,9,metal,preset
K_ox_ref,14,0.02305090907470316,1,metal,metal,9,metal,preset
K_ox_ref,15,3.355144321047021e-06,1,metal,metal,9,metal,preset
K_ox_ref,16,0.0005982045949528798,1,metal,metal,9,metal,preset
K_ox_ref,17,3.5312495067235174e-08,1,metal,metal,9,metal,preset
K_ox_ref,18,7.86168791401439e-06,1,metal,metal,9,metal,preset
K_ox_ref,19,0.005692384674015734,1,metal,metal,9,metal,preset
K_ox_ref,20,3.831875220859898e-06,1,metal,metal,9,metal,preset
K_ox_ref,21,0.0034564703154376583,1,metal,metal,9,metal,preset
K_ox_ref,22,2.4141896908784948e-05,1,metal,metal,9,metal,preset
K_ox_ref,23,0.0673863233453345,1,metal,metal,9,metal,preset
K_ox_ref,24,0.006297657491054939,1,metal,metal,9,metal,preset
H_sol_ox,0,0.8898328102692991,3,defect,metal,9,metal,preset
H_sol_ox,1,0.09056126378227577,1,metal,metal,9,metal,preset
H_sol_ox,2,0.011021837490695402,1,metal,metal,9,metal,preset
H_sol_ox,3,0.016498319006734437,1,metal,metal,9,metal,preset
H_sol_ox,4,0.8689539348332792,3,defect,metal,9,metal,preset
H_sol_ox,5,0.0023566260487808827,1,metal,metal,9,metal,preset
H_sol_ox,6,0.453470911108061,2,oxide,metal,9,metal,preset
H_sol_ox,7,0.021046763950643955,1,metal,metal,9,metal,preset
H_sol_ox,8,0.04695311699265672,1,metal,metal,9,metal,preset
H_sol_ox,9,0.08502904481248627,1,metal,metal,9,metal,preset
H_sol_ox,10,0.013185201958057032,1,metal,metal,9,metal,preset
H_sol_ox,11,0.7451232919543974,3,defect,metal,9,metal,preset
H_sol_ox,12,0.0004099997882708834,1,metal,metal,9,metal,preset
H_sol_ox,13,0.0007794232196836441,1,metal,metal,9,metal,preset
H_sol_ox,14,0.03989188662570877,1,metal,metal,9,metal,preset
H_sol_ox,15,0.06829735346661964,1,metal,metal,9,metal,preset
H_sol_ox,16,0.017523851556342417,1,metal,metal,9,metal,preset
H_sol_ox,17,0.0015240992787045654,1,metal,metal,9,metal,preset
H_sol_ox,18,9.157452227417277,2,metal,defect,9,metal,preset
H_sol_ox,19,0.009639911994883796,1,metal,metal,9,metal,preset
H_sol_ox,20,0.12417866556589777,1,metal,metal,9,metal,preset
H_sol_ox,21,0.04889576445635167,1,metal,metal,9,metal,preset
H_sol_ox,22,0.026816242483578917,1,metal,metal,9,metal,preset
H_sol_ox,23,0.07922605760180429,1,metal,metal,9,metal,preset
H_sol_ox,24,0.02899234558071264,1,metal,metal,9,metal,preset
metal_thickness,0,0.7909584519102869,2,oxide,metal,9,metal,preset
metal_thickness,1,0.9999493049895984,1,metal,metal,9,metal,preset
metal_thickness,2,0.9999895792060974,1,metal,metal,9,metal,preset
metal_thickness,3,0.9929824850592445,1,metal,metal,9,metal,preset
metal_thickness,4,0.8908215018808113,2,oxide,metal,9,metal,preset
metal_thickness,5,0.9999996446323322,1,metal,metal,9,metal,preset
metal_thickness,6,0.9952950459338209,1,metal,metal,9,metal,preset
metal_thickness,7,0.999984433231055,1,metal,metal,9,metal,preset
metal_thickness,8,0.9996603223925389,1,metal,metal,9,metal,preset
metal_thickness,9,0.9999539721210272,1,metal,metal,9,metal,preset
metal_thickness,10,0.9398374417035616,1,metal,metal,9,metal,preset
metal_thickness,11,0.8232743714914942,2,oxide,metal,9,metal,preset
metal_thickness,12,0.9997053212411939,1,metal,metal,9,metal,preset
metal_thickness,13,0.999999484451916,1,metal,metal,9,metal,preset
metal_thickness,14,0.9407965492879858,1,metal,metal,9,metal,preset
metal_thickness,15,0.9999848819672014,1,metal,metal,9,metal,preset
metal_thickness,16,0.9983452959670536,1,metal,metal,9,metal,preset
metal_thickness,17,0.9999998965487211,1,metal,metal,9,metal,preset
metal_thickness,18,0.9999668034933156,1,metal,metal,9,metal,preset
metal_thickness,19,0.9911149144432413,1,metal,metal,9,metal,preset
metal_thickness,20,0.999991926747409,1,metal,metal,9,metal,preset
metal_thickness,21,0.9967927689000323,1,metal,metal,9,metal,preset
metal_thickness,22,0.9999211791155129,1,metal,metal,9,metal,preset
metal_thickness,23,0.7257604122847368,3,defect,metal,9,metal,preset
metal_thickness,24,0.9921341150042794,1,metal,metal,9,metal,preset
oxide_thickness,0,0.08425709382892871,1,metal,metal,9,metal,preset
oxide_thickness,1,3.4733822293723484e-05,1,metal,metal,9,metal,preset
oxide_thickness,2,9.587569696398514,2,defect,metal,9,metal,preset
oxide_thickness,3,0.0048335751650795,1,metal,metal,9,metal,preset
oxide_thickness,4,0.04614124747958229,1,metal,metal,9,metal,preset
oxide_thickness,5,12.330039574503992,2,defect,metal,9,metal,preset
oxide_thickness,6,0.022256918431114436,1,metal,metal,9,metal,preset
oxide_thickness,7,10.04152280124114,2,defect,metal,9,metal,preset
oxide_thickness,8,9.019237444846413,2,defect,metal,9,metal,preset
oxide_thickness,9,9.06747434248352,2,defect,metal,9,metal,preset
oxide_thickness,10,0.02811799975093759,1,metal,metal,9,metal,preset
oxide_thickness,11,0.06519841131494558,1,metal,metal,9,metal,preset
oxide_thickness,12,0.00047023753151231266,1,metal,metal,9,metal,preset
oxide_thickness,13,10.702862474570114,2,defect,metal,9,metal,preset
oxide_thickness,14,0.13456497626928324,2,metal,oxide,9,metal,preset
oxide_thickness,15,2.288506755223565e-05,1,metal,metal,9,metal,preset
oxide_thickness,16,0.0007020966809665232,1,metal,metal,9,metal,preset
oxide_thickness,17,12.646673846164425,2,defect,metal,9,metal,preset
oxide_thickness,18,0.0018905157663312035,1,metal,metal,9,metal,preset
oxide_thickness,19,0.013779504342575043,1,metal,metal,9,metal,preset
oxide_thickness,20,10.209449597347064,3,oxide,metal,9,metal,preset
oxide_thickness,21,0.002171146253205281,1,metal,metal,9,metal,preset
oxide_thickness,22,9.016092752044683,2,defect,metal,9,metal,preset
oxide_thickness,23,0.04507648184491665,1,metal,metal,9,metal,preset
oxide_thickness,24,0.0038288251963670555,1,metal,metal,9,metal,preset
P_upstream,0,9.275674526104915,3,defect,metal,9,metal,preset
P_upstream,1,8.201848960589466,2,defect,metal,9,metal,preset
P_upstream,2,8.080788443337353,3,defect,metal,9,metal,preset
P_upstream,3,8.723130057826518,3,defect,metal,9,metal,preset
P_upstream,4,8.021403277061728,3,defect,metal,9,metal,preset
P_upstream,5,7.294999906750445,2,oxide,metal,9,metal,preset
P_upstream,6,10.696015060869268,3,defect,metal,9,metal,preset
P_upstream,7,8.154098325246238,3,defect,metal,9,metal,preset
P_upstream,8,8.668750235309401,3,defect,metal,9,metal,preset
P_upstream,9,8.083495080430577,3,defect,metal,9,metal,preset
P_upstream,10,8.416108423609518,3,defect,metal,9,metal,preset
P_upstream,11,8.249111809245212,3,defect,metal,9,metal,preset
P_upstream,12,8.271892753297715,3,defect,metal,9,metal,preset
P_upstream,13,7.7478413607975645,3,defect,metal,9,metal,preset
P_upstream,14,7.995032189432766,3,defect,metal,9,metal,preset
P_upstream,15,8.002269726799202,3,defect,metal,9,metal,preset
P_upstream,16,8.198534159999467,3,defect,metal,9,metal,preset
P_upstream,17,7.025060854794099,1,metal,metal,9,metal,preset
P_upstream,18,8.01648964279727,3,defect,metal,9,metal,preset
P_upstream,19,8.150812740375088,3,defect,metal,9,metal,preset
P_upstream,20,7.974414515781205,3,defect,metal,9,metal,preset
P_upstream,21,8.46599760309458,3,defect,metal,9,metal,preset
P_upstream,22,8.063779273808548,3,defect,metal,9,metal,preset
P_upstream,23,8.052876075444848,3,defect,metal,9,metal,preset
P_upstream,24,8.014272777942496,3,defect,metal,9,metal,preset
f_pinhole,0,0.005729858132658167,1,metal,metal,9,metal,preset
f_pinhole,1,7.519669260088158e-07,1,metal,metal,9,metal,preset
f_pinhole,2,1.3856079443246677e-07,1,metal,metal,9,metal,preset
f_pinhole,3,0.00010744004409414872,1,metal,metal,9,metal,preset
f_pinhole,4,0.0019340260331933384,1,metal,metal,9,metal,preset
f_pinhole,5,1.1488993620104356e-08,1,metal,metal,9,metal,preset
f_pinhole,6,0.00024937110833483673,1,metal,metal,9,metal,preset
f_pinhole,7,2.4818719193443344e-07,1,metal,metal,9,metal,preset
f_pinhole,8,5.147481122389258e-06,1,metal,metal,9,metal,preset
f_pinhole,9,2.7096205321769196e-06,1,metal,metal,9,metal,preset
f_pinhole,10,0.0013298253050911327,1,metal,metal,9,metal,preset
f_pinhole,11,0.008349823601862417,1,metal,metal,9,metal,preset
f_pinhole,12,1.02475659964474e-05,1,metal,metal,9,metal,preset
f_pinhole,13,3.491699933266523e-08,1,metal,metal,9,metal,preset
f_pinhole,14,0.00204775875188754,1,metal,metal,9,metal,preset
f_pinhole,15,4.2413427775934363e-07,1,metal,metal,9,metal,preset
f_pinhole,16,5.6537264899295076e-05,1,metal,metal,9,metal,preset
f_pinhole,17,1.4323604249367353e-09,1,metal,metal,9,metal,preset
f_pinhole,18,4.575207871966085e-07,1,metal,metal,9,metal,preset
f_pinhole,19,0.00023069731548271943,1,metal,metal,9,metal,preset
f_pinhole,20,1.079655387184827e-07,1,metal,metal,9,metal,preset
f_pinhole,21,0.00013987712942093757,1,metal,metal,9,metal,preset
f_pinhole,22,1.542309339211091e-06,1,metal,metal,9,metal,preset
f_pinhole,23,0.0062100753600974196,1,metal,metal,9,metal,preset
f_pinhole,24,0.00024356816466646901,1,metal,metal,9,metal,preset
f_crack,0,0.004190539599743976,1,metal,metal,9,metal,preset
f_crack,1,5.931087793856433e-07,1,metal,metal,9,metal,preset
f_crack,2,8.584900642166675e-08,1,metal,metal,9,metal,preset
f_crack,3,5.635774677933252e-05,1,metal,metal,9,metal,preset
f_crack,4,0.0016363461619099747,1,metal,metal,9,metal,preset
f_crack,5,9.921082444684606e-09,1,metal,metal,9,metal,preset
f_crack,6,0.0001851878056740278,1,metal,metal,9,metal,preset
f_crack,7,1.8079002351765632e-07,1,metal,metal,9,metal,preset
f_crack,8,2.80626116034074e-06,1,metal,metal,9,metal,preset
f_crack,9,1.4590537901876487e-06,1,metal,metal,9,metal,preset
f_crack,10,0.0011011619388488498,1,metal,metal,9,metal,preset
f_crack,11,0.005845558290593852,1,metal,metal,9,metal,preset
f_crack,12,5.977336004405698e-06,1,metal,metal,9,metal,preset
f_crack,13,2.996452116554944e-08,1,metal,metal,9,metal,preset
f_crack,14,0.0011283709439070372,1,metal,metal,9,metal,preset
f_crack,15,2.810777350839123e-07,1,metal,metal,9,metal,preset
f_crack,16,2.8317571191415184e-05,1,metal,metal,9,metal,preset
f_crack,17,1.081874933203239e-09,1,metal,metal,9,metal,preset
f_crack,18,3.607404414208736e-07,1,metal,metal,9,metal,preset
f_crack,19,0.00016751905638476012,1,metal,metal,9,metal,preset
f_crack,20,9.455472501454081e-08,1,metal,metal,9,metal,preset
f_crack,21,0.00010018234723202334,1,metal,metal,9,metal,preset
f_crack,22,1.3028912530425378e-06,1,metal,metal,9,metal,preset
f_crack,23,0.00568716869060144,1,metal,metal,9,metal,preset
f_crack,24,0.00019895079237571917,1,metal,metal,9,metal,preset
f_gb_defect,0,0.005689844105549556,1,metal,metal,9,metal,preset
f_gb_defect,1,6.874695820132102e-07,1,metal,metal,9,metal,preset
f_gb_defect,2,1.3573218323094193e-07,1,metal,metal,9,metal,preset
f_gb_defect,3,0.00010583714586861728,1,metal,metal,9,metal,preset
f_gb_defect,4,0.0017905098324956642,1,metal,metal,9,metal,preset
f_gb_defect,5,1.1874123145325652e-08,1,metal,metal,9,metal,preset
f_gb_defect,6,0.00024380029702690445,1,metal,metal,9,metal,preset
f_gb_defect,7,2.3766929183351203e-07,1,metal,metal,9,metal,preset
f_gb_defect,8,5.068283839144018e-06,1,metal,metal,9,metal,preset
f_gb_defect,9,2.59088372708898e-06,1,metal,metal,9,metal,preset
f_gb_defect,10,0.0012943838668713777,1,metal,metal,9,metal,preset
f_gb_defect,11,0.007941059618682085,1,metal,metal,9,metal,preset
f_gb_defect,12,1.0000612263982104e-05,1,metal,metal,9,metal,preset
f_gb_defect,13,3.419372727129328e-08,1,metal,metal,9,metal,preset
f_gb_defect,14,0.001871698194517811,1,metal,metal,9,metal,preset
f_gb_defect,15,3.5183758131279695e-07,1,metal,metal,9,metal,preset
f_gb_defect,16,5.342551457264594e-05,1,metal,metal,9,metal,preset
f_gb_defect,17,6.90975923621024e-10,1,metal,metal,9,metal,preset
f_gb_defect,18,4.4520761405110396e-07,1,metal,metal,9,metal,preset
f_gb_defect,19,0.00022791602198835064,1,metal,metal,9,metal,preset
f_gb_defect,20,7.276716458037581e-08,1,metal,metal,9,metal,preset
f_gb_defect,21,0.00013594266681197386,1,metal,metal,9,metal,preset
f_gb_defect,22,1.4825234254106447e-06,1,metal,metal,9,metal,preset
f_gb_defect,23,0.006029102919959047,1,metal,metal,9,metal,preset
f_gb_defect,24,0.00024030281469247875,1,metal,metal,9,metal,preset
crack_thickness_factor,0,0.0009202389178946906,1,metal,metal,9,metal,preset
crack_thickness_factor,1,2.9713389580802555e-07,1,metal,metal,9,metal,preset
crack_thickness_factor,2,8.553326490069742e-09,1,metal,metal,9,metal,preset
crack_thickness_factor,3,3.0838352915382294e-05,1,metal,metal,9,metal,preset
crack_thickness_factor,4,0.00036740045043334935,1,metal,metal,9,metal,preset
crack_thickness_factor,5,4.343868693060138e-09,1,metal,metal,9,metal,preset
crack_thickness_factor,6,0.00011080848385133783,1,metal,metal,9,metal,preset
crack_thickness_factor,7,8.53588165910747e-08,1,metal,metal,9,metal,preset
crack_thickness_factor,8,1.9673754242041042e-06,1,metal,metal,9,metal,preset
crack_thickness_factor,9,7.652934394616533e-07,1,metal,metal,9,metal,preset
crack_thickness_factor,10,0.0004891818977821303,1,metal,metal,9,metal,preset
crack_thickness_factor,11,0.002091247561678037,1,metal,metal,9,metal,preset
crack_thickness_factor,12,4.687984074699956e-06,1,metal,metal,9,metal,preset
crack_thickness_factor,13,7.819765975236566e-09,1,metal,metal,9,metal,preset
crack_thickness_factor,14,0.00015636089251564242,1,metal,metal,9,metal,preset
crack_thickness_factor,15,4.6656588116501275e-08,1,metal,metal,9,metal,preset
crack_thickness_factor,16,5.491018772255846e-06,1,metal,metal,9,metal,preset
crack_thickness_factor,17,6.143249625152438e-09,1,metal,metal,9,metal,preset
crack_thickness_factor,18,1.524618197732113e-07,1,metal,metal,9,metal,preset
crack_thickness_factor,19,6.117499417330737e-05,1,metal,metal,9,metal,preset
crack_thickness_factor,20,1.1346663651957544e-09,1,metal,metal,9,metal,preset
crack_thickness_factor,21,1.947643480768478e-05,1,metal,metal,9,metal,preset
crack_thickness_factor,22,3.577819748581867e-07,1,metal,metal,9,metal,preset
crack_thickness_factor,23,0.002573667108357507,1,metal,metal,9,metal,preset
crack_thickness_factor,24,5.34617952719515e-06,1,metal,metal,9,metal,preset
gb_diffusivity_factor,0,0.003218120647136147,1,metal,metal,9,metal,preset
gb_diffusivity_factor,1,7.07994691270939e-07,1,metal,metal,9,metal,preset
gb_diffusivity_factor,2,8.928014762465034e-09,1,metal,metal,9,metal,preset
gb_diffusivity_factor,3,7.805712123945626e-05,1,metal,metal,9,metal,preset
gb_diffusivity_factor,4,0.0010305987746247302,1,metal,metal,9,metal,preset
gb_diffusivity_factor,5,7.818399137510082e-09,1,metal,metal,9,metal,preset
gb_diffusivity_factor,6,5.688106715339587e-05,1,metal,metal,9,metal,preset
gb_diffusivity_factor,7,9.823666908863175e-08,1,metal,metal,9,metal,preset
gb_diffusivity_factor,8,3.532754335755079e-06,1,metal,metal,9,metal,preset
gb_diffusivity_factor,9,2.520719835059701e-06,1,metal,metal,9,metal,preset
gb_diffusivity_factor,10,0.0008217153926791975,1,metal,metal,9,metal,preset
gb_diffusivity_factor,11,0.007087397921423237,1,metal,metal,9,metal,preset
gb_diffusivity_factor,12,5.906018543863907e-06,1,metal,metal,9,metal,preset
gb_diffusivity_factor,13,4.589650978540786e-09,1,metal,metal,9,metal,preset
gb_diffusivity_factor,14,0.0009283276854658573,1,metal,metal,9,metal,preset
gb_diffusivity_factor,15,2.748110392130854e-07,1,metal,metal,9,metal,preset
gb_diffusivity_factor,16,2.3835610525826514e-05,1,metal,metal,9,metal,preset
gb_diffusivity_factor,17,4.003902762613829e-09,1,metal,metal,9,metal,preset
gb_diffusivity_factor,18,3.4561577317073846e-07,1,metal,metal,9,metal,preset
gb_diffusivity_factor,19,8.775212370693114e-05,1,metal,metal,9,metal,preset
gb_diffusivity_factor,20,6.243522322349614e-09,1,metal,metal,9,metal,preset
gb_diffusivity_factor,21,0.00012571707761084284,1,metal,metal,9,metal,preset
gb_diffusivity_factor,22,8.822673575102552e-07,1,metal,metal,9,metal,preset
gb_diffusivity_factor,23,0.0047857429898754845,1,metal,metal,9,metal,preset
gb_diffusivity_factor,24,0.00011200069777792666,1,metal,metal,9,metal,preset
grain_size,0,6.899656032054098e-05,1,metal,metal,9,metal,preset
grain_size,1,0.00011845693046029505,1,metal,metal,9,metal,preset
grain_size,2,0.00010142964849487489,1,metal,metal,9,metal,preset
grain_size,3,0.00010735586566698634,1,metal,metal,9,metal,preset
grain_size,4,6.943831957810663e-05,1,metal,metal,9,metal,preset
grain_size,5,5.8817966150316166e-05,1,metal,metal,9,metal,preset
grain_size,6,9.871224895446507e-05,1,metal,metal,9,metal,preset
grain_size,7,0.00011687210284897234,1,metal,metal,9,metal,preset
grain_size,8,5.727343838372906e-05,1,metal,metal,9,metal,preset
grain_size,9,0.00012392162922891418,1,metal,metal,9,metal,preset
grain_size,10,7.268662986322278e-05,1,metal,metal,9,metal,preset
grain_size,11,4.353336381186894e-05,1,metal,metal,9,metal,preset
grain_size,12,8.584459655391256e-05,1,metal,metal,9,metal,preset
grain_size,13,8.500159628434762e-05,1,metal,metal,9,metal,preset
grain_size,14,9.202108811340781e-05,1,metal,metal,9,metal,preset
grain_size,15,0.00010137368842657789,1,metal,metal,9,metal,preset
grain_size,16,0.00010375466909578939,1,metal,metal,9,metal,preset
grain_size,17,4.55823547158083e-05,1,metal,metal,9,metal,preset
grain_size,18,6.339543596485056e-05,1,metal,metal,9,metal,preset
grain_size,19,0.00011556299509571876,1,metal,metal,9,metal,preset
grain_size,20,8.485295401069634e-05,1,metal,metal,9,metal,preset
grain_size,21,0.00012019043072149475,1,metal,metal,9,metal,preset
grain_size,22,5.2057855610965426e-05,1,metal,metal,9,metal,preset
grain_size,23,7.160729783106438e-05,1,metal,metal,9,metal,preset
grain_size,24,4.4353052847427715e-05,1,metal,metal,9,metal,preset
gb_thickness,0,3.610506963238828e-06,1,metal,metal,9,metal,preset
gb_thickness,1,4.687252936835386e-06,1,metal,metal,9,metal,preset
gb_thickness,2,9.681797576805154e-06,1,metal,metal,9,metal,preset
gb_thickness,3,2.210399681606354e-06,1,metal,metal,9,metal,preset
gb_thickness,4,2.503924648932233e-06,1,metal,metal,9,metal,preset
gb_thickness,5,4.07690704200415e-06,1,metal,metal,9,metal,preset
gb_thickness,6,2.6533772279875828e-06,1,metal,metal,9,metal,preset
gb_thickness,7,2.12389782579633e-06,1,metal,metal,9,metal,preset
gb_thickness,8,3.0016128740606356e-05,1,metal,metal,9,metal,preset
gb_thickness,9,1.8404212193790918e-05,1,metal,metal,9,metal,preset
gb_thickness,10,3.7465373685724707e-06,1,metal,metal,9,metal,preset
gb_thickness,11,1.594384476019255e-06,1,metal,metal,9,metal,preset
gb_thickness,12,2.3294816505014736e-06,1,metal,metal,9,metal,preset
gb_thickness,13,1.0706452554158936e-05,1,metal,metal,9,metal,preset
gb_thickness,14,6.0571072188994665e-06,1,metal,metal,9,metal,preset
gb_thickness,15,8.198537216950543e-06,1,metal,metal,9,metal,preset
gb_thickness,16,4.861828948684463e-06,1,metal,metal,9,metal,preset
gb_thickness,17,3.85061335323927e-06,1,metal,metal,9,metal,preset
gb_thickness,18,6.951045558134383e-06,1,metal,metal,9,metal,preset
gb_thickness,19,1.6480619056431647e-05,1,metal,metal,9,metal,preset
gb_thickness,20,1.9984073695152384e-06,1,metal,metal,9,metal,preset
gb_thickness,21,1.1402744503801477e-05,1,metal,metal,9,metal,preset
gb_thickness,22,3.934031048955183e-06,1,metal,metal,9,metal,preset
gb_thickness,23,2.8081326487415457e-06,1,metal,metal,9,metal,preset
gb_thickness,24,1.3112262733972164e-05,1,metal,metal,9,metal,preset
lattice_density,0,0.05667612352987253,1,metal,metal,9,metal,preset
lattice_density,1,0.07406662300162664,1,metal,metal,9,metal,preset
lattice_density,2,0.03053106621679349,1,metal,metal,9,metal,preset
lattice_density,3,0.1262043237015605,1,metal,metal,9,metal,preset
lattice_density,4,0.13073204416265408,1,metal,metal,9,metal,preset
lattice_density,5,0.14892930574433785,1,metal,metal,9,metal,preset
lattice_density,6,0.0946473451753932,1,metal,metal,9,metal,preset
lattice_density,7,0.10607550613402364,1,metal,metal,9,metal,preset
lattice_density,8,0.11624087055241827,1,metal,metal,9,metal,preset
lattice_density,9,0.1385079894885311,1,metal,metal,9,metal,preset
lattice_density,10,0.13098985505988356,1,metal,metal,9,metal,preset
lattice_density,11,0.07215367982250591,1,metal,metal,9,metal,preset
lattice_density,12,0.15671621804615163,1,metal,metal,9,metal,preset
lattice_density,13,0.15340325110414474,1,metal,metal,9,metal,preset
lattice_density,14,0.08572922734540481,1,metal,metal,9,metal,preset
lattice_density,15,0.12621792246025945,1,metal,metal,9,metal,preset
lattice_density,16,0.08197723756161956,1,metal,metal,9,metal,preset
lattice_density,17,0.08684207778338571,1,metal,metal,9,metal,preset
lattice_density,18,0.034923181132220704,1,metal,metal,9,metal,preset
lattice_density,19,0.1368384859062728,1,metal,metal,9,metal,preset
lattice_density,20,0.0740310436762067,1,metal,metal,9,metal,preset
lattice_density,21,0.11922986115611997,1,metal,metal,9,metal,preset
lattice_density,22,0.14967262874328813,1,metal,metal,9,metal,preset
lattice_density,23,0.11650512882021155,1,metal,metal,9,metal,preset
lattice_density,24,0.15539325094374776,1,metal,metal,9,metal,preset
trap_dislocation_E_b,0,4.1466081061791144e-15,1,metal,metal,9,metal,preset
trap_dislocation_E_b,1,6.750292265873004e-16,1,metal,metal,9,metal,preset
trap_dislocation_E_b,2,6.750292265873004e-16,1,metal,metal,9,metal,preset
trap_dislocation_E_b,3,1.3982748265022437e-14,1,metal,metal,9,metal,preset
trap_dislocation_E_b,4,1.157192959863943e-15,1,metal,metal,9,metal,preset
trap_dislocation_E_b,5,1.9286549331065737e-16,1,metal,metal,9,metal,preset
trap_dislocation_E_b,6,5.014502826077064e-15,1,metal,metal,9,metal,preset
trap_dislocation_E_b,7,2.8929823996598605e-16,1,metal,metal,9,metal,preset
trap_dislocation_E_b,8,9.64327466553287e-17,1,metal,metal,9,metal,preset
trap_dislocation_E_b,9,1.9286549331065737e-16,1,metal,metal,9,metal,preset
trap_dislocation_E_b,10,2.8929823996598517e-15,1,metal,metal,9,metal,preset
trap_dislocation_E_b,11,8.29321621235819e-15,1,metal,metal,9,metal,preset
trap_dislocation_E_b,12,9.64327466553287e-17,1,metal,metal,9,metal,preset
trap_dislocation_E_b,13,1.9286549331065737e-16,1,metal,metal,9,metal,preset
trap_dislocation_E_b,14,5.110935572732392e-15,1,metal,metal,9,metal,preset
trap_dislocation_E_b,15,3.857309866213147e-16,1,metal,metal,9,metal,preset
trap_dislocation_E_b,16,2.806192927669975e-14,1,metal,metal,9,metal,preset
trap_dislocation_E_b,17,2.8929823996598605e-16,1,metal,metal,9,metal,preset
trap_dislocation_E_b,18,3.857309866213147e-16,1,metal,metal,9,metal,preset
trap_dislocation_E_b,19,4.243040852834442e-15,1,metal,metal,9,metal,preset
trap_dislocation_E_b,20,6.750292265873004e-16,1,metal,metal,9,metal,preset
trap_dislocation_E_b,21,0.0,1,metal,metal,9,metal,preset
trap_dislocation_E_b,22,2.8929823996598605e-16,1,metal,metal,9,metal,preset
trap_dislocation_E_b,23,2.7001169063491955e-15,1,metal,metal,9,metal,preset
trap_dislocation_E_b,24,8.871812692290151e-15,1,metal,metal,9,metal,preset
trap_dislocation_N_T,0,1.3307719038435158e-14,1,metal,metal,9,metal,preset
trap_dislocation_N_T,1,1.157192959863943e-15,1,metal,metal,9,metal,preset
trap_dislocation_N_T,2,1.0607602132086145e-15,1,metal,metal,9,metal,preset
trap_dislocation_N_T,3,1.4079181011677764e-14,1,metal,metal,9,metal,preset
trap_dislocation_N_T,4,7.32888874580492e-15,1,metal,metal,9,metal,preset
trap_dislocation_N_T,5,1.9286549331065737e-16,1,metal,metal,9,metal,preset
trap_dislocation_N_T,6,5.014502826077064e-15,1,metal,metal,9,metal,preset
trap_dislocation_N_T,7,3.857309866213147e-16,1,metal,metal,9,metal,preset
trap_dislocation_N_T,8,9.64327466553287e-17,1,metal,metal,9,metal,preset
trap_dislocation_N_T,9,1.9286549331065737e-16,1,metal,metal,9,metal,preset
trap_dislocation_N_T,10,7.714619732426228e-15,1,metal,metal,9,metal,preset
trap_dislocation_N_T,11,9.064678185600804e-15,1,metal,metal,9,metal,preset
trap_dislocation_N_T,12,1.9286549331065737e-16,1,metal,metal,9,metal,preset
trap_dislocation_N_T,13,1.9286549331065737e-16,1,metal,metal,9,metal,preset
trap_dislocation_N_T,14,1.5718537704818296e-14,1,metal,metal,9,metal,preset
trap_dislocation_N_T,15,3.857309866213147e-16,1,metal,metal,9,metal,preset
trap_dislocation_N_T,16,2.7869063783389104e-14,1,metal,metal,9,metal,preset
trap_dislocation_N_T,17,9.64327466553286e-16,1,metal,metal,9,metal,preset
trap_dislocation_N_T,18,8.678947198979575e-16,1,metal,metal,9,metal,preset
trap_dislocation_N_T,19,9.064678185600804e-15,1,metal,metal,9,metal,preset
trap_dislocation_N_T,20,1.0607602132086145e-15,1,metal,metal,9,metal,preset
trap_dislocation_N_T,21,1.9286549331065737e-16,1,metal,metal,9,metal,preset
trap_dislocation_N_T,22,3.857309866213147e-16,1,metal,metal,9,metal,preset
trap_dislocation_N_T,23,5.593099306009029e-15,1,metal,metal,9,metal,preset
trap_dislocation_N_T,24,8.871812692290151e-15,1,metal,metal,9,metal,preset
trap_gb_E_b,0,6.176517423269412e-13,1,metal,metal,9,metal,preset
trap_gb_E_b,1,1.4014571071396308e-12,1,metal,metal,9,metal,preset
trap_gb_E_b,2,1.0125438398809397e-14,1,metal,metal,9,metal,preset
trap_gb_E_b,3,1.530387689419797e-13,1,metal,metal,9,metal,preset
trap_gb_E_b,4,8.013561247057077e-14,1,metal,metal,9,metal,preset
trap_gb_E_b,5,2.8929823996598605e-16,1,metal,metal,9,metal,preset
trap_gb_E_b,6,4.473515117338395e-13,1,metal,metal,9,metal,preset
trap_gb_E_b,7,6.364561279251649e-15,1,metal,metal,9,metal,preset
trap_gb_E_b,8,5.32212328790433e-13,1,metal,metal,9,metal,preset
trap_gb_E_b,9,1.7550759891269472e-14,1,metal,metal,9,metal,preset
trap_gb_E_b,10,1.8264362216515416e-13,1,metal,metal,9,metal,preset
trap_gb_E_b,11,3.5275098726504915e-13,1,metal,metal,9,metal,preset
trap_gb_E_b,12,1.3490941257078391e-13,1,metal,metal,9,metal,preset
trap_gb_E_b,13,4.243040852834442e-15,1,metal,metal,9,metal,preset
trap_gb_E_b,14,3.1871022769574445e-13,1,metal,metal,9,metal,preset
trap_gb_E_b,15,3.695785015549747e-12,1,metal,metal,9,metal,preset
trap_gb_E_b,16,1.141763720398942e-13,1,metal,metal,9,metal,preset
trap_gb_E_b,17,5.776321524653806e-14,1,metal,metal,9,metal,preset
trap_gb_E_b,18,3.384789407601906e-14,1,metal,metal,9,metal,preset
trap_gb_E_b,19,6.981730857845237e-14,1,metal,metal,9,metal,preset
trap_gb_E_b,20,2.4301052157142157e-14,1,metal,metal,9,metal,preset
trap_gb_E_b,21,4.001958986195957e-14,1,metal,metal,9,metal,preset
trap_gb_E_b,22,4.5323390928004254e-15,1,metal,metal,9,metal,preset
trap_gb_E_b,23,2.2150601906723357e-13,1,metal,metal,9,metal,preset
trap_gb_E_b,24,1.6788941192689484e-13,1,metal,metal,9,metal,preset
trap_gb_N_T,0,2.217278143840313e-12,1,metal,metal,9,metal,preset
trap_gb_N_T,1,6.176517423229883e-12,1,metal,metal,9,metal,preset
trap_gb_N_T,2,1.417069568802271e-11,1,metal,metal,9,metal,preset
trap_gb_N_T,3,1.2721407938752332e-12,1,metal,metal,9,metal,preset
trap_gb_N_T,4,7.850589905203215e-13,1,metal,metal,9,metal,preset
trap_gb_N_T,5,4.474479444807022e-14,1,metal,metal,9,metal,preset
trap_gb_N_T,6,1.4664527783851079e-12,1,metal,metal,9,metal,preset
trap_gb_N_T,7,4.927713354087018e-14,1,metal,metal,9,metal,preset
trap_gb_N_T,8,1.1460067612504145e-12,1,metal,metal,9,metal,preset
trap_gb_N_T,9,4.717489966376118e-13,1,metal,metal,9,metal,preset
trap_gb_N_T,10,9.761886943907953e-13,1,metal,metal,9,metal,preset
trap_gb_N_T,11,1.4573881001995376e-12,1,metal,metal,9,metal,preset
trap_gb_N_T,12,3.475436189456656e-13,1,metal,metal,9,metal,preset
trap_gb_N_T,13,3.500508703588291e-14,1,metal,metal,9,metal,preset
trap_gb_N_T,14,1.4037714930593513e-12,1,metal,metal,9,metal,preset
trap_gb_N_T,15,5.491362758252976e-12,1,metal,metal,9,metal,preset
trap_gb_N_T,16,2.341676387025034e-12,1,metal,metal,9,metal,preset
trap_gb_N_T,17,1.441669562496925e-13,1,metal,metal,9,metal,preset
trap_gb_N_T,18,2.0409026502085814e-12,1,metal,metal,9,metal,preset
trap_gb_N_T,19,6.344310402449442e-13,1,metal,metal,9,metal,preset
trap_gb_N_T,20,1.5082081576890792e-13,1,metal,metal,9,metal,preset
trap_gb_N_T,21,9.006818537598362e-13,1,metal,metal,9,metal,preset
trap_gb_N_T,22,6.761864195466386e-13,1,metal,metal,9,metal,preset
trap_gb_N_T,23,7.385784066325345e-13,1,metal,metal,9,metal,preset
trap_gb_N_T,24,3.5265455451839394e-13,1,metal,metal,9,metal,preset
trap_vacancy_E_b,0,0.05014815761872895,1,metal,metal,9,metal,preset
trap_vacancy_E_b,1,0.16063365649074668,1,metal,metal,9,metal,preset
trap_vacancy_E_b,2,0.10404717314774324,1,metal,metal,9,metal,preset
trap_vacancy_E_b,3,0.4257702852402106,1,metal,metal,9,metal,preset
trap_vacancy_E_b,4,0.4894781428642251,1,metal,metal,9,metal,preset
trap_vacancy_E_b,5,0.48579126682633084,1,metal,metal,9,metal,preset
trap_vacancy_E_b,6,0.12310793881943546,1,metal,metal,9,metal,preset
trap_vacancy_E_b,7,0.45147862882492595,1,metal,metal,9,metal,preset
trap_vacancy_E_b,8,0.43826023637230965,1,metal,metal,9,metal,preset
trap_vacancy_E_b,9,0.4894627438614942,1,metal,metal,9,metal,preset
trap_vacancy_E_b,10,0.3822180924447969,1,metal,metal,9,metal,preset
trap_vacancy_E_b,11,0.2589323835419474,1,metal,metal,9,metal,preset
trap_vacancy_E_b,12,0.48916175901435605,1,metal,metal,9,metal,preset
trap_vacancy_E_b,13,0.5012430227218425,1,metal,metal,9,metal,preset
trap_vacancy_E_b,14,0.2344914342806996,1,metal,metal,9,metal,preset
trap_vacancy_E_b,15,0.3061411453332064,1,metal,metal,9,metal,preset
trap_vacancy_E_b,16,0.16299340155323302,1,metal,metal,9,metal,preset
trap_vacancy_E_b,17,0.3106003712781935,1,metal,metal,9,metal,preset
trap_vacancy_E_b,18,0.12456727641813828,1,metal,metal,9,metal,preset
trap_vacancy_E_b,19,0.4784647163783867,1,metal,metal,9,metal,preset
trap_vacancy_E_b,20,0.24873847096632784,1,metal,metal,9,metal,preset
trap_vacancy_E_b,21,0.3558206237593086,1,metal,metal,9,metal,preset
trap_vacancy_E_b,22,0.49247346257753893,1,metal,metal,9,metal,preset
trap_vacancy_E_b,23,0.3788464756175432,1,metal,metal,9,metal,preset
trap_vacancy_E_b,24,0.4927395987958652,1,metal,metal,9,metal,preset
trap_vacancy_N_T,0,0.8928132406694225,1,metal,metal,9,metal,preset
trap_vacancy_N_T,1,0.48444829416284274,1,metal,metal,9,metal,preset
trap_vacancy_N_T,2,0.515546499263302,1,metal,metal,9,metal,preset
trap_vacancy_N_T,3,0.6655844589956929,1,metal,metal,9,metal,preset
trap_vacancy_N_T,4,0.5683007741132642,1,metal,metal,9,metal,preset
trap_vacancy_N_T,5,0.8967767535457946,1,metal,metal,9,metal,preset
trap_vacancy_N_T,6,0.8961549331068962,1,metal,metal,9,metal,preset
trap_vacancy_N_T,7,0.6517826626656925,1,metal,metal,9,metal,preset
trap_vacancy_N_T,8,0.5210657887050134,1,metal,metal,9,metal,preset
trap_vacancy_N_T,9,0.8235290943279674,1,metal,metal,9,metal,preset
trap_vacancy_N_T,10,0.9951431586073369,1,metal,metal,9,metal,preset
trap_vacancy_N_T,11,0.6788974337862679,1,metal,metal,9,metal,preset
trap_vacancy_N_T,12,0.8891293331293472,1,metal,metal,9,metal,preset
trap_vacancy_N_T,13,0.8595911112650516,1,metal,metal,9,metal,preset
trap_vacancy_N_T,14,0.7062157322489518,1,metal,metal,9,metal,preset
trap_vacancy_N_T,15,0.9692678980072195,1,metal,metal,9,metal,preset
trap_vacancy_N_T,16,0.8719757775933652,1,metal,metal,9,metal,preset
trap_vacancy_N_T,17,0.4893604800252038,1,metal,metal,9,metal,preset
trap_vacancy_N_T,18,0.7030784350432981,1,metal,metal,9,metal,preset
trap_vacancy_N_T,19,0.8135319615565882,1,metal,metal,9,metal,preset
trap_vacancy_N_T,20,0.7261071034543057,1,metal,metal,9,metal,preset
trap_vacancy_N_T,21,0.5577555254551472,1,metal,metal,9,metal,preset
trap_vacancy_N_T,22,0.8136905712190002,1,metal,metal,9,metal,preset
trap_vacancy_N_T,23,0.7638689272812509,2,oxide,metal,9,metal,preset
trap_vacancy_N_T,24,0.9565914546868383,1,metal,metal,9,metal,preset
trap_carbide_E_b,0,0.12021322661637335,1,metal,metal,9,metal,preset
trap_carbide_E_b,1,0.17824610369138832,1,metal,metal,9,metal,preset
trap_carbide_E_b,2,0.12318487452679672,1,metal,metal,9,metal,preset
trap_carbide_E_b,3,0.022688671518553326,1,metal,metal,9,metal,preset
trap_carbide_E_b,4,0.03287437603689765,1,metal,metal,9,metal,preset
trap_carbide_E_b,5,0.04649062798729098,1,metal,metal,9,metal,preset
trap_carbide_E_b,6,0.09842769348995083,1,metal,metal,9,metal,preset
trap_carbide_E_b,7,0.016229271791429883,1,metal,metal,9,metal,preset
trap_carbide_E_b,8,0.08215237043258401,1,metal,metal,9,metal,preset
trap_carbide_E_b,9,0.026621064327634603,1,metal,metal,9,metal,preset
trap_carbide_E_b,10,0.06152760352830972,1,metal,metal,9,metal,preset
trap_carbide_E_b,11,0.05409430459828091,1,metal,metal,9,metal,preset
trap_carbide_E_b,12,0.02040237937107938,1,metal,metal,9,metal,preset
trap_carbide_E_b,13,0.012685734436919031,1,metal,metal,9,metal,preset
trap_carbide_E_b,14,0.07540761073624347,1,metal,metal,9,metal,preset
trap_carbide_E_b,15,0.0416259665544342,1,metal,metal,9,metal,preset
trap_carbide_E_b,16,0.10771603003445228,1,metal,metal,9,metal,preset
trap_carbide_E_b,17,0.13467861837350298,1,metal,metal,9,metal,preset
trap_carbide_E_b,18,0.0216466248210422,1,metal,metal,9,metal,preset
trap_carbide_E_b,19,0.007868224359032007,1,metal,metal,9,metal,preset
trap_carbide_E_b,20,0.1153504261413977,1,metal,metal,9,metal,preset
trap_carbide_E_b,21,0.05870323628985389,1,metal,metal,9,metal,preset
trap_carbide_E_b,22,0.017188327816611566,1,metal,metal,9,metal,preset
trap_carbide_E_b,23,0.037961112080037725,1,metal,metal,9,metal,preset
trap_carbide_E_b,24,0.005843957848055398,1,metal,metal,9,metal,preset
trap_carbide_N_T,0,0.13258981916644802,1,metal,metal,9,metal,preset
trap_carbide_N_T,1,0.17331930920022684,1,metal,metal,9,metal,preset
trap_carbide_N_T,2,0.04334944465541245,1,metal,metal,9,metal,preset
trap_carbide_N_T,3,0.0663609522571747,1,metal,metal,9,metal,preset
trap_carbide_N_T,4,0.01447646972633326,1,metal,metal,9,metal,preset
trap_carbide_N_T,5,0.017574482632431297,1,metal,metal,9,metal,preset
trap_carbide_N_T,6,0.17730339066134934,1,metal,metal,9,metal,preset
trap_carbide_N_T,7,0.08573044690614508,1,metal,metal,9,metal,preset
trap_carbide_N_T,8,0.020050902965440428,1,metal,metal,9,metal,preset
trap_carbide_N_T,9,0.014843190758924455,1,metal,metal,9,metal,preset
trap_carbide_N_T,10,0.018319699680912176,1,metal,metal,9,metal,preset
trap_carbide_N_T,11,0.04548363456623364,1,metal,metal,9,metal,preset
trap_carbide_N_T,12,0.009333011901138001,1,metal,metal,9,metal,preset
trap_carbide_N_T,13,0.014912877605891894,1,metal,metal,9,metal,preset
trap_carbide_N_T,14,0.11444597025518932,1,metal,metal,9,metal,preset
trap_carbide_N_T,15,0.03997589056907991,1,metal,metal,9,metal,preset
trap_carbide_N_T,16,0.14137682198266532,1,metal,metal,9,metal,preset
trap_carbide_N_T,17,0.06019884061963575,1,metal,metal,9,metal,preset
trap_carbide_N_T,18,0.19425419133515304,1,metal,metal,9,metal,preset
trap_carbide_N_T,19,0.04357741780314893,1,metal,metal,9,metal,preset
trap_carbide_N_T,20,0.0650553656264773,1,metal,metal,9,metal,preset
trap_carbide_N_T,21,0.09692544669067146,1,metal,metal,9,metal,preset
trap_carbide_N_T,22,0.013232011962225562,1,metal,metal,9,metal,preset
trap_carbide_N_T,23,0.028875303366884177,1,metal,metal,9,metal,preset
trap_carbide_N_T,24,0.01106282970136525,1,metal,metal,9,metal,preset
D_ref,0,3.97363849713364,2,metal,defect,9,defect,global
D_ref,1,3.823227352845806,2,metal,defect,9,defect,global
D_ref,2,3.7690191749643076,1,defect,defect,9,defect,global
D_ref,3,3.499511642296381,1,defect,defect,9,defect,global
D_ref,4,3.9991399167318127,1,defect,defect,9,defect,global
D_ref,5,3.9960819988255416,1,defect,defect,9,defect,global
D_ref,6,3.760212972197316,2,metal,defect,9,defect,global
D_ref,7,3.9079913794553125,2,metal,defect,9,defect,global
D_ref,8,3.842802058527556,2,metal,defect,9,defect,global
D_ref,9,3.653181649740993,2,metal,defect,9,defect,global
D_ref,10,3.4763009345612295,1,defect,defect,9,defect,global
D_ref,11,3.998677834959631,1,defect,defect,9,defect,global
D_ref,12,3.9820114145868457,1,defect,defect,9,defect,global
D_ref,13,3.4546974868202436,1,defect,defect,9,defect,global
D_ref,14,3.4529894844560727,1,defect,defect,9,defect,global
D_ref,15,3.4634805540814013,1,defect,defect,9,defect,global
D_ref,16,3.5067332047614705,1,defect,defect,9,defect,global
D_ref,17,3.9166557538428064,1,defect,defect,9,defect,global
D_ref,18,3.9857908849669155,2,metal,defect,9,defect,global
D_ref,19,3.723760462689967,1,defect,defect,9,defect,global
D_ref,20,3.9996529451230125,1,defect,defect,9,defect,global
D_ref,21,3.9163242300097005,2,metal,defect,9,defect,global
D_ref,22,3.9996303523551684,1,defect,defect,9,defect,global
D_ref,23,3.9303707897025135,2,metal,defect,9,defect,global
D_ref,24,3.8606863893079435,1,defect,defect,9,defect,global
E_D,0,0.03265918129551632,1,defect,defect,9,defect,global
E_D,1,0.02417825689356738,1,defect,defect,9,defect,global
E_D,2,0.026906245049123895,1,defect,defect,9,defect,global
E_D,3,0.019149938285638365,1,defect,defect,9,defect,global
E_D,4,0.0335114157039885,1,defect,defect,9,defect,global
E_D,5,0.033455001501948696,1,defect,defect,9,defect,global
E_D,6,0.02548074951402565,1,defect,defect,9,defect,global
E_D,7,0.02932969129223864,1,defect,defect,9,defect,global
E_D,8,0.030055867961042954,1,defect,defect,9,defect,global
E_D,9,0.02535134136049515,1,defect,defect,9,defect,global
E_D,10,0.026395373761491432,1,defect,defect,9,defect,global
E_D,11,0.033496716764055884,1,defect,defect,9,defect,global
E_D,12,0.032348651482952705,1,defect,defect,9,defect,global
E_D,13,0.026309450600273846,1,defect,defect,9,defect,global
E_D,14,0.030102658222562733,1,defect,defect,9,defect,global
E_D,15,0.02859390223872953,1,defect,defect,9,defect,global
E_D,16,0.027819436812726476,1,defect,defect,9,defect,global
E_D,17,0.02816755812572666,1,defect,defect,9,defect,global
E_D,18,0.0326062042369743,2,metal,defect,9,defect,global
E_D,19,0.023339835414427385,1,defect,defect,9,defect,global
E_D,20,0.03354642451811991,1,defect,defect,9,defect,global
E_D,21,0.028229661463511996,1,defect,defect,9,defect,global
E_D,22,0.03355071476154376,1,defect,defect,9,defect,global
E_D,23,0.028868072776245313,1,defect,defect,9,defect,global
E_D,24,0.026908934209413725,1,defect,defect,9,defect,global
K_s_ref,0,2.9708310848139403,2,metal,defect,9,defect,global
K_s_ref,1,2.6898801198275093,2,metal,defect,9,defect,global
K_s_ref,2,2.5814369291664576,1,defect,defect,9,defect,global
K_s_ref,3,2.5868939570023057,1,defect,defect,9,defect,global
K_s_ref,4,2.9992424202576315,1,defect,defect,9,defect,global
K_s_ref,5,2.997301091612333,1,defect,defect,9,defect,global
K_s_ref,6,2.543020750864517,2,metal,defect,9,defect,global
K_s_ref,7,2.632121652841971,2,metal,defect,9,defect,global
K_s_ref,8,2.946398561477189,2,metal,defect,9,defect,global
K_s_ref,9,2.775185811157524,2,metal,defect,9,defect,global
K_s_ref,10,2.4806084314305332,1,defect,defect,9,defect,global
K_s_ref,11,2.9971802557109033,1,defect,defect,9,defect,global
K_s_ref,12,2.977228196996923,1,defect,defect,9,defect,global
K_s_ref,13,2.5215946459344996,1,defect,defect,9,defect,global
K_s_ref,14,2.491641261261605,1,defect,defect,9,defect,global
K_s_ref,15,2.62427369601148,1,defect,defect,9,defect,global
K_s_ref,16,2.4966344696573453,1,defect,defect,9,defect,global
K_s_ref,17,2.6355568152940227,1,defect,defect,9,defect,global
K_s_ref,18,2.9789896019253805,2,metal,defect,9,defect,global
K_s_ref,19,2.7381338154907864,1,defect,defect,9,defect,global
K_s_ref,20,2.999898816689052,1,defect,defect,9,defect,global
K_s_ref,21,2.6764594999531446,2,metal,defect,9,defect,global
K_s_ref,22,2.999910814280081,1,defect,defect,9,defect,global
K_s_ref,23,2.756111351323726,2,metal,defect,9,defect,global
K_s_ref,24,2.873743562065746,1,defect,defect,9,defect,global
H_s,0,0.0800691172828426,1,defect,defect,9,defect,global
H_s,1,0.059892811755888536,1,defect,defect,9,defect,global
H_s,2,0.06617988007035146,1,defect,defect,9,defect,global
H_s,3,0.04696413680854339,1,defect,defect,9,defect,global
H_s,4,0.08209446589444826,1,defect,defect,9,defect,global
H_s,5,0.08196114819070682,1,defect,defect,9,defect,global
H_s,6,0.06228628782385207,1,defect,defect,9,defect,global
H_s,7,0.072338519909131,2,metal,defect,9,defect,global
H_s,8,0.07405202229773168,1,defect,defect,9,defect,global
H_s,9,0.06213995456255679,1,defect,defect,9,defect,global
H_s,10,0.06534033811530833,1,defect,defect,9,defect,global
H_s,11,0.0820646194445241,1,defect,defect,9,defect,global
H_s,12,0.079246925100611,1,defect,defect,9,defect,global
H_s,13,0.0635315250964744,1,defect,defect,9,defect,global
H_s,14,0.07329072622847814,1,defect,defect,9,defect,global
H_s,15,0.07001711908683955,1,defect,defect,9,defect,global
H_s,16,0.06761140378230573,1,defect,defect,9,defect,global
H_s,17,0.06924678942366266,1,defect,defect,9,defect,global
H_s,18,0.07982934771421844,2,metal,defect,9,defect,global
H_s,19,0.05712638813939859,1,defect,defect,9,defect,global
H_s,20,0.08218836289055104,1,defect,defect,9,defect,global
H_s,21,0.06957352514007878,1,defect,defect,9,defect,global
H_s,22,0.08219881262702983,1,defect,defect,9,defect,global
H_s,23,0.07157337408277352,1,defect,defect,9,defect,global
H_s,24,0.06576136267990619,1,defect,defect,9,defect,global
D_ox_ref,0,0.051130017218188266,2,defect,metal,9,defect,global
D_ox_ref,1,0.4099498583621312,2,defect,metal,9,defect,global
D_ox_ref,2,0.445806114063972,1,defect,defect,9,defect,global
D_ox_ref,3,0.6286078208215343,1,defect,defect,9,defect,global
D_ox_ref,4,0.0043363510605200686,1,defect,defect,9,defect,global
D_ox_ref,5,0.0037996381977133697,1,defect,defect,9,defect,global
D_ox_ref,6,0.46490630410082495,2,defect,metal,9,defect,global
D_ox_ref,7,0.31513259344388606,2,defect,metal,9,defect,global
D_ox_ref,8,0.2526418607325304,2,defect,metal,9,defect,global
D_ox_ref,9,0.2722256801888782,2,defect,metal,9,defect,global
D_ox_ref,10,0.5875473235356606,1,defect,defect,9,defect,global
D_ox_ref,11,0.006466791652736812,1,defect,defect,9,defect,global
D_ox_ref,12,0.05282154239993092,1,defect,defect,9,defect,global
D_ox_ref,13,0.5391423269022017,1,defect,defect,9,defect,global
D_ox_ref,14,0.5264268267348022,1,defect,defect,9,defect,global
D_ox_ref,15,0.48159043218131864,1,defect,defect,9,defect,global
D_ox_ref,16,0.5398604052006108,1,defect,defect,9,defect,global
D_ox_ref,17,0.2940028310273841,1,defect,defect,9,defect,global
D_ox_ref,18,0.10412880191169317,2,defect,metal,9,defect,global
D_ox_ref,19,0.2823063661781754,1,defect,defect,9,defect,global
D_ox_ref,20,0.0004629204204213585,1,defect,defect,9,defect,global
D_ox_ref,21,0.15068265569602893,2,defect,metal,9,defect,global
D_ox_ref,22,0.00017150635517507873,1,defect,defect,9,defect,global
D_ox_ref,23,0.16479595892581675,2,defect,metal,9,defect,global
D_ox_ref,24,0.3245788745218305,1,defect,defect,9,defect,global
E_D_ox,0,0.0020092487764601864,1,defect,defect,9,defect,global
E_D_ox,1,0.020660544724261362,1,defect,defect,9,defect,global
E_D_ox,2,0.014823293042022711,1,defect,defect,9,defect,global
E_D_ox,3,0.031391000546395424,1,defect,defect,9,defect,global
E_D_ox,4,9.536691224406481e-05,1,defect,defect,9,defect,global
E_D_ox,5,0.0002081189526130285,1,defect,defect,9,defect,global
E_D_ox,6,0.017739513298949874,1,defect,defect,9,defect,global
E_D_ox,7,0.009214254766840825,2,defect,metal,9,defect,global
E_D_ox,8,0.007620013724012173,1,defect,defect,9,defect,global
E_D_ox,9,0.017755189101920154,1,defect,defect,9,defect,global
E_D_ox,10,0.01603555853223961,1,defect,defect,9,defect,global
E_D_ox,11,0.00011536110577040777,1,defect,defect,9,defect,global
E_D_ox,12,0.0024836496562399544,1,defect,defect,9,defect,global
E_D_ox,13,0.016739075893221367,1,defect,defect,9,defect,global
E_D_ox,14,0.007370550657667462,1,defect,defect,9,defect,global
E_D_ox,15,0.010899532506157958,1,defect,defect,9,defect,global
E_D_ox,16,0.012113800603101788,1,defect,defect,9,defect,global
E_D_ox,17,0.0116744764757741,1,defect,defect,9,defect,global
E_D_ox,18,0.0020305087615537956,2,defect,metal,9,defect,global
E_D_ox,19,0.022277676378559583,1,defect,defect,9,defect,global
E_D_ox,20,1.3019572129225544e-05,1,defect,defect,9,defect,global
E_D_ox,21,0.011739305261410603,1,defect,defect,9,defect,global
E_D_ox,22,2.8357382326002037e-06,1,defect,defect,9,defect,global
E_D_ox,23,0.010744449406921288,1,defect,defect,9,defect,global
E_D_ox,24,0.013691051074903293,1,defect,defect,9,defect,global
K_ox_ref,0,0.0251450129963859,1,defect,defect,9,defect,global
K_ox_ref,1,0.1974058259172234,1,defect,defect,9,defect,global
K_ox_ref,2,0.16070442952012218,1,defect,defect,9,defect,global
K_ox_ref,3,0.24503244453606976,1,defect,defect,9,defect,global
K_ox_ref,4,0.0013715240641551081,1,defect,defect,9,defect,global
K_ox_ref,5,0.0026027276699820885,1,defect,defect,9,defect,global
K_ox_ref,6,0.16601407718511893,1,defect,defect,9,defect,global
K_ox_ref,7,0.14312047740773554,2,defect,metal,9,defect,global
K_ox_ref,8,0.0869134529453912,1,defect,defect,9,defect,global
K_ox_ref,9,0.15120254824509483,1,defect,defect,9,defect,global
K_ox_ref,10,0.11141531397305784,1,defect,defect,9,defect,global
K_ox_ref,11,0.0014948127265413894,1,defect,defect,9,defect,global
K_ox_ref,12,0.0561268680693545,1,defect,defect,9,defect,global
K_ox_ref,13,0.10240697308532985,1,defect,defect,9,defect,global
K_ox_ref,14,0.04663981949174284,1,defect,defect,9,defect,global
K_ox_ref,15,0.10131865899707379,1,defect,defect,9,defect,global
K_ox_ref,16,0.11756234426406752,1,defect,defect,9,defect,global
K_ox_ref,17,0.12685123331325993,1,defect,defect,9,defect,global
K_ox_ref,18,0.012806124799680064,2,defect,metal,9,defect,global
K_ox_ref,19,0.2141587820926657,1,defect,defect,9,defect,global
K_ox_ref,20,0.00021833090148330026,1,defect,defect,9,defect,global
K_ox_ref,21,0.19767437966220583,1,defect,defect,9,defect,global
K_ox_ref,22,3.072256687960543e-05,1,defect,defect,9,defect,global
K_ox_ref,23,0.1418866328119636,1,defect,defect,9,defect,global
K_ox_ref,24,0.09610081249290593,1,defect,defect,9,defect,global
H_sol_ox,0,0.8653078780598278,2,defect,metal,9,defect,global
H_sol_ox,1,0.5719114536151626,2,defect,metal,9,defect,global
H_sol_ox,2,0.4749905035986915,1,defect,defect,9,defect,global
H_sol_ox,3,0.7067387466008199,1,defect,defect,9,defect,global
H_sol_ox,4,0.6253279247966936,1,defect,defect,9,defect,global
H_sol_ox,5,0.6541327583341375,1,defect,defect,9,defect,global
H_sol_ox,6,0.5157989359268059,2,defect,metal,9,defect,global
H_sol_ox,7,0.09419265789447982,2,defect,metal,9,defect,global
H_sol_ox,8,0.945313117854728,2,defect,metal,9,defect,global
H_sol_ox,9,0.5847364175005396,2,defect,metal,9,defect,global
H_sol_ox,10,0.4947636180579413,1,defect,defect,9,defect,global
H_sol_ox,11,0.49297440005044973,1,defect,defect,9,defect,global
H_sol_ox,12,0.7046369605309883,1,defect,defect,9,defect,global
H_sol_ox,13,0.5192049098095519,1,defect,defect,9,defect,global
H_sol_ox,14,0.5529613586479107,1,defect,defect,9,defect,global
H_sol_ox,15,0.38856027527391546,1,defect,defect,9,defect,global
H_sol_ox,16,0.5162786294934455,1,defect,defect,9,defect,global
H_sol_ox,17,0.44774681568385555,1,defect,defect,9,defect,global
H_sol_ox,18,0.6418912335186123,2,defect,metal,9,defect,global
H_sol_ox,19,0.7747060894505775,1,defect,defect,9,defect,global
H_sol_ox,20,0.3883019363576983,1,defect,defect,9,defect,global
H_sol_ox,21,0.6655232707476053,2,defect,metal,9,defect,global
H_sol_ox,22,0.5048937971514512,1,defect,defect,9,defect,global
H_sol_ox,23,0.3808397168405699,2,defect,metal,9,defect,global
H_sol_ox,24,0.8053684724982542,1,defect,defect,9,defect,global
metal_thickness,0,0.9670899216594543,1,defect,defect,9,defect,global
metal_thickness,1,0.7333020747820882,1,defect,defect,9,defect,global
metal_thickness,2,0.8201763557190489,1,defect,defect,9,defect,global
metal_thickness,3,0.6179416411487324,1,defect,defect,9,defect,global
metal_thickness,4,0.9956268388590255,1,defect,defect,9,defect,global
metal_thickness,5,0.9907800105527806,1,defect,defect,9,defect,global
metal_thickness,6,0.7653680024194073,1,defect,defect,9,defect,global
metal_thickness,7,0.7606360606419804,2,defect,metal,9,defect,global
metal_thickness,8,0.8796630554876959,2,defect,metal,9,defect,global
metal_thickness,9,0.8208072139464606,1,defect,defect,9,defect,global
metal_thickness,10,0.884803528782371,1,defect,defect,9,defect,global
metal_thickness,11,0.9965998182694334,1,defect,defect,9,defect,global
metal_thickness,12,0.959912685895446,1,defect,defect,9,defect,global
metal_thickness,13,0.8935982016683344,1,defect,defect,9,defect,global
metal_thickness,14,0.952482920924712,1,defect,defect,9,defect,global
metal_thickness,15,0.8410263379168456,1,defect,defect,9,defect,global
metal_thickness,16,0.8920706757232489,1,defect,defect,9,defect,global
metal_thickness,17,0.806149504904772,1,defect,defect,9,defect,global
metal_thickness,18,0.923471578526946,2,defect,metal,9,defect,global
metal_thickness,19,0.7012989450192054,1,defect,defect,9,defect,global
metal_thickness,20,0.9995644400637456,1,defect,defect,9,defect,global
metal_thickness,21,0.7420449590629843,1,defect,defect,9,defect,global
metal_thickness,22,0.9999332763502559,1,defect,defect,9,defect,global
metal_thickness,23,0.8450031687987164,1,defect,defect,9,defect,global
metal_thickness,24,0.8989708006180629,1,defect,defect,9,defect,global
oxide_thickness,0,0.03876143108647872,2,metal,defect,9,defect,global
oxide_thickness,1,0.29112547648393894,2,metal,defect,9,defect,global
oxide_thickness,2,0.2961623602115134,1,defect,defect,9,defect,global
oxide_thickness,3,0.5205319915091066,1,defect,defect,9,defect,global
oxide_thickness,4,0.0017754949854291578,1,defect,defect,9,defect,global
oxide_thickness,5,0.0013260256759357932,1,defect,defect,9,defect,global
oxide_thickness,6,0.3856887219552173,2,metal,defect,9,defect,global
oxide_thickness,7,0.3963326389214235,2,metal,defect,9,defect,global
oxide_thickness,8,0.06322829251070748,2,metal,defect,9,defect,global
oxide_thickness,9,0.27013307606898385,2,metal,defect,9,defect,global
oxide_thickness,10,0.4987634088667534,1,defect,defect,9,defect,global
oxide_thickness,11,0.0010394752793846565,1,defect,defect,9,defect,global
oxide_thickness,12,0.033414283545993746,1,defect,defect,9,defect,global
oxide_thickness,13,0.49767610318319855,1,defect,defect,9,defect,global
oxide_thickness,14,0.5253129759804172,1,defect,defect,9,defect,global
oxide_thickness,15,0.3841109306844015,1,defect,defect,9,defect,global
oxide_thickness,16,0.46996039016797697,1,defect,defect,9,defect,global
oxide_thickness,17,0.22941960789296542,1,defect,defect,9,defect,global
oxide_thickness,18,0.026942030516015528,2,metal,defect,9,defect,global
oxide_thickness,19,0.39734785741863804,1,defect,defect,9,defect,global
oxide_thickness,20,8.525521298083518e-05,1,defect,defect,9,defect,global
oxide_thickness,21,0.19409689251031792,2,metal,defect,9,defect,global
oxide_thickness,22,9.66632701658966,1,defect,defect,9,defect,global
oxide_thickness,23,0.5351592639325773,2,metal,defect,9,defect,global
oxide_thickness,24,0.18362741298747765,1,defect,defect,9,defect,global
P_upstream,0,8.253126910408275,1,defect,defect,9,defect,global
P_upstream,1,7.815368136010592,1,defect,defect,9,defect,global
P_upstream,2,7.3278691177342,1,defect,defect,9,defect,global
P_upstream,3,7.4485410621430495,1,defect,defect,9,defect,global
P_upstream,4,7.852879196585421,1,defect,defect,9,defect,global
P_upstream,5,7.723547724647907,1,defect,defect,9,defect,global
P_upstream,6,7.986473046929805,1,defect,defect,9,defect,global
P_upstream,7,7.6557684434302455,2,defect,metal,9,defect,global
P_upstream,8,8.209343096626748,2,defect,metal,9,defect,global
P_upstream,9,7.465589373159363,1,defect,defect,9,defect,global
P_upstream,10,7.128140488570667,1,defect,defect,9,defect,global
P_upstream,11,7.6528397378662225,1,defect,defect,9,defect,global
P_upstream,12,7.70845842803186,1,defect,defect,9,defect,global
P_upstream,13,7.321797265052015,1,defect,defect,9,defect,global
P_upstream,14,7.097352736415598,1,defect,defect,9,defect,global
P_upstream,15,7.350407035715038,1,defect,defect,9,defect,global
P_upstream,16,7.139575903225748,1,defect,defect,9,defect,global
P_upstream,17,7.851690252766124,1,defect,defect,9,defect,global
P_upstream,18,7.6955798808169265,2,defect,metal,9,defect,global
P_upstream,19,7.63294201148596,1,defect,defect,9,defect,global
P_upstream,20,7.52487918089927,1,defect,defect,9,defect,global
P_upstream,21,7.7722306137840755,1,defect,defect,9,defect,global
P_upstream,22,7.923789606432236,1,defect,defect,9,defect,global
P_upstream,23,8.237634107776948,1,defect,defect,9,defect,global
P_upstream,24,7.739867902347375,1,defect,defect,9,defect,global
f_pinhole,0,0.002055985044147706,2,metal,defect,9,defect,global
f_pinhole,1,0.0351917882675236,1,defect,defect,9,defect,global
f_pinhole,2,0.10330405742731438,1,defect,defect,9,defect,global
f_pinhole,3,0.12907238435637328,1,defect,defect,9,defect,global
f_pinhole,4,0.00010249111922318778,1,metal,metal,9,defect,global
f_pinhole,5,0.0002296560530671107,1,metal,metal,9,defect,global
f_pinhole,6,0.056549697129666315,1,defect,defect,9,defect,global
f_pinhole,7,0.009658284890639,1,metal,metal,9,defect,global
f_pinhole,8,0.008353179999059344,1,defect,defect,9,defect,global
f_pinhole,9,0.05246039333135842,2,oxide,defect,9,defect,global
f_pinhole,10,0.33949071404977677,1,defect,defect,9,defect,global
f_pinhole,11,0.00015329233638418366,1,metal,metal,9,defect,global
f_pinhole,12,0.0028941265706950744,1,metal,metal,9,defect,global
f_pinhole,13,0.33049785931320314,1,defect,defect,9,defect,global
f_pinhole,14,0.578555516817258,1,defect,defect,9,defect,global
f_pinhole,15,0.1391580665981837,1,defect,defect,9,defect,global
f_pinhole,16,0.3872350744196414,1,defect,defect,9,defect,global
f_pinhole,17,0.014790781635235808,1,defect,defect,9,defect,global
f_pinhole,18,0.002346708823624623,1,metal,metal,9,defect,global
f_pinhole,19,0.05884166547646986,1,defect,defect,9,defect,global
f_pinhole,20,1.9892512460422434e-05,1,metal,metal,9,defect,global
f_pinhole,21,0.012017324538872186,2,metal,defect,9,defect,global
f_pinhole,22,3.385834842969202e-06,2,metal,defect,9,defect,global
f_pinhole,23,0.012074137277316281,1,defect,defect,9,defect,global
f_pinhole,24,0.027803026233936635,1,defect,defect,9,defect,global
f_crack,0,0.001440016105955758,1,metal,metal,9,defect,global
f_crack,1,0.014505629471127107,1,defect,defect,9,defect,global
f_crack,2,0.062337376162843114,1,defect,defect,9,defect,global
f_crack,3,0.01413364811533536,1,defect,defect,9,defect,global
f_crack,4,8.129192447447621e-05,2,metal,defect,9,defect,global
f_crack,5,0.0001891193426249549,1,metal,metal,9,defect,global
f_crack,6,0.06937319882374769,1,defect,defect,9,defect,global
f_crack,7,0.0073674432625768435,2,metal,defect,9,defect,global
f_crack,8,0.005846005084924601,2,metal,defect,9,defect,global
f_crack,9,0.04121325157674749,1,defect,defect,9,defect,global
f_crack,10,0.026225765186984693,1,defect,defect,9,defect,global
f_crack,11,9.502653717338047e-05,2,metal,defect,9,defect,global
f_crack,12,0.0016984660271534904,1,metal,metal,9,defect,global
f_crack,13,0.007051729946154776,1,defect,defect,9,defect,global
f_crack,14,0.01478547912773007,1,defect,defect,9,defect,global
f_crack,15,0.007127130802993813,1,defect,defect,9,defect,global
f_crack,16,0.0033438443609245987,1,defect,defect,9,defect,global
f_crack,17,0.006816707247189145,1,defect,defect,9,defect,global
f_crack,18,0.0020597633443124744,2,metal,defect,9,defect,global
f_crack,19,0.02299732498627421,1,defect,defect,9,defect,global
f_crack,20,1.7962711847708487e-05,1,defect,defect,9,defect,global
f_crack,21,0.0062817038449822235,1,metal,metal,9,defect,global
f_crack,22,2.3928241073619885e-06,1,metal,metal,9,defect,global
f_crack,23,0.00878731348142198,2,metal,defect,9,defect,global
f_crack,24,0.01896130634661098,1,defect,defect,9,defect,global
f_gb_defect,0,0.0020469054309460266,1,metal,metal,9,defect,global
f_gb_defect,1,0.03753501928425662,2,oxide,defect,9,defect,global
f_gb_defect,2,0.04164058506225315,1,defect,defect,9,defect,global
f_gb_defect,3,0.037333742775642074,1,defect,defect,9,defect,global
f_gb_defect,4,9.825923940567917e-05,1,metal,metal,9,defect,global
f_gb_defect,5,0.00022626350801533736,2,metal,defect,9,defect,global
f_gb_defect,6,0.05807519740461743,1,defect,defect,9,defect,global
f_gb_defect,7,0.009139156753219023,2,metal,defect,9,defect,global
f_gb_defect,8,0.008502105141691467,1,metal,metal,9,defect,global
f_gb_defect,9,0.044938251532353944,1,defect,defect,9,defect,global
f_gb_defect,10,0.0405832567753034,1,defect,defect,9,defect,global
f_gb_defect,11,0.00015148911827533697,1,metal,metal,9,defect,global
f_gb_defect,12,0.002822072175786748,2,metal,defect,9,defect,global
f_gb_defect,13,0.03417435737215047,1,defect,defect,9,defect,global
f_gb_defect,14,0.017610785478303692,1,defect,defect,9,defect,global
f_gb_defect,15,0.11773417021659645,1,defect,defect,9,defect,global
f_gb_defect,16,0.03211658312310598,1,defect,defect,9,defect,global
f_gb_defect,17,0.015068410644152425,1,defect,defect,9,defect,global
f_gb_defect,18,0.0022878259532627676,1,metal,metal,9,defect,global
f_gb_defect,19,0.05834610202971857,1,defect,defect,9,defect,global
f_gb_defect,20,1.9529996200077507e-05,2,metal,defect,9,defect,global
f_gb_defect,21,0.011528614693614459,1,defect,defect,9,defect,global
f_gb_defect,22,3.2737584546411317e-06,1,metal,metal,9,defect,global
f_gb_defect,23,0.012424942419526531,2,metal,defect,9,defect,global
f_gb_defect,24,0.028161893987261256,1,defect,defect,9,defect,global
crack_thickness_factor,0,0.0016516264555003243,1,defect,defect,9,defect,global
crack_thickness_factor,1,0.022570470621991492,1,defect,defect,9,defect,global
crack_thickness_factor,2,0.11964499062226112,1,defect,defect,9,defect,global
crack_thickness_factor,3,0.17842104867305358,1,defect,defect,9,defect,global
crack_thickness_factor,4,5.1858190398044184e-05,1,defect,defect,9,defect,global
crack_thickness_factor,5,0.00030535629509655354,1,defect,defect,9,defect,global
crack_thickness_factor,6,0.11587460065409524,1,defect,defect,9,defect,global
crack_thickness_factor,7,0.0024257232739144903,1,defect,defect,9,defect,global
crack_thickness_factor,8,0.00542532079680699,1,defect,defect,9,defect,global
crack_thickness_factor,9,0.03467896699117688,1,defect,defect,9,defect,global
crack_thickness_factor,10,0.0786451842897444,1,defect,defect,9,defect,global
crack_thickness_factor,11,0.00012822339094117994,1,defect,defect,9,defect,global
crack_thickness_factor,12,0.0025382912675014167,1,defect,defect,9,defect,global
crack_thickness_factor,13,0.12231522007961555,1,defect,defect,9,defect,global
crack_thickness_factor,14,0.0408393026213328,1,defect,defect,9,defect,global
crack_thickness_factor,15,0.15479975250250563,1,defect,defect,9,defect,global
crack_thickness_factor,16,0.08110107251456095,1,defect,defect,9,defect,global
crack_thickness_factor,17,0.01711580916152363,1,defect,defect,9,defect,global
crack_thickness_factor,18,0.0009001426399524451,1,defect,defect,9,defect,global
crack_thickness_factor,19,0.08251508815260325,1,defect,defect,9,defect,global
crack_thickness_factor,20,1.5762670513075343e-05,1,defect,defect,9,defect,global
crack_thickness_factor,21,0.0125440914705643,1,defect,defect,9,defect,global
crack_thickness_factor,22,2.3462657310075362e-06,1,defect,defect,9,defect,global
crack_thickness_factor,23,0.01393307845897753,1,defect,defect,9,defect,global
crack_thickness_factor,24,0.0394710540620106,1,defect,defect,9,defect,global
gb_diffusivity_factor,0,0.005587122491284814,1,defect,defect,9,defect,global
gb_diffusivity_factor,1,0.08050194431063232,1,defect,defect,9,defect,global
gb_diffusivity_factor,2,0.13314949970945406,1,defect,defect,9,defect,global
gb_diffusivity_factor,3,0.23311597111044027,1,defect,defect,9,defect,global
gb_diffusivity_factor,4,0.0002743064419661938,1,defect,defect,9,defect,global
gb_diffusivity_factor,5,0.00013410904867374352,1,defect,defect,9,defect,global
gb_diffusivity_factor,6,0.08952115873393043,1,defect,defect,9,defect,global
gb_diffusivity_factor,7,0.009443923405788153,2,metal,defect,9,defect,global
gb_diffusivity_factor,8,0.021063559459913127,1,defect,defect,9,defect,global
gb_diffusivity_factor,9,0.05275581926032702,1,defect,defect,9,defect,global
gb_diffusivity_factor,10,0.17278237461186147,1,defect,defect,9,defect,global
gb_diffusivity_factor,11,0.00030722672364246416,1,defect,defect,9,defect,global
gb_diffusivity_factor,12,0.004104837340564496,1,defect,defect,9,defect,global
gb_diffusivity_factor,13,0.18944604655538386,1,defect,defect,9,defect,global
gb_diffusivity_factor,14,0.13536363588859998,1,defect,defect,9,defect,global
gb_diffusivity_factor,15,0.21268077921975742,1,defect,defect,9,defect,global
gb_diffusivity_factor,16,0.1934834683825619,1,defect,defect,9,defect,global
gb_diffusivity_factor,17,0.03188038908602905,1,defect,defect,9,defect,global
gb_diffusivity_factor,18,0.004295719588463679,2,metal,defect,9,defect,global
gb_diffusivity_factor,19,0.12315181686065158,1,defect,defect,9,defect,global
gb_diffusivity_factor,20,4.0032917828508866e-05,1,defect,defect,9,defect,global
gb_diffusivity_factor,21,0.008448322045207377,1,defect,defect,9,defect,global
gb_diffusivity_factor,22,8.775616483354925e-06,1,defect,defect,9,defect,global
gb_diffusivity_factor,23,0.026698299885316277,1,defect,defect,9,defect,global
gb_diffusivity_factor,24,0.05851442382631549,1,defect,defect,9,defect,global
grain_size,0,5.73835295789604e-05,1,defect,defect,9,defect,global
grain_size,1,7.308829794527059e-05,1,defect,defect,9,defect,global
grain_size,2,5.724207919101874e-05,1,defect,defect,9,defect,global
grain_size,3,4.779860621327554e-05,1,defect,defect,9,defect,global
grain_size,4,7.134088818312978e-05,1,defect,defect,9,defect,global
grain_size,5,8.302707734131036e-05,1,defect,defect,9,defect,global
grain_size,6,5.298926733434374e-05,1,defect,defect,9,defect,global
grain_size,7,0.00010076535276930249,1,defect,defect,9,defect,global
grain_size,8,6.29922669498311e-05,1,defect,defect,9,defect,global
grain_size,9,4.3171895498276156e-05,1,defect,defect,9,defect,global
grain_size,10,7.16361585893016e-05,1,defect,defect,9,defect,global
grain_size,11,8.39172188629285e-05,1,defect,defect,9,defect,global
grain_size,12,0.0001129150661242101,1,defect,defect,9,defect,global
grain_size,13,7.154003476872681e-05,1,defect,defect,9,defect,global
grain_size,14,8.069466654824909e-05,1,defect,defect,9,defect,global
grain_size,15,4.641273166400581e-05,1,defect,defect,9,defect,global
grain_size,16,0.00010327422746835469,1,defect,defect,9,defect,global
grain_size,17,6.075196012612949e-05,1,defect,defect,9,defect,global
grain_size,18,9.424405294248361e-05,1,defect,defect,9,defect,global
grain_size,19,5.135099907314401e-05,1,defect,defect,9,defect,global
grain_size,20,8.609171763302868e-05,1,defect,defect,9,defect,global
grain_size,21,6.703972699556164e-05,1,defect,defect,9,defect,global
grain_size,22,9.138896436505333e-05,1,defect,defect,9,defect,global
grain_size,23,6.828266484024264e-05,1,defect,defect,9,defect,global
grain_size,24,8.471708962073588e-05,1,defect,defect,9,defect,global
gb_thickness,0,5.350479401447058e-06,1,defect,defect,9,defect,global
gb_thickness,1,2.2174004728708788e-06,1,defect,defect,9,defect,global
gb_thickness,2,2.5957657659107442e-06,1,defect,defect,9,defect,global
gb_thickness,3,1.641739024722578e-05,1,defect,defect,9,defect,global
gb_thickness,4,2.7059690574384703e-06,1,defect,defect,9,defect,global
gb_thickness,5,2.2315788786373154e-06,1,defect,defect,9,defect,global
gb_thickness,6,1.558881864915961e-06,1,defect,defect,9,defect,global
gb_thickness,7,3.3049545130630334e-06,1,defect,defect,9,defect,global
gb_thickness,8,2.258596951457569e-06,1,defect,defect,9,defect,global
gb_thickness,9,1.729718123066355e-06,1,defect,defect,9,defect,global
gb_thickness,10,4.44066180583456e-06,1,defect,defect,9,defect,global
gb_thickness,11,9.875375525285316e-06,1,defect,defect,9,defect,global
gb_thickness,12,4.484914144611321e-06,1,defect,defect,9,defect,global
gb_thickness,13,1.6092613284597268e-06,1,defect,defect,9,defect,global
gb_thickness,14,2.3588281090353746e-06,1,defect,defect,9,defect,global
gb_thickness,15,1.0655498608314759e-05,1,defect,defect,9,defect,global
gb_thickness,16,1.9618207224478187e-06,1,defect,defect,9,defect,global
gb_thickness,17,6.523344441679715e-05,1,defect,defect,9,defect,global
gb_thickness,18,2.5800336204014697e-06,1,defect,defect,9,defect,global
gb_thickness,19,2.2656816781128883e-06,1,defect,defect,9,defect,global
gb_thickness,20,1.118481262294062e-05,1,defect,defect,9,defect,global
gb_thickness,21,1.0370213779557774e-05,1,defect,defect,9,defect,global
gb_thickness,22,2.4744329811249133e-06,1,defect,defect,9,defect,global
gb_thickness,23,2.605536911481825e-06,1,defect,defect,9,defect,global
gb_thickness,24,1.7194534345943457e-06,1,defect,defect,9,defect,global
lattice_density,0,0.13209159809673438,1,defect,defect,9,defect,global
lattice_density,1,0.10592241613367409,1,defect,defect,9,defect,global
lattice_density,2,0.06893521211058293,1,defect,defect,9,defect,global
lattice_density,3,0.07559970704516891,1,defect,defect,9,defect,global
lattice_density,4,0.12388013821504705,1,defect,defect,9,defect,global
lattice_density,5,0.1559323039934115,1,defect,defect,9,defect,global
lattice_density,6,0.1037059700242912,1,defect,defect,9,defect,global
lattice_density,7,0.13669732351948202,2,metal,defect,9,defect,global
lattice_density,8,0.13273467086033228,1,defect,defect,9,defect,global
lattice_density,9,0.10303988448621171,1,defect,defect,9,defect,global
lattice_density,10,0.11390723198926972,1,defect,defect,9,defect,global
lattice_density,11,0.12469740400387691,1,defect,defect,9,defect,global
lattice_density,12,0.10230001042414925,1,defect,defect,9,defect,global
lattice_density,13,0.08585363836083484,1,defect,defect,9,defect,global
lattice_density,14,0.10884382792367034,1,defect,defect,9,defect,global
lattice_density,15,0.10030998398975129,1,defect,defect,9,defect,global
lattice_density,16,0.12342365137264123,1,defect,defect,9,defect,global
lattice_density,17,0.11773594689181865,1,defect,defect,9,defect,global
lattice_density,18,0.13707560697963628,2,metal,defect,9,defect,global
lattice_density,19,0.1021458370480134,1,defect,defect,9,defect,global
lattice_density,20,0.08319059485646761,1,defect,defect,9,defect,global
lattice_density,21,0.12562403497703722,1,defect,defect,9,defect,global
lattice_density,22,0.11863476886088259,1,defect,defect,9,defect,global
lattice_density,23,0.13389221075938212,1,defect,defect,9,defect,global
lattice_density,24,0.10972421207138966,1,defect,defect,9,defect,global
trap_dislocation_E_b,0,3.7608771195578034e-15,1,defect,defect,9,defect,global
trap_dislocation_E_b,1,3.857309866213147e-16,1,defect,defect,9,defect,global
trap_dislocation_E_b,2,7.6181869857709e-15,1,defect,defect,9,defect,global
trap_dislocation_E_b,3,1.2536257065192714e-15,1,defect,defect,9,defect,global
trap_dislocation_E_b,4,6.750292265873004e-16,1,defect,defect,9,defect,global
trap_dislocation_E_b,5,3.857309866213147e-16,1,defect,defect,9,defect,global
trap_dislocation_E_b,6,3.278713386281164e-15,1,defect,defect,9,defect,global
trap_dislocation_E_b,7,2.025087679761898e-15,1,defect,defect,9,defect,global
trap_dislocation_E_b,8,5.207368319387719e-15,1,defect,defect,9,defect,global
trap_dislocation_E_b,9,1.5429239464852566e-15,1,defect,defect,9,defect,global
trap_dislocation_E_b,10,2.98941514631518e-15,1,defect,defect,9,defect,global
trap_dislocation_E_b,11,5.689532052664357e-15,1,defect,defect,9,defect,global
trap_dislocation_E_b,12,6.750292265872957e-15,1,defect,defect,9,defect,global
trap_dislocation_E_b,13,2.6036841596938673e-15,1,defect,defect,9,defect,global
trap_dislocation_E_b,14,5.400233812698374e-15,1,defect,defect,9,defect,global
trap_dislocation_E_b,15,2.7965496530045236e-15,1,defect,defect,9,defect,global
trap_dislocation_E_b,16,1.157192959863943e-15,1,defect,defect,9,defect,global
trap_dislocation_E_b,17,5.400233812698374e-15,1,defect,defect,9,defect,global
trap_dislocation_E_b,18,2.1215204264172266e-15,1,defect,defect,9,defect,global
trap_dislocation_E_b,19,1.0607602132086145e-15,1,defect,defect,9,defect,global
trap_dislocation_E_b,20,2.7001169063491955e-15,1,defect,defect,9,defect,global
trap_dislocation_E_b,21,8.678947198979575e-16,1,defect,defect,9,defect,global
trap_dislocation_E_b,22,4.821637332766433e-16,1,defect,defect,9,defect,global
trap_dislocation_E_b,23,5.785964799319719e-16,1,defect,defect,9,defect,global
trap_dislocation_E_b,24,3.857309866213147e-16,1,defect,defect,9,defect,global
trap_dislocation_N_T,0,3.47157887959182e-15,1,defect,defect,9,defect,global
trap_dislocation_N_T,1,3.1822806396258358e-15,1,defect,defect,9,defect,global
trap_dislocation_N_T,2,1.0800467625396681e-14,1,defect,defect,9,defect,global
trap_dislocation_N_T,3,3.278713386281164e-15,1,defect,defect,9,defect,global
trap_dislocation_N_T,4,8.678947198979575e-16,1,defect,defect,9,defect,global
trap_dislocation_N_T,5,1.716502890464817e-14,1,defect,defect,9,defect,global
trap_dislocation_N_T,6,3.278713386281164e-15,1,defect,defect,9,defect,global
trap_dislocation_N_T,7,3.568011626247148e-15,1,defect,defect,9,defect,global
trap_dislocation_N_T,8,2.507251413038539e-15,1,defect,defect,9,defect,global
trap_dislocation_N_T,9,3.7608771195578034e-15,1,defect,defect,9,defect,global
trap_dislocation_N_T,10,4.435906346145098e-15,1,defect,defect,9,defect,global
trap_dislocation_N_T,11,1.002900565215407e-14,1,defect,defect,9,defect,global
trap_dislocation_N_T,12,1.1282631358673313e-14,1,defect,defect,9,defect,global
trap_dislocation_N_T,13,5.689532052664357e-15,1,defect,defect,9,defect,global
trap_dislocation_N_T,14,7.039590505838939e-15,1,defect,defect,9,defect,global
trap_dislocation_N_T,15,1.0896900372052008e-14,1,defect,defect,9,defect,global
trap_dislocation_N_T,16,2.98941514631518e-15,1,defect,defect,9,defect,global
trap_dislocation_N_T,17,5.496666559353702e-15,1,defect,defect,9,defect,global
trap_dislocation_N_T,18,2.314385919727883e-15,1,defect,defect,9,defect,global
trap_dislocation_N_T,19,2.410818666383211e-15,1,defect,defect,9,defect,global
trap_dislocation_N_T,20,3.1822806396258358e-15,1,defect,defect,9,defect,global
trap_dislocation_N_T,21,4.243040852834442e-15,1,defect,defect,9,defect,global
trap_dislocation_N_T,22,6.750292265873004e-16,1,defect,defect,9,defect,global
trap_dislocation_N_T,23,3.568011626247148e-15,1,defect,defect,9,defect,global
trap_dislocation_N_T,24,3.0858478929705076e-15,1,defect,defect,9,defect,global
trap_gb_E_b,0,8.331789311019602e-14,1,defect,defect,9,defect,global
trap_gb_E_b,1,1.3722379849051107e-13,1,defect,defect,9,defect,global
trap_gb_E_b,2,6.846725012528284e-15,1,defect,defect,9,defect,global
trap_gb_E_b,3,2.3510303634562777e-13,1,defect,defect,9,defect,global
trap_gb_E_b,4,1.8428297885829407e-13,1,defect,defect,9,defect,global
trap_gb_E_b,5,1.0434023188105313e-13,1,defect,defect,9,defect,global
trap_gb_E_b,6,1.8900818344444018e-14,1,defect,defect,9,defect,global
trap_gb_E_b,7,1.3838099145037464e-13,1,defect,defect,9,defect,global
trap_gb_E_b,8,1.6923947038006892e-13,1,defect,defect,9,defect,global
trap_gb_E_b,9,9.112894558927607e-14,1,defect,defect,9,defect,global
trap_gb_E_b,10,1.491814590757679e-13,1,defect,defect,9,defect,global
trap_gb_E_b,11,2.2893134055969e-13,1,defect,defect,9,defect,global
trap_gb_E_b,12,2.872731522861292e-13,1,defect,defect,9,defect,global
trap_gb_E_b,13,2.6056128146262004e-13,1,defect,defect,9,defect,global
trap_gb_E_b,14,2.990379473780714e-13,1,defect,defect,9,defect,global
trap_gb_E_b,15,3.235318650285073e-13,1,defect,defect,9,defect,global
trap_gb_E_b,16,1.6904660488675832e-13,1,defect,defect,9,defect,global
trap_gb_E_b,17,1.1542999774641313e-13,1,defect,defect,9,defect,global
trap_gb_E_b,18,1.2613403262515164e-13,1,defect,defect,9,defect,global
trap_gb_E_b,19,5.853467721978059e-14,1,defect,defect,9,defect,global
trap_gb_E_b,20,3.8081291654172613e-13,1,defect,defect,9,defect,global
trap_gb_E_b,21,1.0607602132086145e-15,1,defect,defect,9,defect,global
trap_gb_E_b,22,2.5978981948937784e-13,1,defect,defect,9,defect,global
trap_gb_E_b,23,4.908426804755954e-14,1,defect,defect,9,defect,global
trap_gb_E_b,24,1.5361736542191146e-13,1,defect,defect,9,defect,global
trap_gb_N_T,0,7.865054817201487e-13,1,defect,defect,9,defect,global
trap_gb_N_T,1,5.453271823355415e-13,1,defect,defect,9,defect,global
trap_gb_N_T,2,1.2621117882231083e-12,1,defect,defect,9,defect,global
trap_gb_N_T,3,6.337560110183579e-13,1,defect,defect,9,defect,global
trap_gb_N_T,4,1.2768659984613305e-12,1,defect,defect,9,defect,global
trap_gb_N_T,5,3.6779449574326795e-13,1,defect,defect,9,defect,global
trap_gb_N_T,6,4.903605167420697e-13,1,defect,defect,9,defect,global
trap_gb_N_T,7,4.0472823771222603e-13,1,defect,defect,9,defect,global
trap_gb_N_T,8,4.808136748232028e-13,1,defect,defect,9,defect,global
trap_gb_N_T,9,5.988473567291784e-13,1,defect,defect,9,defect,global
trap_gb_N_T,10,4.943142593549337e-13,1,defect,defect,9,defect,global
trap_gb_N_T,11,6.513067709096017e-13,1,defect,defect,9,defect,global
trap_gb_N_T,12,1.2601831332900073e-12,1,defect,defect,9,defect,global
trap_gb_N_T,13,8.596979364314046e-13,1,defect,defect,9,defect,global
trap_gb_N_T,14,1.073007172032517e-12,1,defect,defect,9,defect,global
trap_gb_N_T,15,1.3070494481643584e-12,1,defect,defect,9,defect,global
trap_gb_N_T,16,4.3770823706831643e-13,1,defect,defect,9,defect,global
trap_gb_N_T,17,5.948936141163154e-13,1,defect,defect,9,defect,global
trap_gb_N_T,18,6.801401621595008e-13,1,defect,defect,9,defect,global
trap_gb_N_T,19,4.676988212780924e-13,1,defect,defect,9,defect,global
trap_gb_N_T,20,1.2987562319520252e-12,1,defect,defect,9,defect,global
trap_gb_N_T,21,4.700132071978178e-13,1,defect,defect,9,defect,global
trap_gb_N_T,22,5.796572401447941e-13,1,defect,defect,9,defect,global
trap_gb_N_T,23,3.840916299280044e-13,1,defect,defect,9,defect,global
trap_gb_N_T,24,5.877575908638308e-13,1,defect,defect,9,defect,global
trap_vacancy_E_b,0,0.4922060389558357,1,defect,defect,9,defect,global
trap_vacancy_E_b,1,0.33855181986224087,1,defect,defect,9,defect,global
trap_vacancy_E_b,2,0.239615348301463,1,defect,defect,9,defect,global
trap_vacancy_E_b,3,0.2441910687779504,1,defect,defect,9,defect,global
trap_vacancy_E_b,4,0.3781301414958193,1,defect,defect,9,defect,global
trap_vacancy_E_b,5,0.5067759103597852,1,defect,defect,9,defect,global
trap_vacancy_E_b,6,0.33757657559313536,1,defect,defect,9,defect,global
trap_vacancy_E_b,7,0.4141983782453839,2,defect,metal,9,defect,global
trap_vacancy_E_b,8,0.42723403391427067,1,defect,defect,9,defect,global
trap_vacancy_E_b,9,0.3429097915852473,1,defect,defect,9,defect,global
trap_vacancy_E_b,10,0.3877189985923776,1,defect,defect,9,defect,global
trap_vacancy_E_b,11,0.44204973446613055,1,defect,defect,9,defect,global
trap_vacancy_E_b,12,0.35632081649063435,1,defect,defect,9,defect,global
trap_vacancy_E_b,13,0.22166878178232355,1,defect,defect,9,defect,global
trap_vacancy_E_b,14,0.33255657210630196,1,defect,defect,9,defect,global
trap_vacancy_E_b,15,0.3138931320396246,1,defect,defect,9,defect,global
trap_vacancy_E_b,16,0.4029385940378832,1,defect,defect,9,defect,global
trap_vacancy_E_b,17,0.3745057334707681,1,defect,defect,9,defect,global
trap_vacancy_E_b,18,0.3779923531827391,2,defect,metal,9,defect,global
trap_vacancy_E_b,19,0.30792286449975387,1,defect,defect,9,defect,global
trap_vacancy_E_b,20,0.3467664050986206,1,defect,defect,9,defect,global
trap_vacancy_E_b,21,0.36660073280067595,1,defect,defect,9,defect,global
trap_vacancy_E_b,22,0.37497798390818243,1,defect,defect,9,defect,global
trap_vacancy_E_b,23,0.3871554616919042,1,defect,defect,9,defect,global
trap_vacancy_E_b,24,0.3376590194139713,1,defect,defect,9,defect,global
trap_vacancy_N_T,0,0.5973093140842991,1,defect,defect,9,defect,global
trap_vacancy_N_T,1,0.607451151260154,1,defect,defect,9,defect,global
trap_vacancy_N_T,2,0.5505723497585823,1,defect,defect,9,defect,global
trap_vacancy_N_T,3,0.522318943844322,1,defect,defect,9,defect,global
trap_vacancy_N_T,4,0.8262593970261136,1,defect,defect,9,defect,global
trap_vacancy_N_T,5,0.9881624908748176,1,defect,defect,9,defect,global
trap_vacancy_N_T,6,0.6625122506677947,1,defect,defect,9,defect,global
trap_vacancy_N_T,7,0.6006988707068505,1,defect,defect,9,defect,global
trap_vacancy_N_T,8,0.7445557742580793,1,defect,defect,9,defect,global
trap_vacancy_N_T,9,0.45133778358811155,1,defect,defect,9,defect,global
trap_vacancy_N_T,10,0.636122932912936,1,defect,defect,9,defect,global
trap_vacancy_N_T,11,0.49682583799521723,1,defect,defect,9,defect,global
trap_vacancy_N_T,12,0.5133443990603235,1,defect,defect,9,defect,global
trap_vacancy_N_T,13,0.41820640059211506,1,defect,defect,9,defect,global
trap_vacancy_N_T,14,0.899229869908361,1,defect,defect,9,defect,global
trap_vacancy_N_T,15,0.735345367450738,1,defect,defect,9,defect,global
trap_vacancy_N_T,16,0.9039864105837435,1,defect,defect,9,defect,global
trap_vacancy_N_T,17,0.6012227573408727,1,defect,defect,9,defect,global
trap_vacancy_N_T,18,0.7194672965824414,2,defect,metal,9,defect,global
trap_vacancy_N_T,19,0.6276012115499829,1,defect,defect,9,defect,global
trap_vacancy_N_T,20,0.6210041916111542,1,defect,defect,9,defect,global
trap_vacancy_N_T,21,0.5630396921581687,1,defect,defect,9,defect,global
trap_vacancy_N_T,22,0.7360982037124967,1,defect,defect,9,defect,global
trap_vacancy_N_T,23,0.6358296503051157,1,defect,defect,9,defect,global
trap_vacancy_N_T,24,0.5682842379884308,1,defect,defect,9,defect,global
trap_carbide_E_b,0,0.002553626454893639,1,defect,defect,9,defect,global
trap_carbide_E_b,1,0.026160890360042138,1,defect,defect,9,defect,global
trap_carbide_E_b,2,0.016459453520970484,1,defect,defect,9,defect,global
trap_carbide_E_b,3,0.013733687037101146,1,defect,defect,9,defect,global
trap_carbide_E_b,4,0.017552300512646564,1,defect,defect,9,defect,global
trap_carbide_E_b,5,0.007762548253640463,1,defect,defect,9,defect,global
trap_carbide_E_b,6,0.004180885941475302,1,defect,defect,9,defect,global
trap_carbide_E_b,7,0.015384838043901748,1,defect,defect,9,defect,global
trap_carbide_E_b,8,0.030461838084904012,1,defect,defect,9,defect,global
trap_carbide_E_b,9,0.04604761126756444,1,defect,defect,9,defect,global
trap_carbide_E_b,10,0.006094518035056491,1,defect,defect,9,defect,global
trap_carbide_E_b,11,0.027913539846009847,1,defect,defect,9,defect,global
trap_carbide_E_b,12,0.08759065603106077,1,defect,defect,9,defect,global
trap_carbide_E_b,13,0.08600883968825579,1,defect,defect,9,defect,global
trap_carbide_E_b,14,0.027880053718580915,1,defect,defect,9,defect,global
trap_carbide_E_b,15,0.08085415035914126,1,defect,defect,9,defect,global
trap_carbide_E_b,16,0.013217717314677954,1,defect,defect,9,defect,global
trap_carbide_E_b,17,0.0009222028621904882,1,defect,defect,9,defect,global
trap_carbide_E_b,18,0.053940669420709415,2,defect,metal,9,defect,global
trap_carbide_E_b,19,0.01946165709659263,1,defect,defect,9,defect,global
trap_carbide_E_b,20,0.03628183000783915,1,defect,defect,9,defect,global
trap_carbide_E_b,21,0.03046986723253687,1,defect,defect,9,defect,global
trap_carbide_E_b,22,0.06854154113792642,1,defect,defect,9,defect,global
trap_carbide_E_b,23,0.02949863222414431,1,defect,defect,9,defect,global
trap_carbide_E_b,24,0.04331139829505663,1,defect,defect,9,defect,global
trap_carbide_N_T,0,0.025449310796522583,1,defect,defect,9,defect,global
trap_carbide_N_T,1,0.009158228333377028,1,defect,defect,9,defect,global
trap_carbide_N_T,2,0.06004630545224515,1,defect,defect,9,defect,global
trap_carbide_N_T,3,0.03900958464119111,1,defect,defect,9,defect,global
trap_carbide_N_T,4,0.03083931876900104,1,defect,defect,9,defect,global
trap_carbide_N_T,5,0.00991765198389791,1,defect,defect,9,defect,global
trap_carbide_N_T,6,0.014603348799900093,1,defect,defect,9,defect,global
trap_carbide_N_T,7,0.02108091037685608,1,defect,defect,9,defect,global
trap_carbide_N_T,8,0.01503718887652774,1,defect,defect,9,defect,global
trap_carbide_N_T,9,0.05261503815213424,1,defect,defect,9,defect,global
trap_carbide_N_T,10,0.014175566077934437,1,defect,defect,9,defect,global
trap_carbide_N_T,11,0.100071161984972,1,defect,defect,9,defect,global
trap_carbide_N_T,12,0.08733818322506841,1,defect,defect,9,defect,global
trap_carbide_N_T,13,0.07793579429076047,1,defect,defect,9,defect,global
trap_carbide_N_T,14,0.030592621757485637,1,defect,defect,9,defect,global
trap_carbide_N_T,15,0.022873751291633264,1,defect,defect,9,defect,global
trap_carbide_N_T,16,0.01407911738161041,1,defect,defect,9,defect,global
trap_carbide_N_T,17,0.02503529072863684,1,defect,defect,9,defect,global
trap_carbide_N_T,18,0.06254505542058254,1,defect,defect,9,defect,global
trap_carbide_N_T,19,0.023047444237242202,1,defect,defect,9,defect,global
trap_carbide_N_T,20,0.1729351389595589,1,defect,defect,9,defect,global
trap_carbide_N_T,21,0.02958786995009268,1,defect,defect,9,defect,global
trap_carbide_N_T,22,0.03509126479574067,1,defect,defect,9,defect,global
trap_carbide_N_T,23,0.009091294829630071,1,defect,defect,9,defect,global
trap_carbide_N_T,24,0.04134178757491409,1,defect,defect,9,defect,global
D_ref,0,3.97363849713364,2,metal,defect,9,defect,preset
D_ref,1,3.823227352845806,2,metal,defect,9,defect,preset
D_ref,2,3.7690191749643076,1,defect,defect,9,defect,preset
D_ref,3,3.499511642296381,1,defect,defect,9,defect,preset
D_ref,4,3.9991399167318127,1,defect,defect,9,defect,preset
D_ref,5,3.9960819988255416,1,defect,defect,9,defect,preset
D_ref,6,3.760212972197316,2,metal,defect,9,defect,preset
D_ref,7,3.9079913794553125,2,metal,defect,9,defect,preset
D_ref,8,3.842802058527556,2,metal,defect,9,defect,preset
D_ref,9,3.653181649740993,2,metal,defect,9,defect,preset
D_ref,10,3.4763009345612295,1,defect,defect,9,defect,preset
D_ref,11,3.998677834959631,1,defect,defect,9,defect,preset
D_ref,12,3.9820114145868457,1,defect,defect,9,defect,preset
D_ref,13,3.4546974868202436,1,defect,defect,9,defect,preset
D_ref,14,3.4529894844560727,1,defect,defect,9,defect,preset
D_ref,15,3.4634805540814013,1,defect,defect,9,defect,preset
D_ref,16,3.5067332047614705,1,defect,defect,9,defect,preset
D_ref,17,3.9166557538428064,1,defect,defect,9,defect,preset
D_ref,18,3.9857908849669155,2,metal,defect,9,defect,preset
D_ref,19,3.723760462689967,1,defect,defect,9,defect,preset
D_ref,20,3.9996529451230125,1,defect,defect,9,defect,preset
D_ref,21,3.9163242300097005,2,metal,defect,9,defect,preset
D_ref,22,3.9996303523551684,1,defect,defect,9,defect,preset
D_ref,23,3.9303707897025135,2,metal,defect,9,defect,preset
D_ref,24,3.8606863893079435,1,defect,defect,9,defect,preset
E_D,0,0.03265918129551632,1,defect,defect,9,defect,preset
E_D,1,0.02417825689356738,1,defect,defect,9,defect,preset
E_D,2,0.026906245049123895,1,defect,defect,9,defect,preset
E_D,3,0.019149938285638365,1,defect,defect,9,defect,preset
E_D,4,0.0335114157039885,1,defect,defect,9,defect,preset
E_D,5,0.033455001501948696,1,defect,defect,9,defect,preset
E_D,6,0.02548074951402565,1,defect,defect,9,defect,preset
E_D,7,0.02932969129223864,1,defect,defect,9,defect,preset
E_D,8,0.030055867961042954,1,defect,defect,9,defect,preset
E_D,9,0.02535134136049515,1,defect,defect,9,defect,preset
E_D,10,0.026395373761491432,1,defect,defect,9,defect,preset
E_D,11,0.033496716764055884,1,defect,defect,9,defect,preset
E_D,12,0.032348651482952705,1,defect,defect,9,defect,preset
E_D,13,0.026309450600273846,1,defect,defect,9,defect,preset
E_D,14,0.030102658222562733,1,defect,defect,9,defect,preset
E_D,15,0.02859390223872953,1,defect,defect,9,defect,preset
E_D,16,0.027819436812726476,1,defect,defect,9,defect,preset
E_D,17,0.02816755812572666,1,defect,defect,9,defect,preset
E_D,18,0.0326062042369743,2,metal,defect,9,defect,preset
E_D,19,0.023339835414427385,1,defect,defect,9,defect,preset
E_D,20,0.03354642451811991,1,defect,defect,9,defect,preset
E_D,21,0.028229661463511996,1,defect,defect,9,defect,preset
E_D,22,0.03355071476154376,1,defect,defect,9,defect,preset
E_D,23,0.028868072776245313,1,defect,defect,9,defect,preset
E_D,24,0.026908934209413725,1,defect,defect,9,defect,preset
K_s_ref,0,2.9708310848139403,2,metal,defect,9,defect,preset
K_s_ref,1,2.6898801198275093,2,metal,defect,9,defect,preset
K_s_ref,2,2.5814369291664576,1,defect,defect,9,defect,preset
K_s_ref,3,2.5868939570023057,1,defect,defect,9,defect,preset
K_s_ref,4,2.9992424202576315,1,defect,defect,9,defect,preset
K_s_ref,5,2.997301091612333,1,defect,defect,9,defect,preset
K_s_ref,6,2.543020750864517,2,metal,defect,9,defect,preset
K_s_ref,7,2.632121652841971,2,metal,defect,9,defect,preset
K_s_ref,8,2.946398561477189,2,metal,defect,9,defect,preset
K_s_ref,9,2.775185811157524,2,metal,defect,9,defect,preset
K_s_ref,10,2.4806084314305332,1,defect,defect,9,defect,preset
K_s_ref,11,2.9971802557109033,1,defect,defect,9,defect,preset
K_s_ref,12,2.977228196996923,1,defect,defect,9,defect,preset
K_s_ref,13,2.5215946459344996,1,defect,defect,9,defect,preset
K_s_ref,14,2.491641261261605,1,defect,defect,9,defect,preset
K_s_ref,15,2.62427369601148,1,defect,defect,9,defect,preset
K_s_ref,16,2.4966344696573453,1,defect,defect,9,defect,preset
K_s_ref,17,2.6355568152940227,1,defect,defect,9,defect,preset
K_s_ref,18,2.9789896019253805,2,metal,defect,9,defect,preset
K_s_ref,19,2.7381338154907864,1,defect,defect,9,defect,preset
K_s_ref,20,2.999898816689052,1,defect,defect,9,defect,preset
K_s_ref,21,2.6764594999531446,2,metal,defect,9,defect,preset
K_s_ref,22,2.999910814280081,1,defect,defect,9,defect,preset
K_s_ref,23,2.756111351323726,2,metal,defect,9,defect,preset
K_s_ref,24,2.873743562065746,1,defect,defect,9,defect,preset
H_s,0,0.0800691172828426,1,defect,defect,9,defect,preset
H_s,1,0.059892811755888536,1,defect,defect,9,defect,preset
H_s,2,0.06617988007035146,1,defect,defect,9,defect,preset
H_s,3,0.04696413680854339,1,defect,defect,9,defect,preset
H_s,4,0.08209446589444826,1,defect,defect,9,defect,preset
H_s,5,0.08196114819070682,1,defect,defect,9,defect,preset
H_s,6,0.06228628782385207,1,defect,defect,9,defect,preset
H_s,7,0.072338519909131,2,metal,defect,9,defect,preset
H_s,8,0.07405202229773168,1,defect,defect,9,defect,preset
H_s,9,0.06213995456255679,1,defect,defect,9,defect,preset
H_s,10,0.06534033811530833,1,defect,defect,9,defect,preset
H_s,11,0.0820646194445241,1,defect,defect,9,defect,preset
H_s,12,0.079246925100611,1,defect,defect,9,defect,preset
H_s,13,0.0635315250964744,1,defect,defect,9,defect,preset
H_s,14,0.07329072622847814,1,defect,defect,9,defect,preset
H_s,15,0.07001711908683955,1,defect,defect,9,defect,preset
H_s,16,0.06761140378230573,1,defect,defect,9,defect,preset
H_s,17,0.06924678942366266,1,defect,defect,9,defect,preset
H_s,18,0.07982934771421844,2,metal,defect,9,defect,preset
H_s,19,0.05712638813939859,1,defect,defect,9,defect,preset
H_s,20,0.08218836289055104,1,defect,defect,9,defect,preset
H_s,21,0.06957352514007878,1,defect,defect,9,defect,preset
H_s,22,0.08219881262702983,1,defect,defect,9,defect,preset
H_s,23,0.07157337408277352,1,defect,defect,9,defect,preset
H_s,24,0.06576136267990619,1,defect,defect,9,defect,preset
D_ox_ref,0,0.045789047741830756,1,defect,defect,9,defect,preset
D_ox_ref,1,0.2613100245695136,1,defect,defect,9,defect,preset
D_ox_ref,2,0.22810675730362834,1,defect,defect,9,defect,preset
D_ox_ref,3,0.349224891615127,1,defect,defect,9,defect,preset
D_ox_ref,4,0.003901463290687665,1,defect,defect,9,defect,preset
D_ox_ref,5,0.0034189125341027877,1,defect,defect,9,defect,preset
D_ox_ref,6,0.24930891638499628,1,defect,defect,9,defect,preset
D_ox_ref,7,0.25875976707589804,1,defect,defect,9,defect,preset
D_ox_ref,8,0.21484811921446845,1,defect,defect,9,defect,preset
D_ox_ref,9,0.21042188394686015,1,defect,defect,9,defect,preset
D_ox_ref,10,0.11022536287146066,1,defect,defect,9,defect,preset
D_ox_ref,11,0.005816536968863632,1,defect,defect,9,defect,preset
D_ox_ref,12,0.047303245839574334,1,defect,defect,9,defect,preset
D_ox_ref,13,0.1810368201643612,1,defect,defect,9,defect,preset
D_ox_ref,14,0.17121209544120525,1,defect,defect,9,defect,preset
D_ox_ref,15,0.1560192495557918,1,defect,defect,9,defect,preset
D_ox_ref,16,0.10877658701063307,1,defect,defect,9,defect,preset
D_ox_ref,17,0.24192564587694704,1,defect,defect,9,defect,preset
D_ox_ref,18,0.09221463371090585,2,defect,metal,9,defect,preset
D_ox_ref,19,0.23180232107224716,1,defect,defect,9,defect,preset
D_ox_ref,20,0.00041667470178174807,1,defect,defect,9,defect,preset
D_ox_ref,21,0.13378323786128582,2,defect,metal,9,defect,preset
D_ox_ref,22,0.00015438620136364267,1,defect,defect,9,defect,preset
D_ox_ref,23,0.14464056818319315,1,defect,defect,9,defect,preset
D_ox_ref,24,0.24018810707716243,1,defect,defect,9,defect,preset
E_D_ox,0,0.0020092487764601864,1,defect,defect,9,defect,preset
E_D_ox,1,0.020660544724261362,1,defect,defect,9,defect,preset
E_D_ox,2,0.014823293042022711,1,defect,defect,9,defect,preset
E_D_ox,3,0.031391000546395424,1,defect,defect,9,defect,preset
E_D_ox,4,9.536691224406481e-05,1,defect,defect,9,defect,preset
E_D_ox,5,0.0002081189526130285,1,defect,defect,9,defect,preset
E_D_ox,6,0.017739513298949874,1,defect,defect,9,defect,preset
E_D_ox,7,0.009214254766840825,2,defect,metal,9,defect,preset
E_D_ox,8,0.007620013724012173,1,defect,defect,9,defect,preset
E_D_ox,9,0.017755189101920154,1,defect,defect,9,defect,preset
E_D_ox,10,0.01603555853223961,1,defect,defect,9,defect,preset
E_D_ox,11,0.00011536110577040777,1,defect,defect,9,defect,preset
E_D_ox,12,0.0024836496562399544,1,defect,defect,9,defect,preset
E_D_ox,13,0.016739075893221367,1,defect,defect,9,defect,preset
E_D_ox,14,0.007370550657667462,1,defect,defect,9,defect,preset
E_D_ox,15,0.010899532506157958,1,defect,defect,9,defect,preset
E_D_ox,16,0.012113800603101788,1,defect,defect,9,defect,preset
E_D_ox,17,0.0116744764757741,1,defect,defect,9,defect,preset
E_D_ox,18,0.0020305087615537956,2,defect,metal,9,defect,preset
E_D_ox,19,0.022277676378559583,1,defect,defect,9,defect,preset
E_D_ox,20,1.3019572129225544e-05,1,defect,defect,9,defect,preset
E_D_ox,21,0.011739305261410603,1,defect,defect,9,defect,preset
E_D_ox,22,2.8357382326002037e-06,1,defect,defect,9,defect,preset
E_D_ox,23,0.010744449406921288,1,defect,defect,9,defect,preset
E_D_ox,24,0.013691051074903293,1,defect,defect,9,defect,preset
K_ox_ref,0,0.0251450129963859,1,defect,defect,9,defect,preset
K_ox_ref,1,0.1974058259172234,1,defect,defect,9,defect,preset
K_ox_ref,2,0.16070442952012218,1,defect,defect,9,defect,preset
K_ox_ref,3,0.24503244453606976,1,defect,defect,9,defect,preset
K_ox_ref,4,0.0013715240641551081,1,defect,defect,9,defect,preset
K_ox_ref,5,0.0026027276699820885,1,defect,defect,9,defect,preset
K_ox_ref,6,0.16601407718511893,1,defect,defect,9,defect,preset
K_ox_ref,7,0.14312047740773554,2,defect,metal,9,defect,preset
K_ox_ref,8,0.0869134529453912,1,defect,defect,9,defect,preset
K_ox_ref,9,0.15120254824509483,1,defect,defect,9,defect,preset
K_ox_ref,10,0.11141531397305784,1,defect,defect,9,defect,preset
K_ox_ref,11,0.0014948127265413894,1,defect,defect,9,defect,preset
K_ox_ref,12,0.0561268680693545,1,defect,defect,9,defect,preset
K_ox_ref,13,0.10240697308532985,1,defect,defect,9,defect,preset
K_ox_ref,14,0.04663981949174284,1,defect,defect,9,defect,preset
K_ox_ref,15,0.10131865899707379,1,defect,defect,9,defect,preset
K_ox_ref,16,0.11756234426406752,1,defect,defect,9,defect,preset
K_ox_ref,17,0.12685123331325993,1,defect,defect,9,defect,preset
K_ox_ref,18,0.012806124799680064,2,defect,metal,9,defect,preset
K_ox_ref,19,0.2141587820926657,1,defect,defect,9,defect,preset
K_ox_ref,20,0.00021833090148330026,1,defect,defect,9,defect,preset
K_ox_ref,21,0.19767437966220583,1,defect,defect,9,defect,preset
K_ox_ref,22,3.072256687960543e-05,1,defect,defect,9,defect,preset
K_ox_ref,23,0.1418866328119636,1,defect,defect,9,defect,preset
K_ox_ref,24,0.09610081249290593,1,defect,defect,9,defect,preset
H_sol_ox,0,0.8653078780598278,2,defect,metal,9,defect,preset
H_sol_ox,1,0.5719114536151626,2,defect,metal,9,defect,preset
H_sol_ox,2,0.4749905035986915,1,defect,defect,9,defect,preset
H_sol_ox,3,0.7067387466008199,1,defect,defect,9,defect,preset
H_sol_ox,4,0.6253279247966936,1,defect,defect,9,defect,preset
H_sol_ox,5,0.6541327583341375,1,defect,defect,9,defect,preset
H_sol_ox,6,0.5157989359268059,2,defect,metal,9,defect,preset
H_sol_ox,7,0.09419265789447982,2,defect,metal,9,defect,preset
H_sol_ox,8,0.945313117854728,2,defect,metal,9,defect,preset
H_sol_ox,9,0.5847364175005396,2,defect,metal,9,defect,preset
H_sol_ox,10,0.4947636180579413,1,defect,defect,9,defect,preset
H_sol_ox,11,0.49297440005044973,1,defect,defect,9,defect,preset
H_sol_ox,12,0.7046369605309883,1,defect,defect,9,defect,preset
H_sol_ox,13,0.5192049098095519,1,defect,defect,9,defect,preset
H_sol_ox,14,0.5529613586479107,1,defect,defect,9,defect,preset
H_sol_ox,15,0.38856027527391546,1,defect,defect,9,defect,preset
H_sol_ox,16,0.5162786294934455,1,defect,defect,9,defect,preset
H_sol_ox,17,0.44774681568385555,1,defect,defect,9,defect,preset
H_sol_ox,18,0.6418912335186123,2,defect,metal,9,defect,preset
H_sol_ox,19,0.7747060894505775,1,defect,defect,9,defect,preset
H_sol_ox,20,0.3883019363576983,1,defect,defect,9,defect,preset
H_sol_ox,21,0.6655232707476053,2,defect,metal,9,defect,preset
H_sol_ox,22,0.5048937971514512,1,defect,defect,9,defect,preset
H_sol_ox,23,0.3808397168405699,2,defect,metal,9,defect,preset
H_sol_ox,24,0.8053684724982542,1,defect,defect,9,defect,preset
metal_thickness,0,0.9670899216594543,1,defect,defect,9,defect,preset
metal_thickness,1,0.7333020747820882,1,defect,defect,9,defect,preset
metal_thickness,2,0.8201763557190489,1,defect,defect,9,defect,preset
metal_thickness,3,0.6179416411487324,1,defect,defect,9,defect,preset
metal_thickness,4,0.9956268388590255,1,defect,defect,9,defect,preset
metal_thickness,5,0.9907800105527806,1,defect,defect,9,defect,preset
metal_thickness,6,0.7653680024194073,1,defect,defect,9,defect,preset
metal_thickness,7,0.7606360606419804,2,defect,metal,9,defect,preset
metal_thickness,8,0.8796630554876959,2,defect,metal,9,defect,preset
metal_thickness,9,0.8208072139464606,1,defect,defect,9,defect,preset
metal_thickness,10,0.884803528782371,1,defect,defect,9,defect,preset
metal_thickness,11,0.9965998182694334,1,defect,defect,9,defect,preset
metal_thickness,12,0.959912685895446,1,defect,defect,9,defect,preset
metal_thickness,13,0.8935982016683344,1,defect,defect,9,defect,preset
metal_thickness,14,0.952482920924712,1,defect,defect,9,defect,preset
metal_thickness,15,0.8410263379168456,1,defect,defect,9,defect,preset
metal_thickness,16,0.8920706757232489,1,defect,defect,9,defect,preset
metal_thickness,17,0.806149504904772,1,defect,defect,9,defect,preset
metal_thickness,18,0.923471578526946,2,defect,metal,9,defect,preset
metal_thickness,19,0.7012989450192054,1,defect,defect,9,defect,preset
metal_thickness,20,0.9995644400637456,1,defect,defect,9,defect,preset
metal_thickness,21,0.7420449590629843,1,defect,defect,9,defect,preset
metal_thickness,22,0.9999332763502559,1,defect,defect,9,defect,preset
metal_thickness,23,0.8450031687987164,1,defect,defect,9,defect,preset
metal_thickness,24,0.8989708006180629,1,defect,defect,9,defect,preset
oxide_thickness,0,0.03836052245144035,2,metal,defect,9,defect,preset
oxide_thickness,1,0.2856294156003014,2,metal,defect,9,defect,preset
oxide_thickness,2,0.27992949207144957,1,defect,defect,9,defect,preset
oxide_thickness,3,0.5042153167818103,1,defect,defect,9,defect,preset
oxide_thickness,4,0.0017577461270166937,1,defect,defect,9,defect,preset
oxide_thickness,5,0.0013127740106779165,1,defect,defect,9,defect,preset
oxide_thickness,6,0.36636357013291937,1,defect,defect,9,defect,preset
oxide_thickness,7,0.3849808206212377,2,metal,defect,9,defect,preset
oxide_thickness,8,0.06256148804693969,2,metal,defect,9,defect,preset
oxide_thickness,9,0.26366437284808963,2,metal,defect,9,defect,preset
oxide_thickness,10,0.4309391230843894,1,defect,defect,9,defect,preset
oxide_thickness,11,0.001029095263260945,1,defect,defect,9,defect,preset
oxide_thickness,12,0.03307093590803993,1,defect,defect,9,defect,preset
oxide_thickness,13,0.4123215357140887,1,defect,defect,9,defect,preset
oxide_thickness,14,0.4001264677206581,1,defect,defect,9,defect,preset
oxide_thickness,15,0.3550916819245037,1,defect,defect,9,defect,preset
oxide_thickness,16,0.40531135239806404,1,defect,defect,9,defect,preset
oxide_thickness,17,0.2260440887683843,1,defect,defect,9,defect,preset
oxide_thickness,18,0.02666556200489081,2,metal,defect,9,defect,preset
oxide_thickness,19,0.38489005530725606,1,defect,defect,9,defect,preset
oxide_thickness,20,8.43776559104679e-05,1,defect,defect,9,defect,preset
oxide_thickness,21,0.19177057054202948,2,metal,defect,9,defect,preset
oxide_thickness,22,1.975710085842762e-05,1,defect,defect,9,defect,preset
oxide_thickness,23,0.5075753107627624,1,defect,defect,9,defect,preset
oxide_thickness,24,0.18080100681012612,1,defect,defect,9,defect,preset
P_upstream,0,8.253126910408275,1,defect,defect,9,defect,preset
P_upstream,1,7.815368136010592,1,defect,defect,9,defect,preset
P_upstream,2,7.3278691177342,1,defect,defect,9,defect,preset
P_upstream,3,7.4485410621430495,1,defect,defect,9,defect,preset
P_upstream,4,7.852879196585421,1,defect,defect,9,defect,preset
P_upstream,5,7.723547724647907,1,defect,defect,9,defect,preset
P_upstream,6,7.986473046929805,1,defect,defect,9,defect,preset
P_upstream,7,7.6557684434302455,2,defect,metal,9,defect,preset
P_upstream,8,8.209343096626748,2,defect,metal,9,defect,preset
P_upstream,9,7.465589373159363,1,defect,defect,9,defect,preset
P_upstream,10,7.128140488570667,1,defect,defect,9,defect,preset
P_upstream,11,7.6528397378662225,1,defect,defect,9,defect,preset
P_upstream,12,7.70845842803186,1,defect,defect,9,defect,preset
P_upstream,13,7.321797265052015,1,defect,defect,9,defect,preset
P_upstream,14,7.097352736415598,1,defect,defect,9,defect,preset
P_upstream,15,7.350407035715038,1,defect,defect,9,defect,preset
P_upstream,16,7.139575903225748,1,defect,defect,9,defect,preset
P_upstream,17,7.851690252766124,1,defect,defect,9,defect,preset
P_upstream,18,7.6955798808169265,2,defect,metal,9,defect,preset
P_upstream,19,7.63294201148596,1,defect,defect,9,defect,preset
P_upstream,20,7.52487918089927,1,defect,defect,9,defect,preset
P_upstream,21,7.7722306137840755,1,defect,defect,9,defect,preset
P_upstream,22,7.923789606432236,1,defect,defect,9,defect,preset
P_upstream,23,8.237634107776948,1,defect,defect,9,defect,preset
P_upstream,24,7.739867902347375,1,defect,defect,9,defect,preset
f_pinhole,0,0.0051102839914893596,1,defect,defect,9,defect,preset
f_pinhole,1,0.08008165795167156,1,defect,defect,9,defect,preset
f_pinhole,2,0.20192780329545518,1,defect,defect,9,defect,preset
f_pinhole,3,0.23996578453842407,1,defect,defect,9,defect,preset
f_pinhole,4,0.000256177854393757,2,metal,defect,9,defect,preset
f_pinhole,5,0.0005738183040580015,2,metal,defect,9,defect,preset
f_pinhole,6,0.12224920821648416,1,defect,defect,9,defect,preset
f_pinhole,7,0.023499746736836604,2,metal,defect,9,defect,preset
f_pinhole,8,0.020397807469864807,1,defect,defect,9,defect,preset
f_pinhole,9,0.1144947635079038,1,defect,defect,9,defect,preset
f_pinhole,10,0.4564772741021514,1,defect,defect,9,defect,preset
f_pinhole,11,0.0003831001506820157,2,metal,defect,9,defect,preset
f_pinhole,12,0.007176395407089325,2,metal,defect,9,defect,preset
f_pinhole,13,0.4496256156589252,1,defect,defect,9,defect,preset
f_pinhole,14,0.5924498938386406,1,defect,defect,9,defect,preset
f_pinhole,15,0.25391106345997433,1,defect,defect,9,defect,preset
f_pinhole,16,0.49032168731016107,1,defect,defect,9,defect,preset
f_pinhole,17,0.035486978782348494,1,defect,defect,9,defect,preset
f_pinhole,18,0.005828065388969097,2,metal,defect,9,defect,preset
f_pinhole,19,0.12653360419001533,1,defect,defect,9,defect,preset
f_pinhole,20,4.9733407152231695e-05,2,metal,defect,9,defect,preset
f_pinhole,21,0.029050777910223976,2,metal,defect,9,defect,preset
f_pinhole,22,8.465351149262999e-06,2,metal,defect,9,defect,preset
f_pinhole,23,0.029183587568806863,1,defect,defect,9,defect,preset
f_pinhole,24,0.06446134305221227,1,defect,defect,9,defect,preset
f_crack,0,0.0035855555287731006,2,metal,defect,9,defect,preset
f_crack,1,0.03482965445668193,1,defect,defect,9,defect,preset
f_crack,2,0.1329849391594621,1,defect,defect,9,defect,preset
f_crack,3,0.03397066511340165,1,defect,defect,9,defect,preset
f_crack,4,0.0002032025917352909,2,metal,defect,9,defect,preset
f_crack,5,0.0004725884211928886,2,metal,defect,9,defect,preset
f_crack,6,0.14567497977182298,1,defect,defect,9,defect,preset
f_crack,7,0.01804009918399601,1,defect,defect,9,defect,preset
f_crack,8,0.014375689762537223,2,metal,defect,9,defect,preset
f_crack,9,0.09240112094147161,1,defect,defect,9,defect,preset
f_crack,10,0.06105167618895044,1,defect,defect,9,defect,preset
f_crack,11,0.0002375251379092374,2,metal,defect,9,defect,preset
f_crack,12,0.004225957683683238,2,metal,defect,9,defect,preset
f_crack,13,0.017282244552286226,1,defect,defect,9,defect,preset
f_crack,14,0.035474764738973395,1,defect,defect,9,defect,preset
f_crack,15,0.017463361333931303,1,defect,defect,9,defect,preset
f_crack,16,0.00828095567713493,1,defect,defect,9,defect,preset
f_crack,17,0.016717221068855332,1,defect,defect,9,defect,preset
f_crack,18,0.005119620031699358,2,metal,defect,9,defect,preset
f_crack,19,0.05398678477647285,1,defect,defect,9,defect,preset
f_crack,20,4.490894881019689e-05,1,defect,defect,9,defect,preset
f_crack,21,0.015428250385489244,2,metal,defect,9,defect,preset
f_crack,22,5.982617329205539e-06,2,metal,defect,9,defect,preset
f_crack,23,0.021432116284109504,1,defect,defect,9,defect,preset
f_crack,24,0.04498788360632653,1,defect,defect,9,defect,preset
f_gb_defect,0,0.005087847781060249,2,metal,defect,9,defect,preset
f_gb_defect,1,0.08491824237195467,2,oxide,defect,9,defect,preset
f_gb_defect,2,0.09326198649034657,1,defect,defect,9,defect,preset
f_gb_defect,3,0.0845049453864858,1,defect,defect,9,defect,preset
f_gb_defect,4,0.00024560320737539333,2,metal,defect,9,defect,preset
f_gb_defect,5,0.0005653472105824641,1,defect,defect,9,defect,preset
f_gb_defect,6,0.12510570434878712,1,defect,defect,9,defect,preset
f_gb_defect,7,0.02226856039820653,2,metal,defect,9,defect,preset
f_gb_defect,8,0.020752895521076162,2,metal,defect,9,defect,preset
f_gb_defect,9,0.0998470053165916,1,defect,defect,9,defect,preset
f_gb_defect,10,0.0911287994890864,1,defect,defect,9,defect,preset
f_gb_defect,11,0.00037859560646414915,2,metal,defect,9,defect,preset
f_gb_defect,12,0.006999159497442939,2,metal,defect,9,defect,preset
f_gb_defect,13,0.07796438887001682,1,defect,defect,9,defect,preset
f_gb_defect,14,0.0419341432918691,1,defect,defect,9,defect,preset
f_gb_defect,15,0.22367462230005303,1,defect,defect,9,defect,preset
f_gb_defect,16,0.07364976289971392,1,defect,defect,9,defect,preset
f_gb_defect,17,0.03612599950624434,1,defect,defect,9,defect,preset
f_gb_defect,18,0.005682782613768618,2,metal,defect,9,defect,preset
f_gb_defect,19,0.12561094491481384,1,defect,defect,9,defect,preset
f_gb_defect,20,4.882712870276185e-05,1,defect,defect,9,defect,preset
f_gb_defect,21,0.027906643428927437,1,defect,defect,9,defect,preset
f_gb_defect,22,8.185137527979016e-06,2,metal,defect,9,defect,preset
f_gb_defect,23,0.030002751841352798,1,defect,defect,9,defect,preset
f_gb_defect,24,0.06523335247129018,1,defect,defect,9,defect,preset
crack_thickness_factor,0,0.0016516264555003243,1,defect,defect,9,defect,preset
crack_thickness_factor,1,0.022570470621991492,1,defect,defect,9,defect,preset
crack_thickness_factor,2,0.11964499062226112,1,defect,defect,9,defect,preset
crack_thickness_factor,3,0.17842104867305358,1,defect,defect,9,defect,preset
crack_thickness_factor,4,5.1858190398044184e-05,1,defect,defect,9,defect,preset
crack_thickness_factor,5,0.00030535629509655354,1,defect,defect,9,defect,preset
crack_thickness_factor,6,0.11587460065409524,1,defect,defect,9,defect,preset
crack_thickness_factor,7,0.0024257232739144903,1,defect,defect,9,defect,preset
crack_thickness_factor,8,0.00542532079680699,1,defect,defect,9,defect,preset
crack_thickness_factor,9,0.03467896699117688,1,defect,defect,9,defect,preset
crack_thickness_factor,10,0.0786451842897444,1,defect,defect,9,defect,preset
crack_thickness_factor,11,0.00012822339094117994,1,defect,defect,9,defect,preset
crack_thickness_factor,12,0.0025382912675014167,1,defect,defect,9,defect,preset
crack_thickness_factor,13,0.12231522007961555,1,defect,defect,9,defect,preset
crack_thickness_factor,14,0.0408393026213328,1,defect,defect,9,defect,preset
crack_thickness_factor,15,0.15479975250250563,1,defect,defect,9,defect,preset
crack_thickness_factor,16,0.08110107251456095,1,defect,defect,9,defect,preset
crack_thickness_factor,17,0.01711580916152363,1,defect,defect,9,defect,preset
crack_thickness_factor,18,0.0009001426399524451,1,defect,defect,9,defect,preset
crack_thickness_factor,19,0.08251508815260325,1,defect,defect,9,defect,preset
crack_thickness_factor,20,1.5762670513075343e-05,1,defect,defect,9,defect,preset
crack_thickness_factor,21,0.0125440914705643,1,defect,defect,9,defect,preset
crack_thickness_factor,22,2.3462657310075362e-06,1,defect,defect,9,defect,preset
crack_thickness_factor,23,0.01393307845897753,1,defect,defect,9,defect,preset
crack_thickness_factor,24,0.0394710540620106,1,defect,defect,9,defect,preset
gb_diffusivity_factor,0,0.005587122491284814,1,defect,defect,9,defect,preset
gb_diffusivity_factor,1,0.08050194431063232,1,defect,defect,9,defect,preset
gb_diffusivity_factor,2,0.13314949970945406,1,defect,defect,9,defect,preset
gb_diffusivity_factor,3,0.23311597111044027,1,defect,defect,9,defect,preset
gb_diffusivity_factor,4,0.0002743064419661938,1,defect,defect,9,defect,preset
gb_diffusivity_factor,5,0.00013410904867374352,1,defect,defect,9,defect,preset
gb_diffusivity_factor,6,0.08952115873393043,1,defect,defect,9,defect,preset
gb_diffusivity_factor,7,0.009443923405788153,2,metal,defect,9,defect,preset
gb_diffusivity_factor,8,0.021063559459913127,1,defect,defect,9,defect,preset
gb_diffusivity_factor,9,0.05275581926032702,1,defect,defect,9,defect,preset
gb_diffusivity_factor,10,0.17278237461186147,1,defect,defect,9,defect,preset
gb_diffusivity_factor,11,0.00030722672364246416,1,defect,defect,9,defect,preset
gb_diffusivity_factor,12,0.004104837340564496,1,defect,defect,9,defect,preset
gb_diffusivity_factor,13,0.18944604655538386,1,defect,defect,9,defect,preset
gb_diffusivity_factor,14,0.13536363588859998,1,defect,defect,9,defect,preset
gb_diffusivity_factor,15,0.21268077921975742,1,defect,defect,9,defect,preset
gb_diffusivity_factor,16,0.1934834683825619,1,defect,defect,9,defect,preset
gb_diffusivity_factor,17,0.03188038908602905,1,defect,defect,9,defect,preset
gb_diffusivity_factor,18,0.004295719588463679,2,metal,defect,9,defect,preset
gb_diffusivity_factor,19,0.12315181686065158,1,defect,defect,9,defect,preset
gb_diffusivity_factor,20,4.0032917828508866e-05,1,defect,defect,9,defect,preset
gb_diffusivity_factor,21,0.008448322045207377,1,defect,defect,9,defect,preset
gb_diffusivity_factor,22,8.775616483354925e-06,1,defect,defect,9,defect,preset
gb_diffusivity_factor,23,0.026698299885316277,1,defect,defect,9,defect,preset
gb_diffusivity_factor,24,0.05851442382631549,1,defect,defect,9,defect,preset
grain_size,0,5.73835295789604e-05,1,defect,defect,9,defect,preset
grain_size,1,7.308829794527059e-05,1,defect,defect,9,defect,preset
grain_size,2,5.724207919101874e-05,1,defect,defect,9,defect,preset
grain_size,3,4.779860621327554e-05,1,defect,defect,9,defect,preset
grain_size,4,7.134088818312978e-05,1,defect,defect,9,defect,preset
grain_size,5,8.302707734131036e-05,1,defect,defect,9,defect,preset
grain_size,6,5.298926733434374e-05,1,defect,defect,9,defect,preset
grain_size,7,0.00010076535276930249,1,defect,defect,9,defect,preset
grain_size,8,6.29922669498311e-05,1,defect,defect,9,defect,preset
grain_size,9,4.3171895498276156e-05,1,defect,defect,9,defect,preset
grain_size,10,7.16361585893016e-05,1,defect,defect,9,defect,preset
grain_size,11,8.39172188629285e-05,1,defect,defect,9,defect,preset
grain_size,12,0.0001129150661242101,1,defect,defect,9,defect,preset
grain_size,13,7.154003476872681e-05,1,defect,defect,9,defect,preset
grain_size,14,8.069466654824909e-05,1,defect,defect,9,defect,preset
grain_size,15,4.641273166400581e-05,1,defect,defect,9,defect,preset
grain_size,16,0.00010327422746835469,1,defect,defect,9,defect,preset
grain_size,17,6.075196012612949e-05,1,defect,defect,9,defect,preset
grain_size,18,9.424405294248361e-05,1,defect,defect,9,defect,preset
grain_size,19,5.135099907314401e-05,1,defect,defect,9,defect,preset
grain_size,20,8.609171763302868e-05,1,defect,defect,9,defect,preset
grain_size,21,6.703972699556164e-05,1,defect,defect,9,defect,preset
grain_size,22,9.138896436505333e-05,1,defect,defect,9,defect,preset
grain_size,23,6.828266484024264e-05,1,defect,defect,9,defect,preset
grain_size,24,8.471708962073588e-05,1,defect,defect,9,defect,preset
gb_thickness,0,5.350479401447058e-06,1,defect,defect,9,defect,preset
gb_thickness,1,2.2174004728708788e-06,1,defect,defect,9,defect,preset
gb_thickness,2,2.5957657659107442e-06,1,defect,defect,9,defect,preset
gb_thickness,3,1.641739024722578e-05,1,defect,defect,9,defect,preset
gb_thickness,4,2.7059690574384703e-06,1,defect,defect,9,defect,preset
gb_thickness,5,2.2315788786373154e-06,1,defect,defect,9,defect,preset
gb_thickness,6,1.558881864915961e-06,1,defect,defect,9,defect,preset
gb_thickness,7,3.3049545130630334e-06,1,defect,defect,9,defect,preset
gb_thickness,8,2.258596951457569e-06,1,defect,defect,9,defect,preset
gb_thickness,9,1.729718123066355e-06,1,defect,defect,9,defect,preset
gb_thickness,10,4.44066180583456e-06,1,defect,defect,9,defect,preset
gb_thickness,11,9.875375525285316e-06,1,defect,defect,9,defect,preset
gb_thickness,12,4.484914144611321e-06,1,defect,defect,9,defect,preset
gb_thickness,13,1.6092613284597268e-06,1,defect,defect,9,defect,preset
gb_thickness,14,2.3588281090353746e-06,1,defect,defect,9,defect,preset
gb_thickness,15,1.0655498608314759e-05,1,defect,defect,9,defect,preset
gb_thickness,16,1.9618207224478187e-06,1,defect,defect,9,defect,preset
gb_thickness,17,6.523344441679715e-05,1,defect,defect,9,defect,preset
gb_thickness,18,2.5800336204014697e-06,1,defect,defect,9,defect,preset
gb_thickness,19,2.2656816781128883e-06,1,defect,defect,9,defect,preset
gb_thickness,20,1.118481262294062e-05,1,defect,defect,9,defect,preset
gb_thickness,21,1.0370213779557774e-05,1,defect,defect,9,defect,preset
gb_thickness,22,2.4744329811249133e-06,1,defect,defect,9,defect,preset
gb_thickness,23,2.605536911481825e-06,1,defect,defect,9,defect,preset
gb_thickness,24,1.7194534345943457e-06,1,defect,defect,9,defect,preset
lattice_density,0,0.13209159809673438,1,defect,defect,9,defect,preset
lattice_density,1,0.10592241613367409,1,defect,defect,9,defect,preset
lattice_density,2,0.06893521211058293,1,defect,defect,9,defect,preset
lattice_density,3,0.07559970704516891,1,defect,defect,9,defect,preset
lattice_density,4,0.12388013821504705,1,defect,defect,9,defect,preset
lattice_density,5,0.1559323039934115,1,defect,defect,9,defect,preset
lattice_density,6,0.1037059700242912,1,defect,defect,9,defect,preset
lattice_density,7,0.13669732351948202,2,metal,defect,9,defect,preset
lattice_density,8,0.13273467086033228,1,defect,defect,9,defect,preset
lattice_density,9,0.10303988448621171,1,defect,defect,9,defect,preset
lattice_density,10,0.11390723198926972,1,defect,defect,9,defect,preset
lattice_density,11,0.12469740400387691,1,defect,defect,9,defect,preset
lattice_density,12,0.10230001042414925,1,defect,defect,9,defect,preset
lattice_density,13,0.08585363836083484,1,defect,defect,9,defect,preset
lattice_density,14,0.10884382792367034,1,defect,defect,9,defect,preset
lattice_density,15,0.10030998398975129,1,defect,defect,9,defect,preset
lattice_density,16,0.12342365137264123,1,defect,defect,9,defect,preset
lattice_density,17,0.11773594689181865,1,defect,defect,9,defect,preset
lattice_density,18,0.13707560697963628,2,metal,defect,9,defect,preset
lattice_density,19,0.1021458370480134,1,defect,defect,9,defect,preset
lattice_density,20,0.08319059485646761,1,defect,defect,9,defect,preset
lattice_density,21,0.12562403497703722,1,defect,defect,9,defect,preset
lattice_density,22,0.11863476886088259,1,defect,defect,9,defect,preset
lattice_density,23,0.13389221075938212,1,defect,defect,9,defect,preset
lattice_density,24,0.10972421207138966,1,defect,defect,9,defect,preset
trap_dislocation_E_b,0,3.7608771195578034e-15,1,defect,defect,9,defect,preset
trap_dislocation_E_b,1,3.857309866213147e-16,1,defect,defect,9,defect,preset
trap_dislocation_E_b,2,7.6181869857709e-15,1,defect,defect,9,defect,preset
trap_dislocation_E_b,3,1.2536257065192714e-15,1,defect,defect,9,defect,preset
trap_dislocation_E_b,4,6.750292265873004e-16,1,defect,defect,9,defect,preset
trap_dislocation_E_b,5,3.857309866213147e-16,1,defect,defect,9,defect,preset
trap_dislocation_E_b,6,3.278713386281164e-15,1,defect,defect,9,defect,preset
trap_dislocation_E_b,7,2.025087679761898e-15,1,defect,defect,9,defect,preset
trap_dislocation_E_b,8,5.207368319387719e-15,1,defect,defect,9,defect,preset
trap_dislocation_E_b,9,1.5429239464852566e-15,1,defect,defect,9,defect,preset
trap_dislocation_E_b,10,2.98941514631518e-15,1,defect,defect,9,defect,preset
trap_dislocation_E_b,11,5.689532052664357e-15,1,defect,defect,9,defect,preset
trap_dislocation_E_b,12,6.750292265872957e-15,1,defect,defect,9,defect,preset
trap_dislocation_E_b,13,2.6036841596938673e-15,1,defect,defect,9,defect,preset
trap_dislocation_E_b,14,5.400233812698374e-15,1,defect,defect,9,defect,preset
trap_dislocation_E_b,15,2.7965496530045236e-15,1,defect,defect,9,defect,preset
trap_dislocation_E_b,16,1.157192959863943e-15,1,defect,defect,9,defect,preset
trap_dislocation_E_b,17,5.400233812698374e-15,1,defect,defect,9,defect,preset
trap_dislocation_E_b,18,2.1215204264172266e-15,1,defect,defect,9,defect,preset
trap_dislocation_E_b,19,1.0607602132086145e-15,1,defect,defect,9,defect,preset
trap_dislocation_E_b,20,2.7001169063491955e-15,1,defect,defect,9,defect,preset
trap_dislocation_E_b,21,8.678947198979575e-16,1,defect,defect,9,defect,preset
trap_dislocation_E_b,22,4.821637332766433e-16,1,defect,defect,9,defect,preset
trap_dislocation_E_b,23,5.785964799319719e-16,1,defect,defect,9,defect,preset
trap_dislocation_E_b,24,3.857309866213147e-16,1,defect,defect,9,defect,preset
trap_dislocation_N_T,0,3.47157887959182e-15,1,defect,defect,9,defect,preset
trap_dislocation_N_T,1,3.1822806396258358e-15,1,defect,defect,9,defect,preset
trap_dislocation_N_T,2,1.0800467625396681e-14,1,defect,defect,9,defect,preset
trap_dislocation_N_T,3,3.278713386281164e-15,1,defect,defect,9,defect,preset
trap_dislocation_N_T,4,8.678947198979575e-16,1,defect,defect,9,defect,preset
trap_dislocation_N_T,5,1.716502890464817e-14,1,defect,defect,9,defect,preset
trap_dislocation_N_T,6,3.278713386281164e-15,1,defect,defect,9,defect,preset
trap_dislocation_N_T,7,3.568011626247148e-15,1,defect,defect,9,defect,preset
trap_dislocation_N_T,8,2.507251413038539e-15,1,defect,defect,9,defect,preset
trap_dislocation_N_T,9,3.7608771195578034e-15,1,defect,defect,9,defect,preset
trap_dislocation_N_T,10,4.435906346145098e-15,1,defect,defect,9,defect,preset
trap_dislocation_N_T,11,1.002900565215407e-14,1,defect,defect,9,defect,preset
trap_dislocation_N_T,12,1.1282631358673313e-14,1,defect,defect,9,defect,preset
trap_dislocation_N_T,13,5.689532052664357e-15,1,defect,defect,9,defect,preset
trap_dislocation_N_T,14,7.039590505838939e-15,1,defect,defect,9,defect,preset
trap_dislocation_N_T,15,1.0896900372052008e-14,1,defect,defect,9,defect,preset
trap_dislocation_N_T,16,2.98941514631518e-15,1,defect,defect,9,defect,preset
trap_dislocation_N_T,17,5.496666559353702e-15,1,defect,defect,9,defect,preset
trap_dislocation_N_T,18,2.314385919727883e-15,1,defect,defect,9,defect,preset
trap_dislocation_N_T,19,2.410818666383211e-15,1,defect,defect,9,defect,preset
trap_dislocation_N_T,20,3.1822806396258358e-15,1,defect,defect,9,defect,preset
trap_dislocation_N_T,21,4.243040852834442e-15,1,defect,defect,9,defect,preset
trap_dislocation_N_T,22,6.750292265873004e-16,1,defect,defect,9,defect,preset
trap_dislocation_N_T,23,3.568011626247148e-15,1,defect,defect,9,defect,preset
trap_dislocation_N_T,24,3.0858478929705076e-15,1,defect,defect,9,defect,preset
trap_gb_E_b,0,8.331789311019602e-14,1,defect,defect,9,defect,preset
trap_gb_E_b,1,1.3722379849051107e-13,1,defect,defect,9,defect,preset
trap_gb_E_b,2,6.846725012528284e-15,1,defect,defect,9,defect,preset
trap_gb_E_b,3,2.3510303634562777e-13,1,defect,defect,9,defect,preset
trap_gb_E_b,4,1.8428297885829407e-13,1,defect,defect,9,defect,preset
trap_gb_E_b,5,1.0434023188105313e-13,1,defect,defect,9,defect,preset
trap_gb_E_b,6,1.8900818344444018e-14,1,defect,defect,9,defect,preset
trap_gb_E_b,7,1.3838099145037464e-13,1,defect,defect,9,defect,preset
trap_gb_E_b,8,1.6923947038006892e-13,1,defect,defect,9,defect,preset
trap_gb_E_b,9,9.112894558927607e-14,1,defect,defect,9,defect,preset
trap_gb_E_b,10,1.491814590757679e-13,1,defect,defect,9,defect,preset
trap_gb_E_b,11,2.2893134055969e-13,1,defect,defect,9,defect,preset
trap_gb_E_b,12,2.872731522861292e-13,1,defect,defect,9,defect,preset
trap_gb_E_b,13,2.6056128146262004e-13,1,defect,defect,9,defect,preset
trap_gb_E_b,14,2.990379473780714e-13,1,defect,defect,9,defect,preset
trap_gb_E_b,15,3.235318650285073e-13,1,defect,defect,9,defect,preset
trap_gb_E_b,16,1.6904660488675832e-13,1,defect,defect,9,defect,preset
trap_gb_E_b,17,1.1542999774641313e-13,1,defect,defect,9,defect,preset
trap_gb_E_b,18,1.2613403262515164e-13,1,defect,defect,9,defect,preset
trap_gb_E_b,19,5.853467721978059e-14,1,defect,defect,9,defect,preset
trap_gb_E_b,20,3.8081291654172613e-13,1,defect,defect,9,defect,preset
trap_gb_E_b,21,1.0607602132086145e-15,1,defect,defect,9,defect,preset
trap_gb_E_b,22,2.5978981948937784e-13,1,defect,defect,9,defect,preset
trap_gb_E_b,23,4.908426804755954e-14,1,defect,defect,9,defect,preset
trap_gb_E_b,24,1.5361736542191146e-13,1,defect,defect,9,defect,preset
trap_gb_N_T,0,7.865054817201487e-13,1,defect,defect,9,defect,preset
trap_gb_N_T,1,5.453271823355415e-13,1,defect,defect,9,defect,preset
trap_gb_N_T,2,1.2621117882231083e-12,1,defect,defect,9,defect,preset
trap_gb_N_T,3,6.337560110183579e-13,1,defect,defect,9,defect,preset
trap_gb_N_T,4,1.2768659984613305e-12,1,defect,defect,9,defect,preset
trap_gb_N_T,5,3.6779449574326795e-13,1,defect,defect,9,defect,preset
trap_gb_N_T,6,4.903605167420697e-13,1,defect,defect,9,defect,preset
trap_gb_N_T,7,4.0472823771222603e-13,1,defect,defect,9,defect,preset
trap_gb_N_T,8,4.808136748232028e-13,1,defect,defect,9,defect,preset
trap_gb_N_T,9,5.988473567291784e-13,1,defect,defect,9,defect,preset
trap_gb_N_T,10,4.943142593549337e-13,1,defect,defect,9,defect,preset
trap_gb_N_T,11,6.513067709096017e-13,1,defect,defect,9,defect,preset
trap_gb_N_T,12,1.2601831332900073e-12,1,defect,defect,9,defect,preset
trap_gb_N_T,13,8.596979364314046e-13,1,defect,defect,9,defect,preset
trap_gb_N_T,14,1.073007172032517e-12,1,defect,defect,9,defect,preset
trap_gb_N_T,15,1.3070494481643584e-12,1,defect,defect,9,defect,preset
trap_gb_N_T,16,4.3770823706831643e-13,1,defect,defect,9,defect,preset
trap_gb_N_T,17,5.948936141163154e-13,1,defect,defect,9,defect,preset
trap_gb_N_T,18,6.801401621595008e-13,1,defect,defect,9,defect,preset
trap_gb_N_T,19,4.676988212780924e-13,1,defect,defect,9,defect,preset
trap_gb_N_T,20,1.2987562319520252e-12,1,defect,defect,9,defect,preset
trap_gb_N_T,21,4.700132071978178e-13,1,defect,defect,9,defect,preset
trap_gb_N_T,22,5.796572401447941e-13,1,defect,defect,9,defect,preset
trap_gb_N_T,23,3.840916299280044e-13,1,defect,defect,9,defect,preset
trap_gb_N_T,24,5.877575908638308e-13,1,defect,defect,9,defect,preset
trap_vacancy_E_b,0,0.4922060389558357,1,defect,defect,9,defect,preset
trap_vacancy_E_b,1,0.33855181986224087,1,defect,defect,9,defect,preset
trap_vacancy_E_b,2,0.239615348301463,1,defect,defect,9,defect,preset
trap_vacancy_E_b,3,0.2441910687779504,1,defect,defect,9,defect,preset
trap_vacancy_E_b,4,0.3781301414958193,1,defect,defect,9,defect,preset
trap_vacancy_E_b,5,0.5067759103597852,1,defect,defect,9,defect,preset
trap_vacancy_E_b,6,0.33757657559313536,1,defect,defect,9,defect,preset
trap_vacancy_E_b,7,0.4141983782453839,2,defect,metal,9,defect,preset
trap_vacancy_E_b,8,0.42723403391427067,1,defect,defect,9,defect,preset
trap_vacancy_E_b,9,0.3429097915852473,1,defect,defect,9,defect,preset
trap_vacancy_E_b,10,0.3877189985923776,1,defect,defect,9,defect,preset
trap_vacancy_E_b,11,0.44204973446613055,1,defect,defect,9,defect,preset
trap_vacancy_E_b,12,0.35632081649063435,1,defect,defect,9,defect,preset
trap_vacancy_E_b,13,0.22166878178232355,1,defect,defect,9,defect,preset
trap_vacancy_E_b,14,0.33255657210630196,1,defect,defect,9,defect,preset
trap_vacancy_E_b,15,0.3138931320396246,1,defect,defect,9,defect,preset
trap_vacancy_E_b,16,0.4029385940378832,1,defect,defect,9,defect,preset
trap_vacancy_E_b,17,0.3745057334707681,1,defect,defect,9,defect,preset
trap_vacancy_E_b,18,0.3779923531827391,2,defect,metal,9,defect,preset
trap_vacancy_E_b,19,0.30792286449975387,1,defect,defect,9,defect,preset
trap_vacancy_E_b,20,0.3467664050986206,1,defect,defect,9,defect,preset
trap_vacancy_E_b,21,0.36660073280067595,1,defect,defect,9,defect,preset
trap_vacancy_E_b,22,0.37497798390818243,1,defect,defect,9,defect,preset
trap_vacancy_E_b,23,0.3871554616919042,1,defect,defect,9,defect,preset
trap_vacancy_E_b,24,0.3376590194139713,1,defect,defect,9,defect,preset
trap_vacancy_N_T,0,0.5973093140842991,1,defect,defect,9,defect,preset
trap_vacancy_N_T,1,0.607451151260154,1,defect,defect,9,defect,preset
trap_vacancy_N_T,2,0.5505723497585823,1,defect,defect,9,defect,preset
trap_vacancy_N_T,3,0.522318943844322,1,defect,defect,9,defect,preset
trap_vacancy_N_T,4,0.8262593970261136,1,defect,defect,9,defect,preset
trap_vacancy_N_T,5,0.9881624908748176,1,defect,defect,9,defect,preset
trap_vacancy_N_T,6,0.6625122506677947,1,defect,defect,9,defect,preset
trap_vacancy_N_T,7,0.6006988707068505,1,defect,defect,9,defect,preset
trap_vacancy_N_T,8,0.7445557742580793,1,defect,defect,9,defect,preset
trap_vacancy_N_T,9,0.45133778358811155,1,defect,defect,9,defect,preset
trap_vacancy_N_T,10,0.636122932912936,1,defect,defect,9,defect,preset
trap_vacancy_N_T,11,0.49682583799521723,1,defect,defect,9,defect,preset
trap_vacancy_N_T,12,0.5133443990603235,1,defect,defect,9,defect,preset
trap_vacancy_N_T,13,0.41820640059211506,1,defect,defect,9,defect,preset
trap_vacancy_N_T,14,0.899229869908361,1,defect,defect,9,defect,preset
trap_vacancy_N_T,15,0.735345367450738,1,defect,defect,9,defect,preset
trap_vacancy_N_T,16,0.9039864105837435,1,defect,defect,9,defect,preset
trap_vacancy_N_T,17,0.6012227573408727,1,defect,defect,9,defect,preset
trap_vacancy_N_T,18,0.7194672965824414,2,defect,metal,9,defect,preset
trap_vacancy_N_T,19,0.6276012115499829,1,defect,defect,9,defect,preset
trap_vacancy_N_T,20,0.6210041916111542,1,defect,defect,9,defect,preset
trap_vacancy_N_T,21,0.5630396921581687,1,defect,defect,9,defect,preset
trap_vacancy_N_T,22,0.7360982037124967,1,defect,defect,9,defect,preset
trap_vacancy_N_T,23,0.6358296503051157,1,defect,defect,9,defect,preset
trap_vacancy_N_T,24,0.5682842379884308,1,defect,defect,9,defect,preset
trap_carbide_E_b,0,0.002553626454893639,1,defect,defect,9,defect,preset
trap_carbide_E_b,1,0.026160890360042138,1,defect,defect,9,defect,preset
trap_carbide_E_b,2,0.016459453520970484,1,defect,defect,9,defect,preset
trap_carbide_E_b,3,0.013733687037101146,1,defect,defect,9,defect,preset
trap_carbide_E_b,4,0.017552300512646564,1,defect,defect,9,defect,preset
trap_carbide_E_b,5,0.007762548253640463,1,defect,defect,9,defect,preset
trap_carbide_E_b,6,0.004180885941475302,1,defect,defect,9,defect,preset
trap_carbide_E_b,7,0.015384838043901748,1,defect,defect,9,defect,preset
trap_carbide_E_b,8,0.030461838084904012,1,defect,defect,9,defect,preset
trap_carbide_E_b,9,0.04604761126756444,1,defect,defect,9,defect,preset
trap_carbide_E_b,10,0.006094518035056491,1,defect,defect,9,defect,preset
trap_carbide_E_b,11,0.027913539846009847,1,defect,defect,9,defect,preset
trap_carbide_E_b,12,0.08759065603106077,1,defect,defect,9,defect,preset
trap_carbide_E_b,13,0.08600883968825579,1,defect,defect,9,defect,preset
trap_carbide_E_b,14,0.027880053718580915,1,defect,defect,9,defect,preset
trap_carbide_E_b,15,0.08085415035914126,1,defect,defect,9,defect,preset
trap_carbide_E_b,16,0.013217717314677954,1,defect,defect,9,defect,preset
trap_carbide_E_b,17,0.0009222028621904882,1,defect,defect,9,defect,preset
trap_carbide_E_b,18,0.053940669420709415,2,defect,metal,9,defect,preset
trap_carbide_E_b,19,0.01946165709659263,1,defect,defect,9,defect,preset
trap_carbide_E_b,20,0.03628183000783915,1,defect,defect,9,defect,preset
trap_carbide_E_b,21,0.03046986723253687,1,defect,defect,9,defect,preset
trap_carbide_E_b,22,0.06854154113792642,1,defect,defect,9,defect,preset
trap_carbide_E_b,23,0.02949863222414431,1,defect,defect,9,defect,preset
trap_carbide_E_b,24,0.04331139829505663,1,defect,defect,9,defect,preset
trap_carbide_N_T,0,0.025449310796522583,1,defect,defect,9,defect,preset
trap_carbide_N_T,1,0.009158228333377028,1,defect,defect,9,defect,preset
trap_carbide_N_T,2,0.06004630545224515,1,defect,defect,9,defect,preset
trap_carbide_N_T,3,0.03900958464119111,1,defect,defect,9,defect,preset
trap_carbide_N_T,4,0.03083931876900104,1,defect,defect,9,defect,preset
trap_carbide_N_T,5,0.00991765198389791,1,defect,defect,9,defect,preset
trap_carbide_N_T,6,0.014603348799900093,1,defect,defect,9,defect,preset
trap_carbide_N_T,7,0.02108091037685608,1,defect,defect,9,defect,preset
trap_carbide_N_T,8,0.01503718887652774,1,defect,defect,9,defect,preset
trap_carbide_N_T,9,0.05261503815213424,1,defect,defect,9,defect,preset
trap_carbide_N_T,10,0.014175566077934437,1,defect,defect,9,defect,preset
trap_carbide_N_T,11,0.100071161984972,1,defect,defect,9,defect,preset
trap_carbide_N_T,12,0.08733818322506841,1,defect,defect,9,defect,preset
trap_carbide_N_T,13,0.07793579429076047,1,defect,defect,9,defect,preset
trap_carbide_N_T,14,0.030592621757485637,1,defect,defect,9,defect,preset
trap_carbide_N_T,15,0.022873751291633264,1,defect,defect,9,defect,preset
trap_carbide_N_T,16,0.01407911738161041,1,defect,defect,9,defect,preset
trap_carbide_N_T,17,0.02503529072863684,1,defect,defect,9,defect,preset
trap_carbide_N_T,18,0.06254505542058254,1,defect,defect,9,defect,preset
trap_carbide_N_T,19,0.023047444237242202,1,defect,defect,9,defect,preset
trap_carbide_N_T,20,0.1729351389595589,1,defect,defect,9,defect,preset
trap_carbide_N_T,21,0.02958786995009268,1,defect,defect,9,defect,preset
trap_carbide_N_T,22,0.03509126479574067,1,defect,defect,9,defect,preset
trap_carbide_N_T,23,0.009091294829630071,1,defect,defect,9,defect,preset
trap_carbide_N_T,24,0.04134178757491409,1,defect,defect,9,defect,preset
