regime,metric,parameter,pawn_median,delta,S1_givendata,n,floor,delta_over_floor,temperature_K
oxide,flux,D_ref,0.05985713070458605,0.06139711567746355,0.00676012370417567,1499,0.10109744159979256,0.6073063245310605,773.0
oxide,flux,E_D,0.07343117633978208,0.10407812475824116,0.010912957742906423,1499,0.10109744159979256,1.0294832699154546,773.0
oxide,flux,K_s_ref,0.07081796514604069,0.06965471293533079,0.020186204181940483,1499,0.10109744159979256,0.6889859113454926,773.0
oxide,flux,H_s,0.07998668762023303,0.09533644686229982,0.016994868738359314,1499,0.10109744159979256,0.9430154250559734,773.0
oxide,flux,D_ox_ref,0.1433911496553258,0.12850520624875122,0.12949173467712863,1499,0.10109744159979256,1.2711024553663375,773.0
oxide,flux,E_D_ox,0.07120756119292056,0.04204139601992704,0.0038233724711067216,1499,0.10109744159979256,0.41585024660023945,773.0
oxide,flux,K_ox_ref,0.1306204136090727,0.1350386889292012,0.0889622879181394,1499,0.10109744159979256,1.3357280539676712,773.0
oxide,flux,H_sol_ox,0.23033355570380254,0.24234149975396074,0.26021660653632295,1499,0.10109744159979256,2.3971081356667883,773.0
oxide,flux,metal_thickness,0.0627907493884812,0.06904128820011043,0.005317211863920227,1499,0.10109744159979256,0.6829182530001046,773.0
oxide,flux,oxide_thickness,0.1724165700325198,0.14881720096986445,0.1988271682510883,1499,0.10109744159979256,1.472017477543861,773.0
oxide,flux,P_upstream,0.19567044696464309,0.20714190100018953,0.28088146182813106,1499,0.10109744159979256,2.0489331650961833,773.0
oxide,flux,f_pinhole,0.05772698577575207,0.08715512926311822,0.006816771328229144,1499,0.10109744159979256,0.8620903544536092,773.0
oxide,flux,f_crack,0.04581276406493218,0.05372128328448831,0.008269069361783156,1499,0.10109744159979256,0.5313812341280706,773.0
oxide,flux,f_gb_defect,0.06329997776295308,0.05302713224336487,0.005264291549456857,1499,0.10109744159979256,0.5245150757946943,773.0
oxide,flux,crack_thickness_factor,0.05858350011118524,0.04778585832594526,0.007213477180392758,1499,0.10109744159979256,0.4726712918721705,773.0
oxide,flux,gb_diffusivity_factor,0.07392706248610184,0.09506367219000568,0.029467608617999047,1499,0.10109744159979256,0.9403172888026945,773.0
oxide,flux,grain_size,0.05794228217767848,0.059088206031385794,0.010223259045333166,1499,0.10109744159979256,0.5844678668061075,773.0
oxide,flux,gb_thickness,0.05563486768957082,0.07113212540076011,0.01175746341243238,1499,0.10109744159979256,0.7035996586574953,773.0
oxide,flux,lattice_density,0.05918367651514134,0.06864423028294553,0.0062955987174498455,1499,0.10109744159979256,0.6789907755992747,773.0
oxide,flux,trap_dislocation_E_b,0.06545474760951746,0.07832195448834207,0.01217879750730515,1499,0.10109744159979256,0.7747174730532724,773.0
oxide,flux,trap_dislocation_N_T,0.06301441826243596,0.07636422487256433,0.007308278641308129,1499,0.10109744159979256,0.7553526940361369,773.0
oxide,flux,trap_gb_E_b,0.06297531687791862,0.08032730508330818,0.0074907893262398245,1499,0.10109744159979256,0.7945532924690055,773.0
oxide,flux,trap_gb_N_T,0.056949659206062805,0.051810146821998554,0.006031782676885381,1499,0.10109744159979256,0.5124773288239657,773.0
oxide,flux,trap_vacancy_E_b,0.06524349566377585,0.08578903515951072,0.017422545756699017,1499,0.10109744159979256,0.8485777068337479,773.0
oxide,flux,trap_vacancy_N_T,0.060874348745546994,0.06744313558831609,0.011714235744625483,1499,0.10109744159979256,0.6671102109121472,773.0
oxide,flux,trap_carbide_E_b,0.060173598207902954,0.06438971469553367,0.013247242219851726,1499,0.10109744159979256,0.6369074595421393,773.0
oxide,flux,trap_carbide_N_T,0.0692372692906382,0.061911478130331654,0.008152822035186648,1499,0.10109744159979256,0.6123941135465756,773.0
oxide,permeability,D_ref,0.0657093543346571,0.07051599189459833,0.010373132240507493,1499,0.07827627292109525,0.9008603662783036,773.0
oxide,permeability,E_D,0.06559445297610786,0.06625125051405821,0.016602310639182986,1499,0.07827627292109525,0.8463771720562294,773.0
oxide,permeability,K_s_ref,0.06947974264722342,0.05540625327574731,0.012935714180500074,1499,0.07827627292109525,0.7078294763931647,773.0
oxide,permeability,H_s,0.051091749458624915,0.0640745308380322,0.006899982786846449,1499,0.07827627292109525,0.818569004973208,773.0
oxide,permeability,D_ox_ref,0.16999110518123195,0.1372477199096982,0.2529170346085341,1499,0.07827627292109525,1.7533757649402633,773.0
oxide,permeability,E_D_ox,0.05545144936296084,0.05114974232602968,0.0072524446360119794,1499,0.07827627292109525,0.6534514280922663,773.0
oxide,permeability,K_ox_ref,0.13207829828386708,0.1412621292441055,0.12128496836344245,1499,0.07827627292109525,1.8046609013500403,773.0
oxide,permeability,H_sol_ox,0.376319768734712,0.3821349982992555,0.6158884793006155,1499,0.07827627292109525,4.88187523548111,773.0
oxide,permeability,metal_thickness,0.06617745163442294,0.07351077499198251,0.007989759496944837,1499,0.07827627292109525,0.939119508999662,773.0
oxide,permeability,oxide_thickness,0.06767622859684233,0.0666606247982806,0.009362966053807261,1499,0.07827627292109525,0.8516070363426276,773.0
oxide,permeability,P_upstream,0.057798278643629686,0.06477085969423406,0.010911289091807235,1499,0.07827627292109525,0.8274647894838447,773.0
oxide,permeability,f_pinhole,0.05890371358683567,0.06428634802899252,0.009026178249595585,1499,0.07827627292109525,0.8212750253680963,773.0
oxide,permeability,f_crack,0.05943517900822771,0.0688831486026966,0.005229979313858434,1499,0.07827627292109525,0.8800003632279837,773.0
oxide,permeability,f_gb_defect,0.05683827995695863,0.06300584878786152,0.0022536641501256483,1499,0.07827627292109525,0.8049163103533715,773.0
oxide,permeability,crack_thickness_factor,0.06792973093173227,0.053043568348637875,0.004868025866697929,1499,0.07827627292109525,0.6776455542550848,773.0
oxide,permeability,gb_diffusivity_factor,0.057389370691572156,0.0704210562329601,0.02662492908082148,1499,0.07827627292109525,0.8996475382003251,773.0
oxide,permeability,grain_size,0.063099829416479,0.06451175061649518,0.009297785206315435,1499,0.07827627292109525,0.8241546027814187,773.0
oxide,permeability,gb_thickness,0.054649766511007336,0.07723615172131938,0.005852070044243179,1499,0.07827627292109525,0.9867121777652298,773.0
oxide,permeability,lattice_density,0.0783811429842117,0.07185881743073917,0.007809348810418299,1499,0.07827627292109525,0.9180153161249124,773.0
oxide,permeability,trap_dislocation_E_b,0.06462975316877918,0.06314784552993224,0.018954570527685347,1499,0.07827627292109525,0.8067303561270361,773.0
oxide,permeability,trap_dislocation_N_T,0.06159781390427324,0.050837956319608475,0.008287399356296523,1499,0.07827627292109525,0.6494682797538739,773.0
oxide,permeability,trap_gb_E_b,0.055363575717144765,0.08682114272871055,0.011700633161891828,1499,0.07827627292109525,1.10916296201569,773.0
oxide,permeability,trap_gb_N_T,0.06449410718256615,0.05428947859432922,0.004800202379383482,1499,0.07827627292109525,0.6935623857443314,773.0
oxide,permeability,trap_vacancy_E_b,0.06867911941294197,0.08627006695090257,0.013039718432724461,1499,0.07827627292109525,1.1021228238327763,773.0
oxide,permeability,trap_vacancy_N_T,0.053222715218049915,0.047641518744928356,0.01497077124426066,1499,0.07827627292109525,0.6086329479809596,773.0
oxide,permeability,trap_carbide_E_b,0.06891705581498778,0.07463739784185021,0.023712333400654557,1499,0.07827627292109525,0.9535124125938759,773.0
oxide,permeability,trap_carbide_N_T,0.060647098065376916,0.0752696686691239,0.004740455799729293,1499,0.07827627292109525,0.9615898389157835,773.0
oxide,PRF,D_ref,0.09637624187937371,0.08807967494193418,0.05487131929750245,1499,0.07843332921015253,1.1229878398497588,773.0
oxide,PRF,E_D,0.07212586168556816,0.07177553350599912,0.01777226302731348,1499,0.07843332921015253,0.9151152224290434,773.0
oxide,PRF,K_s_ref,0.11663998221036247,0.11266668203724381,0.08677606151750249,1499,0.07843332921015253,1.4364643598815905,773.0
oxide,PRF,H_s,0.13992217033577942,0.11451335426574874,0.10105931812881692,1499,0.07843332921015253,1.4600088434206864,773.0
oxide,PRF,D_ox_ref,0.12611741160773848,0.07061894818746052,0.10553497819244087,1499,0.07843332921015253,0.9003691274948392,773.0
oxide,PRF,E_D_ox,0.06704469646430954,0.07271884125738703,0.013423348271745931,1499,0.07843332921015253,0.9271420962196539,773.0
oxide,PRF,K_ox_ref,0.11284634200578163,0.11594676471759406,0.057172161232528655,1499,0.07843332921015253,1.4782843707542856,773.0
oxide,PRF,H_sol_ox,0.17229931065154547,0.16750746822263574,0.14633422238349972,1499,0.07843332921015253,2.1356669404382917,773.0
oxide,PRF,metal_thickness,0.0963286635534801,0.07567295391415524,0.054201313870684165,1499,0.07843332921015253,0.9648060929735469,773.0
oxide,PRF,oxide_thickness,0.12980653769179454,0.1230247740863339,0.11788809435245373,1499,0.07843332921015253,1.5685267388906066,773.0
oxide,PRF,P_upstream,0.102630642650656,0.1084408324551775,0.05176963214207921,1499,0.07843332921015253,1.3825861218337874,773.0
oxide,PRF,f_pinhole,0.05646177242695727,0.05008402578958801,0.027094097425853402,1499,0.07843332921015253,0.6385553985014965,773.0
oxide,PRF,f_crack,0.05249717559655728,0.06442462851133775,0.0048047876984283755,1499,0.07843332921015253,0.8213935218626233,773.0
oxide,PRF,f_gb_defect,0.06506883783820086,0.04867627951455604,0.007619842616602585,1499,0.07843332921015253,0.6206070812592168,773.0
oxide,PRF,crack_thickness_factor,0.06334819782912696,0.06716957321615478,0.010193345947132622,1499,0.07843332921015253,0.8563906937595638,773.0
oxide,PRF,gb_diffusivity_factor,0.06327774071603291,0.055162435544559844,0.0187782585337596,1499,0.07843332921015253,0.7033035075785045,773.0
oxide,PRF,grain_size,0.07162330442517234,0.06247147540333363,0.015369270166277175,1499,0.07843332921015253,0.7964914409784766,773.0
oxide,PRF,gb_thickness,0.06533689126084055,0.03973780098838677,0.007288381149699733,1499,0.07843332921015253,0.5066443231284266,773.0
oxide,PRF,lattice_density,0.0549744273960418,0.07790309742649858,0.0022942638167492606,1499,0.07843332921015253,0.9932397134101848,773.0
oxide,PRF,trap_dislocation_E_b,0.05998509073162869,0.0667787338601667,0.005190455397603524,1499,0.07843332921015253,0.8514076162856893,773.0
oxide,PRF,trap_dislocation_N_T,0.07295307983099844,0.05987743315376123,0.016777344201964178,1499,0.07843332921015253,0.7634182273880911,773.0
oxide,PRF,trap_gb_E_b,0.06021375921009234,0.04832291365418924,0.006461282463680413,1499,0.07843332921015253,0.616101778935252,773.0
oxide,PRF,trap_gb_N_T,0.057733209164051204,0.06335158916926971,0.0037588734096916866,1499,0.07843332921015253,0.8077126115548003,773.0
oxide,PRF,trap_vacancy_E_b,0.11532577273738048,0.07361916834022753,0.07478522708407025,1499,0.07843332921015253,0.9386209801572231,773.0
oxide,PRF,trap_vacancy_N_T,0.11923726929063821,0.13482995484657168,0.10090897615483986,1499,0.07843332921015253,1.7190390386886585,773.0
oxide,PRF,trap_carbide_E_b,0.054462975316877923,0.07110888124179025,0.012397143138927027,1499,0.07843332921015253,0.9066156181036595,773.0
oxide,PRF,trap_carbide_N_T,0.07199466310873916,0.069759320380101,0.015334902285201752,1499,0.07843332921015253,0.8894091463743611,773.0
metal,flux,D_ref,0.16534145530668537,0.1496947384733494,0.18594659175402858,1494,0.10206534526147779,1.4666558770741576,773.0
metal,flux,E_D,0.0868597432234531,0.09354428654593405,0.03246931128891215,1494,0.10206534526147779,0.9165136933234888,773.0
metal,flux,K_s_ref,0.14904360169986436,0.16052145892797298,0.24279068875363072,1494,0.10206534526147779,1.57273223851581,773.0
metal,flux,H_s,0.19730600253362443,0.19922912237695717,0.14020626174483208,1494,0.10206534526147779,1.951976176307039,773.0
metal,flux,D_ox_ref,0.06090833131182448,0.06844702819926915,0.019833884378477933,1494,0.10206534526147779,0.6706196704073945,773.0
metal,flux,E_D_ox,0.06774750006738363,0.05702857605111822,0.0032773381358620437,1494,0.10206534526147779,0.5587457320113759,773.0
metal,flux,K_ox_ref,0.07445720241143546,0.07623689133301753,0.009064787487669056,1494,0.10206534526147779,0.7469419824888536,773.0
metal,flux,H_sol_ox,0.07435109565779899,0.08080866006944384,0.009206509796357345,1494,0.10206534526147779,0.7917345487091907,773.0
metal,flux,metal_thickness,0.12334402486905115,0.11504678201075977,0.1020057937307807,1494,0.10206534526147779,1.127187506357082,773.0
metal,flux,oxide_thickness,0.056807183993243665,0.06479524483319993,0.00548266068331382,1494,0.10206534526147779,0.6348407940736708,773.0
metal,flux,P_upstream,0.10791757634565105,0.10616620724753416,0.036951801376669105,1494,0.10206534526147779,1.040178789142882,773.0
metal,flux,f_pinhole,0.07795477210856849,0.07275773411082267,0.003631478674198779,1494,0.10206534526147779,0.7128544357972539,773.0
metal,flux,f_crack,0.06497758371292778,0.058086348846134686,0.0050447371800929,1494,0.10206534526147779,0.5691094141437059,773.0
metal,flux,f_gb_defect,0.05610810130903929,0.07055296738788998,0.004462176168370537,1494,0.10206534526147779,0.6912529145631429,773.0
metal,flux,crack_thickness_factor,0.06295823113483015,0.0724083010878984,0.006628716028184142,1494,0.10206534526147779,0.7094308151547227,773.0
metal,flux,gb_diffusivity_factor,0.05594305634169789,0.05722939879811721,0.003969966462078461,1494,0.10206534526147779,0.5607133219556857,773.0
metal,flux,grain_size,0.07883857577962858,0.09765556470556558,0.02389074630868289,1494,0.10206534526147779,0.9567945364353108,773.0
metal,flux,gb_thickness,0.07848620432513051,0.07884699143988373,0.007520372182362117,1494,0.10206534526147779,0.7725148162472607,773.0
metal,flux,lattice_density,0.07385829672156186,0.03901315371650943,0.009265989524575685,1494,0.10206534526147779,0.3822370229245092,773.0
metal,flux,trap_dislocation_E_b,0.06793743205484129,0.07102763117790278,0.01033658111219885,1494,0.10206534526147779,0.6959035017805454,773.0
metal,flux,trap_dislocation_N_T,0.06049252940172323,0.06464027316986481,0.012472429638665872,1494,0.10206534526147779,0.6333224367611265,773.0
metal,flux,trap_gb_E_b,0.0613173050142404,0.09704028914280352,0.004504695881602976,1494,0.10206534526147779,0.950766285012795,773.0
metal,flux,trap_gb_N_T,0.057172762638922583,0.0809836443817035,0.006438005956154401,1494,0.10206534526147779,0.7934489828475494,773.0
metal,flux,trap_vacancy_E_b,0.1490817857559994,0.1541404766425195,0.11400764789396813,1494,0.10206534526147779,1.5102136405616635,773.0
metal,flux,trap_vacancy_N_T,0.1719630198646937,0.14022310283085926,0.10806164587926596,1494,0.10206534526147779,1.3738561553054702,773.0
metal,flux,trap_carbide_E_b,0.0626645283595231,0.07423304088036212,0.0132096121483872,1494,0.10206534526147779,0.7273089675069141,773.0
metal,flux,trap_carbide_N_T,0.061561682973504755,0.07469269559671851,0.00709061839301694,1494,0.10206534526147779,0.7318125011517455,773.0
metal,permeability,D_ref,0.06782332911062595,0.08087668883615012,0.009591510238378889,1494,0.06072575012561043,1.3318351550842558,773.0
metal,permeability,E_D,0.06179303343126421,0.06660245422362959,0.0158251820510791,1494,0.06072575012561043,1.096774499876301,773.0
metal,permeability,K_s_ref,0.05969964870668355,0.06685435531827424,0.00409581640588516,1494,0.06072575012561043,1.100922675800412,773.0
metal,permeability,H_s,0.061087751453240254,0.09122492797364803,0.00589086256327106,1494,0.06072575012561043,1.5022445632198935,773.0
metal,permeability,D_ox_ref,0.20524316505395182,0.21419213554315397,0.41612094429778207,1494,0.06072575012561043,3.527204441280681,773.0
metal,permeability,E_D_ox,0.05486680502771713,0.07027666766049649,0.007682205092914413,1494,0.06072575012561043,1.1572795315847086,773.0
metal,permeability,K_ox_ref,0.14142475944044636,0.11248430704453777,0.09423199518991826,1494,0.06072575012561043,1.8523329363880303,773.0
metal,permeability,H_sol_ox,0.35663009981761495,0.3407301483451331,0.4494621219908365,1494,0.06072575012561043,5.610966478641058,773.0
metal,permeability,metal_thickness,0.09130481658176329,0.08453055973198223,0.015491887305969686,1494,0.06072575012561043,1.3920051964303752,773.0
metal,permeability,oxide_thickness,0.07035524648931296,0.07462701088849628,0.011666698207576546,1494,0.06072575012561043,1.2289187162633854,773.0
metal,permeability,P_upstream,0.05382137049315831,0.06551916999922923,0.0031916451065457344,1494,0.06072575012561043,1.078935539926698,773.0
metal,permeability,f_pinhole,0.06828207685327439,0.09524043167192345,0.006366269717941482,1494,0.06072575012561043,1.5683697850569132,773.0
metal,permeability,f_crack,0.060842924269786075,0.06090779801643524,0.01559272005437504,1494,0.06072575012561043,1.0029978697743256,773.0
metal,permeability,f_gb_defect,0.05998490606722191,0.07162982022783898,0.012482079573607151,1494,0.06072575012561043,1.179562542738025,773.0
metal,permeability,crack_thickness_factor,0.0519471173283739,0.06651831468549396,0.004072070609905858,1494,0.06072575012561043,1.0953889338197007,773.0
metal,permeability,gb_diffusivity_factor,0.056418066000017975,0.07172398367560189,0.011394144712353763,1494,0.06072575012561043,1.181113177313442,773.0
metal,permeability,grain_size,0.0671096017178333,0.05932656928769708,0.014665202401246835,1494,0.06072575012561043,0.9769590192789852,773.0
metal,permeability,gb_thickness,0.07103357501594745,0.07164365708522141,0.006666159245023451,1494,0.06072575012561043,1.1797904008929891,773.0
metal,permeability,lattice_density,0.05648095738659335,0.06859446221078813,0.004804248030455838,1494,0.06072575012561043,1.1295778490821666,773.0
metal,permeability,trap_dislocation_E_b,0.06294511378848727,0.05249089526125143,0.006262455120839425,1494,0.06072575012561043,0.8643927024808207,773.0
metal,permeability,trap_dislocation_N_T,0.0634933469897487,0.057622353585643646,0.01659136650454313,1494,0.06072575012561043,0.9488948834135857,773.0
metal,permeability,trap_gb_E_b,0.06933254269875924,0.08013120213414802,0.009873677374463475,1494,0.06072575012561043,1.319558868657821,773.0
metal,permeability,trap_gb_N_T,0.05659550955499852,0.076646527897062,0.018323170647775566,1494,0.06072575012561043,1.2621750696948106,773.0
metal,permeability,trap_vacancy_E_b,0.05616425433276731,0.08080388861893759,0.0015253185557995246,1494,0.06072575012561043,1.3306363190540387,773.0
metal,permeability,trap_vacancy_N_T,0.05921897882357169,0.04339498202582811,0.008245250678101317,1494,0.06072575012561043,0.7146059445303871,773.0
metal,permeability,trap_carbide_E_b,0.05665615482062478,0.06019913114353872,0.012266957230846998,1494,0.06072575012561043,0.9913279131014042,773.0
metal,permeability,trap_carbide_N_T,0.057417589822376755,0.08313564546777556,0.007599525934515942,1494,0.06072575012561043,1.3690344754212267,773.0
metal,PRF,D_ref,0.12450652722747814,0.1271808996720643,0.036084020257984975,1494,0.09808863554218936,1.296591587486829,773.0
metal,PRF,E_D,0.07569158064023432,0.11606193574461875,0.009551180703468635,1494,0.09808863554218936,1.1832352963529482,773.0
metal,PRF,K_s_ref,0.0946111066188692,0.161735922475012,0.02043305829947997,1494,0.09808863554218936,1.6488752400419213,773.0
metal,PRF,H_s,0.12173975544235105,0.14238640883480463,0.0371986276585832,1494,0.09808863554218936,1.4516096390550988,773.0
metal,PRF,D_ox_ref,0.12941897343288142,0.13449563429616443,0.102302577175672,1494,0.09808863554218936,1.3711642898561465,773.0
metal,PRF,E_D_ox,0.055234360259831264,0.1020010109671254,0.01282764694465193,1494,0.09808863554218936,1.0398861234363208,773.0
metal,PRF,K_ox_ref,0.08583272688067707,0.12050294611818049,0.014569268296719525,1494,0.09808863554218936,1.2285107795831294,773.0
metal,PRF,H_sol_ox,0.18284547586318428,0.18065459700526493,0.033757413987980225,1494,0.09808863554218936,1.8417484962114978,773.0
metal,PRF,metal_thickness,0.08794461964187848,0.17346830384885717,0.02928823548515201,1494,0.09808863554218936,1.7684852367453507,773.0
metal,PRF,oxide_thickness,0.11597297467274018,0.1585618026638203,0.019000018033548075,1494,0.09808863554218936,1.6165155299323188,773.0
metal,PRF,P_upstream,0.09118127992956165,0.09168674490347162,0.006331183219824854,1494,0.09808863554218936,0.9347336151295101,773.0
metal,PRF,f_pinhole,0.05889778352784741,0.11516659584383934,0.006730120379465103,1494,0.09808863554218936,1.1741074305626824,773.0
metal,PRF,f_crack,0.05612993360466474,0.09339024883403164,0.0056678003785878605,1494,0.09808863554218936,0.9521006008271278,773.0
metal,PRF,f_gb_defect,0.06649191845682506,0.09169530332133537,0.00936363064771712,1494,0.09808863554218936,0.9348208670095719,773.0
metal,PRF,crack_thickness_factor,0.053533867011670844,0.13237689383592774,0.010155573322580868,1494,0.09808863554218936,1.349564025477656,773.0
metal,PRF,gb_diffusivity_factor,0.0584665283056162,0.08769616921391254,0.002043325238779619,1494,0.09808863554218936,0.8940502508692063,773.0
metal,PRF,grain_size,0.06226471883057959,0.11035491653661929,0.007679137804396905,1494,0.09808863554218936,1.1250530290958531,773.0
metal,PRF,gb_thickness,0.08346136222743322,0.1262899615982298,0.008086018823598223,1494,0.09808863554218936,1.2875085977101868,773.0
metal,PRF,lattice_density,0.0734136546184739,0.09264979155890878,0.01797571423941994,1494,0.09808863554218936,0.9445517418687993,773.0
metal,PRF,trap_dislocation_E_b,0.06581880093079251,0.08760947380833435,0.014874410997044679,1494,0.09808863554218936,0.8931664032644459,773.0
metal,PRF,trap_dislocation_N_T,0.06486518782063377,0.11537515229056833,0.01426564810191585,1494,0.09808863554218936,1.1762336345370386,773.0
metal,PRF,trap_gb_E_b,0.05960216705749172,0.12119119849095325,0.006718307302918399,1494,0.09808863554218936,1.235527416821158,773.0
metal,PRF,trap_gb_N_T,0.06348058902275769,0.13628966811053242,0.005713802264077433,1494,0.09808863554218936,1.3894542151308877,773.0
metal,PRF,trap_vacancy_E_b,0.14955679541431946,0.10292460673241126,0.009481253278301023,1494,0.09808863554218936,1.049302053836215,773.0
metal,PRF,trap_vacancy_N_T,0.11975643064427734,0.13434668508086578,0.04719540797321138,1494,0.09808863554218936,1.3696457733177592,773.0
metal,PRF,trap_carbide_E_b,0.05803212851405622,0.10276186915702087,0.017188715821951094,1494,0.09808863554218936,1.0476429668839822,773.0
metal,PRF,trap_carbide_N_T,0.054203390744184794,0.09817893495781141,0.008656741377602613,1494,0.09808863554218936,1.0009205899860154,773.0
defect,flux,D_ref,0.1465962922730899,0.13258042200200748,0.15512236101496027,1489,0.07647641825963579,1.733611811576999,773.0
defect,flux,E_D,0.07695133439405755,0.08590066874632477,0.026396312756494913,1489,0.07647641825963579,1.1232308037059717,773.0
defect,flux,K_s_ref,0.1439662671672804,0.1258212534182934,0.26694012383630966,1489,0.07647641825963579,1.6452294221093482,773.0
defect,flux,H_s,0.193646021608124,0.14022325889553836,0.1448611272404372,1489,0.07647641825963579,1.8335489826351885,773.0
defect,flux,D_ox_ref,0.07210821189844091,0.07414520605736538,0.009611986575530213,1489,0.07647641825963579,0.9695172413232535,773.0
defect,flux,E_D_ox,0.05863806617657001,0.06544226964321431,0.011234950500189597,1489,0.07647641825963579,0.8557182871854592,773.0
defect,flux,K_ox_ref,0.06329582486331531,0.08595064748440323,0.008075940169684732,1489,0.07647641825963579,1.1238843219958685,773.0
defect,flux,H_sol_ox,0.1046849153298687,0.10549440811155249,0.022842205855536677,1489,0.07647641825963579,1.3794370933194235,773.0
defect,flux,metal_thickness,0.13152604558710185,0.12984393122439816,0.06715329553941926,1489,0.07647641825963579,1.6978296601650567,773.0
defect,flux,oxide_thickness,0.07080570108603426,0.07750712846283314,0.028722841408232166,1489,0.07647641825963579,1.0134774905343777,773.0
defect,flux,P_upstream,0.12442700609841296,0.14464587335277604,0.11997551226695666,1489,0.07647641825963579,1.8913787628194931,773.0
defect,flux,f_pinhole,0.06998075371516399,0.09323875142666661,0.009415721570460138,1489,0.07647641825963579,1.2191830311681577,773.0
defect,flux,f_crack,0.049920896417126034,0.07847762578852348,0.007651287822100101,1489,0.07647641825963579,1.0261676419271315,773.0
defect,flux,f_gb_defect,0.06613263880708362,0.08002442714237351,0.01436942101870163,1489,0.07647641825963579,1.0463935022517963,773.0
defect,flux,crack_thickness_factor,0.06584302784175677,0.0965485553261601,0.009542389829268966,1489,0.07647641825963579,1.2624617826423281,773.0
defect,flux,gb_diffusivity_factor,0.0533239280450372,0.07719573761120851,0.013266509066600582,1489,0.07647641825963579,1.0094057667440786,773.0
defect,flux,grain_size,0.06033282100053637,0.07282676620561576,0.013319157649285216,1489,0.07647641825963579,0.9522774191433817,773.0
defect,flux,gb_thickness,0.05539053731841108,0.06325729698157775,0.01089360276467164,1489,0.07647641825963579,0.8271477459472617,773.0
defect,flux,lattice_density,0.06242647423386715,0.07648085895472202,0.007777728278813515,1489,0.07647641825963579,1.0000580662011544,773.0
defect,flux,trap_dislocation_E_b,0.06723579177953763,0.07140760133864077,0.019442156484435952,1489,0.07647641825963579,0.933720524099514,773.0
defect,flux,trap_dislocation_N_T,0.07741333537665475,0.055475928948039474,0.014353930711650234,1489,0.07647641825963579,0.7253991519281132,773.0
defect,flux,trap_gb_E_b,0.06642447298083035,0.05132705189828399,0.011511559830839431,1489,0.07647641825963579,0.6711487418779178,773.0
defect,flux,trap_gb_N_T,0.05394819278737588,0.1043065520671705,0.00782583849422084,1489,0.07647641825963579,1.3639047753655513,773.0
defect,flux,trap_vacancy_E_b,0.11913315093684784,0.11491582522112478,0.07567843729743416,1489,0.07647641825963579,1.5026308479953656,773.0
defect,flux,trap_vacancy_N_T,0.12584005300616152,0.10652057538189108,0.1059746535078602,1489,0.07647641825963579,1.39285518079908,773.0
defect,flux,trap_carbide_E_b,0.05533644939849726,0.0829231421793403,0.005074736474085181,1489,0.07647641825963579,1.084296886104394,773.0
defect,flux,trap_carbide_N_T,0.058808963903257176,0.0723744371608772,0.011848182732856151,1489,0.07647641825963579,0.9463627979433811,773.0
defect,permeability,D_ref,0.06617882367788841,0.09132925672128657,0.009037105815131521,1489,0.08078843397051896,1.1304744037322734,773.0
defect,permeability,E_D,0.05902793470516054,0.07901384223082417,0.015467912812154374,1489,0.08078843397051896,0.9780340866572265,773.0
defect,permeability,K_s_ref,0.06930456335151167,0.05771445169974762,0.00870651301230661,1489,0.08078843397051896,0.7143900291570026,773.0
defect,permeability,H_s,0.053878329224153865,0.06061162313874405,0.00789497829812863,1489,0.08078843397051896,0.7502512446380906,773.0
defect,permeability,D_ox_ref,0.16844781191827315,0.14200640633384778,0.22706608901195832,1489,0.08078843397051896,1.7577566410764722,773.0
defect,permeability,E_D_ox,0.060351322358277164,0.10555792962296906,0.01692661159623512,1489,0.08078843397051896,1.306597051522114,773.0
defect,permeability,K_ox_ref,0.13391943604328838,0.13189488392572493,0.13522084762258868,1489,0.08078843397051896,1.6325961210469255,773.0
defect,permeability,H_sol_ox,0.3842315684144577,0.3947769244192431,0.6169188784874122,1489,0.08078843397051896,4.886552505316587,773.0
defect,permeability,metal_thickness,0.058053392817051144,0.05737375208496584,0.004218727723904919,1489,0.08078843397051896,0.7101728461019863,773.0
defect,permeability,oxide_thickness,0.06913599542542889,0.05640278502088099,0.0255901431263057,1489,0.08078843397051896,0.6981542065967425,773.0
defect,permeability,P_upstream,0.05607085432234962,0.05744918725820249,0.009457537145612389,1489,0.08078843397051896,0.711106583389977,773.0
defect,permeability,f_pinhole,0.05554604008816331,0.07685467051380945,0.012308748779884752,1489,0.08078843397051896,0.9513078387168019,773.0
defect,permeability,f_crack,0.06638839914009953,0.07732155757646786,0.012878161758357992,1489,0.08078843397051896,0.9570869711954533,773.0
defect,permeability,f_gb_defect,0.058521165005067086,0.06352481759480902,0.0067097948254405395,1489,0.08078843397051896,0.7863107931760415,773.0
defect,permeability,crack_thickness_factor,0.06447730786393283,0.07663183282482239,0.008005632805787694,1489,0.08078843397051896,0.9485495516943256,773.0
defect,permeability,gb_diffusivity_factor,0.05809718697743181,0.05183726526461994,0.0095736149544529,1489,0.08078843397051896,0.641642159860856,773.0
defect,permeability,grain_size,0.06722003136368437,0.06827037982066636,0.014848358375819042,1489,0.08078843397051896,0.8450514073039137,773.0
defect,permeability,gb_thickness,0.05881306008863353,0.0673759232195644,0.00563533497239647,1489,0.08078843397051896,0.8339798150333126,773.0
defect,permeability,lattice_density,0.06815528641807257,0.11056435238628247,0.006646115197262902,1489,0.08078843397051896,1.3685665998505334,773.0
defect,permeability,trap_dislocation_E_b,0.06999357523221564,0.061744416058327534,0.016277613645477817,1489,0.08078843397051896,0.7642729661136778,773.0
defect,permeability,trap_dislocation_N_T,0.06368752068649752,0.0743374300124904,0.011229770281303118,1489,0.08078843397051896,0.9201494119766865,773.0
defect,permeability,trap_gb_E_b,0.05675851095956477,0.06483568833236006,0.01275189746440474,1489,0.08078843397051896,0.802536763567167,773.0
defect,permeability,trap_gb_N_T,0.05850284637678546,0.06333154258875309,0.008426764249878378,1489,0.08078843397051896,0.7839184333225697,773.0
defect,permeability,trap_vacancy_E_b,0.07128562478308491,0.05472044106336558,0.009201578100320655,1489,0.08078843397051896,0.6773301371745115,773.0
defect,permeability,trap_vacancy_N_T,0.056776037760189996,0.06305194393886991,0.0033807956779744078,1489,0.08078843397051896,0.7804575585891244,773.0
defect,permeability,trap_carbide_E_b,0.07000329034846142,0.11869100812748312,0.017067458938667953,1489,0.08078843397051896,1.4691584214987436,773.0
defect,permeability,trap_carbide_N_T,0.0596927806148895,0.05977206160107452,0.017914554017513375,1489,0.08078843397051896,0.7398591439820004,773.0
defect,PRF,D_ref,0.12635169549183278,0.1065063481668532,0.10057383601513116,1489,0.07057482826124852,1.5091265652478263,773.0
defect,PRF,E_D,0.07365873226930375,0.07750376516751188,0.008044968670520392,1489,0.07057482826124852,1.098178586855562,773.0
defect,PRF,K_s_ref,0.1295405681935987,0.098364465916683,0.1088842155306872,1489,0.07057482826124852,1.3937613217075773,773.0
defect,PRF,H_s,0.14602611545066507,0.1091201669210323,0.08594521019408344,1489,0.07057482826124852,1.5461626986480164,773.0
defect,PRF,D_ox_ref,0.11882214539734337,0.07228445446127049,0.047938982991578366,1489,0.07057482826124852,1.0242243054944946,773.0
defect,PRF,E_D_ox,0.06470718152356655,0.05407800467970273,0.008695970262733938,1489,0.07057482826124852,0.7662506025451582,773.0
defect,PRF,K_ox_ref,0.10168078211132195,0.09997006373640616,0.04913545715831474,1489,0.07057482826124852,1.416511611850398,773.0
defect,PRF,H_sol_ox,0.17681566386160705,0.12468023457623584,0.1294756531541869,1489,0.07057482826124852,1.7666388661224093,773.0
defect,PRF,metal_thickness,0.09414453193666306,0.07377834882888556,0.05081253145893047,1489,0.07057482826124852,1.0453918294463078,773.0
defect,PRF,oxide_thickness,0.1282897850455916,0.10557247342080274,0.08718893987617424,1489,0.07057482826124852,1.4958941597420912,773.0
defect,PRF,P_upstream,0.09834986770996254,0.06967380092117378,0.05292059704560235,1489,0.07057482826124852,0.9872330211454518,773.0
defect,PRF,f_pinhole,0.11748572304280608,0.10187047646136088,0.06950333068824556,1489,0.07057482826124852,1.4434392398981761,773.0
defect,PRF,f_crack,0.09007441596314811,0.06551778777408557,0.02403764853516278,1489,0.07057482826124852,0.928344983448728,773.0
defect,PRF,f_gb_defect,0.09791491068732225,0.11697534517149431,0.050493214688456696,1489,0.07057482826124852,1.6574655306065202,773.0
defect,PRF,crack_thickness_factor,0.06384313004843427,0.07279268971672352,0.010820093193554644,1489,0.07057482826124852,1.0314256727237805,773.0
defect,PRF,gb_diffusivity_factor,0.06711409395973154,0.06186273034912304,0.0352436061412103,1489,0.07057482826124852,0.8765551666682674,773.0
defect,PRF,grain_size,0.06453815677383587,0.05570109981805668,0.009006612501956097,1489,0.07057482826124852,0.7892488184578587,773.0
defect,PRF,gb_thickness,0.06822064265463511,0.05770079383570901,0.00989523861917409,1489,0.07057482826124852,0.8175831986741309,773.0
defect,PRF,lattice_density,0.05668188640635352,0.07989792655796052,0.005875747400229629,1489,0.07057482826124852,1.1321023164548196,773.0
defect,PRF,trap_dislocation_E_b,0.06374035995510702,0.04494885463528983,0.014447749929030555,1489,0.07057482826124852,0.6368964082902419,773.0
defect,PRF,trap_dislocation_N_T,0.07022640301810593,0.06237518371097642,0.007260809663511121,1489,0.07057482826124852,0.8838163017567783,773.0
defect,PRF,trap_gb_E_b,0.06779920761197325,0.0648209409398896,0.01786438455480936,1489,0.07057482826124852,0.918471111257124,773.0
defect,PRF,trap_gb_N_T,0.05823925913193518,0.060790156833340825,0.007436781752852242,1489,0.07057482826124852,0.8613574886546299,773.0
defect,PRF,trap_vacancy_E_b,0.10589708165217154,0.10803773992702333,0.08251190949541956,1489,0.07057482826124852,1.5308254031748751,773.0
defect,PRF,trap_vacancy_N_T,0.0993707771983359,0.08241172100518611,0.07260448182860761,1489,0.07057482826124852,1.1677211696516028,773.0
defect,PRF,trap_carbide_E_b,0.06412727435744099,0.05046623557271959,0.007498965118909157,1489,0.07057482826124852,0.715074153434813,773.0
defect,PRF,trap_carbide_N_T,0.07387182527360386,0.06596696833074507,0.017848940431209926,1489,0.07057482826124852,0.9347095835154366,773.0
oxide,flux,D_ref,0.07071745280269712,0.08423671275059622,0.006843261875113772,1497,0.07898727358067592,1.0664593032769847,1073.0
oxide,flux,E_D,0.06325205220283968,0.08826175682385812,0.014888026782156092,1497,0.07898727358067592,1.1174174373003194,1073.0
oxide,flux,K_s_ref,0.06750413578835524,0.10474219234056525,0.03460083929225447,1497,0.07898727358067592,1.3260641568237421,1073.0
oxide,flux,H_s,0.06586510829264794,0.05849707493484219,0.018047344817172507,1497,0.07898727358067592,0.7405886072912052,1073.0
oxide,flux,D_ox_ref,0.11098864395457582,0.07912795140715673,0.03108221473162439,1497,0.07898727358067592,1.0017810188920766,1073.0
oxide,flux,E_D_ox,0.054615898463593854,0.0886994580447209,0.013317917593097127,1497,0.07898727358067592,1.1229588517715472,1073.0
oxide,flux,K_ox_ref,0.07665527923856662,0.10153968919103956,0.014674946620399656,1497,0.07898727358067592,1.285519610793112,1073.0
oxide,flux,H_sol_ox,0.4149170824871219,0.3910723833345072,0.6233950439054434,1497,0.07898727358067592,4.951080922359907,1073.0
oxide,flux,metal_thickness,0.08046293930142163,0.08369161457415335,0.027435378569217708,1497,0.07898727358067592,1.059558214636596,1073.0
oxide,flux,oxide_thickness,0.07705446687558562,0.06131311567199236,0.0366019336105728,1497,0.07898727358067592,0.7762404358642465,1073.0
oxide,flux,P_upstream,0.10865171057999669,0.10899080367290877,0.12866714228385862,1497,0.07898727358067592,1.3798527121155522,1073.0
oxide,flux,f_pinhole,0.06336005344021375,0.06630477514102866,0.0167059114784601,1497,0.07898727358067592,0.8394361792131788,1073.0
oxide,flux,f_crack,0.05081213881902508,0.06181671295793644,0.01396260960603535,1497,0.07898727358067592,0.7826161121360666,1073.0
oxide,flux,f_gb_defect,0.060878221767920626,0.09076763089353845,0.025326937530041147,1497,0.07898727358067592,1.149142472943193,1073.0
oxide,flux,crack_thickness_factor,0.06265197060788244,0.07565737491338301,0.0027723556627399456,1497,0.07898727358067592,0.9578425926565015,1073.0
oxide,flux,gb_diffusivity_factor,0.06529726118904476,0.06982853327575826,0.020234475132600762,1497,0.07898727358067592,0.8840478992408427,1073.0
oxide,flux,grain_size,0.07320569550734579,0.07712678570521274,0.008694432303478784,1497,0.07898727358067592,0.9764457261135502,1073.0
oxide,flux,gb_thickness,0.07052081792219786,0.07906225866347696,0.016449019474645853,1497,0.07898727358067592,1.0009493311947837,1073.0
oxide,flux,lattice_density,0.07076152304609218,0.06926021795051128,0.012915887689170742,1497,0.07898727358067592,0.8768528752897182,1073.0
oxide,flux,trap_dislocation_E_b,0.06555939619731634,0.06758582501862913,0.011064049726477758,1497,0.07898727358067592,0.8556546131396522,1073.0
oxide,flux,trap_dislocation_N_T,0.06129493887103066,0.07790600700497159,0.012103322870892686,1497,0.07898727358067592,0.9863108760856273,1073.0
oxide,flux,trap_gb_E_b,0.07530394121576486,0.06624608443225329,0.009941254363490163,1497,0.07898727358067592,0.8386931391497005,1073.0
oxide,flux,trap_gb_N_T,0.05453614163449942,0.06079793531579973,0.011319894124504638,1497,0.07898727358067592,0.7697181148264601,1073.0
oxide,flux,trap_vacancy_E_b,0.05713651015677888,0.08529386355682032,0.01562565361824959,1497,0.07898727358067592,1.0798431151026247,1073.0
oxide,flux,trap_vacancy_N_T,0.08541082164328656,0.08978020466972605,0.037114897778908175,1497,0.07898727358067592,1.1366413929710646,1073.0
oxide,flux,trap_carbide_E_b,0.0693514097546323,0.07215049075099604,0.01041005505066857,1497,0.07898727358067592,0.9134445016297855,1073.0
oxide,flux,trap_carbide_N_T,0.054074816299265194,0.07008550960076787,0.01170240092809377,1497,0.07898727358067592,0.8873012882155505,1073.0
oxide,permeability,D_ref,0.07529371942991128,0.08689749365268222,0.012569448285736126,1497,0.06565441039726819,1.323559120048056,1073.0
oxide,permeability,E_D,0.056619861647231824,0.06432696424185746,0.009703167612576792,1497,0.06565441039726819,0.9797813102367613,1073.0
oxide,permeability,K_s_ref,0.07229810852129315,0.09573610520606234,0.03187022270748632,1497,0.06565441039726819,1.4581823921161254,1073.0
oxide,permeability,H_s,0.07758918283995284,0.06055863068767097,0.015733520209548314,1497,0.06565441039726819,0.922384807376029,1073.0
oxide,permeability,D_ox_ref,0.10258167341394198,0.09774038727259667,0.026531317711156972,1497,0.06565441039726819,1.4887101518569656,1073.0
oxide,permeability,E_D_ox,0.07867735470941883,0.06604263711530925,0.015739725652344893,1497,0.06565441039726819,1.0059131856594545,1073.0
oxide,permeability,K_ox_ref,0.08007778420375428,0.09589032117838668,0.021987016996382162,1497,0.06565441039726819,1.460531297108055,1073.0
oxide,permeability,H_sol_ox,0.5479706616813045,0.5978102111172818,0.8876164038868073,1497,0.06565441039726819,9.105408265796505,1073.0
oxide,permeability,metal_thickness,0.07487458137752015,0.07569961948839428,0.03293161061722754,1497,0.06565441039726819,1.1530012840012354,1073.0
oxide,permeability,oxide_thickness,0.07708185946837748,0.06882124656803841,0.021642050739556506,1497,0.06565441039726819,1.048234934281003,1073.0
oxide,permeability,P_upstream,0.052521104849520064,0.06647999310061692,0.00977939580402943,1497,0.06565441039726819,1.0125746724150475,1073.0
oxide,permeability,f_pinhole,0.06119393148713534,0.06779739628954351,0.010082041702650308,1497,0.06565441039726819,1.0326403950520358,1073.0
oxide,permeability,f_crack,0.05645290581162325,0.061161732578426484,0.01330767256871357,1497,0.06565441039726819,0.9315708146390019,1073.0
oxide,permeability,f_gb_defect,0.06499598750072852,0.07102830018789691,0.015656815135780423,1497,0.06565441039726819,1.0818511621399363,1073.0
oxide,permeability,crack_thickness_factor,0.0682573200091458,0.07798757413298998,0.005082649964517232,1497,0.06565441039726819,1.187849737147818,1073.0
oxide,permeability,gb_diffusivity_factor,0.06268846417667549,0.08163731334993773,0.021194455187757567,1497,0.06565441039726819,1.2434398977305352,1073.0
oxide,permeability,grain_size,0.07756075910209681,0.06330737130523184,0.011208488047633818,1497,0.06565441039726819,0.9642516157279512,1073.0
oxide,permeability,gb_thickness,0.06909738940969187,0.0939000889684622,0.014965334012445434,1497,0.06565441039726819,1.4302175345156902,1073.0
oxide,permeability,lattice_density,0.0683299036551851,0.0673586884067961,0.004902891505986826,1497,0.06565441039726819,1.0259583171825852,1073.0
oxide,permeability,trap_dislocation_E_b,0.05970917225950783,0.06995631053167292,0.008008736462281087,1497,0.06565441039726819,1.065523399088871,1073.0
oxide,permeability,trap_dislocation_N_T,0.05750167000668002,0.04970418912270738,0.020710329103866842,1497,0.06565441039726819,0.7570578857071805,1073.0
oxide,permeability,trap_gb_E_b,0.06841199176877244,0.06006673023547032,0.013383194884764856,1497,0.06565441039726819,0.9148925391609279,1073.0
oxide,permeability,trap_gb_N_T,0.061002048840410134,0.055118144067400815,0.0159591267299315,1497,0.06565441039726819,0.8395192909948701,1073.0
oxide,permeability,trap_vacancy_E_b,0.057573357004837414,0.07691568489994761,0.006131490249603307,1497,0.06565441039726819,1.1715235036692675,1073.0
oxide,permeability,trap_vacancy_N_T,0.073144230295042,0.07106923635520129,0.028944707296656463,1497,0.06565441039726819,1.082474671924834,1073.0
oxide,permeability,trap_carbide_E_b,0.06482297929191717,0.057707424315264454,0.01172938855260147,1497,0.06565441039726819,0.8789573155265986,1073.0
oxide,permeability,trap_carbide_N_T,0.051407288850631915,0.06981191443357139,0.0065102453865617735,1497,0.06565441039726819,1.0633240632448995,1073.0
oxide,PRF,D_ref,0.08299041035090315,0.06300570929542441,0.032441635793591626,1497,0.06377520408842162,0.9879342637315541,1073.0
oxide,PRF,E_D,0.06837079079859942,0.09914767918117573,0.016490126856701422,1497,0.06377520408842162,1.5546430716820863,1073.0
oxide,PRF,K_s_ref,0.0818665070633437,0.0830789760860134,0.04636784265631772,1497,0.06377520408842162,1.3026845977760875,1073.0
oxide,PRF,H_s,0.0687146552613056,0.05712759477540094,0.030853127465663335,1497,0.06377520408842162,0.8957649856548628,1073.0
oxide,PRF,D_ox_ref,0.10925851703406814,0.07166451348356928,0.027930496924554776,1497,0.06377520408842162,1.1237049650865791,1073.0
oxide,PRF,E_D_ox,0.05756622865417636,0.09229114509074185,0.01312551538972382,1497,0.06377520408842162,1.4471321011028688,1073.0
oxide,PRF,K_ox_ref,0.07276064433116793,0.07824686561278116,0.022557489511826356,1497,0.06377520408842162,1.226916741878163,1073.0
oxide,PRF,H_sol_ox,0.34883637521127264,0.31216341691209326,0.5403242161638044,1497,0.06377520408842162,4.894745871440755,1073.0
oxide,PRF,metal_thickness,0.07559732440272043,0.06018781982783491,0.026427976184911342,1497,0.06377520408842162,0.9437495447978033,1073.0
oxide,PRF,oxide_thickness,0.08237472708280094,0.05661054154196913,0.0274026715997476,1497,0.06377520408842162,0.8876575520398338,1073.0
oxide,PRF,P_upstream,0.07503006012024048,0.07754973905070023,0.028425767960325126,1497,0.06377520408842162,1.2159857449171123,1073.0
oxide,PRF,f_pinhole,0.06356045424181697,0.07669160956321763,0.015147992507134984,1497,0.06377520408842162,1.2025302099682498,1073.0
oxide,PRF,f_crack,0.05522378089512358,0.035426196351156375,0.011188100870740089,1497,0.06377520408842162,0.5554854250570402,1073.0
oxide,PRF,f_gb_defect,0.0767093471058448,0.06665516028094412,0.019694012873937756,1497,0.06377520408842162,1.045157929852009,1073.0
oxide,PRF,crack_thickness_factor,0.07363272406109758,0.05083064972641239,0.009270580450658334,1497,0.06377520408842162,0.797028413361686,1073.0
oxide,PRF,gb_diffusivity_factor,0.06521710086840347,0.07713886114380653,0.032294147868629115,1497,0.06377520408842162,1.2095431484132417,1073.0
oxide,PRF,grain_size,0.07892070494456474,0.07663802286071124,0.009000851998662494,1497,0.06377520408842162,1.2016899664398701,1073.0
oxide,PRF,gb_thickness,0.06678367921525377,0.07855893581934706,0.02222783125833113,1497,0.06377520408842162,1.2318100262043603,1073.0
oxide,PRF,lattice_density,0.05781563126252505,0.051844927700192424,0.0043917223553647635,1497,0.06377520408842162,0.8129323683278478,1073.0
oxide,PRF,trap_dislocation_E_b,0.061015364061456245,0.06874041833030722,0.00912745713532987,1497,0.06377520408842162,1.077854933008157,1073.0
oxide,PRF,trap_dislocation_N_T,0.0687441549766199,0.05380871481913457,0.012402116382500388,1497,0.06377520408842162,0.843724698152766,1073.0
oxide,PRF,trap_gb_E_b,0.06618570474281897,0.040884877020465386,0.011831872006973086,1497,0.06377520408842162,0.641077948786808,1073.0
oxide,PRF,trap_gb_N_T,0.0545195088162903,0.053107513503410385,0.012520990809401516,1497,0.06377520408842162,0.8327298087479119,1073.0
oxide,PRF,trap_vacancy_E_b,0.07134936539746159,0.07140073228407169,0.010968581887598547,1497,0.06377520408842162,1.1195688560255739,1073.0
oxide,PRF,trap_vacancy_N_T,0.07692050768203074,0.0802781448638022,0.020036006990060612,1497,0.06377520408842162,1.258767353413718,1073.0
oxide,PRF,trap_carbide_E_b,0.05403881588680717,0.05913163973772951,0.00900875189985325,1497,0.06377520408842162,0.9271885614939938,1073.0
oxide,PRF,trap_carbide_N_T,0.06397667818859194,0.07198604965123626,0.012920184161953821,1497,0.06377520408842162,1.128746676395275,1073.0
metal,flux,D_ref,0.19299240633960363,0.17371539902984043,0.30138141662423973,1491,0.08954584032017714,1.9399605655461987,1073.0
metal,flux,E_D,0.07213752312532914,0.08829736200779838,0.019826577310705182,1491,0.08954584032017714,0.9860576626684753,1073.0
metal,flux,K_s_ref,0.19135619083629293,0.17722068552464493,0.2623526574355592,1491,0.08954584032017714,1.9791057283172566,1073.0
metal,flux,H_s,0.07649926404061955,0.11966229902627619,0.028797476471309844,1491,0.08954584032017714,1.3363244858545706,1073.0
metal,flux,D_ox_ref,0.0632182355880248,0.04914244950272595,0.009105303440576798,1491,0.08954584032017714,0.5487965641621524,1073.0
metal,flux,E_D_ox,0.06682601200041412,0.06672690162777893,0.012863638297264068,1491,0.08954584032017714,0.7451703104152291,1073.0
metal,flux,K_ox_ref,0.07390652640676272,0.05476711045736926,0.009588981167388821,1491,0.08954584032017714,0.6116097661437516,1073.0
metal,flux,H_sol_ox,0.06428954037423648,0.06150660409512117,0.003668741136400064,1491,0.08954584032017714,0.6868728226258215,1073.0
metal,flux,metal_thickness,0.14422724265053408,0.1480910961919392,0.1458161476401952,1491,0.08954584032017714,1.6538020712344603,1073.0
metal,flux,oxide_thickness,0.07010294428764983,0.07223025260308749,0.004758004448612452,1491,0.08954584032017714,0.8066287874994907,1073.0
metal,flux,P_upstream,0.10358063369028489,0.13012717826192757,0.09526667195242848,1491,0.08954584032017714,1.4531906540454493,1073.0
metal,flux,f_pinhole,0.09232421556365218,0.07770795020438834,0.0048636578249229515,1491,0.08954584032017714,0.8678007814381815,1073.0
metal,flux,f_crack,0.07209025967887864,0.047841125138461615,0.0033770755190498966,1491,0.08954584032017714,0.5342640704180392,1073.0
metal,flux,f_gb_defect,0.06665271269676223,0.06915450183382559,0.017119836990047804,1491,0.08954584032017714,0.7722804497289772,1073.0
metal,flux,crack_thickness_factor,0.06369087005252994,0.07032573800947764,0.004696776138240523,1491,0.08954584032017714,0.7853601882345764,1073.0
metal,flux,gb_diffusivity_factor,0.043580608142475996,0.0592422100392569,0.0058011996014751014,1491,0.08954584032017714,0.6615852822133604,1073.0
metal,flux,grain_size,0.0635693354759429,0.06290611876157377,0.008674076021432425,1491,0.08954584032017714,0.7025018530916538,1073.0
metal,flux,gb_thickness,0.06953128164962932,0.07354161981835021,0.01118316276669047,1491,0.08954584032017714,0.8212734344264037,1073.0
metal,flux,lattice_density,0.06392043536386102,0.062297477538298895,0.01428572309643568,1491,0.08954584032017714,0.6957048737892246,1073.0
metal,flux,trap_dislocation_E_b,0.06324974455232514,0.08170097541161009,0.01636040067201546,1491,0.08954584032017714,0.9123927490041167,1073.0
metal,flux,trap_dislocation_N_T,0.0684388695070234,0.040059435415000275,0.0037164348413095986,1491,0.08954584032017714,0.4473623260641152,1073.0
metal,flux,trap_gb_E_b,0.06504800615775189,0.1250603334063202,0.008216472673892411,1491,0.08954584032017714,1.396606843591602,1073.0
metal,flux,trap_gb_N_T,0.07108872474218915,0.08013566861933162,0.01451630254621481,1491,0.08954584032017714,0.8949122408455957,1073.0
metal,flux,trap_vacancy_E_b,0.11570766883178264,0.1019423208915112,0.037484567426885454,1491,0.08954584032017714,1.13843725768846,1073.0
metal,flux,trap_vacancy_N_T,0.14475443263608495,0.15050955926827764,0.11220819888070974,1491,0.08954584032017714,1.6808101719758355,1073.0
metal,flux,trap_carbide_E_b,0.05558856494672734,0.06561325958464209,0.010729669307036576,1491,0.08954584032017714,0.7327337523444696,1073.0
metal,flux,trap_carbide_N_T,0.04941055730355286,0.08690575068301884,0.0024968754394412334,1491,0.08954584032017714,0.9705168924908351,1073.0
metal,permeability,D_ref,0.056067951332154004,0.07938259077401139,0.01156535269077471,1491,0.09704894096780439,0.8179645236968248,1073.0
metal,permeability,E_D,0.05667112293447486,0.081389891660693,0.00973479927738279,1491,0.09704894096780439,0.8386479115490172,1073.0
metal,permeability,K_s_ref,0.06609455390058472,0.03543411929650339,0.004998143811994912,1491,0.09704894096780439,0.3651159811033747,1073.0
metal,permeability,H_s,0.06952208747983396,0.08369073997655335,0.007734804808127406,1491,0.09704894096780439,0.8623560354390413,1073.0
metal,permeability,D_ox_ref,0.11192695321819057,0.13967105574033586,0.0927193750785019,1491,0.09704894096780439,1.4391816577026966,1073.0
metal,permeability,E_D_ox,0.05390283535665897,0.05578133387566351,0.009985709627150924,1491,0.09704894096780439,0.5747752970758202,1073.0
metal,permeability,K_ox_ref,0.07211501672225748,0.055464989642209986,0.027916336593736036,1491,0.09704894096780439,0.5715156609551286,1073.0
metal,permeability,H_sol_ox,0.5442183301149177,0.5857923559800385,0.8719097047279047,1491,0.09704894096780439,6.036050987659648,1073.0
metal,permeability,metal_thickness,0.05530127375292325,0.06774782428105369,0.00793597938692209,1491,0.09704894096780439,0.6980789651638627,1073.0
metal,permeability,oxide_thickness,0.06912166511372486,0.055745445246262154,0.004358765056959546,1491,0.09704894096780439,0.5744054977864775,1073.0
metal,permeability,P_upstream,0.061474799580480646,0.05852213393940343,0.014015008586475464,1491,0.09704894096780439,0.6030167187380017,1073.0
metal,permeability,f_pinhole,0.0550262199595785,0.06563399513491497,0.009300474202675057,1491,0.09704894096780439,0.6762979016606558,1073.0
metal,permeability,f_crack,0.06674782475614313,0.0714345169495835,0.012022726295629897,1491,0.09704894096780439,0.7360669393938222,1073.0
metal,permeability,f_gb_defect,0.06065531893823793,0.08642909114914665,0.01080036309313167,1491,0.09704894096780439,0.89057222353224,1073.0
metal,permeability,crack_thickness_factor,0.06775552644727426,0.07943651310411994,0.008004137205492309,1491,0.09704894096780439,0.8185201436713533,1073.0
metal,permeability,gb_diffusivity_factor,0.06280884411615105,0.0752551716739878,0.009285625450700816,1491,0.09704894096780439,0.775435269293185,1073.0
metal,permeability,grain_size,0.06516667573005601,0.06040712031808137,0.015253683776376703,1491,0.09704894096780439,0.6224397681796568,1073.0
metal,permeability,gb_thickness,0.06511102408635257,0.0468567537994348,0.00994272513753602,1491,0.09704894096780439,0.4828157147534391,1073.0
metal,permeability,lattice_density,0.07751205217884488,0.07744497991349662,0.012495607018317548,1491,0.09704894096780439,0.7979992274123702,1073.0
metal,permeability,trap_dislocation_E_b,0.06668647230136973,0.06645797173150787,0.007453103636061834,1491,0.09704894096780439,0.6847882219915727,1073.0
metal,permeability,trap_dislocation_N_T,0.061491994472427404,0.050338326167336495,0.0030842888165498903,1491,0.09704894096780439,0.5186901131052635,1073.0
metal,permeability,trap_gb_E_b,0.06328800543754698,0.08501979345773841,0.01881438883939086,1491,0.09704894096780439,0.8760507081261546,1073.0
metal,permeability,trap_gb_N_T,0.06263531974846843,0.0803858300605799,0.004786049100391087,1491,0.09704894096780439,0.8283019810308654,1073.0
metal,permeability,trap_vacancy_E_b,0.057956238549867437,0.03370257332506195,0.0018455435771545538,1491,0.09704894096780439,0.34727399381145896,1073.0
metal,permeability,trap_vacancy_N_T,0.061912864209867705,0.047461972225044204,0.006492439426803129,1491,0.09704894096780439,0.48905193350630716,1073.0
metal,permeability,trap_carbide_E_b,0.07148258679594345,0.05953614332760998,0.006610434596632384,1491,0.09704894096780439,0.6134651520551972,1073.0
metal,permeability,trap_carbide_N_T,0.051427131018774844,0.0669116965058561,0.008834643036463818,1491,0.09704894096780439,0.6894634381229754,1073.0
metal,PRF,D_ref,0.10964669448458086,0.15549119104404435,0.033757918702085256,1491,0.12552339176520325,1.2387427463312746,1073.0
metal,PRF,E_D,0.0597184899103795,0.10413205268151099,0.005069527491803631,1491,0.12552339176520325,0.8295828468075046,1073.0
metal,PRF,K_s_ref,0.11737346200669765,0.11112760808919331,0.013890606827097161,1491,0.12552339176520325,0.885313936521586,1073.0
metal,PRF,H_s,0.06809843400447427,0.11812329282248113,0.011994654672555834,1491,0.12552339176520325,0.9410460565265452,1073.0
metal,PRF,D_ox_ref,0.10094349883082278,0.10035119809301893,0.03588644913628907,1491,0.12552339176520325,0.7994621295824291,1073.0
metal,PRF,E_D_ox,0.043594902749832326,0.10337910814496686,0.014342681693691538,1491,0.12552339176520325,0.8235844067880336,1073.0
metal,PRF,K_ox_ref,0.08819134043635415,0.14243423338549613,0.00802792652429306,1491,0.12552339176520325,1.134722631236139,1073.0
metal,PRF,H_sol_ox,0.4093648242925112,1.7894260266963866,0.21545652392257453,1491,0.12552339176520325,14.255717611929917,1073.0
metal,PRF,metal_thickness,0.06740109561170153,0.09277863247674226,0.02682150314174487,1491,0.12552339176520325,0.7391342057605372,1073.0
metal,PRF,oxide_thickness,0.09814430205393435,0.11728148003825814,0.025916962446754444,1491,0.12552339176520325,0.9343396349394227,1073.0
metal,PRF,P_upstream,0.08001532686049181,0.08602691659160908,0.014445935896872857,1491,0.12552339176520325,0.6853456983741009,1073.0
metal,PRF,f_pinhole,0.059387645785225894,0.11854512589290281,0.004593538593281519,1491,0.12552339176520325,0.9444066498350079,1073.0
metal,PRF,f_crack,0.0751713862593908,0.10156710626208337,0.005718502379154393,1491,0.12552339176520325,0.809148835398496,1073.0
metal,PRF,f_gb_defect,0.06980360912679656,0.11003456195463647,0.019783335046957316,1491,0.12552339176520325,0.8766060286234196,1073.0
metal,PRF,crack_thickness_factor,0.06550713678041403,0.09075105909803635,0.003796616471992923,1491,0.12552339176520325,0.7229812533092637,1073.0
metal,PRF,gb_diffusivity_factor,0.05403337249447468,0.09849775988689309,0.014259302003030652,1491,0.12552339176520325,0.7846964498150055,1073.0
metal,PRF,grain_size,0.06055797874495294,0.11802829425708601,0.02205280359904395,1491,0.12552339176520325,0.9402892369086303,1073.0
metal,PRF,gb_thickness,0.06558140791055055,0.08771443244438283,0.004510252012984975,1491,0.12552339176520325,0.6987895340531934,1073.0
metal,PRF,lattice_density,0.06706007859235953,0.10348651324017005,0.031041158109304214,1491,0.12552339176520325,0.8244400647948225,1073.0
metal,PRF,trap_dislocation_E_b,0.07664555566058544,0.11068029564272186,0.007160831661891935,1491,0.12552339176520325,0.8817503581304907,1073.0
metal,PRF,trap_dislocation_N_T,0.04926156491521838,0.08764192398778495,0.006800964429022153,1491,0.12552339176520325,0.6982118850940774,1073.0
metal,PRF,trap_gb_E_b,0.05416390963229038,0.08711304900898245,0.008476131702479,1491,0.12552339176520325,0.6939985271584364,1073.0
metal,PRF,trap_gb_N_T,0.05834121969862588,0.11182974633826465,0.007941776989008904,1491,0.12552339176520325,0.8909076210069822,1073.0
metal,PRF,trap_vacancy_E_b,0.05370027772901391,0.1054368398469191,0.010370417637844291,1491,0.12552339176520325,0.8399776198219939,1073.0
metal,PRF,trap_vacancy_N_T,0.06759573098546537,0.13394987567580474,0.029703290090764344,1491,0.12552339176520325,1.0671307856814736,1073.0
metal,PRF,trap_carbide_E_b,0.0635355758713354,0.08792665042190881,0.007260157098936452,1491,0.12552339176520325,0.7004801988332126,1073.0
metal,PRF,trap_carbide_N_T,0.06675898793206667,0.1424518069060624,0.019963673629325045,1491,0.12552339176520325,1.1348626331936957,1073.0
defect,flux,D_ref,0.20091698502597619,0.15760673441667758,0.23071797782963,1518,0.07766180256379085,2.029398355610154,1073.0
defect,flux,E_D,0.061568199154011516,0.07589791923947681,0.01649013202742759,1518,0.07766180256379085,0.9772876334815278,1073.0
defect,flux,K_s_ref,0.17710280744003296,0.17676809880827274,0.24003613222680842,1518,0.07766180256379085,2.2761266539374576,1073.0
defect,flux,H_s,0.07723301559398063,0.10377319403055268,0.019952886876151033,1518,0.07766180256379085,1.336219230107544,1073.0
defect,flux,D_ox_ref,0.05876679795974506,0.09560141101606126,0.013966641293111093,1518,0.07766180256379085,1.2309965499131306,1073.0
defect,flux,E_D_ox,0.07802874165756249,0.07856385445669199,0.007160288683456615,1518,0.07766180256379085,1.0116151294860842,1073.0
defect,flux,K_ox_ref,0.06725205515686974,0.07497218862432711,0.006909262651547938,1518,0.07766180256379085,0.9653676086483506,1073.0
defect,flux,H_sol_ox,0.1507220373067055,0.13242593373165124,0.06828009424067445,1518,0.07766180256379085,1.7051617315072944,1073.0
defect,flux,metal_thickness,0.1326451008945288,0.12286270783520259,0.09117039387422837,1518,0.07766180256379085,1.5820223556398145,1073.0
defect,flux,oxide_thickness,0.07115491297413495,0.06050941839051529,0.0130104219266827,1518,0.07766180256379085,0.7791400198419717,1073.0
defect,flux,P_upstream,0.13792368882576045,0.11799940925215098,0.13772717901854203,1518,0.07766180256379085,1.5194008554620801,1073.0
defect,flux,f_pinhole,0.07116274853954246,0.07171747903975721,0.006440168361798402,1518,0.07766180256379085,0.9234588519993338,1073.0
defect,flux,f_crack,0.056545142500520076,0.09468383430170926,0.008358490929733758,1518,0.07766180256379085,1.2191815175025926,1073.0
defect,flux,f_gb_defect,0.05484623119062478,0.061794694973506405,0.02153261557923754,1518,0.07766180256379085,0.7956896818451862,1073.0
defect,flux,crack_thickness_factor,0.06780220943427333,0.08995081594117464,0.012987951624041498,1518,0.07766180256379085,1.1582375501430022,1073.0
defect,flux,gb_diffusivity_factor,0.06687818675028277,0.0752777472546508,0.007421574499907995,1518,0.07766180256379085,0.9693020863482817,1073.0
defect,flux,grain_size,0.07056116080715624,0.09228805702738847,0.009924400790694558,1518,0.07766180256379085,1.1883326678077517,1073.0
defect,flux,gb_thickness,0.061989540180320185,0.09451169139452549,0.005500133188486939,1518,0.07766180256379085,1.2169649464019878,1073.0
defect,flux,lattice_density,0.05795373606647039,0.10308859673749944,0.020533809078683286,1518,0.07766180256379085,1.3274041206141618,1073.0
defect,flux,trap_dislocation_E_b,0.04963446082814292,0.0688508957566622,0.0051091645806855745,1518,0.07766180256379085,0.8865477426963991,1073.0
defect,flux,trap_dislocation_N_T,0.05696596689614254,0.07957252065115883,0.006341222545309878,1518,0.07766180256379085,1.0246030612771129,1073.0
defect,flux,trap_gb_E_b,0.05794501074821441,0.07094819566985594,0.004424780450014253,1518,0.07766180256379085,0.913553295541648,1073.0
defect,flux,trap_gb_N_T,0.06721767051453201,0.06929786601844276,0.01843443343913254,1518,0.07766180256379085,0.8923030850529382,1073.0
defect,flux,trap_vacancy_E_b,0.137191422231468,0.10729974282696621,0.0536147794883406,1518,0.07766180256379085,1.3816282816617727,1073.0
defect,flux,trap_vacancy_N_T,0.16642396505096735,0.151390163598369,0.10116199654961708,1518,0.07766180256379085,1.9493516580949584,1073.0
defect,flux,trap_carbide_E_b,0.05809735939723665,0.07890892984111683,0.008676883352802119,1518,0.07766180256379085,1.0160584384620948,1073.0
defect,flux,trap_carbide_N_T,0.08126712630724785,0.0555618921909521,0.014599433709224934,1518,0.07766180256379085,0.7154339759924315,1073.0
defect,permeability,D_ref,0.07993786425333549,0.05924716358029925,0.010368626408343294,1518,0.07711984777863909,0.7682479321063925,1073.0
defect,permeability,E_D,0.05913621760208967,0.05602509818481482,0.018546579994424012,1518,0.07711984777863909,0.7264679560263971,1073.0
defect,permeability,K_s_ref,0.06115621488346419,0.06149049823160487,0.009337961515388196,1518,0.07711984777863909,0.7973368724495423,1073.0
defect,permeability,H_s,0.05810970113029609,0.03698624345998622,0.014602432280391566,1518,0.07711984777863909,0.47959435249599636,1073.0
defect,permeability,D_ox_ref,0.09592781360515915,0.056303216167786815,0.04220422562449167,1518,0.07711984777863909,0.7300742647910395,1073.0
defect,permeability,E_D_ox,0.0609519161487731,0.049423324572025855,0.009183286236837054,1518,0.07711984777863909,0.6408638761047359,1073.0
defect,permeability,K_ox_ref,0.09441526246446155,0.09028078752109464,0.019775794512520033,1518,0.07711984777863909,1.1706556758285112,1073.0
defect,permeability,H_sol_ox,0.5780892448512586,0.6470246202237339,0.9224679931261014,1518,0.07711984777863909,8.389858627326658,1073.0
defect,permeability,metal_thickness,0.05328261971710681,0.05920927059610852,0.0068921967740314324,1518,0.07711984777863909,0.7677565802004669,1073.0
defect,permeability,oxide_thickness,0.05750036393761673,0.05222960792662054,0.00436527739704314,1518,0.07711984777863909,0.6772524769050086,1073.0
defect,permeability,P_upstream,0.06973337493932459,0.04907479869324003,0.012196851531381957,1518,0.07711984777863909,0.6363446000840387,1073.0
defect,permeability,f_pinhole,0.09820055809890929,0.059033632483057534,0.018622041559874316,1518,0.07711984777863909,0.7654791105462849,1073.0
defect,permeability,f_crack,0.09789543027529297,0.10263640883828196,0.025153130129596232,1518,0.07711984777863909,1.3308689240788483,1073.0
defect,permeability,f_gb_defect,0.09812079606129949,0.0877539268349715,0.020845871165989148,1518,0.07711984777863909,1.1378903014287054,1073.0
defect,permeability,crack_thickness_factor,0.06280337701962416,0.08115908757516052,0.017476933343226843,1518,0.07711984777863909,1.0523761380872465,1073.0
defect,permeability,gb_diffusivity_factor,0.06275136953054573,0.06076040164561208,0.007803397741730854,1518,0.07711984777863909,0.7878698337166804,1073.0
defect,permeability,grain_size,0.06552943623881839,0.06487879299366753,0.004614745914371592,1518,0.07711984777863909,0.8412723165622984,1073.0
defect,permeability,gb_thickness,0.0497278274738229,0.04575410291592864,0.005372371650653165,1518,0.07711984777863909,0.5932857005534932,1073.0
defect,permeability,lattice_density,0.08001458391023761,0.08132459254325873,0.01033906261803704,1518,0.07711984777863909,1.054522212967649,1073.0
defect,permeability,trap_dislocation_E_b,0.061520525622356284,0.05418811086384738,0.007292600984663498,1518,0.07711984777863909,0.7026480526697381,1073.0
defect,permeability,trap_dislocation_N_T,0.0638305249289231,0.06309867603171472,0.027007846595210504,1518,0.07711984777863909,0.8181898415156365,1073.0
defect,permeability,trap_gb_E_b,0.052523230011788366,0.05903750672592076,0.008471313294528311,1518,0.07711984777863909,0.7655293471970929,1073.0
defect,permeability,trap_gb_N_T,0.0583177310866098,0.07199762273543218,0.011131856597613284,1518,0.07711984777863909,0.933580975705379,1073.0
defect,permeability,trap_vacancy_E_b,0.06310242008182512,0.07893540811214475,0.005114449574237118,1518,0.07711984777863909,1.0235420632405416,1073.0
defect,permeability,trap_vacancy_N_T,0.06790444490673324,0.04929877675328564,0.026321764025606702,1518,0.07711984777863909,0.639248885640832,1073.0
defect,permeability,trap_carbide_E_b,0.06297673531655225,0.06969973608945927,0.013024061583634826,1518,0.07711984777863909,0.9037846688899318,1073.0
defect,permeability,trap_carbide_N_T,0.059087625615881184,0.09025953570344804,0.019874799795983153,1518,0.07711984777863909,1.1703801071097086,1073.0
defect,PRF,D_ref,0.1038242840302337,0.10690596889997174,0.045495145610702024,1518,0.07481422416743587,1.428952449746907,1073.0
defect,PRF,E_D,0.050849461395288606,0.07044518116082132,0.013601921291851934,1518,0.07481422416743587,0.9416014393621656,1073.0
defect,PRF,K_s_ref,0.09910196383952578,0.09670942522003162,0.05138220722561119,1518,0.07481422416743587,1.2926609384278824,1073.0
defect,PRF,H_s,0.06633710221159264,0.07576597186723957,0.018775826134008557,1518,0.07481422416743587,1.0127214805793303,1073.0
defect,PRF,D_ox_ref,0.07865673495835498,0.06467681974584255,0.033861651173026565,1518,0.07481422416743587,0.8644989701569906,1073.0
defect,PRF,E_D_ox,0.06507003675195895,0.0890784094856484,0.00971122152424083,1518,0.07481422416743587,1.1906614080002884,1073.0
defect,PRF,K_ox_ref,0.09341411829970182,0.07207128984084016,0.017624989297108807,1518,0.07481422416743587,0.9633367269777875,1073.0
defect,PRF,H_sol_ox,0.3690321406282505,0.34212893326422156,0.4699390915733123,1518,0.07481422416743587,4.573046597376049,1073.0
defect,PRF,metal_thickness,0.08264693206329438,0.08057597849548383,0.04673946389072522,1518,0.07481422416743587,1.077014155959875,1073.0
defect,PRF,oxide_thickness,0.08119548685209346,0.09444225397560384,0.0435514197001012,1518,0.07481422416743587,1.2623569251248266,1073.0
defect,PRF,P_upstream,0.0788039460022199,0.08514830506408638,0.029092159752235065,1518,0.07481422416743587,1.1381298945708855,1073.0
defect,PRF,f_pinhole,0.12363270818724165,0.08443366581940952,0.06162991722879496,1518,0.07481422416743587,1.1285777104424037,1073.0
defect,PRF,f_crack,0.11660079051383399,0.0870764217430635,0.033008960598679964,1518,0.07481422416743587,1.1639019546361207,1073.0
defect,PRF,f_gb_defect,0.14143436654878302,0.10084331979293765,0.07225236319491443,1518,0.07481422416743587,1.3479164011277869,1073.0
defect,PRF,crack_thickness_factor,0.05820504819360654,0.06965448590352431,0.022378491793697417,1518,0.07481422416743587,0.9310326569401569,1073.0
defect,PRF,gb_diffusivity_factor,0.06457283711989184,0.07047773382391057,0.013955742391062832,1518,0.07481422416743587,0.9420365526504674,1073.0
defect,PRF,grain_size,0.0661058525761043,0.05665536505188767,0.005018999337628757,1518,0.07481422416743587,0.7572806599596852,1073.0
defect,PRF,gb_thickness,0.05823245832168044,0.07876571083785135,0.007595463647352646,1518,0.07481422416743587,1.0528173180219307,1073.0
defect,PRF,lattice_density,0.0845866219746681,0.07466813109574626,0.015732164837404014,1518,0.07481422416743587,0.9980472554074389,1073.0
defect,PRF,trap_dislocation_E_b,0.053070858539170485,0.0932283210566352,0.010580818761347163,1518,0.07481422416743587,1.246130960978599,1073.0
defect,PRF,trap_dislocation_N_T,0.07338256708966091,0.08101663679785993,0.018138535677710396,1518,0.07481422416743587,1.0829041896704419,1073.0
defect,PRF,trap_gb_E_b,0.05350703834685528,0.08158140052697808,0.006811806689806884,1518,0.07481422416743587,1.090453071389167,1073.0
defect,PRF,trap_gb_N_T,0.05309950284055032,0.0737709744404416,0.018015906002114696,1518,0.07481422416743587,0.9860554628668012,1073.0
defect,PRF,trap_vacancy_E_b,0.08560432702309131,0.08763066363825665,0.027747107834251224,1518,0.07481422416743587,1.171310196870281,1073.0
defect,PRF,trap_vacancy_N_T,0.08505600965479426,0.09621451163862979,0.015615317167602168,1518,0.07481422416743587,1.286045704668401,1073.0
defect,PRF,trap_carbide_E_b,0.07087986453713793,0.08681326168865193,0.016469639621160225,1518,0.07481422416743587,1.1603844409902848,1073.0
defect,PRF,trap_carbide_N_T,0.06575913598224811,0.1006349810511494,0.011290840915718582,1518,0.07481422416743587,1.3451316533862079,1073.0
oxide,flux,D_ref,0.08709878204696858,0.06483442832052665,0.025602379190818085,1544,0.08025386260500865,0.8078667644899166,1273.0
oxide,flux,E_D,0.04624520557163044,0.03506964928363547,0.013803248021318545,1544,0.08025386260500865,0.4369839425205033,1273.0
oxide,flux,K_s_ref,0.08649854240694957,0.10191856635248728,0.034614310008322755,1544,0.08025386260500865,1.2699521623539467,1273.0
oxide,flux,H_s,0.06952197894033094,0.07813256389642065,0.01002069069048581,1544,0.08025386260500865,0.9735676434786877,1273.0
oxide,flux,D_ox_ref,0.09144320705201534,0.09096436175900381,0.03234866536913929,1544,0.08025386260500865,1.1334577403047852,1273.0
oxide,flux,E_D_ox,0.06515283563169239,0.048150786091363765,0.009592003313216352,1544,0.08025386260500865,0.5999809171597265,1273.0
oxide,flux,K_ox_ref,0.06590656752573851,0.08697396551873558,0.016571236211424156,1544,0.08025386260500865,1.0837355697980764,1273.0
oxide,flux,H_sol_ox,0.4103694233227912,0.4409388967685577,0.6850980074546884,1544,0.08025386260500865,5.494301239290614,1273.0
oxide,flux,metal_thickness,0.07496209498340536,0.0721948426101764,0.01962059002332158,1544,0.08025386260500865,0.8995809082175033,1273.0
oxide,flux,oxide_thickness,0.06928369557903236,0.09331822244039031,0.0330538085190349,1544,0.08025386260500865,1.1627879258557496,1273.0
oxide,flux,P_upstream,0.08896608572774375,0.0998022293846901,0.05841577424584188,1544,0.08025386260500865,1.243581631402517,1273.0
oxide,flux,f_pinhole,0.06480889576744499,0.07444312519413124,0.018195698133862008,1544,0.08025386260500865,0.9275955421675273,1273.0
oxide,flux,f_crack,0.06487198035125497,0.06893013725598307,0.017833113288130167,1544,0.08025386260500865,0.8589011795636754,1273.0
oxide,flux,f_gb_defect,0.06756358926048045,0.04964977370568523,0.011157223831072836,1544,0.08025386260500865,0.6186589915310392,1273.0
oxide,flux,crack_thickness_factor,0.05894202947311755,0.05961726136609347,0.013599382529453833,1544,0.08025386260500865,0.7428584672555406,1273.0
oxide,flux,gb_diffusivity_factor,0.07196640481363864,0.06043125162211293,0.021871981352175197,1544,0.08025386260500865,0.7530011598263111,1273.0
oxide,flux,grain_size,0.06610423255500975,0.08060541436606758,0.019926508766422008,1544,0.08025386260500865,1.0043804964602039,1273.0
oxide,flux,gb_thickness,0.0595224076441693,0.06343590651764018,0.013594982761596331,1544,0.08025386260500865,0.7904405402872302,1273.0
oxide,flux,lattice_density,0.05044501086411499,0.09474419892077628,0.0055405170142475224,1544,0.08025386260500865,1.1805562479538934,1273.0
oxide,flux,trap_dislocation_E_b,0.059181750891595455,0.06818753954601016,0.007055060208483315,1544,0.08025386260500865,0.8496480709173314,1273.0
oxide,flux,trap_dislocation_N_T,0.06586451113653186,0.052899002100850606,0.0035032570658319467,1544,0.08025386260500865,0.659145870164624,1273.0
oxide,flux,trap_gb_E_b,0.05889997308391091,0.05375717628111368,0.004062359723544979,1544,0.08025386260500865,0.669839114731391,1273.0
oxide,flux,trap_gb_N_T,0.052188207496999074,0.050907409287307775,0.004921620044957453,1544,0.08025386260500865,0.6343297086878238,1273.0
oxide,flux,trap_vacancy_E_b,0.058633688307347005,0.06872967342842128,0.002609694645246071,1544,0.08025386260500865,0.8564033081708874,1273.0
oxide,flux,trap_vacancy_N_T,0.09189321041652648,0.09214097113506853,0.01638456848243083,1544,0.08025386260500865,1.1481188337135315,1273.0
oxide,flux,trap_carbide_E_b,0.07831740798062041,0.06345152624796724,0.012645184751070817,1544,0.08025386260500865,0.7906351693034551,1273.0
oxide,flux,trap_carbide_N_T,0.06264893388410019,0.06516327358450946,0.008692592918098624,1544,0.08025386260500865,0.8119643275642489,1273.0
oxide,permeability,D_ref,0.0811772424466725,0.06506621979694788,0.025542263591266812,1544,0.07359235937910032,0.8841436848323985,1273.0
oxide,permeability,E_D,0.06559955588452998,0.06136431458195567,0.0111471699559517,1544,0.07359235937910032,0.8338408375500823,1273.0
oxide,permeability,K_s_ref,0.0867969799713908,0.11598227965928162,0.0386321491857902,1544,0.07359235937910032,1.5760098009878418,1273.0
oxide,permeability,H_s,0.06299518006646537,0.061245358147006004,0.009127838174570883,1544,0.07359235937910032,0.8322244138349942,1273.0
oxide,permeability,D_ox_ref,0.08876000942063118,0.0993225726193864,0.02369522645678147,1544,0.07359235937910032,1.349631584819025,1273.0
oxide,permeability,E_D_ox,0.07186294609619029,0.03956554205401423,0.012086786305807059,1544,0.07359235937910032,0.5376311126294797,1273.0
oxide,permeability,K_ox_ref,0.07253465446470628,0.06570066599523813,0.02478436179265086,1544,0.07359235937910032,0.8927647727230856,1273.0
oxide,permeability,H_sol_ox,0.5510985128860777,0.6411697065994002,0.8992173232902249,1544,0.07359235937910032,8.712449390248624,1273.0
oxide,permeability,metal_thickness,0.08338940851894219,0.07578322537745716,0.020970758235685203,1544,0.07359235937910032,1.0297702916014815,1273.0
oxide,permeability,oxide_thickness,0.08372585963259538,0.059694134163599866,0.015142243672399186,1544,0.07359235937910032,0.8111458127887194,1273.0
oxide,permeability,P_upstream,0.06674348967095081,0.08593936845818062,0.029297960451811753,1544,0.07359235937910032,1.1677756927927325,1273.0
oxide,permeability,f_pinhole,0.05987302226438111,0.07955336270811579,0.017327469099474854,1544,0.07359235937910032,1.08100030192412,1273.0
oxide,permeability,f_crack,0.05267828653045099,0.06474035126400274,0.014316185659884323,1544,0.07359235937910032,0.879715663558254,1273.0
oxide,permeability,f_gb_defect,0.050846174550837765,0.06049363740500117,0.009960155329508736,1544,0.07359235937910032,0.822009756384858,1273.0
oxide,permeability,crack_thickness_factor,0.05061991117690599,0.05402636019566416,0.007102461879652391,1544,0.07359235937910032,0.7341300190873788,1273.0
oxide,permeability,gb_diffusivity_factor,0.07307132112413744,0.0629555508775242,0.015860867037315925,1544,0.07359235937910032,0.8554631405852591,1273.0
oxide,permeability,grain_size,0.06575516452459457,0.06939918703643258,0.018803946013959304,1544,0.07359235937910032,0.9430216346092776,1273.0
oxide,permeability,gb_thickness,0.05579621156046026,0.04864211451541659,0.01412943190055107,1544,0.07359235937910032,0.6609669118616489,1273.0
oxide,permeability,lattice_density,0.054914709642688915,0.08049076314440531,0.007096326856052098,1544,0.07359235937910032,1.0937380432358321,1273.0
oxide,permeability,trap_dislocation_E_b,0.06412758226229728,0.06655675330583107,0.01667737913732545,1544,0.07359235937910032,0.9043976014272576,1273.0
oxide,permeability,trap_dislocation_N_T,0.06695721752758357,0.07286880988742159,0.004801730728060223,1544,0.07359235937910032,0.9901681438428754,1273.0
oxide,permeability,trap_gb_E_b,0.05676665595811509,0.05165739979217745,0.0051976716819161235,1544,0.07359235937910032,0.7019397153184325,1273.0
oxide,permeability,trap_gb_N_T,0.05641837478917539,0.05011080076649702,0.006180799484275319,1544,0.07359235937910032,0.6809239598958708,1273.0
oxide,permeability,trap_vacancy_E_b,0.058886352240438825,0.08286376361782988,0.0014228783339527277,1544,0.07359235937910032,1.1259832449584783,1273.0
oxide,permeability,trap_vacancy_N_T,0.08471839041787228,0.09986328972423164,0.019727508480711434,1544,0.07359235937910032,1.356979047373661,1273.0
oxide,permeability,trap_carbide_E_b,0.07876638028526713,0.05660463008466276,0.010755096825921552,1544,0.07359235937910032,0.7691644969971985,1273.0
oxide,permeability,trap_carbide_N_T,0.06815151044843507,0.06395397562760884,0.0038290405828005363,1544,0.07359235937910032,0.8690301026789921,1273.0
oxide,PRF,D_ref,0.06702947311755603,0.05916464244818205,0.013572202926279945,1544,0.06838922163373735,0.8651164764682058,1273.0
oxide,PRF,E_D,0.05517798263912253,0.05110859346127589,0.00925160165070312,1544,0.06838922163373735,0.747319420229566,1273.0
oxide,PRF,K_s_ref,0.08248967312146319,0.09586139923305678,0.03362830844152372,1544,0.06838922163373735,1.401703323170548,1273.0
oxide,PRF,H_s,0.07248738850986887,0.05280040007087036,0.010219760468856318,1544,0.06838922163373735,0.7720573331517958,1273.0
oxide,PRF,D_ox_ref,0.08333997191175864,0.08554750073904968,0.023582895382787128,1544,0.06838922163373735,1.2508915688089643,1273.0
oxide,PRF,E_D_ox,0.06309144849801711,0.04526830591284955,0.005038764426884953,1544,0.06838922163373735,0.6619216424963383,1273.0
oxide,PRF,K_ox_ref,0.06940042240894656,0.056900835504586134,0.01492150611353139,1544,0.06838922163373735,0.832014667593704,1273.0
oxide,PRF,H_sol_ox,0.38217061435973354,0.37005123746548174,0.6293552712913524,1544,0.06838922163373735,5.410958461368572,1273.0
oxide,PRF,metal_thickness,0.07769497342036202,0.0806543103256623,0.02133650885079311,1544,0.06838922163373735,1.1793424226643692,1273.0
oxide,PRF,oxide_thickness,0.06770340640472682,0.08166123265711088,0.028789855195390665,1544,0.06838922163373735,1.194065829473138,1273.0
oxide,PRF,P_upstream,0.05911806937839029,0.06978242535219818,0.007327872831670111,1544,0.06838922163373735,1.0203716855548117,1273.0
oxide,PRF,f_pinhole,0.06481730704528632,0.05779472695435726,0.012752219883487933,1544,0.06838922163373735,0.8450853156931722,1273.0
oxide,PRF,f_crack,0.05236921276951362,0.06379948963329526,0.012509399927405015,1544,0.06838922163373735,0.932888079571622,1273.0
oxide,PRF,f_gb_defect,0.06068316398627279,0.061239613393776045,0.016115449230861924,1544,0.06838922163373735,0.8954570900331127,1273.0
oxide,PRF,crack_thickness_factor,0.055611163447951015,0.05424913810125215,0.008237921068072357,1544,0.06838922163373735,0.793241051810572,1273.0
oxide,PRF,gb_diffusivity_factor,0.06864023282417064,0.05213924649767148,0.02056750526531143,1544,0.06838922163373735,0.7623898218480449,1273.0
oxide,PRF,grain_size,0.06373645784267545,0.07453587980219191,0.016328558175819206,1544,0.06838922163373735,1.0898775862865255,1273.0
oxide,PRF,gb_thickness,0.061381300047103154,0.07460315747522939,0.009369971305568686,1544,0.06838922163373735,1.0908613330148886,1273.0
oxide,PRF,lattice_density,0.05917754525267478,0.06345135965297477,0.010943943712383235,1544,0.06838922163373735,0.927797657835505,1273.0
oxide,PRF,trap_dislocation_E_b,0.06132700660529509,0.06023118118138264,0.006931459193906833,1544,0.06838922163373735,0.880711605462545,1273.0
oxide,PRF,trap_dislocation_N_T,0.06442618262566449,0.058148171910448576,0.0037263708182548815,1544,0.06838922163373735,0.8502534539998811,1273.0
oxide,PRF,trap_gb_E_b,0.06639442164053563,0.057105449327068125,0.004851908297007825,1544,0.06838922163373735,0.8350065692061804,1273.0
oxide,PRF,trap_gb_N_T,0.05048261741601204,0.04818459776129326,0.009639124100211316,1544,0.06838922163373735,0.7045642077833377,1273.0
oxide,PRF,trap_vacancy_E_b,0.0677612542897517,0.08608255860942625,0.017429000439155597,1544,0.06838922163373735,1.2587152851431274,1273.0
oxide,PRF,trap_vacancy_N_T,0.06880425274207658,0.081542100775269,0.0247853832725425,1544,0.06838922163373735,1.1923238607974322,1273.0
oxide,PRF,trap_carbide_E_b,0.07102344630131693,0.08257848182836396,0.02151502547095636,1544,0.06838922163373735,1.2074780185482743,1273.0
oxide,PRF,trap_carbide_N_T,0.06925005046766705,0.059439877245645326,0.005380470537991791,1544,0.06838922163373735,0.8691410111958755,1273.0
metal,flux,D_ref,0.19684240316972587,0.17963442158837034,0.26202422279602683,1494,0.0884554723353843,2.0307892417020343,1273.0
metal,flux,E_D,0.056510156958931926,0.06422421238799057,0.012669731412704322,1494,0.0884554723353843,0.7260626244183126,1273.0
metal,flux,K_s_ref,0.19196921915851325,0.18050331631784033,0.27567691317795634,1494,0.0884554723353843,2.040612203544073,1273.0
metal,flux,H_s,0.05248061597620909,0.06156493391353294,0.01731796634825248,1494,0.0884554723353843,0.6959991540162236,1273.0
metal,flux,D_ox_ref,0.06633531890425236,0.07738194081860807,0.0050680129087135135,1494,0.0884554723353843,0.8748123635043148,1273.0
metal,flux,E_D_ox,0.06577315975310638,0.065243668421166,0.009706567279450093,1494,0.0884554723353843,0.7375877003266759,1273.0
metal,flux,K_ox_ref,0.07357429718875502,0.050322149723349655,0.011982224291984252,1494,0.0884554723353843,0.5688980952195944,1273.0
metal,flux,H_sol_ox,0.05657798981159537,0.06454858545337158,0.014900111399498962,1494,0.0884554723353843,0.7297297018394939,1273.0
metal,flux,metal_thickness,0.16178809196517613,0.16120513417015034,0.15532400248662923,1494,0.0884554723353843,1.8224438795480202,1273.0
metal,flux,oxide_thickness,0.060137282912410266,0.07997347585837472,0.011449228362137121,1494,0.0884554723353843,0.904109986040778,1273.0
metal,flux,P_upstream,0.13902365614583614,0.13286353669203677,0.10723894282818888,1494,0.0884554723353843,1.5020386323672164,1273.0
metal,flux,f_pinhole,0.07787525942696963,0.09570482494303914,0.01017126216332453,1494,0.0884554723353843,1.0819548233281542,1273.0
metal,flux,f_crack,0.0647084984232231,0.07738470045479647,0.026523302538293853,1494,0.0884554723353843,0.8748435615310229,1273.0
metal,flux,f_gb_defect,0.05634843625059522,0.08509394981051357,0.00924117445128228,1494,0.0884554723353843,0.9619975741904887,1273.0
metal,flux,crack_thickness_factor,0.06643324977763403,0.060261476916742385,0.00996707119053581,1494,0.0884554723353843,0.6812634122652959,1273.0
metal,flux,gb_diffusivity_factor,0.06845053592445846,0.06433203300043362,0.007160803169800079,1494,0.0884554723353843,0.727281549710286,1273.0
metal,flux,grain_size,0.05911053610414814,0.09026619737167273,0.01160403058948792,1494,0.0884554723353843,1.0204704693613862,1273.0
metal,flux,gb_thickness,0.06802907378956542,0.07858982551360844,0.00812948918116143,1494,0.0884554723353843,0.8884676486224655,1273.0
metal,flux,lattice_density,0.05736961267890353,0.04453709410194913,0.008797917716665228,1494,0.0884554723353843,0.503497329516076,1273.0
metal,flux,trap_dislocation_E_b,0.058473266668463565,0.09151359979695567,0.019972941898268527,1494,0.0884554723353843,1.0345725072833967,1273.0
metal,flux,trap_dislocation_N_T,0.06894540129196877,0.07862601561746317,0.008566675503919334,1494,0.0884554723353843,0.8888767822000639,1273.0
metal,flux,trap_gb_E_b,0.06143922445935869,0.08686318717444953,0.010714953268003306,1494,0.0884554723353843,0.9819990203104957,1273.0
metal,flux,trap_gb_N_T,0.05618671554225852,0.12220679958324732,0.008222372700248183,1494,0.0884554723353843,1.3815629079441554,1273.0
metal,flux,trap_vacancy_E_b,0.09939184029181602,0.09238955037364432,0.021023241424638257,1494,0.0884554723353843,1.0444752363465284,1273.0
metal,flux,trap_vacancy_N_T,0.13753897019846725,0.09665467243741377,0.12375368802117925,1494,0.0884554723353843,1.092692966139412,1273.0
metal,flux,trap_carbide_E_b,0.055998221072208296,0.06170666584079057,0.00887845511089745,1494,0.0884554723353843,0.6976014508952708,1273.0
metal,flux,trap_carbide_N_T,0.06973531710735559,0.06268506719355446,0.006682895258025388,1494,0.0884554723353843,0.7086623985894306,1273.0
metal,permeability,D_ref,0.0586057878044617,0.08157745144255896,0.003424270512259753,1494,0.08455694896266834,0.9647634220881737,1273.0
metal,permeability,E_D,0.06635490507892869,0.05340296437171072,0.010237493285114975,1494,0.08455694896266834,0.6315621013630468,1273.0
metal,permeability,K_s_ref,0.06976227055874504,0.07674617414824653,0.017639650569270703,1494,0.08455694896266834,0.9076270500503719,1273.0
metal,permeability,H_s,0.06366495063026154,0.0632636446914727,0.0028952873977007277,1494,0.08455694896266834,0.7481779495071827,1273.0
metal,permeability,D_ox_ref,0.09157210497470868,0.08229694114267617,0.03921635547988284,1494,0.08455694896266834,0.9732723584788998,1273.0
metal,permeability,E_D_ox,0.060260190650746163,0.06302007099433556,0.022656129418626433,1494,0.08455694896266834,0.7452973619253782,1273.0
metal,permeability,K_ox_ref,0.07007484075002471,0.05939494997384166,0.024424594932447197,1494,0.08455694896266834,0.7024254150899457,1273.0
metal,permeability,H_sol_ox,0.567161262499663,0.6208089857855963,0.9006865619075407,1494,0.08455694896266834,7.3419038104092635,1273.0
metal,permeability,metal_thickness,0.0618896166320764,0.08026781524098082,0.013111733236752179,1494,0.08455694896266834,0.9492752071319277,1273.0
metal,permeability,oxide_thickness,0.05786232177030269,0.07367644833320934,0.005955375277039044,1494,0.08455694896266834,0.8713234008211116,1273.0
metal,permeability,P_upstream,0.05638212806483203,0.07086681089162751,0.005271425121419922,1494,0.08455694896266834,0.8380956475016029,1273.0
metal,permeability,f_pinhole,0.054397994663216626,0.05947852820131455,0.007924889096844696,1494,0.08455694896266834,0.7034138403879042,1273.0
metal,permeability,f_crack,0.06344887379495612,0.06453980144038557,0.005168825880982079,1494,0.08455694896266834,0.7632702247674489,1273.0
metal,permeability,f_gb_defect,0.07802080806447266,0.0617700205163446,0.012684659633876204,1494,0.08455694896266834,0.7305138285395786,1273.0
metal,permeability,crack_thickness_factor,0.07477112027528458,0.07178865748393691,0.009280681265200732,1494,0.08455694896266834,0.8489977271487339,1273.0
metal,permeability,gb_diffusivity_factor,0.06240694320907792,0.06646447889114179,0.010728062352431591,1494,0.08455694896266834,0.7860321322672803,1273.0
metal,permeability,grain_size,0.06476842493014565,0.06913630265795778,0.02114986922149884,1494,0.08455694896266834,0.8176300529537941,1273.0
metal,permeability,gb_thickness,0.0807325049639273,0.07149945749798205,0.015220963472011377,1494,0.08455694896266834,0.8455775471457568,1273.0
metal,permeability,lattice_density,0.05570460814173922,0.039528175552197314,0.004369179474958691,1494,0.08455694896266834,0.4674740046456607,1273.0
metal,permeability,trap_dislocation_E_b,0.06368426727042398,0.0406864815156547,0.008241351933685468,1494,0.08455694896266834,0.48117253537160704,1273.0
metal,permeability,trap_dislocation_N_T,0.061587468442000665,0.07346810496482721,0.0029353120418656974,1494,0.08455694896266834,0.8688594594072118,1273.0
metal,permeability,trap_gb_E_b,0.07052819780239526,0.06863344418618597,0.011799944051493974,1494,0.08455694896266834,0.8116830731024537,1273.0
metal,permeability,trap_gb_N_T,0.05974753600531881,0.044324043356562794,0.009987336303301557,1494,0.08455694896266834,0.5241916116927509,1273.0
metal,permeability,trap_vacancy_E_b,0.06518018382253848,0.08257254636335538,0.009543485986447888,1494,0.08455694896266834,0.9765317620413544,1273.0
metal,permeability,trap_vacancy_N_T,0.06783707537083457,0.06993412118436172,0.010592971232709266,1494,0.08455694896266834,0.8270653333913153,1273.0
metal,permeability,trap_carbide_E_b,0.06780365309111164,0.07874403055950495,0.014514373646138683,1494,0.08455694896266834,0.9312543974862458,1273.0
metal,permeability,trap_carbide_N_T,0.060784525125108936,0.05901565750975434,0.014068564860126347,1494,0.08455694896266834,0.6979397699863744,1273.0
metal,PRF,D_ref,0.07751812619605941,0.14041078036764174,0.03866655817860131,1494,0.10655720207815053,1.3177033333200934,1273.0
metal,PRF,E_D,0.07299866131191432,0.12112084566149099,0.012681643259995878,1494,0.10655720207815053,1.1366744180525619,1273.0
metal,PRF,K_s_ref,0.10142359145755281,0.11880591171551715,0.016668256261693673,1494,0.10655720207815053,1.1149496176559068,1273.0
metal,PRF,H_s,0.05994896813203597,0.08211480320812217,0.0022074316713696107,1494,0.10655720207815053,0.7706171108725062,1273.0
metal,PRF,D_ox_ref,0.09184837785145054,0.12457336588105873,0.03591907902478457,1494,0.10655720207815053,1.169075045623804,1273.0
metal,PRF,E_D_ox,0.06165377393241871,0.10075743637712309,0.025478745530998017,1494,0.10655720207815053,0.9455713402011643,1273.0
metal,PRF,K_ox_ref,0.08174622427068452,0.09348967628455376,0.013978992720289601,1494,0.10655720207815053,0.877366095029289,1273.0
metal,PRF,H_sol_ox,0.4245842430123177,4.845912182757859,0.2791069205904276,1494,0.10655720207815053,45.477096697826205,1273.0
metal,PRF,metal_thickness,0.08021499869724985,0.09034198763874615,0.018271767120938743,1494,0.10655720207815053,0.8478261992322967,1273.0
metal,PRF,oxide_thickness,0.09397141137255959,0.15199984994435262,0.018926334752401422,1494,0.10655720207815053,1.4264624725494746,1273.0
metal,PRF,P_upstream,0.06882518889877182,0.11801695766934442,0.006469613178397224,1494,0.10655720207815053,1.1075455752187369,1273.0
metal,PRF,f_pinhole,0.06026567118586201,0.11174841634147842,0.013627531075027928,1494,0.10655720207815053,1.0487176292365539,1273.0
metal,PRF,f_crack,0.05678867595662291,0.09654325342309449,0.010301043413131896,1494,0.10655720207815053,0.9060227890770661,1273.0
metal,PRF,f_gb_defect,0.07200839150786592,0.08937749922924927,0.011818779225075437,1494,0.10655720207815053,0.8387748316035792,1273.0
metal,PRF,crack_thickness_factor,0.06538637772566777,0.1199290313223748,0.015176500649763697,1494,0.10655720207815053,1.125489680504347,1273.0
metal,PRF,gb_diffusivity_factor,0.061367438433824785,0.1057713475442516,0.005046042990164975,1494,0.10655720207815053,0.9926250453411627,1273.0
metal,PRF,grain_size,0.065602993630001,0.10304580090717436,0.00904872008619137,1494,0.10655720207815053,0.96704679643896,1273.0
metal,PRF,gb_thickness,0.06876885618536788,0.10900022442233823,0.013119166955361049,1494,0.10655720207815053,1.0229268627229529,1273.0
metal,PRF,lattice_density,0.048608303459924715,0.10660208367946934,0.009031324482551686,1494,0.10655720207815053,1.0004211972578436,1273.0
metal,PRF,trap_dislocation_E_b,0.06238133743025794,0.1055029674947605,0.007933128750473155,1494,0.10655720207815053,0.9901063976640749,1273.0
metal,PRF,trap_dislocation_N_T,0.06468603721373188,0.08017133765824103,0.012387300310650549,1494,0.10655720207815053,0.752378404225012,1273.0
metal,PRF,trap_gb_E_b,0.07466779871162502,0.09268242348880054,0.005503800474992353,1494,0.10655720207815053,0.8697903255833047,1273.0
metal,PRF,trap_gb_N_T,0.05725811523498918,0.12965842746011724,0.01640668832041393,1494,0.10655720207815053,1.216796471110643,1273.0
metal,PRF,trap_vacancy_E_b,0.0622938285580802,0.12065467859479705,0.012108080978510537,1494,0.10655720207815053,1.132299612243077,1273.0
metal,PRF,trap_vacancy_N_T,0.09023278797516689,0.12958961673899197,0.016130328556800355,1494,0.10655720207815053,1.216150707898178,1273.0
metal,PRF,trap_carbide_E_b,0.07480256596857227,0.0954256571845458,0.03001745419162133,1494,0.10655720207815053,0.8955345610009476,1273.0
metal,PRF,trap_carbide_N_T,0.06847488387554693,0.09476869176306968,0.007452146302794248,1494,0.10655720207815053,0.8893691830756311,1273.0
defect,flux,D_ref,0.14498892934911892,0.16403661697242206,0.25287435941472625,1477,0.0650167266704488,2.522991011280478,1273.0
defect,flux,E_D,0.06783899674894936,0.08018863203524801,0.008098085477221363,1477,0.0650167266704488,1.2333538789441254,1273.0
defect,flux,K_s_ref,0.17851500789889416,0.18298194323981382,0.20670197799988735,1477,0.0650167266704488,2.814382584458565,1273.0
defect,flux,H_s,0.08895122029854596,0.06342230923865082,0.007314101813133313,1477,0.0650167266704488,0.9754768116844819,1273.0
defect,flux,D_ox_ref,0.057756687919179456,0.0729084113883548,0.02091072047564787,1477,0.0650167266704488,1.1213792991749136,1273.0
defect,flux,E_D_ox,0.06744176471664623,0.08334991767414136,0.01769798789560798,1477,0.0650167266704488,1.2819765303876072,1273.0
defect,flux,K_ox_ref,0.08289797922499345,0.07571352112681663,0.011450527748987957,1477,0.0650167266704488,1.1645237311097931,1273.0
defect,flux,H_sol_ox,0.14629074378566592,0.1751256973835813,0.11961027593077521,1477,0.0650167266704488,2.693548358274685,1273.0
defect,flux,metal_thickness,0.1327174330728833,0.14184522772257682,0.12158558014826623,1477,0.0650167266704488,2.181672855379966,1273.0
defect,flux,oxide_thickness,0.07374334388552398,0.05911921658069323,0.017762816889569516,1477,0.0650167266704488,0.9092924176320293,1273.0
defect,flux,P_upstream,0.15451247746440705,0.12231904185849272,0.12848240264703106,1477,0.0650167266704488,1.88134727973146,1273.0
defect,flux,f_pinhole,0.07217031810802968,0.10063219797240455,0.027999079619408188,1477,0.0650167266704488,1.5477893632277182,1273.0
defect,flux,f_crack,0.0659154657123513,0.06484003093751188,0.00989334262004201,1477,0.0650167266704488,0.9972823034627297,1273.0
defect,flux,f_gb_defect,0.07669170524620761,0.07359071987659824,0.008806409058681377,1477,0.0650167266704488,1.1318736522927177,1273.0
defect,flux,crack_thickness_factor,0.060418480188283843,0.07418438292339874,0.001515180405007417,1477,0.0650167266704488,1.1410045802431452,1273.0
defect,flux,gb_diffusivity_factor,0.05974426404351929,0.061053008653972334,0.005404349604791768,1477,0.0650167266704488,0.9390354110478766,1273.0
defect,flux,grain_size,0.07297022818349833,0.0799284788338114,0.006876701504860496,1477,0.0650167266704488,1.229352551674064,1273.0
defect,flux,gb_thickness,0.06374174493673479,0.07680018590427458,0.006170401510299238,1477,0.0650167266704488,1.1812373497908124,1273.0
defect,flux,lattice_density,0.08303870414567774,0.06642754979382566,0.020509865293840707,1477,0.0650167266704488,1.021699387151985,1273.0
defect,flux,trap_dislocation_E_b,0.0764583981408626,0.06192314033197751,0.009814073340943402,1477,0.0650167266704488,0.9524186083044168,1273.0
defect,flux,trap_dislocation_N_T,0.05847087778367399,0.060493957240263914,0.003414048764221342,1477,0.0650167266704488,0.9304368327690578,1273.0
defect,flux,trap_gb_E_b,0.06436912538808273,0.07038733245511099,0.01033905843552155,1477,0.0650167266704488,1.0826034477540565,1273.0
defect,flux,trap_gb_N_T,0.059225694889202,0.0822390108049995,0.012202423662097847,1477,0.0650167266704488,1.2648900523990623,1273.0
defect,flux,trap_vacancy_E_b,0.08747143022701587,0.0995138452056413,0.016864226698087015,1477,0.0650167266704488,1.5305883624386156,1273.0
defect,flux,trap_vacancy_N_T,0.10705016603797918,0.08273888619130484,0.06446415412317132,1477,0.0650167266704488,1.2725784644724518,1273.0
defect,flux,trap_carbide_E_b,0.0718029302152525,0.0700755135532344,0.011452853734886874,1477,0.0650167266704488,1.0778074680447562,1273.0
defect,flux,trap_carbide_N_T,0.06670982085674029,0.09260003547652226,0.00471332428928835,1477,0.0650167266704488,1.424249423473522,1273.0
defect,permeability,D_ref,0.060904591117861256,0.06050592527674341,0.012940346068195404,1477,0.0719359725689509,0.841108045335013,1273.0
defect,permeability,E_D,0.06063926146864536,0.06223766761456846,0.005733727794892256,1477,0.0719359725689509,0.8651814299850249,1273.0
defect,permeability,K_s_ref,0.07700997012100601,0.07781768220444073,0.007160965631215677,1477,0.0719359725689509,1.0817631210845475,1273.0
defect,permeability,H_s,0.06418112909311285,0.052091841406985084,0.004653088603417477,1477,0.0719359725689509,0.7241417547674754,1273.0
defect,permeability,D_ox_ref,0.07738705191311826,0.07024469380991663,0.02662218155249992,1477,0.0719359725689509,0.976489109709149,1273.0
defect,permeability,E_D_ox,0.07518130859363087,0.06393807943156778,0.02047934662803707,1477,0.0719359725689509,0.8888192812056984,1273.0
defect,permeability,K_ox_ref,0.08857381174578195,0.04168017718226867,0.019876651336240135,1477,0.0719359725689509,0.5794065985876269,1273.0
defect,permeability,H_sol_ox,0.6106006383596092,0.7084082017913599,0.9457130633008444,1477,0.0719359725689509,9.84776011907461,1273.0
defect,permeability,metal_thickness,0.05896493988911051,0.05419794872951183,0.01202542990543929,1477,0.0719359725689509,0.7534192809802202,1273.0
defect,permeability,oxide_thickness,0.06698658712876723,0.07051938038672684,0.002763999391428574,1477,0.0719359725689509,0.980307596719204,1273.0
defect,permeability,P_upstream,0.0768872170361676,0.06036736499507618,0.012918851613817431,1477,0.0719359725689509,0.839181884101363,1273.0
defect,permeability,f_pinhole,0.10305083350107047,0.1358305821028197,0.035018788853637135,1477,0.0719359725689509,1.888214995253252,1273.0
defect,permeability,f_crack,0.08714804610200683,0.052827347295233834,0.03924128812794901,1477,0.0719359725689509,0.7343662066235168,1273.0
defect,permeability,f_gb_defect,0.10979462875197472,0.12062973006876769,0.05222244836451477,1477,0.0719359725689509,1.676904137956064,1273.0
defect,permeability,crack_thickness_factor,0.07357647811270018,0.08961806965144149,0.005149529654668982,1477,0.0719359725689509,1.2458032671420718,1273.0
defect,permeability,gb_diffusivity_factor,0.06691339274277663,0.06368340501499421,0.011095680079721231,1477,0.0719359725689509,0.8852789882551936,1273.0
defect,permeability,grain_size,0.06781688594484803,0.05092601510455518,0.004936597130622026,1477,0.0719359725689509,0.7079353108869475,1273.0
defect,permeability,gb_thickness,0.06926018774360007,0.06366364904377032,0.010752144969821005,1477,0.0719359725689509,0.8850043555433754,1273.0
defect,permeability,lattice_density,0.06500805138245896,0.04708159238314365,0.008286438217000371,1477,0.0719359725689509,0.6544930262535307,1273.0
defect,permeability,trap_dislocation_E_b,0.06709223973949768,0.051307340581190644,0.0220162546566439,1477,0.0719359725689509,0.7132362119941086,1273.0
defect,permeability,trap_dislocation_N_T,0.06388900507045395,0.05236400178729803,0.012596760841010093,1477,0.0719359725689509,0.7279251244863193,1273.0
defect,permeability,trap_gb_E_b,0.0641182821277608,0.07385528221538258,0.01026831567241283,1477,0.0719359725689509,1.026680804858682,1273.0
defect,permeability,trap_gb_N_T,0.07839249443853372,0.05812195003522099,0.01346715108915904,1477,0.0719359725689509,0.8079678074764456,1273.0
defect,permeability,trap_vacancy_E_b,0.06294717195191128,0.04665998313637197,0.01756059047737298,1477,0.0719359725689509,0.6486321303524214,1273.0
defect,permeability,trap_vacancy_N_T,0.06875991718578042,0.08840584072409649,0.006061320807659276,1477,0.0719359725689509,1.2289517687323843,1273.0
defect,permeability,trap_carbide_E_b,0.06247990421991777,0.058945862797270945,0.010168807903387018,1477,0.0719359725689509,0.8194212254622834,1273.0
defect,permeability,trap_carbide_N_T,0.056371331676003306,0.08012946250094685,0.010683857629266413,1477,0.0719359725689509,1.1138997589021606,1273.0
defect,PRF,D_ref,0.07644467419348935,0.07348467753616227,0.029634282553266115,1477,0.084128887210252,0.8734773509188575,1273.0
defect,PRF,E_D,0.06534145616745482,0.08048709935304654,0.003965391867070581,1477,0.084128887210252,0.9567118028305305,1273.0
defect,PRF,K_s_ref,0.07685051092295507,0.09495910795384097,0.02615368567588692,1477,0.084128887210252,1.1287336740413842,1273.0
defect,PRF,H_s,0.06832695932222,0.07374636693077409,0.007948611483943978,1477,0.084128887210252,0.8765879280736203,1273.0
defect,PRF,D_ox_ref,0.07373691759270636,0.09826459226368682,0.03563476356481462,1477,0.084128887210252,1.1680243911714576,1273.0
defect,PRF,E_D_ox,0.08940824953011818,0.07780608740713202,0.00717122849649655,1477,0.084128887210252,0.9248438911676289,1273.0
defect,PRF,K_ox_ref,0.07041299932295192,0.08529865234061473,0.018629821395842447,1477,0.084128887210252,1.0139044407830964,1273.0
defect,PRF,H_sol_ox,0.46147274075506983,0.5809728015530106,0.6031757366932471,1477,0.084128887210252,6.905746894061055,1273.0
defect,PRF,metal_thickness,0.08002063384595545,0.07943717534356043,0.010075805906024771,1477,0.084128887210252,0.9442318563543316,1273.0
defect,PRF,oxide_thickness,0.08376051842537963,0.10649871006464423,0.025782295788643713,1477,0.084128887210252,1.2658994264180192,1273.0
defect,PRF,P_upstream,0.06477016962798954,0.0982108255731673,0.01358555567412401,1477,0.084128887210252,1.1673852921377912,1273.0
defect,PRF,f_pinhole,0.12235672416782775,0.13831650100721332,0.07892988638521635,1477,0.084128887210252,1.6441023481213715,1273.0
defect,PRF,f_crack,0.1099789217595582,0.07897185019156533,0.0325377395278558,1477,0.084128887210252,0.9387007579715351,1273.0
defect,PRF,f_gb_defect,0.11446196898126486,0.11283221231121329,0.060008836191699284,1477,0.084128887210252,1.34118275009661,1273.0
defect,PRF,crack_thickness_factor,0.0745936840215784,0.07288846182357932,0.011076389960807259,1477,0.084128887210252,0.8663904188036983,1273.0
defect,PRF,gb_diffusivity_factor,0.07505561466292679,0.07368716799216415,0.015954940748147007,1477,0.084128887210252,0.8758842584950368,1273.0
defect,PRF,grain_size,0.06420846806764208,0.0863112063334438,0.006269675271387111,1477,0.084128887210252,1.0259401876758196,1273.0
defect,PRF,gb_thickness,0.07355578327142309,0.07912648689314834,0.008947798724918674,1477,0.084128887210252,0.9405388507683238,1273.0
defect,PRF,lattice_density,0.05694751962524475,0.07343220890117481,0.009515743719273457,1477,0.084128887210252,0.8728536812528566,1273.0
defect,PRF,trap_dislocation_E_b,0.07499102497409876,0.07688074397603314,0.02094712137609359,1477,0.084128887210252,0.9138447746716946,1273.0
defect,PRF,trap_dislocation_N_T,0.07014995699829824,0.07206626658412292,0.010149808477053431,1477,0.084128887210252,0.8566173757180148,1273.0
defect,PRF,trap_gb_E_b,0.06557759519844827,0.07107539234017275,0.007870034587085774,1477,0.084128887210252,0.8448393256711407,1273.0
defect,PRF,trap_gb_N_T,0.07505561466292679,0.07637002526277978,0.01773077586051465,1477,0.084128887210252,0.9077741046534761,1273.0
defect,PRF,trap_vacancy_E_b,0.08016157660707424,0.07287958593978038,0.017292446202925027,1477,0.084128887210252,0.8662849154017959,1273.0
defect,PRF,trap_vacancy_N_T,0.07526517716091176,0.07701597065320842,0.007401941522796366,1477,0.084128887210252,0.9154521497560377,1273.0
defect,PRF,trap_carbide_E_b,0.06525453783409098,0.07893027410071167,0.010545875340544374,1477,0.084128887210252,0.9382065627880215,1273.0
defect,PRF,trap_carbide_N_T,0.05647110259500239,0.06999675438085216,0.007736535981598042,1477,0.084128887210252,0.8320180701537,1273.0
