Minute,Timestamp,Run1_Steps,Run1_Objective,Run1_Status,Run2_Steps,Run2_Objective,Run2_Status,Run3_Steps,Run3_Objective,Run3_Status,Best_Overall_Objective,Best_Run
1,06/11/2026 13:21,0
0,N/A,RUNNING,0
0,N/A,RUNNING,0
0,N/A,RUNNING,N/A,N/A
2,06/11/2026 13:22,0
0,N/A,RUNNING,0
0,N/A,RUNNING,0
0,N/A,RUNNING,N/A,N/A
3,06/11/2026 13:23,1,-0.996227,RUNNING,1,-0.996227,RUNNING,1,-0.996227,RUNNING,-0.996227,Run1
4,06/11/2026 13:24,2,-0.996283,RUNNING,2,-0.996283,RUNNING,2,-0.996283,RUNNING,-0.996283,Run1
5,06/11/2026 13:25,3,-0.996332,RUNNING,3,-0.996332,RUNNING,3,-0.996332,RUNNING,-0.996332,Run1
6,06/11/2026 13:26,4,-0.996355,RUNNING,4,-0.996355,RUNNING,4,-0.996355,RUNNING,-0.996355,Run1
7,06/11/2026 13:27,4,-0.996355,RUNNING,4,-0.996355,RUNNING,4,-0.996355,RUNNING,-0.996355,Run1
8,06/11/2026 13:28,4,-0.996355,RUNNING,4,-0.996355,RUNNING,4,-0.996355,RUNNING,-0.996355,Run1
9,06/11/2026 13:29,4,-0.996355,RUNNING,4,-0.996355,RUNNING,4,-0.996355,RUNNING,-0.996355,Run1
10,06/11/2026 13:30,4,-0.996355,RUNNING,4,-0.996355,RUNNING,4,-0.996355,RUNNING,-0.996355,Run1
11,06/11/2026 13:31,4,-0.996355,RUNNING,4,-0.996355,RUNNING,4,-0.996355,RUNNING,-0.996355,Run1
12,06/11/2026 13:43,4,-0.996355,RUNNING,4,-0.996355,RUNNING,4,-0.996355,RUNNING,-0.996355,Run1
13,06/11/2026 13:57,5,-0.996388,RUNNING,5,-0.996388,RUNNING,5,-0.996388,RUNNING,-0.996388,Run1
14,06/11/2026 13:58,6,-0.996647,RUNNING,6,-0.996647,RUNNING,6,-0.996647,RUNNING,-0.996647,Run1
15,06/11/2026 13:59,6,-0.996647,RUNNING,6,-0.996647,RUNNING,6,-0.996647,RUNNING,-0.996647,Run1
16,06/11/2026 14:00,7,-0.996716,RUNNING,7,-0.996716,RUNNING,7,-0.996716,RUNNING,-0.996716,Run1
17,06/11/2026 14:01,8,-0.996735,RUNNING,8,-0.996735,RUNNING,8,-0.996735,RUNNING,-0.996735,Run1
18,06/11/2026 14:02,8,-0.996735,RUNNING,8,-0.996735,RUNNING,8,-0.996735,RUNNING,-0.996735,Run1
19,06/11/2026 14:03,8,-0.996735,RUNNING,8,-0.996735,RUNNING,8,-0.996735,RUNNING,-0.996735,Run1
20,06/11/2026 14:04,8,-0.996735,RUNNING,8,-0.996735,RUNNING,8,-0.996735,RUNNING,-0.996735,Run1
21,06/11/2026 14:05,8,-0.996735,RUNNING,8,-0.996735,RUNNING,8,-0.996735,RUNNING,-0.996735,Run1
22,06/11/2026 14:06,8,-0.996735,RUNNING,8,-0.996735,RUNNING,8,-0.996735,RUNNING,-0.996735,Run1
23,06/11/2026 14:07,8,-0.996735,RUNNING,8,-0.996735,RUNNING,8,-0.996735,RUNNING,-0.996735,Run1
24,06/11/2026 14:25,8,-0.996735,RUNNING,8,-0.996735,RUNNING,8,-0.996735,RUNNING,-0.996735,Run1
25,06/11/2026 14:27,8,-0.996735,RUNNING,8,-0.996735,RUNNING,8,-0.996735,RUNNING,-0.996735,Run1
26,06/11/2026 14:29,8,-0.996735,RUNNING,8,-0.996735,RUNNING,8,-0.996735,RUNNING,-0.996735,Run1
27,06/11/2026 14:47,8,-0.996735,RUNNING,8,-0.996735,RUNNING,8,-0.996735,RUNNING,-0.996735,Run1
28,06/11/2026 15:03,8,-0.996735,RUNNING,8,-0.996735,RUNNING,8,-0.996735,RUNNING,-0.996735,Run1
29,06/11/2026 15:04,8,-0.996735,RUNNING,8,-0.996735,RUNNING,8,-0.996735,RUNNING,-0.996735,Run1
30,06/11/2026 15:15,8,-0.996735,RUNNING,8,-0.996735,RUNNING,8,-0.996735,RUNNING,-0.996735,Run1
31,06/11/2026 15:16,8,-0.996735,RUNNING,8,-0.996735,RUNNING,8,-0.996735,RUNNING,-0.996735,Run1
32,06/11/2026 15:18,8,-0.996735,RUNNING,8,-0.996735,RUNNING,8,-0.996735,RUNNING,-0.996735,Run1
33,06/11/2026 15:19,8,-0.996735,RUNNING,8,-0.996735,RUNNING,8,-0.996735,RUNNING,-0.996735,Run1
34,06/11/2026 15:20,8,-0.996735,RUNNING,8,-0.996735,RUNNING,8,-0.996735,RUNNING,-0.996735,Run1
35,06/11/2026 15:21,8,-0.996735,RUNNING,8,-0.996735,RUNNING,8,-0.996735,RUNNING,-0.996735,Run1
36,06/11/2026 15:22,8,-0.996735,RUNNING,8,-0.996735,RUNNING,8,-0.996735,RUNNING,-0.996735,Run1
37,06/11/2026 15:23,8,-0.996735,RUNNING,8,-0.996735,RUNNING,8,-0.996735,RUNNING,-0.996735,Run1
38,06/11/2026 15:24,8,-0.996735,RUNNING,8,-0.996735,RUNNING,8,-0.996735,RUNNING,-0.996735,Run1
39,06/11/2026 15:25,8,-0.996735,RUNNING,8,-0.996735,RUNNING,8,-0.996735,RUNNING,-0.996735,Run1
40,06/11/2026 15:26,8,-0.996735,RUNNING,8,-0.996735,RUNNING,8,-0.996735,RUNNING,-0.996735,Run1
41,06/11/2026 15:27,8,-0.996735,RUNNING,8,-0.996735,RUNNING,8,-0.996735,RUNNING,-0.996735,Run1
42,06/11/2026 15:28,8,-0.996735,RUNNING,8,-0.996735,RUNNING,8,-0.996735,RUNNING,-0.996735,Run1
43,06/11/2026 15:29,8,-0.996735,RUNNING,8,-0.996735,RUNNING,8,-0.996735,RUNNING,-0.996735,Run1
44,06/11/2026 15:30,8,-0.996735,RUNNING,8,-0.996735,RUNNING,8,-0.996735,RUNNING,-0.996735,Run1
45,06/11/2026 15:31,8,-0.996735,RUNNING,8,-0.996735,RUNNING,8,-0.996735,RUNNING,-0.996735,Run1
46,06/11/2026 15:32,8,-0.996735,RUNNING,8,-0.996735,RUNNING,8,-0.996735,RUNNING,-0.996735,Run1
47,06/11/2026 15:33,8,-0.996735,RUNNING,8,-0.996735,RUNNING,8,-0.996735,RUNNING,-0.996735,Run1
48,06/11/2026 15:34,8,-0.996735,RUNNING,8,-0.996735,RUNNING,8,-0.996735,RUNNING,-0.996735,Run1
49,06/11/2026 15:35,8,-0.996735,RUNNING,8,-0.996735,RUNNING,8,-0.996735,RUNNING,-0.996735,Run1
50,06/11/2026 15:36,8,-0.996735,RUNNING,8,-0.996735,RUNNING,8,-0.996735,RUNNING,-0.996735,Run1
51,06/11/2026 15:37,8,-0.996735,RUNNING,8,-0.996735,RUNNING,8,-0.996735,RUNNING,-0.996735,Run1
52,06/11/2026 15:38,8,-0.996735,RUNNING,8,-0.996735,RUNNING,8,-0.996735,RUNNING,-0.996735,Run1
53,06/11/2026 15:39,8,-0.996735,RUNNING,8,-0.996735,RUNNING,8,-0.996735,RUNNING,-0.996735,Run1
54,06/11/2026 15:40,8,-0.996735,RUNNING,8,-0.996735,RUNNING,8,-0.996735,RUNNING,-0.996735,Run1
55,06/11/2026 15:41,9,-0.996740,RUNNING,9,-0.996740,RUNNING,9,-0.996740,RUNNING,-0.996740,Run1
56,06/11/2026 15:42,9,-0.996740,RUNNING,9,-0.996740,RUNNING,9,-0.996740,RUNNING,-0.996740,Run1
57,06/11/2026 15:43,10,-0.996954,RUNNING,10,-0.996954,RUNNING,10,-0.996954,RUNNING,-0.996954,Run1
58,06/11/2026 15:44,10,-0.996954,RUNNING,10,-0.996954,RUNNING,10,-0.996954,RUNNING,-0.996954,Run1
59,06/11/2026 15:45,11,-0.997083,RUNNING,11,-0.997083,RUNNING,11,-0.997083,RUNNING,-0.997083,Run1
60,06/11/2026 15:46,11,-0.997083,RUNNING,11,-0.997083,RUNNING,11,-0.997083,RUNNING,-0.997083,Run1
61,06/11/2026 15:47,11,-0.997083,RUNNING,11,-0.997083,RUNNING,11,-0.997083,RUNNING,-0.997083,Run1
62,06/11/2026 15:48,11,-0.997083,RUNNING,11,-0.997083,RUNNING,11,-0.997083,RUNNING,-0.997083,Run1
63,06/11/2026 15:49,11,-0.997083,RUNNING,11,-0.997083,RUNNING,11,-0.997083,RUNNING,-0.997083,Run1
64,06/11/2026 15:50,11,-0.997083,RUNNING,11,-0.997083,RUNNING,11,-0.997083,RUNNING,-0.997083,Run1
65,06/11/2026 15:51,11,-0.997083,RUNNING,11,-0.997083,RUNNING,11,-0.997083,RUNNING,-0.997083,Run1
66,06/11/2026 15:52,11,-0.997083,RUNNING,11,-0.997083,RUNNING,11,-0.997083,RUNNING,-0.997083,Run1
67,06/11/2026 15:53,11,-0.997083,RUNNING,11,-0.997083,RUNNING,11,-0.997083,RUNNING,-0.997083,Run1
68,06/11/2026 15:54,11,-0.997083,RUNNING,11,-0.997083,RUNNING,11,-0.997083,RUNNING,-0.997083,Run1
69,06/11/2026 15:55,11,-0.997083,RUNNING,11,-0.997083,RUNNING,11,-0.997083,RUNNING,-0.997083,Run1
70,06/11/2026 15:56,11,-0.997083,RUNNING,11,-0.997083,RUNNING,11,-0.997083,RUNNING,-0.997083,Run1
71,06/11/2026 15:57,11,-0.997083,RUNNING,11,-0.997083,RUNNING,11,-0.997083,RUNNING,-0.997083,Run1
72,06/11/2026 15:58,11,-0.997083,RUNNING,11,-0.997083,RUNNING,11,-0.997083,RUNNING,-0.997083,Run1
73,06/11/2026 15:59,11,-0.997083,RUNNING,11,-0.997083,RUNNING,11,-0.997083,RUNNING,-0.997083,Run1
74,06/11/2026 16:00,11,-0.997083,RUNNING,11,-0.997083,RUNNING,11,-0.997083,RUNNING,-0.997083,Run1
75,06/11/2026 16:01,11,-0.997083,RUNNING,11,-0.997083,RUNNING,11,-0.997083,RUNNING,-0.997083,Run1
76,06/11/2026 16:02,11,-0.997083,RUNNING,11,-0.997083,RUNNING,11,-0.997083,RUNNING,-0.997083,Run1
77,06/11/2026 16:03,11,-0.997083,RUNNING,11,-0.997083,RUNNING,11,-0.997083,RUNNING,-0.997083,Run1
78,06/11/2026 16:04,11,-0.997083,RUNNING,11,-0.997083,RUNNING,11,-0.997083,RUNNING,-0.997083,Run1
79,06/11/2026 16:05,11,-0.997083,RUNNING,11,-0.997083,RUNNING,11,-0.997083,RUNNING,-0.997083,Run1
80,06/11/2026 16:06,11,-0.997083,RUNNING,11,-0.997083,RUNNING,11,-0.997083,RUNNING,-0.997083,Run1
81,06/11/2026 16:07,11,-0.997083,RUNNING,11,-0.997083,RUNNING,11,-0.997083,RUNNING,-0.997083,Run1
82,06/11/2026 16:08,11,-0.997083,RUNNING,11,-0.997083,RUNNING,11,-0.997083,RUNNING,-0.997083,Run1
83,06/11/2026 16:09,11,-0.997083,RUNNING,11,-0.997083,RUNNING,11,-0.997083,RUNNING,-0.997083,Run1
84,06/11/2026 16:10,11,-0.997083,RUNNING,11,-0.997083,RUNNING,11,-0.997083,RUNNING,-0.997083,Run1
85,06/11/2026 16:11,11,-0.997083,RUNNING,11,-0.997083,RUNNING,11,-0.997083,RUNNING,-0.997083,Run1
86,06/11/2026 16:12,11,-0.997083,RUNNING,11,-0.997083,RUNNING,11,-0.997083,RUNNING,-0.997083,Run1
87,06/11/2026 16:13,11,-0.997083,RUNNING,11,-0.997083,RUNNING,11,-0.997083,RUNNING,-0.997083,Run1
88,06/11/2026 16:14,11,-0.997083,RUNNING,11,-0.997083,RUNNING,11,-0.997083,RUNNING,-0.997083,Run1
89,06/11/2026 16:15,11,-0.997083,RUNNING,11,-0.997083,RUNNING,11,-0.997083,RUNNING,-0.997083,Run1
90,06/11/2026 16:16,11,-0.997083,RUNNING,11,-0.997083,RUNNING,11,-0.997083,RUNNING,-0.997083,Run1
91,06/11/2026 16:17,11,-0.997083,RUNNING,11,-0.997083,RUNNING,11,-0.997083,RUNNING,-0.997083,Run1
92,06/11/2026 16:18,11,-0.997083,RUNNING,11,-0.997083,RUNNING,11,-0.997083,RUNNING,-0.997083,Run1
93,06/11/2026 16:19,11,-0.997083,RUNNING,11,-0.997083,RUNNING,11,-0.997083,RUNNING,-0.997083,Run1
94,06/11/2026 16:20,11,-0.997083,RUNNING,11,-0.997083,RUNNING,11,-0.997083,RUNNING,-0.997083,Run1
95,06/11/2026 16:21,12,-0.997121,RUNNING,12,-0.997121,RUNNING,12,-0.997121,RUNNING,-0.997121,Run1
96,06/11/2026 16:22,12,-0.997121,RUNNING,12,-0.997121,RUNNING,12,-0.997121,RUNNING,-0.997121,Run1
97,06/11/2026 16:23,13,-0.997256,RUNNING,13,-0.997256,RUNNING,13,-0.997256,RUNNING,-0.997256,Run1
98,06/11/2026 16:24,13,-0.997256,RUNNING,13,-0.997256,RUNNING,13,-0.997256,RUNNING,-0.997256,Run1
99,06/11/2026 16:25,13,-0.997256,RUNNING,13,-0.997256,RUNNING,13,-0.997256,RUNNING,-0.997256,Run1
100,06/11/2026 16:26,13,-0.997256,RUNNING,13,-0.997256,RUNNING,13,-0.997256,RUNNING,-0.997256,Run1
101,06/11/2026 16:27,13,-0.997256,RUNNING,13,-0.997256,RUNNING,13,-0.997256,RUNNING,-0.997256,Run1
102,06/11/2026 16:28,13,-0.997256,RUNNING,13,-0.997256,RUNNING,13,-0.997256,RUNNING,-0.997256,Run1
103,06/11/2026 16:29,13,-0.997256,RUNNING,13,-0.997256,RUNNING,13,-0.997256,RUNNING,-0.997256,Run1
104,06/11/2026 16:30,13,-0.997256,RUNNING,13,-0.997256,RUNNING,13,-0.997256,RUNNING,-0.997256,Run1
105,06/11/2026 16:31,13,-0.997256,RUNNING,13,-0.997256,RUNNING,13,-0.997256,RUNNING,-0.997256,Run1
106,06/11/2026 16:32,13,-0.997256,RUNNING,13,-0.997256,RUNNING,13,-0.997256,RUNNING,-0.997256,Run1
107,06/11/2026 16:33,13,-0.997256,RUNNING,13,-0.997256,RUNNING,13,-0.997256,RUNNING,-0.997256,Run1
108,06/11/2026 16:34,13,-0.997256,RUNNING,13,-0.997256,RUNNING,13,-0.997256,RUNNING,-0.997256,Run1
109,06/11/2026 16:35,13,-0.997256,RUNNING,13,-0.997256,RUNNING,13,-0.997256,RUNNING,-0.997256,Run1
110,06/11/2026 16:36,13,-0.997256,RUNNING,13,-0.997256,RUNNING,13,-0.997256,RUNNING,-0.997256,Run1
111,06/11/2026 16:37,13,-0.997256,RUNNING,13,-0.997256,RUNNING,13,-0.997256,RUNNING,-0.997256,Run1
112,06/11/2026 16:38,13,-0.997256,RUNNING,13,-0.997256,RUNNING,13,-0.997256,RUNNING,-0.997256,Run1
113,06/11/2026 16:39,13,-0.997256,RUNNING,13,-0.997256,RUNNING,13,-0.997256,RUNNING,-0.997256,Run1
114,06/11/2026 16:40,13,-0.997256,RUNNING,13,-0.997256,RUNNING,13,-0.997256,RUNNING,-0.997256,Run1
115,06/11/2026 16:41,13,-0.997256,RUNNING,13,-0.997256,RUNNING,13,-0.997256,RUNNING,-0.997256,Run1
116,06/11/2026 16:42,13,-0.997256,RUNNING,13,-0.997256,RUNNING,13,-0.997256,RUNNING,-0.997256,Run1
117,06/11/2026 16:43,13,-0.997256,RUNNING,13,-0.997256,RUNNING,13,-0.997256,RUNNING,-0.997256,Run1
118,06/11/2026 16:44,13,-0.997256,RUNNING,13,-0.997256,RUNNING,13,-0.997256,RUNNING,-0.997256,Run1
119,06/11/2026 16:45,13,-0.997256,RUNNING,13,-0.997256,RUNNING,13,-0.997256,RUNNING,-0.997256,Run1
120,06/11/2026 16:46,13,-0.997256,RUNNING,13,-0.997256,RUNNING,13,-0.997256,RUNNING,-0.997256,Run1
121,06/11/2026 16:47,13,-0.997256,RUNNING,13,-0.997256,RUNNING,13,-0.997256,RUNNING,-0.997256,Run1
122,06/11/2026 16:48,13,-0.997256,RUNNING,13,-0.997256,RUNNING,13,-0.997256,RUNNING,-0.997256,Run1
123,06/11/2026 16:49,13,-0.997256,RUNNING,13,-0.997256,RUNNING,13,-0.997256,RUNNING,-0.997256,Run1
124,06/11/2026 16:50,13,-0.997256,RUNNING,13,-0.997256,RUNNING,13,-0.997256,RUNNING,-0.997256,Run1
125,06/11/2026 16:51,13,-0.997256,RUNNING,13,-0.997256,RUNNING,13,-0.997256,RUNNING,-0.997256,Run1
126,06/11/2026 16:52,13,-0.997256,RUNNING,13,-0.997256,RUNNING,13,-0.997256,RUNNING,-0.997256,Run1
127,06/11/2026 16:53,13,-0.997256,RUNNING,13,-0.997256,RUNNING,13,-0.997256,RUNNING,-0.997256,Run1
128,06/11/2026 16:54,13,-0.997256,RUNNING,13,-0.997256,RUNNING,13,-0.997256,RUNNING,-0.997256,Run1
129,06/11/2026 16:55,13,-0.997256,RUNNING,13,-0.997256,RUNNING,13,-0.997256,RUNNING,-0.997256,Run1
130,06/11/2026 16:56,13,-0.997256,RUNNING,13,-0.997256,RUNNING,13,-0.997256,RUNNING,-0.997256,Run1
131,06/11/2026 16:57,13,-0.997256,RUNNING,13,-0.997256,RUNNING,13,-0.997256,RUNNING,-0.997256,Run1
132,06/11/2026 16:58,13,-0.997256,RUNNING,13,-0.997256,RUNNING,13,-0.997256,RUNNING,-0.997256,Run1
133,06/11/2026 16:59,13,-0.997256,RUNNING,13,-0.997256,RUNNING,13,-0.997256,RUNNING,-0.997256,Run1
134,06/11/2026 17:00,13,-0.997256,RUNNING,13,-0.997256,RUNNING,13,-0.997256,RUNNING,-0.997256,Run1
135,06/11/2026 17:01,13,-0.997256,RUNNING,13,-0.997256,RUNNING,13,-0.997256,RUNNING,-0.997256,Run1
136,06/11/2026 17:02,13,-0.997256,RUNNING,13,-0.997256,RUNNING,13,-0.997256,RUNNING,-0.997256,Run1
137,06/11/2026 17:03,13,-0.997256,RUNNING,13,-0.997256,RUNNING,13,-0.997256,RUNNING,-0.997256,Run1
138,06/11/2026 17:04,13,-0.997256,RUNNING,13,-0.997256,RUNNING,13,-0.997256,RUNNING,-0.997256,Run1
139,06/11/2026 17:05,13,-0.997256,RUNNING,13,-0.997256,RUNNING,13,-0.997256,RUNNING,-0.997256,Run1
140,06/11/2026 17:06,13,-0.997256,RUNNING,13,-0.997256,RUNNING,13,-0.997256,RUNNING,-0.997256,Run1
141,06/11/2026 17:07,13,-0.997256,RUNNING,13,-0.997256,RUNNING,13,-0.997256,RUNNING,-0.997256,Run1
142,06/11/2026 17:08,13,-0.997256,RUNNING,13,-0.997256,RUNNING,13,-0.997256,RUNNING,-0.997256,Run1
143,06/11/2026 17:09,13,-0.997256,RUNNING,13,-0.997256,RUNNING,13,-0.997256,RUNNING,-0.997256,Run1
144,06/11/2026 17:10,13,-0.997256,RUNNING,13,-0.997256,RUNNING,13,-0.997256,RUNNING,-0.997256,Run1
145,06/11/2026 17:11,13,-0.997256,RUNNING,13,-0.997256,RUNNING,13,-0.997256,RUNNING,-0.997256,Run1
146,06/11/2026 17:12,13,-0.997256,RUNNING,13,-0.997256,RUNNING,13,-0.997256,RUNNING,-0.997256,Run1
147,06/11/2026 17:13,13,-0.997256,RUNNING,13,-0.997256,RUNNING,13,-0.997256,RUNNING,-0.997256,Run1
148,06/11/2026 17:14,13,-0.997256,RUNNING,13,-0.997256,RUNNING,13,-0.997256,RUNNING,-0.997256,Run1
149,06/11/2026 17:15,13,-0.997256,RUNNING,13,-0.997256,RUNNING,13,-0.997256,RUNNING,-0.997256,Run1
150,06/11/2026 17:16,13,-0.997256,RUNNING,13,-0.997256,RUNNING,13,-0.997256,RUNNING,-0.997256,Run1
151,06/11/2026 17:17,13,-0.997256,RUNNING,13,-0.997256,RUNNING,13,-0.997256,RUNNING,-0.997256,Run1
152,06/11/2026 17:18,13,-0.997256,RUNNING,13,-0.997256,RUNNING,13,-0.997256,RUNNING,-0.997256,Run1
153,06/11/2026 17:19,13,-0.997256,RUNNING,13,-0.997256,RUNNING,13,-0.997256,RUNNING,-0.997256,Run1
154,06/11/2026 17:20,13,-0.997256,RUNNING,13,-0.997256,RUNNING,13,-0.997256,RUNNING,-0.997256,Run1
155,06/11/2026 17:21,13,-0.997256,RUNNING,13,-0.997256,RUNNING,13,-0.997256,RUNNING,-0.997256,Run1
156,06/11/2026 17:22,13,-0.997256,RUNNING,13,-0.997256,RUNNING,13,-0.997256,RUNNING,-0.997256,Run1
157,06/11/2026 17:23,13,-0.997256,RUNNING,13,-0.997256,RUNNING,13,-0.997256,RUNNING,-0.997256,Run1
158,06/11/2026 17:24,13,-0.997256,RUNNING,13,-0.997256,RUNNING,13,-0.997256,RUNNING,-0.997256,Run1
159,06/11/2026 17:25,13,-0.997256,RUNNING,13,-0.997256,RUNNING,13,-0.997256,RUNNING,-0.997256,Run1
160,06/11/2026 17:26,13,-0.997256,RUNNING,13,-0.997256,RUNNING,13,-0.997256,RUNNING,-0.997256,Run1
161,06/11/2026 17:27,13,-0.997256,RUNNING,13,-0.997256,RUNNING,13,-0.997256,RUNNING,-0.997256,Run1
162,06/11/2026 17:28,13,-0.997256,RUNNING,13,-0.997256,RUNNING,13,-0.997256,RUNNING,-0.997256,Run1
163,06/11/2026 17:29,13,-0.997256,RUNNING,13,-0.997256,RUNNING,13,-0.997256,RUNNING,-0.997256,Run1
164,06/11/2026 17:30,13,-0.997256,RUNNING,13,-0.997256,RUNNING,13,-0.997256,RUNNING,-0.997256,Run1
165,06/11/2026 17:31,13,-0.997256,RUNNING,13,-0.997256,RUNNING,13,-0.997256,RUNNING,-0.997256,Run1
166,06/11/2026 17:32,13,-0.997256,RUNNING,13,-0.997256,RUNNING,13,-0.997256,RUNNING,-0.997256,Run1
167,06/11/2026 17:33,13,-0.997256,RUNNING,13,-0.997256,RUNNING,13,-0.997256,RUNNING,-0.997256,Run1
168,06/11/2026 17:34,13,-0.997256,RUNNING,13,-0.997256,RUNNING,13,-0.997256,RUNNING,-0.997256,Run1
169,06/11/2026 17:35,13,-0.997256,RUNNING,13,-0.997256,RUNNING,13,-0.997256,RUNNING,-0.997256,Run1
170,06/11/2026 17:36,13,-0.997256,RUNNING,13,-0.997256,RUNNING,13,-0.997256,RUNNING,-0.997256,Run1
171,06/11/2026 17:37,13,-0.997256,RUNNING,13,-0.997256,RUNNING,13,-0.997256,RUNNING,-0.997256,Run1
172,06/11/2026 17:38,13,-0.997256,RUNNING,13,-0.997256,RUNNING,13,-0.997256,RUNNING,-0.997256,Run1
173,06/11/2026 17:40,13,-0.997256,RUNNING,13,-0.997256,RUNNING,13,-0.997256,RUNNING,-0.997256,Run1
174,06/11/2026 17:41,13,-0.997256,RUNNING,13,-0.997256,RUNNING,13,-0.997256,RUNNING,-0.997256,Run1
175,06/11/2026 17:42,13,-0.997256,RUNNING,13,-0.997256,RUNNING,13,-0.997256,RUNNING,-0.997256,Run1
176,06/11/2026 17:43,13,-0.997256,RUNNING,13,-0.997256,RUNNING,13,-0.997256,RUNNING,-0.997256,Run1
177,06/11/2026 17:44,13,-0.997256,RUNNING,13,-0.997256,RUNNING,13,-0.997256,RUNNING,-0.997256,Run1
178,06/11/2026 17:45,13,-0.997256,RUNNING,13,-0.997256,RUNNING,13,-0.997256,RUNNING,-0.997256,Run1
179,06/11/2026 17:46,13,-0.997256,RUNNING,13,-0.997256,RUNNING,13,-0.997256,RUNNING,-0.997256,Run1
180,06/11/2026 17:47,13,-0.997256,RUNNING,13,-0.997256,RUNNING,13,-0.997256,RUNNING,-0.997256,Run1
181,06/11/2026 17:48,13,-0.997256,RUNNING,13,-0.997256,RUNNING,13,-0.997256,RUNNING,-0.997256,Run1
182,06/11/2026 17:49,13,-0.997256,RUNNING,13,-0.997256,RUNNING,13,-0.997256,RUNNING,-0.997256,Run1
183,06/11/2026 17:50,13,-0.997256,RUNNING,13,-0.997256,RUNNING,13,-0.997256,RUNNING,-0.997256,Run1
184,06/11/2026 17:51,13,-0.997256,RUNNING,13,-0.997256,RUNNING,13,-0.997256,RUNNING,-0.997256,Run1
185,06/11/2026 17:52,13,-0.997256,RUNNING,13,-0.997256,RUNNING,13,-0.997256,RUNNING,-0.997256,Run1
186,06/11/2026 17:53,13,-0.997256,RUNNING,13,-0.997256,RUNNING,13,-0.997256,RUNNING,-0.997256,Run1
187,06/11/2026 17:54,13,-0.997256,RUNNING,13,-0.997256,RUNNING,13,-0.997256,RUNNING,-0.997256,Run1
188,06/11/2026 17:55,13,-0.997256,RUNNING,13,-0.997256,RUNNING,13,-0.997256,RUNNING,-0.997256,Run1
189,06/11/2026 17:56,14,-0.997309,RUNNING,14,-0.997309,RUNNING,14,-0.997309,RUNNING,-0.997309,Run1
190,06/11/2026 17:57,15,-0.997355,RUNNING,15,-0.997355,RUNNING,15,-0.997355,RUNNING,-0.997355,Run1
191,06/11/2026 17:58,15,-0.997355,RUNNING,15,-0.997355,RUNNING,15,-0.997355,RUNNING,-0.997355,Run1
192,06/11/2026 17:59,15,-0.997355,RUNNING,15,-0.997355,RUNNING,15,-0.997355,RUNNING,-0.997355,Run1
193,06/11/2026 18:00,15,-0.997355,RUNNING,15,-0.997355,RUNNING,15,-0.997355,RUNNING,-0.997355,Run1
194,06/11/2026 18:01,15,-0.997355,RUNNING,15,-0.997355,RUNNING,15,-0.997355,RUNNING,-0.997355,Run1
195,06/11/2026 18:02,16,-0.997520,RUNNING,16,-0.997520,RUNNING,16,-0.997520,RUNNING,-0.997520,Run1
196,06/11/2026 18:03,16,-0.997520,RUNNING,17,-0.997610,RUNNING,17,-0.997610,RUNNING,-0.997610,Run2
197,06/11/2026 18:04,17,-0.997610,RUNNING,17,-0.997610,RUNNING,17,-0.997610,RUNNING,-0.997610,Run1
198,06/11/2026 18:05,17,-0.997610,RUNNING,17,-0.997610,RUNNING,17,-0.997610,RUNNING,-0.997610,Run1
199,06/11/2026 18:06,17,-0.997610,RUNNING,17,-0.997610,RUNNING,17,-0.997610,RUNNING,-0.997610,Run1
200,06/11/2026 18:07,17,-0.997610,RUNNING,17,-0.997610,RUNNING,17,-0.997610,RUNNING,-0.997610,Run1
201,06/11/2026 18:08,17,-0.997610,RUNNING,17,-0.997610,RUNNING,17,-0.997610,RUNNING,-0.997610,Run1
202,06/11/2026 18:09,17,-0.997610,RUNNING,17,-0.997610,RUNNING,17,-0.997610,RUNNING,-0.997610,Run1
203,06/11/2026 18:10,18,-0.997618,RUNNING,18,-0.997618,RUNNING,18,-0.997618,RUNNING,-0.997618,Run1
204,06/11/2026 18:11,18,-0.997618,RUNNING,18,-0.997618,RUNNING,18,-0.997618,RUNNING,-0.997618,Run1
205,06/11/2026 18:12,19,-0.997635,RUNNING,19,-0.997635,RUNNING,19,-0.997635,RUNNING,-0.997635,Run1
206,06/11/2026 18:13,19,-0.997635,RUNNING,19,-0.997635,RUNNING,19,-0.997635,RUNNING,-0.997635,Run1
207,06/11/2026 18:14,19,-0.997635,RUNNING,19,-0.997635,RUNNING,19,-0.997635,RUNNING,-0.997635,Run1
208,06/11/2026 18:15,19,-0.997635,RUNNING,19,-0.997635,RUNNING,19,-0.997635,RUNNING,-0.997635,Run1
209,06/11/2026 18:16,19,-0.997635,RUNNING,19,-0.997635,RUNNING,19,-0.997635,RUNNING,-0.997635,Run1
210,06/11/2026 18:17,19,-0.997635,RUNNING,19,-0.997635,RUNNING,19,-0.997635,RUNNING,-0.997635,Run1
211,06/11/2026 18:18,19,-0.997635,RUNNING,19,-0.997635,RUNNING,19,-0.997635,RUNNING,-0.997635,Run1
212,06/11/2026 18:19,19,-0.997635,RUNNING,19,-0.997635,RUNNING,19,-0.997635,RUNNING,-0.997635,Run1
213,06/11/2026 18:20,19,-0.997635,RUNNING,19,-0.997635,RUNNING,19,-0.997635,RUNNING,-0.997635,Run1
214,06/11/2026 18:21,19,-0.997635,RUNNING,19,-0.997635,RUNNING,19,-0.997635,RUNNING,-0.997635,Run1
215,06/11/2026 18:22,19,-0.997635,RUNNING,19,-0.997635,RUNNING,19,-0.997635,RUNNING,-0.997635,Run1
216,06/11/2026 18:23,19,-0.997635,RUNNING,19,-0.997635,RUNNING,19,-0.997635,RUNNING,-0.997635,Run1
217,06/11/2026 18:24,19,-0.997635,RUNNING,19,-0.997635,RUNNING,19,-0.997635,RUNNING,-0.997635,Run1
218,06/11/2026 18:25,19,-0.997635,RUNNING,19,-0.997635,RUNNING,19,-0.997635,RUNNING,-0.997635,Run1
219,06/11/2026 18:26,19,-0.997635,RUNNING,19,-0.997635,RUNNING,19,-0.997635,RUNNING,-0.997635,Run1
220,06/11/2026 18:27,19,-0.997635,RUNNING,19,-0.997635,RUNNING,19,-0.997635,RUNNING,-0.997635,Run1
221,06/11/2026 18:28,19,-0.997635,RUNNING,19,-0.997635,RUNNING,19,-0.997635,RUNNING,-0.997635,Run1
222,06/11/2026 18:29,19,-0.997635,RUNNING,19,-0.997635,RUNNING,19,-0.997635,RUNNING,-0.997635,Run1
223,06/11/2026 18:30,19,-0.997635,RUNNING,19,-0.997635,RUNNING,19,-0.997635,RUNNING,-0.997635,Run1
224,06/11/2026 18:31,19,-0.997635,RUNNING,19,-0.997635,RUNNING,19,-0.997635,RUNNING,-0.997635,Run1
225,06/11/2026 18:32,19,-0.997635,RUNNING,19,-0.997635,RUNNING,19,-0.997635,RUNNING,-0.997635,Run1
226,06/11/2026 18:33,19,-0.997635,RUNNING,19,-0.997635,RUNNING,19,-0.997635,RUNNING,-0.997635,Run1
227,06/11/2026 18:34,19,-0.997635,RUNNING,19,-0.997635,RUNNING,19,-0.997635,RUNNING,-0.997635,Run1
228,06/11/2026 18:35,19,-0.997635,RUNNING,19,-0.997635,RUNNING,19,-0.997635,RUNNING,-0.997635,Run1
229,06/11/2026 18:36,19,-0.997635,RUNNING,19,-0.997635,RUNNING,19,-0.997635,RUNNING,-0.997635,Run1
230,06/11/2026 18:37,19,-0.997635,RUNNING,19,-0.997635,RUNNING,19,-0.997635,RUNNING,-0.997635,Run1
231,06/11/2026 18:38,19,-0.997635,RUNNING,19,-0.997635,RUNNING,19,-0.997635,RUNNING,-0.997635,Run1
232,06/11/2026 18:39,19,-0.997635,RUNNING,19,-0.997635,RUNNING,19,-0.997635,RUNNING,-0.997635,Run1
233,06/11/2026 18:40,19,-0.997635,RUNNING,19,-0.997635,RUNNING,19,-0.997635,RUNNING,-0.997635,Run1
234,06/11/2026 18:41,19,-0.997635,RUNNING,19,-0.997635,RUNNING,19,-0.997635,RUNNING,-0.997635,Run1
235,06/11/2026 18:42,19,-0.997635,RUNNING,19,-0.997635,RUNNING,19,-0.997635,RUNNING,-0.997635,Run1
236,06/11/2026 18:43,19,-0.997635,RUNNING,19,-0.997635,RUNNING,19,-0.997635,RUNNING,-0.997635,Run1
237,06/11/2026 18:44,19,-0.997635,RUNNING,19,-0.997635,RUNNING,19,-0.997635,RUNNING,-0.997635,Run1
238,06/11/2026 18:45,19,-0.997635,RUNNING,19,-0.997635,RUNNING,19,-0.997635,RUNNING,-0.997635,Run1
239,06/11/2026 18:46,19,-0.997635,RUNNING,19,-0.997635,RUNNING,19,-0.997635,RUNNING,-0.997635,Run1
240,06/11/2026 18:47,19,-0.997635,RUNNING,19,-0.997635,RUNNING,19,-0.997635,RUNNING,-0.997635,Run1
241,06/11/2026 18:48,19,-0.997635,RUNNING,19,-0.997635,RUNNING,19,-0.997635,RUNNING,-0.997635,Run1
242,06/11/2026 18:49,19,-0.997635,RUNNING,19,-0.997635,RUNNING,19,-0.997635,RUNNING,-0.997635,Run1
243,06/11/2026 18:50,19,-0.997635,RUNNING,19,-0.997635,RUNNING,19,-0.997635,RUNNING,-0.997635,Run1
244,06/11/2026 18:51,19,-0.997635,RUNNING,19,-0.997635,RUNNING,19,-0.997635,RUNNING,-0.997635,Run1
245,06/11/2026 18:52,19,-0.997635,RUNNING,19,-0.997635,RUNNING,19,-0.997635,RUNNING,-0.997635,Run1
246,06/11/2026 18:53,19,-0.997635,RUNNING,19,-0.997635,RUNNING,19,-0.997635,RUNNING,-0.997635,Run1
247,06/11/2026 18:54,19,-0.997635,RUNNING,19,-0.997635,RUNNING,19,-0.997635,RUNNING,-0.997635,Run1
248,06/11/2026 18:55,19,-0.997635,RUNNING,19,-0.997635,RUNNING,19,-0.997635,RUNNING,-0.997635,Run1
249,06/11/2026 18:56,19,-0.997635,RUNNING,19,-0.997635,RUNNING,19,-0.997635,RUNNING,-0.997635,Run1
250,06/11/2026 18:57,19,-0.997635,RUNNING,19,-0.997635,RUNNING,19,-0.997635,RUNNING,-0.997635,Run1
251,06/11/2026 18:58,19,-0.997635,RUNNING,19,-0.997635,RUNNING,19,-0.997635,RUNNING,-0.997635,Run1
252,06/11/2026 18:59,19,-0.997635,RUNNING,19,-0.997635,RUNNING,19,-0.997635,RUNNING,-0.997635,Run1
253,06/11/2026 19:00,19,-0.997635,RUNNING,19,-0.997635,RUNNING,19,-0.997635,RUNNING,-0.997635,Run1
254,06/11/2026 19:01,19,-0.997635,RUNNING,19,-0.997635,RUNNING,19,-0.997635,RUNNING,-0.997635,Run1
255,06/11/2026 19:02,19,-0.997635,RUNNING,19,-0.997635,RUNNING,19,-0.997635,RUNNING,-0.997635,Run1
256,06/11/2026 19:03,19,-0.997635,RUNNING,19,-0.997635,RUNNING,19,-0.997635,RUNNING,-0.997635,Run1
257,06/11/2026 19:04,19,-0.997635,RUNNING,19,-0.997635,RUNNING,19,-0.997635,RUNNING,-0.997635,Run1
258,06/11/2026 19:05,19,-0.997635,RUNNING,19,-0.997635,RUNNING,19,-0.997635,RUNNING,-0.997635,Run1
259,06/11/2026 19:06,19,-0.997635,RUNNING,19,-0.997635,RUNNING,19,-0.997635,RUNNING,-0.997635,Run1
260,06/11/2026 19:07,19,-0.997635,RUNNING,19,-0.997635,RUNNING,19,-0.997635,RUNNING,-0.997635,Run1
261,06/11/2026 19:08,19,-0.997635,RUNNING,19,-0.997635,RUNNING,19,-0.997635,RUNNING,-0.997635,Run1
262,06/11/2026 19:09,19,-0.997635,RUNNING,19,-0.997635,RUNNING,19,-0.997635,RUNNING,-0.997635,Run1
263,06/11/2026 19:10,19,-0.997635,RUNNING,19,-0.997635,RUNNING,19,-0.997635,RUNNING,-0.997635,Run1
264,06/11/2026 19:11,19,-0.997635,RUNNING,19,-0.997635,RUNNING,19,-0.997635,RUNNING,-0.997635,Run1
265,06/11/2026 19:12,19,-0.997635,RUNNING,19,-0.997635,RUNNING,19,-0.997635,RUNNING,-0.997635,Run1
266,06/11/2026 19:13,19,-0.997635,RUNNING,19,-0.997635,RUNNING,19,-0.997635,RUNNING,-0.997635,Run1
267,06/11/2026 19:14,19,-0.997635,RUNNING,19,-0.997635,RUNNING,19,-0.997635,RUNNING,-0.997635,Run1
268,06/11/2026 19:15,19,-0.997635,RUNNING,19,-0.997635,RUNNING,19,-0.997635,RUNNING,-0.997635,Run1
269,06/11/2026 19:16,19,-0.997635,RUNNING,19,-0.997635,RUNNING,19,-0.997635,RUNNING,-0.997635,Run1
270,06/11/2026 19:17,19,-0.997635,RUNNING,19,-0.997635,RUNNING,19,-0.997635,RUNNING,-0.997635,Run1
271,06/11/2026 19:18,19,-0.997635,RUNNING,19,-0.997635,RUNNING,19,-0.997635,RUNNING,-0.997635,Run1
272,06/11/2026 19:19,19,-0.997635,RUNNING,19,-0.997635,RUNNING,19,-0.997635,RUNNING,-0.997635,Run1
273,06/11/2026 19:20,19,-0.997635,RUNNING,19,-0.997635,RUNNING,19,-0.997635,RUNNING,-0.997635,Run1
274,06/11/2026 19:21,19,-0.997635,RUNNING,19,-0.997635,RUNNING,19,-0.997635,RUNNING,-0.997635,Run1
275,06/11/2026 19:22,19,-0.997635,RUNNING,19,-0.997635,RUNNING,19,-0.997635,RUNNING,-0.997635,Run1
276,06/11/2026 19:23,19,-0.997635,RUNNING,19,-0.997635,RUNNING,19,-0.997635,RUNNING,-0.997635,Run1
277,06/11/2026 19:24,19,-0.997635,RUNNING,19,-0.997635,RUNNING,19,-0.997635,RUNNING,-0.997635,Run1
278,06/11/2026 19:25,19,-0.997635,RUNNING,19,-0.997635,RUNNING,19,-0.997635,RUNNING,-0.997635,Run1
279,06/11/2026 19:26,19,-0.997635,RUNNING,19,-0.997635,RUNNING,19,-0.997635,RUNNING,-0.997635,Run1
280,06/11/2026 19:27,19,-0.997635,RUNNING,19,-0.997635,RUNNING,19,-0.997635,RUNNING,-0.997635,Run1
281,06/11/2026 19:28,19,-0.997635,RUNNING,19,-0.997635,RUNNING,19,-0.997635,RUNNING,-0.997635,Run1
282,06/11/2026 19:29,19,-0.997635,RUNNING,19,-0.997635,RUNNING,19,-0.997635,RUNNING,-0.997635,Run1
283,06/11/2026 19:30,19,-0.997635,RUNNING,19,-0.997635,RUNNING,19,-0.997635,RUNNING,-0.997635,Run1
284,06/11/2026 19:31,19,-0.997635,RUNNING,19,-0.997635,RUNNING,19,-0.997635,RUNNING,-0.997635,Run1
285,06/11/2026 19:32,19,-0.997635,RUNNING,19,-0.997635,RUNNING,19,-0.997635,RUNNING,-0.997635,Run1
286,06/11/2026 19:33,19,-0.997635,RUNNING,19,-0.997635,RUNNING,19,-0.997635,RUNNING,-0.997635,Run1
287,06/11/2026 19:34,19,-0.997635,RUNNING,19,-0.997635,RUNNING,19,-0.997635,RUNNING,-0.997635,Run1
288,06/11/2026 19:35,19,-0.997635,RUNNING,19,-0.997635,RUNNING,19,-0.997635,RUNNING,-0.997635,Run1
289,06/11/2026 19:36,19,-0.997635,RUNNING,19,-0.997635,RUNNING,19,-0.997635,RUNNING,-0.997635,Run1
290,06/11/2026 19:37,19,-0.997635,RUNNING,19,-0.997635,RUNNING,19,-0.997635,RUNNING,-0.997635,Run1
291,06/11/2026 19:38,19,-0.997635,RUNNING,19,-0.997635,RUNNING,19,-0.997635,RUNNING,-0.997635,Run1
292,06/11/2026 19:39,19,-0.997635,RUNNING,19,-0.997635,RUNNING,19,-0.997635,RUNNING,-0.997635,Run1
293,06/11/2026 19:40,19,-0.997635,RUNNING,19,-0.997635,RUNNING,19,-0.997635,RUNNING,-0.997635,Run1
294,06/11/2026 19:41,19,-0.997635,RUNNING,19,-0.997635,RUNNING,19,-0.997635,RUNNING,-0.997635,Run1
295,06/11/2026 19:42,19,-0.997635,RUNNING,19,-0.997635,RUNNING,19,-0.997635,RUNNING,-0.997635,Run1
296,06/11/2026 19:43,19,-0.997635,RUNNING,19,-0.997635,RUNNING,19,-0.997635,RUNNING,-0.997635,Run1
297,06/11/2026 19:44,19,-0.997635,RUNNING,19,-0.997635,RUNNING,19,-0.997635,RUNNING,-0.997635,Run1
298,06/11/2026 19:45,19,-0.997635,RUNNING,19,-0.997635,RUNNING,19,-0.997635,RUNNING,-0.997635,Run1
299,06/11/2026 19:46,19,-0.997635,RUNNING,19,-0.997635,RUNNING,19,-0.997635,RUNNING,-0.997635,Run1
300,06/11/2026 19:47,19,-0.997635,RUNNING,19,-0.997635,RUNNING,19,-0.997635,RUNNING,-0.997635,Run1
301,06/11/2026 19:48,19,-0.997635,RUNNING,19,-0.997635,RUNNING,19,-0.997635,RUNNING,-0.997635,Run1
302,06/11/2026 19:49,19,-0.997635,RUNNING,19,-0.997635,RUNNING,19,-0.997635,RUNNING,-0.997635,Run1
303,06/11/2026 19:50,19,-0.997635,RUNNING,19,-0.997635,RUNNING,19,-0.997635,RUNNING,-0.997635,Run1
304,06/11/2026 19:51,19,-0.997635,RUNNING,19,-0.997635,RUNNING,19,-0.997635,RUNNING,-0.997635,Run1
305,06/11/2026 19:52,19,-0.997635,RUNNING,19,-0.997635,RUNNING,19,-0.997635,RUNNING,-0.997635,Run1
306,06/11/2026 19:53,19,-0.997635,RUNNING,19,-0.997635,RUNNING,19,-0.997635,RUNNING,-0.997635,Run1
307,06/11/2026 19:54,19,-0.997635,RUNNING,19,-0.997635,RUNNING,19,-0.997635,RUNNING,-0.997635,Run1
308,06/11/2026 19:55,19,-0.997635,RUNNING,19,-0.997635,RUNNING,19,-0.997635,RUNNING,-0.997635,Run1
309,06/11/2026 19:56,19,-0.997635,RUNNING,19,-0.997635,RUNNING,19,-0.997635,RUNNING,-0.997635,Run1
310,06/11/2026 19:57,19,-0.997635,RUNNING,19,-0.997635,RUNNING,19,-0.997635,RUNNING,-0.997635,Run1
311,06/11/2026 19:58,19,-0.997635,RUNNING,19,-0.997635,RUNNING,19,-0.997635,RUNNING,-0.997635,Run1
312,06/11/2026 20:00,19,-0.997635,RUNNING,19,-0.997635,RUNNING,19,-0.997635,RUNNING,-0.997635,Run1
313,06/11/2026 20:01,19,-0.997635,RUNNING,19,-0.997635,RUNNING,19,-0.997635,RUNNING,-0.997635,Run1
314,06/11/2026 20:02,19,-0.997635,RUNNING,19,-0.997635,RUNNING,19,-0.997635,RUNNING,-0.997635,Run1
315,06/11/2026 20:03,19,-0.997635,RUNNING,19,-0.997635,RUNNING,19,-0.997635,RUNNING,-0.997635,Run1
316,06/11/2026 20:04,19,-0.997635,RUNNING,19,-0.997635,RUNNING,19,-0.997635,RUNNING,-0.997635,Run1
317,06/11/2026 20:05,19,-0.997635,RUNNING,19,-0.997635,RUNNING,19,-0.997635,RUNNING,-0.997635,Run1
318,06/11/2026 20:06,19,-0.997635,RUNNING,19,-0.997635,RUNNING,19,-0.997635,RUNNING,-0.997635,Run1
319,06/11/2026 20:07,19,-0.997635,RUNNING,19,-0.997635,RUNNING,19,-0.997635,RUNNING,-0.997635,Run1
320,06/11/2026 20:08,19,-0.997635,RUNNING,19,-0.997635,RUNNING,19,-0.997635,RUNNING,-0.997635,Run1
321,06/11/2026 20:09,19,-0.997635,RUNNING,19,-0.997635,RUNNING,19,-0.997635,RUNNING,-0.997635,Run1
322,06/11/2026 20:10,19,-0.997635,RUNNING,19,-0.997635,RUNNING,19,-0.997635,RUNNING,-0.997635,Run1
323,06/11/2026 20:11,19,-0.997635,RUNNING,19,-0.997635,RUNNING,19,-0.997635,RUNNING,-0.997635,Run1
324,06/11/2026 20:12,19,-0.997635,RUNNING,19,-0.997635,RUNNING,19,-0.997635,RUNNING,-0.997635,Run1
325,06/11/2026 20:13,19,-0.997635,RUNNING,19,-0.997635,RUNNING,19,-0.997635,RUNNING,-0.997635,Run1
326,06/11/2026 20:14,19,-0.997635,RUNNING,19,-0.997635,RUNNING,19,-0.997635,RUNNING,-0.997635,Run1
327,06/11/2026 20:15,19,-0.997635,RUNNING,19,-0.997635,RUNNING,19,-0.997635,RUNNING,-0.997635,Run1
328,06/11/2026 20:16,19,-0.997635,RUNNING,19,-0.997635,RUNNING,19,-0.997635,RUNNING,-0.997635,Run1
329,06/11/2026 20:17,19,-0.997635,RUNNING,19,-0.997635,RUNNING,19,-0.997635,RUNNING,-0.997635,Run1
330,06/11/2026 20:18,19,-0.997635,RUNNING,19,-0.997635,RUNNING,19,-0.997635,RUNNING,-0.997635,Run1
331,06/11/2026 20:19,19,-0.997635,RUNNING,19,-0.997635,RUNNING,19,-0.997635,RUNNING,-0.997635,Run1
332,06/11/2026 20:20,19,-0.997635,RUNNING,19,-0.997635,RUNNING,19,-0.997635,RUNNING,-0.997635,Run1
333,06/11/2026 20:21,19,-0.997635,RUNNING,19,-0.997635,RUNNING,19,-0.997635,RUNNING,-0.997635,Run1
334,06/11/2026 20:22,19,-0.997635,RUNNING,19,-0.997635,RUNNING,19,-0.997635,RUNNING,-0.997635,Run1
335,06/11/2026 20:23,19,-0.997635,RUNNING,19,-0.997635,RUNNING,19,-0.997635,RUNNING,-0.997635,Run1
336,06/11/2026 20:24,19,-0.997635,RUNNING,19,-0.997635,RUNNING,19,-0.997635,RUNNING,-0.997635,Run1
337,06/11/2026 20:25,19,-0.997635,RUNNING,19,-0.997635,RUNNING,19,-0.997635,RUNNING,-0.997635,Run1
338,06/11/2026 20:26,19,-0.997635,RUNNING,19,-0.997635,RUNNING,19,-0.997635,RUNNING,-0.997635,Run1
339,06/11/2026 20:27,19,-0.997635,RUNNING,19,-0.997635,RUNNING,19,-0.997635,RUNNING,-0.997635,Run1
340,06/11/2026 20:28,19,-0.997635,RUNNING,19,-0.997635,RUNNING,19,-0.997635,RUNNING,-0.997635,Run1
341,06/11/2026 20:29,19,-0.997635,RUNNING,19,-0.997635,RUNNING,19,-0.997635,RUNNING,-0.997635,Run1
342,06/11/2026 20:30,19,-0.997635,RUNNING,19,-0.997635,RUNNING,19,-0.997635,RUNNING,-0.997635,Run1
343,06/11/2026 20:31,19,-0.997635,RUNNING,19,-0.997635,RUNNING,19,-0.997635,RUNNING,-0.997635,Run1
344,06/11/2026 20:32,19,-0.997635,RUNNING,19,-0.997635,RUNNING,19,-0.997635,RUNNING,-0.997635,Run1
345,06/11/2026 20:33,19,-0.997635,RUNNING,19,-0.997635,RUNNING,19,-0.997635,RUNNING,-0.997635,Run1
346,06/11/2026 20:34,19,-0.997635,RUNNING,19,-0.997635,RUNNING,19,-0.997635,RUNNING,-0.997635,Run1
347,06/11/2026 20:35,19,-0.997635,RUNNING,19,-0.997635,RUNNING,19,-0.997635,RUNNING,-0.997635,Run1
348,06/11/2026 20:36,19,-0.997635,RUNNING,19,-0.997635,RUNNING,19,-0.997635,RUNNING,-0.997635,Run1
349,06/11/2026 20:37,19,-0.997635,RUNNING,19,-0.997635,RUNNING,19,-0.997635,RUNNING,-0.997635,Run1
350,06/11/2026 20:38,19,-0.997635,RUNNING,19,-0.997635,RUNNING,19,-0.997635,RUNNING,-0.997635,Run1
351,06/11/2026 20:39,19,-0.997635,RUNNING,19,-0.997635,RUNNING,19,-0.997635,RUNNING,-0.997635,Run1
352,06/11/2026 20:40,19,-0.997635,RUNNING,19,-0.997635,RUNNING,19,-0.997635,RUNNING,-0.997635,Run1
353,06/11/2026 20:41,19,-0.997635,RUNNING,19,-0.997635,RUNNING,19,-0.997635,RUNNING,-0.997635,Run1
354,06/11/2026 20:42,19,-0.997635,RUNNING,19,-0.997635,RUNNING,19,-0.997635,RUNNING,-0.997635,Run1
355,06/11/2026 20:43,19,-0.997635,RUNNING,19,-0.997635,RUNNING,19,-0.997635,RUNNING,-0.997635,Run1
356,06/11/2026 20:44,19,-0.997635,RUNNING,19,-0.997635,RUNNING,19,-0.997635,RUNNING,-0.997635,Run1
357,06/11/2026 20:45,19,-0.997635,RUNNING,19,-0.997635,RUNNING,19,-0.997635,RUNNING,-0.997635,Run1
358,06/11/2026 20:46,19,-0.997635,RUNNING,19,-0.997635,RUNNING,19,-0.997635,RUNNING,-0.997635,Run1
359,06/11/2026 20:47,19,-0.997635,RUNNING,19,-0.997635,RUNNING,19,-0.997635,RUNNING,-0.997635,Run1
360,06/11/2026 20:48,19,-0.997635,RUNNING,19,-0.997635,RUNNING,19,-0.997635,RUNNING,-0.997635,Run1
361,06/11/2026 20:49,19,-0.997635,RUNNING,19,-0.997635,RUNNING,19,-0.997635,RUNNING,-0.997635,Run1
362,06/11/2026 20:50,19,-0.997635,RUNNING,19,-0.997635,RUNNING,19,-0.997635,RUNNING,-0.997635,Run1
363,06/11/2026 20:53,19,-0.997635,RUNNING,19,-0.997635,RUNNING,19,-0.997635,RUNNING,-0.997635,Run1
364,06/11/2026 20:55,19,-0.997635,RUNNING,19,-0.997635,RUNNING,19,-0.997635,RUNNING,-0.997635,Run1
365,06/11/2026 20:58,19,-0.997635,RUNNING,19,-0.997635,RUNNING,19,-0.997635,RUNNING,-0.997635,Run1
366,06/11/2026 21:41,19,-0.997635,RUNNING,19,-0.997635,RUNNING,19,-0.997635,RUNNING,-0.997635,Run1
367,06/11/2026 21:42,19,-0.997635,RUNNING,19,-0.997635,RUNNING,19,-0.997635,RUNNING,-0.997635,Run1
368,06/11/2026 21:43,19,-0.997635,RUNNING,19,-0.997635,RUNNING,19,-0.997635,RUNNING,-0.997635,Run1
369,06/11/2026 21:44,19,-0.997635,RUNNING,19,-0.997635,RUNNING,19,-0.997635,RUNNING,-0.997635,Run1
370,06/11/2026 21:45,19,-0.997635,RUNNING,19,-0.997635,RUNNING,19,-0.997635,RUNNING,-0.997635,Run1
371,06/11/2026 21:46,19,-0.997635,RUNNING,19,-0.997635,RUNNING,19,-0.997635,RUNNING,-0.997635,Run1
372,06/11/2026 21:47,19,-0.997635,RUNNING,19,-0.997635,RUNNING,19,-0.997635,RUNNING,-0.997635,Run1
373,06/11/2026 21:48,19,-0.997635,RUNNING,19,-0.997635,RUNNING,19,-0.997635,RUNNING,-0.997635,Run1
374,06/11/2026 21:49,19,-0.997635,RUNNING,19,-0.997635,RUNNING,19,-0.997635,RUNNING,-0.997635,Run1
375,06/11/2026 21:50,19,-0.997635,RUNNING,19,-0.997635,RUNNING,19,-0.997635,RUNNING,-0.997635,Run1
376,06/11/2026 21:51,19,-0.997635,RUNNING,19,-0.997635,RUNNING,19,-0.997635,RUNNING,-0.997635,Run1
377,06/11/2026 21:52,19,-0.997635,RUNNING,19,-0.997635,RUNNING,19,-0.997635,RUNNING,-0.997635,Run1
378,06/11/2026 21:53,19,-0.997635,RUNNING,19,-0.997635,RUNNING,19,-0.997635,RUNNING,-0.997635,Run1
379,06/11/2026 21:54,19,-0.997635,RUNNING,19,-0.997635,RUNNING,19,-0.997635,RUNNING,-0.997635,Run1
380,06/11/2026 21:55,19,-0.997635,RUNNING,19,-0.997635,RUNNING,19,-0.997635,RUNNING,-0.997635,Run1
381,06/11/2026 21:56,19,-0.997635,RUNNING,19,-0.997635,RUNNING,19,-0.997635,RUNNING,-0.997635,Run1
382,06/11/2026 21:57,19,-0.997635,RUNNING,19,-0.997635,RUNNING,19,-0.997635,RUNNING,-0.997635,Run1
383,06/11/2026 21:58,19,-0.997635,RUNNING,19,-0.997635,RUNNING,19,-0.997635,RUNNING,-0.997635,Run1
384,06/11/2026 21:59,19,-0.997635,RUNNING,19,-0.997635,RUNNING,19,-0.997635,RUNNING,-0.997635,Run1
385,06/11/2026 22:00,19,-0.997635,RUNNING,19,-0.997635,RUNNING,19,-0.997635,RUNNING,-0.997635,Run1
386,06/11/2026 22:01,19,-0.997635,RUNNING,19,-0.997635,RUNNING,19,-0.997635,RUNNING,-0.997635,Run1
387,06/11/2026 22:02,19,-0.997635,RUNNING,19,-0.997635,RUNNING,19,-0.997635,RUNNING,-0.997635,Run1
388,06/11/2026 22:03,19,-0.997635,RUNNING,19,-0.997635,RUNNING,19,-0.997635,RUNNING,-0.997635,Run1
389,06/11/2026 22:04,19,-0.997635,RUNNING,19,-0.997635,RUNNING,19,-0.997635,RUNNING,-0.997635,Run1
390,06/11/2026 22:05,19,-0.997635,RUNNING,19,-0.997635,RUNNING,19,-0.997635,RUNNING,-0.997635,Run1
391,06/11/2026 22:06,19,-0.997635,RUNNING,19,-0.997635,RUNNING,19,-0.997635,RUNNING,-0.997635,Run1
392,06/11/2026 22:07,19,-0.997635,RUNNING,19,-0.997635,RUNNING,19,-0.997635,RUNNING,-0.997635,Run1
393,06/11/2026 22:08,19,-0.997635,RUNNING,19,-0.997635,RUNNING,19,-0.997635,RUNNING,-0.997635,Run1
394,06/11/2026 22:09,19,-0.997635,RUNNING,19,-0.997635,RUNNING,19,-0.997635,RUNNING,-0.997635,Run1
395,06/11/2026 22:10,19,-0.997635,RUNNING,19,-0.997635,RUNNING,19,-0.997635,RUNNING,-0.997635,Run1
396,06/11/2026 22:11,19,-0.997635,RUNNING,19,-0.997635,RUNNING,19,-0.997635,RUNNING,-0.997635,Run1
397,06/11/2026 22:12,19,-0.997635,RUNNING,19,-0.997635,RUNNING,19,-0.997635,RUNNING,-0.997635,Run1
398,06/11/2026 22:13,19,-0.997635,RUNNING,19,-0.997635,RUNNING,19,-0.997635,RUNNING,-0.997635,Run1
399,06/11/2026 22:14,19,-0.997635,RUNNING,19,-0.997635,RUNNING,19,-0.997635,RUNNING,-0.997635,Run1
400,06/11/2026 22:15,19,-0.997635,RUNNING,19,-0.997635,RUNNING,19,-0.997635,RUNNING,-0.997635,Run1
401,06/11/2026 22:16,19,-0.997635,RUNNING,19,-0.997635,RUNNING,19,-0.997635,RUNNING,-0.997635,Run1
402,06/11/2026 22:17,19,-0.997635,RUNNING,19,-0.997635,RUNNING,19,-0.997635,RUNNING,-0.997635,Run1
403,06/11/2026 22:18,19,-0.997635,RUNNING,19,-0.997635,RUNNING,19,-0.997635,RUNNING,-0.997635,Run1
404,06/11/2026 22:19,19,-0.997635,RUNNING,19,-0.997635,RUNNING,19,-0.997635,RUNNING,-0.997635,Run1
405,06/11/2026 22:20,19,-0.997635,RUNNING,19,-0.997635,RUNNING,19,-0.997635,RUNNING,-0.997635,Run1
406,06/11/2026 22:21,19,-0.997635,RUNNING,19,-0.997635,RUNNING,19,-0.997635,RUNNING,-0.997635,Run1
407,06/11/2026 22:22,19,-0.997635,RUNNING,19,-0.997635,RUNNING,19,-0.997635,RUNNING,-0.997635,Run1
408,06/11/2026 22:23,19,-0.997635,RUNNING,19,-0.997635,RUNNING,19,-0.997635,RUNNING,-0.997635,Run1
409,06/11/2026 22:24,19,-0.997635,RUNNING,19,-0.997635,RUNNING,19,-0.997635,RUNNING,-0.997635,Run1
410,06/11/2026 22:25,19,-0.997635,RUNNING,19,-0.997635,RUNNING,19,-0.997635,RUNNING,-0.997635,Run1
411,06/11/2026 22:26,19,-0.997635,RUNNING,19,-0.997635,RUNNING,19,-0.997635,RUNNING,-0.997635,Run1
412,06/11/2026 22:27,19,-0.997635,RUNNING,19,-0.997635,RUNNING,19,-0.997635,RUNNING,-0.997635,Run1
413,06/11/2026 22:28,19,-0.997635,RUNNING,19,-0.997635,RUNNING,19,-0.997635,RUNNING,-0.997635,Run1
414,06/11/2026 22:29,19,-0.997635,RUNNING,19,-0.997635,RUNNING,19,-0.997635,RUNNING,-0.997635,Run1
415,06/11/2026 22:30,19,-0.997635,RUNNING,19,-0.997635,RUNNING,19,-0.997635,RUNNING,-0.997635,Run1
416,06/11/2026 22:31,19,-0.997635,RUNNING,19,-0.997635,RUNNING,19,-0.997635,RUNNING,-0.997635,Run1
417,06/11/2026 22:32,19,-0.997635,RUNNING,19,-0.997635,RUNNING,19,-0.997635,RUNNING,-0.997635,Run1
418,06/11/2026 22:33,19,-0.997635,RUNNING,19,-0.997635,RUNNING,19,-0.997635,RUNNING,-0.997635,Run1
419,06/11/2026 22:34,19,-0.997635,RUNNING,19,-0.997635,RUNNING,19,-0.997635,RUNNING,-0.997635,Run1
420,06/11/2026 22:35,19,-0.997635,RUNNING,19,-0.997635,RUNNING,19,-0.997635,RUNNING,-0.997635,Run1
421,06/11/2026 22:36,19,-0.997635,RUNNING,19,-0.997635,RUNNING,19,-0.997635,RUNNING,-0.997635,Run1
422,06/11/2026 22:37,19,-0.997635,RUNNING,19,-0.997635,RUNNING,19,-0.997635,RUNNING,-0.997635,Run1
423,06/11/2026 22:38,19,-0.997635,RUNNING,19,-0.997635,RUNNING,19,-0.997635,RUNNING,-0.997635,Run1
424,06/11/2026 22:39,19,-0.997635,RUNNING,19,-0.997635,RUNNING,19,-0.997635,RUNNING,-0.997635,Run1
425,06/11/2026 22:40,19,-0.997635,RUNNING,19,-0.997635,RUNNING,19,-0.997635,RUNNING,-0.997635,Run1
426,06/11/2026 22:41,19,-0.997635,RUNNING,19,-0.997635,RUNNING,19,-0.997635,RUNNING,-0.997635,Run1
427,06/11/2026 22:42,19,-0.997635,RUNNING,19,-0.997635,RUNNING,19,-0.997635,RUNNING,-0.997635,Run1
428,06/11/2026 22:43,19,-0.997635,RUNNING,19,-0.997635,RUNNING,19,-0.997635,RUNNING,-0.997635,Run1
429,06/11/2026 22:44,19,-0.997635,RUNNING,19,-0.997635,RUNNING,19,-0.997635,RUNNING,-0.997635,Run1
430,06/11/2026 22:45,19,-0.997635,RUNNING,19,-0.997635,RUNNING,19,-0.997635,RUNNING,-0.997635,Run1
431,06/11/2026 22:46,19,-0.997635,RUNNING,19,-0.997635,RUNNING,19,-0.997635,RUNNING,-0.997635,Run1
432,06/11/2026 22:47,19,-0.997635,RUNNING,19,-0.997635,RUNNING,19,-0.997635,RUNNING,-0.997635,Run1
433,06/11/2026 22:48,19,-0.997635,RUNNING,19,-0.997635,RUNNING,19,-0.997635,RUNNING,-0.997635,Run1
434,06/11/2026 22:49,19,-0.997635,RUNNING,19,-0.997635,RUNNING,19,-0.997635,RUNNING,-0.997635,Run1
435,06/11/2026 22:50,19,-0.997635,RUNNING,19,-0.997635,RUNNING,19,-0.997635,RUNNING,-0.997635,Run1
436,06/11/2026 22:51,19,-0.997635,RUNNING,19,-0.997635,RUNNING,19,-0.997635,RUNNING,-0.997635,Run1
437,06/11/2026 22:52,19,-0.997635,RUNNING,19,-0.997635,RUNNING,19,-0.997635,RUNNING,-0.997635,Run1
438,06/11/2026 22:53,19,-0.997635,RUNNING,19,-0.997635,RUNNING,19,-0.997635,RUNNING,-0.997635,Run1
439,06/11/2026 22:54,19,-0.997635,RUNNING,19,-0.997635,RUNNING,19,-0.997635,RUNNING,-0.997635,Run1
440,06/11/2026 22:55,19,-0.997635,RUNNING,19,-0.997635,RUNNING,19,-0.997635,RUNNING,-0.997635,Run1
441,06/11/2026 22:56,19,-0.997635,RUNNING,19,-0.997635,RUNNING,19,-0.997635,RUNNING,-0.997635,Run1
442,06/11/2026 22:57,19,-0.997635,RUNNING,19,-0.997635,RUNNING,19,-0.997635,RUNNING,-0.997635,Run1
443,06/11/2026 22:58,19,-0.997635,RUNNING,19,-0.997635,RUNNING,19,-0.997635,RUNNING,-0.997635,Run1
444,06/11/2026 22:59,19,-0.997635,RUNNING,19,-0.997635,RUNNING,19,-0.997635,RUNNING,-0.997635,Run1
445,06/11/2026 23:00,19,-0.997635,RUNNING,19,-0.997635,RUNNING,19,-0.997635,RUNNING,-0.997635,Run1
446,06/11/2026 23:01,19,-0.997635,RUNNING,19,-0.997635,RUNNING,19,-0.997635,RUNNING,-0.997635,Run1
447,06/11/2026 23:02,19,-0.997635,RUNNING,19,-0.997635,RUNNING,19,-0.997635,RUNNING,-0.997635,Run1
448,06/11/2026 23:03,19,-0.997635,RUNNING,19,-0.997635,RUNNING,19,-0.997635,RUNNING,-0.997635,Run1
449,06/11/2026 23:04,19,-0.997635,RUNNING,19,-0.997635,RUNNING,19,-0.997635,RUNNING,-0.997635,Run1
450,06/11/2026 23:05,19,-0.997635,RUNNING,19,-0.997635,RUNNING,19,-0.997635,RUNNING,-0.997635,Run1
451,06/11/2026 23:06,19,-0.997635,RUNNING,19,-0.997635,RUNNING,19,-0.997635,RUNNING,-0.997635,Run1
452,06/11/2026 23:07,19,-0.997635,RUNNING,19,-0.997635,RUNNING,19,-0.997635,RUNNING,-0.997635,Run1
453,06/11/2026 23:08,19,-0.997635,RUNNING,19,-0.997635,RUNNING,19,-0.997635,RUNNING,-0.997635,Run1
454,06/11/2026 23:09,19,-0.997635,RUNNING,19,-0.997635,RUNNING,19,-0.997635,RUNNING,-0.997635,Run1
455,06/11/2026 23:10,19,-0.997635,RUNNING,19,-0.997635,RUNNING,19,-0.997635,RUNNING,-0.997635,Run1
456,06/11/2026 23:11,19,-0.997635,RUNNING,19,-0.997635,RUNNING,19,-0.997635,RUNNING,-0.997635,Run1
457,06/11/2026 23:12,19,-0.997635,RUNNING,19,-0.997635,RUNNING,19,-0.997635,RUNNING,-0.997635,Run1
458,06/11/2026 23:13,19,-0.997635,RUNNING,19,-0.997635,RUNNING,19,-0.997635,RUNNING,-0.997635,Run1
459,06/11/2026 23:14,19,-0.997635,RUNNING,19,-0.997635,RUNNING,19,-0.997635,RUNNING,-0.997635,Run1
460,06/11/2026 23:15,19,-0.997635,RUNNING,19,-0.997635,RUNNING,19,-0.997635,RUNNING,-0.997635,Run1
461,06/11/2026 23:17,19,-0.997635,RUNNING,19,-0.997635,RUNNING,19,-0.997635,RUNNING,-0.997635,Run1
462,06/11/2026 23:18,19,-0.997635,RUNNING,19,-0.997635,RUNNING,19,-0.997635,RUNNING,-0.997635,Run1
463,06/11/2026 23:19,19,-0.997635,RUNNING,19,-0.997635,RUNNING,19,-0.997635,RUNNING,-0.997635,Run1
464,06/11/2026 23:20,19,-0.997635,RUNNING,19,-0.997635,RUNNING,19,-0.997635,RUNNING,-0.997635,Run1
465,06/11/2026 23:21,19,-0.997635,RUNNING,19,-0.997635,RUNNING,19,-0.997635,RUNNING,-0.997635,Run1
466,06/11/2026 23:22,19,-0.997635,RUNNING,19,-0.997635,RUNNING,19,-0.997635,RUNNING,-0.997635,Run1
467,06/11/2026 23:23,19,-0.997635,RUNNING,19,-0.997635,RUNNING,19,-0.997635,RUNNING,-0.997635,Run1
468,06/11/2026 23:24,19,-0.997635,RUNNING,19,-0.997635,RUNNING,19,-0.997635,RUNNING,-0.997635,Run1
469,06/11/2026 23:25,19,-0.997635,RUNNING,19,-0.997635,RUNNING,19,-0.997635,RUNNING,-0.997635,Run1
470,06/11/2026 23:26,19,-0.997635,RUNNING,19,-0.997635,RUNNING,19,-0.997635,RUNNING,-0.997635,Run1
471,06/11/2026 23:27,19,-0.997635,RUNNING,19,-0.997635,RUNNING,19,-0.997635,RUNNING,-0.997635,Run1
472,06/11/2026 23:28,19,-0.997635,RUNNING,19,-0.997635,RUNNING,19,-0.997635,RUNNING,-0.997635,Run1
473,06/11/2026 23:29,19,-0.997635,RUNNING,19,-0.997635,RUNNING,19,-0.997635,RUNNING,-0.997635,Run1
474,06/11/2026 23:30,19,-0.997635,RUNNING,19,-0.997635,RUNNING,19,-0.997635,RUNNING,-0.997635,Run1
475,06/11/2026 23:31,19,-0.997635,RUNNING,19,-0.997635,RUNNING,19,-0.997635,RUNNING,-0.997635,Run1
476,06/11/2026 23:32,19,-0.997635,RUNNING,19,-0.997635,RUNNING,19,-0.997635,RUNNING,-0.997635,Run1
477,06/11/2026 23:33,19,-0.997635,RUNNING,19,-0.997635,RUNNING,19,-0.997635,RUNNING,-0.997635,Run1
478,06/11/2026 23:34,19,-0.997635,RUNNING,19,-0.997635,RUNNING,19,-0.997635,RUNNING,-0.997635,Run1
479,06/11/2026 23:35,19,-0.997635,RUNNING,19,-0.997635,RUNNING,19,-0.997635,RUNNING,-0.997635,Run1
480,06/11/2026 23:36,19,-0.997635,RUNNING,19,-0.997635,RUNNING,19,-0.997635,RUNNING,-0.997635,Run1
481,06/11/2026 23:37,19,-0.997635,RUNNING,19,-0.997635,RUNNING,19,-0.997635,RUNNING,-0.997635,Run1
482,06/11/2026 23:38,19,-0.997635,RUNNING,19,-0.997635,RUNNING,19,-0.997635,RUNNING,-0.997635,Run1
483,06/11/2026 23:39,19,-0.997635,RUNNING,19,-0.997635,RUNNING,19,-0.997635,RUNNING,-0.997635,Run1
484,06/11/2026 23:40,19,-0.997635,RUNNING,19,-0.997635,RUNNING,19,-0.997635,RUNNING,-0.997635,Run1
485,06/11/2026 23:41,19,-0.997635,RUNNING,19,-0.997635,RUNNING,19,-0.997635,RUNNING,-0.997635,Run1
486,06/11/2026 23:42,19,-0.997635,RUNNING,19,-0.997635,RUNNING,19,-0.997635,RUNNING,-0.997635,Run1
487,06/11/2026 23:43,19,-0.997635,RUNNING,19,-0.997635,RUNNING,19,-0.997635,RUNNING,-0.997635,Run1
488,06/11/2026 23:44,19,-0.997635,RUNNING,19,-0.997635,RUNNING,19,-0.997635,RUNNING,-0.997635,Run1
489,06/11/2026 23:45,19,-0.997635,RUNNING,19,-0.997635,RUNNING,19,-0.997635,RUNNING,-0.997635,Run1
490,06/11/2026 23:46,19,-0.997635,RUNNING,19,-0.997635,RUNNING,19,-0.997635,RUNNING,-0.997635,Run1
491,06/11/2026 23:47,19,-0.997635,RUNNING,19,-0.997635,RUNNING,19,-0.997635,RUNNING,-0.997635,Run1
492,06/11/2026 23:48,19,-0.997635,RUNNING,19,-0.997635,RUNNING,19,-0.997635,RUNNING,-0.997635,Run1
493,06/11/2026 23:49,19,-0.997635,RUNNING,19,-0.997635,RUNNING,19,-0.997635,RUNNING,-0.997635,Run1
494,06/11/2026 23:50,19,-0.997635,RUNNING,19,-0.997635,RUNNING,19,-0.997635,RUNNING,-0.997635,Run1
495,06/11/2026 23:51,19,-0.997635,RUNNING,19,-0.997635,RUNNING,19,-0.997635,RUNNING,-0.997635,Run1
496,06/11/2026 23:52,19,-0.997635,RUNNING,19,-0.997635,RUNNING,19,-0.997635,RUNNING,-0.997635,Run1
497,06/11/2026 23:53,19,-0.997635,RUNNING,19,-0.997635,RUNNING,19,-0.997635,RUNNING,-0.997635,Run1
498,06/11/2026 23:54,19,-0.997635,RUNNING,19,-0.997635,RUNNING,19,-0.997635,RUNNING,-0.997635,Run1
499,06/11/2026 23:55,19,-0.997635,RUNNING,19,-0.997635,RUNNING,19,-0.997635,RUNNING,-0.997635,Run1
500,06/11/2026 23:56,19,-0.997635,RUNNING,19,-0.997635,RUNNING,19,-0.997635,RUNNING,-0.997635,Run1
501,06/11/2026 23:57,19,-0.997635,RUNNING,19,-0.997635,RUNNING,19,-0.997635,RUNNING,-0.997635,Run1
502,06/11/2026 23:58,19,-0.997635,RUNNING,19,-0.997635,RUNNING,19,-0.997635,RUNNING,-0.997635,Run1
503,06/11/2026 23:59,19,-0.997635,RUNNING,19,-0.997635,RUNNING,19,-0.997635,RUNNING,-0.997635,Run1
504,06/12/2026 00:00,19,-0.997635,RUNNING,19,-0.997635,RUNNING,19,-0.997635,RUNNING,-0.997635,Run1
505,06/12/2026 00:01,19,-0.997635,RUNNING,19,-0.997635,RUNNING,19,-0.997635,RUNNING,-0.997635,Run1
506,06/12/2026 00:02,19,-0.997635,RUNNING,19,-0.997635,RUNNING,19,-0.997635,RUNNING,-0.997635,Run1
507,06/12/2026 00:03,19,-0.997635,RUNNING,19,-0.997635,RUNNING,19,-0.997635,RUNNING,-0.997635,Run1
508,06/12/2026 00:04,19,-0.997635,RUNNING,19,-0.997635,RUNNING,19,-0.997635,RUNNING,-0.997635,Run1
509,06/12/2026 00:05,19,-0.997635,RUNNING,19,-0.997635,RUNNING,19,-0.997635,RUNNING,-0.997635,Run1
510,06/12/2026 00:06,19,-0.997635,RUNNING,19,-0.997635,RUNNING,19,-0.997635,RUNNING,-0.997635,Run1
511,06/12/2026 00:07,19,-0.997635,RUNNING,19,-0.997635,RUNNING,19,-0.997635,RUNNING,-0.997635,Run1
512,06/12/2026 00:08,19,-0.997635,RUNNING,19,-0.997635,RUNNING,19,-0.997635,RUNNING,-0.997635,Run1
513,06/12/2026 00:09,19,-0.997635,RUNNING,19,-0.997635,RUNNING,19,-0.997635,RUNNING,-0.997635,Run1
514,06/12/2026 00:10,19,-0.997635,RUNNING,19,-0.997635,RUNNING,19,-0.997635,RUNNING,-0.997635,Run1
515,06/12/2026 00:11,19,-0.997635,RUNNING,19,-0.997635,RUNNING,19,-0.997635,RUNNING,-0.997635,Run1
516,06/12/2026 00:12,19,-0.997635,RUNNING,19,-0.997635,RUNNING,19,-0.997635,RUNNING,-0.997635,Run1
517,06/12/2026 00:13,19,-0.997635,RUNNING,19,-0.997635,RUNNING,19,-0.997635,RUNNING,-0.997635,Run1
518,06/12/2026 00:14,19,-0.997635,RUNNING,19,-0.997635,RUNNING,19,-0.997635,RUNNING,-0.997635,Run1
519,06/12/2026 00:15,19,-0.997635,RUNNING,19,-0.997635,RUNNING,19,-0.997635,RUNNING,-0.997635,Run1
520,06/12/2026 00:16,19,-0.997635,RUNNING,19,-0.997635,RUNNING,19,-0.997635,RUNNING,-0.997635,Run1
521,06/12/2026 00:17,19,-0.997635,RUNNING,19,-0.997635,RUNNING,19,-0.997635,RUNNING,-0.997635,Run1
522,06/12/2026 00:18,19,-0.997635,RUNNING,19,-0.997635,RUNNING,19,-0.997635,RUNNING,-0.997635,Run1
523,06/12/2026 00:19,19,-0.997635,RUNNING,19,-0.997635,RUNNING,19,-0.997635,RUNNING,-0.997635,Run1
524,06/12/2026 00:20,19,-0.997635,RUNNING,19,-0.997635,RUNNING,19,-0.997635,RUNNING,-0.997635,Run1
525,06/12/2026 00:21,19,-0.997635,RUNNING,19,-0.997635,RUNNING,19,-0.997635,RUNNING,-0.997635,Run1
526,06/12/2026 00:22,19,-0.997635,RUNNING,19,-0.997635,RUNNING,19,-0.997635,RUNNING,-0.997635,Run1
527,06/12/2026 00:23,19,-0.997635,RUNNING,19,-0.997635,RUNNING,19,-0.997635,RUNNING,-0.997635,Run1
528,06/12/2026 00:24,19,-0.997635,RUNNING,19,-0.997635,RUNNING,19,-0.997635,RUNNING,-0.997635,Run1
529,06/12/2026 00:25,19,-0.997635,RUNNING,19,-0.997635,RUNNING,19,-0.997635,RUNNING,-0.997635,Run1
530,06/12/2026 00:26,19,-0.997635,RUNNING,19,-0.997635,RUNNING,19,-0.997635,RUNNING,-0.997635,Run1
531,06/12/2026 00:27,19,-0.997635,RUNNING,19,-0.997635,RUNNING,19,-0.997635,RUNNING,-0.997635,Run1
532,06/12/2026 00:28,19,-0.997635,RUNNING,19,-0.997635,RUNNING,19,-0.997635,RUNNING,-0.997635,Run1
533,06/12/2026 00:29,19,-0.997635,RUNNING,19,-0.997635,RUNNING,19,-0.997635,RUNNING,-0.997635,Run1
534,06/12/2026 00:30,19,-0.997635,RUNNING,19,-0.997635,RUNNING,19,-0.997635,RUNNING,-0.997635,Run1
535,06/12/2026 00:31,19,-0.997635,RUNNING,19,-0.997635,RUNNING,19,-0.997635,RUNNING,-0.997635,Run1
536,06/12/2026 00:32,19,-0.997635,RUNNING,19,-0.997635,RUNNING,19,-0.997635,RUNNING,-0.997635,Run1
537,06/12/2026 00:33,19,-0.997635,RUNNING,19,-0.997635,RUNNING,19,-0.997635,RUNNING,-0.997635,Run1
538,06/12/2026 00:34,19,-0.997635,RUNNING,19,-0.997635,RUNNING,19,-0.997635,RUNNING,-0.997635,Run1
539,06/12/2026 00:35,19,-0.997635,RUNNING,19,-0.997635,RUNNING,19,-0.997635,RUNNING,-0.997635,Run1
540,06/12/2026 00:36,19,-0.997635,RUNNING,19,-0.997635,RUNNING,19,-0.997635,RUNNING,-0.997635,Run1
541,06/12/2026 00:37,19,-0.997635,RUNNING,19,-0.997635,RUNNING,19,-0.997635,RUNNING,-0.997635,Run1
542,06/12/2026 00:38,19,-0.997635,RUNNING,19,-0.997635,RUNNING,19,-0.997635,RUNNING,-0.997635,Run1
543,06/12/2026 00:39,19,-0.997635,RUNNING,19,-0.997635,RUNNING,19,-0.997635,RUNNING,-0.997635,Run1
544,06/12/2026 00:40,19,-0.997635,RUNNING,19,-0.997635,RUNNING,19,-0.997635,RUNNING,-0.997635,Run1
545,06/12/2026 00:41,19,-0.997635,RUNNING,19,-0.997635,RUNNING,19,-0.997635,RUNNING,-0.997635,Run1
546,06/12/2026 00:42,19,-0.997635,RUNNING,19,-0.997635,RUNNING,19,-0.997635,RUNNING,-0.997635,Run1
547,06/12/2026 00:43,19,-0.997635,RUNNING,19,-0.997635,RUNNING,19,-0.997635,RUNNING,-0.997635,Run1
548,06/12/2026 00:44,19,-0.997635,RUNNING,19,-0.997635,RUNNING,19,-0.997635,RUNNING,-0.997635,Run1
549,06/12/2026 00:45,19,-0.997635,RUNNING,19,-0.997635,RUNNING,19,-0.997635,RUNNING,-0.997635,Run1
550,06/12/2026 00:46,19,-0.997635,RUNNING,19,-0.997635,RUNNING,19,-0.997635,RUNNING,-0.997635,Run1
551,06/12/2026 00:47,19,-0.997635,RUNNING,19,-0.997635,RUNNING,19,-0.997635,RUNNING,-0.997635,Run1
552,06/12/2026 00:48,19,-0.997635,RUNNING,19,-0.997635,RUNNING,19,-0.997635,RUNNING,-0.997635,Run1
553,06/12/2026 00:49,19,-0.997635,RUNNING,19,-0.997635,RUNNING,19,-0.997635,RUNNING,-0.997635,Run1
554,06/12/2026 00:50,19,-0.997635,RUNNING,19,-0.997635,RUNNING,19,-0.997635,RUNNING,-0.997635,Run1
555,06/12/2026 00:51,19,-0.997635,RUNNING,19,-0.997635,RUNNING,19,-0.997635,RUNNING,-0.997635,Run1
556,06/12/2026 00:52,19,-0.997635,RUNNING,19,-0.997635,RUNNING,19,-0.997635,RUNNING,-0.997635,Run1
557,06/12/2026 00:53,19,-0.997635,RUNNING,19,-0.997635,RUNNING,19,-0.997635,RUNNING,-0.997635,Run1
558,06/12/2026 00:54,19,-0.997635,RUNNING,19,-0.997635,RUNNING,19,-0.997635,RUNNING,-0.997635,Run1
559,06/12/2026 00:55,19,-0.997635,RUNNING,19,-0.997635,RUNNING,19,-0.997635,RUNNING,-0.997635,Run1
560,06/12/2026 00:56,19,-0.997635,RUNNING,19,-0.997635,RUNNING,19,-0.997635,RUNNING,-0.997635,Run1
561,06/12/2026 00:57,19,-0.997635,RUNNING,19,-0.997635,RUNNING,19,-0.997635,RUNNING,-0.997635,Run1
562,06/12/2026 00:58,19,-0.997635,RUNNING,19,-0.997635,RUNNING,19,-0.997635,RUNNING,-0.997635,Run1
563,06/12/2026 00:59,19,-0.997635,RUNNING,19,-0.997635,RUNNING,19,-0.997635,RUNNING,-0.997635,Run1
564,06/12/2026 01:00,19,-0.997635,RUNNING,19,-0.997635,RUNNING,19,-0.997635,RUNNING,-0.997635,Run1
565,06/12/2026 01:01,19,-0.997635,RUNNING,19,-0.997635,RUNNING,19,-0.997635,RUNNING,-0.997635,Run1
566,06/12/2026 01:02,19,-0.997635,RUNNING,19,-0.997635,RUNNING,19,-0.997635,RUNNING,-0.997635,Run1
567,06/12/2026 01:03,19,-0.997635,RUNNING,19,-0.997635,RUNNING,19,-0.997635,RUNNING,-0.997635,Run1
568,06/12/2026 01:04,19,-0.997635,RUNNING,19,-0.997635,RUNNING,19,-0.997635,RUNNING,-0.997635,Run1
569,06/12/2026 01:05,19,-0.997635,RUNNING,19,-0.997635,RUNNING,19,-0.997635,RUNNING,-0.997635,Run1
570,06/12/2026 01:06,19,-0.997635,RUNNING,19,-0.997635,RUNNING,19,-0.997635,RUNNING,-0.997635,Run1
571,06/12/2026 01:07,19,-0.997635,RUNNING,19,-0.997635,RUNNING,19,-0.997635,RUNNING,-0.997635,Run1
572,06/12/2026 01:08,19,-0.997635,RUNNING,19,-0.997635,RUNNING,19,-0.997635,RUNNING,-0.997635,Run1
573,06/12/2026 01:09,19,-0.997635,RUNNING,19,-0.997635,RUNNING,19,-0.997635,RUNNING,-0.997635,Run1
574,06/12/2026 01:10,19,-0.997635,RUNNING,19,-0.997635,RUNNING,19,-0.997635,RUNNING,-0.997635,Run1
575,06/12/2026 01:11,19,-0.997635,RUNNING,19,-0.997635,RUNNING,19,-0.997635,RUNNING,-0.997635,Run1
576,06/12/2026 01:12,19,-0.997635,RUNNING,19,-0.997635,RUNNING,19,-0.997635,RUNNING,-0.997635,Run1
577,06/12/2026 01:13,19,-0.997635,RUNNING,19,-0.997635,RUNNING,19,-0.997635,RUNNING,-0.997635,Run1
578,06/12/2026 01:14,19,-0.997635,RUNNING,19,-0.997635,RUNNING,19,-0.997635,RUNNING,-0.997635,Run1
579,06/12/2026 01:15,19,-0.997635,RUNNING,19,-0.997635,RUNNING,19,-0.997635,RUNNING,-0.997635,Run1
580,06/12/2026 01:16,19,-0.997635,RUNNING,19,-0.997635,RUNNING,19,-0.997635,RUNNING,-0.997635,Run1
581,06/12/2026 01:17,19,-0.997635,RUNNING,19,-0.997635,RUNNING,19,-0.997635,RUNNING,-0.997635,Run1
582,06/12/2026 01:19,19,-0.997635,RUNNING,19,-0.997635,RUNNING,19,-0.997635,RUNNING,-0.997635,Run1
583,06/12/2026 01:20,19,-0.997635,RUNNING,19,-0.997635,RUNNING,19,-0.997635,RUNNING,-0.997635,Run1
584,06/12/2026 01:21,19,-0.997635,RUNNING,19,-0.997635,RUNNING,19,-0.997635,RUNNING,-0.997635,Run1
585,06/12/2026 01:22,19,-0.997635,RUNNING,19,-0.997635,RUNNING,19,-0.997635,RUNNING,-0.997635,Run1
586,06/12/2026 01:23,19,-0.997635,RUNNING,19,-0.997635,RUNNING,19,-0.997635,RUNNING,-0.997635,Run1
587,06/12/2026 01:24,19,-0.997635,RUNNING,19,-0.997635,RUNNING,19,-0.997635,RUNNING,-0.997635,Run1
588,06/12/2026 01:25,19,-0.997635,RUNNING,19,-0.997635,RUNNING,19,-0.997635,RUNNING,-0.997635,Run1
589,06/12/2026 01:26,19,-0.997635,RUNNING,19,-0.997635,RUNNING,19,-0.997635,RUNNING,-0.997635,Run1
590,06/12/2026 01:27,19,-0.997635,RUNNING,19,-0.997635,RUNNING,19,-0.997635,RUNNING,-0.997635,Run1
591,06/12/2026 01:28,19,-0.997635,RUNNING,19,-0.997635,RUNNING,19,-0.997635,RUNNING,-0.997635,Run1
592,06/12/2026 01:29,19,-0.997635,RUNNING,19,-0.997635,RUNNING,19,-0.997635,RUNNING,-0.997635,Run1
593,06/12/2026 01:30,19,-0.997635,RUNNING,19,-0.997635,RUNNING,19,-0.997635,RUNNING,-0.997635,Run1
594,06/12/2026 01:31,19,-0.997635,RUNNING,19,-0.997635,RUNNING,19,-0.997635,RUNNING,-0.997635,Run1
595,06/12/2026 01:32,19,-0.997635,RUNNING,19,-0.997635,RUNNING,19,-0.997635,RUNNING,-0.997635,Run1
596,06/12/2026 01:33,19,-0.997635,RUNNING,19,-0.997635,RUNNING,19,-0.997635,RUNNING,-0.997635,Run1
597,06/12/2026 01:34,19,-0.997635,RUNNING,19,-0.997635,RUNNING,19,-0.997635,RUNNING,-0.997635,Run1
598,06/12/2026 01:35,19,-0.997635,RUNNING,19,-0.997635,RUNNING,19,-0.997635,RUNNING,-0.997635,Run1
599,06/12/2026 01:36,19,-0.997635,RUNNING,19,-0.997635,RUNNING,19,-0.997635,RUNNING,-0.997635,Run1
600,06/12/2026 01:37,19,-0.997635,RUNNING,19,-0.997635,RUNNING,19,-0.997635,RUNNING,-0.997635,Run1
601,06/12/2026 01:38,19,-0.997635,RUNNING,19,-0.997635,RUNNING,19,-0.997635,RUNNING,-0.997635,Run1
602,06/12/2026 01:39,19,-0.997635,RUNNING,19,-0.997635,RUNNING,19,-0.997635,RUNNING,-0.997635,Run1
603,06/12/2026 01:40,19,-0.997635,RUNNING,19,-0.997635,RUNNING,19,-0.997635,RUNNING,-0.997635,Run1
604,06/12/2026 01:41,19,-0.997635,RUNNING,19,-0.997635,RUNNING,19,-0.997635,RUNNING,-0.997635,Run1
605,06/12/2026 01:42,19,-0.997635,RUNNING,19,-0.997635,RUNNING,19,-0.997635,RUNNING,-0.997635,Run1
606,06/12/2026 01:43,19,-0.997635,RUNNING,19,-0.997635,RUNNING,19,-0.997635,RUNNING,-0.997635,Run1
607,06/12/2026 01:44,19,-0.997635,RUNNING,19,-0.997635,RUNNING,19,-0.997635,RUNNING,-0.997635,Run1
608,06/12/2026 01:45,19,-0.997635,RUNNING,19,-0.997635,RUNNING,19,-0.997635,RUNNING,-0.997635,Run1
609,06/12/2026 01:46,19,-0.997635,RUNNING,19,-0.997635,RUNNING,19,-0.997635,RUNNING,-0.997635,Run1
610,06/12/2026 01:47,19,-0.997635,RUNNING,19,-0.997635,RUNNING,19,-0.997635,RUNNING,-0.997635,Run1
611,06/12/2026 01:48,19,-0.997635,RUNNING,19,-0.997635,RUNNING,19,-0.997635,RUNNING,-0.997635,Run1
612,06/12/2026 01:49,19,-0.997635,RUNNING,19,-0.997635,RUNNING,19,-0.997635,RUNNING,-0.997635,Run1
613,06/12/2026 01:50,19,-0.997635,RUNNING,19,-0.997635,RUNNING,19,-0.997635,RUNNING,-0.997635,Run1
614,06/12/2026 01:51,19,-0.997635,RUNNING,19,-0.997635,RUNNING,19,-0.997635,RUNNING,-0.997635,Run1
615,06/12/2026 01:52,19,-0.997635,RUNNING,19,-0.997635,RUNNING,19,-0.997635,RUNNING,-0.997635,Run1
616,06/12/2026 01:53,19,-0.997635,RUNNING,19,-0.997635,RUNNING,19,-0.997635,RUNNING,-0.997635,Run1
617,06/12/2026 01:54,19,-0.997635,RUNNING,19,-0.997635,RUNNING,19,-0.997635,RUNNING,-0.997635,Run1
618,06/12/2026 01:55,19,-0.997635,RUNNING,19,-0.997635,RUNNING,19,-0.997635,RUNNING,-0.997635,Run1
619,06/12/2026 01:56,19,-0.997635,RUNNING,19,-0.997635,RUNNING,19,-0.997635,RUNNING,-0.997635,Run1
620,06/12/2026 01:57,19,-0.997635,RUNNING,19,-0.997635,RUNNING,19,-0.997635,RUNNING,-0.997635,Run1
621,06/12/2026 01:58,19,-0.997635,RUNNING,19,-0.997635,RUNNING,19,-0.997635,RUNNING,-0.997635,Run1
622,06/12/2026 01:59,19,-0.997635,RUNNING,19,-0.997635,RUNNING,19,-0.997635,RUNNING,-0.997635,Run1
623,06/12/2026 02:00,19,-0.997635,RUNNING,19,-0.997635,RUNNING,19,-0.997635,RUNNING,-0.997635,Run1
624,06/12/2026 02:01,19,-0.997635,RUNNING,19,-0.997635,RUNNING,19,-0.997635,RUNNING,-0.997635,Run1
625,06/12/2026 02:02,19,-0.997635,RUNNING,19,-0.997635,RUNNING,19,-0.997635,RUNNING,-0.997635,Run1
626,06/12/2026 02:03,19,-0.997635,RUNNING,19,-0.997635,RUNNING,19,-0.997635,RUNNING,-0.997635,Run1
627,06/12/2026 02:04,19,-0.997635,RUNNING,19,-0.997635,RUNNING,19,-0.997635,RUNNING,-0.997635,Run1
628,06/12/2026 02:05,19,-0.997635,RUNNING,19,-0.997635,RUNNING,19,-0.997635,RUNNING,-0.997635,Run1
629,06/12/2026 02:06,19,-0.997635,RUNNING,19,-0.997635,RUNNING,19,-0.997635,RUNNING,-0.997635,Run1
630,06/12/2026 02:07,19,-0.997635,RUNNING,19,-0.997635,RUNNING,19,-0.997635,RUNNING,-0.997635,Run1
631,06/12/2026 02:08,19,-0.997635,RUNNING,19,-0.997635,RUNNING,19,-0.997635,RUNNING,-0.997635,Run1
632,06/12/2026 02:09,19,-0.997635,RUNNING,19,-0.997635,RUNNING,19,-0.997635,RUNNING,-0.997635,Run1
633,06/12/2026 02:10,19,-0.997635,RUNNING,19,-0.997635,RUNNING,19,-0.997635,RUNNING,-0.997635,Run1
634,06/12/2026 02:11,19,-0.997635,RUNNING,19,-0.997635,RUNNING,19,-0.997635,RUNNING,-0.997635,Run1
635,06/12/2026 02:12,19,-0.997635,RUNNING,19,-0.997635,RUNNING,19,-0.997635,RUNNING,-0.997635,Run1
636,06/12/2026 02:13,19,-0.997635,RUNNING,19,-0.997635,RUNNING,19,-0.997635,RUNNING,-0.997635,Run1
637,06/12/2026 02:14,19,-0.997635,RUNNING,19,-0.997635,RUNNING,19,-0.997635,RUNNING,-0.997635,Run1
638,06/12/2026 02:15,19,-0.997635,RUNNING,19,-0.997635,RUNNING,19,-0.997635,RUNNING,-0.997635,Run1
639,06/12/2026 02:16,19,-0.997635,RUNNING,19,-0.997635,RUNNING,19,-0.997635,RUNNING,-0.997635,Run1
640,06/12/2026 02:17,19,-0.997635,RUNNING,19,-0.997635,RUNNING,19,-0.997635,RUNNING,-0.997635,Run1
641,06/12/2026 02:18,19,-0.997635,RUNNING,19,-0.997635,RUNNING,19,-0.997635,RUNNING,-0.997635,Run1
642,06/12/2026 02:19,19,-0.997635,RUNNING,19,-0.997635,RUNNING,19,-0.997635,RUNNING,-0.997635,Run1
643,06/12/2026 02:20,19,-0.997635,RUNNING,19,-0.997635,RUNNING,19,-0.997635,RUNNING,-0.997635,Run1
644,06/12/2026 02:21,19,-0.997635,RUNNING,19,-0.997635,RUNNING,19,-0.997635,RUNNING,-0.997635,Run1
645,06/12/2026 02:22,19,-0.997635,RUNNING,19,-0.997635,RUNNING,19,-0.997635,RUNNING,-0.997635,Run1
646,06/12/2026 02:23,19,-0.997635,RUNNING,19,-0.997635,RUNNING,19,-0.997635,RUNNING,-0.997635,Run1
647,06/12/2026 02:24,19,-0.997635,RUNNING,19,-0.997635,RUNNING,19,-0.997635,RUNNING,-0.997635,Run1
648,06/12/2026 02:25,19,-0.997635,RUNNING,19,-0.997635,RUNNING,19,-0.997635,RUNNING,-0.997635,Run1
649,06/12/2026 02:26,19,-0.997635,RUNNING,19,-0.997635,RUNNING,19,-0.997635,RUNNING,-0.997635,Run1
650,06/12/2026 02:27,19,-0.997635,RUNNING,19,-0.997635,RUNNING,19,-0.997635,RUNNING,-0.997635,Run1
651,06/12/2026 02:28,19,-0.997635,RUNNING,19,-0.997635,RUNNING,19,-0.997635,RUNNING,-0.997635,Run1
652,06/12/2026 02:29,19,-0.997635,RUNNING,19,-0.997635,RUNNING,19,-0.997635,RUNNING,-0.997635,Run1
653,06/12/2026 02:30,19,-0.997635,RUNNING,19,-0.997635,RUNNING,19,-0.997635,RUNNING,-0.997635,Run1
654,06/12/2026 02:31,19,-0.997635,RUNNING,19,-0.997635,RUNNING,19,-0.997635,RUNNING,-0.997635,Run1
655,06/12/2026 02:32,19,-0.997635,RUNNING,19,-0.997635,RUNNING,19,-0.997635,RUNNING,-0.997635,Run1
656,06/12/2026 02:33,19,-0.997635,RUNNING,19,-0.997635,RUNNING,19,-0.997635,RUNNING,-0.997635,Run1
657,06/12/2026 02:34,19,-0.997635,RUNNING,19,-0.997635,RUNNING,19,-0.997635,RUNNING,-0.997635,Run1
658,06/12/2026 02:35,19,-0.997635,RUNNING,19,-0.997635,RUNNING,19,-0.997635,RUNNING,-0.997635,Run1
659,06/12/2026 02:36,19,-0.997635,RUNNING,19,-0.997635,RUNNING,19,-0.997635,RUNNING,-0.997635,Run1
660,06/12/2026 02:37,19,-0.997635,RUNNING,19,-0.997635,RUNNING,19,-0.997635,RUNNING,-0.997635,Run1
661,06/12/2026 02:38,19,-0.997635,RUNNING,19,-0.997635,RUNNING,19,-0.997635,RUNNING,-0.997635,Run1
662,06/12/2026 02:39,19,-0.997635,RUNNING,19,-0.997635,RUNNING,19,-0.997635,RUNNING,-0.997635,Run1
663,06/12/2026 02:40,19,-0.997635,RUNNING,19,-0.997635,RUNNING,19,-0.997635,RUNNING,-0.997635,Run1
664,06/12/2026 02:41,19,-0.997635,RUNNING,19,-0.997635,RUNNING,19,-0.997635,RUNNING,-0.997635,Run1
665,06/12/2026 02:42,19,-0.997635,RUNNING,19,-0.997635,RUNNING,19,-0.997635,RUNNING,-0.997635,Run1
666,06/12/2026 02:43,19,-0.997635,RUNNING,19,-0.997635,RUNNING,19,-0.997635,RUNNING,-0.997635,Run1
667,06/12/2026 02:44,19,-0.997635,RUNNING,19,-0.997635,RUNNING,19,-0.997635,RUNNING,-0.997635,Run1
668,06/12/2026 02:45,19,-0.997635,RUNNING,19,-0.997635,RUNNING,19,-0.997635,RUNNING,-0.997635,Run1
669,06/12/2026 02:46,19,-0.997635,RUNNING,19,-0.997635,RUNNING,19,-0.997635,RUNNING,-0.997635,Run1
670,06/12/2026 02:47,19,-0.997635,RUNNING,19,-0.997635,RUNNING,19,-0.997635,RUNNING,-0.997635,Run1
671,06/12/2026 02:48,19,-0.997635,RUNNING,19,-0.997635,RUNNING,19,-0.997635,RUNNING,-0.997635,Run1
672,06/12/2026 02:49,19,-0.997635,RUNNING,19,-0.997635,RUNNING,19,-0.997635,RUNNING,-0.997635,Run1
673,06/12/2026 02:50,19,-0.997635,RUNNING,19,-0.997635,RUNNING,19,-0.997635,RUNNING,-0.997635,Run1
674,06/12/2026 02:51,19,-0.997635,RUNNING,19,-0.997635,RUNNING,19,-0.997635,RUNNING,-0.997635,Run1
675,06/12/2026 02:52,19,-0.997635,RUNNING,19,-0.997635,RUNNING,19,-0.997635,RUNNING,-0.997635,Run1
676,06/12/2026 02:53,19,-0.997635,RUNNING,19,-0.997635,RUNNING,19,-0.997635,RUNNING,-0.997635,Run1
677,06/12/2026 02:54,19,-0.997635,RUNNING,19,-0.997635,RUNNING,19,-0.997635,RUNNING,-0.997635,Run1
678,06/12/2026 02:55,19,-0.997635,RUNNING,19,-0.997635,RUNNING,19,-0.997635,RUNNING,-0.997635,Run1
679,06/12/2026 02:56,19,-0.997635,RUNNING,19,-0.997635,RUNNING,19,-0.997635,RUNNING,-0.997635,Run1
680,06/12/2026 02:57,19,-0.997635,RUNNING,19,-0.997635,RUNNING,19,-0.997635,RUNNING,-0.997635,Run1
681,06/12/2026 02:58,19,-0.997635,RUNNING,19,-0.997635,RUNNING,19,-0.997635,RUNNING,-0.997635,Run1
682,06/12/2026 02:59,19,-0.997635,RUNNING,19,-0.997635,RUNNING,19,-0.997635,RUNNING,-0.997635,Run1
683,06/12/2026 03:00,19,-0.997635,RUNNING,19,-0.997635,RUNNING,19,-0.997635,RUNNING,-0.997635,Run1
684,06/12/2026 03:01,19,-0.997635,RUNNING,19,-0.997635,RUNNING,19,-0.997635,RUNNING,-0.997635,Run1
685,06/12/2026 03:02,19,-0.997635,RUNNING,19,-0.997635,RUNNING,19,-0.997635,RUNNING,-0.997635,Run1
686,06/12/2026 03:03,19,-0.997635,RUNNING,19,-0.997635,RUNNING,19,-0.997635,RUNNING,-0.997635,Run1
687,06/12/2026 03:04,19,-0.997635,RUNNING,19,-0.997635,RUNNING,19,-0.997635,RUNNING,-0.997635,Run1
688,06/12/2026 03:05,19,-0.997635,RUNNING,19,-0.997635,RUNNING,19,-0.997635,RUNNING,-0.997635,Run1
689,06/12/2026 03:06,19,-0.997635,RUNNING,19,-0.997635,RUNNING,19,-0.997635,RUNNING,-0.997635,Run1
690,06/12/2026 03:07,19,-0.997635,RUNNING,19,-0.997635,RUNNING,19,-0.997635,RUNNING,-0.997635,Run1
691,06/12/2026 03:08,19,-0.997635,RUNNING,19,-0.997635,RUNNING,19,-0.997635,RUNNING,-0.997635,Run1
692,06/12/2026 03:09,19,-0.997635,RUNNING,19,-0.997635,RUNNING,19,-0.997635,RUNNING,-0.997635,Run1
693,06/12/2026 03:10,19,-0.997635,RUNNING,19,-0.997635,RUNNING,19,-0.997635,RUNNING,-0.997635,Run1
694,06/12/2026 03:11,19,-0.997635,RUNNING,19,-0.997635,RUNNING,19,-0.997635,RUNNING,-0.997635,Run1
695,06/12/2026 03:12,19,-0.997635,RUNNING,19,-0.997635,RUNNING,19,-0.997635,RUNNING,-0.997635,Run1
696,06/12/2026 03:13,19,-0.997635,RUNNING,19,-0.997635,RUNNING,19,-0.997635,RUNNING,-0.997635,Run1
697,06/12/2026 03:14,19,-0.997635,RUNNING,19,-0.997635,RUNNING,19,-0.997635,RUNNING,-0.997635,Run1
698,06/12/2026 03:15,19,-0.997635,RUNNING,19,-0.997635,RUNNING,19,-0.997635,RUNNING,-0.997635,Run1
699,06/12/2026 03:16,19,-0.997635,RUNNING,19,-0.997635,RUNNING,19,-0.997635,RUNNING,-0.997635,Run1
700,06/12/2026 03:17,19,-0.997635,RUNNING,19,-0.997635,RUNNING,19,-0.997635,RUNNING,-0.997635,Run1
701,06/12/2026 03:18,19,-0.997635,RUNNING,19,-0.997635,RUNNING,19,-0.997635,RUNNING,-0.997635,Run1
702,06/12/2026 03:19,19,-0.997635,RUNNING,19,-0.997635,RUNNING,19,-0.997635,RUNNING,-0.997635,Run1
703,06/12/2026 03:20,19,-0.997635,RUNNING,19,-0.997635,RUNNING,19,-0.997635,RUNNING,-0.997635,Run1
704,06/12/2026 03:21,19,-0.997635,RUNNING,19,-0.997635,RUNNING,19,-0.997635,RUNNING,-0.997635,Run1
705,06/12/2026 03:22,19,-0.997635,RUNNING,19,-0.997635,RUNNING,19,-0.997635,RUNNING,-0.997635,Run1
706,06/12/2026 03:24,19,-0.997635,RUNNING,19,-0.997635,RUNNING,19,-0.997635,RUNNING,-0.997635,Run1
707,06/12/2026 03:25,19,-0.997635,RUNNING,19,-0.997635,RUNNING,19,-0.997635,RUNNING,-0.997635,Run1
708,06/12/2026 03:26,19,-0.997635,RUNNING,19,-0.997635,RUNNING,19,-0.997635,RUNNING,-0.997635,Run1
709,06/12/2026 03:27,19,-0.997635,RUNNING,19,-0.997635,RUNNING,19,-0.997635,RUNNING,-0.997635,Run1
710,06/12/2026 03:28,19,-0.997635,RUNNING,19,-0.997635,RUNNING,19,-0.997635,RUNNING,-0.997635,Run1
711,06/12/2026 03:29,19,-0.997635,RUNNING,19,-0.997635,RUNNING,19,-0.997635,RUNNING,-0.997635,Run1
712,06/12/2026 03:30,19,-0.997635,RUNNING,19,-0.997635,RUNNING,19,-0.997635,RUNNING,-0.997635,Run1
713,06/12/2026 03:31,19,-0.997635,RUNNING,19,-0.997635,RUNNING,19,-0.997635,RUNNING,-0.997635,Run1
714,06/12/2026 03:32,19,-0.997635,RUNNING,19,-0.997635,RUNNING,19,-0.997635,RUNNING,-0.997635,Run1
715,06/12/2026 03:33,19,-0.997635,RUNNING,19,-0.997635,RUNNING,19,-0.997635,RUNNING,-0.997635,Run1
716,06/12/2026 03:34,19,-0.997635,RUNNING,19,-0.997635,RUNNING,19,-0.997635,RUNNING,-0.997635,Run1
717,06/12/2026 03:35,19,-0.997635,RUNNING,19,-0.997635,RUNNING,19,-0.997635,RUNNING,-0.997635,Run1
718,06/12/2026 03:36,19,-0.997635,RUNNING,19,-0.997635,RUNNING,19,-0.997635,RUNNING,-0.997635,Run1
719,06/12/2026 03:37,19,-0.997635,RUNNING,19,-0.997635,RUNNING,19,-0.997635,RUNNING,-0.997635,Run1
720,06/12/2026 03:38,19,-0.997635,RUNNING,19,-0.997635,RUNNING,19,-0.997635,RUNNING,-0.997635,Run1
721,06/12/2026 03:39,19,-0.997635,RUNNING,19,-0.997635,RUNNING,19,-0.997635,RUNNING,-0.997635,Run1
722,06/12/2026 03:40,19,-0.997635,RUNNING,19,-0.997635,RUNNING,19,-0.997635,RUNNING,-0.997635,Run1
723,06/12/2026 03:41,19,-0.997635,RUNNING,19,-0.997635,RUNNING,19,-0.997635,RUNNING,-0.997635,Run1
724,06/12/2026 03:42,19,-0.997635,RUNNING,19,-0.997635,RUNNING,19,-0.997635,RUNNING,-0.997635,Run1
725,06/12/2026 03:43,19,-0.997635,RUNNING,19,-0.997635,RUNNING,19,-0.997635,RUNNING,-0.997635,Run1
726,06/12/2026 03:44,19,-0.997635,RUNNING,19,-0.997635,RUNNING,19,-0.997635,RUNNING,-0.997635,Run1
727,06/12/2026 03:45,19,-0.997635,RUNNING,19,-0.997635,RUNNING,19,-0.997635,RUNNING,-0.997635,Run1
728,06/12/2026 03:46,19,-0.997635,RUNNING,19,-0.997635,RUNNING,19,-0.997635,RUNNING,-0.997635,Run1
729,06/12/2026 03:47,19,-0.997635,RUNNING,19,-0.997635,RUNNING,19,-0.997635,RUNNING,-0.997635,Run1
730,06/12/2026 03:48,19,-0.997635,RUNNING,19,-0.997635,RUNNING,19,-0.997635,RUNNING,-0.997635,Run1
731,06/12/2026 03:49,19,-0.997635,RUNNING,19,-0.997635,RUNNING,19,-0.997635,RUNNING,-0.997635,Run1
732,06/12/2026 03:50,19,-0.997635,RUNNING,19,-0.997635,RUNNING,19,-0.997635,RUNNING,-0.997635,Run1
733,06/12/2026 03:51,19,-0.997635,RUNNING,19,-0.997635,RUNNING,19,-0.997635,RUNNING,-0.997635,Run1
734,06/12/2026 03:52,19,-0.997635,RUNNING,19,-0.997635,RUNNING,19,-0.997635,RUNNING,-0.997635,Run1
735,06/12/2026 03:53,19,-0.997635,RUNNING,19,-0.997635,RUNNING,19,-0.997635,RUNNING,-0.997635,Run1
736,06/12/2026 03:54,19,-0.997635,RUNNING,19,-0.997635,RUNNING,19,-0.997635,RUNNING,-0.997635,Run1
737,06/12/2026 03:55,19,-0.997635,RUNNING,19,-0.997635,RUNNING,19,-0.997635,RUNNING,-0.997635,Run1
738,06/12/2026 03:56,19,-0.997635,RUNNING,19,-0.997635,RUNNING,19,-0.997635,RUNNING,-0.997635,Run1
739,06/12/2026 03:57,19,-0.997635,RUNNING,19,-0.997635,RUNNING,19,-0.997635,RUNNING,-0.997635,Run1
740,06/12/2026 03:58,19,-0.997635,RUNNING,19,-0.997635,RUNNING,19,-0.997635,RUNNING,-0.997635,Run1
741,06/12/2026 03:59,19,-0.997635,RUNNING,19,-0.997635,RUNNING,19,-0.997635,RUNNING,-0.997635,Run1
742,06/12/2026 04:00,19,-0.997635,RUNNING,19,-0.997635,RUNNING,19,-0.997635,RUNNING,-0.997635,Run1
743,06/12/2026 04:01,19,-0.997635,RUNNING,19,-0.997635,RUNNING,19,-0.997635,RUNNING,-0.997635,Run1
744,06/12/2026 04:02,19,-0.997635,RUNNING,19,-0.997635,RUNNING,19,-0.997635,RUNNING,-0.997635,Run1
745,06/12/2026 04:03,19,-0.997635,RUNNING,19,-0.997635,RUNNING,19,-0.997635,RUNNING,-0.997635,Run1
746,06/12/2026 04:04,19,-0.997635,RUNNING,19,-0.997635,RUNNING,19,-0.997635,RUNNING,-0.997635,Run1
747,06/12/2026 04:05,19,-0.997635,RUNNING,19,-0.997635,RUNNING,19,-0.997635,RUNNING,-0.997635,Run1
748,06/12/2026 04:06,19,-0.997635,RUNNING,19,-0.997635,RUNNING,19,-0.997635,RUNNING,-0.997635,Run1
749,06/12/2026 04:07,19,-0.997635,RUNNING,19,-0.997635,RUNNING,19,-0.997635,RUNNING,-0.997635,Run1
750,06/12/2026 04:08,19,-0.997635,RUNNING,19,-0.997635,RUNNING,19,-0.997635,RUNNING,-0.997635,Run1
751,06/12/2026 04:09,19,-0.997635,RUNNING,19,-0.997635,RUNNING,19,-0.997635,RUNNING,-0.997635,Run1
752,06/12/2026 04:10,19,-0.997635,RUNNING,19,-0.997635,RUNNING,19,-0.997635,RUNNING,-0.997635,Run1
753,06/12/2026 04:11,19,-0.997635,RUNNING,19,-0.997635,RUNNING,19,-0.997635,RUNNING,-0.997635,Run1
754,06/12/2026 04:12,19,-0.997635,RUNNING,19,-0.997635,RUNNING,19,-0.997635,RUNNING,-0.997635,Run1
755,06/12/2026 04:13,19,-0.997635,RUNNING,19,-0.997635,RUNNING,19,-0.997635,RUNNING,-0.997635,Run1
756,06/12/2026 04:14,19,-0.997635,RUNNING,19,-0.997635,RUNNING,19,-0.997635,RUNNING,-0.997635,Run1
757,06/12/2026 04:15,19,-0.997635,RUNNING,19,-0.997635,RUNNING,19,-0.997635,RUNNING,-0.997635,Run1
758,06/12/2026 04:16,19,-0.997635,RUNNING,19,-0.997635,RUNNING,19,-0.997635,RUNNING,-0.997635,Run1
759,06/12/2026 04:17,19,-0.997635,RUNNING,19,-0.997635,RUNNING,19,-0.997635,RUNNING,-0.997635,Run1
760,06/12/2026 04:18,19,-0.997635,RUNNING,19,-0.997635,RUNNING,19,-0.997635,RUNNING,-0.997635,Run1
761,06/12/2026 04:19,19,-0.997635,RUNNING,19,-0.997635,RUNNING,19,-0.997635,RUNNING,-0.997635,Run1
762,06/12/2026 04:20,19,-0.997635,RUNNING,19,-0.997635,RUNNING,19,-0.997635,RUNNING,-0.997635,Run1
763,06/12/2026 04:21,19,-0.997635,RUNNING,19,-0.997635,RUNNING,19,-0.997635,RUNNING,-0.997635,Run1
764,06/12/2026 04:22,19,-0.997635,RUNNING,19,-0.997635,RUNNING,19,-0.997635,RUNNING,-0.997635,Run1
765,06/12/2026 04:23,19,-0.997635,RUNNING,19,-0.997635,RUNNING,19,-0.997635,RUNNING,-0.997635,Run1
766,06/12/2026 04:24,19,-0.997635,RUNNING,19,-0.997635,RUNNING,19,-0.997635,RUNNING,-0.997635,Run1
767,06/12/2026 04:25,19,-0.997635,RUNNING,19,-0.997635,RUNNING,19,-0.997635,RUNNING,-0.997635,Run1
768,06/12/2026 04:26,19,-0.997635,RUNNING,19,-0.997635,RUNNING,19,-0.997635,RUNNING,-0.997635,Run1
769,06/12/2026 04:27,19,-0.997635,RUNNING,19,-0.997635,RUNNING,19,-0.997635,RUNNING,-0.997635,Run1
770,06/12/2026 04:28,19,-0.997635,RUNNING,19,-0.997635,RUNNING,19,-0.997635,RUNNING,-0.997635,Run1
771,06/12/2026 04:29,19,-0.997635,RUNNING,19,-0.997635,RUNNING,19,-0.997635,RUNNING,-0.997635,Run1
772,06/12/2026 04:30,19,-0.997635,RUNNING,19,-0.997635,RUNNING,19,-0.997635,RUNNING,-0.997635,Run1
773,06/12/2026 04:31,19,-0.997635,RUNNING,19,-0.997635,RUNNING,19,-0.997635,RUNNING,-0.997635,Run1
774,06/12/2026 04:32,19,-0.997635,RUNNING,19,-0.997635,RUNNING,19,-0.997635,RUNNING,-0.997635,Run1
775,06/12/2026 04:33,19,-0.997635,RUNNING,19,-0.997635,RUNNING,19,-0.997635,RUNNING,-0.997635,Run1
776,06/12/2026 04:34,19,-0.997635,RUNNING,19,-0.997635,RUNNING,19,-0.997635,RUNNING,-0.997635,Run1
777,06/12/2026 04:35,19,-0.997635,RUNNING,19,-0.997635,RUNNING,19,-0.997635,RUNNING,-0.997635,Run1
778,06/12/2026 04:36,19,-0.997635,RUNNING,19,-0.997635,RUNNING,19,-0.997635,RUNNING,-0.997635,Run1
779,06/12/2026 04:37,19,-0.997635,RUNNING,19,-0.997635,RUNNING,19,-0.997635,RUNNING,-0.997635,Run1
780,06/12/2026 04:38,19,-0.997635,RUNNING,19,-0.997635,RUNNING,19,-0.997635,RUNNING,-0.997635,Run1
781,06/12/2026 04:39,19,-0.997635,RUNNING,19,-0.997635,RUNNING,19,-0.997635,RUNNING,-0.997635,Run1
782,06/12/2026 04:40,19,-0.997635,RUNNING,19,-0.997635,RUNNING,19,-0.997635,RUNNING,-0.997635,Run1
783,06/12/2026 04:41,19,-0.997635,RUNNING,19,-0.997635,RUNNING,19,-0.997635,RUNNING,-0.997635,Run1
784,06/12/2026 04:42,19,-0.997635,RUNNING,19,-0.997635,RUNNING,19,-0.997635,RUNNING,-0.997635,Run1
785,06/12/2026 04:43,19,-0.997635,RUNNING,19,-0.997635,RUNNING,19,-0.997635,RUNNING,-0.997635,Run1
786,06/12/2026 04:44,19,-0.997635,RUNNING,19,-0.997635,RUNNING,19,-0.997635,RUNNING,-0.997635,Run1
787,06/12/2026 04:45,19,-0.997635,RUNNING,19,-0.997635,RUNNING,19,-0.997635,RUNNING,-0.997635,Run1
788,06/12/2026 04:46,19,-0.997635,RUNNING,19,-0.997635,RUNNING,19,-0.997635,RUNNING,-0.997635,Run1
789,06/12/2026 04:47,19,-0.997635,RUNNING,19,-0.997635,RUNNING,19,-0.997635,RUNNING,-0.997635,Run1
790,06/12/2026 04:48,19,-0.997635,RUNNING,19,-0.997635,RUNNING,19,-0.997635,RUNNING,-0.997635,Run1
791,06/12/2026 04:49,19,-0.997635,RUNNING,19,-0.997635,RUNNING,19,-0.997635,RUNNING,-0.997635,Run1
792,06/12/2026 04:50,19,-0.997635,RUNNING,19,-0.997635,RUNNING,19,-0.997635,RUNNING,-0.997635,Run1
793,06/12/2026 04:51,19,-0.997635,RUNNING,19,-0.997635,RUNNING,19,-0.997635,RUNNING,-0.997635,Run1
794,06/12/2026 04:52,19,-0.997635,RUNNING,19,-0.997635,RUNNING,19,-0.997635,RUNNING,-0.997635,Run1
795,06/12/2026 04:53,19,-0.997635,RUNNING,19,-0.997635,RUNNING,19,-0.997635,RUNNING,-0.997635,Run1
796,06/12/2026 04:54,19,-0.997635,RUNNING,19,-0.997635,RUNNING,19,-0.997635,RUNNING,-0.997635,Run1
797,06/12/2026 04:55,19,-0.997635,RUNNING,19,-0.997635,RUNNING,19,-0.997635,RUNNING,-0.997635,Run1
798,06/12/2026 04:56,19,-0.997635,RUNNING,19,-0.997635,RUNNING,19,-0.997635,RUNNING,-0.997635,Run1
799,06/12/2026 04:57,19,-0.997635,RUNNING,19,-0.997635,RUNNING,19,-0.997635,RUNNING,-0.997635,Run1
800,06/12/2026 04:58,19,-0.997635,RUNNING,19,-0.997635,RUNNING,19,-0.997635,RUNNING,-0.997635,Run1
801,06/12/2026 04:59,19,-0.997635,RUNNING,19,-0.997635,RUNNING,19,-0.997635,RUNNING,-0.997635,Run1
802,06/12/2026 05:00,19,-0.997635,RUNNING,19,-0.997635,RUNNING,19,-0.997635,RUNNING,-0.997635,Run1
803,06/12/2026 05:01,19,-0.997635,RUNNING,19,-0.997635,RUNNING,19,-0.997635,RUNNING,-0.997635,Run1
804,06/12/2026 05:02,19,-0.997635,RUNNING,19,-0.997635,RUNNING,19,-0.997635,RUNNING,-0.997635,Run1
805,06/12/2026 05:03,19,-0.997635,RUNNING,19,-0.997635,RUNNING,19,-0.997635,RUNNING,-0.997635,Run1
806,06/12/2026 05:04,19,-0.997635,RUNNING,19,-0.997635,RUNNING,19,-0.997635,RUNNING,-0.997635,Run1
807,06/12/2026 05:05,19,-0.997635,RUNNING,19,-0.997635,RUNNING,19,-0.997635,RUNNING,-0.997635,Run1
808,06/12/2026 05:06,19,-0.997635,RUNNING,19,-0.997635,RUNNING,19,-0.997635,RUNNING,-0.997635,Run1
809,06/12/2026 05:07,19,-0.997635,RUNNING,19,-0.997635,RUNNING,19,-0.997635,RUNNING,-0.997635,Run1
810,06/12/2026 05:08,19,-0.997635,RUNNING,19,-0.997635,RUNNING,19,-0.997635,RUNNING,-0.997635,Run1
811,06/12/2026 05:09,19,-0.997635,RUNNING,19,-0.997635,RUNNING,19,-0.997635,RUNNING,-0.997635,Run1
812,06/12/2026 05:10,19,-0.997635,RUNNING,19,-0.997635,RUNNING,19,-0.997635,RUNNING,-0.997635,Run1
813,06/12/2026 05:11,19,-0.997635,RUNNING,19,-0.997635,RUNNING,19,-0.997635,RUNNING,-0.997635,Run1
814,06/12/2026 05:12,19,-0.997635,RUNNING,19,-0.997635,RUNNING,19,-0.997635,RUNNING,-0.997635,Run1
815,06/12/2026 05:13,19,-0.997635,RUNNING,19,-0.997635,RUNNING,19,-0.997635,RUNNING,-0.997635,Run1
816,06/12/2026 05:14,19,-0.997635,RUNNING,19,-0.997635,RUNNING,19,-0.997635,RUNNING,-0.997635,Run1
817,06/12/2026 05:15,19,-0.997635,RUNNING,19,-0.997635,RUNNING,19,-0.997635,RUNNING,-0.997635,Run1
818,06/12/2026 05:16,19,-0.997635,RUNNING,19,-0.997635,RUNNING,19,-0.997635,RUNNING,-0.997635,Run1
819,06/12/2026 05:17,19,-0.997635,RUNNING,19,-0.997635,RUNNING,19,-0.997635,RUNNING,-0.997635,Run1
820,06/12/2026 05:18,19,-0.997635,RUNNING,19,-0.997635,RUNNING,19,-0.997635,RUNNING,-0.997635,Run1
821,06/12/2026 05:19,19,-0.997635,RUNNING,19,-0.997635,RUNNING,19,-0.997635,RUNNING,-0.997635,Run1
822,06/12/2026 05:20,19,-0.997635,RUNNING,19,-0.997635,RUNNING,19,-0.997635,RUNNING,-0.997635,Run1
823,06/12/2026 05:21,19,-0.997635,RUNNING,19,-0.997635,RUNNING,19,-0.997635,RUNNING,-0.997635,Run1
824,06/12/2026 05:22,19,-0.997635,RUNNING,19,-0.997635,RUNNING,19,-0.997635,RUNNING,-0.997635,Run1
825,06/12/2026 05:23,19,-0.997635,RUNNING,19,-0.997635,RUNNING,19,-0.997635,RUNNING,-0.997635,Run1
826,06/12/2026 05:24,19,-0.997635,RUNNING,19,-0.997635,RUNNING,19,-0.997635,RUNNING,-0.997635,Run1
827,06/12/2026 05:25,19,-0.997635,RUNNING,19,-0.997635,RUNNING,19,-0.997635,RUNNING,-0.997635,Run1
828,06/12/2026 05:26,19,-0.997635,RUNNING,19,-0.997635,RUNNING,19,-0.997635,RUNNING,-0.997635,Run1
829,06/12/2026 05:28,19,-0.997635,RUNNING,19,-0.997635,RUNNING,19,-0.997635,RUNNING,-0.997635,Run1
830,06/12/2026 05:29,19,-0.997635,RUNNING,19,-0.997635,RUNNING,19,-0.997635,RUNNING,-0.997635,Run1
831,06/12/2026 05:30,19,-0.997635,RUNNING,19,-0.997635,RUNNING,19,-0.997635,RUNNING,-0.997635,Run1
832,06/12/2026 05:31,19,-0.997635,RUNNING,19,-0.997635,RUNNING,19,-0.997635,RUNNING,-0.997635,Run1
833,06/12/2026 05:32,19,-0.997635,RUNNING,19,-0.997635,RUNNING,19,-0.997635,RUNNING,-0.997635,Run1
834,06/12/2026 05:33,19,-0.997635,RUNNING,19,-0.997635,RUNNING,19,-0.997635,RUNNING,-0.997635,Run1
835,06/12/2026 05:34,19,-0.997635,RUNNING,19,-0.997635,RUNNING,19,-0.997635,RUNNING,-0.997635,Run1
836,06/12/2026 05:35,19,-0.997635,RUNNING,19,-0.997635,RUNNING,19,-0.997635,RUNNING,-0.997635,Run1
837,06/12/2026 05:36,19,-0.997635,RUNNING,19,-0.997635,RUNNING,19,-0.997635,RUNNING,-0.997635,Run1
838,06/12/2026 05:37,19,-0.997635,RUNNING,19,-0.997635,RUNNING,19,-0.997635,RUNNING,-0.997635,Run1
839,06/12/2026 05:38,19,-0.997635,RUNNING,19,-0.997635,RUNNING,19,-0.997635,RUNNING,-0.997635,Run1
840,06/12/2026 05:39,19,-0.997635,RUNNING,19,-0.997635,RUNNING,19,-0.997635,RUNNING,-0.997635,Run1
841,06/12/2026 05:40,19,-0.997635,RUNNING,19,-0.997635,RUNNING,19,-0.997635,RUNNING,-0.997635,Run1
842,06/12/2026 05:41,19,-0.997635,RUNNING,19,-0.997635,RUNNING,19,-0.997635,RUNNING,-0.997635,Run1
843,06/12/2026 05:42,19,-0.997635,RUNNING,19,-0.997635,RUNNING,19,-0.997635,RUNNING,-0.997635,Run1
844,06/12/2026 05:43,19,-0.997635,RUNNING,19,-0.997635,RUNNING,19,-0.997635,RUNNING,-0.997635,Run1
845,06/12/2026 05:44,19,-0.997635,RUNNING,19,-0.997635,RUNNING,19,-0.997635,RUNNING,-0.997635,Run1
846,06/12/2026 05:45,19,-0.997635,RUNNING,19,-0.997635,RUNNING,19,-0.997635,RUNNING,-0.997635,Run1
847,06/12/2026 05:46,19,-0.997635,RUNNING,19,-0.997635,RUNNING,19,-0.997635,RUNNING,-0.997635,Run1
848,06/12/2026 05:47,19,-0.997635,RUNNING,19,-0.997635,RUNNING,19,-0.997635,RUNNING,-0.997635,Run1
849,06/12/2026 05:48,19,-0.997635,RUNNING,19,-0.997635,RUNNING,19,-0.997635,RUNNING,-0.997635,Run1
850,06/12/2026 05:49,19,-0.997635,RUNNING,19,-0.997635,RUNNING,19,-0.997635,RUNNING,-0.997635,Run1
851,06/12/2026 05:50,19,-0.997635,RUNNING,19,-0.997635,RUNNING,19,-0.997635,RUNNING,-0.997635,Run1
852,06/12/2026 05:51,19,-0.997635,RUNNING,19,-0.997635,RUNNING,19,-0.997635,RUNNING,-0.997635,Run1
853,06/12/2026 05:52,19,-0.997635,RUNNING,19,-0.997635,RUNNING,19,-0.997635,RUNNING,-0.997635,Run1
854,06/12/2026 05:53,19,-0.997635,RUNNING,19,-0.997635,RUNNING,19,-0.997635,RUNNING,-0.997635,Run1
855,06/12/2026 05:54,19,-0.997635,RUNNING,19,-0.997635,RUNNING,19,-0.997635,RUNNING,-0.997635,Run1
856,06/12/2026 05:55,19,-0.997635,RUNNING,19,-0.997635,RUNNING,19,-0.997635,RUNNING,-0.997635,Run1
857,06/12/2026 05:56,19,-0.997635,RUNNING,19,-0.997635,RUNNING,19,-0.997635,RUNNING,-0.997635,Run1
858,06/12/2026 05:57,19,-0.997635,RUNNING,19,-0.997635,RUNNING,19,-0.997635,RUNNING,-0.997635,Run1
859,06/12/2026 05:58,19,-0.997635,RUNNING,19,-0.997635,RUNNING,19,-0.997635,RUNNING,-0.997635,Run1
860,06/12/2026 05:59,19,-0.997635,RUNNING,19,-0.997635,RUNNING,19,-0.997635,RUNNING,-0.997635,Run1
861,06/12/2026 06:00,19,-0.997635,RUNNING,19,-0.997635,RUNNING,19,-0.997635,RUNNING,-0.997635,Run1
862,06/12/2026 06:01,19,-0.997635,RUNNING,19,-0.997635,RUNNING,19,-0.997635,RUNNING,-0.997635,Run1
863,06/12/2026 06:02,19,-0.997635,RUNNING,19,-0.997635,RUNNING,19,-0.997635,RUNNING,-0.997635,Run1
864,06/12/2026 06:03,19,-0.997635,RUNNING,19,-0.997635,RUNNING,19,-0.997635,RUNNING,-0.997635,Run1
865,06/12/2026 06:04,19,-0.997635,RUNNING,19,-0.997635,RUNNING,19,-0.997635,RUNNING,-0.997635,Run1
866,06/12/2026 06:05,19,-0.997635,RUNNING,19,-0.997635,RUNNING,19,-0.997635,RUNNING,-0.997635,Run1
867,06/12/2026 06:06,19,-0.997635,RUNNING,19,-0.997635,RUNNING,19,-0.997635,RUNNING,-0.997635,Run1
868,06/12/2026 06:07,19,-0.997635,RUNNING,19,-0.997635,RUNNING,19,-0.997635,RUNNING,-0.997635,Run1
869,06/12/2026 06:08,19,-0.997635,RUNNING,19,-0.997635,RUNNING,19,-0.997635,RUNNING,-0.997635,Run1
870,06/12/2026 06:09,19,-0.997635,RUNNING,19,-0.997635,RUNNING,19,-0.997635,RUNNING,-0.997635,Run1
871,06/12/2026 06:10,19,-0.997635,RUNNING,19,-0.997635,RUNNING,19,-0.997635,RUNNING,-0.997635,Run1
872,06/12/2026 06:11,19,-0.997635,RUNNING,19,-0.997635,RUNNING,19,-0.997635,RUNNING,-0.997635,Run1
873,06/12/2026 06:12,19,-0.997635,RUNNING,19,-0.997635,RUNNING,19,-0.997635,RUNNING,-0.997635,Run1
874,06/12/2026 06:13,19,-0.997635,RUNNING,19,-0.997635,RUNNING,19,-0.997635,RUNNING,-0.997635,Run1
875,06/12/2026 06:14,19,-0.997635,RUNNING,19,-0.997635,RUNNING,19,-0.997635,RUNNING,-0.997635,Run1
876,06/12/2026 06:15,19,-0.997635,RUNNING,19,-0.997635,RUNNING,19,-0.997635,RUNNING,-0.997635,Run1
877,06/12/2026 06:16,19,-0.997635,RUNNING,19,-0.997635,RUNNING,19,-0.997635,RUNNING,-0.997635,Run1
878,06/12/2026 06:17,19,-0.997635,RUNNING,19,-0.997635,RUNNING,19,-0.997635,RUNNING,-0.997635,Run1
879,06/12/2026 06:18,19,-0.997635,RUNNING,19,-0.997635,RUNNING,19,-0.997635,RUNNING,-0.997635,Run1
880,06/12/2026 06:19,19,-0.997635,RUNNING,19,-0.997635,RUNNING,19,-0.997635,RUNNING,-0.997635,Run1
881,06/12/2026 06:20,19,-0.997635,RUNNING,19,-0.997635,RUNNING,19,-0.997635,RUNNING,-0.997635,Run1
882,06/12/2026 06:21,19,-0.997635,RUNNING,19,-0.997635,RUNNING,19,-0.997635,RUNNING,-0.997635,Run1
883,06/12/2026 06:22,19,-0.997635,RUNNING,19,-0.997635,RUNNING,19,-0.997635,RUNNING,-0.997635,Run1
884,06/12/2026 06:23,19,-0.997635,RUNNING,19,-0.997635,RUNNING,19,-0.997635,RUNNING,-0.997635,Run1
885,06/12/2026 06:24,19,-0.997635,RUNNING,19,-0.997635,RUNNING,19,-0.997635,RUNNING,-0.997635,Run1
886,06/12/2026 06:25,19,-0.997635,RUNNING,19,-0.997635,RUNNING,19,-0.997635,RUNNING,-0.997635,Run1
887,06/12/2026 06:26,19,-0.997635,RUNNING,19,-0.997635,RUNNING,19,-0.997635,RUNNING,-0.997635,Run1
888,06/12/2026 06:27,19,-0.997635,RUNNING,19,-0.997635,RUNNING,19,-0.997635,RUNNING,-0.997635,Run1
889,06/12/2026 06:28,19,-0.997635,RUNNING,19,-0.997635,RUNNING,19,-0.997635,RUNNING,-0.997635,Run1
890,06/12/2026 06:29,19,-0.997635,RUNNING,19,-0.997635,RUNNING,19,-0.997635,RUNNING,-0.997635,Run1
891,06/12/2026 06:30,19,-0.997635,RUNNING,19,-0.997635,RUNNING,19,-0.997635,RUNNING,-0.997635,Run1
892,06/12/2026 06:31,19,-0.997635,RUNNING,19,-0.997635,RUNNING,19,-0.997635,RUNNING,-0.997635,Run1
893,06/12/2026 06:32,19,-0.997635,RUNNING,19,-0.997635,RUNNING,19,-0.997635,RUNNING,-0.997635,Run1
894,06/12/2026 06:33,19,-0.997635,RUNNING,19,-0.997635,RUNNING,19,-0.997635,RUNNING,-0.997635,Run1
895,06/12/2026 06:34,19,-0.997635,RUNNING,19,-0.997635,RUNNING,19,-0.997635,RUNNING,-0.997635,Run1
896,06/12/2026 06:35,19,-0.997635,RUNNING,19,-0.997635,RUNNING,19,-0.997635,RUNNING,-0.997635,Run1
897,06/12/2026 06:36,19,-0.997635,RUNNING,19,-0.997635,RUNNING,19,-0.997635,RUNNING,-0.997635,Run1
898,06/12/2026 06:37,19,-0.997635,RUNNING,19,-0.997635,RUNNING,19,-0.997635,RUNNING,-0.997635,Run1
899,06/12/2026 06:38,19,-0.997635,RUNNING,19,-0.997635,RUNNING,19,-0.997635,RUNNING,-0.997635,Run1
900,06/12/2026 06:39,19,-0.997635,RUNNING,19,-0.997635,RUNNING,19,-0.997635,RUNNING,-0.997635,Run1
901,06/12/2026 06:40,19,-0.997635,RUNNING,19,-0.997635,RUNNING,19,-0.997635,RUNNING,-0.997635,Run1
902,06/12/2026 06:41,19,-0.997635,RUNNING,19,-0.997635,RUNNING,19,-0.997635,RUNNING,-0.997635,Run1
903,06/12/2026 06:42,19,-0.997635,RUNNING,19,-0.997635,RUNNING,19,-0.997635,RUNNING,-0.997635,Run1
904,06/12/2026 06:43,19,-0.997635,RUNNING,19,-0.997635,RUNNING,19,-0.997635,RUNNING,-0.997635,Run1
905,06/12/2026 06:44,19,-0.997635,RUNNING,19,-0.997635,RUNNING,19,-0.997635,RUNNING,-0.997635,Run1
906,06/12/2026 06:45,19,-0.997635,RUNNING,19,-0.997635,RUNNING,19,-0.997635,RUNNING,-0.997635,Run1
907,06/12/2026 06:46,19,-0.997635,RUNNING,19,-0.997635,RUNNING,19,-0.997635,RUNNING,-0.997635,Run1
908,06/12/2026 06:47,19,-0.997635,RUNNING,19,-0.997635,RUNNING,19,-0.997635,RUNNING,-0.997635,Run1
909,06/12/2026 06:48,19,-0.997635,RUNNING,19,-0.997635,RUNNING,19,-0.997635,RUNNING,-0.997635,Run1
910,06/12/2026 06:49,19,-0.997635,RUNNING,19,-0.997635,RUNNING,19,-0.997635,RUNNING,-0.997635,Run1
911,06/12/2026 06:50,19,-0.997635,RUNNING,19,-0.997635,RUNNING,19,-0.997635,RUNNING,-0.997635,Run1
912,06/12/2026 06:51,19,-0.997635,RUNNING,19,-0.997635,RUNNING,19,-0.997635,RUNNING,-0.997635,Run1
913,06/12/2026 06:52,19,-0.997635,RUNNING,19,-0.997635,RUNNING,19,-0.997635,RUNNING,-0.997635,Run1
914,06/12/2026 06:53,19,-0.997635,RUNNING,19,-0.997635,RUNNING,19,-0.997635,RUNNING,-0.997635,Run1
915,06/12/2026 06:54,19,-0.997635,RUNNING,19,-0.997635,RUNNING,19,-0.997635,RUNNING,-0.997635,Run1
916,06/12/2026 06:55,19,-0.997635,RUNNING,19,-0.997635,RUNNING,19,-0.997635,RUNNING,-0.997635,Run1
917,06/12/2026 06:56,19,-0.997635,RUNNING,19,-0.997635,RUNNING,19,-0.997635,RUNNING,-0.997635,Run1
918,06/12/2026 06:57,19,-0.997635,RUNNING,19,-0.997635,RUNNING,19,-0.997635,RUNNING,-0.997635,Run1
919,06/12/2026 06:58,19,-0.997635,RUNNING,19,-0.997635,RUNNING,19,-0.997635,RUNNING,-0.997635,Run1
920,06/12/2026 06:59,19,-0.997635,RUNNING,19,-0.997635,RUNNING,19,-0.997635,RUNNING,-0.997635,Run1
921,06/12/2026 07:00,19,-0.997635,RUNNING,19,-0.997635,RUNNING,19,-0.997635,RUNNING,-0.997635,Run1
922,06/12/2026 07:01,19,-0.997635,RUNNING,19,-0.997635,RUNNING,19,-0.997635,RUNNING,-0.997635,Run1
923,06/12/2026 07:02,19,-0.997635,RUNNING,19,-0.997635,RUNNING,19,-0.997635,RUNNING,-0.997635,Run1
924,06/12/2026 07:03,19,-0.997635,RUNNING,19,-0.997635,RUNNING,19,-0.997635,RUNNING,-0.997635,Run1
925,06/12/2026 07:04,19,-0.997635,RUNNING,19,-0.997635,RUNNING,19,-0.997635,RUNNING,-0.997635,Run1
926,06/12/2026 07:05,19,-0.997635,RUNNING,19,-0.997635,RUNNING,19,-0.997635,RUNNING,-0.997635,Run1
927,06/12/2026 07:06,19,-0.997635,RUNNING,19,-0.997635,RUNNING,19,-0.997635,RUNNING,-0.997635,Run1
928,06/12/2026 07:07,19,-0.997635,RUNNING,19,-0.997635,RUNNING,19,-0.997635,RUNNING,-0.997635,Run1
929,06/12/2026 07:08,19,-0.997635,RUNNING,19,-0.997635,RUNNING,19,-0.997635,RUNNING,-0.997635,Run1
930,06/12/2026 07:09,19,-0.997635,RUNNING,19,-0.997635,RUNNING,19,-0.997635,RUNNING,-0.997635,Run1
931,06/12/2026 07:10,19,-0.997635,RUNNING,19,-0.997635,RUNNING,19,-0.997635,RUNNING,-0.997635,Run1
932,06/12/2026 07:11,19,-0.997635,RUNNING,19,-0.997635,RUNNING,19,-0.997635,RUNNING,-0.997635,Run1
933,06/12/2026 07:12,19,-0.997635,RUNNING,19,-0.997635,RUNNING,19,-0.997635,RUNNING,-0.997635,Run1
934,06/12/2026 07:13,19,-0.997635,RUNNING,19,-0.997635,RUNNING,19,-0.997635,RUNNING,-0.997635,Run1
935,06/12/2026 07:14,19,-0.997635,RUNNING,19,-0.997635,RUNNING,19,-0.997635,RUNNING,-0.997635,Run1
936,06/12/2026 07:15,19,-0.997635,RUNNING,19,-0.997635,RUNNING,19,-0.997635,RUNNING,-0.997635,Run1
937,06/12/2026 07:16,19,-0.997635,RUNNING,19,-0.997635,RUNNING,19,-0.997635,RUNNING,-0.997635,Run1
938,06/12/2026 07:17,19,-0.997635,RUNNING,19,-0.997635,RUNNING,19,-0.997635,RUNNING,-0.997635,Run1
939,06/12/2026 07:18,19,-0.997635,RUNNING,19,-0.997635,RUNNING,19,-0.997635,RUNNING,-0.997635,Run1
940,06/12/2026 07:19,19,-0.997635,RUNNING,19,-0.997635,RUNNING,19,-0.997635,RUNNING,-0.997635,Run1
941,06/12/2026 07:20,19,-0.997635,RUNNING,19,-0.997635,RUNNING,19,-0.997635,RUNNING,-0.997635,Run1
942,06/12/2026 07:21,19,-0.997635,RUNNING,19,-0.997635,RUNNING,19,-0.997635,RUNNING,-0.997635,Run1
943,06/12/2026 07:22,19,-0.997635,RUNNING,19,-0.997635,RUNNING,19,-0.997635,RUNNING,-0.997635,Run1
944,06/12/2026 07:23,19,-0.997635,RUNNING,19,-0.997635,RUNNING,19,-0.997635,RUNNING,-0.997635,Run1
945,06/12/2026 07:24,19,-0.997635,RUNNING,19,-0.997635,RUNNING,19,-0.997635,RUNNING,-0.997635,Run1
946,06/12/2026 07:25,19,-0.997635,RUNNING,19,-0.997635,RUNNING,19,-0.997635,RUNNING,-0.997635,Run1
947,06/12/2026 07:26,19,-0.997635,RUNNING,19,-0.997635,RUNNING,19,-0.997635,RUNNING,-0.997635,Run1
948,06/12/2026 07:27,19,-0.997635,RUNNING,19,-0.997635,RUNNING,19,-0.997635,RUNNING,-0.997635,Run1
949,06/12/2026 07:28,19,-0.997635,RUNNING,19,-0.997635,RUNNING,19,-0.997635,RUNNING,-0.997635,Run1
950,06/12/2026 07:29,19,-0.997635,RUNNING,19,-0.997635,RUNNING,19,-0.997635,RUNNING,-0.997635,Run1
951,06/12/2026 07:30,19,-0.997635,RUNNING,19,-0.997635,RUNNING,19,-0.997635,RUNNING,-0.997635,Run1
952,06/12/2026 07:31,19,-0.997635,RUNNING,19,-0.997635,RUNNING,19,-0.997635,RUNNING,-0.997635,Run1
953,06/12/2026 07:32,19,-0.997635,RUNNING,19,-0.997635,RUNNING,19,-0.997635,RUNNING,-0.997635,Run1
954,06/12/2026 07:33,19,-0.997635,RUNNING,19,-0.997635,RUNNING,19,-0.997635,RUNNING,-0.997635,Run1
955,06/12/2026 07:34,19,-0.997635,RUNNING,19,-0.997635,RUNNING,19,-0.997635,RUNNING,-0.997635,Run1
956,06/12/2026 07:35,19,-0.997635,RUNNING,19,-0.997635,RUNNING,19,-0.997635,RUNNING,-0.997635,Run1
957,06/12/2026 07:37,19,-0.997635,RUNNING,19,-0.997635,RUNNING,19,-0.997635,RUNNING,-0.997635,Run1
958,06/12/2026 07:38,19,-0.997635,RUNNING,19,-0.997635,RUNNING,19,-0.997635,RUNNING,-0.997635,Run1
959,06/12/2026 07:39,19,-0.997635,RUNNING,19,-0.997635,RUNNING,19,-0.997635,RUNNING,-0.997635,Run1
960,06/12/2026 07:40,19,-0.997635,RUNNING,19,-0.997635,RUNNING,19,-0.997635,RUNNING,-0.997635,Run1
961,06/12/2026 07:41,19,-0.997635,RUNNING,19,-0.997635,RUNNING,19,-0.997635,RUNNING,-0.997635,Run1
962,06/12/2026 07:42,19,-0.997635,RUNNING,19,-0.997635,RUNNING,19,-0.997635,RUNNING,-0.997635,Run1
963,06/12/2026 07:43,19,-0.997635,RUNNING,19,-0.997635,RUNNING,19,-0.997635,RUNNING,-0.997635,Run1
964,06/12/2026 07:44,19,-0.997635,RUNNING,19,-0.997635,RUNNING,19,-0.997635,RUNNING,-0.997635,Run1
965,06/12/2026 07:45,19,-0.997635,RUNNING,19,-0.997635,RUNNING,19,-0.997635,RUNNING,-0.997635,Run1
966,06/12/2026 07:46,19,-0.997635,RUNNING,19,-0.997635,RUNNING,19,-0.997635,RUNNING,-0.997635,Run1
967,06/12/2026 07:47,19,-0.997635,RUNNING,19,-0.997635,RUNNING,19,-0.997635,RUNNING,-0.997635,Run1
968,06/12/2026 07:48,19,-0.997635,RUNNING,19,-0.997635,RUNNING,19,-0.997635,RUNNING,-0.997635,Run1
969,06/12/2026 07:49,19,-0.997635,RUNNING,19,-0.997635,RUNNING,19,-0.997635,RUNNING,-0.997635,Run1
970,06/12/2026 07:50,19,-0.997635,RUNNING,19,-0.997635,RUNNING,19,-0.997635,RUNNING,-0.997635,Run1
971,06/12/2026 07:51,19,-0.997635,RUNNING,19,-0.997635,RUNNING,19,-0.997635,RUNNING,-0.997635,Run1
972,06/12/2026 07:52,19,-0.997635,RUNNING,19,-0.997635,RUNNING,19,-0.997635,RUNNING,-0.997635,Run1
973,06/12/2026 07:53,19,-0.997635,RUNNING,19,-0.997635,RUNNING,19,-0.997635,RUNNING,-0.997635,Run1
974,06/12/2026 07:54,19,-0.997635,RUNNING,19,-0.997635,RUNNING,19,-0.997635,RUNNING,-0.997635,Run1
975,06/12/2026 07:55,19,-0.997635,RUNNING,19,-0.997635,RUNNING,19,-0.997635,RUNNING,-0.997635,Run1
976,06/12/2026 07:56,19,-0.997635,RUNNING,19,-0.997635,RUNNING,19,-0.997635,RUNNING,-0.997635,Run1
977,06/12/2026 07:57,19,-0.997635,RUNNING,19,-0.997635,RUNNING,19,-0.997635,RUNNING,-0.997635,Run1
978,06/12/2026 07:58,19,-0.997635,RUNNING,19,-0.997635,RUNNING,19,-0.997635,RUNNING,-0.997635,Run1
979,06/12/2026 07:59,19,-0.997635,RUNNING,19,-0.997635,RUNNING,19,-0.997635,RUNNING,-0.997635,Run1
980,06/12/2026 08:00,19,-0.997635,RUNNING,19,-0.997635,RUNNING,19,-0.997635,RUNNING,-0.997635,Run1
981,06/12/2026 08:01,19,-0.997635,RUNNING,19,-0.997635,RUNNING,19,-0.997635,RUNNING,-0.997635,Run1
982,06/12/2026 08:02,19,-0.997635,RUNNING,19,-0.997635,RUNNING,19,-0.997635,RUNNING,-0.997635,Run1
983,06/12/2026 08:03,19,-0.997635,RUNNING,19,-0.997635,RUNNING,19,-0.997635,RUNNING,-0.997635,Run1
984,06/12/2026 08:04,19,-0.997635,RUNNING,19,-0.997635,RUNNING,19,-0.997635,RUNNING,-0.997635,Run1
985,06/12/2026 08:05,19,-0.997635,RUNNING,19,-0.997635,RUNNING,19,-0.997635,RUNNING,-0.997635,Run1
986,06/12/2026 08:06,19,-0.997635,RUNNING,19,-0.997635,RUNNING,19,-0.997635,RUNNING,-0.997635,Run1
987,06/12/2026 08:07,19,-0.997635,RUNNING,19,-0.997635,RUNNING,19,-0.997635,RUNNING,-0.997635,Run1
988,06/12/2026 08:08,19,-0.997635,RUNNING,19,-0.997635,RUNNING,19,-0.997635,RUNNING,-0.997635,Run1
989,06/12/2026 08:09,19,-0.997635,RUNNING,19,-0.997635,RUNNING,19,-0.997635,RUNNING,-0.997635,Run1
990,06/12/2026 08:10,19,-0.997635,RUNNING,19,-0.997635,RUNNING,19,-0.997635,RUNNING,-0.997635,Run1
991,06/12/2026 08:11,19,-0.997635,RUNNING,19,-0.997635,RUNNING,19,-0.997635,RUNNING,-0.997635,Run1
992,06/12/2026 08:12,19,-0.997635,RUNNING,19,-0.997635,RUNNING,19,-0.997635,RUNNING,-0.997635,Run1
993,06/12/2026 08:13,19,-0.997635,RUNNING,19,-0.997635,RUNNING,19,-0.997635,RUNNING,-0.997635,Run1
994,06/12/2026 08:14,19,-0.997635,RUNNING,19,-0.997635,RUNNING,19,-0.997635,RUNNING,-0.997635,Run1
995,06/12/2026 08:15,19,-0.997635,RUNNING,19,-0.997635,RUNNING,19,-0.997635,RUNNING,-0.997635,Run1
996,06/12/2026 08:16,19,-0.997635,RUNNING,19,-0.997635,RUNNING,19,-0.997635,RUNNING,-0.997635,Run1
997,06/12/2026 08:17,19,-0.997635,RUNNING,19,-0.997635,RUNNING,19,-0.997635,RUNNING,-0.997635,Run1
998,06/12/2026 08:18,19,-0.997635,RUNNING,19,-0.997635,RUNNING,19,-0.997635,RUNNING,-0.997635,Run1
999,06/12/2026 08:19,19,-0.997635,RUNNING,19,-0.997635,RUNNING,19,-0.997635,RUNNING,-0.997635,Run1
1000,06/12/2026 08:20,19,-0.997635,RUNNING,19,-0.997635,RUNNING,19,-0.997635,RUNNING,-0.997635,Run1
1001,06/12/2026 08:21,19,-0.997635,RUNNING,19,-0.997635,RUNNING,19,-0.997635,RUNNING,-0.997635,Run1
1002,06/12/2026 08:22,19,-0.997635,RUNNING,19,-0.997635,RUNNING,19,-0.997635,RUNNING,-0.997635,Run1
1003,06/12/2026 08:23,19,-0.997635,RUNNING,19,-0.997635,RUNNING,19,-0.997635,RUNNING,-0.997635,Run1
1004,06/12/2026 08:24,19,-0.997635,RUNNING,19,-0.997635,RUNNING,19,-0.997635,RUNNING,-0.997635,Run1
1005,06/12/2026 08:25,19,-0.997635,RUNNING,19,-0.997635,RUNNING,19,-0.997635,RUNNING,-0.997635,Run1
1006,06/12/2026 08:26,19,-0.997635,RUNNING,19,-0.997635,RUNNING,19,-0.997635,RUNNING,-0.997635,Run1
1007,06/12/2026 08:27,19,-0.997635,RUNNING,19,-0.997635,RUNNING,19,-0.997635,RUNNING,-0.997635,Run1
1008,06/12/2026 08:28,19,-0.997635,RUNNING,19,-0.997635,RUNNING,19,-0.997635,RUNNING,-0.997635,Run1
1009,06/12/2026 08:29,19,-0.997635,RUNNING,19,-0.997635,RUNNING,19,-0.997635,RUNNING,-0.997635,Run1
1010,06/12/2026 08:30,19,-0.997635,RUNNING,19,-0.997635,RUNNING,19,-0.997635,RUNNING,-0.997635,Run1
1011,06/12/2026 08:31,19,-0.997635,RUNNING,19,-0.997635,RUNNING,19,-0.997635,RUNNING,-0.997635,Run1
1012,06/12/2026 08:32,19,-0.997635,RUNNING,19,-0.997635,RUNNING,19,-0.997635,RUNNING,-0.997635,Run1
1013,06/12/2026 08:33,19,-0.997635,RUNNING,19,-0.997635,RUNNING,19,-0.997635,RUNNING,-0.997635,Run1
1014,06/12/2026 08:34,19,-0.997635,RUNNING,19,-0.997635,RUNNING,19,-0.997635,RUNNING,-0.997635,Run1
1015,06/12/2026 08:35,19,-0.997635,RUNNING,19,-0.997635,RUNNING,19,-0.997635,RUNNING,-0.997635,Run1
1016,06/12/2026 08:36,19,-0.997635,RUNNING,19,-0.997635,RUNNING,19,-0.997635,RUNNING,-0.997635,Run1
1017,06/12/2026 08:37,19,-0.997635,RUNNING,19,-0.997635,RUNNING,19,-0.997635,RUNNING,-0.997635,Run1
1018,06/12/2026 08:38,19,-0.997635,RUNNING,19,-0.997635,RUNNING,19,-0.997635,RUNNING,-0.997635,Run1
1019,06/12/2026 08:39,19,-0.997635,RUNNING,19,-0.997635,RUNNING,19,-0.997635,RUNNING,-0.997635,Run1
1020,06/12/2026 08:40,19,-0.997635,RUNNING,19,-0.997635,RUNNING,19,-0.997635,RUNNING,-0.997635,Run1
1021,06/12/2026 08:41,19,-0.997635,RUNNING,19,-0.997635,RUNNING,19,-0.997635,RUNNING,-0.997635,Run1
1022,06/12/2026 08:42,19,-0.997635,RUNNING,19,-0.997635,RUNNING,19,-0.997635,RUNNING,-0.997635,Run1
1023,06/12/2026 08:43,19,-0.997635,RUNNING,19,-0.997635,RUNNING,19,-0.997635,RUNNING,-0.997635,Run1
1024,06/12/2026 08:44,19,-0.997635,RUNNING,19,-0.997635,RUNNING,19,-0.997635,RUNNING,-0.997635,Run1
1025,06/12/2026 08:45,19,-0.997635,RUNNING,19,-0.997635,RUNNING,19,-0.997635,RUNNING,-0.997635,Run1
1026,06/12/2026 08:46,19,-0.997635,RUNNING,19,-0.997635,RUNNING,19,-0.997635,RUNNING,-0.997635,Run1
1027,06/12/2026 08:47,19,-0.997635,RUNNING,19,-0.997635,RUNNING,19,-0.997635,RUNNING,-0.997635,Run1
1028,06/12/2026 08:48,19,-0.997635,RUNNING,19,-0.997635,RUNNING,19,-0.997635,RUNNING,-0.997635,Run1
1029,06/12/2026 08:49,19,-0.997635,RUNNING,19,-0.997635,RUNNING,19,-0.997635,RUNNING,-0.997635,Run1
1030,06/12/2026 08:50,19,-0.997635,RUNNING,19,-0.997635,RUNNING,19,-0.997635,RUNNING,-0.997635,Run1
1031,06/12/2026 08:51,19,-0.997635,RUNNING,19,-0.997635,RUNNING,19,-0.997635,RUNNING,-0.997635,Run1
1032,06/12/2026 08:52,19,-0.997635,RUNNING,19,-0.997635,RUNNING,19,-0.997635,RUNNING,-0.997635,Run1
1033,06/12/2026 08:53,19,-0.997635,RUNNING,19,-0.997635,RUNNING,19,-0.997635,RUNNING,-0.997635,Run1
1034,06/12/2026 08:54,19,-0.997635,RUNNING,19,-0.997635,RUNNING,19,-0.997635,RUNNING,-0.997635,Run1
1035,06/12/2026 08:55,19,-0.997635,RUNNING,19,-0.997635,RUNNING,19,-0.997635,RUNNING,-0.997635,Run1
1036,06/12/2026 08:56,19,-0.997635,RUNNING,19,-0.997635,RUNNING,19,-0.997635,RUNNING,-0.997635,Run1
1037,06/12/2026 08:57,19,-0.997635,RUNNING,19,-0.997635,RUNNING,19,-0.997635,RUNNING,-0.997635,Run1
1038,06/12/2026 08:58,19,-0.997635,RUNNING,19,-0.997635,RUNNING,19,-0.997635,RUNNING,-0.997635,Run1
1039,06/12/2026 08:59,19,-0.997635,RUNNING,19,-0.997635,RUNNING,19,-0.997635,RUNNING,-0.997635,Run1
1040,06/12/2026 09:00,19,-0.997635,RUNNING,19,-0.997635,RUNNING,19,-0.997635,RUNNING,-0.997635,Run1
1041,06/12/2026 09:01,19,-0.997635,RUNNING,19,-0.997635,RUNNING,19,-0.997635,RUNNING,-0.997635,Run1
1042,06/12/2026 09:02,19,-0.997635,RUNNING,19,-0.997635,RUNNING,19,-0.997635,RUNNING,-0.997635,Run1
1043,06/12/2026 09:03,19,-0.997635,RUNNING,19,-0.997635,RUNNING,19,-0.997635,RUNNING,-0.997635,Run1
1044,06/12/2026 09:04,19,-0.997635,RUNNING,19,-0.997635,RUNNING,19,-0.997635,RUNNING,-0.997635,Run1
1045,06/12/2026 09:05,19,-0.997635,RUNNING,19,-0.997635,RUNNING,19,-0.997635,RUNNING,-0.997635,Run1
1046,06/12/2026 09:06,19,-0.997635,RUNNING,19,-0.997635,RUNNING,19,-0.997635,RUNNING,-0.997635,Run1
1047,06/12/2026 09:07,19,-0.997635,RUNNING,19,-0.997635,RUNNING,19,-0.997635,RUNNING,-0.997635,Run1
1048,06/12/2026 09:08,19,-0.997635,RUNNING,19,-0.997635,RUNNING,19,-0.997635,RUNNING,-0.997635,Run1
1049,06/12/2026 09:09,19,-0.997635,RUNNING,19,-0.997635,RUNNING,19,-0.997635,RUNNING,-0.997635,Run1
1050,06/12/2026 09:10,19,-0.997635,RUNNING,19,-0.997635,RUNNING,19,-0.997635,RUNNING,-0.997635,Run1
1051,06/12/2026 09:11,19,-0.997635,RUNNING,19,-0.997635,RUNNING,19,-0.997635,RUNNING,-0.997635,Run1
1052,06/12/2026 09:12,19,-0.997635,RUNNING,19,-0.997635,RUNNING,19,-0.997635,RUNNING,-0.997635,Run1
1053,06/12/2026 09:13,19,-0.997635,RUNNING,19,-0.997635,RUNNING,19,-0.997635,RUNNING,-0.997635,Run1
1054,06/12/2026 09:14,19,-0.997635,RUNNING,19,-0.997635,RUNNING,19,-0.997635,RUNNING,-0.997635,Run1
1055,06/12/2026 09:15,19,-0.997635,RUNNING,19,-0.997635,RUNNING,19,-0.997635,RUNNING,-0.997635,Run1
1056,06/12/2026 09:16,19,-0.997635,RUNNING,19,-0.997635,RUNNING,19,-0.997635,RUNNING,-0.997635,Run1
1057,06/12/2026 09:17,19,-0.997635,RUNNING,19,-0.997635,RUNNING,19,-0.997635,RUNNING,-0.997635,Run1
1058,06/12/2026 09:18,19,-0.997635,RUNNING,19,-0.997635,RUNNING,19,-0.997635,RUNNING,-0.997635,Run1
1059,06/12/2026 09:19,19,-0.997635,RUNNING,19,-0.997635,RUNNING,19,-0.997635,RUNNING,-0.997635,Run1
1060,06/12/2026 09:20,19,-0.997635,RUNNING,19,-0.997635,RUNNING,19,-0.997635,RUNNING,-0.997635,Run1
1061,06/12/2026 09:21,19,-0.997635,RUNNING,19,-0.997635,RUNNING,19,-0.997635,RUNNING,-0.997635,Run1
1062,06/12/2026 09:22,19,-0.997635,RUNNING,19,-0.997635,RUNNING,19,-0.997635,RUNNING,-0.997635,Run1
1063,06/12/2026 09:23,19,-0.997635,RUNNING,19,-0.997635,RUNNING,19,-0.997635,RUNNING,-0.997635,Run1
1064,06/12/2026 09:24,19,-0.997635,RUNNING,19,-0.997635,RUNNING,19,-0.997635,RUNNING,-0.997635,Run1
1065,06/12/2026 09:25,19,-0.997635,RUNNING,19,-0.997635,RUNNING,19,-0.997635,RUNNING,-0.997635,Run1
1066,06/12/2026 09:26,19,-0.997635,RUNNING,19,-0.997635,RUNNING,19,-0.997635,RUNNING,-0.997635,Run1
1067,06/12/2026 09:27,19,-0.997635,RUNNING,19,-0.997635,RUNNING,19,-0.997635,RUNNING,-0.997635,Run1
1068,06/12/2026 09:28,19,-0.997635,RUNNING,19,-0.997635,RUNNING,19,-0.997635,RUNNING,-0.997635,Run1
1069,06/12/2026 09:29,19,-0.997635,RUNNING,19,-0.997635,RUNNING,19,-0.997635,RUNNING,-0.997635,Run1
1070,06/12/2026 09:30,19,-0.997635,RUNNING,19,-0.997635,RUNNING,19,-0.997635,RUNNING,-0.997635,Run1
1071,06/12/2026 09:31,19,-0.997635,RUNNING,19,-0.997635,RUNNING,19,-0.997635,RUNNING,-0.997635,Run1
1072,06/12/2026 09:32,19,-0.997635,RUNNING,19,-0.997635,RUNNING,19,-0.997635,RUNNING,-0.997635,Run1
1073,06/12/2026 09:33,19,-0.997635,RUNNING,19,-0.997635,RUNNING,19,-0.997635,RUNNING,-0.997635,Run1
1074,06/12/2026 09:34,19,-0.997635,RUNNING,19,-0.997635,RUNNING,19,-0.997635,RUNNING,-0.997635,Run1
1075,06/12/2026 09:35,19,-0.997635,RUNNING,19,-0.997635,RUNNING,19,-0.997635,RUNNING,-0.997635,Run1
1076,06/12/2026 09:36,19,-0.997635,RUNNING,19,-0.997635,RUNNING,19,-0.997635,RUNNING,-0.997635,Run1
1077,06/12/2026 09:37,19,-0.997635,RUNNING,19,-0.997635,RUNNING,19,-0.997635,RUNNING,-0.997635,Run1
1078,06/12/2026 09:38,19,-0.997635,RUNNING,19,-0.997635,RUNNING,19,-0.997635,RUNNING,-0.997635,Run1
1079,06/12/2026 09:39,19,-0.997635,RUNNING,19,-0.997635,RUNNING,19,-0.997635,RUNNING,-0.997635,Run1
1080,06/12/2026 09:40,19,-0.997635,RUNNING,19,-0.997635,RUNNING,19,-0.997635,RUNNING,-0.997635,Run1
1081,06/12/2026 09:41,19,-0.997635,RUNNING,19,-0.997635,RUNNING,19,-0.997635,RUNNING,-0.997635,Run1
1082,06/12/2026 09:42,19,-0.997635,RUNNING,19,-0.997635,RUNNING,19,-0.997635,RUNNING,-0.997635,Run1
1083,06/12/2026 09:44,19,-0.997635,RUNNING,19,-0.997635,RUNNING,19,-0.997635,RUNNING,-0.997635,Run1
1084,06/12/2026 09:45,19,-0.997635,RUNNING,19,-0.997635,RUNNING,19,-0.997635,RUNNING,-0.997635,Run1
1085,06/12/2026 09:46,19,-0.997635,RUNNING,19,-0.997635,RUNNING,19,-0.997635,RUNNING,-0.997635,Run1
1086,06/12/2026 09:47,19,-0.997635,RUNNING,19,-0.997635,RUNNING,19,-0.997635,RUNNING,-0.997635,Run1
1087,06/12/2026 09:48,19,-0.997635,RUNNING,19,-0.997635,RUNNING,19,-0.997635,RUNNING,-0.997635,Run1
1088,06/12/2026 09:49,19,-0.997635,RUNNING,19,-0.997635,RUNNING,19,-0.997635,RUNNING,-0.997635,Run1
1089,06/12/2026 09:50,19,-0.997635,RUNNING,19,-0.997635,RUNNING,19,-0.997635,RUNNING,-0.997635,Run1
1090,06/12/2026 09:51,19,-0.997635,RUNNING,19,-0.997635,RUNNING,19,-0.997635,RUNNING,-0.997635,Run1
1091,06/12/2026 09:52,19,-0.997635,RUNNING,19,-0.997635,RUNNING,19,-0.997635,RUNNING,-0.997635,Run1
1092,06/12/2026 09:53,19,-0.997635,RUNNING,19,-0.997635,RUNNING,19,-0.997635,RUNNING,-0.997635,Run1
1093,06/12/2026 09:54,19,-0.997635,RUNNING,19,-0.997635,RUNNING,19,-0.997635,RUNNING,-0.997635,Run1
1094,06/12/2026 09:55,19,-0.997635,RUNNING,19,-0.997635,RUNNING,19,-0.997635,RUNNING,-0.997635,Run1
1095,06/12/2026 09:56,19,-0.997635,RUNNING,19,-0.997635,RUNNING,19,-0.997635,RUNNING,-0.997635,Run1
1096,06/12/2026 09:57,19,-0.997635,RUNNING,19,-0.997635,RUNNING,19,-0.997635,RUNNING,-0.997635,Run1
1097,06/12/2026 09:59,19,-0.997635,RUNNING,19,-0.997635,RUNNING,19,-0.997635,RUNNING,-0.997635,Run1
1098,06/12/2026 10:00,19,-0.997635,RUNNING,19,-0.997635,RUNNING,19,-0.997635,RUNNING,-0.997635,Run1
1099,06/12/2026 10:01,19,-0.997635,RUNNING,19,-0.997635,RUNNING,19,-0.997635,RUNNING,-0.997635,Run1
1100,06/12/2026 10:02,19,-0.997635,RUNNING,19,-0.997635,RUNNING,19,-0.997635,RUNNING,-0.997635,Run1
1101,06/12/2026 10:03,19,-0.997635,RUNNING,19,-0.997635,RUNNING,19,-0.997635,RUNNING,-0.997635,Run1
1102,06/12/2026 10:04,19,-0.997635,RUNNING,19,-0.997635,RUNNING,19,-0.997635,RUNNING,-0.997635,Run1
1103,06/12/2026 10:05,19,-0.997635,RUNNING,19,-0.997635,RUNNING,19,-0.997635,RUNNING,-0.997635,Run1
1104,06/12/2026 10:06,19,-0.997635,RUNNING,19,-0.997635,RUNNING,19,-0.997635,RUNNING,-0.997635,Run1
1105,06/12/2026 10:07,19,-0.997635,RUNNING,19,-0.997635,RUNNING,19,-0.997635,RUNNING,-0.997635,Run1
1106,06/12/2026 10:08,19,-0.997635,RUNNING,19,-0.997635,RUNNING,19,-0.997635,RUNNING,-0.997635,Run1
1107,06/12/2026 10:09,19,-0.997635,RUNNING,19,-0.997635,RUNNING,19,-0.997635,RUNNING,-0.997635,Run1
1108,06/12/2026 10:10,19,-0.997635,RUNNING,19,-0.997635,RUNNING,19,-0.997635,RUNNING,-0.997635,Run1
1109,06/12/2026 10:11,19,-0.997635,RUNNING,19,-0.997635,RUNNING,19,-0.997635,RUNNING,-0.997635,Run1
1110,06/12/2026 10:12,19,-0.997635,RUNNING,19,-0.997635,RUNNING,19,-0.997635,RUNNING,-0.997635,Run1
1111,06/12/2026 10:13,19,-0.997635,RUNNING,19,-0.997635,RUNNING,19,-0.997635,RUNNING,-0.997635,Run1
1112,06/12/2026 10:14,19,-0.997635,RUNNING,19,-0.997635,RUNNING,19,-0.997635,RUNNING,-0.997635,Run1
1113,06/12/2026 11:03,19,-0.997635,RUNNING,19,-0.997635,RUNNING,19,-0.997635,RUNNING,-0.997635,Run1
1114,06/12/2026 11:04,19,-0.997635,RUNNING,19,-0.997635,RUNNING,19,-0.997635,RUNNING,-0.997635,Run1
1115,06/12/2026 11:06,19,-0.997635,RUNNING,19,-0.997635,RUNNING,19,-0.997635,RUNNING,-0.997635,Run1
1116,06/12/2026 11:07,19,-0.997635,RUNNING,19,-0.997635,RUNNING,19,-0.997635,RUNNING,-0.997635,Run1
1117,06/12/2026 11:09,19,-0.997635,RUNNING,19,-0.997635,RUNNING,19,-0.997635,RUNNING,-0.997635,Run1
1118,06/12/2026 11:10,19,-0.997635,RUNNING,19,-0.997635,RUNNING,19,-0.997635,RUNNING,-0.997635,Run1
1119,06/12/2026 11:11,19,-0.997635,RUNNING,19,-0.997635,RUNNING,19,-0.997635,RUNNING,-0.997635,Run1
1120,06/12/2026 11:12,19,-0.997635,RUNNING,19,-0.997635,RUNNING,19,-0.997635,RUNNING,-0.997635,Run1
1121,06/12/2026 11:13,19,-0.997635,RUNNING,19,-0.997635,RUNNING,19,-0.997635,RUNNING,-0.997635,Run1
1122,06/12/2026 11:14,19,-0.997635,RUNNING,19,-0.997635,RUNNING,19,-0.997635,RUNNING,-0.997635,Run1
1123,06/12/2026 11:15,19,-0.997635,RUNNING,19,-0.997635,RUNNING,19,-0.997635,RUNNING,-0.997635,Run1
1124,06/12/2026 11:16,19,-0.997635,RUNNING,19,-0.997635,RUNNING,19,-0.997635,RUNNING,-0.997635,Run1
1125,06/12/2026 11:17,19,-0.997635,RUNNING,19,-0.997635,RUNNING,19,-0.997635,RUNNING,-0.997635,Run1
1126,06/12/2026 11:18,19,-0.997635,RUNNING,19,-0.997635,RUNNING,19,-0.997635,RUNNING,-0.997635,Run1
1127,06/12/2026 11:19,19,-0.997635,RUNNING,19,-0.997635,RUNNING,19,-0.997635,RUNNING,-0.997635,Run1
1128,06/12/2026 11:20,19,-0.997635,RUNNING,19,-0.997635,RUNNING,19,-0.997635,RUNNING,-0.997635,Run1
1129,06/12/2026 11:21,19,-0.997635,RUNNING,19,-0.997635,RUNNING,19,-0.997635,RUNNING,-0.997635,Run1
1130,06/12/2026 11:22,19,-0.997635,RUNNING,19,-0.997635,RUNNING,19,-0.997635,RUNNING,-0.997635,Run1
1131,06/12/2026 11:23,19,-0.997635,RUNNING,19,-0.997635,RUNNING,19,-0.997635,RUNNING,-0.997635,Run1
1132,06/12/2026 11:24,19,-0.997635,RUNNING,19,-0.997635,RUNNING,19,-0.997635,RUNNING,-0.997635,Run1
1133,06/12/2026 11:25,19,-0.997635,RUNNING,19,-0.997635,RUNNING,19,-0.997635,RUNNING,-0.997635,Run1
1134,06/12/2026 11:26,19,-0.997635,RUNNING,19,-0.997635,RUNNING,19,-0.997635,RUNNING,-0.997635,Run1
1135,06/12/2026 11:27,19,-0.997635,RUNNING,19,-0.997635,RUNNING,19,-0.997635,RUNNING,-0.997635,Run1
1136,06/12/2026 11:28,19,-0.997635,RUNNING,19,-0.997635,RUNNING,19,-0.997635,RUNNING,-0.997635,Run1
1137,06/12/2026 11:29,19,-0.997635,RUNNING,19,-0.997635,RUNNING,19,-0.997635,RUNNING,-0.997635,Run1
1138,06/12/2026 11:30,19,-0.997635,RUNNING,19,-0.997635,RUNNING,19,-0.997635,RUNNING,-0.997635,Run1
1139,06/12/2026 11:31,19,-0.997635,RUNNING,19,-0.997635,RUNNING,19,-0.997635,RUNNING,-0.997635,Run1
1140,06/12/2026 11:32,19,-0.997635,RUNNING,19,-0.997635,RUNNING,19,-0.997635,RUNNING,-0.997635,Run1
1141,06/12/2026 11:33,19,-0.997635,RUNNING,19,-0.997635,RUNNING,19,-0.997635,RUNNING,-0.997635,Run1
1142,06/12/2026 11:34,19,-0.997635,RUNNING,19,-0.997635,RUNNING,19,-0.997635,RUNNING,-0.997635,Run1
1143,06/12/2026 11:35,19,-0.997635,RUNNING,19,-0.997635,RUNNING,19,-0.997635,RUNNING,-0.997635,Run1
1144,06/12/2026 11:36,19,-0.997635,RUNNING,19,-0.997635,RUNNING,19,-0.997635,RUNNING,-0.997635,Run1
1145,06/12/2026 11:37,19,-0.997635,RUNNING,19,-0.997635,RUNNING,19,-0.997635,RUNNING,-0.997635,Run1
1146,06/12/2026 11:38,19,-0.997635,RUNNING,19,-0.997635,RUNNING,19,-0.997635,RUNNING,-0.997635,Run1
1147,06/12/2026 11:39,19,-0.997635,RUNNING,19,-0.997635,RUNNING,19,-0.997635,RUNNING,-0.997635,Run1
1148,06/12/2026 11:40,19,-0.997635,RUNNING,19,-0.997635,RUNNING,19,-0.997635,RUNNING,-0.997635,Run1
1149,06/12/2026 11:41,19,-0.997635,RUNNING,19,-0.997635,RUNNING,19,-0.997635,RUNNING,-0.997635,Run1
1150,06/12/2026 11:42,19,-0.997635,RUNNING,19,-0.997635,RUNNING,19,-0.997635,RUNNING,-0.997635,Run1
1151,06/12/2026 11:43,19,-0.997635,RUNNING,19,-0.997635,RUNNING,19,-0.997635,RUNNING,-0.997635,Run1
1152,06/12/2026 11:44,19,-0.997635,RUNNING,19,-0.997635,RUNNING,19,-0.997635,RUNNING,-0.997635,Run1
1153,06/12/2026 11:45,19,-0.997635,RUNNING,19,-0.997635,RUNNING,19,-0.997635,RUNNING,-0.997635,Run1
1154,06/12/2026 11:46,19,-0.997635,RUNNING,19,-0.997635,RUNNING,19,-0.997635,RUNNING,-0.997635,Run1
1155,06/12/2026 11:47,19,-0.997635,RUNNING,19,-0.997635,RUNNING,19,-0.997635,RUNNING,-0.997635,Run1
1156,06/12/2026 11:48,19,-0.997635,RUNNING,19,-0.997635,RUNNING,19,-0.997635,RUNNING,-0.997635,Run1
1157,06/12/2026 11:49,19,-0.997635,RUNNING,19,-0.997635,RUNNING,19,-0.997635,RUNNING,-0.997635,Run1
1158,06/12/2026 11:50,19,-0.997635,RUNNING,19,-0.997635,RUNNING,19,-0.997635,RUNNING,-0.997635,Run1
1159,06/12/2026 11:51,19,-0.997635,RUNNING,19,-0.997635,RUNNING,19,-0.997635,RUNNING,-0.997635,Run1
1160,06/12/2026 11:52,19,-0.997635,RUNNING,19,-0.997635,RUNNING,19,-0.997635,RUNNING,-0.997635,Run1
1161,06/12/2026 11:53,19,-0.997635,RUNNING,19,-0.997635,RUNNING,19,-0.997635,RUNNING,-0.997635,Run1
1162,06/12/2026 11:54,19,-0.997635,RUNNING,19,-0.997635,RUNNING,19,-0.997635,RUNNING,-0.997635,Run1
1163,06/12/2026 11:55,19,-0.997635,RUNNING,19,-0.997635,RUNNING,19,-0.997635,RUNNING,-0.997635,Run1
1164,06/12/2026 11:56,19,-0.997635,RUNNING,19,-0.997635,RUNNING,19,-0.997635,RUNNING,-0.997635,Run1
1165,06/12/2026 11:57,19,-0.997635,RUNNING,19,-0.997635,RUNNING,19,-0.997635,RUNNING,-0.997635,Run1
1166,06/12/2026 11:58,19,-0.997635,RUNNING,19,-0.997635,RUNNING,19,-0.997635,RUNNING,-0.997635,Run1
1167,06/12/2026 12:14,19,-0.997635,RUNNING,19,-0.997635,RUNNING,19,-0.997635,RUNNING,-0.997635,Run1
1168,06/12/2026 12:15,19,-0.997635,RUNNING,19,-0.997635,RUNNING,19,-0.997635,RUNNING,-0.997635,Run1
1169,06/12/2026 12:16,19,-0.997635,RUNNING,19,-0.997635,RUNNING,19,-0.997635,RUNNING,-0.997635,Run1
1170,06/12/2026 12:17,19,-0.997635,RUNNING,19,-0.997635,RUNNING,19,-0.997635,RUNNING,-0.997635,Run1
1171,06/12/2026 12:18,19,-0.997635,RUNNING,19,-0.997635,RUNNING,19,-0.997635,RUNNING,-0.997635,Run1
1172,06/12/2026 12:19,19,-0.997635,RUNNING,19,-0.997635,RUNNING,19,-0.997635,RUNNING,-0.997635,Run1
1173,06/12/2026 12:20,19,-0.997635,RUNNING,19,-0.997635,RUNNING,19,-0.997635,RUNNING,-0.997635,Run1
1174,06/12/2026 12:21,19,-0.997635,RUNNING,19,-0.997635,RUNNING,19,-0.997635,RUNNING,-0.997635,Run1
1175,06/12/2026 12:22,19,-0.997635,RUNNING,19,-0.997635,RUNNING,19,-0.997635,RUNNING,-0.997635,Run1
1176,06/12/2026 12:23,19,-0.997635,RUNNING,19,-0.997635,RUNNING,19,-0.997635,RUNNING,-0.997635,Run1
1177,06/12/2026 12:24,19,-0.997635,RUNNING,19,-0.997635,RUNNING,19,-0.997635,RUNNING,-0.997635,Run1
1178,06/12/2026 12:25,19,-0.997635,RUNNING,19,-0.997635,RUNNING,19,-0.997635,RUNNING,-0.997635,Run1
1179,06/12/2026 12:26,19,-0.997635,RUNNING,19,-0.997635,RUNNING,19,-0.997635,RUNNING,-0.997635,Run1
1180,06/12/2026 12:27,19,-0.997635,RUNNING,19,-0.997635,RUNNING,19,-0.997635,RUNNING,-0.997635,Run1
1181,06/12/2026 12:28,19,-0.997635,RUNNING,19,-0.997635,RUNNING,19,-0.997635,RUNNING,-0.997635,Run1
1182,06/12/2026 12:29,19,-0.997635,RUNNING,19,-0.997635,RUNNING,19,-0.997635,RUNNING,-0.997635,Run1
1183,06/12/2026 12:30,19,-0.997635,RUNNING,19,-0.997635,RUNNING,19,-0.997635,RUNNING,-0.997635,Run1
1184,06/12/2026 12:31,19,-0.997635,RUNNING,19,-0.997635,RUNNING,19,-0.997635,RUNNING,-0.997635,Run1
1185,06/12/2026 12:32,19,-0.997635,RUNNING,19,-0.997635,RUNNING,19,-0.997635,RUNNING,-0.997635,Run1
1186,06/12/2026 12:33,19,-0.997635,RUNNING,19,-0.997635,RUNNING,19,-0.997635,RUNNING,-0.997635,Run1
1187,06/12/2026 12:34,19,-0.997635,RUNNING,19,-0.997635,RUNNING,19,-0.997635,RUNNING,-0.997635,Run1
1188,06/12/2026 12:35,19,-0.997635,RUNNING,19,-0.997635,RUNNING,19,-0.997635,RUNNING,-0.997635,Run1
1189,06/12/2026 12:36,19,-0.997635,RUNNING,19,-0.997635,RUNNING,19,-0.997635,RUNNING,-0.997635,Run1
1190,06/12/2026 12:37,19,-0.997635,RUNNING,19,-0.997635,RUNNING,19,-0.997635,RUNNING,-0.997635,Run1
1191,06/12/2026 12:38,19,-0.997635,RUNNING,19,-0.997635,RUNNING,19,-0.997635,RUNNING,-0.997635,Run1
1192,06/12/2026 12:39,19,-0.997635,RUNNING,19,-0.997635,RUNNING,19,-0.997635,RUNNING,-0.997635,Run1
1193,06/12/2026 12:40,19,-0.997635,RUNNING,19,-0.997635,RUNNING,19,-0.997635,RUNNING,-0.997635,Run1
1194,06/12/2026 12:41,19,-0.997635,RUNNING,19,-0.997635,RUNNING,19,-0.997635,RUNNING,-0.997635,Run1
1195,06/12/2026 12:42,19,-0.997635,RUNNING,19,-0.997635,RUNNING,19,-0.997635,RUNNING,-0.997635,Run1
1196,06/12/2026 12:43,19,-0.997635,RUNNING,19,-0.997635,RUNNING,19,-0.997635,RUNNING,-0.997635,Run1
1197,06/12/2026 12:44,19,-0.997635,RUNNING,19,-0.997635,RUNNING,19,-0.997635,RUNNING,-0.997635,Run1
1198,06/12/2026 12:45,19,-0.997635,RUNNING,19,-0.997635,RUNNING,19,-0.997635,RUNNING,-0.997635,Run1
1199,06/12/2026 12:46,19,-0.997635,RUNNING,19,-0.997635,RUNNING,19,-0.997635,RUNNING,-0.997635,Run1
1200,06/12/2026 12:47,19,-0.997635,RUNNING,19,-0.997635,RUNNING,19,-0.997635,RUNNING,-0.997635,Run1
1201,06/12/2026 12:48,19,-0.997635,RUNNING,19,-0.997635,RUNNING,19,-0.997635,RUNNING,-0.997635,Run1
1202,06/12/2026 12:49,19,-0.997635,RUNNING,19,-0.997635,RUNNING,19,-0.997635,RUNNING,-0.997635,Run1
1203,06/12/2026 12:50,19,-0.997635,RUNNING,19,-0.997635,RUNNING,19,-0.997635,RUNNING,-0.997635,Run1
1204,06/12/2026 12:51,19,-0.997635,RUNNING,19,-0.997635,RUNNING,19,-0.997635,RUNNING,-0.997635,Run1
1205,06/12/2026 12:52,19,-0.997635,RUNNING,19,-0.997635,RUNNING,19,-0.997635,RUNNING,-0.997635,Run1
1206,06/12/2026 12:53,19,-0.997635,RUNNING,19,-0.997635,RUNNING,19,-0.997635,RUNNING,-0.997635,Run1
1207,06/12/2026 12:54,19,-0.997635,RUNNING,19,-0.997635,RUNNING,19,-0.997635,RUNNING,-0.997635,Run1
1208,06/12/2026 12:55,19,-0.997635,RUNNING,19,-0.997635,RUNNING,19,-0.997635,RUNNING,-0.997635,Run1
1209,06/12/2026 12:56,19,-0.997635,RUNNING,19,-0.997635,RUNNING,19,-0.997635,RUNNING,-0.997635,Run1
1210,06/12/2026 12:57,19,-0.997635,RUNNING,19,-0.997635,RUNNING,19,-0.997635,RUNNING,-0.997635,Run1
1211,06/12/2026 12:58,19,-0.997635,RUNNING,19,-0.997635,RUNNING,19,-0.997635,RUNNING,-0.997635,Run1
1212,06/12/2026 12:59,19,-0.997635,RUNNING,19,-0.997635,RUNNING,19,-0.997635,RUNNING,-0.997635,Run1
1213,06/12/2026 13:00,19,-0.997635,RUNNING,19,-0.997635,RUNNING,19,-0.997635,RUNNING,-0.997635,Run1
1214,06/12/2026 13:01,19,-0.997635,RUNNING,19,-0.997635,RUNNING,19,-0.997635,RUNNING,-0.997635,Run1
1215,06/12/2026 13:02,19,-0.997635,RUNNING,19,-0.997635,RUNNING,19,-0.997635,RUNNING,-0.997635,Run1
1216,06/12/2026 13:03,19,-0.997635,RUNNING,19,-0.997635,RUNNING,19,-0.997635,RUNNING,-0.997635,Run1
1217,06/12/2026 13:04,19,-0.997635,RUNNING,19,-0.997635,RUNNING,19,-0.997635,RUNNING,-0.997635,Run1
1218,06/12/2026 13:05,19,-0.997635,RUNNING,19,-0.997635,RUNNING,19,-0.997635,RUNNING,-0.997635,Run1
1219,06/12/2026 13:06,19,-0.997635,RUNNING,19,-0.997635,RUNNING,19,-0.997635,RUNNING,-0.997635,Run1
1220,06/12/2026 13:07,19,-0.997635,RUNNING,19,-0.997635,RUNNING,19,-0.997635,RUNNING,-0.997635,Run1
1221,06/12/2026 13:08,19,-0.997635,RUNNING,19,-0.997635,RUNNING,19,-0.997635,RUNNING,-0.997635,Run1
1222,06/12/2026 13:09,19,-0.997635,RUNNING,19,-0.997635,RUNNING,19,-0.997635,RUNNING,-0.997635,Run1
1223,06/12/2026 13:10,19,-0.997635,RUNNING,19,-0.997635,RUNNING,19,-0.997635,RUNNING,-0.997635,Run1
1224,06/12/2026 13:11,19,-0.997635,RUNNING,19,-0.997635,RUNNING,19,-0.997635,RUNNING,-0.997635,Run1
1225,06/12/2026 13:12,19,-0.997635,RUNNING,19,-0.997635,RUNNING,19,-0.997635,RUNNING,-0.997635,Run1
1226,06/12/2026 13:13,19,-0.997635,RUNNING,19,-0.997635,RUNNING,19,-0.997635,RUNNING,-0.997635,Run1
1227,06/12/2026 13:14,19,-0.997635,RUNNING,19,-0.997635,RUNNING,19,-0.997635,RUNNING,-0.997635,Run1
1228,06/12/2026 13:15,19,-0.997635,RUNNING,19,-0.997635,RUNNING,19,-0.997635,RUNNING,-0.997635,Run1
1229,06/12/2026 13:16,19,-0.997635,RUNNING,19,-0.997635,RUNNING,19,-0.997635,RUNNING,-0.997635,Run1
1230,06/12/2026 13:17,19,-0.997635,RUNNING,19,-0.997635,RUNNING,19,-0.997635,RUNNING,-0.997635,Run1
1231,06/12/2026 13:18,19,-0.997635,RUNNING,19,-0.997635,RUNNING,19,-0.997635,RUNNING,-0.997635,Run1
1232,06/12/2026 13:19,19,-0.997635,RUNNING,19,-0.997635,RUNNING,19,-0.997635,RUNNING,-0.997635,Run1
1233,06/12/2026 13:20,19,-0.997635,RUNNING,19,-0.997635,RUNNING,19,-0.997635,RUNNING,-0.997635,Run1
1234,06/12/2026 13:21,19,-0.997635,RUNNING,19,-0.997635,RUNNING,19,-0.997635,RUNNING,-0.997635,Run1
1235,06/12/2026 13:22,19,-0.997635,RUNNING,19,-0.997635,RUNNING,19,-0.997635,RUNNING,-0.997635,Run1
1236,06/12/2026 13:23,19,-0.997635,RUNNING,19,-0.997635,RUNNING,19,-0.997635,RUNNING,-0.997635,Run1
1237,06/12/2026 13:24,19,-0.997635,RUNNING,19,-0.997635,RUNNING,19,-0.997635,RUNNING,-0.997635,Run1
1238,06/12/2026 13:25,19,-0.997635,RUNNING,19,-0.997635,RUNNING,19,-0.997635,RUNNING,-0.997635,Run1
1239,06/12/2026 13:26,19,-0.997635,RUNNING,19,-0.997635,RUNNING,19,-0.997635,RUNNING,-0.997635,Run1
1240,06/12/2026 13:27,19,-0.997635,RUNNING,19,-0.997635,RUNNING,19,-0.997635,RUNNING,-0.997635,Run1
1241,06/12/2026 13:28,19,-0.997635,RUNNING,19,-0.997635,RUNNING,19,-0.997635,RUNNING,-0.997635,Run1
1242,06/12/2026 13:29,19,-0.997635,RUNNING,19,-0.997635,RUNNING,19,-0.997635,RUNNING,-0.997635,Run1
1243,06/12/2026 13:30,19,-0.997635,RUNNING,19,-0.997635,RUNNING,19,-0.997635,RUNNING,-0.997635,Run1
1244,06/12/2026 13:31,19,-0.997635,RUNNING,19,-0.997635,RUNNING,19,-0.997635,RUNNING,-0.997635,Run1
1245,06/12/2026 13:32,19,-0.997635,RUNNING,19,-0.997635,RUNNING,19,-0.997635,RUNNING,-0.997635,Run1
1246,06/12/2026 13:33,19,-0.997635,RUNNING,19,-0.997635,RUNNING,19,-0.997635,RUNNING,-0.997635,Run1
1247,06/12/2026 13:34,19,-0.997635,RUNNING,19,-0.997635,RUNNING,19,-0.997635,RUNNING,-0.997635,Run1
1248,06/12/2026 13:35,19,-0.997635,RUNNING,19,-0.997635,RUNNING,19,-0.997635,RUNNING,-0.997635,Run1
1249,06/12/2026 13:36,19,-0.997635,RUNNING,19,-0.997635,RUNNING,19,-0.997635,RUNNING,-0.997635,Run1
1250,06/12/2026 13:37,19,-0.997635,RUNNING,19,-0.997635,RUNNING,19,-0.997635,RUNNING,-0.997635,Run1
1251,06/12/2026 13:38,19,-0.997635,RUNNING,19,-0.997635,RUNNING,19,-0.997635,RUNNING,-0.997635,Run1
1252,06/12/2026 13:39,19,-0.997635,RUNNING,19,-0.997635,RUNNING,19,-0.997635,RUNNING,-0.997635,Run1
1253,06/12/2026 13:40,19,-0.997635,RUNNING,19,-0.997635,RUNNING,19,-0.997635,RUNNING,-0.997635,Run1
1254,06/12/2026 13:41,19,-0.997635,RUNNING,19,-0.997635,RUNNING,19,-0.997635,RUNNING,-0.997635,Run1
1255,06/12/2026 13:42,19,-0.997635,RUNNING,19,-0.997635,RUNNING,19,-0.997635,RUNNING,-0.997635,Run1
1256,06/12/2026 13:43,19,-0.997635,RUNNING,19,-0.997635,RUNNING,19,-0.997635,RUNNING,-0.997635,Run1
1257,06/12/2026 13:44,19,-0.997635,RUNNING,19,-0.997635,RUNNING,19,-0.997635,RUNNING,-0.997635,Run1
1258,06/12/2026 13:45,19,-0.997635,RUNNING,19,-0.997635,RUNNING,19,-0.997635,RUNNING,-0.997635,Run1
1259,06/12/2026 13:46,19,-0.997635,RUNNING,19,-0.997635,RUNNING,19,-0.997635,RUNNING,-0.997635,Run1
1260,06/12/2026 13:47,19,-0.997635,RUNNING,19,-0.997635,RUNNING,19,-0.997635,RUNNING,-0.997635,Run1
1261,06/12/2026 13:48,19,-0.997635,RUNNING,19,-0.997635,RUNNING,19,-0.997635,RUNNING,-0.997635,Run1
1262,06/12/2026 13:49,19,-0.997635,RUNNING,19,-0.997635,RUNNING,19,-0.997635,RUNNING,-0.997635,Run1
1263,06/12/2026 13:50,19,-0.997635,RUNNING,19,-0.997635,RUNNING,19,-0.997635,RUNNING,-0.997635,Run1
1264,06/12/2026 13:51,19,-0.997635,RUNNING,19,-0.997635,RUNNING,19,-0.997635,RUNNING,-0.997635,Run1
1265,06/12/2026 13:52,19,-0.997635,RUNNING,19,-0.997635,RUNNING,19,-0.997635,RUNNING,-0.997635,Run1
1266,06/12/2026 13:53,19,-0.997635,RUNNING,19,-0.997635,RUNNING,19,-0.997635,RUNNING,-0.997635,Run1
1267,06/12/2026 13:54,19,-0.997635,RUNNING,19,-0.997635,RUNNING,19,-0.997635,RUNNING,-0.997635,Run1
1268,06/12/2026 13:55,19,-0.997635,RUNNING,19,-0.997635,RUNNING,19,-0.997635,RUNNING,-0.997635,Run1
1269,06/12/2026 13:56,19,-0.997635,RUNNING,19,-0.997635,RUNNING,19,-0.997635,RUNNING,-0.997635,Run1
1270,06/12/2026 13:58,19,-0.997635,RUNNING,19,-0.997635,RUNNING,19,-0.997635,RUNNING,-0.997635,Run1
1271,06/12/2026 13:59,19,-0.997635,RUNNING,19,-0.997635,RUNNING,19,-0.997635,RUNNING,-0.997635,Run1
1272,06/12/2026 14:00,19,-0.997635,RUNNING,19,-0.997635,RUNNING,19,-0.997635,RUNNING,-0.997635,Run1
1273,06/12/2026 14:01,19,-0.997635,RUNNING,19,-0.997635,RUNNING,19,-0.997635,RUNNING,-0.997635,Run1
1274,06/12/2026 14:02,19,-0.997635,RUNNING,19,-0.997635,RUNNING,19,-0.997635,RUNNING,-0.997635,Run1
1275,06/12/2026 14:03,19,-0.997635,RUNNING,19,-0.997635,RUNNING,19,-0.997635,RUNNING,-0.997635,Run1
1276,06/12/2026 14:04,19,-0.997635,RUNNING,19,-0.997635,RUNNING,19,-0.997635,RUNNING,-0.997635,Run1
1277,06/12/2026 14:05,19,-0.997635,RUNNING,19,-0.997635,RUNNING,19,-0.997635,RUNNING,-0.997635,Run1
1278,06/12/2026 14:06,19,-0.997635,RUNNING,19,-0.997635,RUNNING,19,-0.997635,RUNNING,-0.997635,Run1
1279,06/12/2026 14:07,19,-0.997635,RUNNING,19,-0.997635,RUNNING,19,-0.997635,RUNNING,-0.997635,Run1
1280,06/12/2026 14:08,19,-0.997635,RUNNING,19,-0.997635,RUNNING,19,-0.997635,RUNNING,-0.997635,Run1
1281,06/12/2026 14:09,19,-0.997635,RUNNING,19,-0.997635,RUNNING,19,-0.997635,RUNNING,-0.997635,Run1
1282,06/12/2026 14:10,19,-0.997635,RUNNING,19,-0.997635,RUNNING,19,-0.997635,RUNNING,-0.997635,Run1
1283,06/12/2026 14:11,19,-0.997635,RUNNING,19,-0.997635,RUNNING,19,-0.997635,RUNNING,-0.997635,Run1
1284,06/12/2026 14:12,19,-0.997635,RUNNING,19,-0.997635,RUNNING,19,-0.997635,RUNNING,-0.997635,Run1
1285,06/12/2026 14:13,19,-0.997635,RUNNING,19,-0.997635,RUNNING,19,-0.997635,RUNNING,-0.997635,Run1
1286,06/12/2026 14:14,19,-0.997635,RUNNING,19,-0.997635,RUNNING,19,-0.997635,RUNNING,-0.997635,Run1
1287,06/12/2026 14:15,19,-0.997635,RUNNING,19,-0.997635,RUNNING,19,-0.997635,RUNNING,-0.997635,Run1
1288,06/12/2026 14:16,19,-0.997635,RUNNING,19,-0.997635,RUNNING,19,-0.997635,RUNNING,-0.997635,Run1
1289,06/12/2026 14:17,19,-0.997635,RUNNING,19,-0.997635,RUNNING,19,-0.997635,RUNNING,-0.997635,Run1
1290,06/12/2026 14:18,19,-0.997635,RUNNING,19,-0.997635,RUNNING,19,-0.997635,RUNNING,-0.997635,Run1
1291,06/12/2026 14:19,19,-0.997635,RUNNING,19,-0.997635,RUNNING,19,-0.997635,RUNNING,-0.997635,Run1
1292,06/12/2026 14:20,19,-0.997635,RUNNING,19,-0.997635,RUNNING,19,-0.997635,RUNNING,-0.997635,Run1
1293,06/12/2026 14:21,19,-0.997635,RUNNING,19,-0.997635,RUNNING,19,-0.997635,RUNNING,-0.997635,Run1
1294,06/12/2026 14:22,19,-0.997635,RUNNING,19,-0.997635,RUNNING,19,-0.997635,RUNNING,-0.997635,Run1
1295,06/12/2026 14:23,19,-0.997635,RUNNING,19,-0.997635,RUNNING,19,-0.997635,RUNNING,-0.997635,Run1
1296,06/12/2026 14:24,19,-0.997635,RUNNING,19,-0.997635,RUNNING,19,-0.997635,RUNNING,-0.997635,Run1
1297,06/12/2026 14:25,19,-0.997635,RUNNING,19,-0.997635,RUNNING,19,-0.997635,RUNNING,-0.997635,Run1
1298,06/12/2026 14:26,19,-0.997635,RUNNING,19,-0.997635,RUNNING,19,-0.997635,RUNNING,-0.997635,Run1
1299,06/12/2026 14:27,19,-0.997635,RUNNING,19,-0.997635,RUNNING,19,-0.997635,RUNNING,-0.997635,Run1
1300,06/12/2026 14:28,19,-0.997635,RUNNING,19,-0.997635,RUNNING,19,-0.997635,RUNNING,-0.997635,Run1
1301,06/12/2026 14:29,19,-0.997635,RUNNING,19,-0.997635,RUNNING,19,-0.997635,RUNNING,-0.997635,Run1
1302,06/12/2026 14:30,19,-0.997635,RUNNING,19,-0.997635,RUNNING,19,-0.997635,RUNNING,-0.997635,Run1
1303,06/12/2026 14:31,19,-0.997635,RUNNING,19,-0.997635,RUNNING,19,-0.997635,RUNNING,-0.997635,Run1
1304,06/12/2026 14:32,19,-0.997635,RUNNING,19,-0.997635,RUNNING,19,-0.997635,RUNNING,-0.997635,Run1
1305,06/12/2026 14:33,19,-0.997635,RUNNING,19,-0.997635,RUNNING,19,-0.997635,RUNNING,-0.997635,Run1
1306,06/12/2026 14:34,19,-0.997635,RUNNING,19,-0.997635,RUNNING,19,-0.997635,RUNNING,-0.997635,Run1
1307,06/12/2026 14:35,19,-0.997635,RUNNING,19,-0.997635,RUNNING,19,-0.997635,RUNNING,-0.997635,Run1
1308,06/12/2026 14:36,19,-0.997635,RUNNING,19,-0.997635,RUNNING,19,-0.997635,RUNNING,-0.997635,Run1
1309,06/12/2026 14:37,19,-0.997635,RUNNING,19,-0.997635,RUNNING,19,-0.997635,RUNNING,-0.997635,Run1
1310,06/12/2026 14:38,19,-0.997635,RUNNING,19,-0.997635,RUNNING,19,-0.997635,RUNNING,-0.997635,Run1
1311,06/12/2026 14:39,19,-0.997635,RUNNING,19,-0.997635,RUNNING,19,-0.997635,RUNNING,-0.997635,Run1
1312,06/12/2026 14:40,19,-0.997635,RUNNING,19,-0.997635,RUNNING,19,-0.997635,RUNNING,-0.997635,Run1
1313,06/12/2026 14:41,19,-0.997635,RUNNING,19,-0.997635,RUNNING,19,-0.997635,RUNNING,-0.997635,Run1
1314,06/12/2026 14:42,19,-0.997635,RUNNING,19,-0.997635,RUNNING,19,-0.997635,RUNNING,-0.997635,Run1
1315,06/12/2026 14:43,19,-0.997635,RUNNING,19,-0.997635,RUNNING,19,-0.997635,RUNNING,-0.997635,Run1
1316,06/12/2026 14:44,19,-0.997635,RUNNING,19,-0.997635,RUNNING,19,-0.997635,RUNNING,-0.997635,Run1
1317,06/12/2026 14:45,19,-0.997635,RUNNING,19,-0.997635,RUNNING,19,-0.997635,RUNNING,-0.997635,Run1
1318,06/12/2026 14:46,19,-0.997635,RUNNING,19,-0.997635,RUNNING,19,-0.997635,RUNNING,-0.997635,Run1
1319,06/12/2026 14:47,19,-0.997635,RUNNING,19,-0.997635,RUNNING,19,-0.997635,RUNNING,-0.997635,Run1
1320,06/12/2026 14:48,19,-0.997635,RUNNING,19,-0.997635,RUNNING,19,-0.997635,RUNNING,-0.997635,Run1
1321,06/12/2026 14:49,19,-0.997635,RUNNING,19,-0.997635,RUNNING,19,-0.997635,RUNNING,-0.997635,Run1
1322,06/12/2026 14:50,19,-0.997635,RUNNING,19,-0.997635,RUNNING,19,-0.997635,RUNNING,-0.997635,Run1
1323,06/12/2026 14:51,19,-0.997635,RUNNING,19,-0.997635,RUNNING,19,-0.997635,RUNNING,-0.997635,Run1
1324,06/12/2026 14:52,19,-0.997635,RUNNING,19,-0.997635,RUNNING,19,-0.997635,RUNNING,-0.997635,Run1
1325,06/12/2026 14:53,19,-0.997635,RUNNING,19,-0.997635,RUNNING,19,-0.997635,RUNNING,-0.997635,Run1
1326,06/12/2026 14:54,19,-0.997635,RUNNING,19,-0.997635,RUNNING,19,-0.997635,RUNNING,-0.997635,Run1
1327,06/12/2026 14:55,19,-0.997635,RUNNING,19,-0.997635,RUNNING,19,-0.997635,RUNNING,-0.997635,Run1
1328,06/12/2026 14:56,19,-0.997635,RUNNING,19,-0.997635,RUNNING,19,-0.997635,RUNNING,-0.997635,Run1
1329,06/12/2026 14:57,19,-0.997635,RUNNING,19,-0.997635,RUNNING,19,-0.997635,RUNNING,-0.997635,Run1
1330,06/12/2026 14:58,19,-0.997635,RUNNING,19,-0.997635,RUNNING,19,-0.997635,RUNNING,-0.997635,Run1
1331,06/12/2026 14:59,19,-0.997635,RUNNING,19,-0.997635,RUNNING,19,-0.997635,RUNNING,-0.997635,Run1
1332,06/12/2026 15:00,19,-0.997635,RUNNING,19,-0.997635,RUNNING,19,-0.997635,RUNNING,-0.997635,Run1
1333,06/12/2026 15:01,19,-0.997635,RUNNING,19,-0.997635,RUNNING,19,-0.997635,RUNNING,-0.997635,Run1
1334,06/12/2026 15:02,19,-0.997635,RUNNING,19,-0.997635,RUNNING,19,-0.997635,RUNNING,-0.997635,Run1
1335,06/12/2026 15:03,19,-0.997635,RUNNING,19,-0.997635,RUNNING,19,-0.997635,RUNNING,-0.997635,Run1
1336,06/12/2026 15:04,19,-0.997635,RUNNING,19,-0.997635,RUNNING,19,-0.997635,RUNNING,-0.997635,Run1
1337,06/12/2026 15:05,19,-0.997635,RUNNING,19,-0.997635,RUNNING,19,-0.997635,RUNNING,-0.997635,Run1
1338,06/12/2026 15:06,19,-0.997635,RUNNING,19,-0.997635,RUNNING,19,-0.997635,RUNNING,-0.997635,Run1
1339,06/12/2026 15:07,19,-0.997635,RUNNING,19,-0.997635,RUNNING,19,-0.997635,RUNNING,-0.997635,Run1
1340,06/12/2026 15:08,19,-0.997635,RUNNING,19,-0.997635,RUNNING,19,-0.997635,RUNNING,-0.997635,Run1
1341,06/12/2026 15:09,19,-0.997635,RUNNING,19,-0.997635,RUNNING,19,-0.997635,RUNNING,-0.997635,Run1
1342,06/12/2026 15:10,19,-0.997635,RUNNING,19,-0.997635,RUNNING,19,-0.997635,RUNNING,-0.997635,Run1
1343,06/12/2026 15:11,19,-0.997635,RUNNING,19,-0.997635,RUNNING,19,-0.997635,RUNNING,-0.997635,Run1
1344,06/12/2026 15:12,19,-0.997635,RUNNING,19,-0.997635,RUNNING,19,-0.997635,RUNNING,-0.997635,Run1
1345,06/12/2026 15:13,19,-0.997635,RUNNING,19,-0.997635,RUNNING,19,-0.997635,RUNNING,-0.997635,Run1
1346,06/12/2026 15:14,19,-0.997635,RUNNING,19,-0.997635,RUNNING,19,-0.997635,RUNNING,-0.997635,Run1
1347,06/12/2026 15:15,19,-0.997635,RUNNING,19,-0.997635,RUNNING,19,-0.997635,RUNNING,-0.997635,Run1
1348,06/12/2026 15:16,19,-0.997635,RUNNING,19,-0.997635,RUNNING,19,-0.997635,RUNNING,-0.997635,Run1
1349,06/12/2026 15:17,19,-0.997635,RUNNING,19,-0.997635,RUNNING,19,-0.997635,RUNNING,-0.997635,Run1
1350,06/12/2026 15:18,19,-0.997635,RUNNING,19,-0.997635,RUNNING,19,-0.997635,RUNNING,-0.997635,Run1
1351,06/12/2026 15:19,19,-0.997635,RUNNING,19,-0.997635,RUNNING,19,-0.997635,RUNNING,-0.997635,Run1
1352,06/12/2026 15:20,19,-0.997635,RUNNING,19,-0.997635,RUNNING,19,-0.997635,RUNNING,-0.997635,Run1
1353,06/12/2026 15:21,19,-0.997635,RUNNING,19,-0.997635,RUNNING,19,-0.997635,RUNNING,-0.997635,Run1
1354,06/12/2026 15:22,19,-0.997635,RUNNING,19,-0.997635,RUNNING,19,-0.997635,RUNNING,-0.997635,Run1
1355,06/12/2026 15:23,19,-0.997635,RUNNING,19,-0.997635,RUNNING,19,-0.997635,RUNNING,-0.997635,Run1
1356,06/12/2026 15:24,19,-0.997635,RUNNING,19,-0.997635,RUNNING,19,-0.997635,RUNNING,-0.997635,Run1
1357,06/12/2026 15:25,19,-0.997635,RUNNING,19,-0.997635,RUNNING,19,-0.997635,RUNNING,-0.997635,Run1
1358,06/12/2026 15:26,19,-0.997635,RUNNING,19,-0.997635,RUNNING,19,-0.997635,RUNNING,-0.997635,Run1
1359,06/12/2026 15:27,19,-0.997635,RUNNING,19,-0.997635,RUNNING,19,-0.997635,RUNNING,-0.997635,Run1
1360,06/12/2026 15:28,19,-0.997635,RUNNING,19,-0.997635,RUNNING,19,-0.997635,RUNNING,-0.997635,Run1
1361,06/12/2026 15:29,19,-0.997635,RUNNING,19,-0.997635,RUNNING,19,-0.997635,RUNNING,-0.997635,Run1
1362,06/12/2026 15:30,19,-0.997635,RUNNING,19,-0.997635,RUNNING,19,-0.997635,RUNNING,-0.997635,Run1
1363,06/12/2026 15:31,19,-0.997635,RUNNING,19,-0.997635,RUNNING,19,-0.997635,RUNNING,-0.997635,Run1
1364,06/12/2026 15:32,19,-0.997635,RUNNING,19,-0.997635,RUNNING,19,-0.997635,RUNNING,-0.997635,Run1
1365,06/12/2026 15:33,19,-0.997635,RUNNING,19,-0.997635,RUNNING,19,-0.997635,RUNNING,-0.997635,Run1
1366,06/12/2026 15:34,19,-0.997635,RUNNING,19,-0.997635,RUNNING,19,-0.997635,RUNNING,-0.997635,Run1
1367,06/12/2026 15:35,19,-0.997635,RUNNING,19,-0.997635,RUNNING,19,-0.997635,RUNNING,-0.997635,Run1
1368,06/12/2026 15:36,19,-0.997635,RUNNING,19,-0.997635,RUNNING,19,-0.997635,RUNNING,-0.997635,Run1
1369,06/12/2026 15:37,19,-0.997635,RUNNING,19,-0.997635,RUNNING,19,-0.997635,RUNNING,-0.997635,Run1
1370,06/12/2026 15:38,19,-0.997635,RUNNING,19,-0.997635,RUNNING,19,-0.997635,RUNNING,-0.997635,Run1
1371,06/12/2026 15:39,19,-0.997635,RUNNING,19,-0.997635,RUNNING,19,-0.997635,RUNNING,-0.997635,Run1
1372,06/12/2026 15:40,19,-0.997635,RUNNING,19,-0.997635,RUNNING,19,-0.997635,RUNNING,-0.997635,Run1
1373,06/12/2026 15:41,19,-0.997635,RUNNING,19,-0.997635,RUNNING,19,-0.997635,RUNNING,-0.997635,Run1
1374,06/12/2026 15:42,19,-0.997635,RUNNING,19,-0.997635,RUNNING,19,-0.997635,RUNNING,-0.997635,Run1
1375,06/12/2026 15:43,19,-0.997635,RUNNING,19,-0.997635,RUNNING,19,-0.997635,RUNNING,-0.997635,Run1
1376,06/12/2026 15:44,19,-0.997635,RUNNING,19,-0.997635,RUNNING,19,-0.997635,RUNNING,-0.997635,Run1
1377,06/12/2026 15:45,19,-0.997635,RUNNING,19,-0.997635,RUNNING,19,-0.997635,RUNNING,-0.997635,Run1
1378,06/12/2026 15:46,19,-0.997635,RUNNING,19,-0.997635,RUNNING,19,-0.997635,RUNNING,-0.997635,Run1
1379,06/12/2026 15:47,19,-0.997635,RUNNING,19,-0.997635,RUNNING,19,-0.997635,RUNNING,-0.997635,Run1
1380,06/12/2026 15:48,19,-0.997635,RUNNING,19,-0.997635,RUNNING,19,-0.997635,RUNNING,-0.997635,Run1
1381,06/12/2026 15:49,19,-0.997635,RUNNING,19,-0.997635,RUNNING,19,-0.997635,RUNNING,-0.997635,Run1
1382,06/12/2026 15:50,19,-0.997635,RUNNING,19,-0.997635,RUNNING,19,-0.997635,RUNNING,-0.997635,Run1
1383,06/12/2026 15:51,19,-0.997635,RUNNING,19,-0.997635,RUNNING,19,-0.997635,RUNNING,-0.997635,Run1
1384,06/12/2026 15:52,19,-0.997635,RUNNING,19,-0.997635,RUNNING,19,-0.997635,RUNNING,-0.997635,Run1
1385,06/12/2026 15:53,19,-0.997635,RUNNING,19,-0.997635,RUNNING,19,-0.997635,RUNNING,-0.997635,Run1
1386,06/12/2026 15:54,19,-0.997635,RUNNING,19,-0.997635,RUNNING,19,-0.997635,RUNNING,-0.997635,Run1
1387,06/12/2026 15:55,19,-0.997635,RUNNING,19,-0.997635,RUNNING,19,-0.997635,RUNNING,-0.997635,Run1
1388,06/12/2026 15:56,19,-0.997635,RUNNING,19,-0.997635,RUNNING,19,-0.997635,RUNNING,-0.997635,Run1
1389,06/12/2026 15:58,19,-0.997635,RUNNING,19,-0.997635,RUNNING,19,-0.997635,RUNNING,-0.997635,Run1
1390,06/12/2026 15:59,19,-0.997635,RUNNING,19,-0.997635,RUNNING,19,-0.997635,RUNNING,-0.997635,Run1
1391,06/12/2026 16:00,19,-0.997635,RUNNING,19,-0.997635,RUNNING,19,-0.997635,RUNNING,-0.997635,Run1
1392,06/12/2026 16:01,19,-0.997635,RUNNING,19,-0.997635,RUNNING,19,-0.997635,RUNNING,-0.997635,Run1
1393,06/12/2026 16:02,19,-0.997635,RUNNING,19,-0.997635,RUNNING,19,-0.997635,RUNNING,-0.997635,Run1
1394,06/12/2026 16:03,19,-0.997635,RUNNING,19,-0.997635,RUNNING,19,-0.997635,RUNNING,-0.997635,Run1
1395,06/12/2026 16:04,19,-0.997635,RUNNING,19,-0.997635,RUNNING,19,-0.997635,RUNNING,-0.997635,Run1
1396,06/12/2026 16:05,19,-0.997635,RUNNING,19,-0.997635,RUNNING,19,-0.997635,RUNNING,-0.997635,Run1
1397,06/12/2026 16:06,19,-0.997635,RUNNING,19,-0.997635,RUNNING,19,-0.997635,RUNNING,-0.997635,Run1
1398,06/12/2026 16:07,19,-0.997635,RUNNING,19,-0.997635,RUNNING,19,-0.997635,RUNNING,-0.997635,Run1
1399,06/12/2026 16:08,19,-0.997635,RUNNING,19,-0.997635,RUNNING,19,-0.997635,RUNNING,-0.997635,Run1
1400,06/12/2026 16:09,19,-0.997635,RUNNING,19,-0.997635,RUNNING,19,-0.997635,RUNNING,-0.997635,Run1
1401,06/12/2026 16:10,19,-0.997635,RUNNING,19,-0.997635,RUNNING,19,-0.997635,RUNNING,-0.997635,Run1
1402,06/12/2026 16:11,19,-0.997635,RUNNING,19,-0.997635,RUNNING,19,-0.997635,RUNNING,-0.997635,Run1
1403,06/12/2026 16:12,19,-0.997635,RUNNING,19,-0.997635,RUNNING,19,-0.997635,RUNNING,-0.997635,Run1
1404,06/12/2026 16:13,19,-0.997635,RUNNING,19,-0.997635,RUNNING,19,-0.997635,RUNNING,-0.997635,Run1
1405,06/12/2026 16:14,19,-0.997635,RUNNING,19,-0.997635,RUNNING,19,-0.997635,RUNNING,-0.997635,Run1
1406,06/12/2026 16:15,19,-0.997635,RUNNING,19,-0.997635,RUNNING,19,-0.997635,RUNNING,-0.997635,Run1
1407,06/12/2026 16:16,19,-0.997635,RUNNING,19,-0.997635,RUNNING,19,-0.997635,RUNNING,-0.997635,Run1
1408,06/12/2026 16:17,19,-0.997635,RUNNING,19,-0.997635,RUNNING,19,-0.997635,RUNNING,-0.997635,Run1
1409,06/12/2026 16:18,19,-0.997635,RUNNING,19,-0.997635,RUNNING,19,-0.997635,RUNNING,-0.997635,Run1
1410,06/12/2026 16:19,19,-0.997635,RUNNING,19,-0.997635,RUNNING,19,-0.997635,RUNNING,-0.997635,Run1
1411,06/12/2026 16:20,19,-0.997635,RUNNING,19,-0.997635,RUNNING,19,-0.997635,RUNNING,-0.997635,Run1
1412,06/12/2026 16:21,19,-0.997635,RUNNING,19,-0.997635,RUNNING,19,-0.997635,RUNNING,-0.997635,Run1
1413,06/12/2026 16:22,19,-0.997635,RUNNING,19,-0.997635,RUNNING,19,-0.997635,RUNNING,-0.997635,Run1
1414,06/12/2026 16:23,19,-0.997635,RUNNING,19,-0.997635,RUNNING,19,-0.997635,RUNNING,-0.997635,Run1
1415,06/12/2026 16:24,19,-0.997635,RUNNING,19,-0.997635,RUNNING,19,-0.997635,RUNNING,-0.997635,Run1
1416,06/12/2026 16:25,19,-0.997635,RUNNING,19,-0.997635,RUNNING,19,-0.997635,RUNNING,-0.997635,Run1
1417,06/12/2026 16:26,19,-0.997635,RUNNING,19,-0.997635,RUNNING,19,-0.997635,RUNNING,-0.997635,Run1
1418,06/12/2026 16:27,19,-0.997635,RUNNING,19,-0.997635,RUNNING,19,-0.997635,RUNNING,-0.997635,Run1
1419,06/12/2026 16:28,19,-0.997635,RUNNING,19,-0.997635,RUNNING,19,-0.997635,RUNNING,-0.997635,Run1
1420,06/12/2026 16:29,19,-0.997635,RUNNING,19,-0.997635,RUNNING,19,-0.997635,RUNNING,-0.997635,Run1
1421,06/12/2026 16:30,19,-0.997635,RUNNING,19,-0.997635,RUNNING,19,-0.997635,RUNNING,-0.997635,Run1
1422,06/12/2026 16:31,19,-0.997635,RUNNING,19,-0.997635,RUNNING,19,-0.997635,RUNNING,-0.997635,Run1
1423,06/12/2026 16:32,19,-0.997635,RUNNING,19,-0.997635,RUNNING,19,-0.997635,RUNNING,-0.997635,Run1
1424,06/12/2026 16:33,19,-0.997635,RUNNING,19,-0.997635,RUNNING,19,-0.997635,RUNNING,-0.997635,Run1
1425,06/12/2026 16:34,19,-0.997635,RUNNING,19,-0.997635,RUNNING,19,-0.997635,RUNNING,-0.997635,Run1
1426,06/12/2026 16:35,19,-0.997635,RUNNING,19,-0.997635,RUNNING,19,-0.997635,RUNNING,-0.997635,Run1
1427,06/12/2026 16:36,19,-0.997635,RUNNING,19,-0.997635,RUNNING,19,-0.997635,RUNNING,-0.997635,Run1
1428,06/12/2026 16:37,19,-0.997635,RUNNING,19,-0.997635,RUNNING,19,-0.997635,RUNNING,-0.997635,Run1
1429,06/12/2026 16:38,19,-0.997635,RUNNING,19,-0.997635,RUNNING,19,-0.997635,RUNNING,-0.997635,Run1
1430,06/12/2026 16:39,19,-0.997635,RUNNING,19,-0.997635,RUNNING,19,-0.997635,RUNNING,-0.997635,Run1
1431,06/12/2026 16:40,19,-0.997635,RUNNING,19,-0.997635,RUNNING,19,-0.997635,RUNNING,-0.997635,Run1
1432,06/12/2026 16:41,19,-0.997635,RUNNING,19,-0.997635,RUNNING,19,-0.997635,RUNNING,-0.997635,Run1
1433,06/12/2026 16:42,19,-0.997635,RUNNING,19,-0.997635,RUNNING,19,-0.997635,RUNNING,-0.997635,Run1
1434,06/12/2026 16:43,19,-0.997635,RUNNING,19,-0.997635,RUNNING,19,-0.997635,RUNNING,-0.997635,Run1
1435,06/12/2026 16:44,19,-0.997635,RUNNING,19,-0.997635,RUNNING,19,-0.997635,RUNNING,-0.997635,Run1
1436,06/12/2026 16:45,19,-0.997635,RUNNING,19,-0.997635,RUNNING,19,-0.997635,RUNNING,-0.997635,Run1
1437,06/12/2026 16:46,19,-0.997635,RUNNING,19,-0.997635,RUNNING,19,-0.997635,RUNNING,-0.997635,Run1
1438,06/12/2026 16:47,19,-0.997635,RUNNING,19,-0.997635,RUNNING,19,-0.997635,RUNNING,-0.997635,Run1
1439,06/12/2026 16:48,19,-0.997635,RUNNING,19,-0.997635,RUNNING,19,-0.997635,RUNNING,-0.997635,Run1
1440,06/12/2026 16:49,19,-0.997635,RUNNING,19,-0.997635,RUNNING,19,-0.997635,RUNNING,-0.997635,Run1
1441,06/12/2026 16:50,19,-0.997635,RUNNING,19,-0.997635,RUNNING,19,-0.997635,RUNNING,-0.997635,Run1
1442,06/12/2026 16:51,19,-0.997635,RUNNING,19,-0.997635,RUNNING,19,-0.997635,RUNNING,-0.997635,Run1
1443,06/12/2026 16:52,19,-0.997635,RUNNING,19,-0.997635,RUNNING,19,-0.997635,RUNNING,-0.997635,Run1
1444,06/12/2026 16:53,19,-0.997635,RUNNING,19,-0.997635,RUNNING,19,-0.997635,RUNNING,-0.997635,Run1
1445,06/12/2026 16:54,19,-0.997635,RUNNING,19,-0.997635,RUNNING,19,-0.997635,RUNNING,-0.997635,Run1
1446,06/12/2026 16:55,19,-0.997635,RUNNING,19,-0.997635,RUNNING,19,-0.997635,RUNNING,-0.997635,Run1
1447,06/12/2026 16:56,19,-0.997635,RUNNING,19,-0.997635,RUNNING,19,-0.997635,RUNNING,-0.997635,Run1
1448,06/12/2026 16:57,19,-0.997635,RUNNING,19,-0.997635,RUNNING,19,-0.997635,RUNNING,-0.997635,Run1
1449,06/12/2026 16:58,19,-0.997635,RUNNING,19,-0.997635,RUNNING,19,-0.997635,RUNNING,-0.997635,Run1
1450,06/12/2026 16:59,19,-0.997635,RUNNING,19,-0.997635,RUNNING,19,-0.997635,RUNNING,-0.997635,Run1
1451,06/12/2026 17:00,19,-0.997635,RUNNING,19,-0.997635,RUNNING,19,-0.997635,RUNNING,-0.997635,Run1
1452,06/12/2026 17:01,19,-0.997635,RUNNING,19,-0.997635,RUNNING,19,-0.997635,RUNNING,-0.997635,Run1
1453,06/12/2026 17:02,19,-0.997635,RUNNING,19,-0.997635,RUNNING,19,-0.997635,RUNNING,-0.997635,Run1
1454,06/12/2026 17:03,19,-0.997635,RUNNING,19,-0.997635,RUNNING,19,-0.997635,RUNNING,-0.997635,Run1
1455,06/12/2026 17:04,19,-0.997635,RUNNING,19,-0.997635,RUNNING,19,-0.997635,RUNNING,-0.997635,Run1
1456,06/12/2026 17:05,19,-0.997635,RUNNING,19,-0.997635,RUNNING,19,-0.997635,RUNNING,-0.997635,Run1
1457,06/12/2026 17:06,19,-0.997635,RUNNING,19,-0.997635,RUNNING,19,-0.997635,RUNNING,-0.997635,Run1
1458,06/12/2026 17:07,19,-0.997635,RUNNING,19,-0.997635,RUNNING,19,-0.997635,RUNNING,-0.997635,Run1
1459,06/12/2026 17:08,19,-0.997635,RUNNING,19,-0.997635,RUNNING,19,-0.997635,RUNNING,-0.997635,Run1
1460,06/12/2026 17:09,19,-0.997635,RUNNING,19,-0.997635,RUNNING,19,-0.997635,RUNNING,-0.997635,Run1
1461,06/12/2026 17:10,19,-0.997635,RUNNING,19,-0.997635,RUNNING,19,-0.997635,RUNNING,-0.997635,Run1
1462,06/12/2026 17:11,19,-0.997635,RUNNING,19,-0.997635,RUNNING,19,-0.997635,RUNNING,-0.997635,Run1
1463,06/12/2026 17:12,19,-0.997635,RUNNING,19,-0.997635,RUNNING,19,-0.997635,RUNNING,-0.997635,Run1
1464,06/12/2026 17:13,19,-0.997635,RUNNING,19,-0.997635,RUNNING,19,-0.997635,RUNNING,-0.997635,Run1
1465,06/12/2026 17:14,19,-0.997635,RUNNING,19,-0.997635,RUNNING,19,-0.997635,RUNNING,-0.997635,Run1
1466,06/12/2026 17:15,19,-0.997635,RUNNING,19,-0.997635,RUNNING,19,-0.997635,RUNNING,-0.997635,Run1
1467,06/12/2026 17:16,19,-0.997635,RUNNING,19,-0.997635,RUNNING,19,-0.997635,RUNNING,-0.997635,Run1
1468,06/12/2026 17:17,19,-0.997635,RUNNING,19,-0.997635,RUNNING,19,-0.997635,RUNNING,-0.997635,Run1
1469,06/12/2026 17:18,19,-0.997635,RUNNING,19,-0.997635,RUNNING,19,-0.997635,RUNNING,-0.997635,Run1
1470,06/12/2026 17:19,19,-0.997635,RUNNING,19,-0.997635,RUNNING,19,-0.997635,RUNNING,-0.997635,Run1
1471,06/12/2026 17:20,19,-0.997635,RUNNING,19,-0.997635,RUNNING,19,-0.997635,RUNNING,-0.997635,Run1
1472,06/12/2026 17:21,19,-0.997635,RUNNING,19,-0.997635,RUNNING,19,-0.997635,RUNNING,-0.997635,Run1
1473,06/12/2026 17:22,19,-0.997635,RUNNING,19,-0.997635,RUNNING,19,-0.997635,RUNNING,-0.997635,Run1
1474,06/12/2026 17:23,19,-0.997635,RUNNING,19,-0.997635,RUNNING,19,-0.997635,RUNNING,-0.997635,Run1
1475,06/12/2026 17:24,19,-0.997635,RUNNING,19,-0.997635,RUNNING,19,-0.997635,RUNNING,-0.997635,Run1
1476,06/12/2026 17:25,19,-0.997635,RUNNING,19,-0.997635,RUNNING,19,-0.997635,RUNNING,-0.997635,Run1
1477,06/12/2026 17:26,19,-0.997635,RUNNING,19,-0.997635,RUNNING,19,-0.997635,RUNNING,-0.997635,Run1
1478,06/12/2026 17:27,19,-0.997635,RUNNING,19,-0.997635,RUNNING,19,-0.997635,RUNNING,-0.997635,Run1
1479,06/12/2026 17:28,19,-0.997635,RUNNING,19,-0.997635,RUNNING,19,-0.997635,RUNNING,-0.997635,Run1
1480,06/12/2026 17:29,19,-0.997635,RUNNING,19,-0.997635,RUNNING,19,-0.997635,RUNNING,-0.997635,Run1
1481,06/12/2026 17:30,19,-0.997635,RUNNING,19,-0.997635,RUNNING,19,-0.997635,RUNNING,-0.997635,Run1
1482,06/12/2026 17:31,19,-0.997635,RUNNING,19,-0.997635,RUNNING,19,-0.997635,RUNNING,-0.997635,Run1
1483,06/12/2026 17:32,19,-0.997635,RUNNING,19,-0.997635,RUNNING,19,-0.997635,RUNNING,-0.997635,Run1
1484,06/12/2026 17:33,19,-0.997635,RUNNING,19,-0.997635,RUNNING,19,-0.997635,RUNNING,-0.997635,Run1
1485,06/12/2026 17:34,19,-0.997635,RUNNING,19,-0.997635,RUNNING,19,-0.997635,RUNNING,-0.997635,Run1
1486,06/12/2026 17:35,19,-0.997635,RUNNING,19,-0.997635,RUNNING,19,-0.997635,RUNNING,-0.997635,Run1
1487,06/12/2026 17:36,19,-0.997635,RUNNING,19,-0.997635,RUNNING,19,-0.997635,RUNNING,-0.997635,Run1
1488,06/12/2026 17:37,19,-0.997635,RUNNING,19,-0.997635,RUNNING,19,-0.997635,RUNNING,-0.997635,Run1
1489,06/12/2026 17:38,19,-0.997635,RUNNING,19,-0.997635,RUNNING,19,-0.997635,RUNNING,-0.997635,Run1
1490,06/12/2026 17:39,19,-0.997635,RUNNING,19,-0.997635,RUNNING,19,-0.997635,RUNNING,-0.997635,Run1
1491,06/12/2026 17:40,19,-0.997635,RUNNING,19,-0.997635,RUNNING,19,-0.997635,RUNNING,-0.997635,Run1
1492,06/12/2026 17:41,19,-0.997635,RUNNING,19,-0.997635,RUNNING,19,-0.997635,RUNNING,-0.997635,Run1
1493,06/12/2026 17:42,19,-0.997635,RUNNING,19,-0.997635,RUNNING,19,-0.997635,RUNNING,-0.997635,Run1
1494,06/12/2026 17:43,19,-0.997635,RUNNING,19,-0.997635,RUNNING,19,-0.997635,RUNNING,-0.997635,Run1
1495,06/12/2026 17:44,19,-0.997635,RUNNING,19,-0.997635,RUNNING,19,-0.997635,RUNNING,-0.997635,Run1
1496,06/12/2026 17:45,19,-0.997635,RUNNING,19,-0.997635,RUNNING,19,-0.997635,RUNNING,-0.997635,Run1
1497,06/12/2026 17:46,19,-0.997635,RUNNING,19,-0.997635,RUNNING,19,-0.997635,RUNNING,-0.997635,Run1
1498,06/12/2026 17:47,19,-0.997635,RUNNING,19,-0.997635,RUNNING,19,-0.997635,RUNNING,-0.997635,Run1
1499,06/12/2026 17:48,19,-0.997635,RUNNING,19,-0.997635,RUNNING,19,-0.997635,RUNNING,-0.997635,Run1
1500,06/12/2026 17:49,19,-0.997635,RUNNING,19,-0.997635,RUNNING,19,-0.997635,RUNNING,-0.997635,Run1
1501,06/12/2026 17:50,19,-0.997635,RUNNING,19,-0.997635,RUNNING,19,-0.997635,RUNNING,-0.997635,Run1
1502,06/12/2026 17:51,19,-0.997635,RUNNING,19,-0.997635,RUNNING,19,-0.997635,RUNNING,-0.997635,Run1
1503,06/12/2026 17:52,19,-0.997635,RUNNING,19,-0.997635,RUNNING,19,-0.997635,RUNNING,-0.997635,Run1
1504,06/12/2026 17:53,19,-0.997635,RUNNING,19,-0.997635,RUNNING,19,-0.997635,RUNNING,-0.997635,Run1
1505,06/12/2026 17:54,19,-0.997635,RUNNING,19,-0.997635,RUNNING,19,-0.997635,RUNNING,-0.997635,Run1
1506,06/12/2026 17:55,19,-0.997635,RUNNING,19,-0.997635,RUNNING,19,-0.997635,RUNNING,-0.997635,Run1
1507,06/12/2026 17:56,19,-0.997635,RUNNING,19,-0.997635,RUNNING,19,-0.997635,RUNNING,-0.997635,Run1
1508,06/12/2026 17:57,19,-0.997635,RUNNING,19,-0.997635,RUNNING,19,-0.997635,RUNNING,-0.997635,Run1
1509,06/12/2026 17:59,19,-0.997635,RUNNING,19,-0.997635,RUNNING,19,-0.997635,RUNNING,-0.997635,Run1
1510,06/12/2026 18:00,19,-0.997635,RUNNING,19,-0.997635,RUNNING,19,-0.997635,RUNNING,-0.997635,Run1
1511,06/12/2026 18:01,19,-0.997635,RUNNING,19,-0.997635,RUNNING,19,-0.997635,RUNNING,-0.997635,Run1
1512,06/12/2026 18:02,19,-0.997635,RUNNING,19,-0.997635,RUNNING,19,-0.997635,RUNNING,-0.997635,Run1
1513,06/12/2026 18:03,19,-0.997635,RUNNING,19,-0.997635,RUNNING,19,-0.997635,RUNNING,-0.997635,Run1
1514,06/12/2026 18:04,19,-0.997635,RUNNING,19,-0.997635,RUNNING,19,-0.997635,RUNNING,-0.997635,Run1
1515,06/12/2026 18:05,19,-0.997635,RUNNING,19,-0.997635,RUNNING,19,-0.997635,RUNNING,-0.997635,Run1
1516,06/12/2026 18:06,19,-0.997635,RUNNING,19,-0.997635,RUNNING,19,-0.997635,RUNNING,-0.997635,Run1
1517,06/12/2026 18:07,19,-0.997635,RUNNING,19,-0.997635,RUNNING,19,-0.997635,RUNNING,-0.997635,Run1
1518,06/12/2026 18:08,19,-0.997635,RUNNING,19,-0.997635,RUNNING,19,-0.997635,RUNNING,-0.997635,Run1
1519,06/12/2026 18:09,19,-0.997635,RUNNING,19,-0.997635,RUNNING,19,-0.997635,RUNNING,-0.997635,Run1
1520,06/12/2026 18:10,19,-0.997635,RUNNING,19,-0.997635,RUNNING,19,-0.997635,RUNNING,-0.997635,Run1
1521,06/12/2026 18:11,19,-0.997635,RUNNING,19,-0.997635,RUNNING,19,-0.997635,RUNNING,-0.997635,Run1
1522,06/12/2026 18:12,19,-0.997635,RUNNING,19,-0.997635,RUNNING,19,-0.997635,RUNNING,-0.997635,Run1
1523,06/12/2026 18:13,19,-0.997635,RUNNING,19,-0.997635,RUNNING,19,-0.997635,RUNNING,-0.997635,Run1
1524,06/12/2026 18:14,19,-0.997635,RUNNING,19,-0.997635,RUNNING,19,-0.997635,RUNNING,-0.997635,Run1
1525,06/12/2026 18:15,19,-0.997635,RUNNING,19,-0.997635,RUNNING,19,-0.997635,RUNNING,-0.997635,Run1
1526,06/12/2026 18:16,19,-0.997635,RUNNING,19,-0.997635,RUNNING,19,-0.997635,RUNNING,-0.997635,Run1
1527,06/12/2026 18:17,19,-0.997635,RUNNING,19,-0.997635,RUNNING,19,-0.997635,RUNNING,-0.997635,Run1
1528,06/12/2026 18:18,19,-0.997635,RUNNING,19,-0.997635,RUNNING,19,-0.997635,RUNNING,-0.997635,Run1
1529,06/12/2026 18:19,19,-0.997635,RUNNING,19,-0.997635,RUNNING,19,-0.997635,RUNNING,-0.997635,Run1
1530,06/12/2026 18:20,19,-0.997635,RUNNING,19,-0.997635,RUNNING,19,-0.997635,RUNNING,-0.997635,Run1
1531,06/12/2026 18:21,19,-0.997635,RUNNING,19,-0.997635,RUNNING,19,-0.997635,RUNNING,-0.997635,Run1
1532,06/12/2026 18:22,19,-0.997635,RUNNING,19,-0.997635,RUNNING,19,-0.997635,RUNNING,-0.997635,Run1
1533,06/12/2026 18:23,19,-0.997635,RUNNING,19,-0.997635,RUNNING,19,-0.997635,RUNNING,-0.997635,Run1
1534,06/12/2026 18:24,19,-0.997635,RUNNING,19,-0.997635,RUNNING,19,-0.997635,RUNNING,-0.997635,Run1
1535,06/12/2026 18:25,19,-0.997635,RUNNING,19,-0.997635,RUNNING,19,-0.997635,RUNNING,-0.997635,Run1
1536,06/12/2026 18:26,19,-0.997635,RUNNING,19,-0.997635,RUNNING,19,-0.997635,RUNNING,-0.997635,Run1
1537,06/12/2026 18:27,19,-0.997635,RUNNING,19,-0.997635,RUNNING,19,-0.997635,RUNNING,-0.997635,Run1
1538,06/12/2026 18:28,19,-0.997635,RUNNING,19,-0.997635,RUNNING,19,-0.997635,RUNNING,-0.997635,Run1
1539,06/12/2026 18:29,19,-0.997635,RUNNING,19,-0.997635,RUNNING,19,-0.997635,RUNNING,-0.997635,Run1
1540,06/12/2026 18:30,19,-0.997635,RUNNING,19,-0.997635,RUNNING,19,-0.997635,RUNNING,-0.997635,Run1
1541,06/12/2026 18:31,19,-0.997635,RUNNING,19,-0.997635,RUNNING,19,-0.997635,RUNNING,-0.997635,Run1
1542,06/12/2026 18:32,19,-0.997635,RUNNING,19,-0.997635,RUNNING,19,-0.997635,RUNNING,-0.997635,Run1
1543,06/12/2026 18:33,19,-0.997635,RUNNING,19,-0.997635,RUNNING,19,-0.997635,RUNNING,-0.997635,Run1
1544,06/12/2026 18:34,19,-0.997635,RUNNING,19,-0.997635,RUNNING,19,-0.997635,RUNNING,-0.997635,Run1
1545,06/12/2026 18:35,19,-0.997635,RUNNING,19,-0.997635,RUNNING,19,-0.997635,RUNNING,-0.997635,Run1
1546,06/12/2026 18:36,19,-0.997635,RUNNING,19,-0.997635,RUNNING,19,-0.997635,RUNNING,-0.997635,Run1
1547,06/12/2026 18:37,19,-0.997635,RUNNING,19,-0.997635,RUNNING,19,-0.997635,RUNNING,-0.997635,Run1
1548,06/12/2026 18:38,19,-0.997635,RUNNING,19,-0.997635,RUNNING,19,-0.997635,RUNNING,-0.997635,Run1
1549,06/12/2026 18:39,19,-0.997635,RUNNING,19,-0.997635,RUNNING,19,-0.997635,RUNNING,-0.997635,Run1
1550,06/12/2026 18:40,19,-0.997635,RUNNING,19,-0.997635,RUNNING,19,-0.997635,RUNNING,-0.997635,Run1
1551,06/12/2026 18:41,19,-0.997635,RUNNING,19,-0.997635,RUNNING,19,-0.997635,RUNNING,-0.997635,Run1
1552,06/12/2026 18:42,19,-0.997635,RUNNING,19,-0.997635,RUNNING,19,-0.997635,RUNNING,-0.997635,Run1
1553,06/12/2026 18:43,19,-0.997635,RUNNING,19,-0.997635,RUNNING,19,-0.997635,RUNNING,-0.997635,Run1
1554,06/12/2026 18:44,19,-0.997635,RUNNING,19,-0.997635,RUNNING,19,-0.997635,RUNNING,-0.997635,Run1
1555,06/12/2026 18:45,19,-0.997635,RUNNING,19,-0.997635,RUNNING,19,-0.997635,RUNNING,-0.997635,Run1
1556,06/12/2026 18:46,19,-0.997635,RUNNING,19,-0.997635,RUNNING,19,-0.997635,RUNNING,-0.997635,Run1
1557,06/12/2026 18:47,19,-0.997635,RUNNING,19,-0.997635,RUNNING,19,-0.997635,RUNNING,-0.997635,Run1
1558,06/12/2026 18:48,19,-0.997635,RUNNING,19,-0.997635,RUNNING,19,-0.997635,RUNNING,-0.997635,Run1
1559,06/12/2026 18:49,19,-0.997635,RUNNING,19,-0.997635,RUNNING,19,-0.997635,RUNNING,-0.997635,Run1
1560,06/12/2026 18:50,19,-0.997635,RUNNING,19,-0.997635,RUNNING,19,-0.997635,RUNNING,-0.997635,Run1
1561,06/12/2026 18:51,19,-0.997635,RUNNING,19,-0.997635,RUNNING,19,-0.997635,RUNNING,-0.997635,Run1
1562,06/12/2026 18:52,19,-0.997635,RUNNING,19,-0.997635,RUNNING,19,-0.997635,RUNNING,-0.997635,Run1
1563,06/12/2026 18:53,19,-0.997635,RUNNING,19,-0.997635,RUNNING,19,-0.997635,RUNNING,-0.997635,Run1
1564,06/12/2026 18:54,19,-0.997635,RUNNING,19,-0.997635,RUNNING,19,-0.997635,RUNNING,-0.997635,Run1
1565,06/12/2026 18:55,19,-0.997635,RUNNING,19,-0.997635,RUNNING,19,-0.997635,RUNNING,-0.997635,Run1
1566,06/12/2026 18:56,19,-0.997635,RUNNING,19,-0.997635,RUNNING,19,-0.997635,RUNNING,-0.997635,Run1
1567,06/12/2026 18:57,19,-0.997635,RUNNING,19,-0.997635,RUNNING,19,-0.997635,RUNNING,-0.997635,Run1
1568,06/12/2026 18:58,19,-0.997635,RUNNING,19,-0.997635,RUNNING,19,-0.997635,RUNNING,-0.997635,Run1
1569,06/12/2026 18:59,19,-0.997635,RUNNING,19,-0.997635,RUNNING,19,-0.997635,RUNNING,-0.997635,Run1
1570,06/12/2026 19:00,19,-0.997635,RUNNING,19,-0.997635,RUNNING,19,-0.997635,RUNNING,-0.997635,Run1
1571,06/12/2026 19:01,19,-0.997635,RUNNING,19,-0.997635,RUNNING,19,-0.997635,RUNNING,-0.997635,Run1
1572,06/12/2026 19:02,19,-0.997635,RUNNING,19,-0.997635,RUNNING,19,-0.997635,RUNNING,-0.997635,Run1
1573,06/12/2026 19:03,19,-0.997635,RUNNING,19,-0.997635,RUNNING,19,-0.997635,RUNNING,-0.997635,Run1
1574,06/12/2026 19:04,19,-0.997635,RUNNING,19,-0.997635,RUNNING,19,-0.997635,RUNNING,-0.997635,Run1
1575,06/12/2026 19:05,19,-0.997635,RUNNING,19,-0.997635,RUNNING,19,-0.997635,RUNNING,-0.997635,Run1
1576,06/12/2026 19:06,19,-0.997635,RUNNING,19,-0.997635,RUNNING,19,-0.997635,RUNNING,-0.997635,Run1
1577,06/12/2026 19:07,19,-0.997635,RUNNING,19,-0.997635,RUNNING,19,-0.997635,RUNNING,-0.997635,Run1
1578,06/12/2026 19:08,19,-0.997635,RUNNING,19,-0.997635,RUNNING,19,-0.997635,RUNNING,-0.997635,Run1
1579,06/12/2026 19:09,19,-0.997635,RUNNING,19,-0.997635,RUNNING,19,-0.997635,RUNNING,-0.997635,Run1
1580,06/12/2026 19:10,19,-0.997635,RUNNING,19,-0.997635,RUNNING,19,-0.997635,RUNNING,-0.997635,Run1
1581,06/12/2026 19:11,19,-0.997635,RUNNING,19,-0.997635,RUNNING,19,-0.997635,RUNNING,-0.997635,Run1
1582,06/12/2026 19:12,19,-0.997635,RUNNING,19,-0.997635,RUNNING,19,-0.997635,RUNNING,-0.997635,Run1
1583,06/12/2026 19:13,19,-0.997635,RUNNING,19,-0.997635,RUNNING,19,-0.997635,RUNNING,-0.997635,Run1
1584,06/12/2026 19:14,19,-0.997635,RUNNING,19,-0.997635,RUNNING,19,-0.997635,RUNNING,-0.997635,Run1
1585,06/12/2026 19:15,19,-0.997635,RUNNING,19,-0.997635,RUNNING,19,-0.997635,RUNNING,-0.997635,Run1
1586,06/12/2026 19:16,19,-0.997635,RUNNING,19,-0.997635,RUNNING,19,-0.997635,RUNNING,-0.997635,Run1
1587,06/12/2026 19:17,19,-0.997635,RUNNING,19,-0.997635,RUNNING,19,-0.997635,RUNNING,-0.997635,Run1
1588,06/12/2026 19:18,19,-0.997635,RUNNING,19,-0.997635,RUNNING,19,-0.997635,RUNNING,-0.997635,Run1
1589,06/12/2026 19:19,19,-0.997635,RUNNING,19,-0.997635,RUNNING,19,-0.997635,RUNNING,-0.997635,Run1
1590,06/12/2026 19:20,19,-0.997635,RUNNING,19,-0.997635,RUNNING,19,-0.997635,RUNNING,-0.997635,Run1
1591,06/12/2026 19:21,19,-0.997635,RUNNING,19,-0.997635,RUNNING,19,-0.997635,RUNNING,-0.997635,Run1
1592,06/12/2026 19:22,19,-0.997635,RUNNING,19,-0.997635,RUNNING,19,-0.997635,RUNNING,-0.997635,Run1
1593,06/12/2026 19:23,19,-0.997635,RUNNING,19,-0.997635,RUNNING,19,-0.997635,RUNNING,-0.997635,Run1
1594,06/12/2026 19:24,19,-0.997635,RUNNING,19,-0.997635,RUNNING,19,-0.997635,RUNNING,-0.997635,Run1
1595,06/12/2026 19:25,19,-0.997635,RUNNING,19,-0.997635,RUNNING,19,-0.997635,RUNNING,-0.997635,Run1
1596,06/12/2026 19:26,19,-0.997635,RUNNING,19,-0.997635,RUNNING,19,-0.997635,RUNNING,-0.997635,Run1
1597,06/12/2026 19:27,19,-0.997635,RUNNING,19,-0.997635,RUNNING,19,-0.997635,RUNNING,-0.997635,Run1
1598,06/12/2026 19:28,19,-0.997635,RUNNING,19,-0.997635,RUNNING,19,-0.997635,RUNNING,-0.997635,Run1
1599,06/12/2026 19:29,19,-0.997635,RUNNING,19,-0.997635,RUNNING,19,-0.997635,RUNNING,-0.997635,Run1
1600,06/12/2026 19:30,19,-0.997635,RUNNING,19,-0.997635,RUNNING,19,-0.997635,RUNNING,-0.997635,Run1
1601,06/12/2026 19:31,19,-0.997635,RUNNING,19,-0.997635,RUNNING,19,-0.997635,RUNNING,-0.997635,Run1
1602,06/12/2026 19:32,19,-0.997635,RUNNING,19,-0.997635,RUNNING,19,-0.997635,RUNNING,-0.997635,Run1
1603,06/12/2026 19:33,19,-0.997635,RUNNING,19,-0.997635,RUNNING,19,-0.997635,RUNNING,-0.997635,Run1
1604,06/12/2026 19:34,19,-0.997635,RUNNING,19,-0.997635,RUNNING,19,-0.997635,RUNNING,-0.997635,Run1
1605,06/12/2026 19:35,19,-0.997635,RUNNING,19,-0.997635,RUNNING,19,-0.997635,RUNNING,-0.997635,Run1
1606,06/12/2026 19:36,19,-0.997635,RUNNING,19,-0.997635,RUNNING,19,-0.997635,RUNNING,-0.997635,Run1
1607,06/12/2026 19:37,19,-0.997635,RUNNING,19,-0.997635,RUNNING,19,-0.997635,RUNNING,-0.997635,Run1
1608,06/12/2026 19:38,19,-0.997635,RUNNING,19,-0.997635,RUNNING,19,-0.997635,RUNNING,-0.997635,Run1
1609,06/12/2026 19:39,19,-0.997635,RUNNING,19,-0.997635,RUNNING,19,-0.997635,RUNNING,-0.997635,Run1
1610,06/12/2026 19:40,19,-0.997635,RUNNING,19,-0.997635,RUNNING,19,-0.997635,RUNNING,-0.997635,Run1
1611,06/12/2026 19:41,19,-0.997635,RUNNING,19,-0.997635,RUNNING,19,-0.997635,RUNNING,-0.997635,Run1
1612,06/12/2026 19:42,19,-0.997635,RUNNING,19,-0.997635,RUNNING,19,-0.997635,RUNNING,-0.997635,Run1
1613,06/12/2026 19:43,19,-0.997635,RUNNING,19,-0.997635,RUNNING,19,-0.997635,RUNNING,-0.997635,Run1
1614,06/12/2026 19:44,19,-0.997635,RUNNING,19,-0.997635,RUNNING,19,-0.997635,RUNNING,-0.997635,Run1
1615,06/12/2026 19:45,19,-0.997635,RUNNING,19,-0.997635,RUNNING,19,-0.997635,RUNNING,-0.997635,Run1
1616,06/12/2026 19:46,19,-0.997635,RUNNING,19,-0.997635,RUNNING,19,-0.997635,RUNNING,-0.997635,Run1
1617,06/12/2026 19:47,19,-0.997635,RUNNING,19,-0.997635,RUNNING,19,-0.997635,RUNNING,-0.997635,Run1
1618,06/12/2026 19:48,19,-0.997635,RUNNING,19,-0.997635,RUNNING,19,-0.997635,RUNNING,-0.997635,Run1
1619,06/12/2026 19:49,19,-0.997635,RUNNING,19,-0.997635,RUNNING,19,-0.997635,RUNNING,-0.997635,Run1
1620,06/12/2026 19:50,19,-0.997635,RUNNING,19,-0.997635,RUNNING,19,-0.997635,RUNNING,-0.997635,Run1
1621,06/12/2026 19:51,19,-0.997635,RUNNING,19,-0.997635,RUNNING,19,-0.997635,RUNNING,-0.997635,Run1
1622,06/12/2026 19:52,19,-0.997635,RUNNING,19,-0.997635,RUNNING,19,-0.997635,RUNNING,-0.997635,Run1
1623,06/12/2026 19:53,19,-0.997635,RUNNING,19,-0.997635,RUNNING,19,-0.997635,RUNNING,-0.997635,Run1
1624,06/12/2026 19:54,19,-0.997635,RUNNING,19,-0.997635,RUNNING,19,-0.997635,RUNNING,-0.997635,Run1
1625,06/12/2026 19:55,19,-0.997635,RUNNING,19,-0.997635,RUNNING,19,-0.997635,RUNNING,-0.997635,Run1
1626,06/12/2026 19:56,19,-0.997635,RUNNING,19,-0.997635,RUNNING,19,-0.997635,RUNNING,-0.997635,Run1
1627,06/12/2026 19:57,19,-0.997635,RUNNING,19,-0.997635,RUNNING,19,-0.997635,RUNNING,-0.997635,Run1
1628,06/12/2026 19:58,19,-0.997635,RUNNING,19,-0.997635,RUNNING,19,-0.997635,RUNNING,-0.997635,Run1
1629,06/12/2026 19:59,19,-0.997635,RUNNING,19,-0.997635,RUNNING,19,-0.997635,RUNNING,-0.997635,Run1
1630,06/12/2026 20:01,19,-0.997635,RUNNING,19,-0.997635,RUNNING,19,-0.997635,RUNNING,-0.997635,Run1
1631,06/12/2026 20:02,19,-0.997635,RUNNING,19,-0.997635,RUNNING,19,-0.997635,RUNNING,-0.997635,Run1
1632,06/12/2026 20:03,19,-0.997635,RUNNING,19,-0.997635,RUNNING,19,-0.997635,RUNNING,-0.997635,Run1
1633,06/12/2026 20:04,19,-0.997635,RUNNING,19,-0.997635,RUNNING,19,-0.997635,RUNNING,-0.997635,Run1
1634,06/12/2026 20:05,19,-0.997635,RUNNING,19,-0.997635,RUNNING,19,-0.997635,RUNNING,-0.997635,Run1
1635,06/12/2026 20:06,19,-0.997635,RUNNING,19,-0.997635,RUNNING,19,-0.997635,RUNNING,-0.997635,Run1
1636,06/12/2026 20:07,19,-0.997635,RUNNING,19,-0.997635,RUNNING,19,-0.997635,RUNNING,-0.997635,Run1
1637,06/12/2026 20:08,19,-0.997635,RUNNING,19,-0.997635,RUNNING,19,-0.997635,RUNNING,-0.997635,Run1
1638,06/12/2026 20:09,19,-0.997635,RUNNING,19,-0.997635,RUNNING,19,-0.997635,RUNNING,-0.997635,Run1
1639,06/12/2026 20:10,19,-0.997635,RUNNING,19,-0.997635,RUNNING,19,-0.997635,RUNNING,-0.997635,Run1
1640,06/12/2026 20:11,19,-0.997635,RUNNING,19,-0.997635,RUNNING,19,-0.997635,RUNNING,-0.997635,Run1
1641,06/12/2026 20:12,19,-0.997635,RUNNING,19,-0.997635,RUNNING,19,-0.997635,RUNNING,-0.997635,Run1
1642,06/12/2026 20:13,19,-0.997635,RUNNING,19,-0.997635,RUNNING,19,-0.997635,RUNNING,-0.997635,Run1
1643,06/12/2026 20:14,19,-0.997635,RUNNING,19,-0.997635,RUNNING,19,-0.997635,RUNNING,-0.997635,Run1
1644,06/12/2026 20:15,19,-0.997635,RUNNING,19,-0.997635,RUNNING,19,-0.997635,RUNNING,-0.997635,Run1
1645,06/12/2026 20:16,19,-0.997635,RUNNING,19,-0.997635,RUNNING,19,-0.997635,RUNNING,-0.997635,Run1
1646,06/12/2026 20:17,19,-0.997635,RUNNING,19,-0.997635,RUNNING,19,-0.997635,RUNNING,-0.997635,Run1
1647,06/12/2026 20:18,19,-0.997635,RUNNING,19,-0.997635,RUNNING,19,-0.997635,RUNNING,-0.997635,Run1
1648,06/12/2026 20:19,19,-0.997635,RUNNING,19,-0.997635,RUNNING,19,-0.997635,RUNNING,-0.997635,Run1
1649,06/12/2026 20:20,19,-0.997635,RUNNING,19,-0.997635,RUNNING,19,-0.997635,RUNNING,-0.997635,Run1
1650,06/12/2026 20:21,19,-0.997635,RUNNING,19,-0.997635,RUNNING,19,-0.997635,RUNNING,-0.997635,Run1
1651,06/12/2026 20:22,19,-0.997635,RUNNING,19,-0.997635,RUNNING,19,-0.997635,RUNNING,-0.997635,Run1
1652,06/12/2026 20:23,19,-0.997635,RUNNING,19,-0.997635,RUNNING,19,-0.997635,RUNNING,-0.997635,Run1
1653,06/12/2026 20:24,19,-0.997635,RUNNING,19,-0.997635,RUNNING,19,-0.997635,RUNNING,-0.997635,Run1
1654,06/12/2026 20:25,19,-0.997635,RUNNING,19,-0.997635,RUNNING,19,-0.997635,RUNNING,-0.997635,Run1
1655,06/12/2026 20:26,19,-0.997635,RUNNING,19,-0.997635,RUNNING,19,-0.997635,RUNNING,-0.997635,Run1
1656,06/12/2026 20:27,19,-0.997635,RUNNING,19,-0.997635,RUNNING,19,-0.997635,RUNNING,-0.997635,Run1
1657,06/12/2026 20:28,19,-0.997635,RUNNING,19,-0.997635,RUNNING,19,-0.997635,RUNNING,-0.997635,Run1
1658,06/12/2026 20:29,19,-0.997635,RUNNING,19,-0.997635,RUNNING,19,-0.997635,RUNNING,-0.997635,Run1
1659,06/12/2026 20:30,19,-0.997635,RUNNING,19,-0.997635,RUNNING,19,-0.997635,RUNNING,-0.997635,Run1
1660,06/12/2026 20:31,19,-0.997635,RUNNING,19,-0.997635,RUNNING,19,-0.997635,RUNNING,-0.997635,Run1
1661,06/12/2026 20:32,19,-0.997635,RUNNING,19,-0.997635,RUNNING,19,-0.997635,RUNNING,-0.997635,Run1
1662,06/12/2026 20:33,19,-0.997635,RUNNING,19,-0.997635,RUNNING,19,-0.997635,RUNNING,-0.997635,Run1
1663,06/12/2026 20:34,19,-0.997635,RUNNING,19,-0.997635,RUNNING,19,-0.997635,RUNNING,-0.997635,Run1
1664,06/12/2026 20:35,19,-0.997635,RUNNING,19,-0.997635,RUNNING,19,-0.997635,RUNNING,-0.997635,Run1
1665,06/12/2026 20:36,19,-0.997635,RUNNING,19,-0.997635,RUNNING,19,-0.997635,RUNNING,-0.997635,Run1
1666,06/12/2026 20:37,19,-0.997635,RUNNING,19,-0.997635,RUNNING,19,-0.997635,RUNNING,-0.997635,Run1
1667,06/12/2026 20:38,19,-0.997635,RUNNING,19,-0.997635,RUNNING,19,-0.997635,RUNNING,-0.997635,Run1
1668,06/12/2026 20:39,19,-0.997635,RUNNING,19,-0.997635,RUNNING,19,-0.997635,RUNNING,-0.997635,Run1
1669,06/12/2026 20:40,19,-0.997635,RUNNING,19,-0.997635,RUNNING,19,-0.997635,RUNNING,-0.997635,Run1
1670,06/12/2026 20:41,19,-0.997635,RUNNING,19,-0.997635,RUNNING,19,-0.997635,RUNNING,-0.997635,Run1
1671,06/12/2026 20:42,19,-0.997635,RUNNING,19,-0.997635,RUNNING,19,-0.997635,RUNNING,-0.997635,Run1
1672,06/12/2026 20:43,19,-0.997635,RUNNING,19,-0.997635,RUNNING,19,-0.997635,RUNNING,-0.997635,Run1
1673,06/12/2026 20:44,19,-0.997635,RUNNING,19,-0.997635,RUNNING,19,-0.997635,RUNNING,-0.997635,Run1
1674,06/12/2026 20:45,19,-0.997635,RUNNING,19,-0.997635,RUNNING,19,-0.997635,RUNNING,-0.997635,Run1
1675,06/12/2026 20:46,19,-0.997635,RUNNING,19,-0.997635,RUNNING,19,-0.997635,RUNNING,-0.997635,Run1
1676,06/12/2026 20:47,19,-0.997635,RUNNING,19,-0.997635,RUNNING,19,-0.997635,RUNNING,-0.997635,Run1
1677,06/12/2026 20:48,19,-0.997635,RUNNING,19,-0.997635,RUNNING,19,-0.997635,RUNNING,-0.997635,Run1
1678,06/12/2026 20:49,19,-0.997635,RUNNING,19,-0.997635,RUNNING,19,-0.997635,RUNNING,-0.997635,Run1
1679,06/12/2026 20:50,19,-0.997635,RUNNING,19,-0.997635,RUNNING,19,-0.997635,RUNNING,-0.997635,Run1
1680,06/12/2026 20:51,19,-0.997635,RUNNING,19,-0.997635,RUNNING,19,-0.997635,RUNNING,-0.997635,Run1
1681,06/12/2026 20:52,19,-0.997635,RUNNING,19,-0.997635,RUNNING,19,-0.997635,RUNNING,-0.997635,Run1
1682,06/12/2026 20:53,19,-0.997635,RUNNING,19,-0.997635,RUNNING,19,-0.997635,RUNNING,-0.997635,Run1
1683,06/12/2026 20:54,19,-0.997635,RUNNING,19,-0.997635,RUNNING,19,-0.997635,RUNNING,-0.997635,Run1
1684,06/12/2026 20:55,19,-0.997635,RUNNING,19,-0.997635,RUNNING,19,-0.997635,RUNNING,-0.997635,Run1
1685,06/12/2026 20:56,19,-0.997635,RUNNING,19,-0.997635,RUNNING,19,-0.997635,RUNNING,-0.997635,Run1
1686,06/12/2026 20:57,19,-0.997635,RUNNING,19,-0.997635,RUNNING,19,-0.997635,RUNNING,-0.997635,Run1
1687,06/12/2026 20:58,19,-0.997635,RUNNING,19,-0.997635,RUNNING,19,-0.997635,RUNNING,-0.997635,Run1
1688,06/12/2026 20:59,19,-0.997635,RUNNING,19,-0.997635,RUNNING,19,-0.997635,RUNNING,-0.997635,Run1
1689,06/12/2026 21:00,19,-0.997635,RUNNING,19,-0.997635,RUNNING,19,-0.997635,RUNNING,-0.997635,Run1
1690,06/12/2026 21:01,19,-0.997635,RUNNING,19,-0.997635,RUNNING,19,-0.997635,RUNNING,-0.997635,Run1
1691,06/12/2026 21:02,19,-0.997635,RUNNING,19,-0.997635,RUNNING,19,-0.997635,RUNNING,-0.997635,Run1
1692,06/12/2026 21:03,19,-0.997635,RUNNING,19,-0.997635,RUNNING,19,-0.997635,RUNNING,-0.997635,Run1
1693,06/12/2026 21:04,19,-0.997635,RUNNING,19,-0.997635,RUNNING,19,-0.997635,RUNNING,-0.997635,Run1
1694,06/12/2026 21:05,19,-0.997635,RUNNING,19,-0.997635,RUNNING,19,-0.997635,RUNNING,-0.997635,Run1
1695,06/12/2026 21:06,19,-0.997635,RUNNING,19,-0.997635,RUNNING,19,-0.997635,RUNNING,-0.997635,Run1
1696,06/12/2026 21:07,19,-0.997635,RUNNING,19,-0.997635,RUNNING,19,-0.997635,RUNNING,-0.997635,Run1
1697,06/12/2026 21:08,19,-0.997635,RUNNING,19,-0.997635,RUNNING,19,-0.997635,RUNNING,-0.997635,Run1
1698,06/12/2026 21:09,19,-0.997635,RUNNING,19,-0.997635,RUNNING,19,-0.997635,RUNNING,-0.997635,Run1
1699,06/12/2026 21:10,19,-0.997635,RUNNING,19,-0.997635,RUNNING,19,-0.997635,RUNNING,-0.997635,Run1
1700,06/12/2026 21:11,19,-0.997635,RUNNING,19,-0.997635,RUNNING,19,-0.997635,RUNNING,-0.997635,Run1
1701,06/12/2026 21:12,19,-0.997635,RUNNING,19,-0.997635,RUNNING,19,-0.997635,RUNNING,-0.997635,Run1
1702,06/12/2026 21:13,19,-0.997635,RUNNING,19,-0.997635,RUNNING,19,-0.997635,RUNNING,-0.997635,Run1
1703,06/12/2026 21:14,19,-0.997635,RUNNING,19,-0.997635,RUNNING,19,-0.997635,RUNNING,-0.997635,Run1
1704,06/12/2026 21:15,19,-0.997635,RUNNING,19,-0.997635,RUNNING,19,-0.997635,RUNNING,-0.997635,Run1
1705,06/12/2026 21:16,19,-0.997635,RUNNING,19,-0.997635,RUNNING,19,-0.997635,RUNNING,-0.997635,Run1
1706,06/12/2026 21:17,19,-0.997635,RUNNING,19,-0.997635,RUNNING,19,-0.997635,RUNNING,-0.997635,Run1
1707,06/12/2026 21:18,19,-0.997635,RUNNING,19,-0.997635,RUNNING,19,-0.997635,RUNNING,-0.997635,Run1
1708,06/12/2026 21:19,19,-0.997635,RUNNING,19,-0.997635,RUNNING,19,-0.997635,RUNNING,-0.997635,Run1
1709,06/12/2026 21:20,19,-0.997635,RUNNING,19,-0.997635,RUNNING,19,-0.997635,RUNNING,-0.997635,Run1
1710,06/12/2026 21:21,19,-0.997635,RUNNING,19,-0.997635,RUNNING,19,-0.997635,RUNNING,-0.997635,Run1
1711,06/12/2026 21:22,19,-0.997635,RUNNING,19,-0.997635,RUNNING,19,-0.997635,RUNNING,-0.997635,Run1
1712,06/12/2026 21:23,19,-0.997635,RUNNING,19,-0.997635,RUNNING,19,-0.997635,RUNNING,-0.997635,Run1
1713,06/12/2026 21:24,19,-0.997635,RUNNING,19,-0.997635,RUNNING,19,-0.997635,RUNNING,-0.997635,Run1
1714,06/12/2026 21:25,19,-0.997635,RUNNING,19,-0.997635,RUNNING,19,-0.997635,RUNNING,-0.997635,Run1
1715,06/12/2026 21:26,19,-0.997635,RUNNING,19,-0.997635,RUNNING,19,-0.997635,RUNNING,-0.997635,Run1
1716,06/12/2026 21:27,19,-0.997635,RUNNING,19,-0.997635,RUNNING,19,-0.997635,RUNNING,-0.997635,Run1
1717,06/12/2026 21:28,19,-0.997635,RUNNING,19,-0.997635,RUNNING,19,-0.997635,RUNNING,-0.997635,Run1
1718,06/12/2026 21:29,19,-0.997635,RUNNING,19,-0.997635,RUNNING,19,-0.997635,RUNNING,-0.997635,Run1
1719,06/12/2026 21:30,19,-0.997635,RUNNING,19,-0.997635,RUNNING,19,-0.997635,RUNNING,-0.997635,Run1
1720,06/12/2026 21:31,19,-0.997635,RUNNING,19,-0.997635,RUNNING,19,-0.997635,RUNNING,-0.997635,Run1
1721,06/12/2026 21:32,19,-0.997635,RUNNING,19,-0.997635,RUNNING,19,-0.997635,RUNNING,-0.997635,Run1
1722,06/12/2026 21:33,19,-0.997635,RUNNING,19,-0.997635,RUNNING,19,-0.997635,RUNNING,-0.997635,Run1
1723,06/12/2026 21:34,19,-0.997635,RUNNING,19,-0.997635,RUNNING,19,-0.997635,RUNNING,-0.997635,Run1
1724,06/12/2026 21:35,19,-0.997635,RUNNING,19,-0.997635,RUNNING,19,-0.997635,RUNNING,-0.997635,Run1
1725,06/12/2026 21:36,19,-0.997635,RUNNING,19,-0.997635,RUNNING,19,-0.997635,RUNNING,-0.997635,Run1
1726,06/12/2026 21:37,19,-0.997635,RUNNING,19,-0.997635,RUNNING,19,-0.997635,RUNNING,-0.997635,Run1
1727,06/12/2026 21:38,19,-0.997635,RUNNING,19,-0.997635,RUNNING,19,-0.997635,RUNNING,-0.997635,Run1
1728,06/12/2026 21:39,19,-0.997635,RUNNING,19,-0.997635,RUNNING,19,-0.997635,RUNNING,-0.997635,Run1
1729,06/12/2026 21:40,19,-0.997635,RUNNING,19,-0.997635,RUNNING,19,-0.997635,RUNNING,-0.997635,Run1
1730,06/12/2026 21:41,19,-0.997635,RUNNING,19,-0.997635,RUNNING,19,-0.997635,RUNNING,-0.997635,Run1
1731,06/12/2026 21:42,19,-0.997635,RUNNING,19,-0.997635,RUNNING,19,-0.997635,RUNNING,-0.997635,Run1
1732,06/12/2026 21:43,19,-0.997635,RUNNING,19,-0.997635,RUNNING,19,-0.997635,RUNNING,-0.997635,Run1
1733,06/12/2026 21:44,19,-0.997635,RUNNING,19,-0.997635,RUNNING,19,-0.997635,RUNNING,-0.997635,Run1
1734,06/12/2026 21:45,19,-0.997635,RUNNING,19,-0.997635,RUNNING,19,-0.997635,RUNNING,-0.997635,Run1
1735,06/12/2026 21:46,19,-0.997635,RUNNING,19,-0.997635,RUNNING,19,-0.997635,RUNNING,-0.997635,Run1
1736,06/12/2026 21:47,19,-0.997635,RUNNING,19,-0.997635,RUNNING,19,-0.997635,RUNNING,-0.997635,Run1
1737,06/12/2026 21:48,19,-0.997635,RUNNING,19,-0.997635,RUNNING,19,-0.997635,RUNNING,-0.997635,Run1
1738,06/12/2026 21:49,19,-0.997635,RUNNING,19,-0.997635,RUNNING,19,-0.997635,RUNNING,-0.997635,Run1
1739,06/12/2026 21:50,19,-0.997635,RUNNING,19,-0.997635,RUNNING,19,-0.997635,RUNNING,-0.997635,Run1
1740,06/12/2026 21:51,19,-0.997635,RUNNING,19,-0.997635,RUNNING,19,-0.997635,RUNNING,-0.997635,Run1
1741,06/12/2026 21:52,19,-0.997635,RUNNING,19,-0.997635,RUNNING,19,-0.997635,RUNNING,-0.997635,Run1
1742,06/12/2026 21:53,19,-0.997635,RUNNING,19,-0.997635,RUNNING,19,-0.997635,RUNNING,-0.997635,Run1
1743,06/12/2026 21:54,19,-0.997635,RUNNING,19,-0.997635,RUNNING,19,-0.997635,RUNNING,-0.997635,Run1
1744,06/12/2026 21:55,19,-0.997635,RUNNING,19,-0.997635,RUNNING,19,-0.997635,RUNNING,-0.997635,Run1
1745,06/12/2026 21:56,19,-0.997635,RUNNING,19,-0.997635,RUNNING,19,-0.997635,RUNNING,-0.997635,Run1
1746,06/12/2026 21:57,19,-0.997635,RUNNING,19,-0.997635,RUNNING,19,-0.997635,RUNNING,-0.997635,Run1
1747,06/12/2026 21:58,19,-0.997635,RUNNING,19,-0.997635,RUNNING,19,-0.997635,RUNNING,-0.997635,Run1
1748,06/12/2026 21:59,19,-0.997635,RUNNING,19,-0.997635,RUNNING,19,-0.997635,RUNNING,-0.997635,Run1
1749,06/12/2026 22:00,19,-0.997635,RUNNING,19,-0.997635,RUNNING,19,-0.997635,RUNNING,-0.997635,Run1
1750,06/12/2026 22:01,19,-0.997635,RUNNING,19,-0.997635,RUNNING,19,-0.997635,RUNNING,-0.997635,Run1
1751,06/12/2026 22:02,19,-0.997635,RUNNING,19,-0.997635,RUNNING,19,-0.997635,RUNNING,-0.997635,Run1
1752,06/12/2026 22:03,19,-0.997635,RUNNING,19,-0.997635,RUNNING,19,-0.997635,RUNNING,-0.997635,Run1
1753,06/12/2026 22:04,19,-0.997635,RUNNING,19,-0.997635,RUNNING,19,-0.997635,RUNNING,-0.997635,Run1
1754,06/12/2026 22:05,19,-0.997635,RUNNING,19,-0.997635,RUNNING,19,-0.997635,RUNNING,-0.997635,Run1
1755,06/12/2026 22:07,19,-0.997635,RUNNING,19,-0.997635,RUNNING,19,-0.997635,RUNNING,-0.997635,Run1
1756,06/12/2026 22:08,19,-0.997635,RUNNING,19,-0.997635,RUNNING,19,-0.997635,RUNNING,-0.997635,Run1
1757,06/12/2026 22:09,19,-0.997635,RUNNING,19,-0.997635,RUNNING,19,-0.997635,RUNNING,-0.997635,Run1
1758,06/12/2026 22:10,19,-0.997635,RUNNING,19,-0.997635,RUNNING,19,-0.997635,RUNNING,-0.997635,Run1
1759,06/12/2026 22:11,19,-0.997635,RUNNING,19,-0.997635,RUNNING,19,-0.997635,RUNNING,-0.997635,Run1
1760,06/12/2026 22:12,19,-0.997635,RUNNING,19,-0.997635,RUNNING,19,-0.997635,RUNNING,-0.997635,Run1
1761,06/12/2026 22:13,19,-0.997635,RUNNING,19,-0.997635,RUNNING,19,-0.997635,RUNNING,-0.997635,Run1
1762,06/12/2026 22:14,19,-0.997635,RUNNING,19,-0.997635,RUNNING,19,-0.997635,RUNNING,-0.997635,Run1
1763,06/12/2026 22:15,19,-0.997635,RUNNING,19,-0.997635,RUNNING,19,-0.997635,RUNNING,-0.997635,Run1
1764,06/12/2026 22:16,19,-0.997635,RUNNING,19,-0.997635,RUNNING,19,-0.997635,RUNNING,-0.997635,Run1
1765,06/12/2026 22:17,19,-0.997635,RUNNING,19,-0.997635,RUNNING,19,-0.997635,RUNNING,-0.997635,Run1
1766,06/12/2026 22:18,19,-0.997635,RUNNING,19,-0.997635,RUNNING,19,-0.997635,RUNNING,-0.997635,Run1
1767,06/12/2026 22:19,19,-0.997635,RUNNING,19,-0.997635,RUNNING,19,-0.997635,RUNNING,-0.997635,Run1
1768,06/12/2026 22:20,19,-0.997635,RUNNING,19,-0.997635,RUNNING,19,-0.997635,RUNNING,-0.997635,Run1
1769,06/12/2026 22:21,19,-0.997635,RUNNING,19,-0.997635,RUNNING,19,-0.997635,RUNNING,-0.997635,Run1
1770,06/12/2026 22:22,19,-0.997635,RUNNING,19,-0.997635,RUNNING,19,-0.997635,RUNNING,-0.997635,Run1
1771,06/12/2026 22:23,19,-0.997635,RUNNING,19,-0.997635,RUNNING,19,-0.997635,RUNNING,-0.997635,Run1
1772,06/12/2026 22:24,19,-0.997635,RUNNING,19,-0.997635,RUNNING,19,-0.997635,RUNNING,-0.997635,Run1
1773,06/12/2026 22:25,19,-0.997635,RUNNING,19,-0.997635,RUNNING,19,-0.997635,RUNNING,-0.997635,Run1
1774,06/12/2026 22:26,19,-0.997635,RUNNING,19,-0.997635,RUNNING,19,-0.997635,RUNNING,-0.997635,Run1
1775,06/12/2026 22:27,19,-0.997635,RUNNING,19,-0.997635,RUNNING,19,-0.997635,RUNNING,-0.997635,Run1
1776,06/12/2026 22:28,19,-0.997635,RUNNING,19,-0.997635,RUNNING,19,-0.997635,RUNNING,-0.997635,Run1
1777,06/12/2026 22:29,19,-0.997635,RUNNING,19,-0.997635,RUNNING,19,-0.997635,RUNNING,-0.997635,Run1
1778,06/12/2026 22:30,19,-0.997635,RUNNING,19,-0.997635,RUNNING,19,-0.997635,RUNNING,-0.997635,Run1
1779,06/12/2026 22:33,19,-0.997635,RUNNING,19,-0.997635,RUNNING,19,-0.997635,RUNNING,-0.997635,Run1
1780,06/12/2026 22:35,19,-0.997635,RUNNING,19,-0.997635,RUNNING,19,-0.997635,RUNNING,-0.997635,Run1
1781,06/12/2026 22:37,19,-0.997635,RUNNING,19,-0.997635,RUNNING,19,-0.997635,RUNNING,-0.997635,Run1
1782,06/12/2026 22:39,19,-0.997635,RUNNING,19,-0.997635,RUNNING,19,-0.997635,RUNNING,-0.997635,Run1
1783,06/12/2026 22:47,19,-0.997635,RUNNING,19,-0.997635,RUNNING,19,-0.997635,RUNNING,-0.997635,Run1
1784,06/12/2026 23:14,19,-0.997635,RUNNING,19,-0.997635,RUNNING,19,-0.997635,RUNNING,-0.997635,Run1
1785,06/13/2026 08:10,19,-0.997635,RUNNING,19,-0.997635,RUNNING,19,-0.997635,RUNNING,-0.997635,Run1
1786,06/13/2026 08:11,19,-0.997635,RUNNING,19,-0.997635,RUNNING,19,-0.997635,RUNNING,-0.997635,Run1
1787,06/13/2026 08:12,19,-0.997635,RUNNING,19,-0.997635,RUNNING,19,-0.997635,RUNNING,-0.997635,Run1
1788,06/13/2026 08:13,19,-0.997635,RUNNING,19,-0.997635,RUNNING,19,-0.997635,RUNNING,-0.997635,Run1
1789,06/13/2026 08:14,19,-0.997635,RUNNING,19,-0.997635,RUNNING,19,-0.997635,RUNNING,-0.997635,Run1
1790,06/13/2026 08:15,19,-0.997635,RUNNING,19,-0.997635,RUNNING,19,-0.997635,RUNNING,-0.997635,Run1
1791,06/13/2026 08:16,19,-0.997635,RUNNING,19,-0.997635,RUNNING,19,-0.997635,RUNNING,-0.997635,Run1
1792,06/13/2026 08:17,19,-0.997635,RUNNING,19,-0.997635,RUNNING,19,-0.997635,RUNNING,-0.997635,Run1
1793,06/13/2026 08:18,19,-0.997635,RUNNING,19,-0.997635,RUNNING,19,-0.997635,RUNNING,-0.997635,Run1
1794,06/13/2026 08:19,19,-0.997635,RUNNING,19,-0.997635,RUNNING,19,-0.997635,RUNNING,-0.997635,Run1
1795,06/13/2026 08:20,19,-0.997635,RUNNING,19,-0.997635,RUNNING,19,-0.997635,RUNNING,-0.997635,Run1
1796,06/13/2026 08:21,19,-0.997635,RUNNING,19,-0.997635,RUNNING,19,-0.997635,RUNNING,-0.997635,Run1
1797,06/13/2026 08:22,19,-0.997635,RUNNING,19,-0.997635,RUNNING,19,-0.997635,RUNNING,-0.997635,Run1
1798,06/13/2026 08:23,19,-0.997635,RUNNING,19,-0.997635,RUNNING,19,-0.997635,RUNNING,-0.997635,Run1
1799,06/13/2026 08:24,19,-0.997635,RUNNING,19,-0.997635,RUNNING,19,-0.997635,RUNNING,-0.997635,Run1
1800,06/13/2026 08:25,19,-0.997635,RUNNING,19,-0.997635,RUNNING,19,-0.997635,RUNNING,-0.997635,Run1
1801,06/13/2026 08:26,19,-0.997635,RUNNING,19,-0.997635,RUNNING,19,-0.997635,RUNNING,-0.997635,Run1
1802,06/13/2026 08:27,19,-0.997635,RUNNING,19,-0.997635,RUNNING,19,-0.997635,RUNNING,-0.997635,Run1
1803,06/13/2026 08:28,19,-0.997635,RUNNING,19,-0.997635,RUNNING,19,-0.997635,RUNNING,-0.997635,Run1
1804,06/13/2026 08:29,19,-0.997635,RUNNING,19,-0.997635,RUNNING,19,-0.997635,RUNNING,-0.997635,Run1
1805,06/13/2026 08:30,19,-0.997635,RUNNING,19,-0.997635,RUNNING,19,-0.997635,RUNNING,-0.997635,Run1
1806,06/13/2026 08:31,19,-0.997635,RUNNING,19,-0.997635,RUNNING,19,-0.997635,RUNNING,-0.997635,Run1
1807,06/13/2026 08:32,19,-0.997635,RUNNING,19,-0.997635,RUNNING,19,-0.997635,RUNNING,-0.997635,Run1
1808,06/13/2026 08:33,19,-0.997635,RUNNING,19,-0.997635,RUNNING,19,-0.997635,RUNNING,-0.997635,Run1
1809,06/13/2026 08:34,19,-0.997635,RUNNING,19,-0.997635,RUNNING,19,-0.997635,RUNNING,-0.997635,Run1
1810,06/13/2026 08:35,19,-0.997635,RUNNING,19,-0.997635,RUNNING,19,-0.997635,RUNNING,-0.997635,Run1
1811,06/13/2026 08:36,19,-0.997635,RUNNING,19,-0.997635,RUNNING,19,-0.997635,RUNNING,-0.997635,Run1
1812,06/13/2026 08:37,19,-0.997635,RUNNING,19,-0.997635,RUNNING,19,-0.997635,RUNNING,-0.997635,Run1
1813,06/13/2026 08:38,19,-0.997635,RUNNING,19,-0.997635,RUNNING,19,-0.997635,RUNNING,-0.997635,Run1
1814,06/13/2026 08:39,19,-0.997635,RUNNING,19,-0.997635,RUNNING,19,-0.997635,RUNNING,-0.997635,Run1
1815,06/13/2026 08:40,19,-0.997635,RUNNING,19,-0.997635,RUNNING,19,-0.997635,RUNNING,-0.997635,Run1
1816,06/13/2026 08:41,19,-0.997635,RUNNING,19,-0.997635,RUNNING,19,-0.997635,RUNNING,-0.997635,Run1
1817,06/13/2026 08:42,19,-0.997635,RUNNING,19,-0.997635,RUNNING,19,-0.997635,RUNNING,-0.997635,Run1
1818,06/13/2026 08:43,19,-0.997635,RUNNING,19,-0.997635,RUNNING,19,-0.997635,RUNNING,-0.997635,Run1
1819,06/13/2026 08:44,19,-0.997635,RUNNING,19,-0.997635,RUNNING,19,-0.997635,RUNNING,-0.997635,Run1
1820,06/13/2026 08:45,19,-0.997635,RUNNING,19,-0.997635,RUNNING,19,-0.997635,RUNNING,-0.997635,Run1
1821,06/13/2026 08:46,19,-0.997635,RUNNING,19,-0.997635,RUNNING,19,-0.997635,RUNNING,-0.997635,Run1
1822,06/13/2026 08:47,19,-0.997635,RUNNING,19,-0.997635,RUNNING,19,-0.997635,RUNNING,-0.997635,Run1
1823,06/13/2026 08:48,19,-0.997635,RUNNING,19,-0.997635,RUNNING,19,-0.997635,RUNNING,-0.997635,Run1
1824,06/13/2026 08:49,19,-0.997635,RUNNING,19,-0.997635,RUNNING,19,-0.997635,RUNNING,-0.997635,Run1
1825,06/13/2026 08:50,19,-0.997635,RUNNING,19,-0.997635,RUNNING,19,-0.997635,RUNNING,-0.997635,Run1
1826,06/13/2026 08:51,19,-0.997635,RUNNING,19,-0.997635,RUNNING,19,-0.997635,RUNNING,-0.997635,Run1
1827,06/13/2026 08:52,19,-0.997635,RUNNING,19,-0.997635,RUNNING,19,-0.997635,RUNNING,-0.997635,Run1
1828,06/13/2026 08:53,19,-0.997635,RUNNING,19,-0.997635,RUNNING,19,-0.997635,RUNNING,-0.997635,Run1
1829,06/13/2026 08:54,19,-0.997635,RUNNING,19,-0.997635,RUNNING,19,-0.997635,RUNNING,-0.997635,Run1
1830,06/13/2026 08:55,19,-0.997635,RUNNING,19,-0.997635,RUNNING,19,-0.997635,RUNNING,-0.997635,Run1
1831,06/13/2026 08:56,19,-0.997635,RUNNING,19,-0.997635,RUNNING,19,-0.997635,RUNNING,-0.997635,Run1
1832,06/13/2026 08:57,19,-0.997635,RUNNING,19,-0.997635,RUNNING,19,-0.997635,RUNNING,-0.997635,Run1
1833,06/13/2026 08:58,19,-0.997635,RUNNING,19,-0.997635,RUNNING,19,-0.997635,RUNNING,-0.997635,Run1
1834,06/13/2026 08:59,19,-0.997635,RUNNING,19,-0.997635,RUNNING,19,-0.997635,RUNNING,-0.997635,Run1
1835,06/13/2026 09:00,19,-0.997635,RUNNING,19,-0.997635,RUNNING,19,-0.997635,RUNNING,-0.997635,Run1
1836,06/13/2026 09:01,19,-0.997635,RUNNING,19,-0.997635,RUNNING,19,-0.997635,RUNNING,-0.997635,Run1
1837,06/13/2026 09:02,19,-0.997635,RUNNING,19,-0.997635,RUNNING,19,-0.997635,RUNNING,-0.997635,Run1
1838,06/13/2026 09:03,19,-0.997635,RUNNING,19,-0.997635,RUNNING,19,-0.997635,RUNNING,-0.997635,Run1
1839,06/13/2026 09:04,19,-0.997635,RUNNING,19,-0.997635,RUNNING,19,-0.997635,RUNNING,-0.997635,Run1
1840,06/13/2026 09:05,19,-0.997635,RUNNING,19,-0.997635,RUNNING,19,-0.997635,RUNNING,-0.997635,Run1
1841,06/13/2026 09:06,19,-0.997635,RUNNING,19,-0.997635,RUNNING,19,-0.997635,RUNNING,-0.997635,Run1
1842,06/13/2026 09:07,19,-0.997635,RUNNING,19,-0.997635,RUNNING,19,-0.997635,RUNNING,-0.997635,Run1
1843,06/13/2026 09:08,19,-0.997635,RUNNING,19,-0.997635,RUNNING,19,-0.997635,RUNNING,-0.997635,Run1
1844,06/13/2026 09:09,19,-0.997635,RUNNING,19,-0.997635,RUNNING,19,-0.997635,RUNNING,-0.997635,Run1
1845,06/13/2026 09:10,19,-0.997635,RUNNING,19,-0.997635,RUNNING,19,-0.997635,RUNNING,-0.997635,Run1
1846,06/13/2026 09:11,19,-0.997635,RUNNING,19,-0.997635,RUNNING,19,-0.997635,RUNNING,-0.997635,Run1
1847,06/13/2026 09:13,19,-0.997635,RUNNING,19,-0.997635,RUNNING,19,-0.997635,RUNNING,-0.997635,Run1
1848,06/13/2026 09:14,19,-0.997635,RUNNING,19,-0.997635,RUNNING,19,-0.997635,RUNNING,-0.997635,Run1
1849,06/13/2026 09:15,19,-0.997635,RUNNING,19,-0.997635,RUNNING,19,-0.997635,RUNNING,-0.997635,Run1
1850,06/13/2026 09:16,19,-0.997635,RUNNING,19,-0.997635,RUNNING,19,-0.997635,RUNNING,-0.997635,Run1
1851,06/13/2026 09:17,19,-0.997635,RUNNING,19,-0.997635,RUNNING,19,-0.997635,RUNNING,-0.997635,Run1
1852,06/13/2026 09:18,19,-0.997635,RUNNING,19,-0.997635,RUNNING,19,-0.997635,RUNNING,-0.997635,Run1
1853,06/13/2026 09:19,19,-0.997635,RUNNING,19,-0.997635,RUNNING,19,-0.997635,RUNNING,-0.997635,Run1
1854,06/13/2026 09:20,19,-0.997635,RUNNING,19,-0.997635,RUNNING,19,-0.997635,RUNNING,-0.997635,Run1
1855,06/13/2026 09:21,19,-0.997635,RUNNING,19,-0.997635,RUNNING,19,-0.997635,RUNNING,-0.997635,Run1
1856,06/13/2026 09:22,19,-0.997635,RUNNING,19,-0.997635,RUNNING,19,-0.997635,RUNNING,-0.997635,Run1
1857,06/13/2026 09:23,19,-0.997635,RUNNING,19,-0.997635,RUNNING,19,-0.997635,RUNNING,-0.997635,Run1
1858,06/13/2026 09:24,19,-0.997635,RUNNING,19,-0.997635,RUNNING,19,-0.997635,RUNNING,-0.997635,Run1
1859,06/13/2026 09:25,19,-0.997635,RUNNING,19,-0.997635,RUNNING,19,-0.997635,RUNNING,-0.997635,Run1
1860,06/13/2026 09:26,19,-0.997635,RUNNING,19,-0.997635,RUNNING,19,-0.997635,RUNNING,-0.997635,Run1
1861,06/13/2026 09:27,19,-0.997635,RUNNING,19,-0.997635,RUNNING,19,-0.997635,RUNNING,-0.997635,Run1
1862,06/13/2026 09:28,19,-0.997635,RUNNING,19,-0.997635,RUNNING,19,-0.997635,RUNNING,-0.997635,Run1
1863,06/13/2026 09:29,19,-0.997635,RUNNING,19,-0.997635,RUNNING,19,-0.997635,RUNNING,-0.997635,Run1
1864,06/13/2026 09:30,19,-0.997635,RUNNING,19,-0.997635,RUNNING,19,-0.997635,RUNNING,-0.997635,Run1
1865,06/13/2026 09:31,19,-0.997635,RUNNING,19,-0.997635,RUNNING,19,-0.997635,RUNNING,-0.997635,Run1
1866,06/13/2026 09:32,19,-0.997635,RUNNING,19,-0.997635,RUNNING,19,-0.997635,RUNNING,-0.997635,Run1
1867,06/13/2026 09:33,19,-0.997635,RUNNING,19,-0.997635,RUNNING,19,-0.997635,RUNNING,-0.997635,Run1
1868,06/13/2026 09:34,19,-0.997635,RUNNING,19,-0.997635,RUNNING,19,-0.997635,RUNNING,-0.997635,Run1
1869,06/13/2026 09:35,19,-0.997635,RUNNING,19,-0.997635,RUNNING,19,-0.997635,RUNNING,-0.997635,Run1
1870,06/13/2026 09:36,19,-0.997635,RUNNING,19,-0.997635,RUNNING,19,-0.997635,RUNNING,-0.997635,Run1
1871,06/13/2026 09:37,19,-0.997635,RUNNING,19,-0.997635,RUNNING,19,-0.997635,RUNNING,-0.997635,Run1
1872,06/13/2026 09:38,19,-0.997635,RUNNING,19,-0.997635,RUNNING,19,-0.997635,RUNNING,-0.997635,Run1
1873,06/13/2026 09:39,19,-0.997635,RUNNING,19,-0.997635,RUNNING,19,-0.997635,RUNNING,-0.997635,Run1
1874,06/13/2026 09:40,19,-0.997635,RUNNING,19,-0.997635,RUNNING,19,-0.997635,RUNNING,-0.997635,Run1
1875,06/13/2026 09:41,19,-0.997635,RUNNING,19,-0.997635,RUNNING,19,-0.997635,RUNNING,-0.997635,Run1
1876,06/13/2026 09:42,19,-0.997635,RUNNING,19,-0.997635,RUNNING,19,-0.997635,RUNNING,-0.997635,Run1
1877,06/13/2026 09:43,19,-0.997635,RUNNING,19,-0.997635,RUNNING,19,-0.997635,RUNNING,-0.997635,Run1
1878,06/13/2026 09:44,19,-0.997635,RUNNING,19,-0.997635,RUNNING,19,-0.997635,RUNNING,-0.997635,Run1
1879,06/13/2026 09:45,19,-0.997635,RUNNING,19,-0.997635,RUNNING,19,-0.997635,RUNNING,-0.997635,Run1
1880,06/13/2026 09:46,19,-0.997635,RUNNING,19,-0.997635,RUNNING,19,-0.997635,RUNNING,-0.997635,Run1
1881,06/13/2026 09:47,19,-0.997635,RUNNING,19,-0.997635,RUNNING,19,-0.997635,RUNNING,-0.997635,Run1
1882,06/13/2026 09:48,19,-0.997635,RUNNING,19,-0.997635,RUNNING,19,-0.997635,RUNNING,-0.997635,Run1
1883,06/13/2026 09:49,19,-0.997635,RUNNING,19,-0.997635,RUNNING,19,-0.997635,RUNNING,-0.997635,Run1
1884,06/13/2026 09:50,19,-0.997635,RUNNING,19,-0.997635,RUNNING,19,-0.997635,RUNNING,-0.997635,Run1
1885,06/13/2026 09:51,19,-0.997635,RUNNING,19,-0.997635,RUNNING,19,-0.997635,RUNNING,-0.997635,Run1
1886,06/13/2026 09:52,19,-0.997635,RUNNING,19,-0.997635,RUNNING,19,-0.997635,RUNNING,-0.997635,Run1
1887,06/13/2026 09:53,19,-0.997635,RUNNING,19,-0.997635,RUNNING,19,-0.997635,RUNNING,-0.997635,Run1
1888,06/13/2026 09:54,19,-0.997635,RUNNING,19,-0.997635,RUNNING,19,-0.997635,RUNNING,-0.997635,Run1
1889,06/13/2026 09:55,19,-0.997635,RUNNING,19,-0.997635,RUNNING,19,-0.997635,RUNNING,-0.997635,Run1
1890,06/13/2026 09:56,19,-0.997635,RUNNING,19,-0.997635,RUNNING,19,-0.997635,RUNNING,-0.997635,Run1
1891,06/13/2026 09:57,19,-0.997635,RUNNING,19,-0.997635,RUNNING,19,-0.997635,RUNNING,-0.997635,Run1
1892,06/13/2026 09:58,19,-0.997635,RUNNING,19,-0.997635,RUNNING,19,-0.997635,RUNNING,-0.997635,Run1
1893,06/13/2026 09:59,19,-0.997635,RUNNING,19,-0.997635,RUNNING,19,-0.997635,RUNNING,-0.997635,Run1
1894,06/13/2026 10:00,19,-0.997635,RUNNING,19,-0.997635,RUNNING,19,-0.997635,RUNNING,-0.997635,Run1
1895,06/13/2026 10:01,19,-0.997635,RUNNING,19,-0.997635,RUNNING,19,-0.997635,RUNNING,-0.997635,Run1
1896,06/13/2026 10:02,19,-0.997635,RUNNING,19,-0.997635,RUNNING,19,-0.997635,RUNNING,-0.997635,Run1
1897,06/13/2026 10:03,19,-0.997635,RUNNING,19,-0.997635,RUNNING,19,-0.997635,RUNNING,-0.997635,Run1
1898,06/13/2026 10:04,19,-0.997635,RUNNING,19,-0.997635,RUNNING,19,-0.997635,RUNNING,-0.997635,Run1
1899,06/13/2026 10:05,19,-0.997635,RUNNING,19,-0.997635,RUNNING,19,-0.997635,RUNNING,-0.997635,Run1
1900,06/13/2026 10:06,19,-0.997635,RUNNING,19,-0.997635,RUNNING,19,-0.997635,RUNNING,-0.997635,Run1
1901,06/13/2026 10:07,19,-0.997635,RUNNING,19,-0.997635,RUNNING,19,-0.997635,RUNNING,-0.997635,Run1
1902,06/13/2026 10:08,19,-0.997635,RUNNING,19,-0.997635,RUNNING,19,-0.997635,RUNNING,-0.997635,Run1
1903,06/13/2026 10:09,19,-0.997635,RUNNING,19,-0.997635,RUNNING,19,-0.997635,RUNNING,-0.997635,Run1
1904,06/13/2026 10:10,19,-0.997635,RUNNING,19,-0.997635,RUNNING,19,-0.997635,RUNNING,-0.997635,Run1
1905,06/13/2026 10:11,19,-0.997635,RUNNING,19,-0.997635,RUNNING,19,-0.997635,RUNNING,-0.997635,Run1
1906,06/13/2026 10:12,19,-0.997635,RUNNING,19,-0.997635,RUNNING,19,-0.997635,RUNNING,-0.997635,Run1
1907,06/13/2026 10:13,19,-0.997635,RUNNING,19,-0.997635,RUNNING,19,-0.997635,RUNNING,-0.997635,Run1
1908,06/13/2026 10:14,19,-0.997635,RUNNING,19,-0.997635,RUNNING,19,-0.997635,RUNNING,-0.997635,Run1
1909,06/13/2026 10:15,19,-0.997635,RUNNING,19,-0.997635,RUNNING,19,-0.997635,RUNNING,-0.997635,Run1
1910,06/13/2026 10:16,19,-0.997635,RUNNING,19,-0.997635,RUNNING,19,-0.997635,RUNNING,-0.997635,Run1
1911,06/13/2026 10:17,19,-0.997635,RUNNING,19,-0.997635,RUNNING,19,-0.997635,RUNNING,-0.997635,Run1
1912,06/13/2026 10:18,19,-0.997635,RUNNING,19,-0.997635,RUNNING,19,-0.997635,RUNNING,-0.997635,Run1
1913,06/13/2026 10:19,19,-0.997635,RUNNING,19,-0.997635,RUNNING,19,-0.997635,RUNNING,-0.997635,Run1
1914,06/13/2026 10:20,19,-0.997635,RUNNING,19,-0.997635,RUNNING,19,-0.997635,RUNNING,-0.997635,Run1
1915,06/13/2026 10:21,19,-0.997635,RUNNING,19,-0.997635,RUNNING,19,-0.997635,RUNNING,-0.997635,Run1
1916,06/13/2026 10:22,19,-0.997635,RUNNING,19,-0.997635,RUNNING,19,-0.997635,RUNNING,-0.997635,Run1
1917,06/13/2026 10:23,19,-0.997635,RUNNING,19,-0.997635,RUNNING,19,-0.997635,RUNNING,-0.997635,Run1
1918,06/13/2026 10:24,19,-0.997635,RUNNING,19,-0.997635,RUNNING,19,-0.997635,RUNNING,-0.997635,Run1
1919,06/13/2026 10:25,19,-0.997635,RUNNING,19,-0.997635,RUNNING,19,-0.997635,RUNNING,-0.997635,Run1
1920,06/13/2026 10:26,19,-0.997635,RUNNING,19,-0.997635,RUNNING,19,-0.997635,RUNNING,-0.997635,Run1
1921,06/13/2026 10:27,19,-0.997635,RUNNING,19,-0.997635,RUNNING,19,-0.997635,RUNNING,-0.997635,Run1
1922,06/13/2026 10:28,19,-0.997635,RUNNING,19,-0.997635,RUNNING,19,-0.997635,RUNNING,-0.997635,Run1
1923,06/13/2026 10:29,19,-0.997635,RUNNING,19,-0.997635,RUNNING,19,-0.997635,RUNNING,-0.997635,Run1
1924,06/13/2026 10:30,19,-0.997635,RUNNING,19,-0.997635,RUNNING,19,-0.997635,RUNNING,-0.997635,Run1
1925,06/13/2026 10:31,19,-0.997635,RUNNING,19,-0.997635,RUNNING,19,-0.997635,RUNNING,-0.997635,Run1
1926,06/13/2026 10:32,19,-0.997635,RUNNING,19,-0.997635,RUNNING,19,-0.997635,RUNNING,-0.997635,Run1
1927,06/13/2026 10:33,19,-0.997635,RUNNING,19,-0.997635,RUNNING,19,-0.997635,RUNNING,-0.997635,Run1
1928,06/13/2026 10:34,19,-0.997635,RUNNING,19,-0.997635,RUNNING,19,-0.997635,RUNNING,-0.997635,Run1
1929,06/13/2026 10:35,19,-0.997635,RUNNING,19,-0.997635,RUNNING,19,-0.997635,RUNNING,-0.997635,Run1
1930,06/13/2026 10:36,19,-0.997635,RUNNING,19,-0.997635,RUNNING,19,-0.997635,RUNNING,-0.997635,Run1
1931,06/13/2026 10:37,19,-0.997635,RUNNING,19,-0.997635,RUNNING,19,-0.997635,RUNNING,-0.997635,Run1
1932,06/13/2026 10:38,19,-0.997635,RUNNING,19,-0.997635,RUNNING,19,-0.997635,RUNNING,-0.997635,Run1
1933,06/13/2026 10:39,19,-0.997635,RUNNING,19,-0.997635,RUNNING,19,-0.997635,RUNNING,-0.997635,Run1
1934,06/13/2026 10:40,19,-0.997635,RUNNING,19,-0.997635,RUNNING,19,-0.997635,RUNNING,-0.997635,Run1
1935,06/13/2026 10:41,19,-0.997635,RUNNING,19,-0.997635,RUNNING,19,-0.997635,RUNNING,-0.997635,Run1
1936,06/13/2026 10:42,19,-0.997635,RUNNING,19,-0.997635,RUNNING,19,-0.997635,RUNNING,-0.997635,Run1
1937,06/13/2026 10:43,19,-0.997635,RUNNING,19,-0.997635,RUNNING,19,-0.997635,RUNNING,-0.997635,Run1
1938,06/13/2026 10:44,19,-0.997635,RUNNING,19,-0.997635,RUNNING,19,-0.997635,RUNNING,-0.997635,Run1
1939,06/13/2026 10:45,19,-0.997635,RUNNING,19,-0.997635,RUNNING,19,-0.997635,RUNNING,-0.997635,Run1
1940,06/13/2026 10:46,19,-0.997635,RUNNING,19,-0.997635,RUNNING,19,-0.997635,RUNNING,-0.997635,Run1
1941,06/13/2026 10:47,19,-0.997635,RUNNING,19,-0.997635,RUNNING,19,-0.997635,RUNNING,-0.997635,Run1
1942,06/13/2026 10:48,19,-0.997635,RUNNING,19,-0.997635,RUNNING,19,-0.997635,RUNNING,-0.997635,Run1
1943,06/13/2026 10:49,19,-0.997635,RUNNING,19,-0.997635,RUNNING,19,-0.997635,RUNNING,-0.997635,Run1
1944,06/13/2026 10:50,19,-0.997635,RUNNING,19,-0.997635,RUNNING,19,-0.997635,RUNNING,-0.997635,Run1
1945,06/13/2026 10:51,19,-0.997635,RUNNING,19,-0.997635,RUNNING,19,-0.997635,RUNNING,-0.997635,Run1
1946,06/13/2026 10:52,19,-0.997635,RUNNING,19,-0.997635,RUNNING,19,-0.997635,RUNNING,-0.997635,Run1
1947,06/13/2026 10:53,19,-0.997635,RUNNING,19,-0.997635,RUNNING,19,-0.997635,RUNNING,-0.997635,Run1
1948,06/13/2026 10:54,19,-0.997635,RUNNING,19,-0.997635,RUNNING,19,-0.997635,RUNNING,-0.997635,Run1
1949,06/13/2026 10:55,19,-0.997635,RUNNING,19,-0.997635,RUNNING,19,-0.997635,RUNNING,-0.997635,Run1
1950,06/13/2026 10:56,19,-0.997635,RUNNING,19,-0.997635,RUNNING,19,-0.997635,RUNNING,-0.997635,Run1
1951,06/13/2026 10:57,19,-0.997635,RUNNING,19,-0.997635,RUNNING,19,-0.997635,RUNNING,-0.997635,Run1
1952,06/13/2026 10:58,19,-0.997635,RUNNING,19,-0.997635,RUNNING,19,-0.997635,RUNNING,-0.997635,Run1
1953,06/13/2026 10:59,19,-0.997635,RUNNING,19,-0.997635,RUNNING,19,-0.997635,RUNNING,-0.997635,Run1
1954,06/13/2026 11:00,19,-0.997635,RUNNING,19,-0.997635,RUNNING,19,-0.997635,RUNNING,-0.997635,Run1
1955,06/13/2026 11:01,19,-0.997635,RUNNING,19,-0.997635,RUNNING,19,-0.997635,RUNNING,-0.997635,Run1
1956,06/13/2026 11:02,19,-0.997635,RUNNING,19,-0.997635,RUNNING,19,-0.997635,RUNNING,-0.997635,Run1
1957,06/13/2026 11:03,19,-0.997635,RUNNING,19,-0.997635,RUNNING,19,-0.997635,RUNNING,-0.997635,Run1
1958,06/13/2026 11:04,19,-0.997635,RUNNING,19,-0.997635,RUNNING,19,-0.997635,RUNNING,-0.997635,Run1
1959,06/13/2026 11:05,19,-0.997635,RUNNING,19,-0.997635,RUNNING,19,-0.997635,RUNNING,-0.997635,Run1
1960,06/13/2026 11:06,19,-0.997635,RUNNING,19,-0.997635,RUNNING,19,-0.997635,RUNNING,-0.997635,Run1
1961,06/13/2026 11:07,19,-0.997635,RUNNING,19,-0.997635,RUNNING,19,-0.997635,RUNNING,-0.997635,Run1
1962,06/13/2026 11:08,19,-0.997635,RUNNING,19,-0.997635,RUNNING,19,-0.997635,RUNNING,-0.997635,Run1
1963,06/13/2026 11:09,19,-0.997635,RUNNING,19,-0.997635,RUNNING,19,-0.997635,RUNNING,-0.997635,Run1
1964,06/13/2026 11:10,19,-0.997635,RUNNING,19,-0.997635,RUNNING,19,-0.997635,RUNNING,-0.997635,Run1
1965,06/13/2026 11:11,19,-0.997635,RUNNING,19,-0.997635,RUNNING,19,-0.997635,RUNNING,-0.997635,Run1
1966,06/13/2026 11:12,19,-0.997635,RUNNING,19,-0.997635,RUNNING,19,-0.997635,RUNNING,-0.997635,Run1
1967,06/13/2026 11:13,19,-0.997635,RUNNING,19,-0.997635,RUNNING,19,-0.997635,RUNNING,-0.997635,Run1
1968,06/13/2026 11:14,19,-0.997635,RUNNING,19,-0.997635,RUNNING,19,-0.997635,RUNNING,-0.997635,Run1
1969,06/13/2026 11:15,19,-0.997635,RUNNING,19,-0.997635,RUNNING,19,-0.997635,RUNNING,-0.997635,Run1
1970,06/13/2026 11:16,19,-0.997635,RUNNING,19,-0.997635,RUNNING,19,-0.997635,RUNNING,-0.997635,Run1
1971,06/13/2026 11:17,19,-0.997635,RUNNING,19,-0.997635,RUNNING,19,-0.997635,RUNNING,-0.997635,Run1
1972,06/13/2026 11:18,19,-0.997635,RUNNING,19,-0.997635,RUNNING,19,-0.997635,RUNNING,-0.997635,Run1
1973,06/13/2026 11:19,19,-0.997635,RUNNING,19,-0.997635,RUNNING,19,-0.997635,RUNNING,-0.997635,Run1
1974,06/13/2026 11:20,19,-0.997635,RUNNING,19,-0.997635,RUNNING,19,-0.997635,RUNNING,-0.997635,Run1
1975,06/13/2026 11:21,19,-0.997635,RUNNING,19,-0.997635,RUNNING,19,-0.997635,RUNNING,-0.997635,Run1
1976,06/13/2026 11:22,19,-0.997635,RUNNING,19,-0.997635,RUNNING,19,-0.997635,RUNNING,-0.997635,Run1
1977,06/13/2026 11:23,19,-0.997635,RUNNING,19,-0.997635,RUNNING,19,-0.997635,RUNNING,-0.997635,Run1
1978,06/13/2026 11:25,19,-0.997635,RUNNING,19,-0.997635,RUNNING,19,-0.997635,RUNNING,-0.997635,Run1
1979,06/13/2026 11:26,19,-0.997635,RUNNING,19,-0.997635,RUNNING,19,-0.997635,RUNNING,-0.997635,Run1
1980,06/13/2026 11:27,19,-0.997635,RUNNING,19,-0.997635,RUNNING,19,-0.997635,RUNNING,-0.997635,Run1
1981,06/13/2026 11:28,19,-0.997635,RUNNING,19,-0.997635,RUNNING,19,-0.997635,RUNNING,-0.997635,Run1
1982,06/13/2026 11:29,19,-0.997635,RUNNING,19,-0.997635,RUNNING,19,-0.997635,RUNNING,-0.997635,Run1
1983,06/13/2026 11:30,19,-0.997635,RUNNING,19,-0.997635,RUNNING,19,-0.997635,RUNNING,-0.997635,Run1
1984,06/13/2026 11:31,19,-0.997635,RUNNING,19,-0.997635,RUNNING,19,-0.997635,RUNNING,-0.997635,Run1
1985,06/13/2026 11:32,19,-0.997635,RUNNING,19,-0.997635,RUNNING,19,-0.997635,RUNNING,-0.997635,Run1
1986,06/13/2026 11:33,19,-0.997635,RUNNING,19,-0.997635,RUNNING,19,-0.997635,RUNNING,-0.997635,Run1
1987,06/13/2026 11:34,19,-0.997635,RUNNING,19,-0.997635,RUNNING,19,-0.997635,RUNNING,-0.997635,Run1
1988,06/13/2026 11:35,19,-0.997635,RUNNING,19,-0.997635,RUNNING,19,-0.997635,RUNNING,-0.997635,Run1
1989,06/13/2026 11:36,19,-0.997635,RUNNING,19,-0.997635,RUNNING,19,-0.997635,RUNNING,-0.997635,Run1
1990,06/13/2026 11:37,19,-0.997635,RUNNING,19,-0.997635,RUNNING,19,-0.997635,RUNNING,-0.997635,Run1
1991,06/13/2026 11:38,19,-0.997635,RUNNING,19,-0.997635,RUNNING,19,-0.997635,RUNNING,-0.997635,Run1
1992,06/13/2026 11:39,19,-0.997635,RUNNING,19,-0.997635,RUNNING,19,-0.997635,RUNNING,-0.997635,Run1
1993,06/13/2026 11:40,19,-0.997635,RUNNING,19,-0.997635,RUNNING,19,-0.997635,RUNNING,-0.997635,Run1
1994,06/13/2026 11:41,19,-0.997635,RUNNING,19,-0.997635,RUNNING,19,-0.997635,RUNNING,-0.997635,Run1
1995,06/13/2026 11:42,19,-0.997635,RUNNING,19,-0.997635,RUNNING,19,-0.997635,RUNNING,-0.997635,Run1
1996,06/13/2026 11:43,19,-0.997635,RUNNING,19,-0.997635,RUNNING,19,-0.997635,RUNNING,-0.997635,Run1
1997,06/13/2026 11:44,19,-0.997635,RUNNING,19,-0.997635,RUNNING,19,-0.997635,RUNNING,-0.997635,Run1
1998,06/13/2026 11:45,19,-0.997635,RUNNING,19,-0.997635,RUNNING,19,-0.997635,RUNNING,-0.997635,Run1
1999,06/13/2026 11:46,19,-0.997635,RUNNING,19,-0.997635,RUNNING,19,-0.997635,RUNNING,-0.997635,Run1
2000,06/13/2026 11:47,19,-0.997635,RUNNING,19,-0.997635,RUNNING,19,-0.997635,RUNNING,-0.997635,Run1
2001,06/13/2026 11:48,19,-0.997635,RUNNING,19,-0.997635,RUNNING,19,-0.997635,RUNNING,-0.997635,Run1
2002,06/13/2026 11:49,19,-0.997635,RUNNING,19,-0.997635,RUNNING,19,-0.997635,RUNNING,-0.997635,Run1
2003,06/13/2026 11:50,19,-0.997635,RUNNING,19,-0.997635,RUNNING,19,-0.997635,RUNNING,-0.997635,Run1
2004,06/13/2026 11:51,19,-0.997635,RUNNING,19,-0.997635,RUNNING,19,-0.997635,RUNNING,-0.997635,Run1
2005,06/13/2026 11:52,19,-0.997635,RUNNING,19,-0.997635,RUNNING,19,-0.997635,RUNNING,-0.997635,Run1
2006,06/13/2026 11:53,19,-0.997635,RUNNING,19,-0.997635,RUNNING,19,-0.997635,RUNNING,-0.997635,Run1
2007,06/13/2026 11:54,19,-0.997635,RUNNING,19,-0.997635,RUNNING,19,-0.997635,RUNNING,-0.997635,Run1
2008,06/13/2026 11:55,19,-0.997635,RUNNING,19,-0.997635,RUNNING,19,-0.997635,RUNNING,-0.997635,Run1
2009,06/13/2026 11:56,19,-0.997635,RUNNING,19,-0.997635,RUNNING,19,-0.997635,RUNNING,-0.997635,Run1
2010,06/13/2026 11:57,19,-0.997635,RUNNING,19,-0.997635,RUNNING,19,-0.997635,RUNNING,-0.997635,Run1
2011,06/13/2026 11:58,19,-0.997635,RUNNING,19,-0.997635,RUNNING,19,-0.997635,RUNNING,-0.997635,Run1
2012,06/13/2026 11:59,19,-0.997635,RUNNING,19,-0.997635,RUNNING,19,-0.997635,RUNNING,-0.997635,Run1
2013,06/13/2026 12:00,19,-0.997635,RUNNING,19,-0.997635,RUNNING,19,-0.997635,RUNNING,-0.997635,Run1
2014,06/13/2026 12:01,19,-0.997635,RUNNING,19,-0.997635,RUNNING,19,-0.997635,RUNNING,-0.997635,Run1
2015,06/13/2026 12:02,19,-0.997635,RUNNING,19,-0.997635,RUNNING,19,-0.997635,RUNNING,-0.997635,Run1
2016,06/13/2026 12:03,19,-0.997635,RUNNING,19,-0.997635,RUNNING,19,-0.997635,RUNNING,-0.997635,Run1
2017,06/13/2026 12:04,19,-0.997635,RUNNING,19,-0.997635,RUNNING,19,-0.997635,RUNNING,-0.997635,Run1
2018,06/13/2026 12:05,19,-0.997635,RUNNING,19,-0.997635,RUNNING,19,-0.997635,RUNNING,-0.997635,Run1
2019,06/13/2026 12:06,19,-0.997635,RUNNING,19,-0.997635,RUNNING,19,-0.997635,RUNNING,-0.997635,Run1
2020,06/13/2026 12:07,19,-0.997635,RUNNING,19,-0.997635,RUNNING,19,-0.997635,RUNNING,-0.997635,Run1
2021,06/13/2026 12:08,19,-0.997635,RUNNING,19,-0.997635,RUNNING,19,-0.997635,RUNNING,-0.997635,Run1
2022,06/13/2026 12:09,19,-0.997635,RUNNING,19,-0.997635,RUNNING,19,-0.997635,RUNNING,-0.997635,Run1
2023,06/13/2026 12:10,19,-0.997635,RUNNING,19,-0.997635,RUNNING,19,-0.997635,RUNNING,-0.997635,Run1
2024,06/13/2026 12:11,19,-0.997635,RUNNING,19,-0.997635,RUNNING,19,-0.997635,RUNNING,-0.997635,Run1
2025,06/13/2026 12:12,19,-0.997635,RUNNING,19,-0.997635,RUNNING,19,-0.997635,RUNNING,-0.997635,Run1
2026,06/13/2026 12:13,19,-0.997635,RUNNING,19,-0.997635,RUNNING,19,-0.997635,RUNNING,-0.997635,Run1
2027,06/13/2026 12:14,19,-0.997635,RUNNING,19,-0.997635,RUNNING,19,-0.997635,RUNNING,-0.997635,Run1
2028,06/13/2026 12:15,19,-0.997635,RUNNING,19,-0.997635,RUNNING,19,-0.997635,RUNNING,-0.997635,Run1
2029,06/13/2026 12:16,19,-0.997635,RUNNING,19,-0.997635,RUNNING,19,-0.997635,RUNNING,-0.997635,Run1
2030,06/13/2026 12:17,19,-0.997635,RUNNING,19,-0.997635,RUNNING,19,-0.997635,RUNNING,-0.997635,Run1
2031,06/13/2026 12:18,19,-0.997635,RUNNING,19,-0.997635,RUNNING,19,-0.997635,RUNNING,-0.997635,Run1
2032,06/13/2026 12:19,19,-0.997635,RUNNING,19,-0.997635,RUNNING,19,-0.997635,RUNNING,-0.997635,Run1
2033,06/13/2026 12:20,19,-0.997635,RUNNING,19,-0.997635,RUNNING,19,-0.997635,RUNNING,-0.997635,Run1
2034,06/13/2026 12:21,19,-0.997635,RUNNING,19,-0.997635,RUNNING,19,-0.997635,RUNNING,-0.997635,Run1
2035,06/13/2026 12:22,19,-0.997635,RUNNING,19,-0.997635,RUNNING,19,-0.997635,RUNNING,-0.997635,Run1
2036,06/13/2026 12:23,19,-0.997635,RUNNING,19,-0.997635,RUNNING,19,-0.997635,RUNNING,-0.997635,Run1
2037,06/13/2026 12:24,19,-0.997635,RUNNING,19,-0.997635,RUNNING,19,-0.997635,RUNNING,-0.997635,Run1
2038,06/13/2026 12:25,19,-0.997635,RUNNING,19,-0.997635,RUNNING,19,-0.997635,RUNNING,-0.997635,Run1
2039,06/13/2026 12:26,19,-0.997635,RUNNING,19,-0.997635,RUNNING,19,-0.997635,RUNNING,-0.997635,Run1
2040,06/13/2026 12:27,19,-0.997635,RUNNING,19,-0.997635,RUNNING,19,-0.997635,RUNNING,-0.997635,Run1
2041,06/13/2026 12:28,19,-0.997635,RUNNING,19,-0.997635,RUNNING,19,-0.997635,RUNNING,-0.997635,Run1
2042,06/13/2026 12:29,19,-0.997635,RUNNING,19,-0.997635,RUNNING,19,-0.997635,RUNNING,-0.997635,Run1
2043,06/13/2026 12:30,19,-0.997635,RUNNING,19,-0.997635,RUNNING,19,-0.997635,RUNNING,-0.997635,Run1
2044,06/13/2026 12:31,19,-0.997635,RUNNING,19,-0.997635,RUNNING,19,-0.997635,RUNNING,-0.997635,Run1
2045,06/13/2026 12:32,19,-0.997635,RUNNING,19,-0.997635,RUNNING,19,-0.997635,RUNNING,-0.997635,Run1
2046,06/13/2026 12:33,19,-0.997635,RUNNING,19,-0.997635,RUNNING,19,-0.997635,RUNNING,-0.997635,Run1
2047,06/13/2026 12:34,19,-0.997635,RUNNING,19,-0.997635,RUNNING,19,-0.997635,RUNNING,-0.997635,Run1
2048,06/13/2026 12:35,19,-0.997635,RUNNING,19,-0.997635,RUNNING,19,-0.997635,RUNNING,-0.997635,Run1
2049,06/13/2026 12:36,19,-0.997635,RUNNING,19,-0.997635,RUNNING,19,-0.997635,RUNNING,-0.997635,Run1
2050,06/13/2026 12:37,19,-0.997635,RUNNING,19,-0.997635,RUNNING,19,-0.997635,RUNNING,-0.997635,Run1
2051,06/13/2026 12:38,19,-0.997635,RUNNING,19,-0.997635,RUNNING,19,-0.997635,RUNNING,-0.997635,Run1
2052,06/13/2026 12:39,19,-0.997635,RUNNING,19,-0.997635,RUNNING,19,-0.997635,RUNNING,-0.997635,Run1
2053,06/13/2026 12:40,19,-0.997635,RUNNING,19,-0.997635,RUNNING,19,-0.997635,RUNNING,-0.997635,Run1
2054,06/13/2026 12:41,19,-0.997635,RUNNING,19,-0.997635,RUNNING,19,-0.997635,RUNNING,-0.997635,Run1
2055,06/13/2026 12:42,19,-0.997635,RUNNING,19,-0.997635,RUNNING,19,-0.997635,RUNNING,-0.997635,Run1
2056,06/13/2026 12:43,19,-0.997635,RUNNING,19,-0.997635,RUNNING,19,-0.997635,RUNNING,-0.997635,Run1
2057,06/13/2026 12:44,19,-0.997635,RUNNING,19,-0.997635,RUNNING,19,-0.997635,RUNNING,-0.997635,Run1
2058,06/13/2026 12:45,19,-0.997635,RUNNING,19,-0.997635,RUNNING,19,-0.997635,RUNNING,-0.997635,Run1
2059,06/13/2026 12:46,19,-0.997635,RUNNING,19,-0.997635,RUNNING,19,-0.997635,RUNNING,-0.997635,Run1
2060,06/13/2026 12:47,19,-0.997635,RUNNING,19,-0.997635,RUNNING,19,-0.997635,RUNNING,-0.997635,Run1
2061,06/13/2026 12:48,19,-0.997635,RUNNING,19,-0.997635,RUNNING,19,-0.997635,RUNNING,-0.997635,Run1
2062,06/13/2026 12:49,19,-0.997635,RUNNING,19,-0.997635,RUNNING,19,-0.997635,RUNNING,-0.997635,Run1
2063,06/13/2026 12:50,19,-0.997635,RUNNING,19,-0.997635,RUNNING,19,-0.997635,RUNNING,-0.997635,Run1
2064,06/13/2026 12:51,19,-0.997635,RUNNING,19,-0.997635,RUNNING,19,-0.997635,RUNNING,-0.997635,Run1
2065,06/13/2026 12:52,19,-0.997635,RUNNING,19,-0.997635,RUNNING,19,-0.997635,RUNNING,-0.997635,Run1
2066,06/13/2026 12:53,19,-0.997635,RUNNING,19,-0.997635,RUNNING,19,-0.997635,RUNNING,-0.997635,Run1
2067,06/13/2026 12:54,19,-0.997635,RUNNING,19,-0.997635,RUNNING,19,-0.997635,RUNNING,-0.997635,Run1
2068,06/13/2026 12:55,19,-0.997635,RUNNING,19,-0.997635,RUNNING,19,-0.997635,RUNNING,-0.997635,Run1
2069,06/13/2026 12:56,19,-0.997635,RUNNING,19,-0.997635,RUNNING,19,-0.997635,RUNNING,-0.997635,Run1
2070,06/13/2026 12:57,19,-0.997635,RUNNING,19,-0.997635,RUNNING,19,-0.997635,RUNNING,-0.997635,Run1
2071,06/13/2026 12:58,19,-0.997635,RUNNING,19,-0.997635,RUNNING,19,-0.997635,RUNNING,-0.997635,Run1
2072,06/13/2026 12:59,19,-0.997635,RUNNING,19,-0.997635,RUNNING,19,-0.997635,RUNNING,-0.997635,Run1
2073,06/13/2026 13:00,19,-0.997635,RUNNING,19,-0.997635,RUNNING,19,-0.997635,RUNNING,-0.997635,Run1
2074,06/13/2026 13:01,19,-0.997635,RUNNING,19,-0.997635,RUNNING,19,-0.997635,RUNNING,-0.997635,Run1
2075,06/13/2026 13:02,19,-0.997635,RUNNING,19,-0.997635,RUNNING,19,-0.997635,RUNNING,-0.997635,Run1
2076,06/13/2026 13:03,19,-0.997635,RUNNING,19,-0.997635,RUNNING,19,-0.997635,RUNNING,-0.997635,Run1
2077,06/13/2026 13:04,19,-0.997635,RUNNING,19,-0.997635,RUNNING,19,-0.997635,RUNNING,-0.997635,Run1
2078,06/13/2026 13:05,19,-0.997635,RUNNING,19,-0.997635,RUNNING,19,-0.997635,RUNNING,-0.997635,Run1
2079,06/13/2026 13:06,19,-0.997635,RUNNING,19,-0.997635,RUNNING,19,-0.997635,RUNNING,-0.997635,Run1
2080,06/13/2026 13:07,19,-0.997635,RUNNING,19,-0.997635,RUNNING,19,-0.997635,RUNNING,-0.997635,Run1
2081,06/13/2026 13:08,19,-0.997635,RUNNING,19,-0.997635,RUNNING,19,-0.997635,RUNNING,-0.997635,Run1
2082,06/13/2026 13:09,19,-0.997635,RUNNING,19,-0.997635,RUNNING,19,-0.997635,RUNNING,-0.997635,Run1
2083,06/13/2026 13:10,19,-0.997635,RUNNING,19,-0.997635,RUNNING,19,-0.997635,RUNNING,-0.997635,Run1
2084,06/13/2026 13:11,19,-0.997635,RUNNING,19,-0.997635,RUNNING,19,-0.997635,RUNNING,-0.997635,Run1
2085,06/13/2026 13:12,19,-0.997635,RUNNING,19,-0.997635,RUNNING,19,-0.997635,RUNNING,-0.997635,Run1
2086,06/13/2026 13:13,19,-0.997635,RUNNING,19,-0.997635,RUNNING,19,-0.997635,RUNNING,-0.997635,Run1
2087,06/13/2026 13:14,19,-0.997635,RUNNING,19,-0.997635,RUNNING,19,-0.997635,RUNNING,-0.997635,Run1
2088,06/13/2026 13:15,19,-0.997635,RUNNING,19,-0.997635,RUNNING,19,-0.997635,RUNNING,-0.997635,Run1
2089,06/13/2026 13:16,19,-0.997635,RUNNING,19,-0.997635,RUNNING,19,-0.997635,RUNNING,-0.997635,Run1
2090,06/13/2026 13:17,19,-0.997635,RUNNING,19,-0.997635,RUNNING,19,-0.997635,RUNNING,-0.997635,Run1
2091,06/13/2026 13:18,19,-0.997635,RUNNING,19,-0.997635,RUNNING,19,-0.997635,RUNNING,-0.997635,Run1
2092,06/13/2026 13:19,19,-0.997635,RUNNING,19,-0.997635,RUNNING,19,-0.997635,RUNNING,-0.997635,Run1
2093,06/13/2026 13:20,19,-0.997635,RUNNING,19,-0.997635,RUNNING,19,-0.997635,RUNNING,-0.997635,Run1
2094,06/13/2026 13:21,19,-0.997635,RUNNING,19,-0.997635,RUNNING,19,-0.997635,RUNNING,-0.997635,Run1
2095,06/13/2026 13:22,19,-0.997635,RUNNING,19,-0.997635,RUNNING,19,-0.997635,RUNNING,-0.997635,Run1
2096,06/13/2026 13:23,19,-0.997635,RUNNING,19,-0.997635,RUNNING,19,-0.997635,RUNNING,-0.997635,Run1
2097,06/13/2026 13:25,19,-0.997635,RUNNING,19,-0.997635,RUNNING,19,-0.997635,RUNNING,-0.997635,Run1
2098,06/13/2026 13:26,19,-0.997635,RUNNING,19,-0.997635,RUNNING,19,-0.997635,RUNNING,-0.997635,Run1
2099,06/13/2026 13:27,19,-0.997635,RUNNING,19,-0.997635,RUNNING,19,-0.997635,RUNNING,-0.997635,Run1
2100,06/13/2026 13:28,19,-0.997635,RUNNING,19,-0.997635,RUNNING,19,-0.997635,RUNNING,-0.997635,Run1
2101,06/13/2026 13:29,19,-0.997635,RUNNING,19,-0.997635,RUNNING,19,-0.997635,RUNNING,-0.997635,Run1
2102,06/13/2026 13:30,19,-0.997635,RUNNING,19,-0.997635,RUNNING,19,-0.997635,RUNNING,-0.997635,Run1
2103,06/13/2026 13:31,19,-0.997635,RUNNING,19,-0.997635,RUNNING,19,-0.997635,RUNNING,-0.997635,Run1
2104,06/13/2026 13:32,19,-0.997635,RUNNING,19,-0.997635,RUNNING,19,-0.997635,RUNNING,-0.997635,Run1
2105,06/13/2026 13:33,19,-0.997635,RUNNING,19,-0.997635,RUNNING,19,-0.997635,RUNNING,-0.997635,Run1
2106,06/13/2026 13:34,19,-0.997635,RUNNING,19,-0.997635,RUNNING,19,-0.997635,RUNNING,-0.997635,Run1
2107,06/13/2026 13:35,19,-0.997635,RUNNING,19,-0.997635,RUNNING,19,-0.997635,RUNNING,-0.997635,Run1
2108,06/13/2026 13:36,19,-0.997635,RUNNING,19,-0.997635,RUNNING,19,-0.997635,RUNNING,-0.997635,Run1
2109,06/13/2026 13:37,19,-0.997635,RUNNING,19,-0.997635,RUNNING,19,-0.997635,RUNNING,-0.997635,Run1
2110,06/13/2026 13:38,19,-0.997635,RUNNING,19,-0.997635,RUNNING,19,-0.997635,RUNNING,-0.997635,Run1
2111,06/13/2026 13:39,19,-0.997635,RUNNING,19,-0.997635,RUNNING,19,-0.997635,RUNNING,-0.997635,Run1
2112,06/13/2026 13:40,19,-0.997635,RUNNING,19,-0.997635,RUNNING,19,-0.997635,RUNNING,-0.997635,Run1
2113,06/13/2026 13:41,19,-0.997635,RUNNING,19,-0.997635,RUNNING,19,-0.997635,RUNNING,-0.997635,Run1
2114,06/13/2026 13:42,19,-0.997635,RUNNING,19,-0.997635,RUNNING,19,-0.997635,RUNNING,-0.997635,Run1
2115,06/13/2026 13:43,19,-0.997635,RUNNING,19,-0.997635,RUNNING,19,-0.997635,RUNNING,-0.997635,Run1
2116,06/13/2026 13:44,19,-0.997635,RUNNING,19,-0.997635,RUNNING,19,-0.997635,RUNNING,-0.997635,Run1
2117,06/13/2026 13:45,19,-0.997635,RUNNING,19,-0.997635,RUNNING,19,-0.997635,RUNNING,-0.997635,Run1
2118,06/13/2026 13:46,19,-0.997635,RUNNING,19,-0.997635,RUNNING,19,-0.997635,RUNNING,-0.997635,Run1
2119,06/13/2026 13:47,19,-0.997635,RUNNING,19,-0.997635,RUNNING,19,-0.997635,RUNNING,-0.997635,Run1
2120,06/13/2026 13:48,19,-0.997635,RUNNING,19,-0.997635,RUNNING,19,-0.997635,RUNNING,-0.997635,Run1
2121,06/13/2026 13:49,19,-0.997635,RUNNING,19,-0.997635,RUNNING,19,-0.997635,RUNNING,-0.997635,Run1
2122,06/13/2026 13:50,19,-0.997635,RUNNING,19,-0.997635,RUNNING,19,-0.997635,RUNNING,-0.997635,Run1
2123,06/13/2026 13:51,19,-0.997635,RUNNING,19,-0.997635,RUNNING,19,-0.997635,RUNNING,-0.997635,Run1
2124,06/13/2026 13:52,19,-0.997635,RUNNING,19,-0.997635,RUNNING,19,-0.997635,RUNNING,-0.997635,Run1
2125,06/13/2026 13:53,19,-0.997635,RUNNING,19,-0.997635,RUNNING,19,-0.997635,RUNNING,-0.997635,Run1
2126,06/13/2026 13:54,19,-0.997635,RUNNING,19,-0.997635,RUNNING,19,-0.997635,RUNNING,-0.997635,Run1
2127,06/13/2026 13:55,19,-0.997635,RUNNING,19,-0.997635,RUNNING,19,-0.997635,RUNNING,-0.997635,Run1
2128,06/13/2026 13:56,19,-0.997635,RUNNING,19,-0.997635,RUNNING,19,-0.997635,RUNNING,-0.997635,Run1
2129,06/13/2026 13:57,19,-0.997635,RUNNING,19,-0.997635,RUNNING,19,-0.997635,RUNNING,-0.997635,Run1
2130,06/13/2026 13:58,19,-0.997635,RUNNING,19,-0.997635,RUNNING,19,-0.997635,RUNNING,-0.997635,Run1
2131,06/13/2026 13:59,19,-0.997635,RUNNING,19,-0.997635,RUNNING,19,-0.997635,RUNNING,-0.997635,Run1
2132,06/13/2026 14:00,19,-0.997635,RUNNING,19,-0.997635,RUNNING,19,-0.997635,RUNNING,-0.997635,Run1
2133,06/13/2026 14:01,19,-0.997635,RUNNING,19,-0.997635,RUNNING,19,-0.997635,RUNNING,-0.997635,Run1
2134,06/13/2026 14:02,19,-0.997635,RUNNING,19,-0.997635,RUNNING,19,-0.997635,RUNNING,-0.997635,Run1
2135,06/13/2026 14:03,19,-0.997635,RUNNING,19,-0.997635,RUNNING,19,-0.997635,RUNNING,-0.997635,Run1
2136,06/13/2026 14:04,19,-0.997635,RUNNING,19,-0.997635,RUNNING,19,-0.997635,RUNNING,-0.997635,Run1
2137,06/13/2026 14:05,19,-0.997635,RUNNING,19,-0.997635,RUNNING,19,-0.997635,RUNNING,-0.997635,Run1
2138,06/13/2026 14:06,19,-0.997635,RUNNING,19,-0.997635,RUNNING,19,-0.997635,RUNNING,-0.997635,Run1
2139,06/13/2026 14:07,19,-0.997635,RUNNING,19,-0.997635,RUNNING,19,-0.997635,RUNNING,-0.997635,Run1
2140,06/13/2026 14:08,19,-0.997635,RUNNING,19,-0.997635,RUNNING,19,-0.997635,RUNNING,-0.997635,Run1
2141,06/13/2026 14:09,19,-0.997635,RUNNING,19,-0.997635,RUNNING,19,-0.997635,RUNNING,-0.997635,Run1
2142,06/13/2026 14:10,19,-0.997635,RUNNING,19,-0.997635,RUNNING,19,-0.997635,RUNNING,-0.997635,Run1
2143,06/13/2026 14:11,19,-0.997635,RUNNING,19,-0.997635,RUNNING,19,-0.997635,RUNNING,-0.997635,Run1
2144,06/13/2026 14:12,19,-0.997635,RUNNING,19,-0.997635,RUNNING,19,-0.997635,RUNNING,-0.997635,Run1
2145,06/13/2026 14:13,19,-0.997635,RUNNING,19,-0.997635,RUNNING,19,-0.997635,RUNNING,-0.997635,Run1
2146,06/13/2026 14:14,19,-0.997635,RUNNING,19,-0.997635,RUNNING,19,-0.997635,RUNNING,-0.997635,Run1
2147,06/13/2026 14:15,19,-0.997635,RUNNING,19,-0.997635,RUNNING,19,-0.997635,RUNNING,-0.997635,Run1
2148,06/13/2026 14:16,19,-0.997635,RUNNING,19,-0.997635,RUNNING,19,-0.997635,RUNNING,-0.997635,Run1
2149,06/13/2026 14:17,19,-0.997635,RUNNING,19,-0.997635,RUNNING,19,-0.997635,RUNNING,-0.997635,Run1
2150,06/13/2026 14:18,19,-0.997635,RUNNING,19,-0.997635,RUNNING,19,-0.997635,RUNNING,-0.997635,Run1
2151,06/13/2026 14:19,19,-0.997635,RUNNING,19,-0.997635,RUNNING,19,-0.997635,RUNNING,-0.997635,Run1
2152,06/13/2026 14:20,19,-0.997635,RUNNING,19,-0.997635,RUNNING,19,-0.997635,RUNNING,-0.997635,Run1
2153,06/13/2026 14:21,19,-0.997635,RUNNING,19,-0.997635,RUNNING,19,-0.997635,RUNNING,-0.997635,Run1
2154,06/13/2026 14:22,19,-0.997635,RUNNING,19,-0.997635,RUNNING,19,-0.997635,RUNNING,-0.997635,Run1
2155,06/13/2026 14:23,19,-0.997635,RUNNING,19,-0.997635,RUNNING,19,-0.997635,RUNNING,-0.997635,Run1
2156,06/13/2026 14:24,19,-0.997635,RUNNING,19,-0.997635,RUNNING,19,-0.997635,RUNNING,-0.997635,Run1
2157,06/13/2026 14:25,19,-0.997635,RUNNING,19,-0.997635,RUNNING,19,-0.997635,RUNNING,-0.997635,Run1
2158,06/13/2026 14:26,19,-0.997635,RUNNING,19,-0.997635,RUNNING,19,-0.997635,RUNNING,-0.997635,Run1
2159,06/13/2026 14:27,19,-0.997635,RUNNING,19,-0.997635,RUNNING,19,-0.997635,RUNNING,-0.997635,Run1
2160,06/13/2026 14:28,19,-0.997635,RUNNING,19,-0.997635,RUNNING,19,-0.997635,RUNNING,-0.997635,Run1
2161,06/13/2026 14:29,19,-0.997635,RUNNING,19,-0.997635,RUNNING,19,-0.997635,RUNNING,-0.997635,Run1
2162,06/13/2026 14:30,19,-0.997635,RUNNING,19,-0.997635,RUNNING,19,-0.997635,RUNNING,-0.997635,Run1
2163,06/13/2026 14:31,19,-0.997635,RUNNING,19,-0.997635,RUNNING,19,-0.997635,RUNNING,-0.997635,Run1
2164,06/13/2026 14:32,19,-0.997635,RUNNING,19,-0.997635,RUNNING,19,-0.997635,RUNNING,-0.997635,Run1
2165,06/13/2026 14:33,19,-0.997635,RUNNING,19,-0.997635,RUNNING,19,-0.997635,RUNNING,-0.997635,Run1
2166,06/13/2026 14:34,19,-0.997635,RUNNING,19,-0.997635,RUNNING,19,-0.997635,RUNNING,-0.997635,Run1
2167,06/13/2026 14:35,19,-0.997635,RUNNING,19,-0.997635,RUNNING,19,-0.997635,RUNNING,-0.997635,Run1
2168,06/13/2026 14:36,19,-0.997635,RUNNING,19,-0.997635,RUNNING,19,-0.997635,RUNNING,-0.997635,Run1
2169,06/13/2026 14:37,19,-0.997635,RUNNING,19,-0.997635,RUNNING,19,-0.997635,RUNNING,-0.997635,Run1
2170,06/13/2026 14:38,19,-0.997635,RUNNING,19,-0.997635,RUNNING,19,-0.997635,RUNNING,-0.997635,Run1
2171,06/13/2026 14:39,19,-0.997635,RUNNING,19,-0.997635,RUNNING,19,-0.997635,RUNNING,-0.997635,Run1
2172,06/13/2026 14:40,19,-0.997635,RUNNING,19,-0.997635,RUNNING,19,-0.997635,RUNNING,-0.997635,Run1
2173,06/13/2026 14:41,19,-0.997635,RUNNING,19,-0.997635,RUNNING,19,-0.997635,RUNNING,-0.997635,Run1
2174,06/13/2026 14:42,19,-0.997635,RUNNING,19,-0.997635,RUNNING,19,-0.997635,RUNNING,-0.997635,Run1
2175,06/13/2026 14:43,19,-0.997635,RUNNING,19,-0.997635,RUNNING,19,-0.997635,RUNNING,-0.997635,Run1
2176,06/13/2026 14:44,19,-0.997635,RUNNING,19,-0.997635,RUNNING,19,-0.997635,RUNNING,-0.997635,Run1
2177,06/13/2026 14:45,19,-0.997635,RUNNING,19,-0.997635,RUNNING,19,-0.997635,RUNNING,-0.997635,Run1
2178,06/13/2026 14:46,19,-0.997635,RUNNING,19,-0.997635,RUNNING,19,-0.997635,RUNNING,-0.997635,Run1
2179,06/13/2026 14:47,19,-0.997635,RUNNING,19,-0.997635,RUNNING,19,-0.997635,RUNNING,-0.997635,Run1
2180,06/13/2026 14:48,19,-0.997635,RUNNING,19,-0.997635,RUNNING,19,-0.997635,RUNNING,-0.997635,Run1
2181,06/13/2026 14:49,19,-0.997635,RUNNING,19,-0.997635,RUNNING,19,-0.997635,RUNNING,-0.997635,Run1
2182,06/13/2026 14:50,19,-0.997635,RUNNING,19,-0.997635,RUNNING,19,-0.997635,RUNNING,-0.997635,Run1
2183,06/13/2026 14:51,19,-0.997635,RUNNING,19,-0.997635,RUNNING,19,-0.997635,RUNNING,-0.997635,Run1
2184,06/13/2026 14:52,19,-0.997635,RUNNING,19,-0.997635,RUNNING,19,-0.997635,RUNNING,-0.997635,Run1
2185,06/13/2026 14:53,19,-0.997635,RUNNING,19,-0.997635,RUNNING,19,-0.997635,RUNNING,-0.997635,Run1
2186,06/13/2026 14:54,19,-0.997635,RUNNING,19,-0.997635,RUNNING,19,-0.997635,RUNNING,-0.997635,Run1
2187,06/13/2026 14:55,19,-0.997635,RUNNING,19,-0.997635,RUNNING,19,-0.997635,RUNNING,-0.997635,Run1
2188,06/13/2026 14:56,19,-0.997635,RUNNING,19,-0.997635,RUNNING,19,-0.997635,RUNNING,-0.997635,Run1
2189,06/13/2026 14:57,19,-0.997635,RUNNING,19,-0.997635,RUNNING,19,-0.997635,RUNNING,-0.997635,Run1
2190,06/13/2026 14:58,19,-0.997635,RUNNING,19,-0.997635,RUNNING,19,-0.997635,RUNNING,-0.997635,Run1
2191,06/13/2026 14:59,19,-0.997635,RUNNING,19,-0.997635,RUNNING,19,-0.997635,RUNNING,-0.997635,Run1
2192,06/13/2026 15:00,19,-0.997635,RUNNING,19,-0.997635,RUNNING,19,-0.997635,RUNNING,-0.997635,Run1
2193,06/13/2026 15:01,19,-0.997635,RUNNING,19,-0.997635,RUNNING,19,-0.997635,RUNNING,-0.997635,Run1
2194,06/13/2026 15:02,19,-0.997635,RUNNING,19,-0.997635,RUNNING,19,-0.997635,RUNNING,-0.997635,Run1
2195,06/13/2026 15:03,19,-0.997635,RUNNING,19,-0.997635,RUNNING,19,-0.997635,RUNNING,-0.997635,Run1
2196,06/13/2026 15:04,19,-0.997635,RUNNING,19,-0.997635,RUNNING,19,-0.997635,RUNNING,-0.997635,Run1
2197,06/13/2026 15:05,19,-0.997635,RUNNING,19,-0.997635,RUNNING,19,-0.997635,RUNNING,-0.997635,Run1
2198,06/13/2026 15:06,19,-0.997635,RUNNING,19,-0.997635,RUNNING,19,-0.997635,RUNNING,-0.997635,Run1
2199,06/13/2026 15:07,19,-0.997635,RUNNING,19,-0.997635,RUNNING,19,-0.997635,RUNNING,-0.997635,Run1
2200,06/13/2026 15:08,19,-0.997635,RUNNING,19,-0.997635,RUNNING,19,-0.997635,RUNNING,-0.997635,Run1
2201,06/13/2026 15:10,19,-0.997635,RUNNING,19,-0.997635,RUNNING,19,-0.997635,RUNNING,-0.997635,Run1
2202,06/13/2026 15:11,19,-0.997635,RUNNING,19,-0.997635,RUNNING,19,-0.997635,RUNNING,-0.997635,Run1
2203,06/13/2026 15:12,19,-0.997635,RUNNING,19,-0.997635,RUNNING,19,-0.997635,RUNNING,-0.997635,Run1
2204,06/13/2026 15:13,19,-0.997635,RUNNING,19,-0.997635,RUNNING,19,-0.997635,RUNNING,-0.997635,Run1
2205,06/13/2026 15:14,19,-0.997635,RUNNING,19,-0.997635,RUNNING,19,-0.997635,RUNNING,-0.997635,Run1
2206,06/13/2026 15:15,19,-0.997635,RUNNING,19,-0.997635,RUNNING,19,-0.997635,RUNNING,-0.997635,Run1
2207,06/13/2026 15:16,19,-0.997635,RUNNING,19,-0.997635,RUNNING,19,-0.997635,RUNNING,-0.997635,Run1
2208,06/13/2026 15:17,19,-0.997635,RUNNING,19,-0.997635,RUNNING,19,-0.997635,RUNNING,-0.997635,Run1
2209,06/13/2026 15:18,19,-0.997635,RUNNING,19,-0.997635,RUNNING,19,-0.997635,RUNNING,-0.997635,Run1
2210,06/13/2026 15:19,19,-0.997635,RUNNING,19,-0.997635,RUNNING,19,-0.997635,RUNNING,-0.997635,Run1
2211,06/13/2026 15:20,19,-0.997635,RUNNING,19,-0.997635,RUNNING,19,-0.997635,RUNNING,-0.997635,Run1
2212,06/13/2026 15:21,19,-0.997635,RUNNING,19,-0.997635,RUNNING,19,-0.997635,RUNNING,-0.997635,Run1
2213,06/13/2026 15:22,19,-0.997635,RUNNING,19,-0.997635,RUNNING,19,-0.997635,RUNNING,-0.997635,Run1
2214,06/13/2026 15:23,19,-0.997635,RUNNING,19,-0.997635,RUNNING,19,-0.997635,RUNNING,-0.997635,Run1
2215,06/13/2026 15:24,19,-0.997635,RUNNING,19,-0.997635,RUNNING,19,-0.997635,RUNNING,-0.997635,Run1
2216,06/13/2026 15:25,19,-0.997635,RUNNING,19,-0.997635,RUNNING,19,-0.997635,RUNNING,-0.997635,Run1
2217,06/13/2026 15:26,19,-0.997635,RUNNING,19,-0.997635,RUNNING,19,-0.997635,RUNNING,-0.997635,Run1
2218,06/13/2026 15:27,19,-0.997635,RUNNING,19,-0.997635,RUNNING,19,-0.997635,RUNNING,-0.997635,Run1
2219,06/13/2026 15:28,19,-0.997635,RUNNING,19,-0.997635,RUNNING,19,-0.997635,RUNNING,-0.997635,Run1
2220,06/13/2026 15:29,19,-0.997635,RUNNING,19,-0.997635,RUNNING,19,-0.997635,RUNNING,-0.997635,Run1
2221,06/13/2026 15:30,19,-0.997635,RUNNING,19,-0.997635,RUNNING,19,-0.997635,RUNNING,-0.997635,Run1
2222,06/13/2026 15:31,19,-0.997635,RUNNING,19,-0.997635,RUNNING,19,-0.997635,RUNNING,-0.997635,Run1
2223,06/13/2026 15:32,19,-0.997635,RUNNING,19,-0.997635,RUNNING,19,-0.997635,RUNNING,-0.997635,Run1
2224,06/13/2026 15:33,19,-0.997635,RUNNING,19,-0.997635,RUNNING,19,-0.997635,RUNNING,-0.997635,Run1
2225,06/13/2026 15:34,19,-0.997635,RUNNING,19,-0.997635,RUNNING,19,-0.997635,RUNNING,-0.997635,Run1
2226,06/13/2026 15:35,19,-0.997635,RUNNING,19,-0.997635,RUNNING,19,-0.997635,RUNNING,-0.997635,Run1
2227,06/13/2026 15:36,19,-0.997635,RUNNING,19,-0.997635,RUNNING,19,-0.997635,RUNNING,-0.997635,Run1
2228,06/13/2026 15:37,19,-0.997635,RUNNING,19,-0.997635,RUNNING,19,-0.997635,RUNNING,-0.997635,Run1
2229,06/13/2026 15:38,19,-0.997635,RUNNING,19,-0.997635,RUNNING,19,-0.997635,RUNNING,-0.997635,Run1
2230,06/13/2026 15:39,19,-0.997635,RUNNING,19,-0.997635,RUNNING,19,-0.997635,RUNNING,-0.997635,Run1
2231,06/13/2026 15:40,19,-0.997635,RUNNING,19,-0.997635,RUNNING,19,-0.997635,RUNNING,-0.997635,Run1
2232,06/13/2026 15:41,19,-0.997635,RUNNING,19,-0.997635,RUNNING,19,-0.997635,RUNNING,-0.997635,Run1
2233,06/13/2026 15:42,19,-0.997635,RUNNING,19,-0.997635,RUNNING,19,-0.997635,RUNNING,-0.997635,Run1
2234,06/13/2026 15:43,19,-0.997635,RUNNING,19,-0.997635,RUNNING,19,-0.997635,RUNNING,-0.997635,Run1
2235,06/13/2026 15:44,19,-0.997635,RUNNING,19,-0.997635,RUNNING,19,-0.997635,RUNNING,-0.997635,Run1
2236,06/13/2026 15:45,19,-0.997635,RUNNING,19,-0.997635,RUNNING,19,-0.997635,RUNNING,-0.997635,Run1
2237,06/13/2026 15:46,19,-0.997635,RUNNING,19,-0.997635,RUNNING,19,-0.997635,RUNNING,-0.997635,Run1
2238,06/13/2026 15:47,19,-0.997635,RUNNING,19,-0.997635,RUNNING,19,-0.997635,RUNNING,-0.997635,Run1
2239,06/13/2026 15:48,19,-0.997635,RUNNING,19,-0.997635,RUNNING,19,-0.997635,RUNNING,-0.997635,Run1
2240,06/13/2026 15:49,19,-0.997635,RUNNING,19,-0.997635,RUNNING,19,-0.997635,RUNNING,-0.997635,Run1
2241,06/13/2026 15:50,19,-0.997635,RUNNING,19,-0.997635,RUNNING,19,-0.997635,RUNNING,-0.997635,Run1
2242,06/13/2026 15:51,19,-0.997635,RUNNING,19,-0.997635,RUNNING,19,-0.997635,RUNNING,-0.997635,Run1
2243,06/13/2026 15:52,19,-0.997635,RUNNING,19,-0.997635,RUNNING,19,-0.997635,RUNNING,-0.997635,Run1
2244,06/13/2026 15:53,19,-0.997635,RUNNING,19,-0.997635,RUNNING,19,-0.997635,RUNNING,-0.997635,Run1
2245,06/13/2026 15:54,19,-0.997635,RUNNING,19,-0.997635,RUNNING,19,-0.997635,RUNNING,-0.997635,Run1
2246,06/13/2026 15:55,19,-0.997635,RUNNING,19,-0.997635,RUNNING,19,-0.997635,RUNNING,-0.997635,Run1
2247,06/13/2026 15:56,19,-0.997635,RUNNING,19,-0.997635,RUNNING,19,-0.997635,RUNNING,-0.997635,Run1
2248,06/13/2026 15:57,19,-0.997635,RUNNING,19,-0.997635,RUNNING,19,-0.997635,RUNNING,-0.997635,Run1
2249,06/13/2026 15:58,19,-0.997635,RUNNING,19,-0.997635,RUNNING,19,-0.997635,RUNNING,-0.997635,Run1
2250,06/13/2026 15:59,19,-0.997635,RUNNING,19,-0.997635,RUNNING,19,-0.997635,RUNNING,-0.997635,Run1
2251,06/13/2026 16:00,19,-0.997635,RUNNING,19,-0.997635,RUNNING,19,-0.997635,RUNNING,-0.997635,Run1
2252,06/13/2026 16:01,19,-0.997635,RUNNING,19,-0.997635,RUNNING,19,-0.997635,RUNNING,-0.997635,Run1
2253,06/13/2026 16:02,19,-0.997635,RUNNING,19,-0.997635,RUNNING,19,-0.997635,RUNNING,-0.997635,Run1
2254,06/13/2026 16:03,19,-0.997635,RUNNING,19,-0.997635,RUNNING,19,-0.997635,RUNNING,-0.997635,Run1
2255,06/13/2026 16:04,19,-0.997635,RUNNING,19,-0.997635,RUNNING,19,-0.997635,RUNNING,-0.997635,Run1
2256,06/13/2026 16:05,19,-0.997635,RUNNING,19,-0.997635,RUNNING,19,-0.997635,RUNNING,-0.997635,Run1
2257,06/13/2026 16:06,19,-0.997635,RUNNING,19,-0.997635,RUNNING,19,-0.997635,RUNNING,-0.997635,Run1
2258,06/13/2026 16:07,19,-0.997635,RUNNING,19,-0.997635,RUNNING,19,-0.997635,RUNNING,-0.997635,Run1
2259,06/13/2026 16:08,19,-0.997635,RUNNING,19,-0.997635,RUNNING,19,-0.997635,RUNNING,-0.997635,Run1
2260,06/13/2026 16:09,19,-0.997635,RUNNING,19,-0.997635,RUNNING,19,-0.997635,RUNNING,-0.997635,Run1
2261,06/13/2026 16:10,19,-0.997635,RUNNING,19,-0.997635,RUNNING,19,-0.997635,RUNNING,-0.997635,Run1
2262,06/13/2026 16:11,19,-0.997635,RUNNING,19,-0.997635,RUNNING,19,-0.997635,RUNNING,-0.997635,Run1
2263,06/13/2026 16:12,19,-0.997635,RUNNING,19,-0.997635,RUNNING,19,-0.997635,RUNNING,-0.997635,Run1
2264,06/13/2026 16:13,19,-0.997635,RUNNING,19,-0.997635,RUNNING,19,-0.997635,RUNNING,-0.997635,Run1
2265,06/13/2026 16:14,19,-0.997635,RUNNING,19,-0.997635,RUNNING,19,-0.997635,RUNNING,-0.997635,Run1
2266,06/13/2026 16:15,19,-0.997635,RUNNING,19,-0.997635,RUNNING,19,-0.997635,RUNNING,-0.997635,Run1
2267,06/13/2026 16:16,19,-0.997635,RUNNING,19,-0.997635,RUNNING,19,-0.997635,RUNNING,-0.997635,Run1
2268,06/13/2026 16:17,19,-0.997635,RUNNING,19,-0.997635,RUNNING,19,-0.997635,RUNNING,-0.997635,Run1
2269,06/13/2026 16:18,19,-0.997635,RUNNING,19,-0.997635,RUNNING,19,-0.997635,RUNNING,-0.997635,Run1
2270,06/13/2026 16:19,19,-0.997635,RUNNING,19,-0.997635,RUNNING,19,-0.997635,RUNNING,-0.997635,Run1
2271,06/13/2026 16:20,19,-0.997635,RUNNING,19,-0.997635,RUNNING,19,-0.997635,RUNNING,-0.997635,Run1
2272,06/13/2026 16:21,19,-0.997635,RUNNING,19,-0.997635,RUNNING,19,-0.997635,RUNNING,-0.997635,Run1
2273,06/13/2026 16:22,19,-0.997635,RUNNING,19,-0.997635,RUNNING,19,-0.997635,RUNNING,-0.997635,Run1
2274,06/13/2026 16:23,19,-0.997635,RUNNING,19,-0.997635,RUNNING,19,-0.997635,RUNNING,-0.997635,Run1
2275,06/13/2026 16:24,19,-0.997635,RUNNING,19,-0.997635,RUNNING,19,-0.997635,RUNNING,-0.997635,Run1
2276,06/13/2026 16:25,19,-0.997635,RUNNING,19,-0.997635,RUNNING,19,-0.997635,RUNNING,-0.997635,Run1
2277,06/13/2026 16:26,19,-0.997635,RUNNING,19,-0.997635,RUNNING,19,-0.997635,RUNNING,-0.997635,Run1
2278,06/13/2026 16:27,19,-0.997635,RUNNING,19,-0.997635,RUNNING,19,-0.997635,RUNNING,-0.997635,Run1
2279,06/13/2026 16:28,19,-0.997635,RUNNING,19,-0.997635,RUNNING,19,-0.997635,RUNNING,-0.997635,Run1
2280,06/13/2026 16:29,19,-0.997635,RUNNING,19,-0.997635,RUNNING,19,-0.997635,RUNNING,-0.997635,Run1
2281,06/13/2026 16:30,19,-0.997635,RUNNING,19,-0.997635,RUNNING,19,-0.997635,RUNNING,-0.997635,Run1
2282,06/13/2026 16:31,19,-0.997635,RUNNING,19,-0.997635,RUNNING,19,-0.997635,RUNNING,-0.997635,Run1
2283,06/13/2026 16:32,19,-0.997635,RUNNING,19,-0.997635,RUNNING,19,-0.997635,RUNNING,-0.997635,Run1
2284,06/13/2026 16:33,19,-0.997635,RUNNING,19,-0.997635,RUNNING,19,-0.997635,RUNNING,-0.997635,Run1
2285,06/13/2026 16:34,19,-0.997635,RUNNING,19,-0.997635,RUNNING,19,-0.997635,RUNNING,-0.997635,Run1
2286,06/13/2026 16:35,19,-0.997635,RUNNING,19,-0.997635,RUNNING,19,-0.997635,RUNNING,-0.997635,Run1
2287,06/13/2026 16:36,19,-0.997635,RUNNING,19,-0.997635,RUNNING,19,-0.997635,RUNNING,-0.997635,Run1
2288,06/13/2026 16:37,19,-0.997635,RUNNING,19,-0.997635,RUNNING,19,-0.997635,RUNNING,-0.997635,Run1
2289,06/13/2026 16:38,19,-0.997635,RUNNING,19,-0.997635,RUNNING,19,-0.997635,RUNNING,-0.997635,Run1
2290,06/13/2026 16:39,19,-0.997635,RUNNING,19,-0.997635,RUNNING,19,-0.997635,RUNNING,-0.997635,Run1
2291,06/13/2026 16:40,19,-0.997635,RUNNING,19,-0.997635,RUNNING,19,-0.997635,RUNNING,-0.997635,Run1
2292,06/13/2026 16:41,19,-0.997635,RUNNING,19,-0.997635,RUNNING,19,-0.997635,RUNNING,-0.997635,Run1
2293,06/13/2026 16:42,19,-0.997635,RUNNING,19,-0.997635,RUNNING,19,-0.997635,RUNNING,-0.997635,Run1
2294,06/13/2026 16:43,19,-0.997635,RUNNING,19,-0.997635,RUNNING,19,-0.997635,RUNNING,-0.997635,Run1
2295,06/13/2026 16:44,19,-0.997635,RUNNING,19,-0.997635,RUNNING,19,-0.997635,RUNNING,-0.997635,Run1
2296,06/13/2026 16:45,19,-0.997635,RUNNING,19,-0.997635,RUNNING,19,-0.997635,RUNNING,-0.997635,Run1
2297,06/13/2026 16:46,19,-0.997635,RUNNING,19,-0.997635,RUNNING,19,-0.997635,RUNNING,-0.997635,Run1
2298,06/13/2026 16:47,19,-0.997635,RUNNING,19,-0.997635,RUNNING,19,-0.997635,RUNNING,-0.997635,Run1
2299,06/13/2026 16:48,19,-0.997635,RUNNING,19,-0.997635,RUNNING,19,-0.997635,RUNNING,-0.997635,Run1
2300,06/13/2026 16:49,19,-0.997635,RUNNING,19,-0.997635,RUNNING,19,-0.997635,RUNNING,-0.997635,Run1
2301,06/13/2026 16:51,19,-0.997635,RUNNING,19,-0.997635,RUNNING,19,-0.997635,RUNNING,-0.997635,Run1
2302,06/13/2026 16:52,19,-0.997635,RUNNING,19,-0.997635,RUNNING,19,-0.997635,RUNNING,-0.997635,Run1
2303,06/13/2026 16:53,19,-0.997635,RUNNING,19,-0.997635,RUNNING,19,-0.997635,RUNNING,-0.997635,Run1
2304,06/13/2026 16:54,19,-0.997635,RUNNING,19,-0.997635,RUNNING,19,-0.997635,RUNNING,-0.997635,Run1
2305,06/13/2026 16:55,19,-0.997635,RUNNING,19,-0.997635,RUNNING,19,-0.997635,RUNNING,-0.997635,Run1
2306,06/13/2026 16:56,19,-0.997635,RUNNING,19,-0.997635,RUNNING,19,-0.997635,RUNNING,-0.997635,Run1
2307,06/13/2026 16:57,19,-0.997635,RUNNING,19,-0.997635,RUNNING,19,-0.997635,RUNNING,-0.997635,Run1
2308,06/13/2026 16:58,19,-0.997635,RUNNING,19,-0.997635,RUNNING,19,-0.997635,RUNNING,-0.997635,Run1
2309,06/13/2026 16:59,19,-0.997635,RUNNING,19,-0.997635,RUNNING,19,-0.997635,RUNNING,-0.997635,Run1
2310,06/13/2026 17:00,19,-0.997635,RUNNING,19,-0.997635,RUNNING,19,-0.997635,RUNNING,-0.997635,Run1
2311,06/13/2026 17:01,19,-0.997635,RUNNING,19,-0.997635,RUNNING,19,-0.997635,RUNNING,-0.997635,Run1
2312,06/13/2026 17:02,19,-0.997635,RUNNING,19,-0.997635,RUNNING,19,-0.997635,RUNNING,-0.997635,Run1
2313,06/13/2026 17:03,19,-0.997635,RUNNING,19,-0.997635,RUNNING,19,-0.997635,RUNNING,-0.997635,Run1
2314,06/13/2026 17:04,19,-0.997635,RUNNING,20,-0.997743,RUNNING,20,-0.997743,RUNNING,-0.997743,Run2
2315,06/13/2026 17:05,20,-0.997743,RUNNING,20,-0.997743,RUNNING,20,-0.997743,RUNNING,-0.997743,Run1
2316,06/13/2026 17:06,20,-0.997743,RUNNING,20,-0.997743,RUNNING,20,-0.997743,RUNNING,-0.997743,Run1
2317,06/13/2026 17:07,20,-0.997743,RUNNING,20,-0.997743,RUNNING,20,-0.997743,RUNNING,-0.997743,Run1
2318,06/13/2026 17:08,20,-0.997743,RUNNING,20,-0.997743,RUNNING,20,-0.997743,RUNNING,-0.997743,Run1
2319,06/13/2026 17:09,20,-0.997743,RUNNING,20,-0.997743,RUNNING,20,-0.997743,RUNNING,-0.997743,Run1
2320,06/13/2026 17:10,20,-0.997743,RUNNING,20,-0.997743,RUNNING,20,-0.997743,RUNNING,-0.997743,Run1
2321,06/13/2026 17:11,20,-0.997743,RUNNING,20,-0.997743,RUNNING,20,-0.997743,RUNNING,-0.997743,Run1
2322,06/13/2026 17:12,20,-0.997743,RUNNING,20,-0.997743,RUNNING,20,-0.997743,RUNNING,-0.997743,Run1
2323,06/13/2026 17:13,20,-0.997743,RUNNING,20,-0.997743,RUNNING,20,-0.997743,RUNNING,-0.997743,Run1
2324,06/13/2026 17:14,20,-0.997743,RUNNING,20,-0.997743,RUNNING,20,-0.997743,RUNNING,-0.997743,Run1
2325,06/13/2026 17:15,20,-0.997743,RUNNING,20,-0.997743,RUNNING,20,-0.997743,RUNNING,-0.997743,Run1
2326,06/13/2026 17:16,20,-0.997743,RUNNING,20,-0.997743,RUNNING,20,-0.997743,RUNNING,-0.997743,Run1
2327,06/13/2026 17:17,20,-0.997743,RUNNING,20,-0.997743,RUNNING,20,-0.997743,RUNNING,-0.997743,Run1
2328,06/13/2026 17:18,20,-0.997743,RUNNING,20,-0.997743,RUNNING,20,-0.997743,RUNNING,-0.997743,Run1
2329,06/13/2026 17:19,20,-0.997743,RUNNING,20,-0.997743,RUNNING,20,-0.997743,RUNNING,-0.997743,Run1
2330,06/13/2026 17:20,20,-0.997743,RUNNING,20,-0.997743,RUNNING,20,-0.997743,RUNNING,-0.997743,Run1
2331,06/13/2026 17:21,20,-0.997743,RUNNING,20,-0.997743,RUNNING,20,-0.997743,RUNNING,-0.997743,Run1
2332,06/13/2026 17:22,20,-0.997743,RUNNING,20,-0.997743,RUNNING,20,-0.997743,RUNNING,-0.997743,Run1
2333,06/13/2026 17:23,20,-0.997743,RUNNING,20,-0.997743,RUNNING,20,-0.997743,RUNNING,-0.997743,Run1
2334,06/13/2026 17:24,20,-0.997743,RUNNING,20,-0.997743,RUNNING,20,-0.997743,RUNNING,-0.997743,Run1
2335,06/13/2026 17:25,20,-0.997743,RUNNING,20,-0.997743,RUNNING,20,-0.997743,RUNNING,-0.997743,Run1
2336,06/13/2026 17:26,20,-0.997743,RUNNING,20,-0.997743,RUNNING,20,-0.997743,RUNNING,-0.997743,Run1
2337,06/13/2026 17:27,20,-0.997743,RUNNING,20,-0.997743,RUNNING,20,-0.997743,RUNNING,-0.997743,Run1
2338,06/13/2026 17:28,20,-0.997743,RUNNING,20,-0.997743,RUNNING,20,-0.997743,RUNNING,-0.997743,Run1
2339,06/13/2026 17:29,20,-0.997743,RUNNING,20,-0.997743,RUNNING,20,-0.997743,RUNNING,-0.997743,Run1
2340,06/13/2026 17:30,20,-0.997743,RUNNING,20,-0.997743,RUNNING,20,-0.997743,RUNNING,-0.997743,Run1
2341,06/13/2026 17:31,20,-0.997743,RUNNING,20,-0.997743,RUNNING,20,-0.997743,RUNNING,-0.997743,Run1
2342,06/13/2026 17:32,20,-0.997743,RUNNING,20,-0.997743,RUNNING,20,-0.997743,RUNNING,-0.997743,Run1
2343,06/13/2026 17:33,20,-0.997743,RUNNING,20,-0.997743,RUNNING,20,-0.997743,RUNNING,-0.997743,Run1
2344,06/13/2026 17:34,20,-0.997743,RUNNING,20,-0.997743,RUNNING,20,-0.997743,RUNNING,-0.997743,Run1
2345,06/13/2026 17:35,20,-0.997743,RUNNING,20,-0.997743,RUNNING,20,-0.997743,RUNNING,-0.997743,Run1
2346,06/13/2026 17:36,20,-0.997743,RUNNING,20,-0.997743,RUNNING,20,-0.997743,RUNNING,-0.997743,Run1
2347,06/13/2026 17:37,20,-0.997743,RUNNING,20,-0.997743,RUNNING,20,-0.997743,RUNNING,-0.997743,Run1
2348,06/13/2026 17:38,20,-0.997743,RUNNING,20,-0.997743,RUNNING,20,-0.997743,RUNNING,-0.997743,Run1
2349,06/13/2026 17:39,20,-0.997743,RUNNING,20,-0.997743,RUNNING,20,-0.997743,RUNNING,-0.997743,Run1
2350,06/13/2026 17:40,20,-0.997743,RUNNING,20,-0.997743,RUNNING,20,-0.997743,RUNNING,-0.997743,Run1
2351,06/13/2026 17:41,20,-0.997743,RUNNING,20,-0.997743,RUNNING,20,-0.997743,RUNNING,-0.997743,Run1
2352,06/13/2026 17:42,20,-0.997743,RUNNING,20,-0.997743,RUNNING,20,-0.997743,RUNNING,-0.997743,Run1
2353,06/13/2026 17:43,20,-0.997743,RUNNING,20,-0.997743,RUNNING,20,-0.997743,RUNNING,-0.997743,Run1
2354,06/13/2026 17:44,20,-0.997743,RUNNING,20,-0.997743,RUNNING,20,-0.997743,RUNNING,-0.997743,Run1
2355,06/13/2026 17:45,20,-0.997743,RUNNING,20,-0.997743,RUNNING,20,-0.997743,RUNNING,-0.997743,Run1
2356,06/13/2026 17:46,20,-0.997743,RUNNING,20,-0.997743,RUNNING,20,-0.997743,RUNNING,-0.997743,Run1
2357,06/13/2026 17:47,20,-0.997743,RUNNING,20,-0.997743,RUNNING,20,-0.997743,RUNNING,-0.997743,Run1
2358,06/13/2026 17:48,20,-0.997743,RUNNING,20,-0.997743,RUNNING,20,-0.997743,RUNNING,-0.997743,Run1
2359,06/13/2026 17:49,20,-0.997743,RUNNING,20,-0.997743,RUNNING,20,-0.997743,RUNNING,-0.997743,Run1
2360,06/13/2026 17:50,20,-0.997743,RUNNING,20,-0.997743,RUNNING,20,-0.997743,RUNNING,-0.997743,Run1
2361,06/13/2026 17:51,20,-0.997743,RUNNING,20,-0.997743,RUNNING,20,-0.997743,RUNNING,-0.997743,Run1
2362,06/13/2026 17:52,20,-0.997743,RUNNING,20,-0.997743,RUNNING,20,-0.997743,RUNNING,-0.997743,Run1
2363,06/13/2026 17:53,20,-0.997743,RUNNING,20,-0.997743,RUNNING,20,-0.997743,RUNNING,-0.997743,Run1
2364,06/13/2026 17:54,20,-0.997743,RUNNING,20,-0.997743,RUNNING,20,-0.997743,RUNNING,-0.997743,Run1
2365,06/13/2026 17:55,20,-0.997743,RUNNING,20,-0.997743,RUNNING,20,-0.997743,RUNNING,-0.997743,Run1
2366,06/13/2026 17:56,20,-0.997743,RUNNING,20,-0.997743,RUNNING,20,-0.997743,RUNNING,-0.997743,Run1
2367,06/13/2026 17:57,20,-0.997743,RUNNING,20,-0.997743,RUNNING,20,-0.997743,RUNNING,-0.997743,Run1
2368,06/13/2026 17:58,20,-0.997743,RUNNING,20,-0.997743,RUNNING,20,-0.997743,RUNNING,-0.997743,Run1
2369,06/13/2026 17:59,20,-0.997743,RUNNING,20,-0.997743,RUNNING,20,-0.997743,RUNNING,-0.997743,Run1
2370,06/13/2026 18:00,20,-0.997743,RUNNING,20,-0.997743,RUNNING,20,-0.997743,RUNNING,-0.997743,Run1
2371,06/13/2026 18:01,20,-0.997743,RUNNING,20,-0.997743,RUNNING,20,-0.997743,RUNNING,-0.997743,Run1
2372,06/13/2026 18:02,20,-0.997743,RUNNING,20,-0.997743,RUNNING,20,-0.997743,RUNNING,-0.997743,Run1
2373,06/13/2026 18:03,20,-0.997743,RUNNING,20,-0.997743,RUNNING,20,-0.997743,RUNNING,-0.997743,Run1
2374,06/13/2026 18:04,20,-0.997743,RUNNING,20,-0.997743,RUNNING,20,-0.997743,RUNNING,-0.997743,Run1
2375,06/13/2026 18:05,20,-0.997743,RUNNING,20,-0.997743,RUNNING,20,-0.997743,RUNNING,-0.997743,Run1
2376,06/13/2026 18:06,20,-0.997743,RUNNING,20,-0.997743,RUNNING,20,-0.997743,RUNNING,-0.997743,Run1
2377,06/13/2026 18:07,20,-0.997743,RUNNING,20,-0.997743,RUNNING,20,-0.997743,RUNNING,-0.997743,Run1
2378,06/13/2026 18:08,20,-0.997743,RUNNING,20,-0.997743,RUNNING,20,-0.997743,RUNNING,-0.997743,Run1
2379,06/13/2026 18:09,20,-0.997743,RUNNING,21,-0.997759,RUNNING,21,-0.997759,RUNNING,-0.997759,Run2
2380,06/13/2026 18:10,21,-0.997759,RUNNING,21,-0.997759,RUNNING,21,-0.997759,RUNNING,-0.997759,Run1
2381,06/13/2026 18:11,22,-0.997765,RUNNING,22,-0.997765,RUNNING,22,-0.997765,RUNNING,-0.997765,Run1
2382,06/13/2026 18:12,22,-0.997765,RUNNING,22,-0.997765,RUNNING,22,-0.997765,RUNNING,-0.997765,Run1
2383,06/13/2026 18:13,22,-0.997765,RUNNING,22,-0.997765,RUNNING,22,-0.997765,RUNNING,-0.997765,Run1
2384,06/13/2026 18:14,22,-0.997765,RUNNING,22,-0.997765,RUNNING,22,-0.997765,RUNNING,-0.997765,Run1
2385,06/13/2026 18:15,22,-0.997765,RUNNING,22,-0.997765,RUNNING,22,-0.997765,RUNNING,-0.997765,Run1
2386,06/13/2026 18:16,22,-0.997765,RUNNING,22,-0.997765,RUNNING,22,-0.997765,RUNNING,-0.997765,Run1
2387,06/13/2026 18:17,22,-0.997765,RUNNING,22,-0.997765,RUNNING,22,-0.997765,RUNNING,-0.997765,Run1
2388,06/13/2026 18:18,22,-0.997765,RUNNING,22,-0.997765,RUNNING,22,-0.997765,RUNNING,-0.997765,Run1
2389,06/13/2026 18:19,22,-0.997765,RUNNING,22,-0.997765,RUNNING,22,-0.997765,RUNNING,-0.997765,Run1
2390,06/13/2026 18:20,22,-0.997765,RUNNING,22,-0.997765,RUNNING,22,-0.997765,RUNNING,-0.997765,Run1
2391,06/13/2026 18:21,22,-0.997765,RUNNING,22,-0.997765,RUNNING,22,-0.997765,RUNNING,-0.997765,Run1
2392,06/13/2026 18:22,22,-0.997765,RUNNING,22,-0.997765,RUNNING,22,-0.997765,RUNNING,-0.997765,Run1
2393,06/13/2026 18:23,22,-0.997765,RUNNING,22,-0.997765,RUNNING,22,-0.997765,RUNNING,-0.997765,Run1
2394,06/13/2026 18:24,22,-0.997765,RUNNING,22,-0.997765,RUNNING,22,-0.997765,RUNNING,-0.997765,Run1
2395,06/13/2026 18:25,22,-0.997765,RUNNING,22,-0.997765,RUNNING,22,-0.997765,RUNNING,-0.997765,Run1
2396,06/13/2026 18:26,22,-0.997765,RUNNING,22,-0.997765,RUNNING,22,-0.997765,RUNNING,-0.997765,Run1
2397,06/13/2026 18:27,22,-0.997765,RUNNING,22,-0.997765,RUNNING,22,-0.997765,RUNNING,-0.997765,Run1
2398,06/13/2026 18:28,22,-0.997765,RUNNING,22,-0.997765,RUNNING,22,-0.997765,RUNNING,-0.997765,Run1
2399,06/13/2026 18:29,22,-0.997765,RUNNING,22,-0.997765,RUNNING,22,-0.997765,RUNNING,-0.997765,Run1
2400,06/13/2026 18:30,22,-0.997765,RUNNING,22,-0.997765,RUNNING,22,-0.997765,RUNNING,-0.997765,Run1
2401,06/13/2026 18:31,22,-0.997765,RUNNING,22,-0.997765,RUNNING,22,-0.997765,RUNNING,-0.997765,Run1
2402,06/13/2026 18:32,22,-0.997765,RUNNING,22,-0.997765,RUNNING,22,-0.997765,RUNNING,-0.997765,Run1
2403,06/13/2026 18:33,22,-0.997765,RUNNING,22,-0.997765,RUNNING,22,-0.997765,RUNNING,-0.997765,Run1
2404,06/13/2026 18:34,22,-0.997765,RUNNING,22,-0.997765,RUNNING,22,-0.997765,RUNNING,-0.997765,Run1
2405,06/13/2026 18:35,22,-0.997765,RUNNING,22,-0.997765,RUNNING,22,-0.997765,RUNNING,-0.997765,Run1
2406,06/13/2026 18:36,22,-0.997765,RUNNING,22,-0.997765,RUNNING,22,-0.997765,RUNNING,-0.997765,Run1
2407,06/13/2026 18:38,22,-0.997765,RUNNING,22,-0.997765,RUNNING,22,-0.997765,RUNNING,-0.997765,Run1
2408,06/13/2026 18:39,22,-0.997765,RUNNING,22,-0.997765,RUNNING,22,-0.997765,RUNNING,-0.997765,Run1
2409,06/13/2026 18:40,22,-0.997765,RUNNING,22,-0.997765,RUNNING,22,-0.997765,RUNNING,-0.997765,Run1
2410,06/13/2026 18:41,22,-0.997765,RUNNING,22,-0.997765,RUNNING,22,-0.997765,RUNNING,-0.997765,Run1
2411,06/13/2026 18:42,22,-0.997765,RUNNING,22,-0.997765,RUNNING,22,-0.997765,RUNNING,-0.997765,Run1
2412,06/13/2026 18:43,22,-0.997765,RUNNING,22,-0.997765,RUNNING,22,-0.997765,RUNNING,-0.997765,Run1
2413,06/13/2026 18:44,22,-0.997765,RUNNING,22,-0.997765,RUNNING,22,-0.997765,RUNNING,-0.997765,Run1
2414,06/13/2026 18:45,22,-0.997765,RUNNING,22,-0.997765,RUNNING,22,-0.997765,RUNNING,-0.997765,Run1
2415,06/13/2026 18:46,22,-0.997765,RUNNING,22,-0.997765,RUNNING,22,-0.997765,RUNNING,-0.997765,Run1
2416,06/13/2026 18:47,22,-0.997765,RUNNING,22,-0.997765,RUNNING,22,-0.997765,RUNNING,-0.997765,Run1
2417,06/13/2026 18:48,22,-0.997765,RUNNING,22,-0.997765,RUNNING,22,-0.997765,RUNNING,-0.997765,Run1
2418,06/13/2026 18:49,22,-0.997765,RUNNING,22,-0.997765,RUNNING,22,-0.997765,RUNNING,-0.997765,Run1
2419,06/13/2026 18:50,22,-0.997765,RUNNING,22,-0.997765,RUNNING,22,-0.997765,RUNNING,-0.997765,Run1
2420,06/13/2026 18:51,22,-0.997765,RUNNING,22,-0.997765,RUNNING,22,-0.997765,RUNNING,-0.997765,Run1
2421,06/13/2026 18:52,22,-0.997765,RUNNING,22,-0.997765,RUNNING,22,-0.997765,RUNNING,-0.997765,Run1
2422,06/13/2026 18:53,22,-0.997765,RUNNING,22,-0.997765,RUNNING,22,-0.997765,RUNNING,-0.997765,Run1
2423,06/13/2026 18:54,22,-0.997765,RUNNING,22,-0.997765,RUNNING,22,-0.997765,RUNNING,-0.997765,Run1
2424,06/13/2026 18:55,22,-0.997765,RUNNING,22,-0.997765,RUNNING,22,-0.997765,RUNNING,-0.997765,Run1
2425,06/13/2026 18:56,22,-0.997765,RUNNING,22,-0.997765,RUNNING,22,-0.997765,RUNNING,-0.997765,Run1
2426,06/13/2026 18:57,22,-0.997765,RUNNING,22,-0.997765,RUNNING,22,-0.997765,RUNNING,-0.997765,Run1
2427,06/13/2026 18:58,22,-0.997765,RUNNING,22,-0.997765,RUNNING,22,-0.997765,RUNNING,-0.997765,Run1
2428,06/13/2026 18:59,22,-0.997765,RUNNING,22,-0.997765,RUNNING,22,-0.997765,RUNNING,-0.997765,Run1
2429,06/13/2026 19:00,22,-0.997765,RUNNING,22,-0.997765,RUNNING,22,-0.997765,RUNNING,-0.997765,Run1
2430,06/13/2026 19:01,22,-0.997765,RUNNING,22,-0.997765,RUNNING,22,-0.997765,RUNNING,-0.997765,Run1
2431,06/13/2026 19:02,22,-0.997765,RUNNING,22,-0.997765,RUNNING,22,-0.997765,RUNNING,-0.997765,Run1
2432,06/13/2026 19:03,22,-0.997765,RUNNING,22,-0.997765,RUNNING,22,-0.997765,RUNNING,-0.997765,Run1
2433,06/13/2026 19:04,22,-0.997765,RUNNING,22,-0.997765,RUNNING,22,-0.997765,RUNNING,-0.997765,Run1
2434,06/13/2026 19:05,22,-0.997765,RUNNING,22,-0.997765,RUNNING,22,-0.997765,RUNNING,-0.997765,Run1
2435,06/13/2026 19:06,22,-0.997765,RUNNING,22,-0.997765,RUNNING,22,-0.997765,RUNNING,-0.997765,Run1
2436,06/13/2026 19:07,22,-0.997765,RUNNING,22,-0.997765,RUNNING,22,-0.997765,RUNNING,-0.997765,Run1
2437,06/13/2026 19:08,22,-0.997765,RUNNING,22,-0.997765,RUNNING,22,-0.997765,RUNNING,-0.997765,Run1
2438,06/13/2026 19:09,22,-0.997765,RUNNING,22,-0.997765,RUNNING,22,-0.997765,RUNNING,-0.997765,Run1
2439,06/13/2026 19:10,22,-0.997765,RUNNING,22,-0.997765,RUNNING,22,-0.997765,RUNNING,-0.997765,Run1
2440,06/13/2026 19:11,22,-0.997765,RUNNING,22,-0.997765,RUNNING,22,-0.997765,RUNNING,-0.997765,Run1
2441,06/13/2026 19:12,22,-0.997765,RUNNING,22,-0.997765,RUNNING,22,-0.997765,RUNNING,-0.997765,Run1
2442,06/13/2026 19:13,22,-0.997765,RUNNING,22,-0.997765,RUNNING,22,-0.997765,RUNNING,-0.997765,Run1
2443,06/13/2026 19:14,22,-0.997765,RUNNING,22,-0.997765,RUNNING,22,-0.997765,RUNNING,-0.997765,Run1
2444,06/13/2026 19:15,22,-0.997765,RUNNING,22,-0.997765,RUNNING,22,-0.997765,RUNNING,-0.997765,Run1
2445,06/13/2026 19:16,22,-0.997765,RUNNING,22,-0.997765,RUNNING,22,-0.997765,RUNNING,-0.997765,Run1
2446,06/13/2026 19:17,22,-0.997765,RUNNING,22,-0.997765,RUNNING,22,-0.997765,RUNNING,-0.997765,Run1
2447,06/13/2026 19:18,22,-0.997765,RUNNING,22,-0.997765,RUNNING,22,-0.997765,RUNNING,-0.997765,Run1
2448,06/13/2026 19:19,22,-0.997765,RUNNING,22,-0.997765,RUNNING,22,-0.997765,RUNNING,-0.997765,Run1
2449,06/13/2026 19:20,22,-0.997765,RUNNING,22,-0.997765,RUNNING,22,-0.997765,RUNNING,-0.997765,Run1
2450,06/13/2026 19:21,22,-0.997765,RUNNING,22,-0.997765,RUNNING,22,-0.997765,RUNNING,-0.997765,Run1
2451,06/13/2026 19:22,22,-0.997765,RUNNING,22,-0.997765,RUNNING,22,-0.997765,RUNNING,-0.997765,Run1
2452,06/13/2026 19:23,22,-0.997765,RUNNING,22,-0.997765,RUNNING,22,-0.997765,RUNNING,-0.997765,Run1
2453,06/13/2026 19:24,22,-0.997765,RUNNING,22,-0.997765,RUNNING,22,-0.997765,RUNNING,-0.997765,Run1
2454,06/13/2026 19:25,22,-0.997765,RUNNING,22,-0.997765,RUNNING,22,-0.997765,RUNNING,-0.997765,Run1
2455,06/13/2026 19:26,22,-0.997765,RUNNING,22,-0.997765,RUNNING,22,-0.997765,RUNNING,-0.997765,Run1
2456,06/13/2026 19:27,22,-0.997765,RUNNING,22,-0.997765,RUNNING,22,-0.997765,RUNNING,-0.997765,Run1
2457,06/13/2026 19:28,22,-0.997765,RUNNING,22,-0.997765,RUNNING,22,-0.997765,RUNNING,-0.997765,Run1
2458,06/13/2026 19:29,22,-0.997765,RUNNING,22,-0.997765,RUNNING,22,-0.997765,RUNNING,-0.997765,Run1
2459,06/13/2026 19:30,22,-0.997765,RUNNING,22,-0.997765,RUNNING,22,-0.997765,RUNNING,-0.997765,Run1
2460,06/13/2026 19:31,22,-0.997765,RUNNING,22,-0.997765,RUNNING,22,-0.997765,RUNNING,-0.997765,Run1
2461,06/13/2026 19:32,22,-0.997765,RUNNING,22,-0.997765,RUNNING,22,-0.997765,RUNNING,-0.997765,Run1
2462,06/13/2026 19:33,22,-0.997765,RUNNING,22,-0.997765,RUNNING,22,-0.997765,RUNNING,-0.997765,Run1
2463,06/13/2026 19:34,22,-0.997765,RUNNING,22,-0.997765,RUNNING,22,-0.997765,RUNNING,-0.997765,Run1
2464,06/13/2026 19:35,22,-0.997765,RUNNING,22,-0.997765,RUNNING,22,-0.997765,RUNNING,-0.997765,Run1
2465,06/13/2026 19:36,22,-0.997765,RUNNING,22,-0.997765,RUNNING,22,-0.997765,RUNNING,-0.997765,Run1
2466,06/13/2026 19:37,22,-0.997765,RUNNING,22,-0.997765,RUNNING,22,-0.997765,RUNNING,-0.997765,Run1
2467,06/13/2026 19:38,22,-0.997765,RUNNING,22,-0.997765,RUNNING,22,-0.997765,RUNNING,-0.997765,Run1
2468,06/13/2026 19:39,22,-0.997765,RUNNING,22,-0.997765,RUNNING,22,-0.997765,RUNNING,-0.997765,Run1
2469,06/13/2026 19:40,22,-0.997765,RUNNING,22,-0.997765,RUNNING,22,-0.997765,RUNNING,-0.997765,Run1
2470,06/13/2026 19:41,22,-0.997765,RUNNING,22,-0.997765,RUNNING,22,-0.997765,RUNNING,-0.997765,Run1
2471,06/13/2026 19:42,22,-0.997765,RUNNING,22,-0.997765,RUNNING,22,-0.997765,RUNNING,-0.997765,Run1
2472,06/13/2026 19:43,22,-0.997765,RUNNING,22,-0.997765,RUNNING,22,-0.997765,RUNNING,-0.997765,Run1
2473,06/13/2026 19:44,22,-0.997765,RUNNING,22,-0.997765,RUNNING,22,-0.997765,RUNNING,-0.997765,Run1
2474,06/13/2026 19:45,22,-0.997765,RUNNING,22,-0.997765,RUNNING,22,-0.997765,RUNNING,-0.997765,Run1
2475,06/13/2026 19:46,22,-0.997765,RUNNING,22,-0.997765,RUNNING,22,-0.997765,RUNNING,-0.997765,Run1
2476,06/13/2026 19:47,22,-0.997765,RUNNING,22,-0.997765,RUNNING,22,-0.997765,RUNNING,-0.997765,Run1
2477,06/13/2026 19:48,22,-0.997765,RUNNING,22,-0.997765,RUNNING,22,-0.997765,RUNNING,-0.997765,Run1
2478,06/13/2026 19:49,22,-0.997765,RUNNING,22,-0.997765,RUNNING,22,-0.997765,RUNNING,-0.997765,Run1
2479,06/13/2026 19:50,22,-0.997765,RUNNING,22,-0.997765,RUNNING,22,-0.997765,RUNNING,-0.997765,Run1
2480,06/13/2026 19:51,22,-0.997765,RUNNING,22,-0.997765,RUNNING,22,-0.997765,RUNNING,-0.997765,Run1
2481,06/13/2026 19:52,22,-0.997765,RUNNING,22,-0.997765,RUNNING,22,-0.997765,RUNNING,-0.997765,Run1
2482,06/13/2026 19:53,22,-0.997765,RUNNING,22,-0.997765,RUNNING,22,-0.997765,RUNNING,-0.997765,Run1
2483,06/13/2026 19:54,22,-0.997765,RUNNING,22,-0.997765,RUNNING,22,-0.997765,RUNNING,-0.997765,Run1
2484,06/13/2026 19:55,22,-0.997765,RUNNING,22,-0.997765,RUNNING,22,-0.997765,RUNNING,-0.997765,Run1
2485,06/13/2026 19:56,22,-0.997765,RUNNING,22,-0.997765,RUNNING,22,-0.997765,RUNNING,-0.997765,Run1
2486,06/13/2026 19:57,22,-0.997765,RUNNING,22,-0.997765,RUNNING,22,-0.997765,RUNNING,-0.997765,Run1
2487,06/13/2026 19:58,22,-0.997765,RUNNING,22,-0.997765,RUNNING,22,-0.997765,RUNNING,-0.997765,Run1
2488,06/13/2026 19:59,22,-0.997765,RUNNING,22,-0.997765,RUNNING,22,-0.997765,RUNNING,-0.997765,Run1
2489,06/13/2026 20:00,22,-0.997765,RUNNING,22,-0.997765,RUNNING,22,-0.997765,RUNNING,-0.997765,Run1
2490,06/13/2026 20:01,22,-0.997765,RUNNING,22,-0.997765,RUNNING,22,-0.997765,RUNNING,-0.997765,Run1
2491,06/13/2026 20:02,22,-0.997765,RUNNING,22,-0.997765,RUNNING,22,-0.997765,RUNNING,-0.997765,Run1
2492,06/13/2026 20:03,22,-0.997765,RUNNING,22,-0.997765,RUNNING,22,-0.997765,RUNNING,-0.997765,Run1
2493,06/13/2026 20:04,22,-0.997765,RUNNING,22,-0.997765,RUNNING,22,-0.997765,RUNNING,-0.997765,Run1
2494,06/13/2026 20:05,22,-0.997765,RUNNING,22,-0.997765,RUNNING,22,-0.997765,RUNNING,-0.997765,Run1
2495,06/13/2026 20:06,22,-0.997765,RUNNING,22,-0.997765,RUNNING,22,-0.997765,RUNNING,-0.997765,Run1
2496,06/13/2026 20:07,22,-0.997765,RUNNING,22,-0.997765,RUNNING,22,-0.997765,RUNNING,-0.997765,Run1
2497,06/13/2026 20:08,22,-0.997765,RUNNING,22,-0.997765,RUNNING,22,-0.997765,RUNNING,-0.997765,Run1
2498,06/13/2026 20:09,22,-0.997765,RUNNING,22,-0.997765,RUNNING,22,-0.997765,RUNNING,-0.997765,Run1
2499,06/13/2026 20:10,22,-0.997765,RUNNING,22,-0.997765,RUNNING,22,-0.997765,RUNNING,-0.997765,Run1
2500,06/13/2026 20:11,22,-0.997765,RUNNING,22,-0.997765,RUNNING,22,-0.997765,RUNNING,-0.997765,Run1
2501,06/13/2026 20:12,22,-0.997765,RUNNING,22,-0.997765,RUNNING,22,-0.997765,RUNNING,-0.997765,Run1
2502,06/13/2026 20:13,22,-0.997765,RUNNING,22,-0.997765,RUNNING,22,-0.997765,RUNNING,-0.997765,Run1
2503,06/13/2026 20:14,22,-0.997765,RUNNING,22,-0.997765,RUNNING,22,-0.997765,RUNNING,-0.997765,Run1
2504,06/13/2026 20:15,22,-0.997765,RUNNING,22,-0.997765,RUNNING,22,-0.997765,RUNNING,-0.997765,Run1
2505,06/13/2026 20:16,22,-0.997765,RUNNING,22,-0.997765,RUNNING,22,-0.997765,RUNNING,-0.997765,Run1
2506,06/13/2026 20:17,22,-0.997765,RUNNING,22,-0.997765,RUNNING,22,-0.997765,RUNNING,-0.997765,Run1
2507,06/13/2026 20:18,22,-0.997765,RUNNING,22,-0.997765,RUNNING,22,-0.997765,RUNNING,-0.997765,Run1
2508,06/13/2026 20:19,22,-0.997765,RUNNING,22,-0.997765,RUNNING,22,-0.997765,RUNNING,-0.997765,Run1
2509,06/13/2026 20:20,22,-0.997765,RUNNING,22,-0.997765,RUNNING,22,-0.997765,RUNNING,-0.997765,Run1
2510,06/13/2026 20:21,22,-0.997765,RUNNING,22,-0.997765,RUNNING,22,-0.997765,RUNNING,-0.997765,Run1
2511,06/13/2026 20:22,22,-0.997765,RUNNING,22,-0.997765,RUNNING,22,-0.997765,RUNNING,-0.997765,Run1
2512,06/13/2026 20:23,22,-0.997765,RUNNING,22,-0.997765,RUNNING,22,-0.997765,RUNNING,-0.997765,Run1
2513,06/13/2026 20:25,22,-0.997765,RUNNING,22,-0.997765,RUNNING,22,-0.997765,RUNNING,-0.997765,Run1
2514,06/13/2026 20:26,22,-0.997765,RUNNING,22,-0.997765,RUNNING,22,-0.997765,RUNNING,-0.997765,Run1
2515,06/13/2026 20:27,22,-0.997765,RUNNING,22,-0.997765,RUNNING,22,-0.997765,RUNNING,-0.997765,Run1
2516,06/13/2026 20:28,22,-0.997765,RUNNING,22,-0.997765,RUNNING,22,-0.997765,RUNNING,-0.997765,Run1
2517,06/13/2026 20:29,22,-0.997765,RUNNING,22,-0.997765,RUNNING,22,-0.997765,RUNNING,-0.997765,Run1
2518,06/13/2026 20:30,22,-0.997765,RUNNING,22,-0.997765,RUNNING,22,-0.997765,RUNNING,-0.997765,Run1
2519,06/13/2026 20:31,22,-0.997765,RUNNING,22,-0.997765,RUNNING,22,-0.997765,RUNNING,-0.997765,Run1
2520,06/13/2026 20:32,22,-0.997765,RUNNING,22,-0.997765,RUNNING,22,-0.997765,RUNNING,-0.997765,Run1
2521,06/13/2026 20:33,22,-0.997765,RUNNING,22,-0.997765,RUNNING,22,-0.997765,RUNNING,-0.997765,Run1
2522,06/13/2026 20:34,22,-0.997765,RUNNING,22,-0.997765,RUNNING,22,-0.997765,RUNNING,-0.997765,Run1
2523,06/13/2026 20:35,22,-0.997765,RUNNING,22,-0.997765,RUNNING,22,-0.997765,RUNNING,-0.997765,Run1
2524,06/13/2026 20:36,22,-0.997765,RUNNING,22,-0.997765,RUNNING,22,-0.997765,RUNNING,-0.997765,Run1
2525,06/13/2026 20:37,22,-0.997765,RUNNING,22,-0.997765,RUNNING,22,-0.997765,RUNNING,-0.997765,Run1
2526,06/13/2026 20:38,22,-0.997765,RUNNING,22,-0.997765,RUNNING,22,-0.997765,RUNNING,-0.997765,Run1
2527,06/13/2026 20:39,22,-0.997765,RUNNING,22,-0.997765,RUNNING,22,-0.997765,RUNNING,-0.997765,Run1
2528,06/13/2026 20:40,22,-0.997765,RUNNING,22,-0.997765,RUNNING,22,-0.997765,RUNNING,-0.997765,Run1
2529,06/13/2026 20:41,22,-0.997765,RUNNING,22,-0.997765,RUNNING,22,-0.997765,RUNNING,-0.997765,Run1
2530,06/13/2026 20:42,22,-0.997765,RUNNING,22,-0.997765,RUNNING,22,-0.997765,RUNNING,-0.997765,Run1
2531,06/13/2026 20:43,22,-0.997765,RUNNING,22,-0.997765,RUNNING,22,-0.997765,RUNNING,-0.997765,Run1
2532,06/13/2026 20:44,22,-0.997765,RUNNING,22,-0.997765,RUNNING,22,-0.997765,RUNNING,-0.997765,Run1
2533,06/13/2026 20:45,22,-0.997765,RUNNING,22,-0.997765,RUNNING,22,-0.997765,RUNNING,-0.997765,Run1
2534,06/13/2026 20:46,22,-0.997765,RUNNING,22,-0.997765,RUNNING,22,-0.997765,RUNNING,-0.997765,Run1
2535,06/13/2026 20:47,22,-0.997765,RUNNING,22,-0.997765,RUNNING,22,-0.997765,RUNNING,-0.997765,Run1
2536,06/13/2026 20:48,22,-0.997765,RUNNING,22,-0.997765,RUNNING,22,-0.997765,RUNNING,-0.997765,Run1
2537,06/13/2026 20:49,22,-0.997765,RUNNING,22,-0.997765,RUNNING,22,-0.997765,RUNNING,-0.997765,Run1
2538,06/13/2026 20:50,22,-0.997765,RUNNING,22,-0.997765,RUNNING,22,-0.997765,RUNNING,-0.997765,Run1
2539,06/13/2026 20:51,22,-0.997765,RUNNING,22,-0.997765,RUNNING,22,-0.997765,RUNNING,-0.997765,Run1
2540,06/13/2026 20:52,22,-0.997765,RUNNING,22,-0.997765,RUNNING,22,-0.997765,RUNNING,-0.997765,Run1
2541,06/13/2026 20:53,22,-0.997765,RUNNING,22,-0.997765,RUNNING,22,-0.997765,RUNNING,-0.997765,Run1
2542,06/13/2026 20:54,22,-0.997765,RUNNING,22,-0.997765,RUNNING,22,-0.997765,RUNNING,-0.997765,Run1
2543,06/13/2026 20:55,22,-0.997765,RUNNING,22,-0.997765,RUNNING,22,-0.997765,RUNNING,-0.997765,Run1
2544,06/13/2026 20:56,22,-0.997765,RUNNING,22,-0.997765,RUNNING,22,-0.997765,RUNNING,-0.997765,Run1
2545,06/13/2026 20:57,22,-0.997765,RUNNING,22,-0.997765,RUNNING,22,-0.997765,RUNNING,-0.997765,Run1
2546,06/13/2026 20:58,22,-0.997765,RUNNING,22,-0.997765,RUNNING,22,-0.997765,RUNNING,-0.997765,Run1
2547,06/13/2026 20:59,22,-0.997765,RUNNING,22,-0.997765,RUNNING,22,-0.997765,RUNNING,-0.997765,Run1
2548,06/13/2026 21:00,22,-0.997765,RUNNING,22,-0.997765,RUNNING,22,-0.997765,RUNNING,-0.997765,Run1
2549,06/13/2026 21:01,22,-0.997765,RUNNING,22,-0.997765,RUNNING,22,-0.997765,RUNNING,-0.997765,Run1
2550,06/13/2026 21:02,22,-0.997765,RUNNING,22,-0.997765,RUNNING,22,-0.997765,RUNNING,-0.997765,Run1
2551,06/13/2026 21:03,22,-0.997765,RUNNING,22,-0.997765,RUNNING,22,-0.997765,RUNNING,-0.997765,Run1
2552,06/13/2026 21:04,22,-0.997765,RUNNING,22,-0.997765,RUNNING,22,-0.997765,RUNNING,-0.997765,Run1
2553,06/13/2026 21:05,22,-0.997765,RUNNING,22,-0.997765,RUNNING,22,-0.997765,RUNNING,-0.997765,Run1
2554,06/13/2026 21:06,22,-0.997765,RUNNING,22,-0.997765,RUNNING,22,-0.997765,RUNNING,-0.997765,Run1
2555,06/13/2026 21:07,22,-0.997765,RUNNING,22,-0.997765,RUNNING,22,-0.997765,RUNNING,-0.997765,Run1
2556,06/13/2026 21:08,22,-0.997765,RUNNING,22,-0.997765,RUNNING,22,-0.997765,RUNNING,-0.997765,Run1
2557,06/13/2026 21:09,22,-0.997765,RUNNING,22,-0.997765,RUNNING,22,-0.997765,RUNNING,-0.997765,Run1
2558,06/13/2026 21:10,22,-0.997765,RUNNING,22,-0.997765,RUNNING,22,-0.997765,RUNNING,-0.997765,Run1
2559,06/13/2026 21:11,22,-0.997765,RUNNING,22,-0.997765,RUNNING,22,-0.997765,RUNNING,-0.997765,Run1
2560,06/13/2026 21:12,22,-0.997765,RUNNING,22,-0.997765,RUNNING,22,-0.997765,RUNNING,-0.997765,Run1
2561,06/13/2026 21:13,22,-0.997765,RUNNING,22,-0.997765,RUNNING,22,-0.997765,RUNNING,-0.997765,Run1
2562,06/13/2026 21:14,22,-0.997765,RUNNING,22,-0.997765,RUNNING,22,-0.997765,RUNNING,-0.997765,Run1
2563,06/13/2026 21:15,22,-0.997765,RUNNING,22,-0.997765,RUNNING,22,-0.997765,RUNNING,-0.997765,Run1
2564,06/13/2026 21:16,22,-0.997765,RUNNING,22,-0.997765,RUNNING,22,-0.997765,RUNNING,-0.997765,Run1
2565,06/13/2026 21:17,22,-0.997765,RUNNING,22,-0.997765,RUNNING,22,-0.997765,RUNNING,-0.997765,Run1
2566,06/13/2026 21:18,22,-0.997765,RUNNING,22,-0.997765,RUNNING,22,-0.997765,RUNNING,-0.997765,Run1
2567,06/13/2026 21:19,22,-0.997765,RUNNING,22,-0.997765,RUNNING,22,-0.997765,RUNNING,-0.997765,Run1
2568,06/13/2026 21:20,22,-0.997765,RUNNING,22,-0.997765,RUNNING,22,-0.997765,RUNNING,-0.997765,Run1
2569,06/13/2026 21:21,22,-0.997765,RUNNING,22,-0.997765,RUNNING,22,-0.997765,RUNNING,-0.997765,Run1
2570,06/13/2026 21:22,22,-0.997765,RUNNING,22,-0.997765,RUNNING,22,-0.997765,RUNNING,-0.997765,Run1
2571,06/13/2026 21:23,22,-0.997765,RUNNING,22,-0.997765,RUNNING,22,-0.997765,RUNNING,-0.997765,Run1
2572,06/13/2026 21:24,22,-0.997765,RUNNING,22,-0.997765,RUNNING,22,-0.997765,RUNNING,-0.997765,Run1
2573,06/13/2026 21:25,22,-0.997765,RUNNING,22,-0.997765,RUNNING,22,-0.997765,RUNNING,-0.997765,Run1
2574,06/13/2026 21:26,22,-0.997765,RUNNING,22,-0.997765,RUNNING,22,-0.997765,RUNNING,-0.997765,Run1
2575,06/13/2026 21:27,22,-0.997765,RUNNING,22,-0.997765,RUNNING,22,-0.997765,RUNNING,-0.997765,Run1
2576,06/13/2026 21:28,22,-0.997765,RUNNING,22,-0.997765,RUNNING,22,-0.997765,RUNNING,-0.997765,Run1
2577,06/13/2026 21:29,22,-0.997765,RUNNING,22,-0.997765,RUNNING,22,-0.997765,RUNNING,-0.997765,Run1
2578,06/13/2026 21:30,22,-0.997765,RUNNING,22,-0.997765,RUNNING,22,-0.997765,RUNNING,-0.997765,Run1
2579,06/13/2026 21:31,22,-0.997765,RUNNING,22,-0.997765,RUNNING,22,-0.997765,RUNNING,-0.997765,Run1
2580,06/13/2026 21:32,22,-0.997765,RUNNING,22,-0.997765,RUNNING,22,-0.997765,RUNNING,-0.997765,Run1
2581,06/13/2026 21:33,22,-0.997765,RUNNING,22,-0.997765,RUNNING,22,-0.997765,RUNNING,-0.997765,Run1
2582,06/13/2026 21:34,22,-0.997765,RUNNING,22,-0.997765,RUNNING,22,-0.997765,RUNNING,-0.997765,Run1
2583,06/13/2026 21:35,22,-0.997765,RUNNING,22,-0.997765,RUNNING,22,-0.997765,RUNNING,-0.997765,Run1
2584,06/13/2026 21:36,22,-0.997765,RUNNING,22,-0.997765,RUNNING,22,-0.997765,RUNNING,-0.997765,Run1
2585,06/13/2026 21:37,22,-0.997765,RUNNING,22,-0.997765,RUNNING,22,-0.997765,RUNNING,-0.997765,Run1
2586,06/13/2026 21:38,22,-0.997765,RUNNING,22,-0.997765,RUNNING,22,-0.997765,RUNNING,-0.997765,Run1
2587,06/13/2026 21:39,22,-0.997765,RUNNING,22,-0.997765,RUNNING,22,-0.997765,RUNNING,-0.997765,Run1
2588,06/13/2026 21:40,22,-0.997765,RUNNING,22,-0.997765,RUNNING,22,-0.997765,RUNNING,-0.997765,Run1
2589,06/13/2026 21:41,22,-0.997765,RUNNING,22,-0.997765,RUNNING,22,-0.997765,RUNNING,-0.997765,Run1
2590,06/13/2026 21:42,22,-0.997765,RUNNING,22,-0.997765,RUNNING,22,-0.997765,RUNNING,-0.997765,Run1
2591,06/13/2026 21:43,22,-0.997765,RUNNING,22,-0.997765,RUNNING,22,-0.997765,RUNNING,-0.997765,Run1
2592,06/13/2026 21:44,22,-0.997765,RUNNING,22,-0.997765,RUNNING,22,-0.997765,RUNNING,-0.997765,Run1
2593,06/13/2026 21:45,22,-0.997765,RUNNING,22,-0.997765,RUNNING,22,-0.997765,RUNNING,-0.997765,Run1
2594,06/13/2026 21:46,22,-0.997765,RUNNING,22,-0.997765,RUNNING,22,-0.997765,RUNNING,-0.997765,Run1
2595,06/13/2026 21:47,22,-0.997765,RUNNING,22,-0.997765,RUNNING,22,-0.997765,RUNNING,-0.997765,Run1
2596,06/13/2026 21:48,22,-0.997765,RUNNING,22,-0.997765,RUNNING,22,-0.997765,RUNNING,-0.997765,Run1
2597,06/13/2026 21:49,22,-0.997765,RUNNING,22,-0.997765,RUNNING,22,-0.997765,RUNNING,-0.997765,Run1
2598,06/13/2026 21:50,22,-0.997765,RUNNING,22,-0.997765,RUNNING,22,-0.997765,RUNNING,-0.997765,Run1
2599,06/13/2026 21:51,22,-0.997765,RUNNING,22,-0.997765,RUNNING,22,-0.997765,RUNNING,-0.997765,Run1
2600,06/13/2026 21:52,22,-0.997765,RUNNING,22,-0.997765,RUNNING,22,-0.997765,RUNNING,-0.997765,Run1
2601,06/13/2026 21:53,22,-0.997765,RUNNING,22,-0.997765,RUNNING,22,-0.997765,RUNNING,-0.997765,Run1
2602,06/13/2026 21:54,22,-0.997765,RUNNING,22,-0.997765,RUNNING,22,-0.997765,RUNNING,-0.997765,Run1
2603,06/13/2026 21:55,22,-0.997765,RUNNING,22,-0.997765,RUNNING,22,-0.997765,RUNNING,-0.997765,Run1
2604,06/13/2026 21:56,22,-0.997765,RUNNING,22,-0.997765,RUNNING,22,-0.997765,RUNNING,-0.997765,Run1
2605,06/13/2026 21:57,22,-0.997765,RUNNING,22,-0.997765,RUNNING,22,-0.997765,RUNNING,-0.997765,Run1
2606,06/13/2026 21:58,22,-0.997765,RUNNING,22,-0.997765,RUNNING,22,-0.997765,RUNNING,-0.997765,Run1
2607,06/13/2026 21:59,22,-0.997765,RUNNING,22,-0.997765,RUNNING,22,-0.997765,RUNNING,-0.997765,Run1
2608,06/13/2026 22:00,22,-0.997765,RUNNING,22,-0.997765,RUNNING,22,-0.997765,RUNNING,-0.997765,Run1
2609,06/13/2026 22:01,22,-0.997765,RUNNING,22,-0.997765,RUNNING,22,-0.997765,RUNNING,-0.997765,Run1
2610,06/13/2026 22:02,22,-0.997765,RUNNING,22,-0.997765,RUNNING,22,-0.997765,RUNNING,-0.997765,Run1
2611,06/13/2026 22:03,22,-0.997765,RUNNING,22,-0.997765,RUNNING,22,-0.997765,RUNNING,-0.997765,Run1
2612,06/13/2026 22:04,22,-0.997765,RUNNING,22,-0.997765,RUNNING,22,-0.997765,RUNNING,-0.997765,Run1
2613,06/13/2026 22:05,22,-0.997765,RUNNING,22,-0.997765,RUNNING,22,-0.997765,RUNNING,-0.997765,Run1
2614,06/13/2026 22:06,22,-0.997765,RUNNING,22,-0.997765,RUNNING,22,-0.997765,RUNNING,-0.997765,Run1
2615,06/13/2026 22:07,22,-0.997765,RUNNING,22,-0.997765,RUNNING,22,-0.997765,RUNNING,-0.997765,Run1
2616,06/13/2026 22:08,22,-0.997765,RUNNING,22,-0.997765,RUNNING,22,-0.997765,RUNNING,-0.997765,Run1
2617,06/13/2026 22:09,22,-0.997765,RUNNING,22,-0.997765,RUNNING,22,-0.997765,RUNNING,-0.997765,Run1
2618,06/13/2026 22:10,22,-0.997765,RUNNING,22,-0.997765,RUNNING,22,-0.997765,RUNNING,-0.997765,Run1
2619,06/13/2026 22:11,22,-0.997765,RUNNING,22,-0.997765,RUNNING,22,-0.997765,RUNNING,-0.997765,Run1
2620,06/13/2026 22:12,22,-0.997765,RUNNING,22,-0.997765,RUNNING,22,-0.997765,RUNNING,-0.997765,Run1
2621,06/13/2026 22:13,22,-0.997765,RUNNING,22,-0.997765,RUNNING,22,-0.997765,RUNNING,-0.997765,Run1
2622,06/13/2026 22:14,22,-0.997765,RUNNING,22,-0.997765,RUNNING,22,-0.997765,RUNNING,-0.997765,Run1
2623,06/13/2026 22:15,22,-0.997765,RUNNING,22,-0.997765,RUNNING,22,-0.997765,RUNNING,-0.997765,Run1
2624,06/13/2026 22:16,22,-0.997765,RUNNING,22,-0.997765,RUNNING,22,-0.997765,RUNNING,-0.997765,Run1
2625,06/13/2026 22:17,22,-0.997765,RUNNING,22,-0.997765,RUNNING,22,-0.997765,RUNNING,-0.997765,Run1
2626,06/13/2026 22:19,22,-0.997765,RUNNING,22,-0.997765,RUNNING,22,-0.997765,RUNNING,-0.997765,Run1
2627,06/13/2026 22:20,22,-0.997765,RUNNING,22,-0.997765,RUNNING,22,-0.997765,RUNNING,-0.997765,Run1
2628,06/13/2026 22:21,22,-0.997765,RUNNING,22,-0.997765,RUNNING,22,-0.997765,RUNNING,-0.997765,Run1
2629,06/13/2026 22:22,22,-0.997765,RUNNING,22,-0.997765,RUNNING,22,-0.997765,RUNNING,-0.997765,Run1
2630,06/13/2026 22:23,22,-0.997765,RUNNING,22,-0.997765,RUNNING,22,-0.997765,RUNNING,-0.997765,Run1
2631,06/13/2026 22:24,22,-0.997765,RUNNING,22,-0.997765,RUNNING,22,-0.997765,RUNNING,-0.997765,Run1
2632,06/13/2026 22:25,22,-0.997765,RUNNING,22,-0.997765,RUNNING,22,-0.997765,RUNNING,-0.997765,Run1
2633,06/13/2026 22:26,22,-0.997765,RUNNING,22,-0.997765,RUNNING,22,-0.997765,RUNNING,-0.997765,Run1
2634,06/13/2026 22:27,22,-0.997765,RUNNING,22,-0.997765,RUNNING,22,-0.997765,RUNNING,-0.997765,Run1
2635,06/13/2026 22:28,22,-0.997765,RUNNING,22,-0.997765,RUNNING,22,-0.997765,RUNNING,-0.997765,Run1
2636,06/13/2026 22:29,22,-0.997765,RUNNING,22,-0.997765,RUNNING,22,-0.997765,RUNNING,-0.997765,Run1
2637,06/13/2026 22:30,22,-0.997765,RUNNING,22,-0.997765,RUNNING,22,-0.997765,RUNNING,-0.997765,Run1
2638,06/13/2026 22:31,22,-0.997765,RUNNING,22,-0.997765,RUNNING,22,-0.997765,RUNNING,-0.997765,Run1
2639,06/13/2026 22:32,22,-0.997765,RUNNING,22,-0.997765,RUNNING,22,-0.997765,RUNNING,-0.997765,Run1
2640,06/13/2026 22:33,22,-0.997765,RUNNING,22,-0.997765,RUNNING,22,-0.997765,RUNNING,-0.997765,Run1
2641,06/13/2026 22:34,22,-0.997765,RUNNING,22,-0.997765,RUNNING,22,-0.997765,RUNNING,-0.997765,Run1
2642,06/13/2026 22:35,22,-0.997765,RUNNING,22,-0.997765,RUNNING,22,-0.997765,RUNNING,-0.997765,Run1
2643,06/13/2026 22:36,22,-0.997765,RUNNING,22,-0.997765,RUNNING,22,-0.997765,RUNNING,-0.997765,Run1
2644,06/13/2026 22:37,22,-0.997765,RUNNING,22,-0.997765,RUNNING,22,-0.997765,RUNNING,-0.997765,Run1
2645,06/13/2026 22:38,22,-0.997765,RUNNING,22,-0.997765,RUNNING,22,-0.997765,RUNNING,-0.997765,Run1
2646,06/13/2026 22:39,22,-0.997765,RUNNING,22,-0.997765,RUNNING,22,-0.997765,RUNNING,-0.997765,Run1
2647,06/13/2026 22:40,22,-0.997765,RUNNING,22,-0.997765,RUNNING,22,-0.997765,RUNNING,-0.997765,Run1
2648,06/13/2026 22:41,22,-0.997765,RUNNING,22,-0.997765,RUNNING,22,-0.997765,RUNNING,-0.997765,Run1
2649,06/13/2026 22:42,22,-0.997765,RUNNING,22,-0.997765,RUNNING,22,-0.997765,RUNNING,-0.997765,Run1
2650,06/13/2026 22:43,22,-0.997765,RUNNING,22,-0.997765,RUNNING,22,-0.997765,RUNNING,-0.997765,Run1
2651,06/13/2026 22:44,22,-0.997765,RUNNING,22,-0.997765,RUNNING,22,-0.997765,RUNNING,-0.997765,Run1
2652,06/13/2026 22:45,22,-0.997765,RUNNING,22,-0.997765,RUNNING,22,-0.997765,RUNNING,-0.997765,Run1
2653,06/13/2026 22:46,22,-0.997765,RUNNING,22,-0.997765,RUNNING,22,-0.997765,RUNNING,-0.997765,Run1
2654,06/13/2026 22:47,22,-0.997765,RUNNING,22,-0.997765,RUNNING,22,-0.997765,RUNNING,-0.997765,Run1
2655,06/13/2026 22:48,22,-0.997765,RUNNING,22,-0.997765,RUNNING,22,-0.997765,RUNNING,-0.997765,Run1
2656,06/13/2026 22:49,22,-0.997765,RUNNING,22,-0.997765,RUNNING,22,-0.997765,RUNNING,-0.997765,Run1
2657,06/13/2026 22:50,22,-0.997765,RUNNING,22,-0.997765,RUNNING,22,-0.997765,RUNNING,-0.997765,Run1
2658,06/13/2026 22:51,22,-0.997765,RUNNING,22,-0.997765,RUNNING,22,-0.997765,RUNNING,-0.997765,Run1
2659,06/13/2026 22:52,22,-0.997765,RUNNING,22,-0.997765,RUNNING,22,-0.997765,RUNNING,-0.997765,Run1
2660,06/13/2026 22:53,22,-0.997765,RUNNING,22,-0.997765,RUNNING,22,-0.997765,RUNNING,-0.997765,Run1
2661,06/13/2026 22:54,22,-0.997765,RUNNING,22,-0.997765,RUNNING,22,-0.997765,RUNNING,-0.997765,Run1
2662,06/13/2026 22:55,22,-0.997765,RUNNING,22,-0.997765,RUNNING,22,-0.997765,RUNNING,-0.997765,Run1
2663,06/13/2026 22:56,22,-0.997765,RUNNING,22,-0.997765,RUNNING,22,-0.997765,RUNNING,-0.997765,Run1
2664,06/13/2026 22:57,22,-0.997765,RUNNING,22,-0.997765,RUNNING,22,-0.997765,RUNNING,-0.997765,Run1
2665,06/13/2026 22:58,22,-0.997765,RUNNING,22,-0.997765,RUNNING,22,-0.997765,RUNNING,-0.997765,Run1
2666,06/13/2026 22:59,22,-0.997765,RUNNING,22,-0.997765,RUNNING,22,-0.997765,RUNNING,-0.997765,Run1
2667,06/13/2026 23:00,22,-0.997765,RUNNING,22,-0.997765,RUNNING,22,-0.997765,RUNNING,-0.997765,Run1
2668,06/13/2026 23:01,22,-0.997765,RUNNING,22,-0.997765,RUNNING,22,-0.997765,RUNNING,-0.997765,Run1
2669,06/13/2026 23:02,22,-0.997765,RUNNING,22,-0.997765,RUNNING,22,-0.997765,RUNNING,-0.997765,Run1
2670,06/13/2026 23:03,22,-0.997765,RUNNING,22,-0.997765,RUNNING,22,-0.997765,RUNNING,-0.997765,Run1
2671,06/13/2026 23:04,22,-0.997765,RUNNING,22,-0.997765,RUNNING,22,-0.997765,RUNNING,-0.997765,Run1
2672,06/13/2026 23:05,22,-0.997765,RUNNING,22,-0.997765,RUNNING,22,-0.997765,RUNNING,-0.997765,Run1
2673,06/13/2026 23:06,22,-0.997765,RUNNING,22,-0.997765,RUNNING,22,-0.997765,RUNNING,-0.997765,Run1
2674,06/13/2026 23:07,22,-0.997765,RUNNING,22,-0.997765,RUNNING,22,-0.997765,RUNNING,-0.997765,Run1
2675,06/13/2026 23:08,22,-0.997765,RUNNING,22,-0.997765,RUNNING,22,-0.997765,RUNNING,-0.997765,Run1
2676,06/13/2026 23:09,22,-0.997765,RUNNING,22,-0.997765,RUNNING,22,-0.997765,RUNNING,-0.997765,Run1
2677,06/13/2026 23:10,22,-0.997765,RUNNING,22,-0.997765,RUNNING,22,-0.997765,RUNNING,-0.997765,Run1
2678,06/13/2026 23:11,22,-0.997765,RUNNING,22,-0.997765,RUNNING,22,-0.997765,RUNNING,-0.997765,Run1
2679,06/13/2026 23:12,22,-0.997765,RUNNING,22,-0.997765,RUNNING,22,-0.997765,RUNNING,-0.997765,Run1
2680,06/13/2026 23:13,22,-0.997765,RUNNING,22,-0.997765,RUNNING,22,-0.997765,RUNNING,-0.997765,Run1
2681,06/13/2026 23:14,22,-0.997765,RUNNING,22,-0.997765,RUNNING,22,-0.997765,RUNNING,-0.997765,Run1
2682,06/13/2026 23:15,22,-0.997765,RUNNING,22,-0.997765,RUNNING,22,-0.997765,RUNNING,-0.997765,Run1
2683,06/13/2026 23:16,22,-0.997765,RUNNING,22,-0.997765,RUNNING,22,-0.997765,RUNNING,-0.997765,Run1
2684,06/13/2026 23:17,22,-0.997765,RUNNING,22,-0.997765,RUNNING,22,-0.997765,RUNNING,-0.997765,Run1
2685,06/13/2026 23:18,22,-0.997765,RUNNING,22,-0.997765,RUNNING,22,-0.997765,RUNNING,-0.997765,Run1
2686,06/13/2026 23:19,22,-0.997765,RUNNING,22,-0.997765,RUNNING,22,-0.997765,RUNNING,-0.997765,Run1
2687,06/13/2026 23:20,22,-0.997765,RUNNING,22,-0.997765,RUNNING,22,-0.997765,RUNNING,-0.997765,Run1
2688,06/13/2026 23:21,22,-0.997765,RUNNING,22,-0.997765,RUNNING,22,-0.997765,RUNNING,-0.997765,Run1
2689,06/13/2026 23:22,22,-0.997765,RUNNING,22,-0.997765,RUNNING,22,-0.997765,RUNNING,-0.997765,Run1
2690,06/13/2026 23:23,22,-0.997765,RUNNING,22,-0.997765,RUNNING,22,-0.997765,RUNNING,-0.997765,Run1
2691,06/13/2026 23:24,22,-0.997765,RUNNING,22,-0.997765,RUNNING,22,-0.997765,RUNNING,-0.997765,Run1
2692,06/13/2026 23:25,22,-0.997765,RUNNING,22,-0.997765,RUNNING,22,-0.997765,RUNNING,-0.997765,Run1
2693,06/13/2026 23:26,22,-0.997765,RUNNING,22,-0.997765,RUNNING,22,-0.997765,RUNNING,-0.997765,Run1
2694,06/13/2026 23:27,22,-0.997765,RUNNING,22,-0.997765,RUNNING,22,-0.997765,RUNNING,-0.997765,Run1
2695,06/13/2026 23:28,22,-0.997765,RUNNING,22,-0.997765,RUNNING,22,-0.997765,RUNNING,-0.997765,Run1
2696,06/13/2026 23:29,22,-0.997765,RUNNING,22,-0.997765,RUNNING,22,-0.997765,RUNNING,-0.997765,Run1
2697,06/13/2026 23:30,22,-0.997765,RUNNING,22,-0.997765,RUNNING,22,-0.997765,RUNNING,-0.997765,Run1
2698,06/13/2026 23:31,22,-0.997765,RUNNING,22,-0.997765,RUNNING,22,-0.997765,RUNNING,-0.997765,Run1
2699,06/13/2026 23:32,22,-0.997765,RUNNING,22,-0.997765,RUNNING,22,-0.997765,RUNNING,-0.997765,Run1
2700,06/13/2026 23:33,22,-0.997765,RUNNING,22,-0.997765,RUNNING,22,-0.997765,RUNNING,-0.997765,Run1
2701,06/13/2026 23:34,22,-0.997765,RUNNING,22,-0.997765,RUNNING,22,-0.997765,RUNNING,-0.997765,Run1
2702,06/13/2026 23:35,22,-0.997765,RUNNING,22,-0.997765,RUNNING,22,-0.997765,RUNNING,-0.997765,Run1
2703,06/13/2026 23:36,22,-0.997765,RUNNING,22,-0.997765,RUNNING,22,-0.997765,RUNNING,-0.997765,Run1
2704,06/13/2026 23:37,22,-0.997765,RUNNING,22,-0.997765,RUNNING,22,-0.997765,RUNNING,-0.997765,Run1
2705,06/13/2026 23:38,22,-0.997765,RUNNING,22,-0.997765,RUNNING,22,-0.997765,RUNNING,-0.997765,Run1
2706,06/13/2026 23:39,22,-0.997765,RUNNING,22,-0.997765,RUNNING,22,-0.997765,RUNNING,-0.997765,Run1
2707,06/13/2026 23:40,22,-0.997765,RUNNING,22,-0.997765,RUNNING,22,-0.997765,RUNNING,-0.997765,Run1
2708,06/13/2026 23:41,22,-0.997765,RUNNING,22,-0.997765,RUNNING,22,-0.997765,RUNNING,-0.997765,Run1
2709,06/13/2026 23:42,22,-0.997765,RUNNING,22,-0.997765,RUNNING,22,-0.997765,RUNNING,-0.997765,Run1
2710,06/13/2026 23:43,22,-0.997765,RUNNING,22,-0.997765,RUNNING,22,-0.997765,RUNNING,-0.997765,Run1
2711,06/13/2026 23:45,22,-0.997765,RUNNING,22,-0.997765,RUNNING,22,-0.997765,RUNNING,-0.997765,Run1
2712,06/13/2026 23:46,22,-0.997765,RUNNING,22,-0.997765,RUNNING,22,-0.997765,RUNNING,-0.997765,Run1
2713,06/13/2026 23:47,22,-0.997765,RUNNING,22,-0.997765,RUNNING,22,-0.997765,RUNNING,-0.997765,Run1
2714,06/13/2026 23:48,22,-0.997765,RUNNING,22,-0.997765,RUNNING,22,-0.997765,RUNNING,-0.997765,Run1
2715,06/13/2026 23:49,22,-0.997765,RUNNING,22,-0.997765,RUNNING,22,-0.997765,RUNNING,-0.997765,Run1
2716,06/13/2026 23:50,22,-0.997765,RUNNING,22,-0.997765,RUNNING,22,-0.997765,RUNNING,-0.997765,Run1
2717,06/13/2026 23:51,22,-0.997765,RUNNING,22,-0.997765,RUNNING,22,-0.997765,RUNNING,-0.997765,Run1
2718,06/13/2026 23:52,22,-0.997765,RUNNING,22,-0.997765,RUNNING,22,-0.997765,RUNNING,-0.997765,Run1
2719,06/13/2026 23:53,22,-0.997765,RUNNING,22,-0.997765,RUNNING,22,-0.997765,RUNNING,-0.997765,Run1
2720,06/13/2026 23:54,22,-0.997765,RUNNING,22,-0.997765,RUNNING,22,-0.997765,RUNNING,-0.997765,Run1
2721,06/13/2026 23:55,22,-0.997765,RUNNING,22,-0.997765,RUNNING,22,-0.997765,RUNNING,-0.997765,Run1
2722,06/13/2026 23:56,22,-0.997765,RUNNING,22,-0.997765,RUNNING,22,-0.997765,RUNNING,-0.997765,Run1
2723,06/13/2026 23:57,22,-0.997765,RUNNING,22,-0.997765,RUNNING,22,-0.997765,RUNNING,-0.997765,Run1
2724,06/13/2026 23:58,22,-0.997765,RUNNING,22,-0.997765,RUNNING,22,-0.997765,RUNNING,-0.997765,Run1
2725,06/13/2026 23:59,22,-0.997765,RUNNING,22,-0.997765,RUNNING,22,-0.997765,RUNNING,-0.997765,Run1
2726,06/14/2026 00:00,22,-0.997765,RUNNING,22,-0.997765,RUNNING,22,-0.997765,RUNNING,-0.997765,Run1
2727,06/14/2026 00:01,22,-0.997765,RUNNING,22,-0.997765,RUNNING,22,-0.997765,RUNNING,-0.997765,Run1
2728,06/14/2026 00:02,22,-0.997765,RUNNING,22,-0.997765,RUNNING,22,-0.997765,RUNNING,-0.997765,Run1
2729,06/14/2026 00:03,22,-0.997765,RUNNING,22,-0.997765,RUNNING,22,-0.997765,RUNNING,-0.997765,Run1
2730,06/14/2026 00:04,22,-0.997765,RUNNING,22,-0.997765,RUNNING,22,-0.997765,RUNNING,-0.997765,Run1
2731,06/14/2026 00:05,22,-0.997765,RUNNING,22,-0.997765,RUNNING,22,-0.997765,RUNNING,-0.997765,Run1
2732,06/14/2026 00:06,22,-0.997765,RUNNING,22,-0.997765,RUNNING,22,-0.997765,RUNNING,-0.997765,Run1
2733,06/14/2026 00:07,22,-0.997765,RUNNING,22,-0.997765,RUNNING,22,-0.997765,RUNNING,-0.997765,Run1
2734,06/14/2026 00:08,22,-0.997765,RUNNING,22,-0.997765,RUNNING,22,-0.997765,RUNNING,-0.997765,Run1
2735,06/14/2026 00:09,22,-0.997765,RUNNING,22,-0.997765,RUNNING,22,-0.997765,RUNNING,-0.997765,Run1
2736,06/14/2026 00:10,22,-0.997765,RUNNING,22,-0.997765,RUNNING,22,-0.997765,RUNNING,-0.997765,Run1
2737,06/14/2026 00:11,22,-0.997765,RUNNING,22,-0.997765,RUNNING,22,-0.997765,RUNNING,-0.997765,Run1
2738,06/14/2026 00:12,22,-0.997765,RUNNING,22,-0.997765,RUNNING,22,-0.997765,RUNNING,-0.997765,Run1
2739,06/14/2026 00:13,22,-0.997765,RUNNING,22,-0.997765,RUNNING,22,-0.997765,RUNNING,-0.997765,Run1
2740,06/14/2026 00:14,22,-0.997765,RUNNING,22,-0.997765,RUNNING,22,-0.997765,RUNNING,-0.997765,Run1
2741,06/14/2026 00:15,22,-0.997765,RUNNING,22,-0.997765,RUNNING,22,-0.997765,RUNNING,-0.997765,Run1
2742,06/14/2026 00:16,22,-0.997765,RUNNING,22,-0.997765,RUNNING,22,-0.997765,RUNNING,-0.997765,Run1
2743,06/14/2026 00:17,22,-0.997765,RUNNING,22,-0.997765,RUNNING,22,-0.997765,RUNNING,-0.997765,Run1
2744,06/14/2026 00:18,22,-0.997765,RUNNING,22,-0.997765,RUNNING,22,-0.997765,RUNNING,-0.997765,Run1
2745,06/14/2026 00:19,22,-0.997765,RUNNING,22,-0.997765,RUNNING,22,-0.997765,RUNNING,-0.997765,Run1
2746,06/14/2026 00:20,22,-0.997765,RUNNING,22,-0.997765,RUNNING,22,-0.997765,RUNNING,-0.997765,Run1
2747,06/14/2026 00:21,22,-0.997765,RUNNING,22,-0.997765,RUNNING,22,-0.997765,RUNNING,-0.997765,Run1
2748,06/14/2026 00:22,22,-0.997765,RUNNING,22,-0.997765,RUNNING,22,-0.997765,RUNNING,-0.997765,Run1
2749,06/14/2026 00:23,22,-0.997765,RUNNING,22,-0.997765,RUNNING,22,-0.997765,RUNNING,-0.997765,Run1
2750,06/14/2026 00:24,22,-0.997765,RUNNING,22,-0.997765,RUNNING,22,-0.997765,RUNNING,-0.997765,Run1
2751,06/14/2026 00:25,22,-0.997765,RUNNING,22,-0.997765,RUNNING,22,-0.997765,RUNNING,-0.997765,Run1
2752,06/14/2026 00:26,22,-0.997765,RUNNING,22,-0.997765,RUNNING,22,-0.997765,RUNNING,-0.997765,Run1
2753,06/14/2026 00:27,22,-0.997765,RUNNING,22,-0.997765,RUNNING,22,-0.997765,RUNNING,-0.997765,Run1
2754,06/14/2026 00:28,22,-0.997765,RUNNING,22,-0.997765,RUNNING,22,-0.997765,RUNNING,-0.997765,Run1
2755,06/14/2026 00:29,22,-0.997765,RUNNING,22,-0.997765,RUNNING,22,-0.997765,RUNNING,-0.997765,Run1
2756,06/14/2026 00:30,22,-0.997765,RUNNING,22,-0.997765,RUNNING,22,-0.997765,RUNNING,-0.997765,Run1
2757,06/14/2026 00:31,22,-0.997765,RUNNING,22,-0.997765,RUNNING,22,-0.997765,RUNNING,-0.997765,Run1
2758,06/14/2026 00:32,22,-0.997765,RUNNING,22,-0.997765,RUNNING,22,-0.997765,RUNNING,-0.997765,Run1
2759,06/14/2026 00:33,22,-0.997765,RUNNING,22,-0.997765,RUNNING,22,-0.997765,RUNNING,-0.997765,Run1
2760,06/14/2026 00:34,22,-0.997765,RUNNING,22,-0.997765,RUNNING,22,-0.997765,RUNNING,-0.997765,Run1
2761,06/14/2026 00:35,22,-0.997765,RUNNING,22,-0.997765,RUNNING,22,-0.997765,RUNNING,-0.997765,Run1
2762,06/14/2026 00:36,22,-0.997765,RUNNING,22,-0.997765,RUNNING,22,-0.997765,RUNNING,-0.997765,Run1
2763,06/14/2026 00:37,22,-0.997765,RUNNING,22,-0.997765,RUNNING,22,-0.997765,RUNNING,-0.997765,Run1
2764,06/14/2026 00:38,22,-0.997765,RUNNING,22,-0.997765,RUNNING,22,-0.997765,RUNNING,-0.997765,Run1
2765,06/14/2026 00:39,22,-0.997765,RUNNING,22,-0.997765,RUNNING,22,-0.997765,RUNNING,-0.997765,Run1
2766,06/14/2026 00:40,22,-0.997765,RUNNING,22,-0.997765,RUNNING,22,-0.997765,RUNNING,-0.997765,Run1
2767,06/14/2026 00:41,22,-0.997765,RUNNING,22,-0.997765,RUNNING,22,-0.997765,RUNNING,-0.997765,Run1
2768,06/14/2026 00:42,22,-0.997765,RUNNING,22,-0.997765,RUNNING,22,-0.997765,RUNNING,-0.997765,Run1
2769,06/14/2026 00:43,22,-0.997765,RUNNING,22,-0.997765,RUNNING,22,-0.997765,RUNNING,-0.997765,Run1
2770,06/14/2026 00:44,22,-0.997765,RUNNING,22,-0.997765,RUNNING,22,-0.997765,RUNNING,-0.997765,Run1
2771,06/14/2026 00:45,22,-0.997765,RUNNING,22,-0.997765,RUNNING,22,-0.997765,RUNNING,-0.997765,Run1
2772,06/14/2026 00:46,22,-0.997765,RUNNING,22,-0.997765,RUNNING,22,-0.997765,RUNNING,-0.997765,Run1
2773,06/14/2026 00:47,22,-0.997765,RUNNING,22,-0.997765,RUNNING,22,-0.997765,RUNNING,-0.997765,Run1
2774,06/14/2026 00:48,22,-0.997765,RUNNING,22,-0.997765,RUNNING,22,-0.997765,RUNNING,-0.997765,Run1
2775,06/14/2026 00:49,22,-0.997765,RUNNING,22,-0.997765,RUNNING,22,-0.997765,RUNNING,-0.997765,Run1
2776,06/14/2026 00:50,22,-0.997765,RUNNING,22,-0.997765,RUNNING,22,-0.997765,RUNNING,-0.997765,Run1
2777,06/14/2026 00:51,22,-0.997765,RUNNING,22,-0.997765,RUNNING,22,-0.997765,RUNNING,-0.997765,Run1
2778,06/14/2026 00:52,22,-0.997765,RUNNING,22,-0.997765,RUNNING,22,-0.997765,RUNNING,-0.997765,Run1
2779,06/14/2026 00:53,22,-0.997765,RUNNING,22,-0.997765,RUNNING,22,-0.997765,RUNNING,-0.997765,Run1
2780,06/14/2026 00:54,22,-0.997765,RUNNING,22,-0.997765,RUNNING,22,-0.997765,RUNNING,-0.997765,Run1
2781,06/14/2026 00:55,22,-0.997765,RUNNING,22,-0.997765,RUNNING,22,-0.997765,RUNNING,-0.997765,Run1
2782,06/14/2026 00:56,22,-0.997765,RUNNING,22,-0.997765,RUNNING,22,-0.997765,RUNNING,-0.997765,Run1
2783,06/14/2026 00:57,22,-0.997765,RUNNING,22,-0.997765,RUNNING,22,-0.997765,RUNNING,-0.997765,Run1
2784,06/14/2026 00:58,22,-0.997765,RUNNING,22,-0.997765,RUNNING,22,-0.997765,RUNNING,-0.997765,Run1
2785,06/14/2026 00:59,22,-0.997765,RUNNING,22,-0.997765,RUNNING,22,-0.997765,RUNNING,-0.997765,Run1
2786,06/14/2026 01:00,22,-0.997765,RUNNING,22,-0.997765,RUNNING,22,-0.997765,RUNNING,-0.997765,Run1
2787,06/14/2026 01:01,22,-0.997765,RUNNING,22,-0.997765,RUNNING,22,-0.997765,RUNNING,-0.997765,Run1
2788,06/14/2026 01:02,22,-0.997765,RUNNING,22,-0.997765,RUNNING,22,-0.997765,RUNNING,-0.997765,Run1
2789,06/14/2026 01:03,22,-0.997765,RUNNING,22,-0.997765,RUNNING,22,-0.997765,RUNNING,-0.997765,Run1
2790,06/14/2026 01:04,22,-0.997765,RUNNING,22,-0.997765,RUNNING,22,-0.997765,RUNNING,-0.997765,Run1
2791,06/14/2026 01:05,22,-0.997765,RUNNING,22,-0.997765,RUNNING,22,-0.997765,RUNNING,-0.997765,Run1
2792,06/14/2026 01:06,22,-0.997765,RUNNING,22,-0.997765,RUNNING,22,-0.997765,RUNNING,-0.997765,Run1
2793,06/14/2026 01:07,22,-0.997765,RUNNING,22,-0.997765,RUNNING,22,-0.997765,RUNNING,-0.997765,Run1
2794,06/14/2026 01:08,22,-0.997765,RUNNING,22,-0.997765,RUNNING,22,-0.997765,RUNNING,-0.997765,Run1
2795,06/14/2026 01:09,22,-0.997765,RUNNING,22,-0.997765,RUNNING,22,-0.997765,RUNNING,-0.997765,Run1
2796,06/14/2026 01:10,22,-0.997765,RUNNING,22,-0.997765,RUNNING,22,-0.997765,RUNNING,-0.997765,Run1
2797,06/14/2026 01:11,22,-0.997765,RUNNING,22,-0.997765,RUNNING,22,-0.997765,RUNNING,-0.997765,Run1
2798,06/14/2026 01:12,22,-0.997765,RUNNING,22,-0.997765,RUNNING,22,-0.997765,RUNNING,-0.997765,Run1
2799,06/14/2026 01:13,22,-0.997765,RUNNING,22,-0.997765,RUNNING,22,-0.997765,RUNNING,-0.997765,Run1
2800,06/14/2026 01:14,22,-0.997765,RUNNING,22,-0.997765,RUNNING,22,-0.997765,RUNNING,-0.997765,Run1
2801,06/14/2026 01:15,22,-0.997765,RUNNING,22,-0.997765,RUNNING,22,-0.997765,RUNNING,-0.997765,Run1
2802,06/14/2026 01:16,22,-0.997765,RUNNING,22,-0.997765,RUNNING,22,-0.997765,RUNNING,-0.997765,Run1
2803,06/14/2026 01:17,22,-0.997765,RUNNING,22,-0.997765,RUNNING,22,-0.997765,RUNNING,-0.997765,Run1
2804,06/14/2026 01:18,22,-0.997765,RUNNING,22,-0.997765,RUNNING,22,-0.997765,RUNNING,-0.997765,Run1
2805,06/14/2026 01:19,22,-0.997765,RUNNING,22,-0.997765,RUNNING,22,-0.997765,RUNNING,-0.997765,Run1
2806,06/14/2026 01:20,22,-0.997765,RUNNING,22,-0.997765,RUNNING,22,-0.997765,RUNNING,-0.997765,Run1
2807,06/14/2026 01:22,22,-0.997765,RUNNING,22,-0.997765,RUNNING,22,-0.997765,RUNNING,-0.997765,Run1
2808,06/14/2026 01:23,22,-0.997765,RUNNING,22,-0.997765,RUNNING,22,-0.997765,RUNNING,-0.997765,Run1
2809,06/14/2026 01:24,22,-0.997765,RUNNING,22,-0.997765,RUNNING,22,-0.997765,RUNNING,-0.997765,Run1
2810,06/14/2026 01:25,22,-0.997765,RUNNING,22,-0.997765,RUNNING,22,-0.997765,RUNNING,-0.997765,Run1
2811,06/14/2026 01:26,22,-0.997765,RUNNING,22,-0.997765,RUNNING,22,-0.997765,RUNNING,-0.997765,Run1
2812,06/14/2026 01:27,22,-0.997765,RUNNING,22,-0.997765,RUNNING,22,-0.997765,RUNNING,-0.997765,Run1
2813,06/14/2026 01:28,22,-0.997765,RUNNING,22,-0.997765,RUNNING,22,-0.997765,RUNNING,-0.997765,Run1
2814,06/14/2026 01:29,22,-0.997765,RUNNING,22,-0.997765,RUNNING,22,-0.997765,RUNNING,-0.997765,Run1
2815,06/14/2026 01:30,22,-0.997765,RUNNING,22,-0.997765,RUNNING,22,-0.997765,RUNNING,-0.997765,Run1
2816,06/14/2026 01:31,22,-0.997765,RUNNING,22,-0.997765,RUNNING,22,-0.997765,RUNNING,-0.997765,Run1
2817,06/14/2026 01:32,22,-0.997765,RUNNING,22,-0.997765,RUNNING,22,-0.997765,RUNNING,-0.997765,Run1
2818,06/14/2026 01:33,22,-0.997765,RUNNING,22,-0.997765,RUNNING,22,-0.997765,RUNNING,-0.997765,Run1
2819,06/14/2026 01:34,22,-0.997765,RUNNING,22,-0.997765,RUNNING,22,-0.997765,RUNNING,-0.997765,Run1
2820,06/14/2026 01:35,22,-0.997765,RUNNING,22,-0.997765,RUNNING,22,-0.997765,RUNNING,-0.997765,Run1
2821,06/14/2026 01:36,22,-0.997765,RUNNING,22,-0.997765,RUNNING,22,-0.997765,RUNNING,-0.997765,Run1
2822,06/14/2026 01:37,22,-0.997765,RUNNING,22,-0.997765,RUNNING,22,-0.997765,RUNNING,-0.997765,Run1
2823,06/14/2026 01:38,22,-0.997765,RUNNING,22,-0.997765,RUNNING,22,-0.997765,RUNNING,-0.997765,Run1
2824,06/14/2026 01:39,22,-0.997765,RUNNING,22,-0.997765,RUNNING,22,-0.997765,RUNNING,-0.997765,Run1
2825,06/14/2026 01:40,22,-0.997765,RUNNING,22,-0.997765,RUNNING,22,-0.997765,RUNNING,-0.997765,Run1
2826,06/14/2026 01:41,22,-0.997765,RUNNING,22,-0.997765,RUNNING,22,-0.997765,RUNNING,-0.997765,Run1
2827,06/14/2026 01:42,22,-0.997765,RUNNING,22,-0.997765,RUNNING,22,-0.997765,RUNNING,-0.997765,Run1
2828,06/14/2026 01:43,22,-0.997765,RUNNING,22,-0.997765,RUNNING,22,-0.997765,RUNNING,-0.997765,Run1
2829,06/14/2026 01:44,22,-0.997765,RUNNING,22,-0.997765,RUNNING,22,-0.997765,RUNNING,-0.997765,Run1
2830,06/14/2026 01:45,22,-0.997765,RUNNING,22,-0.997765,RUNNING,22,-0.997765,RUNNING,-0.997765,Run1
2831,06/14/2026 01:46,22,-0.997765,RUNNING,22,-0.997765,RUNNING,22,-0.997765,RUNNING,-0.997765,Run1
2832,06/14/2026 01:47,22,-0.997765,RUNNING,22,-0.997765,RUNNING,22,-0.997765,RUNNING,-0.997765,Run1
2833,06/14/2026 01:48,22,-0.997765,RUNNING,22,-0.997765,RUNNING,22,-0.997765,RUNNING,-0.997765,Run1
2834,06/14/2026 01:49,22,-0.997765,RUNNING,22,-0.997765,RUNNING,22,-0.997765,RUNNING,-0.997765,Run1
2835,06/14/2026 01:50,22,-0.997765,RUNNING,22,-0.997765,RUNNING,22,-0.997765,RUNNING,-0.997765,Run1
2836,06/14/2026 01:51,22,-0.997765,RUNNING,22,-0.997765,RUNNING,22,-0.997765,RUNNING,-0.997765,Run1
2837,06/14/2026 01:52,22,-0.997765,RUNNING,22,-0.997765,RUNNING,22,-0.997765,RUNNING,-0.997765,Run1
2838,06/14/2026 01:53,22,-0.997765,RUNNING,22,-0.997765,RUNNING,22,-0.997765,RUNNING,-0.997765,Run1
2839,06/14/2026 01:54,22,-0.997765,RUNNING,22,-0.997765,RUNNING,22,-0.997765,RUNNING,-0.997765,Run1
2840,06/14/2026 01:55,22,-0.997765,RUNNING,22,-0.997765,RUNNING,22,-0.997765,RUNNING,-0.997765,Run1
2841,06/14/2026 01:56,22,-0.997765,RUNNING,22,-0.997765,RUNNING,22,-0.997765,RUNNING,-0.997765,Run1
2842,06/14/2026 01:57,22,-0.997765,RUNNING,22,-0.997765,RUNNING,22,-0.997765,RUNNING,-0.997765,Run1
2843,06/14/2026 01:58,22,-0.997765,RUNNING,22,-0.997765,RUNNING,22,-0.997765,RUNNING,-0.997765,Run1
2844,06/14/2026 01:59,22,-0.997765,RUNNING,22,-0.997765,RUNNING,22,-0.997765,RUNNING,-0.997765,Run1
2845,06/14/2026 02:00,22,-0.997765,RUNNING,22,-0.997765,RUNNING,22,-0.997765,RUNNING,-0.997765,Run1
2846,06/14/2026 02:01,22,-0.997765,RUNNING,22,-0.997765,RUNNING,22,-0.997765,RUNNING,-0.997765,Run1
2847,06/14/2026 02:02,22,-0.997765,RUNNING,22,-0.997765,RUNNING,22,-0.997765,RUNNING,-0.997765,Run1
2848,06/14/2026 02:03,22,-0.997765,RUNNING,22,-0.997765,RUNNING,22,-0.997765,RUNNING,-0.997765,Run1
2849,06/14/2026 02:04,22,-0.997765,RUNNING,22,-0.997765,RUNNING,22,-0.997765,RUNNING,-0.997765,Run1
2850,06/14/2026 02:05,22,-0.997765,RUNNING,22,-0.997765,RUNNING,22,-0.997765,RUNNING,-0.997765,Run1
2851,06/14/2026 02:06,22,-0.997765,RUNNING,22,-0.997765,RUNNING,22,-0.997765,RUNNING,-0.997765,Run1
2852,06/14/2026 02:07,22,-0.997765,RUNNING,22,-0.997765,RUNNING,22,-0.997765,RUNNING,-0.997765,Run1
2853,06/14/2026 02:08,22,-0.997765,RUNNING,22,-0.997765,RUNNING,22,-0.997765,RUNNING,-0.997765,Run1
2854,06/14/2026 02:09,22,-0.997765,RUNNING,22,-0.997765,RUNNING,22,-0.997765,RUNNING,-0.997765,Run1
2855,06/14/2026 02:10,22,-0.997765,RUNNING,22,-0.997765,RUNNING,22,-0.997765,RUNNING,-0.997765,Run1
2856,06/14/2026 02:11,22,-0.997765,RUNNING,22,-0.997765,RUNNING,22,-0.997765,RUNNING,-0.997765,Run1
2857,06/14/2026 02:12,22,-0.997765,RUNNING,22,-0.997765,RUNNING,22,-0.997765,RUNNING,-0.997765,Run1
2858,06/14/2026 02:13,22,-0.997765,RUNNING,22,-0.997765,RUNNING,22,-0.997765,RUNNING,-0.997765,Run1
2859,06/14/2026 02:14,22,-0.997765,RUNNING,22,-0.997765,RUNNING,22,-0.997765,RUNNING,-0.997765,Run1
2860,06/14/2026 02:15,22,-0.997765,RUNNING,22,-0.997765,RUNNING,22,-0.997765,RUNNING,-0.997765,Run1
2861,06/14/2026 02:16,22,-0.997765,RUNNING,22,-0.997765,RUNNING,22,-0.997765,RUNNING,-0.997765,Run1
2862,06/14/2026 02:17,22,-0.997765,RUNNING,22,-0.997765,RUNNING,22,-0.997765,RUNNING,-0.997765,Run1
2863,06/14/2026 02:18,22,-0.997765,RUNNING,22,-0.997765,RUNNING,22,-0.997765,RUNNING,-0.997765,Run1
2864,06/14/2026 02:19,22,-0.997765,RUNNING,22,-0.997765,RUNNING,22,-0.997765,RUNNING,-0.997765,Run1
2865,06/14/2026 02:20,22,-0.997765,RUNNING,22,-0.997765,RUNNING,22,-0.997765,RUNNING,-0.997765,Run1
2866,06/14/2026 02:21,22,-0.997765,RUNNING,22,-0.997765,RUNNING,22,-0.997765,RUNNING,-0.997765,Run1
2867,06/14/2026 02:22,22,-0.997765,RUNNING,22,-0.997765,RUNNING,22,-0.997765,RUNNING,-0.997765,Run1
2868,06/14/2026 02:23,22,-0.997765,RUNNING,22,-0.997765,RUNNING,22,-0.997765,RUNNING,-0.997765,Run1
2869,06/14/2026 02:24,22,-0.997765,RUNNING,22,-0.997765,RUNNING,22,-0.997765,RUNNING,-0.997765,Run1
2870,06/14/2026 02:25,22,-0.997765,RUNNING,22,-0.997765,RUNNING,22,-0.997765,RUNNING,-0.997765,Run1
2871,06/14/2026 02:26,22,-0.997765,RUNNING,22,-0.997765,RUNNING,22,-0.997765,RUNNING,-0.997765,Run1
2872,06/14/2026 02:27,22,-0.997765,RUNNING,22,-0.997765,RUNNING,22,-0.997765,RUNNING,-0.997765,Run1
2873,06/14/2026 02:28,22,-0.997765,RUNNING,22,-0.997765,RUNNING,22,-0.997765,RUNNING,-0.997765,Run1
2874,06/14/2026 02:29,22,-0.997765,RUNNING,22,-0.997765,RUNNING,22,-0.997765,RUNNING,-0.997765,Run1
2875,06/14/2026 02:30,22,-0.997765,RUNNING,22,-0.997765,RUNNING,22,-0.997765,RUNNING,-0.997765,Run1
2876,06/14/2026 02:31,22,-0.997765,RUNNING,22,-0.997765,RUNNING,22,-0.997765,RUNNING,-0.997765,Run1
2877,06/14/2026 02:32,22,-0.997765,RUNNING,22,-0.997765,RUNNING,22,-0.997765,RUNNING,-0.997765,Run1
2878,06/14/2026 02:33,22,-0.997765,RUNNING,22,-0.997765,RUNNING,22,-0.997765,RUNNING,-0.997765,Run1
2879,06/14/2026 02:34,22,-0.997765,RUNNING,22,-0.997765,RUNNING,22,-0.997765,RUNNING,-0.997765,Run1
2880,06/14/2026 02:35,22,-0.997765,RUNNING,22,-0.997765,RUNNING,22,-0.997765,RUNNING,-0.997765,Run1
2881,06/14/2026 02:36,22,-0.997765,RUNNING,22,-0.997765,RUNNING,22,-0.997765,RUNNING,-0.997765,Run1
2882,06/14/2026 02:37,22,-0.997765,RUNNING,22,-0.997765,RUNNING,22,-0.997765,RUNNING,-0.997765,Run1
2883,06/14/2026 02:38,22,-0.997765,RUNNING,22,-0.997765,RUNNING,22,-0.997765,RUNNING,-0.997765,Run1
2884,06/14/2026 02:39,22,-0.997765,RUNNING,22,-0.997765,RUNNING,22,-0.997765,RUNNING,-0.997765,Run1
2885,06/14/2026 02:40,22,-0.997765,RUNNING,22,-0.997765,RUNNING,22,-0.997765,RUNNING,-0.997765,Run1
2886,06/14/2026 02:41,22,-0.997765,RUNNING,22,-0.997765,RUNNING,22,-0.997765,RUNNING,-0.997765,Run1
2887,06/14/2026 02:42,22,-0.997765,RUNNING,22,-0.997765,RUNNING,22,-0.997765,RUNNING,-0.997765,Run1
2888,06/14/2026 02:43,22,-0.997765,RUNNING,22,-0.997765,RUNNING,22,-0.997765,RUNNING,-0.997765,Run1
2889,06/14/2026 02:44,22,-0.997765,RUNNING,22,-0.997765,RUNNING,22,-0.997765,RUNNING,-0.997765,Run1
2890,06/14/2026 02:45,22,-0.997765,RUNNING,22,-0.997765,RUNNING,22,-0.997765,RUNNING,-0.997765,Run1
2891,06/14/2026 02:46,22,-0.997765,RUNNING,22,-0.997765,RUNNING,22,-0.997765,RUNNING,-0.997765,Run1
2892,06/14/2026 02:47,22,-0.997765,RUNNING,22,-0.997765,RUNNING,22,-0.997765,RUNNING,-0.997765,Run1
2893,06/14/2026 02:48,22,-0.997765,RUNNING,22,-0.997765,RUNNING,22,-0.997765,RUNNING,-0.997765,Run1
2894,06/14/2026 02:49,22,-0.997765,RUNNING,22,-0.997765,RUNNING,22,-0.997765,RUNNING,-0.997765,Run1
2895,06/14/2026 02:50,22,-0.997765,RUNNING,22,-0.997765,RUNNING,22,-0.997765,RUNNING,-0.997765,Run1
2896,06/14/2026 02:51,22,-0.997765,RUNNING,22,-0.997765,RUNNING,22,-0.997765,RUNNING,-0.997765,Run1
2897,06/14/2026 02:52,22,-0.997765,RUNNING,22,-0.997765,RUNNING,22,-0.997765,RUNNING,-0.997765,Run1
2898,06/14/2026 02:53,22,-0.997765,RUNNING,22,-0.997765,RUNNING,22,-0.997765,RUNNING,-0.997765,Run1
2899,06/14/2026 02:54,22,-0.997765,RUNNING,22,-0.997765,RUNNING,22,-0.997765,RUNNING,-0.997765,Run1
2900,06/14/2026 02:55,22,-0.997765,RUNNING,22,-0.997765,RUNNING,22,-0.997765,RUNNING,-0.997765,Run1
2901,06/14/2026 02:56,22,-0.997765,RUNNING,22,-0.997765,RUNNING,22,-0.997765,RUNNING,-0.997765,Run1
2902,06/14/2026 02:57,22,-0.997765,RUNNING,22,-0.997765,RUNNING,22,-0.997765,RUNNING,-0.997765,Run1
2903,06/14/2026 02:58,22,-0.997765,RUNNING,22,-0.997765,RUNNING,22,-0.997765,RUNNING,-0.997765,Run1
2904,06/14/2026 02:59,22,-0.997765,RUNNING,22,-0.997765,RUNNING,22,-0.997765,RUNNING,-0.997765,Run1
2905,06/14/2026 03:00,22,-0.997765,RUNNING,22,-0.997765,RUNNING,22,-0.997765,RUNNING,-0.997765,Run1
2906,06/14/2026 03:01,22,-0.997765,RUNNING,22,-0.997765,RUNNING,22,-0.997765,RUNNING,-0.997765,Run1
2907,06/14/2026 03:02,22,-0.997765,RUNNING,22,-0.997765,RUNNING,22,-0.997765,RUNNING,-0.997765,Run1
2908,06/14/2026 03:11,22,-0.997765,RUNNING,22,-0.997765,RUNNING,22,-0.997765,RUNNING,-0.997765,Run1
2909,06/14/2026 03:19,22,-0.997765,RUNNING,22,-0.997765,RUNNING,22,-0.997765,RUNNING,-0.997765,Run1
2910,06/14/2026 03:26,22,-0.997765,RUNNING,22,-0.997765,RUNNING,22,-0.997765,RUNNING,-0.997765,Run1
2911,06/14/2026 03:34,22,-0.997765,RUNNING,22,-0.997765,RUNNING,22,-0.997765,RUNNING,-0.997765,Run1
2912,06/14/2026 03:41,22,-0.997765,RUNNING,22,-0.997765,RUNNING,22,-0.997765,RUNNING,-0.997765,Run1
2913,06/14/2026 03:49,22,-0.997765,RUNNING,22,-0.997765,RUNNING,22,-0.997765,RUNNING,-0.997765,Run1
2914,06/14/2026 04:02,22,-0.997765,RUNNING,22,-0.997765,RUNNING,22,-0.997765,RUNNING,-0.997765,Run1
2915,06/14/2026 04:05,22,-0.997765,RUNNING,22,-0.997765,RUNNING,22,-0.997765,RUNNING,-0.997765,Run1
2916,06/14/2026 04:10,22,-0.997765,RUNNING,22,-0.997765,RUNNING,22,-0.997765,RUNNING,-0.997765,Run1
2917,06/14/2026 04:18,22,-0.997765,RUNNING,22,-0.997765,RUNNING,22,-0.997765,RUNNING,-0.997765,Run1
2918,06/14/2026 04:25,22,-0.997765,RUNNING,22,-0.997765,RUNNING,22,-0.997765,RUNNING,-0.997765,Run1
2919,06/14/2026 04:33,22,-0.997765,RUNNING,22,-0.997765,RUNNING,22,-0.997765,RUNNING,-0.997765,Run1
2920,06/14/2026 04:40,22,-0.997765,RUNNING,22,-0.997765,RUNNING,22,-0.997765,RUNNING,-0.997765,Run1
2921,06/14/2026 04:54,22,-0.997765,RUNNING,22,-0.997765,RUNNING,22,-0.997765,RUNNING,-0.997765,Run1
2922,06/14/2026 04:59,22,-0.997765,RUNNING,22,-0.997765,RUNNING,22,-0.997765,RUNNING,-0.997765,Run1
2923,06/14/2026 05:00,22,-0.997765,RUNNING,22,-0.997765,RUNNING,22,-0.997765,RUNNING,-0.997765,Run1
2924,06/14/2026 05:01,22,-0.997765,RUNNING,22,-0.997765,RUNNING,22,-0.997765,RUNNING,-0.997765,Run1
2925,06/14/2026 05:02,22,-0.997765,RUNNING,22,-0.997765,RUNNING,22,-0.997765,RUNNING,-0.997765,Run1
2926,06/14/2026 05:03,22,-0.997765,RUNNING,22,-0.997765,RUNNING,22,-0.997765,RUNNING,-0.997765,Run1
2927,06/14/2026 05:04,22,-0.997765,RUNNING,22,-0.997765,RUNNING,22,-0.997765,RUNNING,-0.997765,Run1
2928,06/14/2026 05:05,22,-0.997765,RUNNING,22,-0.997765,RUNNING,22,-0.997765,RUNNING,-0.997765,Run1
2929,06/14/2026 05:06,22,-0.997765,RUNNING,22,-0.997765,RUNNING,22,-0.997765,RUNNING,-0.997765,Run1
2930,06/14/2026 05:07,22,-0.997765,RUNNING,22,-0.997765,RUNNING,22,-0.997765,RUNNING,-0.997765,Run1
2931,06/14/2026 05:08,22,-0.997765,RUNNING,22,-0.997765,RUNNING,22,-0.997765,RUNNING,-0.997765,Run1
2932,06/14/2026 05:09,22,-0.997765,RUNNING,22,-0.997765,RUNNING,22,-0.997765,RUNNING,-0.997765,Run1
2933,06/14/2026 05:10,22,-0.997765,RUNNING,22,-0.997765,RUNNING,22,-0.997765,RUNNING,-0.997765,Run1
2934,06/14/2026 05:11,22,-0.997765,RUNNING,22,-0.997765,RUNNING,22,-0.997765,RUNNING,-0.997765,Run1
2935,06/14/2026 05:12,22,-0.997765,RUNNING,22,-0.997765,RUNNING,22,-0.997765,RUNNING,-0.997765,Run1
2936,06/14/2026 05:13,22,-0.997765,RUNNING,22,-0.997765,RUNNING,22,-0.997765,RUNNING,-0.997765,Run1
2937,06/14/2026 05:14,22,-0.997765,RUNNING,22,-0.997765,RUNNING,22,-0.997765,RUNNING,-0.997765,Run1
2938,06/14/2026 05:15,22,-0.997765,RUNNING,22,-0.997765,RUNNING,22,-0.997765,RUNNING,-0.997765,Run1
2939,06/14/2026 05:16,22,-0.997765,RUNNING,22,-0.997765,RUNNING,22,-0.997765,RUNNING,-0.997765,Run1
2940,06/14/2026 05:17,22,-0.997765,RUNNING,22,-0.997765,RUNNING,22,-0.997765,RUNNING,-0.997765,Run1
2941,06/14/2026 05:18,22,-0.997765,RUNNING,22,-0.997765,RUNNING,22,-0.997765,RUNNING,-0.997765,Run1
2942,06/14/2026 05:20,22,-0.997765,RUNNING,22,-0.997765,RUNNING,22,-0.997765,RUNNING,-0.997765,Run1
2943,06/14/2026 05:21,22,-0.997765,RUNNING,22,-0.997765,RUNNING,22,-0.997765,RUNNING,-0.997765,Run1
2944,06/14/2026 05:22,22,-0.997765,RUNNING,22,-0.997765,RUNNING,22,-0.997765,RUNNING,-0.997765,Run1
2945,06/14/2026 05:23,22,-0.997765,RUNNING,22,-0.997765,RUNNING,22,-0.997765,RUNNING,-0.997765,Run1
2946,06/14/2026 05:24,22,-0.997765,RUNNING,22,-0.997765,RUNNING,22,-0.997765,RUNNING,-0.997765,Run1
2947,06/14/2026 05:25,22,-0.997765,RUNNING,22,-0.997765,RUNNING,22,-0.997765,RUNNING,-0.997765,Run1
2948,06/14/2026 05:26,22,-0.997765,RUNNING,22,-0.997765,RUNNING,22,-0.997765,RUNNING,-0.997765,Run1
2949,06/14/2026 05:27,22,-0.997765,RUNNING,22,-0.997765,RUNNING,22,-0.997765,RUNNING,-0.997765,Run1
2950,06/14/2026 05:28,22,-0.997765,RUNNING,22,-0.997765,RUNNING,22,-0.997765,RUNNING,-0.997765,Run1
2951,06/14/2026 05:29,22,-0.997765,RUNNING,22,-0.997765,RUNNING,22,-0.997765,RUNNING,-0.997765,Run1
2952,06/14/2026 05:30,22,-0.997765,RUNNING,22,-0.997765,RUNNING,22,-0.997765,RUNNING,-0.997765,Run1
2953,06/14/2026 05:31,22,-0.997765,RUNNING,22,-0.997765,RUNNING,22,-0.997765,RUNNING,-0.997765,Run1
2954,06/14/2026 05:38,22,-0.997765,RUNNING,22,-0.997765,RUNNING,22,-0.997765,RUNNING,-0.997765,Run1
2955,06/14/2026 05:52,22,-0.997765,RUNNING,22,-0.997765,RUNNING,22,-0.997765,RUNNING,-0.997765,Run1
2956,06/14/2026 06:00,22,-0.997765,RUNNING,22,-0.997765,RUNNING,22,-0.997765,RUNNING,-0.997765,Run1
2957,06/14/2026 06:02,22,-0.997765,RUNNING,22,-0.997765,RUNNING,22,-0.997765,RUNNING,-0.997765,Run1
2958,06/14/2026 06:08,22,-0.997765,RUNNING,22,-0.997765,RUNNING,22,-0.997765,RUNNING,-0.997765,Run1
2959,06/14/2026 06:15,22,-0.997765,RUNNING,22,-0.997765,RUNNING,22,-0.997765,RUNNING,-0.997765,Run1
2960,06/14/2026 06:22,22,-0.997765,RUNNING,22,-0.997765,RUNNING,22,-0.997765,RUNNING,-0.997765,Run1
2961,06/14/2026 06:30,22,-0.997765,RUNNING,22,-0.997765,RUNNING,22,-0.997765,RUNNING,-0.997765,Run1
2962,06/14/2026 06:44,22,-0.997765,RUNNING,22,-0.997765,RUNNING,22,-0.997765,RUNNING,-0.997765,Run1
2963,06/14/2026 06:52,22,-0.997765,RUNNING,22,-0.997765,RUNNING,22,-0.997765,RUNNING,-0.997765,Run1
2964,06/14/2026 06:54,22,-0.997765,RUNNING,22,-0.997765,RUNNING,22,-0.997765,RUNNING,-0.997765,Run1
2965,06/14/2026 06:59,22,-0.997765,RUNNING,22,-0.997765,RUNNING,22,-0.997765,RUNNING,-0.997765,Run1
2966,06/14/2026 07:00,22,-0.997765,RUNNING,22,-0.997765,RUNNING,22,-0.997765,RUNNING,-0.997765,Run1
2967,06/14/2026 07:06,22,-0.997765,RUNNING,22,-0.997765,RUNNING,22,-0.997765,RUNNING,-0.997765,Run1
2968,06/14/2026 07:09,22,-0.997765,RUNNING,22,-0.997765,RUNNING,22,-0.997765,RUNNING,-0.997765,Run1
2969,06/14/2026 07:20,22,-0.997765,RUNNING,22,-0.997765,RUNNING,22,-0.997765,RUNNING,-0.997765,Run1
2970,06/14/2026 07:28,22,-0.997765,RUNNING,22,-0.997765,RUNNING,22,-0.997765,RUNNING,-0.997765,Run1
2971,06/14/2026 07:35,22,-0.997765,RUNNING,22,-0.997765,RUNNING,22,-0.997765,RUNNING,-0.997765,Run1
2972,06/14/2026 07:43,22,-0.997765,RUNNING,22,-0.997765,RUNNING,22,-0.997765,RUNNING,-0.997765,Run1
2973,06/14/2026 07:50,22,-0.997765,RUNNING,22,-0.997765,RUNNING,22,-0.997765,RUNNING,-0.997765,Run1
2974,06/14/2026 07:59,22,-0.997765,RUNNING,22,-0.997765,RUNNING,22,-0.997765,RUNNING,-0.997765,Run1
2975,06/14/2026 08:00,22,-0.997765,RUNNING,22,-0.997765,RUNNING,22,-0.997765,RUNNING,-0.997765,Run1
2976,06/14/2026 08:01,22,-0.997765,RUNNING,22,-0.997765,RUNNING,22,-0.997765,RUNNING,-0.997765,Run1
2977,06/14/2026 08:02,22,-0.997765,RUNNING,22,-0.997765,RUNNING,22,-0.997765,RUNNING,-0.997765,Run1
2978,06/14/2026 08:03,22,-0.997765,RUNNING,22,-0.997765,RUNNING,22,-0.997765,RUNNING,-0.997765,Run1
2979,06/14/2026 08:04,22,-0.997765,RUNNING,22,-0.997765,RUNNING,22,-0.997765,RUNNING,-0.997765,Run1
2980,06/14/2026 08:05,22,-0.997765,RUNNING,22,-0.997765,RUNNING,22,-0.997765,RUNNING,-0.997765,Run1
2981,06/14/2026 08:06,22,-0.997765,RUNNING,22,-0.997765,RUNNING,22,-0.997765,RUNNING,-0.997765,Run1
2982,06/14/2026 08:07,22,-0.997765,RUNNING,22,-0.997765,RUNNING,22,-0.997765,RUNNING,-0.997765,Run1
2983,06/14/2026 08:08,22,-0.997765,RUNNING,22,-0.997765,RUNNING,22,-0.997765,RUNNING,-0.997765,Run1
2984,06/14/2026 08:09,22,-0.997765,RUNNING,22,-0.997765,RUNNING,22,-0.997765,RUNNING,-0.997765,Run1
2985,06/14/2026 08:10,22,-0.997765,RUNNING,22,-0.997765,RUNNING,22,-0.997765,RUNNING,-0.997765,Run1
2986,06/14/2026 08:11,22,-0.997765,RUNNING,22,-0.997765,RUNNING,22,-0.997765,RUNNING,-0.997765,Run1
2987,06/14/2026 08:12,22,-0.997765,RUNNING,22,-0.997765,RUNNING,22,-0.997765,RUNNING,-0.997765,Run1
2988,06/14/2026 08:13,22,-0.997765,RUNNING,22,-0.997765,RUNNING,22,-0.997765,RUNNING,-0.997765,Run1
2989,06/14/2026 08:14,22,-0.997765,RUNNING,22,-0.997765,RUNNING,22,-0.997765,RUNNING,-0.997765,Run1
2990,06/14/2026 08:15,22,-0.997765,RUNNING,22,-0.997765,RUNNING,22,-0.997765,RUNNING,-0.997765,Run1
2991,06/14/2026 08:16,22,-0.997765,RUNNING,22,-0.997765,RUNNING,22,-0.997765,RUNNING,-0.997765,Run1
2992,06/14/2026 08:17,22,-0.997765,RUNNING,22,-0.997765,RUNNING,22,-0.997765,RUNNING,-0.997765,Run1
2993,06/14/2026 08:18,22,-0.997765,RUNNING,22,-0.997765,RUNNING,22,-0.997765,RUNNING,-0.997765,Run1
2994,06/14/2026 08:19,22,-0.997765,RUNNING,22,-0.997765,RUNNING,22,-0.997765,RUNNING,-0.997765,Run1
2995,06/14/2026 08:20,22,-0.997765,RUNNING,22,-0.997765,RUNNING,22,-0.997765,RUNNING,-0.997765,Run1
2996,06/14/2026 08:21,22,-0.997765,RUNNING,22,-0.997765,RUNNING,22,-0.997765,RUNNING,-0.997765,Run1
2997,06/14/2026 08:22,22,-0.997765,RUNNING,22,-0.997765,RUNNING,22,-0.997765,RUNNING,-0.997765,Run1
2998,06/14/2026 08:23,22,-0.997765,RUNNING,22,-0.997765,RUNNING,22,-0.997765,RUNNING,-0.997765,Run1
2999,06/14/2026 08:24,22,-0.997765,RUNNING,22,-0.997765,RUNNING,22,-0.997765,RUNNING,-0.997765,Run1
3000,06/14/2026 08:25,22,-0.997765,RUNNING,22,-0.997765,RUNNING,22,-0.997765,RUNNING,-0.997765,Run1
3001,06/14/2026 08:26,22,-0.997765,RUNNING,22,-0.997765,RUNNING,22,-0.997765,RUNNING,-0.997765,Run1
3002,06/14/2026 08:27,22,-0.997765,RUNNING,22,-0.997765,RUNNING,22,-0.997765,RUNNING,-0.997765,Run1
3003,06/14/2026 08:28,22,-0.997765,RUNNING,22,-0.997765,RUNNING,22,-0.997765,RUNNING,-0.997765,Run1
3004,06/14/2026 08:29,22,-0.997765,RUNNING,22,-0.997765,RUNNING,22,-0.997765,RUNNING,-0.997765,Run1
3005,06/14/2026 08:30,22,-0.997765,RUNNING,22,-0.997765,RUNNING,22,-0.997765,RUNNING,-0.997765,Run1
3006,06/14/2026 08:31,22,-0.997765,RUNNING,22,-0.997765,RUNNING,22,-0.997765,RUNNING,-0.997765,Run1
3007,06/14/2026 08:32,22,-0.997765,RUNNING,22,-0.997765,RUNNING,22,-0.997765,RUNNING,-0.997765,Run1
3008,06/14/2026 08:33,22,-0.997765,RUNNING,22,-0.997765,RUNNING,22,-0.997765,RUNNING,-0.997765,Run1
3009,06/14/2026 08:34,22,-0.997765,RUNNING,22,-0.997765,RUNNING,22,-0.997765,RUNNING,-0.997765,Run1
3010,06/14/2026 08:35,22,-0.997765,RUNNING,22,-0.997765,RUNNING,22,-0.997765,RUNNING,-0.997765,Run1
3011,06/14/2026 08:36,22,-0.997765,RUNNING,22,-0.997765,RUNNING,22,-0.997765,RUNNING,-0.997765,Run1
3012,06/14/2026 08:37,22,-0.997765,RUNNING,22,-0.997765,RUNNING,22,-0.997765,RUNNING,-0.997765,Run1
3013,06/14/2026 08:38,22,-0.997765,RUNNING,22,-0.997765,RUNNING,22,-0.997765,RUNNING,-0.997765,Run1
3014,06/14/2026 08:39,22,-0.997765,RUNNING,22,-0.997765,RUNNING,22,-0.997765,RUNNING,-0.997765,Run1
3015,06/14/2026 08:40,22,-0.997765,RUNNING,22,-0.997765,RUNNING,22,-0.997765,RUNNING,-0.997765,Run1
3016,06/14/2026 08:41,22,-0.997765,RUNNING,22,-0.997765,RUNNING,22,-0.997765,RUNNING,-0.997765,Run1
3017,06/14/2026 08:42,22,-0.997765,RUNNING,22,-0.997765,RUNNING,22,-0.997765,RUNNING,-0.997765,Run1
3018,06/14/2026 08:43,22,-0.997765,RUNNING,22,-0.997765,RUNNING,22,-0.997765,RUNNING,-0.997765,Run1
3019,06/14/2026 08:44,22,-0.997765,RUNNING,22,-0.997765,RUNNING,22,-0.997765,RUNNING,-0.997765,Run1
3020,06/14/2026 08:45,22,-0.997765,RUNNING,22,-0.997765,RUNNING,22,-0.997765,RUNNING,-0.997765,Run1
3021,06/14/2026 08:46,22,-0.997765,RUNNING,22,-0.997765,RUNNING,22,-0.997765,RUNNING,-0.997765,Run1
3022,06/14/2026 08:47,22,-0.997765,RUNNING,22,-0.997765,RUNNING,22,-0.997765,RUNNING,-0.997765,Run1
3023,06/14/2026 08:48,22,-0.997765,RUNNING,22,-0.997765,RUNNING,22,-0.997765,RUNNING,-0.997765,Run1
3024,06/14/2026 08:49,22,-0.997765,RUNNING,22,-0.997765,RUNNING,22,-0.997765,RUNNING,-0.997765,Run1
3025,06/14/2026 08:50,22,-0.997765,RUNNING,22,-0.997765,RUNNING,22,-0.997765,RUNNING,-0.997765,Run1
3026,06/14/2026 08:51,22,-0.997765,RUNNING,22,-0.997765,RUNNING,22,-0.997765,RUNNING,-0.997765,Run1
3027,06/14/2026 08:52,22,-0.997765,RUNNING,22,-0.997765,RUNNING,22,-0.997765,RUNNING,-0.997765,Run1
3028,06/14/2026 08:53,22,-0.997765,RUNNING,22,-0.997765,RUNNING,22,-0.997765,RUNNING,-0.997765,Run1
3029,06/14/2026 08:54,22,-0.997765,RUNNING,22,-0.997765,RUNNING,22,-0.997765,RUNNING,-0.997765,Run1
3030,06/14/2026 08:55,22,-0.997765,RUNNING,22,-0.997765,RUNNING,22,-0.997765,RUNNING,-0.997765,Run1
3031,06/14/2026 08:56,22,-0.997765,RUNNING,22,-0.997765,RUNNING,22,-0.997765,RUNNING,-0.997765,Run1
3032,06/14/2026 08:57,22,-0.997765,RUNNING,22,-0.997765,RUNNING,22,-0.997765,RUNNING,-0.997765,Run1
3033,06/14/2026 08:58,22,-0.997765,RUNNING,22,-0.997765,RUNNING,22,-0.997765,RUNNING,-0.997765,Run1
3034,06/14/2026 08:59,22,-0.997765,RUNNING,22,-0.997765,RUNNING,22,-0.997765,RUNNING,-0.997765,Run1
3035,06/14/2026 09:00,22,-0.997765,RUNNING,22,-0.997765,RUNNING,22,-0.997765,RUNNING,-0.997765,Run1
3036,06/14/2026 09:01,22,-0.997765,RUNNING,22,-0.997765,RUNNING,22,-0.997765,RUNNING,-0.997765,Run1
3037,06/14/2026 09:02,22,-0.997765,RUNNING,22,-0.997765,RUNNING,22,-0.997765,RUNNING,-0.997765,Run1
3038,06/14/2026 09:03,22,-0.997765,RUNNING,22,-0.997765,RUNNING,22,-0.997765,RUNNING,-0.997765,Run1
3039,06/14/2026 09:04,22,-0.997765,RUNNING,22,-0.997765,RUNNING,22,-0.997765,RUNNING,-0.997765,Run1
3040,06/14/2026 09:11,22,-0.997765,RUNNING,22,-0.997765,RUNNING,22,-0.997765,RUNNING,-0.997765,Run1
3041,06/14/2026 09:18,22,-0.997765,RUNNING,22,-0.997765,RUNNING,22,-0.997765,RUNNING,-0.997765,Run1
3042,06/14/2026 09:21,22,-0.997765,RUNNING,22,-0.997765,RUNNING,22,-0.997765,RUNNING,-0.997765,Run1
3043,06/14/2026 09:24,22,-0.997765,RUNNING,22,-0.997765,RUNNING,22,-0.997765,RUNNING,-0.997765,Run1
3044,06/14/2026 09:52,22,-0.997765,RUNNING,22,-0.997765,RUNNING,22,-0.997765,RUNNING,-0.997765,Run1
3045,06/14/2026 13:00,22,-0.997765,RUNNING,22,-0.997765,RUNNING,22,-0.997765,RUNNING,-0.997765,Run1
3046,06/14/2026 13:04,22,-0.997765,RUNNING,22,-0.997765,RUNNING,22,-0.997765,RUNNING,-0.997765,Run1
3047,06/14/2026 16:11,22,-0.997765,RUNNING,22,-0.997765,RUNNING,22,-0.997765,RUNNING,-0.997765,Run1
3048,06/14/2026 17:17,22,-0.997765,RUNNING,22,-0.997765,RUNNING,22,-0.997765,RUNNING,-0.997765,Run1
3049,06/14/2026 17:21,22,-0.997765,RUNNING,22,-0.997765,RUNNING,22,-0.997765,RUNNING,-0.997765,Run1
3050,06/14/2026 19:16,22,-0.997765,RUNNING,22,-0.997765,RUNNING,22,-0.997765,RUNNING,-0.997765,Run1
3051,06/14/2026 19:51,22,-0.997765,RUNNING,22,-0.997765,RUNNING,22,-0.997765,RUNNING,-0.997765,Run1
3052,06/14/2026 22:17,22,-0.997765,RUNNING,22,-0.997765,RUNNING,22,-0.997765,RUNNING,-0.997765,Run1
3053,06/14/2026 23:12,22,-0.997765,RUNNING,22,-0.997765,RUNNING,22,-0.997765,RUNNING,-0.997765,Run1
3054,06/14/2026 23:13,22,-0.997765,RUNNING,22,-0.997765,RUNNING,22,-0.997765,RUNNING,-0.997765,Run1
3055,06/14/2026 23:14,22,-0.997765,RUNNING,22,-0.997765,RUNNING,22,-0.997765,RUNNING,-0.997765,Run1
3056,06/14/2026 23:15,22,-0.997765,RUNNING,22,-0.997765,RUNNING,22,-0.997765,RUNNING,-0.997765,Run1
3057,06/14/2026 23:16,22,-0.997765,RUNNING,22,-0.997765,RUNNING,22,-0.997765,RUNNING,-0.997765,Run1
3058,06/14/2026 23:17,22,-0.997765,RUNNING,22,-0.997765,RUNNING,22,-0.997765,RUNNING,-0.997765,Run1
3059,06/14/2026 23:18,22,-0.997765,RUNNING,22,-0.997765,RUNNING,22,-0.997765,RUNNING,-0.997765,Run1
3060,06/14/2026 23:19,22,-0.997765,RUNNING,22,-0.997765,RUNNING,22,-0.997765,RUNNING,-0.997765,Run1
3061,06/14/2026 23:20,22,-0.997765,RUNNING,22,-0.997765,RUNNING,22,-0.997765,RUNNING,-0.997765,Run1
