D_ref,E_D,K_s_ref,H_s,D_ox_ref,E_D_ox,K_ox_ref,H_sol_ox,metal_thickness,oxide_thickness,P_upstream,f_pinhole,f_crack,f_gb_defect,crack_thickness_factor,gb_diffusivity_factor,grain_size,gb_thickness,lattice_density,trap_dislocation_E_b,trap_dislocation_N_T,trap_gb_E_b,trap_gb_N_T,trap_vacancy_E_b,trap_vacancy_N_T,trap_carbide_E_b,trap_carbide_N_T,temperature,k_diss_ref,E_diss,K_eq_ref,H_eq,k_diss_metal_ref,E_diss_metal,K_eq_metal_ref,H_eq_metal,flux,permeability,theta,frac_surface,frac_oxide,frac_metal,PRF,D_eff,P_interface,flux_intact,flux_defect,regime,system_rate_limiting,dominant_path
1.16258730621506e-07,68432.009457265,0.008585950413411161,25914.083726141653,5.943066587881692e-17,70633.42147035738,0.13054807442683558,22719.137045419335,0.003627965562276673,2.63887612970764e-06,8729553.672807325,0.059419315326988,0.05404859891496888,0.05007956665624379,0.2742005348443265,64.46088173260254,0.00012300267034723243,3.9878258073853964e-10,1.133804867153667e+29,20259.946901299645,277318249408484.25,26966.762313921998,732599181753475.2,43666.73548692727,2.92401399891564e+27,21912.990178594147,9.503997370585414e+26,846.2271863342228,4.441287462572522e-06,59992.93130245636,2.1900235528384398e-07,41528.70673948911,0.00012293836070599064,94059.5440554365,0.0009270789475706042,19288.788930038667,2.9786657912490256e-07,2.3601647291427936e-16,0.2518995116373405,1.957644700515756e-09,0.5011230009889932,0.4988769970533623,,4.156600094656487e-10,424376.53967155237,1.723352472275857e-07,1.2553133189731687e-07,oxide,mixed,mixed
7.628059707809064e-08,76720.96146225068,0.09085134403931744,42799.92148962183,2.817982672924471e-18,70714.41653095867,0.23251086595401832,128792.08770255402,0.0032256817218721534,2.818283078932242e-06,2576873.899126931,0.06747824424303296,0.0666377933772636,0.020746279615898276,0.371584598563801,69.86015060735548,0.00046028370121487005,3.6554546199707336e-10,1.1815369234258682e+29,16774.13665523583,597212604727133.5,29441.834397814186,3.8289765142038696e+16,35386.99782883921,7.097884191522878e+27,36823.54733541772,8.283712810898261e+26,719.1744035075337,2.4927797495645307e-06,47224.32191395691,1.7219039006439324e-07,35362.73905954207,0.00012170714698520032,85401.18028286488,0.00045138158255650753,7771.514756421368,6.268467214146857e-09,6.464915420326291e-18,0.11374182794670513,9.088326060236809e-10,0.4802207459777481,0.5197792531134192,,1.4491642785895039e-11,24182.991117663874,2.810872766402373e-09,3.4575944477444836e-09,metal,mixed,mixed
2.2401299377073398e-07,66303.39773349614,0.0741219590931322,10529.06459141848,3.458444586039171e-17,69742.76288216421,0.1098201345218609,93104.18745418605,0.003475996810399431,8.533948256128876e-06,8495341.366191378,0.031893745317389664,0.07168508101272685,0.08471644597969828,0.280182254420636,21.02606721183682,0.0002584739423457631,3.9819372789236594e-10,1.0171161969424992e+29,21669.13304714959,210722956708957.25,28841.005675553384,1.358877926691651e+16,49036.58175646673,1.318055462414509e+27,30469.029176920012,1.4415268217147762e+27,662.0884130996942,5.358342811298603e-06,49581.44723163477,8.922791058727486e-07,33111.97381276925,4.8624235171254324e-05,71034.74783640224,0.00028671213475020286,38515.10156744006,9.524119358699036e-09,2.3509790163423197e-18,0.3169243791490217,2.586238832270532e-09,0.21934658757879,0.7806534098349711,,8.90183640766216e-12,102.71888321383992,6.494985429983367e-10,8.874620815700699e-09,metal,metal,pinhole
6.035342620620093e-08,78151.9689828736,0.0018855705045482671,49011.927524116225,3.793077013387972e-17,70540.13657196745,0.35987253401195063,135683.33006196143,0.004631948225934461,9.253245800397437e-06,6628401.131642037,0.02738836342733946,0.09763428065220867,0.012277204581750046,0.19150416834077114,36.893491696304615,4.4662833304657225e-05,5.293490992068956e-10,8.708352568973564e+28,22261.925976832616,409776915938764.2,26859.84962786783,1.589786010294585e+16,43724.61446593996,8.940699182575496e+27,37712.996240624954,7.879857492241087e+26,950.3600537617834,7.672730298148849e-06,53632.60697898404,9.540212085104195e-07,14812.014577490982,5.636079678844635e-05,96488.7339877465,0.0003341239471529075,12016.570222675793,6.23878217183335e-08,9.553410116130313e-14,0.6303418596306393,6.13392841489782e-11,0.00030859569650128904,0.9996914042421595,,2.3735744885227243e-10,6623761.085826945,5.3819754954899016e-08,8.56806676343449e-09,metal,metal,intact
3.01787857360024e-07,71975.99737209057,0.09063343473776769,32107.506485746864,4.056453984701559e-17,69967.56734718604,0.34755718523615914,63049.68727016185,0.00080799819687141,7.257144236528538e-06,6097670.116940222,0.04212538591246195,0.05281514673300558,0.057555876435725045,0.06212668572409752,3.0668428535404977,0.00017112077816676288,5.002374812556249e-10,1.1852391598549398e+29,20596.88037133553,499805861407560.94,27406.317416885715,2.134564163093718e+16,43159.66936920432,4.680691440918847e+27,30146.92257080143,5.268544914954072e+25,826.172748238906,1.7610237116702899e-06,57949.6558556917,9.100069134911006e-07,39528.27816020374,3.1867408485768063e-05,81887.35689874695,0.0005241138093103348,21466.492816581635,1.829405640786164e-06,1.1568457872295166e-15,0.36450190100887553,4.3677713875163704e-07,0.333152872523708,0.6668466906991533,,4.54097486292306e-10,1205.9466581684194,3.2895517645746516e-07,1.500450464328699e-06,metal,mixed,mixed
2.257202093576072e-07,79395.3981659836,0.07370795218487174,14307.20049063134,5.214626293182969e-17,70195.84953737287,0.2628932252349664,91757.27586448418,0.0046968217223782895,4.766751241689498e-06,5382866.368528528,0.07422875910365453,0.014482407219879163,0.01380271982233422,0.02303425326161249,52.70337783110637,0.00031316339321583797,9.241928203019003e-10,1.1118182616830457e+29,18924.14830671889,9295938463706.65,25229.210166471883,3.3119973492214684e+16,45881.18605635105,5.764194454655677e+27,39861.654501804085,2.9006638281689316e+26,605.0782473411767,9.150274441378113e-06,60375.254995717,5.936462674405781e-07,15536.372510777806,6.286034325256739e-06,83508.40795900523,9.65731936511356e-07,15437.940468071602,3.3506982586682103e-10,5.319360528679533e-19,0.40429213592666075,2.596570718832577e-11,0.5042379876747485,0.49576201229928585,,1.6127393808810772e-13,131875.51992536805,1.960320264414543e-10,1.3903779942536672e-10,oxide,mixed,mixed
5.126591607116568e-08,77887.83098395231,0.08964512789826598,23241.811909418208,3.180350976699552e-17,70028.82156348582,0.24872874877374052,49516.777382009255,0.0012581235612975404,1.8682609531471422e-06,2208218.01459262,0.02696250629704785,0.038817440932786856,0.0934911244516347,0.370653341922045,47.8981516910007,0.00045259068619987194,8.992744567183659e-10,1.0320888143625481e+29,16042.87945342676,589292989513046.1,25076.064820807544,2488538868096072.5,45413.67189359624,8.673137136624736e+27,27218.162641131214,9.700679831656219e+26,1061.1639155753967,3.9348335844383796e-07,58133.46794336301,8.202255820449899e-07,19447.005048422798,0.00012825088319925828,70863.72169494517,0.00032888680150327247,36472.62085518896,2.0421389520474987e-05,1.9596371811838104e-14,0.47881598625567423,8.478090767263132e-07,0.5042577849948706,0.4957413671960527,,1.0179594568829712e-09,63871.17015172054,1.087545893351719e-05,9.545930586957798e-06,oxide,mixed,mixed
2.594114011113002e-07,65074.34807110811,0.09118805505689027,41110.9416172984,4.3253077370109085e-17,70398.05050912338,0.2502813035728982,135039.98550368595,0.0019296683855088907,3.1192235383284364e-06,3306746.7399202986,0.01739765836601568,0.004258162317201041,0.013125469781418648,0.06440698962507077,9.500743467727558,0.0002908646509534497,8.092363915480105e-10,9.928815277974867e+28,18344.532997386465,677765804873006.0,29672.739488008498,1.4719044212120786e+16,37951.07443265717,9.92813019620064e+27,23595.327025611146,1.1841896683767775e+27,601.284835572506,4.253566281983841e-06,61873.54275274591,1.8990412176143838e-07,28718.57712867587,2.8814533173853086e-05,90199.90212401348,0.0002329756040314682,7887.667845940659,1.2417229929364318e-10,1.3570466717837248e-19,0.11497849671132056,1.767717187768163e-09,0.6369778562589722,0.3630221419733108,,1.730721892407691e-12,3738.0441862380185,7.37982392629969e-11,5.0374060030646286e-11,oxide,mixed,mixed
3.7718248536089614e-08,63350.03739062049,0.09828674838652729,17170.00772948433,5.643726555643683e-17,69118.85497937584,0.17052844798119338,24525.05509191381,0.0028409847836762788,7.168269310486407e-06,9190190.501953177,0.06040562145651045,0.009798757612920437,0.07549068028098474,0.2955308198630283,14.51884533229481,0.00045085283127188104,3.881276022609283e-10,1.1975115942007886e+29,21410.31522185307,460458631893417.5,29166.51600735692,4.283305464319184e+16,49111.756363823166,4.7553681971452763e+27,23357.473560691215,1.2741967445523672e+27,795.7278641341999,1.7710085348285e-06,54828.075593205154,2.3143659579327664e-09,27721.18750905108,3.411835016550116e-05,78335.97102976972,0.0003416145468467549,25808.998381347683,1.2509352330860103e-07,1.2715169037012515e-16,0.04773594806106386,4.8225805439687464e-09,0.45857964338720403,0.5414203517902154,,1.9588108359069827e-11,34060.950388956575,4.314948504198558e-08,8.194403826661545e-08,metal,mixed,mixed
4.265595928005047e-07,66942.68476838188,0.005425229861127473,29969.208310016937,7.267250453122717e-17,69605.08752491184,0.18993187863945177,161015.95361459142,0.0018373296570710887,7.63195637294211e-06,2824743.2557055745,0.06495751394117556,0.03857046142990083,0.08429214820004627,0.11290409380504433,23.749560202820657,0.00041309455626974313,5.609882530537697e-10,8.466476690941463e+28,22803.725766764583,169687208235578.66,26248.482535917385,2.440551436865832e+16,42308.7751910579,3.6164596315868274e+27,30059.016820684585,1.7962171680500253e+27,1151.681208509224,9.388342265416823e-06,67054.48355909856,2.542739223278907e-07,40078.61817595447,4.768108854962123e-05,74732.76930495563,0.0003863581466660848,5096.444289849007,0.00023248950661515554,1.5253584125615097e-10,0.3157655207757218,9.854153592222094e-08,0.0022755118681436776,0.9977243895903204,,5.636065530720888e-08,2808680.5355867306,0.0001887309193059936,4.375858730916194e-05,metal,metal,intact
1.7144205718526133e-07,74317.9492256114,0.019770271287688296,19377.743033958224,5.762608325587009e-17,70178.056380631,0.23751773109498292,116927.09548264214,0.00489132915608932,8.429384162278286e-06,2383445.058934017,0.042575615705101155,0.025600826540990617,0.09426928221547765,0.36528658973579703,54.31601871821411,0.0003778445052907345,6.506225030154504e-10,9.405162601317462e+28,16715.270076245815,448471764404398.4,28895.214479547656,5.399924016297038e+16,45425.265378846816,8.402991873054781e+27,25702.162467049544,1.744123404487183e+27,763.6471033256803,9.460458466004782e-06,44545.17777400439,1.934887807305431e-08,43227.290090612274,2.816743422137864e-05,76101.88831787475,0.000735867606444036,12406.112774748028,2.9453964295984975e-08,7.201773066329276e-16,0.034197738953482694,3.073081765403513e-10,0.17479273047901567,0.8252072692136762,,1.8144062893862314e-11,1475272.6630612,2.3708943785450316e-08,5.745020510534659e-09,metal,metal,intact
4.2222192212239707e-07,67705.94234316256,0.07398465552918092,2120.7340715382634,5.12667269420282e-17,70694.88459854927,0.1912849595201297,42792.99607513736,0.0027217619172757133,3.5375022990970005e-06,5271231.918880476,0.0517534861382685,0.045968774637244886,0.06959720485734637,0.44352059268112726,82.43859666933332,0.000473095187622249,5.032592241228154e-10,9.447836028347057e+28,22894.680007010815,634220293576204.2,27781.17880756432,1.6604354321768736e+16,45466.29594569431,8.222874914322556e+27,26676.95222748431,1.1594035569076533e+27,1029.7337393644245,2.6321292860717495e-06,48153.05199786846,2.127778855777581e-07,18787.388700282376,9.302504029007616e-06,76016.31633763484,0.000591552451311627,20601.663458390656,4.249680433652193e-05,1.1043540907418474e-14,0.4149089373365457,3.318501774287313e-06,0.3016484225086748,0.6983482589895509,,6.401932931520364e-09,1768.0405241824255,5.859040870163583e-06,3.6637763466358345e-05,metal,mixed,mixed
1.5886400404381458e-07,62475.95028090593,0.012382302491895576,2981.743760745924,6.584953335181031e-17,70201.67519913502,0.3240463234288727,147741.27706007613,0.0024782373392618386,7.130512924621974e-06,2523307.929914351,0.05752978718344272,0.070001969074722,0.035298610544824145,0.24653627543731987,36.52593123676592,0.00012632017951381657,7.993967123204041e-10,9.884661766560076e+28,20995.625810537647,122626226773223.8,25203.256164885206,5.105392484540103e+16,39918.08044602264,3.3076866086765173e+27,29441.86509739571,1.8643403604148252e+27,907.4533558668213,8.337380796537157e-06,59038.255572946306,6.075548458259898e-10,10870.611287746273,6.921252373718073e-05,76655.15865388594,0.0008621016721538392,22143.792871066762,1.402513189869479e-05,4.907839456937019e-13,0.02770946846756398,2.5748518532200224e-08,0.10382559472853665,0.8961743795229448,,2.188009327019218e-09,1939665.1675397921,1.1510639562888253e-05,2.5144923358065364e-06,metal,metal,intact
1.8906438206550308e-07,74531.99308850092,0.001621341416269796,4503.530589135451,7.125742203045089e-17,69840.54665916626,0.39519765854466676,100127.95478463959,0.0037378914660170875,2.7761054953238894e-06,3969488.8162490553,0.021827486888937542,0.04837556155232725,0.0731256770501219,0.1951926454381178,63.734835863887504,0.00022674139978777345,9.185231788586282e-10,9.333715005633365e+28,20912.756442302423,171972581067339.5,26280.50265179346,2.23018373816665e+16,49134.46545747153,6.747877335354646e+26,21839.94364707806,8.026064563175685e+26,847.7974782639797,2.359607036871877e-06,45552.18208785332,1.488533256981334e-07,20484.550633468178,0.00011308039694898843,75822.35608728378,0.0001431337813410299,25715.623957156728,5.626676313174431e-07,1.458450624876382e-14,0.2774532168685877,1.2577398243026944e-09,0.04538839868145183,0.9546116000608085,,8.300015478966449e-10,3562418.054822853,4.785032776216129e-07,8.41643536958302e-08,metal,metal,intact
3.161384335428437e-07,66388.05464739734,0.06389001338274818,41582.54269133943,5.963577546023079e-17,70787.91842854526,0.20836658168276878,70802.17065486086,0.0034583095282354165,9.672476142083806e-06,695112.7546221006,0.06254023045771322,0.0043449086037164785,0.09608575172976944,0.2235964317144713,69.92312520736058,4.180472939125271e-05,6.120669134905271e-10,1.113749888684077e+29,15720.038199226587,295319263566769.8,29735.43364657843,5.299869743548812e+16,35112.522744420305,9.661726722000904e+27,31590.219538312507,1.6025761557301079e+27,1054.5383830205774,6.093466431197891e-06,52603.409537839354,2.673216697981781e-07,29969.085903441686,8.326328821826072e-05,71145.02857648865,0.0004143669269575994,11231.137030884154,2.832293714929686e-05,1.1761034870607557e-13,0.19152532435361225,3.354241059038809e-07,0.33205913016931565,0.6679405344065785,,1.7725435957202964e-08,3085.0766505859583,7.921632410662416e-06,2.0401304738634443e-05,metal,mixed,mixed
2.3037758802170415e-07,72354.84752765746,0.0013999142320215128,42435.152785534476,1.8254795481918865e-17,69122.22144118666,0.2935216276579582,122739.01216570179,0.002503640611135593,8.520734602118415e-06,5960182.140309359,0.07860483014634344,0.050108064986521574,0.07571958577862689,0.12962200720248623,78.51254633481527,0.00027806734701278814,6.155016636926936e-10,1.030821188709928e+29,22876.540330069816,367946583493007.1,27089.594264279414,1.027683423204505e+16,45585.43595792048,1.8791807973588437e+27,27240.649626440718,1.7232904218851223e+27,611.3821879305731,1.0730022889883278e-06,41635.542362987166,1.1325860045854886e-07,46564.58689618642,8.39389503642722e-05,71838.99757334522,0.0008902873535895095,33728.77599692656,1.896064090021134e-11,1.6806100601671487e-19,0.045154654101627514,4.103311382753997e-13,0.25958427306274723,0.7404157269368424,,1.2640769762563915e-12,2488612.3821207974,1.3638874116272347e-11,5.321766783938994e-12,metal,metal,intact
4.2451752523523234e-07,67759.60644145455,0.05296726941600768,13084.47944448335,1.182052427538354e-17,70080.86148394976,0.29003694533094027,32421.060635580005,0.004593095335071634,2.621118613504839e-06,4073302.15225166,0.04798344048549143,0.0031469551248160615,0.05601935747439432,0.3150985844336506,77.04507944879352,0.00013255084960723103,9.711530254197834e-10,9.641918800650134e+28,16126.890876537482,496439403584369.1,29439.060019696994,4.974194164592426e+16,37536.22907658557,7.632591930669233e+27,28475.15692585865,4.068639473066415e+26,1067.9010152216138,7.8574621719104e-06,42610.65739986325,2.5648920395308863e-07,7897.272749737024,0.00012827478680386335,78921.83887209719,0.0007166872433724596,26944.449145304552,3.2196278614755576e-05,3.0000485193310714e-15,0.46749139979904153,5.254825777608141e-07,0.22833392846204154,0.7716655460553805,,2.4695570509673982e-08,94.69481733506925,2.0525578383507663e-06,3.014372077640481e-05,metal,metal,pinhole
1.8975926266726963e-07,66377.23547679579,0.05498451582256153,15643.765902113839,2.0929152692796632e-17,69091.38000978164,0.24465464868903197,56013.67060086346,0.0017158377426608577,1.1328478993515362e-06,6823088.189135919,0.022881052850915,0.02686333854396367,0.00039957016907935016,0.4340819361364369,86.06651277837884,0.00022029308341724136,8.20079499838095e-10,1.1359055904338582e+29,16961.826251302533,457755964079799.25,27966.47228446377,3.1673821036834576e+16,37211.79237207927,1.1823961717113854e+27,33171.00818886357,6.713877525275629e+26,710.5389291488258,7.647728601648566e-06,58569.91340902039,3.047401563462961e-07,36940.87474997433,5.831898177129297e-06,75373.51193238946,0.00015943784911121164,8606.946193258816,1.6977294161531326e-07,1.668460127687871e-17,0.19911818896720873,9.667448128548093e-07,0.2290842587796586,0.7709147744755287,,2.066875971299663e-10,306.25889009625035,3.629735291245313e-08,1.3347558870286014e-07,metal,metal,pinhole
1.2847710850972693e-08,66138.62533254802,0.01981593664461396,10416.465108595774,4.545351355276508e-17,70119.33672669457,0.18346228736882803,90820.51325354201,0.004706707442787939,9.26815939475748e-06,2539377.6455932567,0.03333836135941068,0.09644713649183553,0.06716412221148546,0.16045407217800703,31.426139609648136,0.00037423843337561517,3.3335514076467873e-10,9.377644909450526e+28,22277.940820434767,573721891301766.0,25648.546944109123,7273992729585076.0,49696.326281953574,7.39051459240983e+27,24019.44106949247,5.653967620378869e+26,1237.9106133694686,6.657372420276393e-06,66370.68142333749,2.065574326790959e-07,48111.092129614524,6.656268105522417e-05,70468.66260100684,0.0003510718724382647,37744.93868053012,8.561073834072303e-06,3.5951453065872465e-12,0.2937574104324173,3.2504432336297652e-09,0.009728141955332292,0.9902718547942244,,1.2728089844951096e-09,2479417.596769128,6.860205874760899e-06,1.7008679593114036e-06,metal,metal,intact
1.4838599696655086e-07,71183.71442371001,0.03983824466897013,35993.325809183814,2.4032518312079324e-17,70313.51853883933,0.3432827970851038,79655.72542962761,0.002325159440082357,2.2386287087090322e-06,2263037.238516396,0.01671825277411532,0.043060965429920973,0.004154454875326027,0.49742549913143014,46.52156108126119,0.00016614932135139697,3.172703249205191e-10,9.639223622588076e+28,16933.621816027942,735861296095546.9,26987.190158915673,5.391106791980756e+16,44309.8426344645,6.0747097474252234e+26,28887.59912250295,1.5479781700217418e+27,883.014318861213,5.764032405716033e-06,69009.60614984046,4.570393249172753e-07,7388.467622561045,0.0001124290001305699,81041.93996631552,0.00048262253505678066,32561.717763208944,2.996788928202361e-06,4.840021131641283e-15,0.4470507877041495,4.016573638745152e-08,0.7303523893553187,0.2696475704789449,,2.248560746144582e-09,73226.34295399314,2.497312063021277e-06,4.994768651810841e-07,oxide,oxide,intact
2.8292569671504225e-07,64539.276353223766,0.051598300895905766,27010.61426608521,6.925290907844122e-17,70419.25925143652,0.13612038095000628,166849.29209105982,0.0009933023903145794,4.923121593422593e-06,8404881.055918705,0.0008184538930247271,0.03375400359839716,0.047619968661557745,0.19955588080059944,97.45324703335875,0.00031941679393125244,4.03525753457469e-10,8.176906625608908e+28,18055.640849216885,474423499562841.3,26215.850763205723,5.030273698466308e+16,38671.51791384689,2.606088192684832e+27,25427.855712926576,9.604427643714402e+26,1051.5096779583669,5.530560214814052e-06,63080.4696318099,2.304767615707408e-07,47311.812181332716,2.085627421034593e-06,79109.85025182152,0.000569969044877242,14914.113907556079,0.0023045669301690356,3.836712850606091e-11,0.34911211090105865,5.8805935011837e-07,0.08897449682941087,0.911024915111239,,2.5945762299205263e-08,6846270.587515091,0.002098684282928811,0.00020588264724022464,metal,metal,intact
3.2518941272835336e-07,67822.41476705419,0.08035887519755448,11549.760333444901,3.5060584514926295e-17,70842.98088450504,0.1334273173678791,115085.80898493936,0.0014115664062852194,9.05138391051433e-06,3229499.5500933896,0.00570755989607882,0.07287989859446875,0.0774536611840147,0.37293214708031036,49.421777184218016,0.00039495386720838076,6.008722335075134e-10,1.0052739589580894e+29,21887.744117115868,193418294137794.97,26306.32202148965,4.543982537680656e+16,43236.08429348825,9.107290269857261e+27,29956.174844580422,1.5027882637921463e+27,739.9799889620339,6.777131594522156e-06,60098.971798702354,7.583120754351747e-07,17954.046745689502,6.306780513731516e-05,92153.78287955177,0.00041905723774881225,18959.980455547964,7.902015468897545e-08,9.468930608994423e-17,0.41434160119082025,2.3289308820980785e-08,0.6574275839648384,0.3425723927458527,,3.9790067115492455e-11,297.70195651217006,1.5714908716208714e-08,6.330524597276674e-08,oxide,mixed,mixed
4.429459685679487e-08,60242.022453522455,0.07908795244140969,8209.587237941108,8.48379248553885e-18,69838.68548082717,0.38517542578345265,36323.67072764068,0.0006108979979445756,7.360860635079678e-06,4057338.6398399994,0.05433836622317089,0.07428373541564327,0.04671324407060877,0.18746676475173882,16.625611367032754,0.00038702910517785487,4.47978030820422e-10,1.016100503665387e+29,16855.275796224254,446769392254201.7,28609.681543181967,4.046198317119574e+16,49411.54705209473,8.559480008124949e+27,23636.099336677635,1.666782028911174e+27,587.9419871954527,6.575401327085705e-06,42215.5104400336,8.195751711460059e-07,17982.131509504514,1.5411403773734407e-06,70956.0188260288,0.00014854387221601304,20396.215387153345,3.142659585402105e-10,2.0993119747524196e-19,0.3607152679873837,8.441946951079816e-09,0.3000263507271779,0.699973640830875,,3.556241546732064e-14,865.250047198457,4.669120215913029e-11,2.675747563810802e-10,metal,mixed,mixed
1.018258655711943e-07,60801.878014315786,0.06837260589798944,34773.696885109304,5.097561791259618e-17,70517.44865480163,0.1886774034506435,53662.22702754524,0.0015588271901111176,1.8072288894204573e-06,7602826.518185082,0.09278618926483498,0.05494345886556118,0.011923953037738317,0.3379392542101997,80.76105349844714,0.0002707136975949659,5.000811280766325e-10,8.975167844057866e+28,23049.157527726817,424769904675041.75,27438.669682273667,2.3383105638011444e+16,38793.0815909562,8.602770091187476e+27,39069.30748237498,6.978611527449416e+25,1245.1917168214848,9.183986896877201e-06,61700.4357196342,2.0119149760299322e-07,45217.4399999583,3.3277532833813625e-05,99880.51675982104,0.0005729310156211456,27720.858049803905,0.0006319168759034035,2.582907730143048e-13,0.4265619126180624,1.0208996343300904e-06,0.45991172345417075,0.5400872556461949,,2.221922642628368e-08,111796.41557655696,0.00029104178373571236,0.0003408750921676911,metal,mixed,mixed
3.868233723892178e-07,74984.28174937177,0.047290512021142844,2870.867870682765,3.51819064429882e-17,70722.08389414613,0.3140221400672396,107350.06621884044,0.0030128970279025267,5.307555702677368e-06,217624.5868575047,0.07023090507100348,0.007339072240341858,0.011678894143524483,0.06504183948707602,16.66697995168211,0.00040999488431923585,6.826183774896195e-10,9.268771207610666e+28,22457.807627627484,724160372393118.8,29228.81589498079,4.573156582147049e+16,37508.53523801864,2.0671859895689308e+27,35612.41226487892,7.375506335263627e+26,932.9547461055331,4.913306062536998e-06,55269.96828885942,6.812483013271864e-08,49867.052538385564,1.56370774103438e-05,79574.23179398477,0.0005517050294679792,6919.467674837713,1.0318279413896326e-05,7.840696903016752e-14,0.030106107016748318,2.9805266870663244e-06,0.5078284159410079,0.4921686035323048,,8.506758766965239e-09,2528.279456204692,5.600733785882581e-06,4.717545628013745e-06,oxide,mixed,mixed
2.6994045116389223e-08,71752.95541976827,0.040942057081997885,13701.193203573928,6.792766033495276e-17,69117.04665926239,0.14538538280879443,49136.10688784953,0.004041596124832331,7.539116352069968e-06,5866636.48989508,0.05213859086117555,0.07142346067691838,0.012805284241136928,0.18218335642631403,4.1180916977727975,0.00019942430729220836,5.813799073592e-10,9.097461805938613e+28,18703.565562236883,404663546389262.9,25039.566202762784,3.183864013888445e+16,37285.00664895605,8.446157747463029e+27,31114.7714207727,1.1156610305988977e+27,735.6964071634299,6.03711504539643e-06,66312.79984339362,3.9606971378577186e-07,7740.823776381762,0.00010325709546723513,78414.76349971257,0.000847309989440534,35626.153501820285,1.8493635860918093e-08,5.977128085094379e-17,0.5188951765961414,4.725695510518584e-10,0.5634254989019836,0.4365745006254468,,5.702162573755779e-12,369879.58640615613,1.2427811812959131e-08,6.065824047958962e-09,oxide,mixed,mixed
3.7666235379687944e-07,64848.53183802109,0.04827857284523466,6773.183307600728,4.048235982143809e-17,70020.3378881829,0.18687284234769616,36673.08498570407,0.001379225665051588,8.222061762996788e-06,2270689.900087182,0.021503263622840694,0.023194104417920136,0.042771279264159766,0.09724853653710192,84.22030919577315,0.00040213716250813965,6.385702409084536e-10,1.1361851148279556e+29,17749.361463354322,614357645164195.4,25955.018281556724,1.8983470932975844e+16,38302.458803930705,2.1193984729663225e+27,28155.30086379941,1.6404651939487305e+27,683.023123198393,4.699918857892961e-06,62671.86006645288,4.900187298136072e-07,37642.419997490855,5.4061409110899525e-05,93765.0185421788,0.00029347235161710064,9080.495568935541,9.463207367863104e-08,1.0007728669584714e-17,0.1339855137947439,1.1284390918936753e-06,0.08698461416797437,0.9130142573929336,,1.2874346693598488e-10,0.47445934687243774,1.672954328694905e-09,9.295911934993614e-08,metal,metal,pinhole
4.0472168379032256e-07,66226.54183012003,0.0984397453729331,28378.492783959548,4.491234469919244e-17,70403.94398019716,0.3495894707084744,100858.01985861886,0.003643090129678819,3.3685419632063058e-06,3095631.9809245504,0.0305684081354653,0.08872933334721535,0.04128453343999119,0.3904062485630849,63.484437579980295,0.00011173094273665627,9.81936575552208e-10,8.755754877207912e+28,21375.357990655655,484974787449160.5,25449.454277674915,4714382523455301.0,43340.67887470806,7.248373796467421e+27,33432.79147746664,1.302153644323485e+27,673.9531401958876,2.562524403411675e-06,50482.77284844791,8.336613753997615e-07,28610.026684069206,2.8983070547657814e-05,72655.09397417655,0.0004367591472854869,18860.442491048998,1.0924086856220012e-08,1.6392872814357694e-17,0.2652566690987023,1.5521966979235447e-09,0.5810403280447989,0.4189596704030044,,1.0251645708373393e-11,65817.07834028472,6.140271806518367e-09,4.783815049701645e-09,oxide,mixed,mixed
3.5932778482443166e-09,68820.1933253338,0.0027091633331807253,38354.411646095024,3.79253072326169e-18,69207.2453790819,0.15374120778776001,101524.33085192813,0.0014237881656592245,3.7713945541571686e-06,1353821.2349446863,0.07744613419756535,0.048183798980460726,0.05078370544048668,0.26998279606908593,10.443533816697487,0.00037494284318793003,8.083167612182596e-10,8.513326467396432e+28,22075.255051431508,22333445024936.45,25693.848733114286,4.850215988041332e+16,36293.2160972449,8.269577793157253e+27,30641.06661579677,6.070054737911635e+26,717.1794676194557,6.5357920719687904e-06,64825.120013514024,5.548743733879247e-09,30711.85101001088,6.993594531386969e-05,99345.29736917469,0.000532812415521637,18114.813394319994,9.739793534125333e-11,3.7091610634388474e-18,0.020174130195198866,5.973989705990229e-12,0.0678423225385466,0.9321576774554793,,6.755860903392869e-13,1142120.9317179534,7.911107570530752e-11,1.828685963594581e-11,metal,metal,intact
1.733180474951014e-07,73944.16368051202,0.0831739565572752,12383.545505606036,5.051864408240015e-17,70432.50858982911,0.2421861507584896,166679.5629275105,0.002876041500231143,4.004437951532795e-06,3677839.165096855,0.0013621745534385735,0.07876630221190752,0.07240579998607886,0.1568991397273304,38.111614231977995,0.00028577592559584747,4.019629398752613e-10,1.067182929939411e+29,20909.792335938302,57733203323880.695,29882.586371448833,404688464920654.6,42267.68875950401,4.732564734559165e+27,33361.24804640554,8.473976710265377e+26,870.6180397476196,6.351524675503163e-06,52097.18394338604,3.4414279140871174e-07,44598.427155488454,4.172762253647483e-05,88967.85464696742,0.0009458538246864815,26752.670688050246,1.548242037503888e-05,1.8286520780672702e-13,0.21242923527700178,1.6531366162372773e-08,0.14408455976333415,0.8559154237052997,,5.361754970732473e-10,2528559.5292763077,1.276369901241109e-05,2.718721362627792e-06,metal,metal,intact
1.3297262132010922e-07,64993.23048648292,0.032089601666149666,19005.66421222149,3.9364969495806984e-17,70971.01129913781,0.37161550668624393,121741.38198195756,0.004062954355169703,2.926859762318295e-06,5799186.73172582,0.0279549182054419,0.011036421165711892,0.034667073983191625,0.43230310394363525,58.576835268898115,0.00038842399681308367,4.881212225753024e-10,1.0761949417483516e+29,18735.76229411778,661024295383385.5,25511.172128000057,5.763649980438958e+16,45118.36609610497,5.073883986311579e+26,38425.365564250256,4.269934775800213e+25,977.3218313938543,9.399646416028168e-06,48830.44823846089,5.513610950653844e-07,6655.536432821411,3.819282773550277e-05,91469.10018604004,0.0004028853425405686,32957.69691761247,0.00011353786603875453,6.631445287344588e-13,0.6030463338092796,7.771845054916993e-08,0.18716923320742868,0.8128306890741208,,1.1794247810397082e-08,3673973.0843394264,0.00010338817101885158,1.0149695019902945e-05,metal,metal,intact
2.1710506243112844e-07,74849.4513981945,0.05320250492922822,36152.311614233084,1.4964148420323946e-17,70163.39333293533,0.29279082550406793,148630.5847863754,0.0007245143811002311,5.228355325592047e-06,8831036.21462926,0.0861261581117402,0.0496564536762103,0.041057315575375994,0.09984935385021579,51.73176073323461,0.00024173707788733542,9.037874667679137e-10,1.132239781509328e+29,16490.09087034951,598637284682500.6,27640.010403195884,5.4399549424785704e+16,35463.91628424793,6.872319299504762e+27,22070.030359207005,1.8423307857744863e+27,923.5401485160367,3.741082072001266e-06,62721.86603188189,5.360137693331978e-07,35629.36833362339,9.778202069886598e-05,78344.22311373314,0.0006431620186107315,12225.300183676576,8.465574473194768e-05,1.7655606742535371e-13,0.4445614432478667,1.9347994852756696e-07,0.42746675650175253,0.5725330500182989,,2.6827773904695303e-09,1098778.9859137514,5.366877696142681e-05,3.098696777052087e-05,metal,mixed,mixed
3.318567082925692e-07,65088.22094387112,0.08047546987550264,48132.01137483779,5.773052197712648e-17,70010.22585318258,0.1702050133362854,68125.750673089,0.0010796397184557128,1.4293321254471076e-06,9012657.9447349,0.03451145486672306,0.03910807779207065,0.08016812368522275,0.3910074439020062,64.88672847408927,0.00029548713377882025,9.880255298699094e-10,1.002441882062745e+29,15211.499174273487,333195711169930.94,25056.64332272685,6991883364178020.0,41035.86053826032,3.0076739152110007e+27,22491.27785842111,1.5016767424599466e+27,688.5611917655098,3.8005542412238213e-06,63846.92084871911,4.1625787009106615e-07,22106.81035664112,5.921829234994531e-05,88583.04914127495,0.0005008096291799571,26449.908732010557,6.406033417887005e-08,1.716408657227216e-17,0.3892226596441383,5.6150965817149496e-09,0.4621388365001841,0.5378611578847192,,5.673913105082173e-11,91320.12925186376,2.743981862014273e-08,3.662051555872732e-08,metal,mixed,mixed
1.0401402972149498e-07,71852.21284133263,0.053960764696567756,47192.168598629985,5.2208927977270293e-17,70586.29646550448,0.14122293963798443,66157.64683795141,0.0035716386312703674,7.206361149150256e-07,3354637.8059736756,0.08778046591235629,0.0328989239112397,0.05900251782252306,0.4800764931096582,79.82557141335474,0.000279055560335458,8.705411060540621e-10,1.0599686369240054e+29,21004.770061263578,148308937163614.62,28024.890784378185,4.126524851344699e+16,42420.60495445446,2.2127821978711434e+27,34892.414480240484,8.919552150077267e+26,1256.555097940161,1.8783090483436835e-06,61312.22149977413,8.511392202821251e-07,18021.34351382409,0.00013054046069709474,84064.3736785121,0.00040734550565126086,7916.635965500205,0.0009250415465720018,6.261286339646127e-13,0.5813893413144967,1.476889659769191e-06,0.3695910452283297,0.6304074778820106,,5.13062414049134e-08,828360.5593409089,0.0006550871904522828,0.000269954356119719,metal,oxide,intact
2.680092464367526e-07,76701.2762718081,0.011721061408331233,46261.81877108046,2.6207763579724966e-17,69254.41938055486,0.2242996628552998,122371.95007742902,0.004701193701065752,7.071813032181861e-06,526362.9135398872,0.014331146697319545,0.06276004787453683,0.052400150707088325,0.2914583677456528,15.082724673743707,0.000434635335702682,7.958163386102309e-10,1.05571079210399e+29,22637.99858221753,135034794338400.55,26108.787345253615,3.5120814417512676e+16,40976.84767635083,5.818571549438433e+27,33880.87206767173,1.201737157876548e+27,584.2620917736299,4.327472086404319e-06,61073.826106157016,5.090631350696932e-07,29546.706263740914,0.00010689669843826747,93324.24756961633,0.0007492520844266636,39522.942578163245,1.8080328673914511e-12,3.232963574235935e-20,0.06882060811191523,4.065632035573907e-12,0.42136715735070324,0.5786328426452312,,2.6300080201999863e-13,132857.6452770557,1.4388788497804215e-12,3.6915401761102964e-13,metal,metal,intact
1.9471022267150703e-07,62418.71874496497,0.023488276188183038,25276.103005002642,2.0885368128737935e-17,69233.34501452534,0.361963080848892,149729.24443606718,0.002680699285495144,6.191311847587676e-06,6286664.562495785,0.008436789147655503,0.011923155511007233,0.03862921947034093,0.3466500118170455,15.591531653243718,7.047073970595333e-05,9.571447914457983e-10,1.12097585830057e+29,24461.767696505332,148642806446252.88,27559.15503394495,1.5077699269142172e+16,46387.82725662751,9.734686282607926e+27,21010.606042664982,5.600166982382458e+26,884.6061946308528,6.890943436030019e-06,48042.06252856266,3.242611339018218e-07,20686.370736986522,0.0001257588443133446,70067.47876687447,0.0009737759515101109,15250.290029177893,2.9890666339584532e-06,8.572067417427148e-14,0.4295423314985668,1.8112704853390856e-09,0.07890772652329901,0.9210922716654306,,3.8243606030028864e-10,5279661.645883119,2.7994857420820404e-06,1.895808918764128e-07,metal,metal,intact
3.1936356819129386e-07,66532.88792324564,0.006737997309688519,32195.03453768668,6.905290672333058e-17,69941.84957181943,0.1190943638634301,161519.39588211346,0.0032572634017846813,9.458759212241194e-06,71400.84015246453,0.011149731473585035,0.06420477774916013,0.07334698079582276,0.46839199405127546,52.10741191460636,0.00038338451760116333,3.12707001397429e-10,1.1239356087833337e+29,17160.007168587064,379534447401744.1,26817.006627219707,2.7845146871086504e+16,44097.32871717463,4.960407987563123e+27,29731.9219705534,7.29463585222529e+26,884.0345869866874,7.101275363762424e-06,66344.25566577821,7.984825781988953e-07,40901.311406909335,0.00013021357511261452,84169.51266361822,0.0006494913079689772,28061.083977931314,2.1327183955188975e-07,1.5096130806191153e-13,0.06302454820512382,1.0809011022443754e-07,0.04129588309507486,0.958704008814815,,1.355414618151505e-09,64850.8140328283,1.805228141508615e-07,3.2749025401028234e-08,metal,metal,intact
3.590639387910988e-07,61056.814060560224,0.0060575036601980695,36693.90845896661,5.598355708567635e-17,69717.95691334437,0.29548524501260237,102809.446466022,0.0005773303445871037,7.843324504346555e-06,6921124.506732366,0.015372854356627205,0.0894830896476043,0.031814937966827175,0.14956739414474587,84.74318973199642,0.00011052962422358248,8.990079131696354e-10,1.0491164759062252e+29,23838.96648163455,547231269159814.7,29497.38540315321,4.674724458185887e+16,46271.09722550472,2.4666046314876104e+27,37456.360502176736,1.409218132962941e+27,983.1090157690323,2.6535862850762757e-06,67293.63755078244,6.05011242932553e-07,20303.49525859728,7.537713980572035e-06,71755.1562032073,0.0001288585935687009,10718.15374266528,5.5403310335265886e-05,2.738091969463105e-13,0.5563040246811465,1.7179269718518747e-07,0.42790422503555015,0.5720956031717527,,9.147899059868743e-09,1530486.7303813174,4.249618923532167e-05,1.2907121099944217e-05,metal,oxide,intact
3.987902834442383e-07,77023.01909574823,0.04456653326838143,38510.63449206638,4.5037871700891436e-17,70423.21811783238,0.23881355922698566,142959.32255491632,0.0017634078300743207,8.188863121182557e-06,2311259.406410552,0.024002638471350694,0.019902588191959662,0.06965463659416635,0.40277091464186043,93.73691877767673,0.00046427946624388265,9.866311270393318e-10,1.1000609496253663e+29,16918.96236249146,725040946160868.1,25664.094346352602,1.5155278119229814e+16,39184.773073491706,7.889018207613163e+27,20797.3583658904,1.7012377704711333e+27,854.7158437857487,9.00408830475128e-06,51900.680164666,3.915627761551738e-07,46600.83319169503,0.00010340370877133573,88135.69182726918,0.00046314879519499734,16958.788629589922,3.438781660478417e-06,3.553062551261259e-14,0.16769284598408565,7.398651534406823e-09,0.3939178959156714,0.6060820966856773,,7.990847510181397e-10,636521.9741471983,2.792932247655594e-06,6.45849412822823e-07,metal,metal,intact
2.931736987147373e-07,73412.77139556134,0.058293754251260946,2335.8509381706917,4.586504411243906e-17,69076.9845557129,0.255121664679685,133420.70219082135,0.001397202564117572,1.288841998955094e-06,875844.4890976655,0.044933725042778476,0.025202792930004672,0.04045928735100687,0.05618201428069345,38.00173824157415,0.0004425271052963277,6.738123419862539e-10,9.043505255879662e+28,15191.34414676939,558464327866002.4,29753.898205340432,4.68245384221223e+16,47444.25254886153,8.013033399745602e+27,22577.22836092191,7.57447149388734e+26,844.8970366978574,4.238906431871803e-06,64006.619225192706,7.808476913858878e-07,5319.229187292839,0.00012386116083449444,74873.28081105903,0.0003534880125604622,33125.59007593425,3.951684358527565e-06,1.8406068899237422e-14,0.40815311634873097,2.4141493994286235e-07,0.24278012611688107,0.757219632468179,,1.5010879012385473e-10,450112.18639277306,3.371946059925898e-06,5.797382986016674e-07,metal,metal,intact
5.346094057213511e-08,68223.73367851829,0.07106082684329375,40411.04505434901,4.307032965979886e-17,70431.11882952023,0.31329341680542866,145624.42301589262,0.00487399658261101,4.836437890128485e-06,4857785.771869383,0.04620524480201458,0.02246870675569031,0.024126393976062244,0.2161776570215002,70.57432533942406,0.0004157287972007897,8.972712243386997e-10,8.866908524787527e+28,20269.016691456323,90511764727498.55,28361.247761961076,1.115674899281374e+16,43067.660844991806,9.357571169893697e+27,34698.92087288561,4.588390819433288e+26,643.6094683238879,8.352336126947326e-06,63768.143841516976,8.402402403256754e-07,43412.03937014429,7.663527035551224e-05,81466.67589347497,0.0007990453152243131,28184.78969327568,2.652475355790096e-10,2.306807700828629e-18,0.14873032533874067,7.9173320931716e-12,0.2178640005207801,0.7821359994713026,,3.8053399602936765e-13,2771248.52635168,2.340845693703871e-10,3.116296620862249e-11,metal,metal,intact
3.6052421862230653e-07,70162.63188154103,0.06251439421978587,15101.532001912126,6.54568421998483e-17,69835.41337541692,0.35029355212127083,26439.055181719446,0.0014363265865912013,5.333306646585565e-06,9097406.078055449,0.07106825640693741,0.002311079314714268,0.026740356114605065,0.23750585560790538,92.92437442597844,5.87467586230237e-05,9.425371900891527e-10,8.554912465749345e+28,20532.6209389718,330655775098191.7,27390.455331779936,1.5295707784090096e+16,47038.2342426507,8.780882863636526e+27,32057.92113374996,1.1285240971679529e+27,849.4711203078359,3.5970157503037924e-06,40582.35522742442,7.879543275861355e-07,24223.80988001359,0.00012727771594569305,87619.7400663368,0.000905783649532895,12080.41497507543,1.720740267560617e-06,8.179108398119539e-16,0.5417722814503776,7.610517028316265e-08,0.27130588948576856,0.7286940344090611,,2.1107096608424424e-10,8789.256432233029,4.0335849473172934e-07,1.3173817728288876e-06,metal,mixed,mixed
8.686608370172345e-08,76852.37784462277,0.011852013636770376,49070.43635941983,2.7590668900520342e-17,70408.61052485803,0.10403846631331859,125900.49216935154,0.00327763811567524,3.4097666691814388e-06,3421403.2351977443,0.08136353139353698,0.04906188337592506,0.03963648130046456,0.28357111071432184,71.11914472762697,0.0004338268522515406,7.150339757447639e-10,1.0261692421925105e+29,23981.414479457457,679133644832768.9,25207.317470219004,6194409433426734.0,36759.73659726874,7.550358075558115e+27,32258.408932477916,6.80210772447747e+26,1259.4657668832747,5.464769506902545e-06,43366.309556688575,7.93611611126679e-07,49853.80871155444,3.698677286827533e-05,77370.69463213986,0.00025188666440750996,10042.046029553292,0.00022826029125246896,3.2855250207568265e-11,0.49154447339503704,6.958926111256419e-08,0.009911621502737517,0.9900883089080013,,2.997612545685154e-08,3341032.9968463066,0.00018909310049616633,3.9167190756302626e-05,metal,metal,intact
1.2770384235534387e-07,61167.60840015015,0.07622969676841097,46470.424052450006,4.271995290213921e-17,70165.88946025666,0.3585178438068321,168373.6613174986,0.0016272415835338282,1.7608132436017525e-06,5354945.024548005,0.028023340084598884,0.016913537387535846,0.06361103143244741,0.3623290843528607,70.27264673817075,5.211389952717247e-05,5.090057276294598e-10,8.692667149340735e+28,20000.620510526354,509195893579773.94,25099.94980116195,5070857181841815.0,42658.01546643289,3.8714105544910854e+27,21587.061007832006,6.686886725461448e+26,1055.6788614611328,5.291286600940161e-06,41223.47156452175,3.646538058627956e-07,47678.975420128874,2.0512367573425117e-05,96953.62209282849,0.00039676809277745085,28807.565383966226,0.0003769810517422332,6.08078186887677e-11,0.3509398957036213,1.1273704917066264e-07,0.0032678077893030268,0.9967320794736478,,7.200081489496598e-09,5315186.075854045,0.00033595249504469684,4.102855669753635e-05,metal,metal,intact
3.1516327773978037e-07,77913.9604942152,0.04433934735651407,44978.98265546655,1.440171838771517e-17,70358.59588091746,0.15955502249514475,41705.12126270026,0.002988259061425658,7.773829026784767e-06,2181363.7110503726,0.09478542718463855,0.006294941052422815,0.013832852945976725,0.3612641967267073,90.72625417217809,0.00018643060018427672,4.368140428141324e-10,8.564180605457648e+28,18722.149922235883,526888848441245.7,29196.618877896326,3.630222016519385e+16,40922.97016628878,2.0990866084097242e+27,39167.731359379264,1.1025079007563439e+27,974.6677825109185,8.615040937710895e-06,43694.199621301654,5.452971538657175e-07,46779.07994142611,0.00013195335040128628,93491.85999815015,6.2945482626246965e-06,16446.81109178842,5.060157570537447e-06,1.130975607573265e-15,0.2561168882147736,2.4515200955871245e-09,0.06535281275951287,0.934647184788967,,6.945069699685198e-09,41.06387326333982,1.8935842522195024e-07,4.870799145315497e-06,metal,metal,pinhole
1.5901568510613182e-07,60653.60281543521,0.07785872272500328,33895.50791308042,4.234549544710506e-17,70702.04314755282,0.27659892083790033,73120.56019138105,0.003214787544085207,7.703556763531335e-06,9625344.40874772,0.007959800731194415,0.044156767657788656,0.05155386538339203,0.24187548169927614,40.504527349743626,7.083911433869147e-05,4.674259997316275e-10,1.0737101160543067e+29,23643.64469898412,414265533789447.56,26571.568676294224,5.0653745869736216e+16,36904.95424126118,9.31636006814262e+27,36301.351410723044,1.6447558393479736e+27,986.4987787388804,7.070878251570039e-06,54075.98979059947,5.940183539362705e-07,12005.184426144937,9.75447281136244e-06,85099.27922996457,0.0005732162280107602,35972.68162393257,2.1705466635409935e-05,4.130937121332825e-14,0.6421586231617271,1.2012932124042154e-07,0.6372259676482175,0.3627739122224613,,3.773041849913877e-09,128318.03805068828,1.3194119519602082e-05,8.511347115807853e-06,oxide,mixed,mixed
2.501200908819481e-07,70937.2605192224,0.07667659477266538,49473.99913725241,6.356003765497032e-17,69449.14132915797,0.15133070001531912,154095.66636844733,0.002349820295594887,4.284063053514262e-06,5284195.00740216,0.049190372179701666,0.0056350904409438,0.08145511589534196,0.19966827374748808,70.6439175602898,0.0002906865459986627,3.0510551429098516e-10,8.119073093655457e+28,17967.71805468478,593984780990413.4,28868.55925111438,5.500096796599794e+16,40965.78902758923,9.294169778529826e+27,32378.668228591036,6.181827989494563e+26,824.8945955886184,2.695371338778604e-06,56292.23857166706,7.665532615216294e-07,33445.89628276155,1.5550682461125754e-05,77533.95431120493,0.000734149957274547,19723.819419667558,1.1601179625607748e-06,1.4902784019469865e-14,0.37762397357750965,1.0233903295170855e-08,0.11909559825829613,0.8809043915078005,,1.843065012381873e-10,3904399.3513079067,9.806102130913077e-07,1.7950774946946715e-07,metal,metal,intact
2.7119186384476445e-07,65480.10051006731,0.09682341220370805,15276.4163973555,5.3772093936257784e-17,69628.13585240845,0.08467629286269945,103786.5417863966,0.004742574160677065,9.29838686221863e-06,8656585.763681645,0.05900470214381644,0.05795574709057622,0.06486091173129972,0.3328810894746343,99.37620848785407,5.514875901391482e-05,6.340380441280618e-10,9.513988981920759e+28,23861.8085801658,51214553607816.016,25468.473204794467,1.3892368380600392e+16,46496.0827526574,9.548557520423054e+27,20770.39547897112,2.2352243320981476e+26,1196.0246644365188,4.597327700247251e-06,40346.48586646971,9.682760483970107e-07,47256.57415751255,1.6767893104225324e-05,93884.9741341248,0.0008018762228534212,13411.392616834415,0.0006544108377265704,3.4961933074539654e-12,0.6077305459983671,3.8000365658891807e-07,0.3815690361832824,0.6184305838130609,,1.989263027493282e-08,2075136.2761193484,0.00046271512923468073,0.0001916957084918897,metal,oxide,intact
1.2026297056454655e-07,74151.10406177829,0.021533962707419335,49678.049094200855,5.630531916196557e-17,69908.24752133217,0.17829345337002822,84777.21419957017,0.004156253721690401,7.506857222188277e-06,6976017.871644101,0.02763421690782866,0.037232932346544234,0.01851447470835578,0.24737503542675857,11.832396334028116,8.929221601453894e-05,6.714256493133894e-10,8.759900978141136e+28,23937.587466215125,469921695955623.94,29004.56820043395,3.5763682972995484e+16,36391.24966697678,6.852265862950924e+27,35112.25311790457,1.8800583475321774e+27,1060.7282244559456,3.4845580774769426e-06,66733.40023554045,5.672823153850312e-07,27319.646814585354,7.331007741476352e-05,99122.10198837571,0.0006341459655649994,36510.03304115774,2.6419582037354913e-05,2.4462035983619947e-13,0.5377147560560772,2.7648697503128145e-08,0.2697149811952468,0.7302849911560558,,5.633767337064108e-09,3447705.6540164165,2.3527318629166268e-05,2.892263408188645e-06,metal,metal,intact
1.9713324716593152e-07,60722.09135680669,0.0035363196803564834,8073.806792667971,6.3505386831517514e-18,70390.8372677121,0.32577859092927686,90349.08679823477,0.0009216327026531207,9.120656471053162e-06,1178979.3529345256,0.03549015240950235,0.08228744568081592,0.04236011858837069,0.36704491999717215,12.260960748445774,0.00034106663172016734,5.601334455475209e-10,8.528027929047522e+28,16476.150697540146,389562275574966.3,29107.943489768073,3.4795357846216708e+16,48481.499322173804,9.397688753601413e+27,38222.735585100905,5.369426193571471e+26,755.1861818452579,5.901496995196681e-06,56135.56398158858,6.471454196786385e-07,40425.375877480656,4.047793115457131e-07,82036.44613521548,0.0009360833559730227,33798.004597630905,8.1541681946857e-09,4.7099693869806306e-17,0.13509830399868528,1.326634597918999e-07,0.6178686963924016,0.3821311709441386,,1.9321764084809957e-11,12354.62235131765,4.2319605978633355e-09,3.922207596822364e-09,oxide,mixed,mixed
1.4973966512387485e-07,61530.889646656,0.033376733997744414,14125.152142737898,6.320337682339505e-17,69680.22685485349,0.15012815855938322,133804.93554947682,0.0019641885850962366,8.362374806405134e-06,7592321.08962882,0.08992963283466626,0.08918302856168327,0.08862789404430728,0.04927428158665205,16.113569473440418,0.00012993417149649122,8.035418232411443e-10,1.0095103588329557e+29,21082.431675735257,461877882487384.06,27269.68733593907,2917827396026366.5,36914.67827863767,7.497398058876981e+27,39256.82276365411,1.423007203025296e+27,815.1988148512675,5.606947545329495e-06,46749.28234997418,8.799722241417172e-07,16228.171827292661,0.00011634964273202709,79343.20432619614,0.00046483310314776404,24067.943865215108,2.790825546373846e-06,5.392345608014988e-15,0.5875296702258719,1.3985503213081113e-08,0.3759154744861367,0.62408451152836,,3.178320361447439e-10,283386.53955438663,1.0507714778570173e-06,1.740054068516829e-06,metal,mixed,mixed
1.245926619196776e-07,77459.20204609801,0.08452621836555455,40937.43793577927,8.709545416938268e-18,70255.3974714103,0.2322324883819552,44272.39336841228,0.001675252104416912,5.252545165151693e-06,4435377.707778001,0.05713825113585399,0.07796250605462024,0.05660897997181435,0.3733734013112807,49.637501004008605,0.00046927942111781316,5.691584726988247e-10,1.1542806908136013e+29,18554.349841791704,430803514322047.8,29298.90975368713,1165225296575413.5,49825.900619624736,6.969918206549462e+27,31315.210679760195,2.07620127382281e+25,868.0597001514884,7.622845809134063e-06,47136.92257150235,8.147056391473119e-07,38879.93654981651,0.0001003365732101698,88150.94702489229,2.3524487916888553e-05,24628.208071104997,2.550564517050555e-07,2.010782422918966e-16,0.35192298999084526,5.275714691050508e-10,0.37652312533213955,0.6234768741402892,,9.042407950253284e-11,7718.497172751085,6.245705310065909e-08,1.9259939860439642e-07,metal,mixed,mixed
8.311319128760644e-08,66863.8810776049,0.08433812703773146,22826.616292427294,3.858734154312746e-18,69180.34338781542,0.2820938974980028,49983.02473092034,0.0020709937571056127,3.9899360589855566e-06,5067339.267236373,0.04184965370590513,0.06645782704041682,0.07132882868483127,0.40061740523918044,5.095951927371305,0.0004624147176791118,7.527582646995226e-10,8.403183705548574e+28,16560.57002387552,774786614868498.1,29807.162938784553,4.051109565840717e+16,48621.8554858809,1.2589758007385073e+27,25629.3860599272,1.3213974610226628e+27,759.9151388947232,2.064812936721898e-06,49095.94312582723,6.739502278660913e-07,18505.473030080604,6.402499591061387e-05,83148.29231623281,0.0006196524961832421,24549.450300419372,5.1680232118239835e-08,1.2436632956217483e-17,0.45891806848885897,2.7026376657642294e-08,0.17765743525124525,0.8223425377223781,,4.336490293699903e-11,240.19649862039168,5.716611608353084e-09,4.5963620509886754e-08,metal,metal,pinhole
2.800659257958274e-07,70008.04836988513,0.01807888458758872,4007.63962689955,5.621163807677795e-17,69858.71782598199,0.2986220404478057,96916.69791780808,0.001594537226768082,7.769109354371517e-06,4344072.464172677,0.05825492236072279,0.08120973198388227,0.08652852519972204,0.43026303400142457,46.979689800126465,0.00026580750447813034,7.707813986799836e-10,8.018534118843043e+28,20270.151074455876,652305502068257.8,27251.798183715895,1.8949612794104064e+16,39699.7690899456,5.357596817059482e+27,30085.856257102096,7.309182606942099e+26,809.9147758956196,2.791176441795391e-06,46822.22215814834,6.32264856077534e-07,32412.700508989125,0.00011904368336494488,86659.59331867147,0.00047285381581662565,21201.529294309883,1.399198358378746e-06,2.5881400108548857e-15,0.3316884072763903,2.1109467462956307e-08,0.42110640087760787,0.5788935780129245,,3.2064622813231105e-10,44136.72201180405,4.835076936122596e-07,9.156906647664864e-07,metal,mixed,mixed
1.583824110367523e-07,60986.4935185378,0.0902052113483631,20299.77079100259,5.143296034839407e-17,69883.00568742129,0.39943337439628546,111066.8178875244,0.0023958436494032976,9.947722412336091e-06,6026608.3129853085,0.06937521132608956,0.04505526970422748,0.009771286827054531,0.23945159151204276,42.15584828437063,0.00044971872856544093,8.978028792131124e-10,8.763638346780214e+28,24590.662309884654,617682696597997.4,27623.583031377824,3.4867032750632412e+16,46942.61350161327,7.77832458438953e+27,31135.040938556118,5.762448024571109e+26,663.2666707266791,6.017861011392748e-06,43439.011347992964,9.263240039800446e-08,9216.452697281933,2.6936968290147296e-05,73086.54565353088,2.115344928778094e-05,13551.97929574764,5.974477763906437e-09,1.2777118200989912e-17,0.31310861074115337,2.163753905291812e-10,0.46164641459764433,0.5383535851859803,,2.257137688228219e-12,34233.89851127469,2.55426112559409e-09,3.4202166383123467e-09,metal,mixed,mixed
1.9585704013163873e-07,72208.5718521419,0.006129202257166305,43469.582654653044,3.038581623153434e-17,69409.88127999837,0.35793209331024495,48567.327704847805,0.0024163266325444607,8.846565135662284e-06,2992139.33782808,0.04566530634687227,0.01016867509994776,0.075192966161659,0.46906874134734977,82.25907660865886,0.0004888806958389908,5.52024612499302e-10,9.949646603187206e+28,24338.506786840084,497947751259198.94,26058.722096269066,1.7363680626509226e+16,41982.92517040155,6.713803348945335e+27,26075.502921554573,6.1142185244005476e+26,1160.1690326982553,1.432075663639528e-07,58297.23279973722,7.14257571889948e-07,34775.11806071689,4.783175983184266e-05,96459.08861023575,0.00044628139395791174,11719.224879272562,1.951237499935388e-05,7.608874628720133e-14,0.4664000530345012,6.877379775853408e-07,0.48097446608859673,0.5190248461734257,,2.105257164070856e-08,85272.87571537508,1.0750146217852527e-05,8.762228781501354e-06,metal,mixed,mixed
3.863406502872694e-07,78286.6825728775,0.024436609848734123,22577.916465972507,5.334666742043324e-17,69666.07556844363,0.12038847829718347,115545.38689013166,0.001970663233668897,1.660223543773809e-06,2098404.4275055393,0.007561040873165981,0.03769216742887304,0.06454055250566637,0.24820861258784022,10.159282798574058,3.3723915459108085e-05,4.3396849717370514e-10,9.735135667715386e+28,16447.176761577935,303521113971663.25,29613.513223601847,5.6541863073334504e+16,48226.481838881744,4.501007220421008e+27,27748.038403739854,1.0754220058086528e+26,1185.2367182085868,5.360591606060881e-06,61588.80069706676,1.7812614587675474e-07,42562.75893450856,5.1262040275062715e-05,92030.16246386919,0.00042197921104183614,12384.657788711527,0.0006579093436121819,1.0371402176668289e-11,0.2544841510356198,3.943411753348446e-07,0.06438567371092713,0.9356139319478977,,4.204606211145642e-08,1808336.0449399163,0.0005815121026582618,7.639724095392009e-05,metal,metal,intact
8.474423520352636e-08,73240.92867310782,0.0794029413202772,18469.121513719045,2.608518780554486e-18,69360.98266086383,0.31051940753182494,95464.3060711847,0.003721879189819154,5.840189632747842e-06,7313390.763418065,0.07802305481714261,0.048552646925531774,0.03201940900857179,0.3350584273011949,85.30572493795933,0.000372945353148972,9.61896541290479e-10,1.015377986662694e+29,19925.98966636324,422516715621494.9,27060.98069674867,211024155722907.84,43932.77537399453,2.618019038805834e+26,24545.791654093417,8.396469113470464e+26,1265.4627386262132,6.332193525244129e-06,57336.712494224645,5.554144811732628e-07,43654.62530972902,4.274256174114341e-05,75099.67375957326,0.0004385687840847753,26366.034842702345,0.0008859464662185888,7.906661626787135e-13,0.5606352692072861,2.3355224169960145e-06,0.36879604130175736,0.6312016231758257,,8.612121947254876e-08,30743.491408855436,0.00028809521082488043,0.0005978512553937083,metal,mixed,mixed
3.1531800106404156e-08,64103.4957343009,0.09906728556919225,2253.569036487515,7.208353135747273e-17,70004.76088890353,0.2976704216687216,73582.62265307945,0.0030692152376569737,1.8513846668491141e-06,7668189.763180189,0.03413583162164514,0.0027825415937327985,0.03294238605760295,0.14112172430403006,96.86683760614683,0.0003493537693467714,4.441265237011974e-10,8.77932498322036e+28,24112.853779546836,259716928325281.38,29941.93602408936,5.08519331262228e+16,47979.15983151539,7.071186105892316e+27,24751.87411565903,1.2494251688262002e+27,1050.4293122892814,7.506556965566067e-06,66805.49215413621,2.931273791047596e-07,21444.540651347514,8.357761378731662e-05,98765.36972977019,0.00010525294759296429,38733.9995754606,4.092449121792107e-05,2.1587614243279127e-13,0.4929538936988256,1.4678492595054753e-08,0.11523106378503328,0.884768921536474,,5.373750890820626e-10,5870965.279174309,3.769380697577098e-05,3.2306842421500896e-06,metal,metal,intact
4.239461654040307e-07,71453.63115069258,0.038757615154472555,15499.236026340463,4.1297557901437586e-17,70084.0193450777,0.39411451065699743,141223.52784378445,0.002514404607914832,7.2309398336660996e-06,1960342.9790131133,0.05461702708249095,0.09287022877314634,0.026832817815213586,0.49173704886152847,23.224119696648366,0.00010284629036286529,9.996678207214952e-10,1.1047133741876666e+29,17048.496001749823,15635758404508.186,26431.11747157128,23526926044221.875,37334.83264957769,4.406196613077797e+27,20692.333006290413,1.4146808512021182e+27,950.0168854908627,3.4969333654375024e-06,56277.15128955876,4.0567025855316506e-08,17825.324897615166,0.00011102611439474066,75215.54611515693,2.666376849899553e-05,21443.79043062565,8.674792259064445e-05,9.823330672220297e-13,0.150090167186403,2.1823477794348878e-07,0.3498744516425797,0.6501253301226424,,9.914303855538138e-09,660080.9009467335,6.615636125480065e-05,2.0591561335843808e-05,metal,metal,intact
3.200071783942877e-07,68057.24503256605,0.08989709896891586,34668.579630127664,3.895943241521229e-17,70559.45695336824,0.2756726559800694,109486.26285588385,0.0034535726733975086,9.107897124181493e-06,2661806.549020985,0.06569993037094558,0.013528316852849312,0.01669059752027336,0.2633841948582265,70.49430152463175,0.00044851105977281947,5.192398099633857e-10,1.0439086280681939e+29,20471.214221223312,326309864813958.4,28112.89153324724,5.137715164424123e+16,37066.234447262905,2.543455361115505e+27,36777.75110601893,1.6849495413082513e+27,1125.479847405536,4.71603752931827e-06,57986.62051057323,5.254114409833124e-07,23745.443152637774,2.805717425247418e-05,95726.3123693444,0.0007297535856093832,5942.789040876367,0.0006663974125942749,4.45438398235499e-12,0.44479719426132897,1.6463759741069605e-06,0.5342720800789341,0.46572627354509183,,5.7769308613088725e-08,246337.69340430922,0.0005021610231405367,0.00016423638945373825,oxide,oxide,intact
1.6513153760201243e-07,78626.75447465971,0.0750183506549251,49857.80958307871,2.8560215159151006e-17,70933.80180497798,0.20033685546618551,34930.70340580458,0.004414851895594001,5.217924908537992e-06,7777918.277209339,0.0874346978389441,0.0842281358638828,0.04946613202779424,0.3439164274438545,14.185822747865554,9.243678523320771e-05,3.5519362946272105e-10,1.1770113162926817e+29,16906.338894618326,183899846049426.38,25429.414969124147,2.777550421232989e+16,40728.06755497942,4.358178714373689e+27,28315.52233196827,6.543997378439265e+26,1241.2352323839275,7.790336062753575e-06,56614.36313616592,7.94236262464512e-07,24541.335871941534,4.105394653871805e-05,91997.69388375418,6.668836756695281e-05,32590.588273237987,0.0003036007915446507,3.305332482644856e-14,0.6526617616858643,3.3711435433481804e-07,0.0936255129409404,0.9063741499447052,,6.160433655802562e-08,243.8525177345171,1.368286310950114e-05,0.00028991792843514956,metal,metal,pinhole
4.103153887655046e-07,64436.63147851821,0.00907689055150701,4883.2990677798525,4.996491158397885e-17,70992.09093037575,0.38729048982940084,94607.77111044673,0.003899530990459668,8.467525446626334e-06,1442048.0240906477,0.04577515883310272,0.0033854887369609435,0.04429350337270992,0.43847552392489497,45.4665878427618,6.75584289796525e-05,9.082667651648084e-10,1.119126451046359e+29,19787.981250480065,560113948284029.06,25306.407605992074,5.784690348235674e+16,43698.450289842585,6.417056380607343e+27,24811.176817419095,1.3543576437942682e+27,716.2432882421363,7.287824851545455e-06,55341.82340150538,3.552873601088684e-07,12229.828690443559,0.00012930915084407178,74427.3562545461,0.0007904574756091426,38633.351719438295,2.1599546393907754e-08,1.1549931173583944e-16,0.28739048155373637,1.3184211969054558e-09,0.5370077384928921,0.46299226018868667,,5.1595826722254286e-11,27313.68805068813,1.280998310125479e-08,8.789563292652965e-09,oxide,mixed,mixed
4.5613213455987274e-08,75420.60998779295,0.07049731916644834,35557.929378925954,1.489724751213428e-17,69693.52446157929,0.3715133535410779,61919.03099272349,0.0012308782232381022,3.92377303935481e-06,4594093.429638343,0.0903428384056649,0.015515054870229139,0.026686432497365804,0.10503731477698094,65.06816999970323,0.00035364857035419825,8.901746327729908e-10,8.373298047200702e+28,16747.136073662634,500640716274629.8,29984.97381685059,2.1854105750780892e+16,39455.5633410461,9.139380392805974e+27,21043.76049469231,1.995137189519733e+27,634.1046681772885,8.228644600142772e-06,48888.9354204508,9.780645591695113e-07,47805.56378420088,2.347864835266447e-05,79650.36139708647,8.518863208689519e-05,33897.63368411479,5.259929686684027e-10,1.3049735942228496e-18,0.11802694110618527,1.147728631420415e-11,0.4473728039169975,0.5526271960715252,,2.3668728916269753e-13,689708.9944236873,3.7953380518055386e-10,1.464591634878489e-10,metal,oxide,intact
6.780189775530922e-08,76549.96000479675,0.037373479781150576,32785.82286785009,1.625644909330081e-17,69868.21699669014,0.2650044129511523,23261.591943885902,0.0019481376411057958,4.591663638779019e-06,5638432.594806521,0.0992289578474329,0.008376433572390948,0.046552680684391494,0.22367827110897023,98.0716709995739,1.5313988902375034e-05,9.58259985831604e-10,8.891357632150436e+28,16899.657704438843,628110401511934.6,25914.406290338815,4.948627323138274e+16,49198.10633019546,1.8001603958783155e+27,22278.57719099691,1.0046502962878137e+27,1270.1939342439573,1.2182824946215124e-06,49561.783182051084,4.933544666867512e-07,23085.767984438724,9.246892704214262e-05,77943.23432257828,0.00011049262433146076,22615.66437190302,0.00016482683962785026,1.0785043125963227e-14,0.5680575643625585,1.6469477138530758e-07,0.1103058673177987,0.8896939679874298,,2.777885567685963e-08,85.52630747424203,4.6992318226100275e-06,0.00016012760780524023,metal,metal,pinhole
3.4976183788649645e-07,76198.77184126765,0.07863588671552289,16285.115876422147,5.854158740659461e-17,69607.78023027262,0.27510924369852313,132612.47543350764,0.003485033788347852,8.545708987422463e-06,888141.2568560027,0.09849620224151868,0.09968221592097193,0.0749989809439257,0.08413196671203171,92.49511796862673,0.00026742369987988346,8.546287559295756e-10,1.0593433797788535e+29,18100.307865688606,140746723867399.06,27452.24045556398,4004349468242871.0,47169.4995826814,7.057366301528618e+27,30522.820932671675,8.436650922418906e+26,992.3395576586472,5.94446108248383e-06,53810.93280434006,5.070877016382853e-07,42398.72640630361,6.080377721671835e-05,71465.33071248219,0.0003895240352502883,17562.881831070023,3.63196402037521e-05,1.7900947125927086e-12,0.19823389217023812,1.5506774645099584e-07,0.12096199618145068,0.879037848750803,,2.839806085279127e-09,608181.9384324672,2.5030495630098255e-05,1.1289144573653847e-05,metal,mixed,mixed
3.1243597363676947e-07,68586.81526978698,0.030360731147970887,25712.02096259324,7.433648864171176e-17,69108.86803873235,0.1312809079682209,99796.95809651808,0.003089889806089201,5.953680434812646e-07,497869.033862648,0.07199284495156423,0.022067466331780722,0.052503823336313225,0.13706219447598372,68.61500120721506,3.8010706113181825e-05,4.5196653957578284e-10,9.914273220418379e+28,23225.103360454417,439384920854785.3,26714.782819642805,2.893922645507096e+16,41306.27383329884,2.0774664878898082e+27,26937.062227783143,1.53252135061238e+27,739.4797489305206,9.014756063783568e-06,47512.7666763309,7.79437108133832e-08,27836.400653453915,7.003815388790983e-05,99537.58698967457,0.0006948778496847883,22493.7538951324,1.25318044779966e-07,1.472137335165731e-16,0.05432191318292229,1.4324598891865835e-08,0.4310483099238873,0.5689516757515138,,1.942004206782014e-10,81158.45650612653,8.879281855682945e-08,3.652522622313655e-08,metal,oxide,intact
2.589563993557626e-07,62158.76964316428,0.04119949934530017,6536.432628704211,5.033022149331944e-17,69244.15437506045,0.16638950822617865,152578.75995218122,0.003464496114346646,8.563880650013607e-06,337496.5183175259,0.0723416558940857,0.06266936981744199,0.09479092719812945,0.08559479845196397,95.12194177394608,0.0002624044729730494,3.433739672499518e-10,1.1989008075650359e+29,21873.039519066617,443192806410977.9,25861.75354893996,3.937661069978273e+16,45512.149818125254,1.8847963891423304e+27,37926.62963480802,9.33762851396835e+26,1183.4605194205665,4.339606974387253e-06,65599.22081743888,4.431776253876789e-07,44743.432840085305,0.0001311712459015567,94353.7337677063,0.0004817810949429726,10245.347106383262,0.0004682282457856336,2.0732434137227673e-10,0.17262026163522867,4.562660427500272e-06,0.02368712180357799,0.9763083155359944,,7.103266221068637e-08,316193.74023472576,0.0003580646826281618,0.00011016356315747181,metal,metal,intact
4.3080832067869024e-09,65772.12633894749,0.0776979668111783,3981.2309301011533,2.4142325814588966e-17,70341.26913359869,0.11683309891675536,35736.37628960804,0.002998564895965469,1.021344650419362e-06,7210658.230179408,0.09898736368896072,0.007189630239502257,0.0744134935888616,0.17699076959907942,61.236129113683745,0.0004979974042326279,8.256727061942376e-10,1.0611035684151626e+29,21122.335708980467,103428294495218.28,28798.607453137844,2.148135316492635e+16,47297.73006048311,3.5017355763030914e+26,38440.859267856154,1.4587085526194068e+26,642.422844139167,2.992370093867965e-06,49077.66278390695,4.636670068960108e-07,39834.69351453443,9.59704176254794e-05,97880.59439777983,0.00032963498127182067,23790.083501738958,6.121447289187174e-09,1.1440381324949017e-18,0.16117282720670886,1.315719384660043e-09,0.35146267646916607,0.6485373222151145,,4.797260977605785e-13,93328.78374405635,2.184353967504137e-09,3.937093321683037e-09,metal,mixed,mixed
2.897813301683202e-07,63147.049620938866,0.031606768261040974,13422.860838244374,1.131184761364378e-17,69489.33636132392,0.19396628956864223,119535.29744542686,0.0007257834920090034,9.348033660556194e-06,5106477.557612908,0.0025365536834458797,0.07857028721214375,0.012571311934407015,0.4449081170492734,94.21328309801125,0.0001527053809943353,7.208531521220653e-10,9.211421943818784e+28,15027.13244787223,625135413913192.9,28906.181438540196,3.62326905904417e+16,48005.67137533675,8.89852292687977e+27,36529.12058607198,1.30628740768612e+27,1250.8735214595804,5.663121688566401e-06,43043.14535839745,3.409240410831899e-07,6497.29667871492,9.149512762157427e-05,79072.35346082457,0.00036521943154312845,18249.511609214147,0.0016097353084908843,1.2980729226718137e-11,0.5511311603015695,3.2403488662073487e-07,0.4525208728224281,0.5474788031426853,,2.960469849096339e-08,1351306.3031636365,0.0013988408498034719,0.00021089445868741237,metal,metal,intact
2.4752668226345136e-07,73282.73177876753,0.08246968762902149,33996.58909983602,1.5263370930485798e-17,70754.9173804341,0.21350168064333208,77147.57688842714,0.004025929609835879,1.7241080233022662e-06,7441472.544619211,0.046833780144894824,0.07669408910257515,0.07650431016076896,0.48427121228144626,38.62848075521065,0.00029500057561560256,6.736335405410483e-10,8.863567280845627e+28,24396.79268625045,161150452520566.22,26229.26814964264,3573199156239209.5,36644.0367416295,4.479922609281025e+27,24049.74935670928,1.3174571110140574e+27,1265.0194124669474,4.8036463865057434e-06,50932.35879039687,2.4377288149865305e-07,5896.828811491152,8.741417691428507e-05,93458.88917877228,0.0009463568070944532,37803.568642154176,0.0017646041757757493,7.682157464404781e-13,0.5586599698050484,1.34096987894122e-06,0.4941468691024701,0.505851789927651,,1.125670761911793e-07,161689.74561372277,0.000828868035277177,0.0009357361404985724,metal,mixed,mixed
3.404841271121278e-07,63590.783875882546,0.07195766969891836,30106.21416159451,2.1826675639489457e-17,70689.84818025985,0.10969743828557818,65193.73651543636,0.0034103526644034578,7.420847328274131e-07,9351260.710064901,0.04118868721674721,0.008925636796169395,0.04182097954768667,0.015546463682419302,3.716047906521771,0.00048225159367809003,9.46094092114548e-10,1.0879391176892112e+29,22923.141916305485,383303970653719.8,27469.08062786827,5.923496401299236e+16,44698.10891980943,8.279186795143411e+27,32621.978856441012,4.8279769287098095e+26,680.8456937302965,7.481231542294247e-06,69179.69531946842,3.988764352860781e-07,44192.97172293928,3.755848854189101e-06,87116.85862427531,0.0002036939429729421,16856.694015965913,1.4575440371151837e-08,3.1674030190612367e-18,0.16688890444395946,1.0012902970560434e-08,0.62626608227765,0.37373390770944703,,1.1312891457067287e-11,236193.01422787196,9.969033110400503e-09,4.6064072607513346e-09,oxide,mixed,mixed
2.541133831550585e-07,72185.83703931833,0.034232997127853354,10805.517852238112,3.855485194364421e-17,69179.22109351003,0.38021459201705815,113714.22609645147,0.0017122700877743651,2.271606716570436e-06,8607754.172353717,0.06176694825961897,0.04128568909855377,0.0630913924257747,0.21982577453485314,62.002314970052694,9.992641026215712e-05,7.163114140031677e-10,1.1484297909932756e+29,18909.846855539152,27230164231749.875,25327.11017130064,3.7973576479144136e+16,43306.31302798828,3.1074023638274226e+27,38165.24445291744,1.7377025777098814e+27,871.2576831042088,3.652936252198911e-06,59422.30449159666,8.849263715994419e-07,41427.349978142454,4.6954365182906814e-05,85186.34845982048,0.0004775145544134069,19228.98435450374,2.04129946430979e-05,2.488298551731804e-14,0.42327880362120435,6.44204581605458e-08,0.3983208204006156,0.6016791151789261,,9.902225975014972e-10,1818616.0589318308,1.4495790922524581e-05,5.917203720573318e-06,metal,oxide,intact
2.733453775855795e-07,74328.21198843379,0.019054973517923023,20353.509030539994,1.28157157778482e-17,70331.51842683041,0.37489068457087055,157870.68424749494,0.004620711630466954,1.3964392699347488e-06,6254483.363414618,0.0686755505617337,0.014751809663706506,0.09018145789226507,0.44048814364114874,73.21064492705949,0.00040696373997022706,8.054441409679034e-10,1.054954591899995e+29,22917.40993251585,284545782602672.6,28168.982710330147,5.161477790598121e+16,45796.67859898937,4.538010851132459e+27,37313.25018272005,2.516745698905903e+26,1168.2292038488026,3.2458723569840746e-07,52570.2545803625,8.156446961106714e-09,20560.177501969458,8.281441251361159e-05,83891.66641700463,0.0005941222373496096,31484.142396289903,0.00030769092964895895,1.2180431865451664e-10,0.1437029575279166,3.708167622968231e-07,0.0009249025699275738,0.9990747266133101,,3.281560096400469e-08,6234741.3244289365,0.000254224372945861,5.346655670309796e-05,metal,metal,intact
3.382774113422242e-07,72906.8339668098,0.08079906932787825,2737.3057873050084,2.3130186926221783e-17,70628.44813409384,0.0989319146898504,72287.02645546949,0.0025862816853061683,3.835875490814876e-06,7137032.338561151,0.06557318137857353,0.08924794787320538,0.06523136087295495,0.31648504650976406,30.926169520416934,0.00014481003437984317,7.858425276107117e-10,1.1099749760699535e+29,21332.906621213482,89098497799959.86,25314.146433996582,2.106033254922907e+16,42985.568524017115,6.734179463975414e+27,29601.19343311365,1.7435957791010292e+27,1270.4260313928507,7.378686011730535e-06,53011.0791839202,3.25710151780495e-07,33564.87612750333,7.774233845123109e-05,94578.58611221367,0.0009922847518518483,5483.482825689744,0.0010293955612666217,3.766361741612838e-13,0.5191352338175745,1.379892151664779e-06,0.36720380693566146,0.632794813172187,,9.19034010524128e-08,7653.760633475024,0.00019789256245095606,0.0008315029988156656,metal,mixed,mixed
2.723061461973965e-07,71415.4024441534,0.0993692962199219,44791.214733302004,1.8979514190715434e-17,70882.03907069398,0.315651444300765,35496.78191536456,0.001241196898167556,2.7013295988896818e-06,8581243.72343786,0.013417403775714973,0.04828466714377314,0.09583178200435037,0.07567950760532842,51.861209042717604,2.8613948286230666e-05,6.54030469313986e-10,8.31491544576908e+28,15503.81939639653,626876896367539.5,25250.606932090795,4.539123768187749e+16,46566.38689948884,5.151873277583838e+27,36854.17065053787,2.5393412885410827e+26,1054.8913537765304,1.8388585435613136e-06,55173.583912673865,2.3376071246843687e-07,44697.96320756137,9.88117882649171e-05,73481.71080742011,0.0006404994980842267,7440.294743519438,4.0939681002203395e-05,5.8428743285424756e-15,0.3672763754712865,2.719084425494074e-07,0.5809074261314129,0.41909230196014446,,6.4777121057853155e-09,597.676430153985,5.2934994229697266e-06,3.564618157923367e-05,oxide,mixed,mixed
6.892253388510872e-08,78757.91850630078,0.015046173031459149,24429.049421397536,7.727200120750088e-17,69342.60235117399,0.1864035215243343,30380.483463662913,0.004876742266839443,4.973858099267548e-06,2163419.3449358256,0.07086989088684527,0.02720588293254036,0.0728419731463331,0.21750207907018745,76.08811802525301,0.00032229470341679377,6.48224056133504e-10,1.0287769525458938e+29,19970.1855553907,515378738116628.44,26325.36135854506,3822265139584120.0,38875.247925413336,5.336893817600303e+27,34501.48039980512,7.008474513826188e+26,816.9717021908201,3.5634138029957913e-06,44639.38929800972,4.645182743957722e-09,13033.82901267601,0.0001236589999857373,73922.5634299809,1.2285810857710652e-05,22023.798320764523,6.197992837314526e-08,3.3275276117775205e-16,0.05860125739276207,1.4748528587134855e-10,0.3838110322970637,0.616188967555451,,8.169664371093523e-11,472155.9954198272,4.350861430544339e-08,1.847131406770187e-08,metal,oxide,intact
1.248501250792568e-07,68996.68476859281,0.07615680607017256,21999.2839407805,2.1312349563332616e-17,70918.56970347233,0.20474594701035412,167780.64869921556,0.0006136674054504408,5.9804307578825465e-06,1990968.187309952,0.002270445437487822,0.013043105720868765,0.07012574399049128,0.1827934121988917,65.41953279462564,0.0003592979273309297,7.464931946213387e-10,8.174670199597165e+28,18882.83846148346,93742660972156.67,26479.471514466593,1.4078496946548504e+16,47752.82217031779,9.994713684259644e+27,23460.361621844113,7.257691424387285e+26,621.2089784117534,1.6401236945095807e-06,63151.9483845794,8.035194889965458e-07,31807.794265624954,0.00012066617769613922,97288.72902186625,0.0001642390812563118,19271.644500036888,1.170297334137346e-10,1.2449895627663384e-19,0.1589889431589929,5.224170142169823e-10,0.6645895412680645,0.33541045820951837,,1.3749142460065626e-13,192.24291730377388,2.660304159053463e-11,9.042669182319997e-11,oxide,mixed,mixed
5.2819786835138054e-08,71478.87374173294,0.07000290773928204,40236.52216412731,1.5095139343566652e-17,70727.14553291685,0.11997025342733281,63274.025054610895,0.0006528807003612984,1.259502148227637e-06,123742.70795765996,0.07362409988126438,0.09551093485284781,0.0799247400492767,0.3791336386146088,72.6445459580556,0.00037046543210735397,9.427826781935871e-10,8.597043396983849e+28,18357.642204838423,168332709845037.28,28146.078617452327,4.146899769111841e+16,47204.326252953964,2.2045937066902216e+27,39693.81220712481,4.9639589410324955e+25,642.0367989398703,6.36967303880831e-06,57612.33850208293,9.13725423600342e-08,42015.74947671221,0.0001141992473648543,74048.14192418705,0.0006188883432634662,8865.47374621379,1.9472204856877871e-10,5.7024970120197675e-19,0.00975746473199784,6.121702712726917e-10,0.4382771754049443,0.5617228239828854,,5.081790724379548e-13,6538.452732619233,9.216090168055708e-11,1.0256114688822164e-10,metal,mixed,mixed
2.0441870885356757e-07,60942.927479843245,0.03105256999657669,13271.366366600658,2.2019469708775503e-17,70763.64361810578,0.10818255742260581,79524.39300162958,0.0033870970272075174,1.4151349640213567e-06,289154.88297597755,0.023403343998397635,0.0276583785262661,0.025012727114463503,0.02252050311861747,13.332983749435368,0.00023805935112615354,6.700740014561305e-10,9.311272848005482e+28,22318.16609205601,324969156111885.4,29588.45122581364,3.786227350591699e+16,39501.92865891195,6.690348048609993e+27,24353.837278163217,1.7698246420796665e+27,981.3100184838254,5.095509890706763e-06,47860.590496461446,5.958806275571688e-07,25965.255110129485,2.746158286926101e-05,85911.40317996147,0.0009707435720557227,32483.432395736505,4.150969146021474e-06,1.1011362025564288e-14,0.18117317012956333,1.8620176167728574e-07,0.6085931177003402,0.3914066960978982,,4.4582651322645556e-09,12506.224217308007,3.062147399508731e-06,1.0888217465127433e-06,oxide,oxide,intact
2.0549054305390042e-07,78820.87030955308,0.050256165960336205,4105.841055054596,6.756474292707469e-17,69786.33904032066,0.3307261589368432,117619.597121613,0.0025243314187748675,7.437816336578844e-06,9609125.265024727,0.0017582774532892505,0.08232028649197574,0.0026694753360860094,0.07330270593827126,41.933196802625076,0.0004857743973956037,6.059265418608516e-10,9.052022525250991e+28,23850.20023268669,18133519375387.08,29843.192527629475,1.944758340821658e+16,41226.55672892265,4.3425177429489454e+27,27602.20042485983,1.2555260958772845e+27,831.6217109041156,2.789624696608608e-06,62415.712883901695,8.670067418935216e-07,23195.087974268576,8.471619424882427e-05,78205.64798538973,0.0005572089353133543,22819.482747814473,4.572581104938577e-06,1.3277776953616627e-14,0.5602261182564039,2.8331706776816243e-08,0.584841572411295,0.4151583992569981,,2.6238839751996525e-10,823017.9290983671,3.578913092178685e-06,9.936680127598918e-07,oxide,oxide,intact
3.173150181358113e-07,74700.08550249321,0.02067811129858382,47926.30213234311,5.860245453045058e-17,69148.63125468753,0.20621442005426543,135208.97707845905,0.0035174289401921645,1.9975772824952607e-06,3917477.6527714613,0.061647151490352534,0.08415086129971161,0.004953265936374299,0.2619739708634981,85.4115514798368,4.5793611146072714e-05,5.797102842441639e-10,9.883502305466672e+28,23361.46411987908,37679869931956.33,27297.583381963028,2.9792490243539584e+16,38850.34946535689,9.289666108596173e+27,34527.15127757399,1.5122122131711213e+27,875.9259151069566,6.6338542457508e-06,48532.0866873687,2.758232336010142e-07,43838.502062850326,4.360043559155191e-05,92673.73560061703,0.0002818887650259155,26194.90801221093,1.3683455590628412e-06,5.585260947485105e-14,0.20640503844037936,1.5653524810524658e-09,0.020947261179626954,0.9790527372550206,,7.775542058278971e-10,3730972.011929372,1.1583987052638407e-06,2.0994685379900058e-07,metal,metal,intact
1.0322696782287456e-07,64661.803914004005,0.03781602999853262,37032.12964784459,1.7312622074108265e-17,69414.80941174866,0.22712004954361437,156451.6966000019,0.0025281017783678797,5.316005500948681e-06,4018940.5461270814,0.0799857690051227,0.0014475025720541363,0.05189914853810229,0.17186511274604496,57.019812686529335,7.50261222784369e-05,5.01735906887633e-10,9.362134034344537e+28,21267.45218477196,202629875401518.2,26166.8997997613,3.8949362739958696e+16,42378.120897578316,6.372511594839956e+27,28715.779543757046,1.9295920355657068e+27,764.4369678982239,8.546370069205607e-06,41263.206307692846,3.159329693892374e-07,22362.79368077033,9.096378078774455e-05,93044.4850994674,8.680518163798664e-05,21548.092064756,8.607078118980119e-08,4.901643595255868e-16,0.30761812875202854,1.6715211939930443e-10,0.33594588404517467,0.6640541157876734,,4.035417007150869e-11,1335970.4510442398,6.803003047703953e-08,1.8040750712761657e-08,metal,metal,intact
7.853237038969724e-08,67592.25709547926,0.08568263107524894,44630.17811300572,4.1929377880025605e-17,69143.41417295454,0.3204915869347419,131900.0367935768,0.0014136768137531783,5.504959733196362e-06,1513478.2234744153,0.08893193525840154,0.08143884692413733,0.01401709577932605,0.3868232175637294,36.36069190597233,5.2489885834455287e-05,8.29918102268477e-10,1.1866342585308362e+29,22390.945609752674,212230070050180.3,28894.563692367155,2.950155493607141e+16,35163.16208020291,6.585227141948604e+27,23884.164636172165,1.0876415304995381e+27,1259.7351095785011,1.2419163340625067e-06,55935.677059328475,4.287006635418812e-07,24652.536549388285,0.00010486572398713268,88264.19052927416,0.0005125684037891511,17288.29965922646,0.002862693602493557,2.323280028022781e-10,0.38077465434137925,9.838045833365115e-06,0.043231160491841565,0.9567590014623251,,3.553236110846046e-08,1344377.3493744817,0.00231472111198438,0.000547972490509177,metal,metal,intact
2.331268066731893e-09,61649.23432287626,0.0034034283250867305,10314.185015657606,4.870136499637215e-17,69390.9866831761,0.28112160866832075,97582.99703073474,0.003240501381837652,8.82949156739304e-06,7911814.648532621,0.07188793668414376,0.04138774510159243,0.07570216197952091,0.3087759074424325,15.774590677384754,0.0002928372025343087,3.0173055044761335e-10,1.0926083096954555e+29,23777.509510158532,461987339536033.3,29741.799931723654,3.0775190700472204e+16,48937.00888643729,4.154433177768669e+27,31237.246832239278,3.9927986908558525e+26,937.2549595168023,4.429821048024361e-06,52780.31822270111,4.5408828795770203e-07,7771.926086793399,7.026616715784388e-05,98608.89964340779,0.000899025690361291,37045.22236165992,3.697055644704726e-08,2.522562930966596e-14,0.6055731352613488,5.473838124618986e-11,0.0015569279062230435,0.9984430720390386,,1.707650637456217e-11,7882101.514606571,2.997426822844738e-08,6.9962882185998785e-09,metal,metal,intact
5.8376075547148887e-08,66908.68840276237,0.09643246497786816,4273.120636685399,1.5150560556002944e-17,69505.5265703804,0.3212584385493619,54496.77589503991,0.0005698413846540671,8.952674657067532e-06,5037241.92446659,0.08418611516514402,0.06518529130855565,0.09147199100825086,0.22444407594881988,89.62484920999782,0.0002778654668064167,8.129775814596371e-10,9.662433236112414e+28,17362.522024021593,581091495855115.0,27811.666589075827,3.8133075708531176e+16,35356.249407055984,7.514882503069414e+27,31657.999330395924,7.584522470861636e+26,631.0791799768083,1.575030788282917e-06,48916.932667664034,4.339999304868339e-07,14487.799920045976,0.00010118526249321953,99660.63127565924,0.0008578604308255396,15296.047637815886,4.0012792687264695e-08,1.1166948796983727e-18,0.38871394001016973,4.332545877350662e-07,0.058739779007220584,0.9412597877381915,,1.742509268275635e-12,1.9801898808190108,2.1239358413314742e-10,3.9800399103131546e-08,metal,metal,pinhole
1.262362379503324e-07,74201.48657721266,0.04961810897746985,32303.336881627736,5.3109527626848637e-17,69981.7093477405,0.39968490856941385,94276.49351390368,0.000881379229092635,1.986342730120697e-06,1869299.2176315377,0.09325726006693842,0.0020763130700974133,0.08712760825290483,0.22841765309480605,8.454680252228957,0.00039186834102277336,7.260570111650791e-10,8.092341398672314e+28,17314.62456817065,513987731978262.1,29339.69770225515,5.8634653322517864e+16,43206.5860290189,1.458026901496782e+27,21685.285525263174,1.27129787825564e+27,1152.76883884197,3.6902228995215567e-06,41664.6271358102,4.121232405467774e-07,26385.033986365448,8.086418073759055e-05,82025.75948736708,0.00044499342300154533,28648.379041338427,0.0012514599202689968,4.2798698855895795e-12,0.37052194011852696,1.3507258964317811e-06,0.2929861083023315,0.707012540971772,,2.90480721924752e-08,708478.4634465048,0.0009272731586149705,0.00032418676165402627,metal,metal,intact
2.678131531714992e-07,66341.97538102798,0.013397369390329837,24408.272084606175,5.195628423866645e-17,70265.96560507941,0.2659957888117982,41908.19154548202,0.004179467738707065,7.948327178081623e-06,3638393.7086354424,0.04970712808979867,0.014694317199773915,0.06741960347638701,0.2949982698874761,98.67928619138479,0.00025381349442704757,4.890128490070655e-10,1.0453787576640227e+29,21756.600129942086,674839357970148.2,27872.615206673076,4.6019050696115144e+16,43962.23380607841,4.6484290402239264e+27,31618.711311204046,7.412057884647974e+26,1267.992415237901,7.586456962648321e-06,62203.85048687301,4.904168241018566e-08,38960.6439840212,4.7937560392801863e-05,86476.08908242494,0.0007452098515149662,8421.575237742147,9.514273080305446e-05,1.682551040363394e-13,0.2199482343832816,1.5543445919928177e-07,0.3769040373877046,0.623095807177836,,8.396626422588196e-08,16513.479032761235,3.269820430034701e-05,6.244452650270744e-05,metal,mixed,mixed
6.519443221547373e-08,79498.36938800203,0.026222684657809133,10940.875426287455,5.1778441219940687e-17,69561.22462257768,0.38422193301993723,54823.78042377499,0.004339610270614259,9.328890143342189e-06,8814283.28475402,0.026781482885943526,0.047808292410693266,0.06447640697444021,0.08727460584158889,66.49008242453473,0.00034305906994142575,9.0891756474613e-10,9.8194302125084e+28,18311.856040639555,640571960701577.8,28208.52215910324,2.8066532636740576e+16,44159.05725828452,7.265716174671114e+27,38591.80671317356,1.3264862628595758e+27,1113.8541573153157,6.831423129646323e-06,52550.27499979024,3.6219433273193047e-07,49766.84263118912,9.693934380795814e-05,81314.43864216322,0.0009943770397368725,23067.270552877064,2.5117519516075108e-05,1.315324582236282e-13,0.4347390730000201,5.658990332146204e-09,0.40412368267092397,0.5958763116700857,,2.863242074160479e-09,1994585.919389723,1.8931707051101318e-05,6.18581246497379e-06,metal,oxide,intact
1.7102966335428713e-07,73119.87396060255,0.021090327370845704,11830.890986534969,4.813355922247988e-17,69429.68157014388,0.09865188414658707,138877.40917582798,0.0019097674385435803,8.572395466201592e-06,9527550.191980409,0.09158265978317569,0.042628506385726704,0.04744265328622515,0.10654381375681914,5.444524896591748,0.0002819729388390448,6.33627846056971e-10,1.1205164554269918e+29,23273.027146650238,31877794035386.816,28871.48429312483,2.0913094631546556e+16,48514.88414988322,3.721404580951922e+27,34458.22814566277,1.653384369858956e+27,918.9137354073639,8.844578334090648e-06,61550.426953677874,4.997278306718957e-07,13334.80013607954,9.839413215650966e-05,97616.60941986601,0.0007790875087808784,11665.213735191075,1.2571230108472833e-05,9.983981486830078e-14,0.599080446246787,1.8128980822423907e-08,0.2516460906327909,0.7483538912382283,,7.414361883765281e-10,4385806.422725422,9.548139185656574e-06,3.023090922816259e-06,metal,metal,intact
3.50657499358442e-08,79052.67745052613,0.01337285842403353,5763.350359742173,2.3655227071118798e-17,70683.21233685329,0.19287854945222627,143083.18410706444,0.004198556702884293,3.4565246006724024e-06,1391964.8696696481,0.07818294426691587,0.019566621969310395,0.01494271352277141,0.2454749138803297,98.54060303246634,0.00013853836509200893,5.070285657771088e-10,1.1563457717381404e+29,15927.422531871991,85339214166900.69,27069.6026761562,4.845796237522752e+16,45088.59863997272,3.513311016634889e+27,28776.220322205252,1.6594452584062872e+27,1209.8650719080956,7.168520569136734e-06,58408.32466621492,3.91396608633598e-08,24504.58810991729,0.00010948326702252567,70059.60660809801,0.0007138026005250378,7044.621634274628,3.053940001918984e-05,5.3458477944822855e-11,0.14616283708996894,1.7234402801589368e-08,0.0007592229051513708,0.9992407598604458,,8.183308234301797e-09,1389571.2681232698,2.709538535486136e-05,3.444014664328477e-06,metal,metal,intact
2.4533050948774474e-07,60674.16344177291,0.01215515784366069,6588.470421906509,4.987828407162511e-17,69570.08394545248,0.1132768348307478,113585.02321271715,0.0034333483811278868,1.5377622694006817e-06,23308.980248626256,0.01608049825554318,0.09817012092522287,0.06469084967735915,0.2758774584163278,60.69330256188251,0.0001998908753567412,8.769762431525591e-10,8.824092188353626e+28,23897.823394577383,82767106452206.27,28470.257576129698,1.1356699376514024e+16,44689.508051837634,1.7086608171302502e+27,20417.99149146549,1.9180804130019423e+27,809.007782045816,6.800158857381339e-07,46965.12032305907,8.719888888516992e-07,18755.40860421562,0.00010987298419529538,99432.36637949452,0.000895011006788176,24896.92915091927,1.144131205411155e-07,1.3864623845802947e-15,0.06615483398795029,2.0114056609455964e-06,0.49784334350470805,0.502154645089631,,7.094227369048242e-10,2590.9181487903447,7.534347964078853e-08,3.906964090032697e-08,metal,mixed,mixed
8.184163939035106e-08,67305.636513582,0.031563930418307386,12816.047889078525,6.569727573743891e-17,70476.4988317628,0.3605167159628403,106803.45330209934,0.00483569629509226,6.709925568525511e-06,1564380.440759138,0.053452844269696896,0.08491091556425324,0.060825462244271315,0.20789972452717725,87.31329329755971,0.00048599409033024064,7.700280830470605e-10,9.891712981385753e+28,15678.267073597415,190606479714617.72,29096.805110317946,2.6941856058395624e+16,37486.57754052845,5.289740479687159e+27,39534.84519097675,3.6490450877583164e+26,668.8166266123814,6.271552998916406e-06,65949.92271920443,1.5223286703454751e-07,14281.520952787769,0.00011615421030283622,81682.27023210209,0.0005385706168520734,12561.978049177887,5.343825114427663e-09,1.942190510188438e-17,0.18657560731785933,1.5307645744884417e-09,0.47209619925608487,0.5279037992131504,,6.686049652708242e-12,39359.436189698725,2.43995465995062e-09,2.903870454477043e-09,metal,mixed,mixed
3.0066349347005613e-07,61636.96850758181,0.05306852064817037,22771.665088646645,1.1347864555559354e-17,70784.97169946184,0.24845139330148763,58439.9566462145,0.0020064065534048632,1.2082317863540096e-06,8802670.930121094,0.0052855845424889455,0.005225485562779108,0.03770836867077905,0.14316535269076447,5.753092095178436,9.447710760270494e-05,4.836230880800998e-10,1.060195954576116e+29,22337.226208749886,649974100339842.1,28075.630549906684,5.956881688485475e+16,36314.739834868655,5.271072385171516e+26,33602.51281954219,5.606663481025136e+26,1006.0004662247097,4.549730301257496e-06,69417.65273049085,5.996552588342864e-07,35730.35501525912,9.283210861769064e-05,90692.98895134038,0.0005137333632879345,11151.066275607049,2.95872451625494e-05,5.8919870187860096e-15,0.5049479933389452,1.2605516919752077e-06,0.5750858405334941,0.424912898914814,,4.853460806176421e-08,329.7251689165237,1.3686220557781544e-05,1.5901024604767858e-05,oxide,mixed,mixed
1.1366400183646193e-07,73804.84289399479,0.07138221554794723,43234.691785911564,2.873534085479592e-17,70922.67994580607,0.23630692157048816,139674.37602229987,0.004902875869190793,3.100928728755418e-06,1137685.8133092206,0.040349338451010776,0.009830068588897138,0.02809189273341856,0.3831705695478916,71.41971236686582,1.2140213735032435e-05,9.69554261034945e-10,1.0445497911593018e+29,18408.234530537593,653128355822641.1,29431.965468059476,4.4262248408936456e+16,40101.49644506057,2.2968853370323396e+27,27544.869080239434,3.8725452055633944e+26,888.6321091274176,4.292585171988664e-06,64598.62149279784,2.0542419300150413e-07,35998.871565075635,4.9472286403757594e-06,87097.3322127072,5.896722071854651e-05,30247.441030016886,3.2785229224821027e-06,6.263170696086896e-14,0.13833113294883034,4.677227462083089e-08,0.1369722958943045,0.8630276573334209,,1.2139688226413788e-09,822519.6882782801,2.983226264627911e-06,2.9529665785419165e-07,metal,metal,intact
2.9252757802462895e-07,65815.19123667828,0.05292265866734188,43870.547569702285,2.4463298137378782e-17,69418.51889834214,0.39366416802482856,61177.52551516018,0.0036050146156771778,1.8200674082097758e-06,7013767.593433292,0.057419368504915885,0.09424971766874982,0.045665130059081696,0.03413478860480257,98.89701801728503,0.00019822278616972273,7.471574799921396e-10,1.0823804894982559e+29,18828.14210898383,46756115201395.016,25575.425281927448,3116208861182086.5,42242.227748484394,9.006464016878411e+27,35504.321434653466,8.455444040772173e+25,842.5094108307884,9.265260221818345e-06,47776.04965633801,5.563137020749329e-07,32075.448257426284,0.00010061798618140659,79386.84731927695,0.0009395767984955213,37377.45217160962,1.2237596993875003e-06,1.0542184909661569e-15,0.3964390649598423,2.693167719560366e-09,0.3898122502516279,0.6101877470552044,,4.4030746340496286e-10,1045922.6718332625,7.560352280904254e-07,4.677244712970749e-07,metal,mixed,mixed
1.8832190018907379e-07,73554.27694899257,0.012500887678910843,31938.0347037175,2.4281090057166387e-17,69210.2089090362,0.14238300892782738,60415.79830720255,0.0022989222590198777,6.6635953936848055e-06,1745908.6626740335,0.09395378862106812,0.006908694900406081,0.001746717674820582,0.41156265921710294,54.009528016215015,0.00020059036892018146,7.546829130303438e-10,9.508940115148472e+28,21795.29604854066,630674128293902.1,25814.318948114826,2.9145087842253644e+16,47521.4983005551,6.186534325896767e+27,37010.240264915374,5.892142020310874e+26,883.6989371963232,2.9226159339690416e-06,57186.52312068845,9.711687107450698e-07,44104.82332049407,6.09813545038372e-05,90668.03862521061,6.351276137468964e-05,16709.755464457885,1.7526364120112318e-07,8.654360304283877e-16,0.24913515810347725,1.2613148531256121e-09,0.5270788623261311,0.472921136412554,,2.6711834481923387e-10,92460.19286349235,1.1866257451829765e-07,5.660106668282553e-08,oxide,mixed,mixed
1.3629980929607843e-07,70212.60477624765,0.06977588238301635,41623.80833927945,3.0439552836826666e-17,70658.52605046576,0.30883084514319825,47178.03609446752,0.0037584515872125792,2.750376732354187e-06,4259933.898787447,0.023197990719729864,0.09807143994902773,0.07710864457748326,0.22193234137781095,38.75049512060202,0.00016533380222768533,5.31813839807421e-10,9.77788905384318e+28,24065.712243883616,593060306089401.5,25482.67967539426,5.353622910653967e+16,48546.346217565326,6.317083606350354e+27,35959.44215455802,1.468920968593387e+27,966.7554740102837,2.3235679965025104e-06,50238.21971801418,3.905455804412897e-07,30163.5607947714,2.2345978286605984e-06,92305.73275935226,0.0002586162983899845,12938.089626185309,3.910082669332132e-06,5.651284431608196e-15,0.3765568431076435,3.897438685170255e-08,0.4822766853358438,0.5177232756897694,,7.425544362631583e-10,399303.7644843076,2.359509570785984e-06,1.5505730985461483e-06,metal,mixed,mixed
1.695839860412074e-07,60021.95344228013,0.02781658101880335,33528.74134455119,2.1600008369867603e-18,70962.74797557006,0.20094997213220694,20580.719088528156,0.0005027050175528445,6.220505395462111e-06,383592.3336940938,0.09073892163916737,0.07867162921247321,0.01785474310035228,0.32320875358912393,24.428516299692966,0.00021084661480229595,3.7081949585431875e-10,1.0098519239942825e+29,17461.12504133238,590193399357641.5,25656.744159537295,8153241517660158.0,36116.20464012378,6.887627868532542e+27,23240.172380051838,6.338990184396435e+26,1107.0052314553755,4.280932756398456e-06,43618.94376377749,6.428194084035472e-09,23892.223402141037,5.7199331453546724e-05,81222.83371153806,0.0002550235335193752,37134.12515223324,4.440597152210347e-05,2.6498771499510597e-16,0.03182133893170631,2.007609645211001e-06,0.0008858681797886027,0.999112124210566,,2.0168035804215607e-08,0.0011153927285461173,2.1441772707660916e-08,4.4384529749395806e-05,metal,metal,pinhole
3.878213531589656e-08,62440.91170315897,0.015667056392128897,19565.541032236542,7.676480860826647e-18,70991.86011238917,0.1811028188477467,89294.50900675548,0.0035116938044498706,8.320832052766113e-06,4728890.74916752,0.021576654884744043,0.02022876030590747,0.021550381396062038,0.05327180536890801,77.87573098832293,0.00048180970423675044,8.654900248717629e-10,8.188608099412515e+28,17911.665455885937,73680961496636.67,28531.279694788383,5.016703291521121e+16,46139.7057213708,5.349997810631397e+27,33769.40679229252,2.708587907395859e+26,998.9073705640244,1.5590163809689262e-06,48742.951984715284,9.747211746446233e-07,12358.987488054263,0.00010734269776522023,72128.43064077894,0.0009211239858819623,11596.252258745875,1.966463853254806e-06,1.588125945504359e-14,0.617255447170687,8.149024670858796e-09,0.4032290188105359,0.5967709730404395,,5.404947724322662e-10,1430573.0293876955,1.754355067252518e-06,2.12108786002288e-07,metal,metal,intact
4.493735680298157e-09,77542.72517324856,0.09253602839969631,24359.3289225822,4.8898779230324766e-17,69175.4758347867,0.09986527013190107,141496.97525339492,0.0011764444867053841,6.8846381440612655e-06,6018472.649839088,0.08858323237381191,0.05199099237573097,0.04929815439478569,0.11682450843983642,56.2063267624122,0.00028902214408938577,9.92941202632662e-10,8.220228218884604e+28,15181.606813732595,682029577456382.9,27153.442046682278,4.658685152137197e+16,41645.07818777715,6.32536251819822e+27,34596.21619792965,5.8526679570851867e+26,597.7454388518464,3.761688607763798e-06,67819.8839066788,4.4193395971245567e-07,36552.670678802606,9.500696273565887e-05,74202.56209090489,0.000600270876010612,33572.223130181825,2.1992724785680097e-11,4.2609967718188144e-20,0.1377595918440047,4.02927180805971e-12,0.4285221229768515,0.5714778770191191,,4.487404755687294e-15,188682.33866286138,1.0135399920056235e-11,1.1857324865623862e-11,metal,mixed,mixed
2.2767184355405512e-07,79359.88408423844,0.06549187551641186,46942.574996261705,1.2383869763632829e-17,69298.34092502316,0.3224280402171033,128573.30488202635,0.0018444926833884755,8.797266804343256e-06,2763308.8708770107,0.05445190612368824,0.04381551424064564,0.03783603674784212,0.2251417880825392,34.79962342183924,0.0002726014700273228,3.154792666320885e-10,1.1201264993767261e+29,19885.590108925968,801820693822474.0,26874.95753844139,3.5744502532693744e+16,39694.2867689472,5.145675435568866e+27,23057.780012216295,9.204337996263097e+26,749.6647374446698,6.417666726555055e-07,66944.47119765986,7.347295737495613e-07,10679.929297682978,5.383821253542353e-05,85604.01010746595,0.00028548411039182396,11371.72019366208,4.054168372470397e-08,1.4845681253591095e-16,0.47328939313908946,1.891093621334171e-08,0.5248419139714307,0.4751580671176329,,5.862222758601822e-11,46833.17552628882,2.109412158606633e-08,1.9447562138637637e-08,oxide,mixed,mixed
4.3711519636477805e-08,71266.56158435794,0.0217680401197254,49904.12364959285,6.626931188402604e-17,69992.33283887587,0.22795151851143874,45273.94740656871,0.0015904096283321997,6.033450076439154e-07,3804904.7840721426,0.03261101789899205,0.03773576474661403,0.0286380850631037,0.4087928935412863,20.38777574293896,0.00028313370667064705,7.784174759747361e-10,1.0422808257032109e+29,23573.42143641547,219323959290230.1,25330.12723879953,3.3709721389509764e+16,43836.947083379986,9.864087196176483e+27,34384.25374451025,4.625133596674275e+26,1246.3267671354242,1.4477493662894947e-06,41190.005927726386,7.376247378258755e-07,27733.276042305475,0.0001224769915276181,82445.16643241515,0.000239606588264672,26211.021679417307,0.00015054004466116052,1.968762013922878e-13,0.5511299876364624,1.6839645988207014e-07,0.20826769863570485,0.7917321329678354,,6.5323963916199465e-09,2250722.3635465493,0.00013248595734200022,1.80540873191603e-05,metal,metal,intact
3.912496360730651e-07,68968.82735120639,0.048466349584914456,46368.566691036525,1.3686256357388824e-17,70156.73140106039,0.27239592271604307,143321.73823285074,0.0014017242401085162,2.8448091541613723e-06,6102427.325524536,0.04322704916035552,0.07063782813035568,0.02515915843713356,0.06567641178327768,22.76860774793765,0.00042621198114428806,4.777732337348419e-10,1.042711177321131e+29,21279.960769157966,118370689900049.84,25823.58780691324,3.680732289652847e+16,47239.40067261753,5.67339804775912e+27,30692.25322494304,2.7454540232574704e+26,752.6927551351295,7.930362127598533e-06,68948.21683862418,3.5755298201048763e-07,33996.83023397179,0.00012912624971403916,81824.69523697242,3.3432431457809124e-05,34930.46993854784,1.287778366136912e-07,2.114564400075214e-16,0.2560740797192613,7.06748472189654e-10,0.4454387142777881,0.5545612850154632,,5.3972308855676884e-11,1015721.4410886739,9.372488087869474e-08,3.505295573499647e-08,metal,oxide,intact
2.2103244274195555e-07,73460.54986663256,0.08398181945295316,49227.69168850142,6.000291729882872e-17,69754.96381513767,0.3353485199782465,24024.46127055608,0.004400438473582572,5.376491486904191e-06,9923194.755458973,0.03800340517598793,0.019734194519950086,0.013450007517863695,0.3884376093517684,98.91117542318078,0.00047906842364769573,3.045447623856732e-10,1.1958034229955625e+29,21553.48052286991,720234229486618.0,28250.35990968528,5487979882894419.0,43291.170210896365,1.0925210281190351e+27,30164.268986644893,1.493288664211777e+27,1234.8114663517485,7.633737533314641e-06,43806.92157152391,8.467134095965768e-07,6741.804974759845,0.00012482609217580602,86788.40794206309,0.00042050398695733126,20461.44999467604,0.0003531550804652817,4.124877073409935e-14,0.7282378796424883,1.262231168063625e-06,0.12066840637886186,0.8793303313899702,,1.276524743859305e-07,89.16704557292147,2.2380047033016512e-05,0.0003307750334322652,metal,metal,pinhole
3.2200383815049525e-07,69241.91951393393,0.02273124418935757,27874.921698753158,7.568786193541357e-17,69476.53715920866,0.09540182732055687,23801.27260275468,0.001320080682182099,5.821540334220361e-06,8916036.13099808,0.017473526285096488,0.03670182124181442,0.06423860868399191,0.16644265952888668,70.06066315691649,0.0001353120012341701,6.98641928637575e-10,9.000155494788067e+28,16161.866399397977,17402936831595.986,25048.07925049026,2.3992471591040024e+16,49077.39789813795,3.824672806030881e+27,20585.744779833083,1.0515738192745258e+27,1068.7298018689833,8.439994930301765e-06,41490.40683337625,6.260383527905419e-07,21086.985252226317,8.921622694355074e-05,77183.71071856578,0.0009541048557538518,23640.081048489064,1.4045278013862601e-05,3.462565246871388e-15,0.6117124355996703,3.035263455382272e-07,0.44850010715860267,0.5514995893150517,,1.0245039063141584e-08,221.42129348349692,1.55793893763787e-06,1.248733907622473e-05,metal,mixed,mixed
1.2849228427064572e-07,69533.97805143788,0.028137514048361983,37327.66655846402,6.885197507924777e-17,69070.14489377559,0.17547654471124785,112707.20177984139,0.0024365447022068262,5.47471138956666e-06,191148.3682474901,0.06628622902881248,0.09339848977804288,0.05468974627690538,0.4577023763276328,38.87665209863825,0.00020974787372127592,3.640792326749873e-10,1.1151774022335153e+29,23633.608185845434,794048274989798.5,29975.395711979665,4.581239194309455e+16,41388.387671286415,5.305065657106065e+27,28843.452812815605,1.7300946341222575e+27,1039.8429571054821,6.0314851601853055e-06,55116.48655919936,3.3636395687429974e-09,24801.578942504733,8.54290299696528e-05,99227.90932939835,0.0007026157635719088,32656.157302526564,1.266068373217496e-05,1.1308731040062653e-12,0.014917856943921969,2.476841235902043e-07,0.10993198561566012,0.8900677667002164,,5.39290966413591e-09,143102.64277468176,9.695042014059413e-06,2.965641718115547e-06,metal,metal,intact
3.960861924366414e-07,74861.84245216292,0.07362397348557176,13965.840956441545,6.475237812722043e-17,69394.08732185743,0.3875541098427214,72966.90467906574,0.0014202333280647532,9.928588798664282e-06,2140723.76393202,0.052676515799316335,0.06636515937254912,0.08431946583850869,0.08612642935194605,31.52785569699826,0.0001191198198201527,4.5766952841191565e-10,8.383712728392455e+28,20849.999009770094,742946037176138.0,28184.688924784008,3.146386359094889e+16,46769.44920441048,7.82106907733358e+26,21409.752556193343,8.826416087862677e+26,775.3580490067568,5.233015882239397e-07,56331.125022537824,6.064204328919361e-07,14658.52324184309,0.00011918119676373567,93228.97960327417,0.0005688579737678756,23049.57397425601,1.089392995421455e-06,7.215678888272691e-16,0.38619541567245913,3.591697168900733e-07,0.30542623240987765,0.6945734084204055,,3.897249961982304e-10,133.17807023532222,8.404488956215466e-08,1.0053481058593004e-06,metal,mixed,mixed
1.6909571635980241e-07,79068.47509511077,0.028638341093684544,2950.4778374945527,2.0171772858071072e-17,69212.72511959312,0.1189643815261921,138638.22555906384,0.0021371763580271368,7.222059855611845e-06,5026817.284370601,0.01224459039025575,0.010343305236350745,0.05780961672352877,0.25221609591808175,52.33431149935675,0.00019463753153843355,6.936708727556626e-10,1.1455868696857179e+29,19145.351067800006,647087526120519.1,25882.29102402626,4.129695844943365e+16,37756.461433798686,1.4965624206404454e+27,33534.586414956655,1.5964649307602087e+27,1012.3268787008096,9.061469049922577e-06,63021.24584798955,6.692981188604129e-07,19094.63236053023,1.2706690467355978e-05,73898.84249858926,9.797316700060461e-05,18133.81157852909,0.00013512977274194023,6.122890042614524e-13,0.5448064766513449,1.405446131603411e-07,0.5259029890902502,0.47409687036513665,,1.1526158461713445e-08,683492.9582153399,0.0001105435617082687,2.4586211033671534e-05,oxide,oxide,intact
2.3981030849113695e-07,71001.43495928451,0.08812124653029736,4675.830435579589,4.036833574842219e-17,70609.79356473732,0.11226422750449941,46999.527392642216,0.004905801153781355,1.011634806590829e-06,4931197.7837988855,0.04736404096857599,0.03612248209175013,0.055339946593913954,0.06146589728856312,14.745070870181163,2.7085625352298254e-05,8.703314453883993e-10,1.103794817719788e+29,23101.890910443588,668714506919785.0,25650.366820337298,4.9700009172313624e+16,36472.05722732229,6.671107882720597e+27,20748.43441853747,1.727704844908779e+27,738.4984842395444,5.022296716786156e-06,41023.75557376607,6.996766886366618e-07,41926.91247623929,9.68610065271192e-05,90532.65510197105,0.00037737821708074524,37092.06110373499,2.6294299820242946e-07,2.923498580584308e-17,0.2241737079292338,2.397555161740975e-08,0.39481351156073957,0.6051864644637088,,1.0103695727022601e-10,2190.577531589437,5.409991154031112e-08,2.0884308666211833e-07,metal,mixed,mixed
3.936859645004013e-07,78338.45202487307,0.08380797002622976,22712.674439578022,6.597534010578687e-17,69951.50611521983,0.3633547496610406,98199.79654282419,0.003122846260673533,9.029232946233467e-06,1810248.1721145331,0.05308458826290046,0.09754660756102033,0.09027807022370239,0.2451068419769958,24.20697867974721,0.00010471609367457551,8.235191720077396e-10,8.635583262926241e+28,21963.689702095355,541525072598350.2,26187.065972394015,9366113787849960.0,42875.69962176389,1.1693827433457017e+27,22929.704609115306,1.1898827796219965e+27,1235.819683801838,8.080035626396671e-06,67258.87544363731,3.02789875079481e-07,49965.81755284299,0.00011969666665916141,96029.77992960115,0.00026292586225691567,24146.857547376,0.003232381655269812,2.1044562757850352e-11,0.2928843189605822,1.8468207373609025e-06,0.4502498121985396,0.5497483409807229,,2.1245276349215472e-07,147496.69660206005,0.001701160108066644,0.001531221547203168,metal,mixed,mixed
4.062088403705293e-07,71109.35080524534,0.0541751112089067,22951.010354992104,2.6350668177003192e-17,69060.9348030225,0.2518390878207226,67271.7347988961,0.002935545457052894,7.048307659662016e-06,7233294.347383409,0.097369534587118,0.026642898643705764,0.0362708452366131,0.2748767170141955,8.74398551119864,0.0002713801752389183,3.8578831226229766e-10,9.100118167874447e+28,23994.57177886123,609281503734015.1,28504.72771781088,7650883426890833.0,41718.2585272244,6.472993773004638e+26,23721.51054172052,2.4332341692618427e+26,926.4473176956396,1.8526751192636955e-06,68205.76711200978,2.6094911984739706e-07,21609.648521501596,4.231571289155822e-05,93530.06644388518,0.0008929925053776466,8488.158354087022,4.042928773893651e-05,5.209067297419558e-15,0.4293720360697705,4.554971116346066e-06,0.05976066402708962,0.9402347810017939,,1.6289967703321342e-08,183.57215992454852,1.660670429217448e-06,3.876861730971906e-05,metal,metal,pinhole
2.2450198312314633e-07,79905.35715294721,0.04705027372635879,15772.287079802772,3.570286425809677e-17,69625.75240672445,0.2916178517804767,52925.53551116053,0.0038278892467898257,8.858034601578454e-06,5716806.23928407,0.03026699425268379,0.09093858771797864,0.04322900309963904,0.30453036681349044,75.1309561887976,0.00029576388104427247,5.122503275660776e-10,1.052695492442185e+29,22775.75368202178,706041253901113.2,29102.064832963824,2299933611498008.0,37492.24072454339,7.015574595701253e+27,38248.67558008174,3.1012020871792944e+26,1169.2833064800643,7.422948713600223e-06,41309.2591450133,3.365452087773603e-08,37226.64381925337,8.41122402037763e-05,78441.74134280092,0.0008046029556072821,12661.073617411754,9.323733197744052e-05,1.134355232700796e-13,0.20434512859489082,3.261050301501649e-07,0.43641242735923214,0.5635872465357379,,3.6360657039351725e-08,5094.936867939186,2.482197946215891e-05,6.841535251528162e-05,metal,mixed,mixed
3.3410027253580884e-07,69867.39505015947,0.014314292059687773,42026.35806451445,6.438898208716035e-17,69513.17853467751,0.3817057328770736,92749.38294136395,0.003882762918999814,3.462513465133226e-06,7936021.980796996,0.014089109387992068,0.03536249140485894,0.09184372946771963,0.13429214772031695,57.35967990603929,0.00023149752959844986,3.7738490799394334e-10,1.071275797987536e+29,18973.951491084976,714585835370927.8,29288.707297344212,1.072821462073163e+16,40361.525178911565,8.886404876559685e+27,32392.96359116531,1.1339754065104814e+27,675.8237980642555,2.40718971047064e-06,45432.58348331519,2.0878698371151143e-07,48095.344449474425,9.627210939029259e-05,74926.36243712432,0.0005799398686486616,39756.292117507706,3.573043580148624e-09,2.7608920055192617e-17,0.09576230716884464,9.976138970589217e-12,0.13080103830428383,0.8691989616857401,,1.1280446913268893e-11,5673058.299214963,2.994889895004547e-09,5.78153685144077e-10,metal,metal,intact
2.7977286793156127e-07,78107.5470922972,0.03912362267676323,9820.492302071687,6.695721112250942e-17,70831.46671912818,0.3293566564317098,110481.01487891506,0.0027457899693149874,5.563898603238449e-06,3605032.70448107,0.07244071300717671,0.0065706012210998,0.05484188598000194,0.15410462242922027,79.00262320931816,0.00025253602376443246,6.906918574662442e-10,8.643292014297788e+28,22830.107884962625,84254019363447.56,25589.556695950392,1.8419607332060508e+16,45598.98747310051,8.082115131364025e+27,30634.33054352443,3.5771355030906205e+26,1247.955403160251,4.7078256029323245e-06,53798.9106149787,8.583202864180162e-07,40374.6722188705,8.158081753875234e-05,75222.49772974152,0.0007977170583296216,16194.909780912943,0.0009998059206847297,6.429331801270955e-11,0.5286513698205371,5.050251921405046e-07,0.037432331208750266,0.9625671637660576,,3.768578529513114e-08,3296151.8380034785,0.0008608593462727429,0.00013894657441198687,metal,metal,intact
2.3670357691393304e-07,79187.0291657529,0.02660826206974891,36755.07210082891,2.5604366457344893e-17,70568.57141848972,0.3978690630470996,64466.65907283736,0.001010430780661862,1.8712137231920532e-06,2360004.1028944682,0.09481537636212611,0.02140161565823736,0.08565755958373147,0.25711473483788555,55.89571068148278,0.00010747746064041362,9.701021427515876e-10,1.1245667320899456e+29,19807.531877038484,478138886260449.3,29058.37885426087,5.893311836680096e+16,47097.979782432165,7.387630283213899e+27,33939.52419211593,1.7583084335611855e+27,967.2096704940434,7.114139392547969e-06,56163.07184420143,1.5513999334019914e-08,34374.924242879824,1.257958279702322e-05,74697.42267997167,7.465697271572659e-06,33472.244345352534,9.737549651423426e-06,1.569206331940965e-14,0.07465364353149907,8.197914399635578e-09,0.3834768070862512,0.6165231847158346,,1.2062391740362855e-09,391782.1745196467,6.10048468270468e-06,3.637064968718746e-06,metal,mixed,mixed
4.013523493733418e-07,62999.8057034117,0.032180116643245944,2604.8831153383244,4.222805404439831e-17,69684.3763492921,0.12313486097968751,25080.730520922858,0.0019150919191856948,2.1649705135652557e-06,5808327.570558751,0.02051041948279564,0.09470833375048211,0.07760501900106882,0.4477740405019863,63.11352929684483,0.0004864843840673182,3.907230190875682e-10,8.689986061688921e+28,20243.321792499035,365072824790676.1,29294.469692297273,5.668918365514649e+16,37597.60966099283,4.2865264305031274e+27,21248.60854820642,8.149287711214593e+26,878.9112411758761,7.22507265257491e-06,58481.935672332926,7.8814502458582e-07,46470.49150212744,0.00011952989529096302,89440.45821514189,0.00015674176845482344,13811.3087918461,4.388578261839881e-06,2.74921619247816e-16,0.3324350308416377,1.2941448471826515e-07,0.3319990618216605,0.6680008087638548,,3.682899321453467e-09,29.753482007353107,2.464720854913437e-07,4.142106176348537e-06,metal,mixed,mixed
3.5989117746467636e-07,79258.38413267794,0.04842698682587038,40773.62291288623,4.825490726376894e-17,69307.41524117147,0.2449482827154772,117091.80681556204,0.00209377941633842,6.733230152037427e-06,8373246.169418988,0.02496293671658239,0.0136827891951856,0.03683886364417778,0.06263245453343178,69.55785166295068,0.00013600154828374015,4.2935589419321256e-10,8.486046829788458e+28,23467.91362678515,572589431817062.4,28965.58644728613,3.90274656715261e+16,43521.73801991287,6.951025918592434e+27,36407.0361444142,5.0602254391019366e+26,1036.236762565645,7.054225264571293e-06,64144.506881118155,8.395402106824997e-07,17492.327000154568,0.0001327760918886199,85495.92064423187,0.0006614311467447072,24456.485482576172,0.00015474199431244007,1.3802793919960727e-12,0.647460669006854,1.1059352817210591e-07,0.2280874229720254,0.7719124664344463,,6.2158188205168504e-09,4681195.495074052,0.00013959516711649177,1.5146827195948302e-05,metal,metal,intact
1.656829869324409e-07,76586.62081113442,0.04992561719098011,30240.58592020904,2.7384333114726208e-18,69831.99653795241,0.14832564154508737,138366.73326184464,0.0017648283574981658,4.346836512352625e-06,9398288.618214687,0.040085974947110456,0.024129882771355693,0.07506321974795398,0.29922130541277453,80.42521269635162,0.0004290298783252644,9.373871584159787e-10,8.589343265458565e+28,19217.143179706105,223309608797134.0,28948.75808131216,4.76557162031257e+16,49275.65050048708,4.3931411808964736e+27,29885.34493950142,3.85157397595446e+26,1007.3080811353037,8.878308180354563e-06,45582.68956693707,1.8005234105677733e-07,15791.403998732618,9.718340897193143e-05,99034.18275571468,0.0003096627914570959,37947.85126616426,4.0955752000212226e-05,9.353658958166096e-14,0.4763550499043883,9.02807564322109e-09,0.4158087037125614,0.5841912872593631,,1.691131554023457e-09,1989292.405964662,3.072112776971892e-05,1.0234624230493309e-05,metal,oxide,intact
2.705043346626468e-07,72419.60185427719,0.07420402744124001,28985.514661267534,3.418604576070042e-17,70348.38001858967,0.08918578405520503,20286.398060311818,0.003171815247396319,9.27181924241885e-06,3138167.4527947954,0.03477201398115877,0.049506045263035085,0.021793494427351127,0.23684408708658583,45.80963649889631,0.00026565706143108595,3.424500173370411e-10,8.340619314450392e+28,18176.273755044353,647607833761910.0,25367.288498025795,2.4433802248532468e+16,41373.36017893408,5.176756523697592e+27,20139.078571540053,1.4128073534537356e+27,595.7788866050732,4.492303664054681e-06,63733.59925924478,4.888384042001027e-07,15338.399045410451,5.323974256004814e-05,86074.87454209465,0.0003366134567667246,22651.547550729487,1.3119158355665908e-10,3.7346960221924505e-19,0.3173484747611452,2.503295411923604e-10,0.541029392804107,0.4589706069455636,,5.651914251913729e-13,10458.136710691851,6.01152983936227e-11,7.107628516303638e-11,oxide,mixed,mixed
2.957969617524827e-07,69664.70311140017,0.0934106666466439,5147.4449854676295,1.2258921813554403e-18,69626.22752492497,0.10194574963231799,104171.97061401176,0.003103155621315391,3.690076436261544e-06,557655.1289900056,0.0685471220218609,0.07834114084399323,0.06986471555052132,0.20024666806355243,19.196903595011634,0.00024817687622464104,8.274347904453783e-10,1.0571358421803962e+29,16848.94747570831,198674963004468.94,26142.625704258848,4.20647549464677e+16,39439.176762610135,3.9581909801729834e+27,28667.05536931714,9.245385592114364e+26,1264.4586416090704,2.2799936135903585e-06,68041.05075254261,3.943888011750734e-07,16281.959443174232,0.00011556817118171734,82135.65499145485,0.00033786092124195793,22298.045435692078,0.000323212689462216,2.5511650572048473e-13,0.28323883106385006,2.720855194117229e-06,0.29701310739479525,0.7029841717500108,,1.357278455761247e-07,149.4066879357225,3.976987509567876e-05,0.0002834428143665373,metal,mixed,mixed
4.166380404423459e-07,64808.50004828246,0.05591481940007741,13237.077715040386,8.259451246981998e-18,70834.51863616884,0.33791934093321097,146734.56916875037,0.002309362324513662,8.45061806688299e-06,9844253.608713409,0.055504098921729035,0.03525860186798112,0.03977137997961659,0.01997582693722052,10.849764338004578,0.00021945863050798345,7.687349079239518e-10,1.1682927926437094e+29,24088.015246291165,601124331727125.4,28457.794405570512,3.2094247528452124e+16,42568.53609793385,8.061445793006749e+26,26329.05129006871,5.9644852064979964e+26,1084.845693728193,3.147698637248596e-07,48003.21808386471,1.9123098739821828e-07,20419.786297857107,9.307841085647354e-05,89334.61436088342,0.0005471265362466712,23418.66904074563,0.002390313512632774,7.178900551382482e-12,0.48358416488915434,5.775664697150911e-06,0.4985989641085454,0.5013952602267574,,9.904578126664676e-08,846289.903739241,0.0016251083686797058,0.0007652051439530684,metal,mixed,mixed
1.3244388926019382e-07,68604.2316426914,0.03882286754984643,32726.805344990415,6.498764561124063e-17,70938.32771663454,0.336383795030265,136743.2480780626,0.004251865208950333,5.125018030490539e-07,5851328.617484315,0.09106640139723443,0.05764456695570042,0.03279380233437332,0.14696811676456206,1.8551055602483226,3.296534777815265e-05,5.631494895866244e-10,8.544664917448206e+28,22030.806209521757,562788542959500.8,27196.366561793267,4.605302015256307e+16,48338.79090896979,5.799137519140034e+27,23099.48878621277,1.2087925913099591e+27,598.3534497911506,1.8438956527504688e-06,64340.536762131225,2.5348128141701487e-07,24033.16370689063,7.445219381291787e-05,81135.21396571407,0.0001161055718169127,22255.616577749937,7.394227808057724e-11,2.1281952844527863e-19,0.20950789429702116,1.4832876337379208e-11,0.06078049162763028,0.9392195083575368,,1.0269108999158523e-13,5032315.734898388,5.979938504334013e-11,1.414289303723711e-11,metal,metal,intact
3.112848778986783e-08,60715.951182012745,0.04541750556490912,30309.81504105773,5.150740260045725e-18,69327.65987918642,0.373560972129473,31581.37781981119,0.0006859606362345513,4.545991643254883e-07,8512267.173458014,0.09467940201196547,0.015162964660516759,0.05333836494241291,0.1481768157645939,13.092113098948278,0.00016646109398460983,7.370758655540005e-10,1.1602133357620626e+29,19059.909174747947,580287758126494.9,29903.874890050683,3.73792997644094e+16,40344.06084137294,3.8825052878885756e+27,25939.086919032467,3.800251025053316e+26,1230.110028009171,4.37860313074387e-06,45399.06833191523,9.063235847500004e-07,18619.530795196177,0.00012685445711469278,82196.38837314371,0.0001364238564775539,19566.000127156614,0.00028040039012703065,6.783140817589078e-15,0.6902300422673845,1.400124484414657e-07,0.20703103433947292,0.7929688256480787,,1.1631279096145732e-08,2972.9694577810824,3.574877448911766e-05,0.000244651615637913,metal,metal,pinhole
2.3893876279769397e-07,75202.92207999152,0.045333705806057695,46318.360890924705,2.5159203610930383e-18,69085.7960610979,0.3752303441732411,120419.01079912973,0.0035532861229199924,5.870838339423981e-06,4949096.137968879,0.0945404440506521,0.07601674628965735,0.07045839365391691,0.49304766933825656,18.061384036550223,0.00047662298685487934,5.360761651045319e-10,8.420690095507786e+28,19232.60831080025,364197349053467.25,25671.961088967168,1.0412787806621514e+16,46343.683750524106,2.1279505371094168e+27,37757.25462625183,1.7768797710954568e+27,1182.2325737883928,6.8738339270587105e-06,56788.99063658614,5.910064688751716e-08,45526.57715702858,0.00012639520589080312,86819.95788772967,0.0004963542710426122,8894.472537969363,0.0005162568488399396,2.0420810630498077e-12,0.22380139517733533,9.329971645649666e-08,0.3803107016842281,0.6196892050160556,,3.854616172923239e-08,1016276.0808675432,0.00032158141618816725,0.00019467543265177238,metal,mixed,mixed
1.453191096309425e-07,62898.82668785574,0.004163192951610691,47412.570553116624,7.361000025433121e-17,70486.48456232024,0.18787282705930594,148499.23449976108,0.003935364269511035,7.970244373724034e-06,483677.593508868,0.03251849503265892,0.0646587864528389,0.045110081546408574,0.40402756648093646,17.110867504642183,0.0002446961087962636,6.617555654867251e-10,9.768156529017936e+28,21549.13916578896,666219885390781.9,25064.531771925474,1.6255488167620328e+16,47434.085864881854,7.810447789858924e+27,23766.33826027637,1.0903153746892284e+27,592.2122040410705,7.387101153528796e-06,53210.252728068954,5.464562475612839e-07,39578.81232213334,0.0001061266433227319,93722.82525557213,2.2346443759731363e-05,6772.976751256603,7.435467743645122e-13,6.547351839585943e-20,0.03849403490008735,3.1407389112315217e-13,0.11085603758703558,0.8891439624126504,,1.6342007514505692e-13,369197.835247058,6.276719068064339e-13,1.1587486755807825e-13,metal,metal,intact
2.1823763949278046e-07,65632.25185616552,0.03547372175687006,6938.057081499404,5.95318873233963e-17,70734.63948121306,0.18238090116903655,93667.83545265169,0.002517941994304789,3.397853816650714e-07,6739516.040689218,0.09142545685348523,0.020506443061553067,0.06822343954391262,0.21130954512111275,42.40573467312089,1.4275784753524104e-05,4.405002916214676e-10,1.0792878750501718e+29,19752.756353700162,373947565154247.6,29911.93269646069,4.801524803490065e+16,36496.436704380125,5.231866464747053e+27,24593.920628139782,7.981373078292825e+26,625.6597647544456,7.502827694302847e-07,52971.94769227471,2.9987732089858805e-08,47879.59021895952,0.00013087962678402337,78183.74920216549,0.0007260862062188102,6489.257928975469,2.9668560167092543e-08,1.1754631793103456e-18,0.025891588705651485,2.2890109655374257e-08,0.31540764182612496,0.6845923352837655,,8.267552441003259e-12,19583.241073893474,6.966075952804937e-09,2.2702484214287605e-08,metal,mixed,mixed
2.2204443027042752e-07,74755.79945422731,0.07819003947412331,17393.693489554975,6.678590197888498e-17,70026.86668406073,0.0885284545242726,35042.85613514914,0.004737060342826475,2.5751435504677607e-06,1688467.8500187804,0.06810716251804494,0.03643944754922198,0.009889914273792766,0.20699956677274017,61.024529788979116,0.0004259261874278102,8.330663896789827e-10,9.725054045802596e+28,20805.03677573421,244630648322618.97,25872.84406368217,3.663771151975947e+16,44370.70051330346,2.6224805560990566e+25,27056.71898221823,1.0846553311624446e+27,621.9184253340902,2.5032459739699564e-07,54760.692688680465,9.974439245587744e-07,24308.710613509276,0.0001143556046640931,84761.38099408425,0.00017018742977259214,14440.146106241311,1.2240064673049653e-08,1.2645384205418168e-18,0.2333887324115362,2.818499440745042e-08,0.07526092221638457,0.9247390495986209,,4.025378946274234e-11,24.978104172796193,5.628900838495938e-10,1.1677174589200059e-08,metal,metal,pinhole
5.085124537635928e-08,68782.23945940974,0.08907852348210707,15332.212161315922,3.362294433204992e-17,69998.29635546065,0.17135074651222545,60939.55267656997,0.0027833378841837448,1.3821459797607663e-06,1303691.361938179,0.09309621060189643,0.0479075150478167,0.03927899625859175,0.27159403169273555,80.98575992609295,7.949874041302214e-05,8.451615702525929e-10,9.088452423026006e+28,24537.845874820312,313742076034981.75,29407.285546690982,2.9928665233285744e+16,38961.41693638702,9.335530856342268e+26,32102.073382709645,5.51034948363714e+26,709.5142387573176,6.771091571905615e-06,62647.112258479276,5.88722654447435e-07,45449.16250981855,2.2439188911763375e-05,80374.50581441623,0.0003356165457968933,20881.144111164038,7.2112231232823e-08,1.9210699666906157e-17,0.0910779258063946,6.521310248242606e-08,0.24932135539995487,0.7506785793869426,,3.8139951082994735e-11,1402.4876995957848,1.258243115032224e-08,5.9529800082500764e-08,metal,mixed,mixed
2.5447717744213284e-07,77663.13732659297,0.09859888449153761,43306.65469407708,2.7369076278637295e-17,69355.6552205227,0.34921970357493554,167317.54405727691,0.004378166941830545,5.626959518938414e-07,4774615.2895854525,0.08782899222116117,0.0007976585334620763,0.005011594286653481,0.20108304046479508,30.621044286667477,0.0003688341891931285,8.10907172490386e-10,8.166413794373525e+28,19942.263382784375,271282396009667.9,26999.18260097224,3.7031182381755384e+16,35790.99606944044,9.722219294573068e+27,27459.19453676078,1.901663683076866e+27,1199.333014354003,6.137836178413847e-07,59359.678361843246,9.467571623812505e-07,7649.70873657833,2.8938074624040264e-05,72300.38860998205,0.0004496317912136498,9897.291131498288,0.001724531608688601,8.377214076516661e-10,0.6552792642660089,1.0127126349639696e-05,0.00036919834366221896,0.9996206745299883,,3.855585413350144e-08,4659063.155817947,0.0015617798318126868,0.00016275177687591412,metal,metal,intact
2.360998207822141e-07,67406.78057099487,0.06441373166573691,47101.91225971125,2.580124296135218e-17,70825.40558951643,0.21718143760705816,26830.374152670964,0.0014934763516629317,9.037938547820775e-06,4829180.765622738,0.05321691525922833,0.011820333466377737,0.015786568394254585,0.48310112858194215,3.372145961429476,1.5855797501999402e-05,5.633515101583882e-10,1.0951167386771474e+29,22248.920233057113,490847905729157.94,29832.49842127658,2.633128398927731e+16,37104.91825991027,1.3842780694857937e+27,36494.376585735445,7.498372194454065e+26,667.9787090874363,9.053095242133136e-06,45814.83774863636,3.823551393917644e-07,31405.705522912205,3.588940480777504e-06,70205.59028366402,9.937226331802957e-05,26269.509955122423,7.649501800058042e-09,4.914271521517882e-18,0.20470198223498817,1.772931451596795e-08,0.15226957920359907,0.8477304030670864,,6.023628010941737e-11,457.23861629355457,1.0876883782009285e-09,6.561813421857114e-09,metal,metal,pinhole
2.7693411448537923e-07,74269.85023316667,0.06886106202401249,9876.628937290041,4.9129090348954075e-18,70473.45728437837,0.14163691130900113,73491.68214967982,0.0035899797440961264,6.864249172668707e-06,7864100.215233142,0.008610045325616423,0.0010193433516459854,0.018029967802887736,0.2797651247511913,40.24581283539737,8.014249958371361e-05,4.2290403067335637e-10,8.353427543900684e+28,23263.984925870645,227440445177103.78,28564.412465637095,3478427633805962.0,48603.46229570351,5.949742542604862e+27,21713.60223770894,1.1487496729835496e+27,1027.4849996548487,4.0296522509180574e-06,57861.30115607248,2.627356500326549e-07,26552.904214253038,5.1071994665028225e-05,81119.32724202478,0.0006249523890087239,8579.711263790374,4.081100514150712e-06,4.9846217964871304e-15,0.4483331498111527,1.105333559212303e-07,0.6159643897649283,0.38403549970171563,,3.1022721720491814e-09,1646.308244477996,1.951480297917807e-06,2.1296202162329052e-06,oxide,mixed,mixed
1.5428892559814823e-07,63124.86359960528,0.05904212581767432,3136.4789791871704,7.331878922942507e-18,69192.31241313738,0.179987998167684,89974.76627606526,0.0020689779431962733,3.0968578144360826e-06,7387631.467101666,0.09525902055481836,0.013262514113978904,0.07059914622421828,0.05547347101525934,53.36451111298952,0.00018604848654691622,9.607331783044495e-10,8.361567437492751e+28,15910.665647279142,413180839375063.0,29501.350640472567,8343690769598880.0,49713.93211363092,1.9641597568331648e+27,20370.490227791404,1.7244906740508422e+27,752.9558523865438,2.156096923853557e-06,64428.58525317316,3.9253736382385326e-07,28666.48255294852,3.498381905090593e-05,86210.22657173408,0.0003319934395888229,12810.94154743725,3.7622750772620723e-07,2.7060202225566803e-17,0.3329077487873372,1.1431634521890259e-07,0.18089245342028706,0.8191074322633677,,4.739745688371446e-11,446.16423208759403,1.9344538965765933e-08,3.5688296876044127e-07,metal,metal,pinhole
7.201463104408952e-08,74117.29313215472,0.00895665185408098,49345.31945560845,6.460015236756874e-18,70561.57054013183,0.12618629520705976,99634.29422212344,0.0045448272427935175,1.7753827703868899e-06,5158819.624278367,0.06079656785574393,0.05180077574589585,0.011114557476412263,0.4279385806429892,62.96204759398256,0.0003701049256974575,4.591553726674155e-10,8.081756539634281e+28,18242.711777857112,49285812598833.31,29616.627549426103,3.0705461173649576e+16,49358.278236218765,4.544865443936659e+27,23907.661176128422,1.395068416483642e+27,786.4625946900851,1.130968355730755e-06,69344.92702013548,7.32120033225787e-08,34525.35524258233,0.00010864394369039057,89392.55696794413,0.0008596734499341556,8381.239643443905,3.390584268990283e-09,6.501893950180271e-17,0.13615246185558685,8.373033444324176e-11,0.03602951799904997,0.9639704819172198,,1.1620773004547852e-11,4752235.983962453,2.9586279806743683e-09,4.319562883159145e-10,metal,metal,intact
1.379464669709138e-07,74820.88587052807,0.007506246430274752,21806.21280406549,5.4351782666203706e-18,69121.95820987603,0.26765395315756285,69047.74068034563,0.0034411365690603245,2.433351330182592e-06,8968309.231253577,0.037782893500325335,0.060952867486902707,0.09195604749239548,0.1638432378497524,79.10694711592149,7.181535401570148e-05,6.960785495536108e-10,1.1035611638952938e+29,15613.047510953862,784561254158674.8,27530.83181362156,3.213873823027872e+16,40476.48584651324,8.339844592186219e+26,26440.749759137394,1.9256233452024124e+27,1170.5647609677762,6.39126998270811e-06,68805.96082520834,1.4971802268094685e-07,5256.135283896171,9.769854983111571e-05,77126.26100035291,0.0006450737796577668,38659.059303312795,9.684792766055326e-05,5.2634800942104387e-14,0.5180059558504834,6.79816550920791e-08,0.4519915015028658,0.5480084305154791,,5.6769485754287024e-08,233314.1074515358,4.3974326064489065e-05,5.28736015960642e-05,metal,mixed,mixed
8.642545437522848e-08,79655.70782350034,0.08305754732286359,21209.295516067185,7.354455553530764e-17,69025.64372011858,0.3448100344382704,109106.46011394591,0.004500721150447799,6.253085600864831e-06,1799066.5329696017,0.06909323874337119,0.07323573800480503,0.0032914685227416656,0.10303115645805619,60.21391611141624,0.00011103478914172585,8.282654867176667e-10,8.549580213351427e+28,18752.69833453291,431742026816768.94,29077.8542421547,1.2978717424570736e+16,35510.48789269237,1.566571129996593e+27,27488.751954875075,1.2870236291922337e+26,953.2351271189057,2.101527299519732e-06,69778.07408715843,7.964995886881261e-07,48663.84640783492,6.319519510620999e-05,99508.46296375623,0.0002724757768306186,30019.82821857481,3.021014868512813e-05,2.937667620945161e-13,0.25211629707518585,3.730511100161278e-07,0.3446741345493407,0.6553254923995492,,3.5329439051040555e-09,575481.848794131,2.341720104081424e-05,6.7929476443138895e-06,metal,metal,intact
3.794533069622809e-07,60056.309228569095,0.05220651799970643,18284.906785393796,7.157460454162986e-17,69562.49875157599,0.2482626074176158,57688.52473618506,0.0035992951667712884,5.001839600275169e-06,1222458.4744250216,0.09346745641141682,0.08768769162401537,0.0051740646231573945,0.4158571702621763,65.22923325107031,8.870710914078574e-05,4.05987801035536e-10,1.106856948897514e+29,21740.621519271328,812212662803243.0,29667.398239502603,3778361460143534.5,35501.77080536495,9.77619289542663e+27,26118.97312315413,1.1615838231435053e+26,661.2344546401786,7.869094575498522e-06,41819.94954710428,4.068812554595101e-07,44222.10923263794,8.511182027722312e-05,70261.437877681,0.0004055359954395355,23797.23316604343,1.727545780141182e-08,1.1855428659003138e-17,0.06107847036924406,9.189328269754764e-09,0.16015058905241167,0.83984940175826,,4.374999134538946e-11,349.97331565330154,2.096295605485654e-09,1.5179162195926167e-08,metal,metal,pinhole
4.0550370335714595e-07,79940.81585696522,0.02452513236531759,8319.177711917016,6.653398992350124e-17,70512.99907079549,0.3902668360970012,87448.00098866282,0.002487875378337269,7.219332723169602e-06,9270877.207750143,0.006600669561888149,0.08000431836931919,0.03519818538855955,0.2732278275293989,87.62710181867573,0.000428928210015042,3.5957413406308266e-10,8.541450007938125e+28,21589.74499883263,486628693798516.56,25756.954587134205,5.0269480024522024e+16,36439.93446664248,1.6222766176777426e+27,21149.02478688362,1.7579230791555056e+27,782.0525745691465,8.557480446165729e-06,61014.92298602899,6.590671684019338e-07,48569.89865018489,9.720604254012494e-05,87912.39957873822,4.455787896159168e-05,18857.059720047673,1.0816526768556268e-06,1.3304870510888146e-15,0.2630265894882613,5.56454398426308e-09,0.6103732391636304,0.38962675527182566,,7.200772645611978e-10,14506.458525563927,4.733573545043207e-07,6.08295322351306e-07,oxide,mixed,mixed
5.529509529412135e-08,70186.14241389744,0.06046874534230729,45646.886171106285,9.752868697956929e-18,69809.30833662399,0.21003818565402227,57830.67565080392,0.0037334073196217026,4.178378837761332e-06,2933097.6458319225,0.009375014481756391,0.04717967137553043,0.030608488091089164,0.12877786739257127,76.59897305611035,0.00022017817165623146,9.857854531700373e-10,9.468186543601846e+28,22062.796128984253,610425198162349.0,29885.654549616287,4.885606007671028e+16,46887.633091105345,6.900235388160986e+27,32452.885457319393,9.00397541588998e+26,678.9218328964045,8.44684849352876e-06,43018.81986805272,6.743050748944287e-07,29976.478822660785,6.244163533847682e-05,98821.08808680637,0.0006746677018480044,22712.35300224498,3.757408896774118e-10,2.4943077468925417e-18,0.2308378555299502,4.129306558925892e-12,0.3127943259821996,0.6872056740136709,,7.321872042357478e-13,1231991.2116607982,3.290901393989736e-10,4.6650750278438166e-11,metal,metal,intact
2.175582611102675e-07,70851.79505709064,0.015907464626700566,10190.595055034244,4.94091562016535e-17,70292.22292427917,0.33434831910973173,168592.46547514992,0.0039196221148370845,2.9745010150217413e-06,3940987.5296868775,0.02963156655646343,0.02369922514096537,0.006897342673067273,0.07219704894013955,90.8784632927657,0.00041637010867079545,9.343194608599388e-10,1.1527375498249647e+29,19094.274310711604,331567382167530.94,25507.5529037873,3.0464056600271468e+16,49672.387501596284,3.162156590811175e+27,22323.924914334122,6.601078300456937e+26,731.5366591256591,3.1250080577453306e-06,69791.81978913482,3.117026339892973e-07,42106.22050436226,2.5287848578466806e-05,98039.86641921374,0.00039977345224728955,22686.41524009918,6.860867767368967e-08,5.016242488362236e-16,0.14203878222523897,2.5287872730068097e-09,0.18705200566313843,0.8129479918080743,,2.060557625070179e-11,2513576.520473594,6.354672361894509e-08,5.0619540547445876e-09,metal,metal,intact
1.4310885942147868e-08,68369.9132268807,0.036008109611147525,25470.660269980974,6.207415129716787e-17,69033.96006515058,0.16445382181070775,135505.8673368206,0.004584524856892818,1.243641957829707e-06,8593352.956539623,0.06106467933656927,0.06480901585649725,0.013532395955683887,0.3463598943053292,85.52363207058593,0.0004761124556301816,4.2470983183690225e-10,1.1109245290717393e+29,16272.068178931335,774358737982835.9,29857.281053771414,4.729596934307474e+16,35092.6566601911,6.495226520613167e+27,22053.357358134017,6.439246987967109e+26,917.2421921749402,4.93338599780588e-06,57350.32041124813,1.8579013951582477e-07,19595.068562794957,1.7381475700780862e-05,86898.79883959627,0.0008238227500267183,13086.724577875397,2.182418421908913e-06,1.640839497156216e-13,0.419518050493948,4.8858265876489056e-09,0.0047401137136108985,0.9952598814005627,,2.1951455146361384e-10,8501284.912729453,1.8770029800575724e-06,3.054154418513404e-07,metal,metal,intact
4.1939885550467863e-07,71612.56814992877,0.09029325242874134,10972.803152186902,7.770116975505627e-17,70887.97395633938,0.1117804401589512,90428.42412909665,0.003374632220352315,3.6880600414054854e-07,5403840.150297318,0.03719087966943168,0.04986945660504653,0.08211160162407416,0.16795220642000064,88.97763056267016,0.00014263631963722356,9.883769129586112e-10,8.562232684735562e+28,24605.558362666925,348150502245172.25,27158.269718360898,4.925479573992154e+16,44999.53634501551,4.297978435761663e+27,31093.915166759845,1.5683787258562676e+27,964.0115595668719,8.583625893880217e-06,45975.292357312836,5.32903325776236e-07,38204.272302858306,5.500733618947857e-05,91756.67838737121,0.0009597482868419308,27425.397941227537,0.0001303403264309544,5.2297791083706714e-14,0.39200147591448975,1.1015864209959837e-07,0.28360889233771663,0.7163909975036413,,4.038977383279075e-09,2191624.4333731015,9.946803203776435e-05,3.0872294393190054e-05,metal,metal,intact
8.239255616243782e-08,70766.19266647416,0.0768745231399336,38182.39020390069,4.576479106611015e-17,69096.85216676779,0.32290246909531545,147203.07372937177,0.0005588320845413093,2.9614622641087995e-06,9411597.421634242,0.05057200387491404,0.07102395628356932,0.08486577077552235,0.3230628276883447,63.45864807497485,0.00028482662559403324,8.11737765792592e-10,8.78601476704495e+28,20896.783262046312,247169803347887.7,27792.29206915896,2.2176244571162036e+16,35571.10245120995,2.0133616674613173e+27,26899.5847633664,8.681652538937244e+26,952.5533467753017,3.332754618933145e-07,41844.063038963934,1.0795812692933824e-07,32106.344132514947,4.3795372983170855e-05,77499.33138438477,0.00022444083249936582,9183.069915471919,0.00038295505052556055,1.2323818479598159e-12,0.3035538021249453,7.418629589915562e-07,0.21590483439573135,0.7840944237413097,,3.4197861305917594e-09,4903522.445478107,0.00028464153831097265,9.83135122145879e-05,metal,metal,intact
4.157677564897099e-07,72768.09590811723,0.08951194540675371,38091.31317400661,1.6358122501095406e-17,70446.17974094138,0.3667479505200437,39712.80427149915,0.00352194563714173,2.6820288869139505e-06,7563246.928566024,0.03033445808466485,0.07194146115297065,0.03261816798567083,0.06802326457120546,62.36484541839287,5.3372352773257766e-05,8.415835715143792e-10,8.896855204842651e+28,18796.877730355456,467611145171832.7,25127.437155991247,3.1352411580998428e+16,44026.27345447665,7.766553444917528e+27,39442.87058550144,9.418464334962441e+26,736.8805076557796,4.012275765253502e-06,56230.02996976801,9.016795278752455e-07,39611.24523563481,7.530908447616808e-05,80746.40384548416,0.0008513108631398423,24226.988975798078,4.4849347766575427e-08,3.305703401436544e-17,0.30892699813318025,1.0499052121899564e-09,0.5263311524000149,0.4736688465500798,,3.018099084270617e-11,193235.47392112148,2.464041217149892e-08,2.0208935595076507e-08,oxide,mixed,mixed
3.210983623189111e-07,77426.00184218388,0.027587363949556534,43801.17287558402,5.1234993686193913e-17,70713.33268213607,0.2997923335835475,159479.6524440591,0.0022190614602639177,4.6492150186530424e-06,4960816.316498564,0.07384825309555887,0.009692768334306219,0.05341855320413493,0.1089081639094331,67.4803784117385,0.00042469858245748615,3.9999643389106327e-10,1.1061749018002733e+29,24721.97132721858,459786761338545.3,29275.133001152317,1.881937861707409e+16,40524.90230459378,2.952849367835012e+27,32358.239371597265,6.572006946886052e+26,594.5307669329928,5.775910299454495e-07,51423.89742820046,5.759510696806336e-07,5433.908867519284,3.3798785964857444e-05,95178.19419626816,0.0005215948731297913,23207.609589198935,6.187992531205201e-11,6.731470883122099e-20,0.54403684475885,2.481275118525519e-10,0.4027876871094704,0.5972123126424022,,1.003458968280783e-12,48924.79663750779,2.5073459099712242e-11,3.680646621233977e-11,metal,mixed,mixed
1.1849959508926689e-07,72725.89985893968,0.09122365330800608,4330.236852948768,3.307004767941161e-17,70407.83968204798,0.34813557633440345,159547.22266340523,0.003320707604573555,7.559009043638451e-06,6588917.354610612,0.08220921591384923,0.06956610742252305,0.06222829076516181,0.1179286292160906,93.27299198375779,0.00013931063265042098,5.417321831761715e-10,1.1660074764753048e+29,18674.323477383383,75284701838647.31,28461.91713066657,3.5552509212820508e+16,44809.52109921296,3.1362247553277623e+27,31517.44853085981,4.6530448693673446e+26,771.64884324588,9.458322406252003e-06,43833.501616599875,3.504901257312256e-07,17668.36760370779,0.00011169145203963073,92283.38863407806,0.0009553290638811954,36035.60593169883,1.0874297397325263e-06,2.201604972239991e-15,0.42462078173340023,1.683774366163762e-08,0.411632493511849,0.5883674896504073,,5.908992386338291e-11,230876.15479389098,4.778796212352941e-07,6.095501184972322e-07,metal,mixed,mixed
2.877853335474651e-07,70894.70735299465,0.07075460176247718,47780.44738306912,3.638246025139898e-17,70204.93251210848,0.1929990673349284,49397.64829682211,0.0046303880390760315,6.183884867780912e-06,6270903.697485162,0.09910651067953485,0.05239891420924141,0.07775662152388342,0.03802866825324663,99.53775780706597,0.0004517756852421043,5.239191475743557e-10,1.0790523651705863e+29,15083.229564729412,799219041513168.6,29340.494247646333,2.9278349656982336e+16,38623.60102438847,9.633141494257624e+27,22369.548323789608,9.986924893943404e+26,636.9248135068451,6.59739017258002e-07,61334.39686008443,7.239789685266622e-07,25229.18103821478,4.190581674791596e-05,93184.22829097105,0.0008548829616116106,23356.69387618836,8.45218533187564e-10,2.0910962584855844e-18,0.333841167998757,4.758186554205547e-10,0.3676028944266688,0.6323971050975126,,3.540764760745898e-12,644901.5557448587,4.4363707470576325e-10,4.015814584818008e-10,metal,mixed,mixed
1.8453908386587153e-07,62042.23185999915,0.03660166527955809,18084.010306725806,3.950055976606325e-17,70452.47714104789,0.2475332713047722,143992.4171353746,0.004348813392425299,6.939778680191726e-06,5464764.457362983,0.015766299860071237,0.02982355843644109,0.07604284426968834,0.29758721926298776,57.99863250475104,0.00015883757363783629,7.747708560073238e-10,1.023552939044736e+29,20286.1834031728,181734974263974.28,27894.967083525535,4.95348860630618e+16,43581.80489986097,5.605410485338531e+27,26010.124620721817,5.9192372945551485e+26,753.6699523139381,1.2315302299113912e-06,47033.24641866639,7.735741578096908e-07,46996.49073013405,1.2021211062870923e-05,81936.60797188952,0.0005553420302710895,21886.65940692012,1.7055810437890845e-07,5.909022379661949e-16,0.2162109136309829,4.418761811464167e-09,0.5241788794365269,0.47582111614471134,,7.028538949999903e-11,503747.83849595883,1.218382902979457e-07,4.871981408096276e-08,oxide,oxide,intact
2.2336486039388272e-07,78858.16888705514,0.0032234334442546118,26178.324695314728,6.425565747337906e-17,70055.42607855052,0.13579200219791143,30643.617202855712,0.004394093810300592,1.714972360369292e-06,5497100.227315047,0.06598323054481209,0.06260203069423365,0.027406419507624066,0.1282997294826954,86.6368092759591,1.7151124050522545e-05,9.502545762904372e-10,1.1054322995105229e+29,24488.228471805323,347485568468419.94,28834.207976134003,4.136773322260713e+16,49608.62620539915,3.590602472162503e+27,31792.950379745984,1.8158838795958087e+27,609.0815188432279,5.7372375357691646e-06,61866.57181624711,7.776541478156998e-07,41590.509228435,4.511839728858068e-05,80607.48164427951,0.0003010659120579244,20493.76947080903,1.9441175188900014e-11,1.2742072069493687e-18,0.1371607338124671,1.0077948500589514e-12,0.009155186484996067,0.9908448135139961,,1.5283029710530327e-13,5379479.84856305,1.6382228402674326e-11,3.058946786225688e-12,metal,metal,intact
4.022159907872227e-07,68641.25443181803,0.07290586383135989,33351.54178701442,6.752858986863922e-17,69767.52434221096,0.38349314530612444,127892.79790419321,0.00420917416909573,2.095081029335434e-06,7822787.827458752,0.08448467123367782,0.07545677235570866,0.06844981150489728,0.14838503892696098,98.75722348195647,0.00034330915527944433,5.718653607061342e-10,1.065758303081489e+29,17416.05759489359,387823349991096.6,26744.305651215225,5.334381979211662e+16,48240.12516039021,2.2403787033185623e+27,29905.052389212036,1.9806092708633246e+27,780.7121521327439,7.73300217181073e-06,65104.48696512218,6.106629997897689e-07,15266.869617404336,4.440052136271643e-05,74314.88697494286,0.00029112165823737474,15859.281330629561,1.352739510656843e-06,3.3833511555667443e-15,0.5427904743882098,8.718630962835412e-09,0.20260782044955367,0.7973921708318152,,2.28892854346502e-10,4093624.4118890394,9.652525971470777e-07,3.8748691350976535e-07,metal,metal,intact
1.0114253568255101e-07,72534.00951802643,0.0704116572959646,26437.94404520413,4.4527225585398967e-17,70495.55648152725,0.36619631415469195,137320.6690061958,0.0006477161753775415,1.9007983462639401e-06,3384847.7806009706,0.056011601946306395,0.09131704097198863,0.03578432106070491,0.4621791351624903,37.70364266280793,0.00010404570263511762,9.826612189276344e-10,1.0581733404827723e+29,19682.97088653187,11463997417429.371,26467.95149535878,2.529489276098596e+16,35337.78257085689,3.522155777365508e+27,27767.22485588082,1.1384440650905064e+27,983.7582251432609,9.039713497726987e-06,48127.98337374063,3.0815842816832284e-08,24942.16253905159,0.00011225209159933822,96062.68124181143,9.594178239248882e-05,33313.08313137044,0.00040950756742886836,2.0075006313396213e-12,0.150478359199251,1.0942801323744606e-07,0.1698342847688807,0.8301656058031059,,4.667809452990343e-09,2157759.4504723293,0.00032353519089638286,8.59723765324855e-05,metal,metal,intact
4.254178181145033e-07,65229.21132015125,0.012921090142051266,2798.617310597858,4.455224250513115e-17,70166.06668739572,0.10273607232366848,56578.19261947277,0.0013740797700667565,4.6983536707154215e-06,4603246.172423168,0.09413388778182302,0.0705466271905012,0.03377147327477875,0.09867335051497379,44.04049934739646,0.0002360037430150305,3.923501655724815e-10,9.501029367952759e+28,15416.68212798555,33039697215678.293,27850.31336067351,3.222160581533678e+16,38933.84382385833,5.838671698241797e+27,32321.63647845692,5.6795592715134915e+26,789.7266535857146,4.40489842301551e-06,43688.70161301668,3.6553212620488345e-07,38305.62358781683,1.795171720108218e-05,89501.93152317786,0.0006422218112876034,11816.167813859774,9.793472335379102e-07,1.302078656796293e-16,0.224874094864865,1.098439118545435e-06,0.13955771113000542,0.8604411904308761,,5.053829455987213e-10,208.90178807432252,4.7339933143889054e-08,9.320073003940211e-07,metal,metal,pinhole
5.561590216736968e-08,64834.19866146868,0.04005892669823765,5293.222396784774,2.3246968924770943e-17,69310.11020307032,0.17104402909608554,77788.56719945063,0.0020810542849792864,1.8980364643648273e-06,1477618.8989438596,0.06356458541621478,0.007901830144902493,0.09125284029903051,0.048727649220962795,51.37816243177676,0.0001308690407855677,5.096516819554361e-10,1.1255268185017613e+29,24730.613385988792,170744665025935.5,25370.096638154588,5933635470599666.0,49537.434792429834,2.694254974882657e+27,37325.794511131884,1.9765971909456828e+27,740.4550454842017,4.994807887448766e-07,65778.9636561601,9.946851220252992e-07,24896.394813192466,0.00010576260046854149,74782.90428196291,0.0004322079448344743,36962.458530525546,4.650969133649148e-08,4.3604525795626695e-17,0.28761165819593565,4.537816193054932e-08,0.41205874581614776,0.5879412088056903,,1.0471972376375678e-11,28117.90667370062,2.015912140692248e-08,2.6350569929569003e-08,metal,mixed,mixed
1.7967134173544164e-07,76360.29817577766,0.055704247243882496,49841.289978157394,2.272314625529305e-17,69744.9621343817,0.30841310892763796,22098.944719417894,0.0028611454163117484,9.35933357436841e-06,5260568.390610845,0.006958537624745319,0.07771986899453114,0.09530059500025059,0.08163441143427848,16.50166107261194,0.000268889454820255,5.672523517880173e-10,9.69523205899625e+28,21366.024352555905,217522023138967.66,27610.355138290008,2.3754702222624816e+16,49249.9483109209,7.500521305115456e+27,26741.552958307067,9.371483001454623e+26,744.960038363148,5.039236636522367e-06,56842.718485218225,1.177562626138599e-07,11236.879057024882,6.0241839963085016e-05,98620.37113548601,0.0003447810399226206,12612.290408470977,6.187432251353407e-09,3.413957690419166e-17,0.32514888725765073,4.7383576805777855e-11,0.43072646740571674,0.5692735325468998,,6.552263963075413e-12,840214.638131554,4.127664495387591e-09,2.0597677559658163e-09,metal,mixed,mixed
3.2009074842206854e-08,66064.60000905096,0.08090382661102676,41233.92271682433,6.959480551022032e-17,69013.13661720668,0.1409332111771342,42402.04384255664,0.002602428992114581,1.9720942708880284e-06,413961.72691618843,0.08634946344613274,0.039695858987957314,0.049182482591257855,0.26926768191755046,89.9357585765528,0.00017044062962086448,3.5344163454594595e-10,9.485831637627859e+28,24772.641702816436,98352914999969.73,27949.769169859374,9482530516162548.0,49579.75028922054,7.121580838639756e+26,29290.661576446495,1.8760511097046506e+27,1129.8715333651085,7.517391614145627e-06,62540.608824852716,6.032298243882267e-07,35574.83925671728,8.836590324801898e-05,98924.00240868321,0.0003839738098167431,29902.86075424739,2.056310062810203e-05,3.078483109407094e-14,0.2194172965393635,2.087843381781056e-07,0.3822881182710286,0.6177116729446332,,6.4206977141285795e-09,4015.633942992575,7.4682782355847645e-06,1.3094822392517264e-05,metal,mixed,mixed
3.807460929569516e-08,74607.84266865106,0.030709148070888988,19602.49737193036,4.3766106564130944e-17,70111.79112346066,0.2283566021247222,35819.597254725035,0.0031800122993589685,3.808005443857244e-06,8292616.472520652,0.08672377044385207,0.05206641402383715,0.08735923168603492,0.030719587721961344,33.43031471938129,0.0003298408094727178,7.313844947224299e-10,8.945277267520085e+28,16414.37899887143,235774580699103.25,26520.82938962331,2.7329090974725256e+16,39932.01814850365,5.56246199426237e+27,39824.45040105576,1.0881971469908467e+27,1082.0741820889662,1.2818060836604313e-06,54628.51229590019,9.273470004062187e-07,49194.26778615575,6.541200568154079e-05,89771.30672741064,0.0006810111486812227,21556.15215053674,1.5250930773200069e-05,1.2822670451319512e-14,0.5271503437849416,3.422428081853091e-08,0.3708529449612997,0.6291470208144194,,2.010813351586973e-09,275620.49593095545,6.137363693910864e-06,9.113567079289206e-06,metal,mixed,mixed
3.733559523962932e-07,76885.84287704411,0.03007667302801849,45221.006332761135,6.540393154183641e-17,70870.72097021641,0.39134962185023425,106543.52390566238,0.0006842507639876331,3.7434009872592276e-06,3892654.7322500376,0.0562822859343072,0.07435935414391273,0.004235255089006374,0.23605963080077969,14.96422165126406,3.14730810160717e-05,7.725812129578955e-10,1.0492701561339895e+29,19508.045587144687,319564813319899.2,26393.361170749,3.858040137319431e+16,44884.90396048567,6.445267340821096e+27,27063.453130716647,5.1725881559255134e+26,928.4036338252236,6.78714974208513e-06,57693.97975501776,7.109115960644415e-07,10559.68647867746,5.8846112405335764e-05,72339.31923723975,0.00018247078275242096,33989.34985959227,2.465369170788186e-05,1.550562972560927e-13,0.5538263587932918,5.8168466936385425e-08,0.24389354757531667,0.7561063942562163,,1.5606720256469632e-09,1990439.860101338,2.041710343377409e-05,4.2365882741077695e-06,metal,metal,intact
1.8256111771698093e-07,77363.05154383689,0.0361463016674656,9952.937700301225,5.407205529839041e-17,70900.48846411935,0.24103932703128028,30660.935275305186,0.002040942663403954,9.398776619119793e-06,2254996.184120065,0.08305617759302886,0.0051981736207719256,0.010443167341010152,0.08792911314617377,21.439550160029214,0.00044551947173287684,8.615378776721627e-10,9.626410531685144e+28,17121.474530092662,141823035287063.38,27721.793055261405,5.048584873417794e+16,45826.937964712655,4.6042829962925393e+27,30330.93604051829,9.754839076438791e+26,1136.3348010192194,1.3111562337978004e-06,40618.72713987742,4.347291089363038e-07,18253.00830858107,3.282990698724683e-06,79662.14101041669,0.0002790569126650283,6679.8843898848545,3.2184743014569314e-05,2.1343637276722878e-14,0.4256514021574774,4.628252184587049e-06,0.11478964351132956,0.8852057282364858,,1.3874617057150395e-08,219.23154284348658,3.043366983774587e-06,2.9141376030794726e-05,metal,metal,pinhole
1.0336258714037669e-07,60194.75793833392,0.05758315468286919,2067.641263350002,2.847257677588591e-17,69029.45143901678,0.35443435787211064,98014.11619531063,0.0019424997904027798,6.741514776276126e-06,4380331.96486111,0.04195493185017272,0.04244646442643182,0.03715393355595346,0.09700305339832602,45.21061799779837,0.00046859122158373896,7.020805146785796e-10,9.380725990513084e+28,21147.78090223849,785137704981308.1,27588.570013542616,5.8027805271767976e+16,40586.89158119928,1.6556732887683783e+27,29117.91868992584,4.0963705664502155e+25,1127.342443376661,5.062689520929393e-07,59495.118573335494,1.7635677872678152e-07,7605.914909263771,6.093196855774736e-05,88856.56012839655,4.750951737720758e-05,33763.656743589294,0.0005252501015094568,1.6937002038956142e-12,0.4366088968222849,2.6255065669032404e-06,0.5308315527993969,0.4691658216940361,,2.6609805165952835e-08,261777.75017843334,0.0003484684115148712,0.00017678168999458554,oxide,mixed,mixed
7.552339056521057e-08,63942.542052275414,0.007041392402853719,35445.209474439864,1.6089497943344258e-17,70397.33512420357,0.26058353515465493,40767.008970305396,0.0019035574402402073,5.649534826615953e-06,8935139.218530858,0.025164616288343156,0.044850701347926784,0.048776517131693634,0.41417322233818804,9.924141354516617,0.00047412150780049494,5.976632031125327e-10,8.115448170603958e+28,18527.34064035023,658933169472493.1,28640.29451257606,5.928611397055389e+16,44776.56343524919,2.475893292875497e+27,30919.030962273537,1.858582182256161e+27,911.7439309565059,3.400631539567266e-06,58332.90436169786,2.5139365822679263e-08,11507.36951195449,3.476500485808023e-05,94098.68912436256,0.0004507145510813347,5289.797686393108,4.542002095540271e-07,7.613873295397807e-16,0.25363819860849296,2.5463087715499944e-09,0.6573884122097323,0.34261158524395885,,6.505167514080305e-10,216206.45328135096,2.9993750468484e-07,1.5426270486918712e-07,oxide,mixed,mixed
2.663024633251369e-07,71139.44365936374,0.01658546318312641,46743.541317909105,2.3000109252505712e-17,70047.76015341777,0.1724792043986118,88764.8990161536,0.001405780303818841,2.260299425909597e-06,9406781.656256214,0.07525319593830185,0.09379551605766338,0.08051410608628588,0.03454026411706345,99.82563866747924,4.837761829493318e-05,6.511960936403844e-10,8.663078925673187e+28,16920.935201235978,468643131922632.44,27578.219236014058,4.556161981519648e+16,39748.182322220855,3.287656741061163e+26,29125.096352472887,1.5226896987508904e+27,843.3002382527162,4.2690259977325356e-06,49753.11621370837,7.623027313709447e-07,47404.01087795428,0.0001313148087124366,87366.32345450953,0.0006979208917730955,38595.32027435219,4.6775382127959245e-06,1.2237590650064461e-15,0.34546123444066823,2.22937815563015e-08,0.30322697769385,0.6967730000123684,,3.5511252816978614e-09,81183.56608994862,1.1305534191473197e-06,3.5469847936486048e-06,metal,mixed,mixed
1.4646414321910672e-07,69934.0095493938,0.043893274857152755,30617.607794033876,1.2711683928992743e-17,70902.7870301253,0.30968186820012056,97036.42781187608,0.0017325050850551696,9.097585315560935e-06,7003808.358801858,0.09634347905648828,0.003825970752019777,0.03156660692302963,0.4120119550080148,6.510038560470447,3.0973482689938004e-05,3.3276414778008234e-10,1.0917363349097402e+29,21648.901406412017,296827015938509.56,29710.275683675805,2.5485220578620764e+16,44497.45289312912,1.6010091110864164e+27,39927.9682332363,4.034995729910203e+26,1040.570450645277,9.2328693894914e-06,68909.02487452964,8.730105520482384e-08,44449.3512232129,5.5894934649993214e-05,98395.08728625707,7.321583335760238e-05,35871.749776612676,8.527578516210013e-05,1.5825672749853418e-13,0.23724050213151504,7.338784573846361e-08,0.42832357087597867,0.5716763557361754,,1.1292054255905904e-08,61227.50898624747,3.6253824743097526e-05,4.9021960419002604e-05,metal,mixed,mixed
2.3516628422816418e-07,65409.24656994919,0.02714433729356623,20983.96952744146,4.4505004513920705e-18,70246.56493846065,0.16087123575194703,86659.0220825883,0.003022053348388058,2.296304450489647e-06,8271243.0829925295,0.024246429229489126,0.05484586991686913,0.06110264550734788,0.31968339084683656,75.35417837849745,0.00025782667732172595,5.724931457871478e-10,1.0303218489766162e+29,16311.191406719961,479585654797295.7,25721.88600891229,5.044030569907221e+16,49522.567465621374,1.2888951579095058e+27,31197.67985100145,9.910439784678791e+26,719.5862490650296,6.79779243285743e-06,45056.323258718185,5.224439023615537e-07,40464.48298014274,0.00012596821575893913,79977.6781528371,0.0006056079435635067,6122.374297068681,2.3746367872065075e-08,4.3987405460829905e-18,0.24036883478465298,3.876763563277462e-09,0.42075544318106683,0.5792445529421697,,5.0242004585506994e-11,2581.3094413357317,4.653175553943576e-09,1.90931923181215e-08,metal,mixed,mixed
1.9669905914124164e-07,60491.19280662616,0.013933662524035105,11325.310198242521,1.9044742402672896e-17,70322.77240584909,0.35477779721836095,156040.9193853985,0.0026289734831336383,7.889348417581987e-06,5617830.085399426,0.04295341190428924,0.0977741157288369,0.04715262905240516,0.2907952852461234,72.05754512632363,0.0002638080325508735,7.060741112789008e-10,8.894830091275911e+28,24971.966668111476,631365728534106.6,26483.07081351308,870802681223245.9,36668.44990630945,7.560245251262428e+27,20853.6223570793,1.9392528172827386e+27,772.569060163713,9.226793464976516e-06,53166.41044587556,1.6855172068650287e-07,7477.819394155491,2.116295954537181e-05,88495.68417849016,0.0008812912825867079,19205.983014447393,4.389205005825203e-07,1.2410886240070123e-15,0.41768180870845356,3.447744441655249e-08,0.5302387657504656,0.46976119977208997,,2.2554610686662025e-10,227762.10324827916,2.420190041433903e-07,1.9690149643913e-07,oxide,mixed,mixed
3.4682974923910753e-07,79709.79766676997,0.06133296476240627,10682.03166670118,1.5863870154441102e-17,69417.13896477627,0.18299832594176446,77620.53204795378,0.0042773236084755785,5.593147369038346e-06,7045435.605896974,0.09994465810900881,0.04167260892495961,0.039064963285119145,0.0634937588371862,61.866427128932855,0.00020463017871986218,4.845366273690584e-10,1.0882156630893476e+29,15779.811437317918,191153092919650.44,27788.454589109704,5.238634463986581e+16,42277.23026588535,3.536931325805461e+27,32530.952159721695,9.482844511627328e+26,759.2307332295414,5.928495430082247e-06,65738.96371429534,8.867731026274709e-07,18088.385610154455,0.00010643082086849401,98422.52107845874,0.0009098692265452445,29163.004144825114,2.729722006834384e-07,5.741969172115777e-17,0.5383152244384218,5.2770818691433615e-08,0.1952850230413416,0.8047149241878397,,1.001076582516373e-10,1265.9682196867934,2.2027107758859038e-08,2.509450929245794e-07,metal,metal,pinhole
3.0829949445329915e-07,79823.7508458001,0.060417480087468105,34420.054847614345,7.318142271584343e-17,70329.49045576167,0.30415217905753067,58835.33684346443,0.004681613570621659,2.7780634494623787e-07,9811949.00161666,0.05332168976134186,0.07890122988905182,0.04266795354265156,0.45713971196850833,25.20318542517474,0.0004104194081806481,6.875153405600319e-10,1.0251334788867977e+29,18479.89564808238,497539125528800.1,29717.61039739409,2.938175995646209e+16,44728.410467261965,2.80145218441047e+26,36805.747147415255,8.875127236143506e+26,1014.2565856567167,1.99268566946629e-07,67684.29918854676,6.28925326610296e-08,28189.83626990173,3.2457940622338975e-05,95237.43311608947,0.00031354855223090074,5558.233221828017,0.00031797244580578077,5.2555999324316596e-14,0.29498721711231585,2.0080361448560677e-06,0.38867498390666977,0.6113230080571853,,2.7472770697683185e-08,2608527.401980917,0.00023540173629777917,8.25707095080016e-05,metal,metal,intact
3.750386556101926e-07,67535.9989409717,0.02458820552711789,20723.67954987883,3.62911945679459e-17,69442.62986645492,0.35709638496530005,79844.23684565583,0.0024490828697445515,8.303423582849211e-06,3723654.0613090782,0.08157753040645056,0.06035844211181125,0.09907190600649662,0.20509015070681103,68.19990015664933,0.0003658478195626888,7.925939304739256e-10,9.120964827098513e+28,15512.522410201735,211452031361299.84,26860.704059310465,2.243082790107984e+16,38922.76191514076,6.268556912165646e+27,20990.368160438906,8.995118215930539e+25,1113.3432402178973,1.538698788618805e-07,45697.55564591329,7.569994130178626e-07,32518.79575753117,4.970249399099957e-05,79157.61008377364,0.0005782968383108005,23497.863846788205,0.0001843186847458954,4.956863361160962e-13,0.4912612138318867,3.6677697618971474e-06,0.38679947142255755,0.6131968608076805,,3.4720653304673326e-08,111356.84652172563,7.223141704071916e-05,0.00011208726770517624,metal,mixed,mixed
1.1512208496361364e-07,62302.69152534208,0.021345468381188733,48901.91680049255,5.5470084183295523e-17,69266.59530055514,0.23318227913198097,151868.15456184398,0.004759258026189067,2.5399345171225493e-06,7190134.97270887,0.05591188806856866,0.09851100063354952,0.07789215883226265,0.11413213984697121,53.63216677191355,0.0003607827662589333,6.903162189177643e-10,8.492723567605516e+28,19378.25853434339,220387192719496.6,29491.642847642408,4.898574935513067e+16,37927.259164296025,4.1050356113867623e+27,23011.53089979902,1.151589254991358e+27,990.7024095070783,9.366057273423862e-06,67613.14046566749,5.021377904992972e-07,38976.01769561739,1.8516767610507408e-05,77078.15734718757,0.0006207396479246424,19082.65565932471,1.7550755541488476e-05,3.647853078839367e-12,0.43048959655864716,1.7450542486076228e-08,0.0031362320598388805,0.9968637504896186,,4.521548300242574e-09,7132275.3057373725,1.3461697747284803e-05,4.089057794203674e-06,metal,metal,intact
1.1482798056236486e-07,79104.05246106665,0.06732894093825491,47623.52754846238,7.531462820997828e-17,69293.65292921898,0.11938327518328917,109281.65346145081,0.004612468809508375,4.793400345032769e-06,8426599.710045602,0.07673106868755189,0.04936913692859716,0.007832085391192565,0.14364201447453856,19.520333415813834,4.2292202120570065e-05,5.249006614739131e-10,8.977923144672718e+28,24450.464616622776,579465920988155.9,27905.774299987606,2829207478747555.5,37078.603449200404,5.595377698325417e+27,30715.400786313643,8.616455514376133e+26,1012.8794927688109,3.7857243495386974e-06,57533.99341269277,5.904984943220495e-07,40799.762787986125,0.00012281297212996868,93428.4276219933,0.0002635569180574501,14286.803321279254,4.7397698769509114e-05,4.007793271109725e-13,0.47292830922776025,2.4032699901085138e-08,0.16095520300341704,0.8390447729638831,,3.5409707039669393e-09,5543006.627774642,3.988840724295495e-05,7.509291526554164e-06,metal,metal,intact
4.140543270721512e-07,76950.91005252773,0.036200509018969367,10724.582568028214,7.280378826686853e-17,70007.03967073432,0.32963545971290775,62062.51235909361,0.0028689617052090103,5.586016267220591e-06,706768.2129886668,0.07560983398997555,0.040384524824160765,0.0592571603231768,0.46667562892682224,57.13715984053538,0.00031127021603598337,5.941915868611765e-10,1.0574493483040884e+29,23197.459713380806,265353872459131.1,27511.764030046328,6886089913144614.0,42094.53263610648,4.586793458009108e+27,34107.18398591287,5.639928607111215e+26,860.3767004010571,1.3807602021868578e-06,50349.1612628253,1.5177773639229052e-07,35278.75036257632,6.418869337365042e-05,73671.79441388483,0.0009741415750772355,13326.496834017415,1.3550656604223165e-06,4.098237825750094e-15,0.09322161458957862,1.8981694635170354e-07,0.38231391943010445,0.6176858907529491,,9.904893350284947e-10,4974.467726225141,4.6609369887521896e-07,8.889719615470976e-07,metal,mixed,mixed
1.795572051992322e-08,79693.87855162975,0.052146079782367474,15941.526701281875,2.6474595553722975e-17,69067.24183103553,0.13018256240135428,75801.08786420227,0.00498881389411668,3.7266510811201183e-06,7143732.247432244,0.07293822975087633,0.001372803569827145,0.07006632845154043,0.19650942204789504,83.36322569139848,7.318306179164448e-05,3.594794735817868e-10,1.1021748859876018e+29,24884.594374934615,377358614588574.9,29137.37004510874,5.421901840206954e+16,46631.138934240495,5.100054051393555e+27,27720.95622127405,1.0487073466995234e+27,1247.2353930194004,5.272438167258578e-06,68626.75379881432,6.90714345625911e-07,10896.75310308568,5.467520713586183e-07,98065.6138975255,4.617493400977655e-05,27966.345236520487,9.094289818325486e-05,5.167464586336152e-13,0.6629364836375257,8.179504674825703e-08,0.19268187168192633,0.8073180465230269,,3.952385691186953e-09,4185309.285004114,7.455217540603883e-05,1.6390722777216032e-05,metal,metal,intact
1.5596470338138623e-07,78229.23465794319,0.042931914436177214,42602.553695718685,6.10058274954932e-17,70357.06790946079,0.12198535747403791,31421.1204423339,0.002188996945254073,4.7314629337835254e-06,9202765.483499408,0.06392881216549862,0.08619170782676351,0.09064691992278102,0.10621887330767936,18.596520962978488,0.00032404371865798597,3.6586644255577516e-10,1.1920788136255549e+29,19559.509681864525,536123751292049.4,28262.154683658922,1858841850382495.8,35815.43353162478,7.867582348039964e+27,38623.854441007206,1.7135397159619719e+27,980.1660995808405,3.941561817702921e-06,58027.37673315636,2.2178396030025831e-07,16317.726262076694,8.05968821430221e-05,99564.511204867,0.0005337531330191328,27042.248963528014,7.591171164513279e-06,2.2248331354765636e-15,0.49004455690468873,6.467814168428528e-08,0.39278307783928146,0.6072168574825769,,2.9008521662635353e-09,4786.567402253288,1.0583713228321523e-06,6.532799841681127e-06,metal,mixed,mixed
4.063879259382013e-07,61026.76535011989,0.010219016945258029,25755.215824130395,5.529993827588782e-18,69894.78128130961,0.1977086814040221,150100.81645175145,0.003702772310665757,6.019879537184468e-06,7419924.650787802,0.05762286485555948,0.005473710094301524,0.06753227276147719,0.38188740173708813,42.03678490534953,0.00020596847101341068,6.412823082138451e-10,8.656699139951533e+28,15883.537891587364,778454108252901.6,29937.92123645427,2.0646549379470264e+16,42744.189312436916,7.214638163931299e+27,37043.89473712006,1.18025769645576e+27,962.4024901856071,8.129683186787875e-06,64971.6361680168,3.695000986407813e-07,10051.386185341413,0.00011733379415901888,89868.97586518395,0.00042995363054205494,21288.455005657357,1.2824702685662713e-05,1.4804376409664704e-13,0.5618359636901425,1.1726455470555493e-08,0.15709138079150198,0.8429086074820424,,4.03938148990972e-09,4930843.744163847,1.0839093816522717e-05,1.985608869139996e-06,metal,metal,intact
9.501866723672502e-08,73841.4377578281,0.03899989785107939,30957.361868659205,7.134728171008361e-17,69765.6406900301,0.2543206541878024,120342.14859004537,0.003864862960558033,6.643418703036339e-06,4663628.200304766,0.02660196698665538,0.03446656639275456,0.06474612624789085,0.035484572493715276,26.905426496239095,0.00019890286490294748,3.500335058904407e-10,9.840192603156693e+28,15102.818547747735,799791476102630.2,25087.660567426326,1.2197695337767134e+16,39074.23101132064,1.7516396575032318e+27,26463.49993657501,1.92769374229953e+27,886.0638437448005,8.071645900999982e-08,51439.5655542681,1.3916626393868714e-07,31514.10173949578,0.00011458054188491723,91748.28896487055,0.0005061722379103369,19904.215828417193,5.913238072072785e-06,6.381563470742078e-14,0.23367827837609845,2.8670012165533574e-07,0.22891143833246466,0.7710882749674136,,1.1348638488047055e-09,2472914.3870560704,4.946320136129408e-06,9.669179359433774e-07,metal,metal,intact
3.7069890603173314e-07,72804.04727120644,0.062287202504340736,25330.83806970078,6.958940274470802e-19,69886.63909812576,0.31591347601808634,145750.13096627468,0.004159659819757168,2.8023419902932546e-06,5763117.640516563,0.04773575337751774,0.08934686175197185,0.01962633046336695,0.27691585886836867,12.646455587281777,0.0001302965034780897,9.673403845120237e-10,9.70859839062459e+28,22983.941308487727,194688808343087.3,25845.892598946364,7349912863867117.0,36974.319959362336,8.438831629057276e+27,26831.790107683508,6.749159112120666e+26,717.651329708613,2.6724571619069366e-06,63486.98312387185,4.4825271337718197e-07,17880.472860884154,8.143615365227544e-05,86963.16134646651,0.00011725096737480278,26547.43801993859,1.893037908465277e-08,2.418100739618045e-18,0.4106450941680433,2.6491777381708663e-09,0.14831921411475152,0.851680783236071,,5.4098325185424666e-11,215.72815197100158,1.7361849703079284e-09,1.7194194114344843e-08,metal,metal,pinhole
3.244193490812887e-07,68072.612169433,0.009312544973218095,23441.43770869897,7.689654605608494e-17,70898.9214507112,0.10064237182038971,36506.03870045139,0.002446372511382202,6.911097020201804e-06,3780177.851412687,0.039851778086992626,0.0993408161231035,0.0009802687493594088,0.07743537308280332,12.027799145731446,6.408361376554861e-05,6.032470370441255e-10,8.682549609924836e+28,20965.06757818024,7750012945281.931,28924.927744974448,2983902360911940.0,36403.92954898891,5.20015058697688e+27,34638.64273634615,2.617439708293087e+26,1037.3716343216643,6.899580735539881e-06,52040.21352086631,7.493784538186994e-07,21661.73758232618,8.708402672989104e-05,79882.80021941848,0.00021364479861290983,18597.042924963374,7.096098006557035e-06,6.558671723353889e-15,0.5168683427060896,4.114998828688424e-08,0.42677573991628937,0.5732242189337222,,1.867176617241916e-08,1477.7843479041278,1.5552043510839676e-06,5.540893655473067e-06,metal,mixed,mixed
4.2108522963144583e-07,76036.18845075392,0.03650228306392221,16988.33802364375,9.848218557638106e-18,70856.0989669743,0.14029754600240416,93404.24245119227,0.004194222104090619,5.948421438457847e-06,2502866.605812945,0.04989291440686794,0.028605066393942214,0.05964675133255456,0.2501943342471917,61.60412038243712,0.0004570384648124131,8.999923337752788e-10,1.0629972435392994e+29,22424.65973826347,316634107031759.5,29035.010868918907,5.790637182179697e+16,35904.559196018614,1.0833997536699504e+26,31490.91282253187,2.1104138149280917e+26,618.8910496775153,7.388932480332413e-07,64226.281698961146,8.477069335527329e-07,41016.59540779527,0.00012896472868158149,95518.67918058108,0.00010375713773899381,25015.12804211663,1.2908540661018388e-08,1.0610510834187346e-19,0.11009728119628492,2.3177672664398796e-08,0.010058385011058404,0.9899415918112688,,9.502026710667492e-11,0.03037978112920281,2.4318678082318135e-11,1.288422198293607e-08,metal,metal,pinhole
1.7691441830593493e-07,66653.8871177799,0.09542506945357793,3424.3248883390697,4.1787843501708595e-19,69034.55375529629,0.1631026168522289,88025.34416130406,0.0022752019887423095,4.680396826855867e-06,5118831.529863767,0.017206937083383028,0.0821140184036733,0.015013665219137894,0.08841377953807618,39.12159558664938,0.00039095394340396,7.309006900645811e-10,1.0241263170865344e+29,24122.38013411896,707319590732496.6,27551.09008249266,5.0146559774096264e+16,46072.95879166596,3.1756409044710096e+27,23503.866784672242,7.88224299435558e+26,975.4631369584565,1.7226179296614543e-06,61257.68992919153,9.481020965306891e-07,47775.87001052573,0.00011705531574967228,82107.94581635554,0.0006768404374144041,21258.816861026156,5.379556141373229e-06,4.1063966818925204e-16,0.40483424618766317,6.338940509295656e-07,0.08691168173045245,0.9130876843754967,,3.276279373482391e-09,2.4723366311495916,1.756838025432079e-07,5.203872338830022e-06,metal,metal,pinhole
8.19607891592545e-08,63172.91855786046,0.026115883000006966,11716.201533103393,3.907224503512698e-17,69158.71715692306,0.21062167792230796,156062.0265983665,0.0027732392445465603,3.172669433818556e-06,4195928.52004898,0.05675911596522324,0.08152256562097937,0.0031356627808381957,0.40342682142729996,19.842373670081113,2.1000911291988026e-05,8.429684281189279e-10,1.0317715863902748e+29,15633.31347007103,533971796120520.6,26389.093689952275,2.4899658375092772e+16,36350.271860615685,1.248677346272708e+27,27390.25446402147,1.5863944229022847e+27,858.5107643617923,5.157858339119347e-07,61982.698895271526,5.433480935987708e-07,21254.0383047223,4.831265146853851e-05,83971.76173738478,0.0008645454764464123,21156.214353610907,1.2560721024315055e-05,4.9194849686145416e-14,0.4280641311612742,5.012063282732073e-07,0.32173909055363864,0.6782604082400331,,1.6005098005301903e-09,1648039.5599774881,1.0185524023402656e-05,2.375197000912399e-06,metal,metal,intact
3.224530136653223e-07,63981.03932196263,0.08808985580997654,26653.23447884385,1.869787037740914e-17,70679.32357386693,0.12973660631290346,46076.47172975446,0.0028992974625872115,1.0609362749499188e-06,3260055.941558886,0.00599842690272125,0.02494038131137508,0.09657847100126492,0.010965096467604634,17.48765951454949,6.931506360075399e-05,7.284532238443161e-10,1.1725127586849137e+29,19166.508834851236,766318142320306.5,29455.618148263027,5.770889650332143e+16,47194.47310918519,3.420100292521064e+27,38918.281282890646,1.7230784008622656e+26,850.0272654900161,2.591385617814287e-06,61406.09143857332,5.5033623049847145e-08,39386.69493407813,5.357714032977884e-05,72362.62794920041,0.000736043229260032,6355.774070527297,9.87427936530625e-07,1.8714090410050173e-16,0.10099734203044936,5.104919471368048e-08,0.6341717675273592,0.3658281814234461,,8.319972324725381e-10,1516.204458048711,2.718837556444048e-07,7.155441808862202e-07,oxide,mixed,mixed
3.1137960569839626e-07,72017.34567771778,0.09524016756915409,27165.28387187313,7.424553319888806e-19,70208.52125302667,0.13930624022467766,146975.32953707204,0.004885184624676079,4.014061355524103e-06,913878.26089926,0.07754028977593116,0.07387625937407113,0.08756519379516235,0.21874594735457445,38.3398016282231,0.0004308666637536935,7.444078773466234e-10,1.0869884873395998e+29,19566.611542697192,269162758359555.6,26343.913257814114,1.253496264840368e+16,35890.36697397988,9.232641420442303e+27,39306.387649731245,9.184277391671147e+26,682.4447300791654,1.5181636525930875e-07,48379.11162860774,8.636164510109858e-07,29762.200029287094,0.0001314534544771183,80647.73290275353,1.0340902506172664e-05,23015.589588813753,3.6613336128042047e-09,1.7698537812849805e-19,0.16270041630493828,2.626113860006194e-10,0.048607486995079274,0.9513925127423094,,1.9976761166570558e-11,0.8052537677901475,3.2046831242177585e-11,3.6292867815620273e-09,metal,metal,pinhole
4.083565854358064e-07,76413.18264407682,0.017196492017819722,42212.7314917755,5.4643367299601224e-17,70467.47963266878,0.13114287080088838,120078.7976401341,0.0014560251090778753,1.184605549585867e-06,3121710.108544251,0.031382997352123736,0.057440969237652816,0.05162373096625933,0.41655469434312375,89.29970603661094,3.1654014989112184e-05,9.254498818067755e-10,1.0130949078732504e+29,20880.117026268108,53125847639096.99,27625.340001418237,2170681309141943.5,38983.010415955774,8.860589344278632e+27,37619.76429905831,1.9702213385217327e+27,764.8589893914266,8.63227758683348e-06,63384.971179107844,1.7720351933629676e-07,8280.947441473447,7.216202039626784e-05,78250.0936495407,0.0007691028605046857,9668.76622346348,1.336696205232771e-07,4.267117840546779e-16,0.3451768102006817,1.5903951214994923e-09,0.17630846364864072,0.8236915347609641,,9.397936934804471e-11,1980410.0545307253,1.1168372202939902e-07,2.198589849387808e-08,metal,metal,intact
3.5854135655118147e-07,75558.43582208648,0.021999083728995478,26039.468523929674,4.476319578644749e-17,69239.60602376306,0.23449771445445178,148066.96111576812,0.0009013066396508268,3.2617139304170917e-06,8055877.6886766525,0.059143587216884674,0.0016226433034373878,0.09737071494416383,0.28499814472506996,12.356757164516702,0.00022756215678841184,7.072020980803525e-10,8.488307032247555e+28,17052.499017216367,132955201733371.83,26090.042257480312,4.674126203062386e+16,44783.23491220106,5.104273157679016e+27,39131.85451099448,2.2872105472788456e+26,834.9171960634224,6.128071399714495e-06,54643.4873725807,4.17158603834252e-07,36801.86948769147,6.897210376077017e-05,98216.4494899928,0.00023322813849409386,11728.003476298461,4.664524542966144e-06,1.9391930015651915e-14,0.3360092415426323,6.22256000151646e-09,0.21176771490442506,0.7882322788730148,,2.8452677389788844e-10,4409632.131195984,3.733645050674738e-06,9.30879492291406e-07,metal,metal,intact
3.900253395767984e-07,63558.24415142498,0.09035026922433277,45624.09042848069,3.70600856610299e-17,69753.74763955256,0.32631162096765054,66247.17763583137,0.0024419073501754946,4.716906897689742e-06,5917437.061619874,0.009189435730569667,0.03178995409388782,0.06612553252971659,0.014184911209588952,8.838346955438478,0.00020672187536465987,3.218541282413649e-10,9.386726058141769e+28,22576.823978188928,170287636181880.72,28700.766967112635,5.126422928227807e+16,40178.479526782365,2.081017663263441e+27,21177.87979420016,1.2904284812552414e+27,1067.4596465621112,7.690733468688987e-06,50042.709842784694,4.690407051048468e-07,7341.589010972311,9.090035657411476e-06,97642.26068316144,3.771592119309959e-05,17361.529735087213,0.00013278811939953212,9.622934531977336e-14,0.5911735476465549,4.6784611318390745e-07,0.6049640513114962,0.39503548084239043,,4.902007390934848e-08,2652.1956995077358,4.337433274088556e-05,8.941378665864655e-05,oxide,mixed,mixed
1.9998157265816144e-07,71781.81039795898,0.054528839603472386,33183.727311939234,3.051734867150795e-17,69015.39205959335,0.3339436750145201,56374.35755151174,0.001918297900640852,6.25392720348265e-08,4304985.862873968,0.056404720387946444,0.022264621535493665,0.08273384841772666,0.2326311702476282,32.82292091901375,0.0004168190464800848,9.195750763697765e-10,1.0229679943193824e+29,22163.472883589962,491496693060902.3,29355.211796213218,2.1688688125194308e+16,44493.54297190688,3.1906666039246024e+27,35372.91455631601,1.2883628819466552e+27,813.6256498754617,9.042770189190882e-06,58055.212199666916,6.833378462189885e-07,44651.15608913164,9.973618917253806e-05,75688.5736420014,0.0007534547372156119,25628.958753599265,2.2499548019683004e-06,4.900785254931566e-16,0.24854588017072482,5.288422784652499e-09,0.11196866434240318,0.8880313303691741,,2.225448229738826e-10,3220121.0667796168,1.8428353325445638e-06,4.071194694237366e-07,metal,metal,intact
1.4455038129959387e-07,62781.762688619536,0.06121670947746078,16477.709225470113,8.737570574030258e-19,70206.09390807846,0.3143564266585089,48243.08865423156,0.0016560475388804924,5.954143595245067e-06,4658081.187549906,0.08059813467727561,0.09345137989823653,0.020561602453220962,0.2478178442224597,41.177667966165416,0.00012786321296758598,5.07327055573135e-10,8.16086270060959e+28,24627.206164634717,521763387980932.44,28859.10344004107,3.765268209908983e+16,49510.50284000686,4.4972604537359744e+27,30423.849615355408,3.761608147564271e+26,984.7332248562092,4.145614348560308e-06,52002.64834578906,4.737197666758217e-07,25558.587758298076,5.9988551822310274e-05,71962.8979323217,0.0002987051046517598,17975.362096791476,5.915136635013363e-06,2.2347664262440795e-16,0.4456857801647763,1.4746111214080473e-07,0.026704984912391025,0.9732948676264969,,1.3246711512736173e-09,5.981652176279732,6.51675366250145e-08,5.849969098388349e-06,metal,metal,pinhole
2.9882985012356196e-07,60019.0142861282,0.05901098968563649,9074.121263606976,6.708965392455565e-17,69382.41177462153,0.35951872465448176,37587.84678906045,0.0005342675325201463,6.471161174344402e-07,4327980.465828424,0.08332740722392826,0.06931186964497808,0.05376963985161645,0.0739159257928779,3.9331230408586184,0.00041170502657323624,5.303103811137022e-10,9.924802574731829e+28,24131.193670699155,213524370463874.72,25161.29901790532,4.143650781214702e+16,39773.232229741785,5.4429077837613067e+26,32893.577667337784,6.571550359942356e+25,1147.7746457344,9.376596975328442e-06,64849.071400564404,8.456417030145191e-07,46919.68978980927,0.00010407113714255136,79007.66284843138,0.0006317712378519165,37980.13735554972,0.002950422644467819,6.558306298670311e-14,0.48220861010042393,3.4031252281451074e-05,0.12676009670517838,0.8732058720425402,,1.4761180647688108e-07,185.505598171151,0.00016621452062174258,0.0027842081238460764,metal,metal,pinhole
3.906170241640228e-07,66581.26067305,0.04500267565807037,30184.764009285132,4.794595029581794e-17,69588.27905356111,0.21415231308308963,93891.33006419438,0.0029277938768522624,7.3956791833315005e-06,2737296.99627454,0.04266215615552357,0.009928524700056694,0.07883771041160464,0.43732983411900067,8.290770772926116,0.0004199727603532999,6.680690670885531e-10,1.1129279643506247e+29,16083.084682814895,36038653790695.24,27697.285126402407,2.90514734661234e+16,36559.52114572176,4.333266754808731e+27,22646.15638300052,1.1789575317509043e+27,934.6498860915837,5.194934572096734e-06,43596.25400855864,2.170672484633796e-07,11682.42498627324,0.0001281233724579184,84495.36078856859,0.00037546072619864434,5842.992798579907,1.3936735366475148e-05,3.660635665864414e-14,0.35913793321536136,8.711413244998768e-08,0.5743539269222868,0.4256459859635806,,9.426524573305991e-09,16939.056463883368,6.5546995893529e-06,7.3820357771222475e-06,oxide,mixed,mixed
1.8328512918095727e-07,67941.30274477342,0.015187932345172747,19779.38885537509,5.920281323394165e-17,69058.0425388217,0.10046416993682758,104766.91558377337,0.004783993233461611,4.822311304513262e-06,8563002.323493794,0.08829242213582782,0.0124505947694425,0.030716037530643857,0.202058734278206,90.34806689187981,6.0012420942528875e-05,3.2847355937004405e-10,1.0717367720870395e+29,22864.281790381145,372707931142481.5,28612.773107045643,8210768860563753.0,43124.84799604854,9.971157779647264e+27,37799.02190588476,1.6432234436981815e+27,1095.1337903693352,4.227619649796471e-06,48276.80377162501,1.506073329107198e-07,13374.036541355668,0.00011720124720810841,82770.97579593945,0.00023183010950062483,34096.25354658799,4.600484409370196e-05,9.330816754318366e-13,0.47210491377381575,9.453712340640552e-09,0.06849190887573606,0.9315080816705515,,6.677085960743436e-09,7256472.846602235,3.9519277891677794e-05,6.485566202024166e-06,metal,metal,intact
1.7596701751025792e-08,76456.98936051971,0.01318111161612691,26866.177334335236,2.823897337602437e-17,70101.54276037744,0.25967600513434713,110309.13089979372,0.002924498179081448,4.235834222194861e-06,4263950.405356872,0.004702590215512246,0.07224386712019035,0.09433820372361619,0.011625821702736214,36.26118015504425,0.00042217189779727136,9.901505576630017e-10,8.53740930821701e+28,18429.85633620088,346468685031059.8,25706.312041882447,5.584239772163045e+16,37470.10129593367,8.345985727166867e+27,28824.65559368875,8.570049501725239e+26,1185.9056965471677,4.631874257092888e-06,62807.20962865878,6.226439982464143e-07,13553.731156162752,3.8413233507109495e-05,77662.07111618624,0.0007377829918845041,39265.378990523124,2.134845186227036e-05,6.548213586299593e-12,0.5751960464747159,1.6446485624809598e-08,0.00435774666586104,0.9956422368876534,,2.502409677366119e-09,4219231.609233494,1.7676165923293088e-05,3.67228593897727e-06,metal,metal,intact
3.521355028110163e-07,70102.15157405428,0.006601509983406782,6185.501002635382,7.675766705635517e-17,70373.99855305189,0.2435013423460805,124440.4047166323,0.0009866589631547127,2.918558342130382e-06,7119205.026261364,0.04377229893857013,0.08728489847714521,0.058424528292132745,0.2511611046704464,65.7829451625265,0.0004155878609266458,8.883085262063329e-10,8.059879657591259e+28,22731.50771506811,297161519408110.5,27432.70551458227,6354489501327666.0,39787.40590812509,9.874977763020814e+27,24695.71333203889,2.9844907258236307e+26,1132.0401943315821,8.256473788889662e-06,51627.32197801399,3.6662808981029056e-07,48991.4498520576,5.990276314365484e-05,73340.81423515425,0.0002677824690304049,12305.501530487747,0.00035939395967350603,2.1299615343633223e-11,0.42368502545113934,4.379747671108905e-08,0.012889153239092548,0.9871108029634308,,2.14180163758755e-08,6899592.366770378,0.000290537321616217,6.885663805728903e-05,metal,metal,intact
6.739883415989121e-08,63844.30718565709,0.0019068833367799339,11191.946330288392,1.9904728278347205e-18,70332.69659883477,0.28598493471937986,70150.80194066856,0.0023157271022214952,8.697495103396498e-06,2632799.373296993,0.08976963273819843,0.0907602163795499,0.03480476844027961,0.16935101161853727,22.516258669184513,0.0002305642173142766,3.1052014787341933e-10,9.78750373570178e+28,15868.774700466545,337828279155687.3,28282.711500370122,4453017357729636.5,38004.53415050745,7.301483913594928e+27,27876.32795452723,5.274414109184845e+26,1124.5673187471853,1.590749952413785e-06,42924.073216331424,8.787061682561635e-07,46490.45285310711,4.299712352356538e-05,79246.14404574818,0.000473894754471554,20923.212904594948,3.077304465883886e-06,1.359200266782343e-14,0.4147989179965895,9.964797935712744e-09,0.45749866443158105,0.5425013256036211,,7.135487406957787e-09,135328.01537582866,1.5402713325799818e-06,1.537033133303904e-06,metal,mixed,mixed
1.524365152600144e-07,71598.81061433363,0.0935814395568478,7563.716741089723,3.360078010371393e-17,70657.49880406373,0.1431157226020704,139355.38805848281,0.0014336575474016742,4.776472371645395e-06,7501846.937767448,0.031078693440948667,0.09591042391233988,0.04539652866721444,0.2446723806804583,25.14596525390181,0.00012915055241532092,7.341108617281094e-10,9.865343854594214e+28,15310.761308594903,516490818173792.44,27286.88994058105,3.883169841261065e+16,46808.062985938894,2.6609257099345886e+27,26247.536711220324,1.5609168993552212e+27,695.0726042760543,4.587742980896204e-06,58718.13965583166,9.316014942075275e-07,28387.097677507205,9.566719602328459e-05,76785.84381407932,0.0009422599198360942,34708.24825355435,4.400550575395103e-08,1.5836577277242766e-17,0.3936234211359002,1.3750455406103483e-08,0.3841002564132753,0.6158997298362694,,7.944691822215463e-12,928.3164595434497,7.432316512052322e-09,3.657318924189871e-08,metal,mixed,mixed
5.7238861889148305e-08,65036.922383711106,0.014105183134576722,7574.210760425921,2.919520695530222e-17,70542.82296975228,0.36293378340713744,106008.68272475622,0.004067011820412261,2.505870305737863e-06,3471868.0789819704,0.007379517024748465,0.023259386917602456,0.008838035852755133,0.48254719988698647,25.36726351180823,1.2805718282646418e-05,6.405816477551722e-10,1.1125633518722526e+29,18867.465666738033,394260292635543.2,29810.790271509515,2.582527991143624e+16,37724.10459674412,6.261119460711987e+26,39377.48297375876,4.776328779990818e+26,689.6291813673485,5.065282058186862e-06,66662.88726753289,1.560266168058116e-07,7850.248729220244,0.0001261268679091111,71472.16253007996,0.0007199984128801696,16899.72134658225,1.7574295854551675e-08,2.2674932981013172e-17,0.3317641291558086,1.6818767604135302e-09,0.8036667866464179,0.1963332116717054,,4.463598057154048e-11,30809.978877062775,1.46701726446749e-08,2.904123209876775e-09,oxide,oxide,intact
4.247930902529664e-07,62811.83433937785,0.03987399455729455,5577.817691300536,4.841507006581269e-18,70438.83722997195,0.28631607063557385,106941.64276541544,0.004755676469868108,7.828049372598836e-06,9731576.47662948,0.04210427674537509,0.0624266164199999,0.09881950255461586,0.4329361735193766,64.08431453143483,0.00016305693882390695,5.954619633367942e-10,1.0411718789994662e+29,21010.87064703313,632581915299259.6,27732.686261360017,5252028075615796.0,47766.85898768981,4.14037106404061e+25,22860.688626171468,1.1108838973693259e+26,600.6609172200054,8.453568018678644e-06,41116.31986567017,9.430898634538363e-07,21132.790750344517,6.201117099708218e-05,93753.93517704337,0.00016680377677150796,11308.151564352731,6.503039458466798e-08,3.046029373414029e-20,0.44413285149815007,7.282201803732575e-07,0.0013565151290928265,0.9986427566507269,,1.0422264312367869e-10,0.000601356385458126,9.670213602581293e-12,6.50207243710654e-08,metal,metal,pinhole
3.764024844238963e-07,62824.73219565415,0.002055204107678043,41466.06374449056,3.328753241413546e-17,69599.19469860196,0.3829062314745733,31815.744036646793,0.004816281085798315,7.676502425679696e-06,2593864.937228713,0.03640080934310573,0.07233339270506382,0.005982552334069133,0.02618084054024921,48.32118684917351,9.15651858589777e-05,8.174526438009979e-10,1.1198478598726074e+29,21860.174149039412,355838112092348.56,25976.97403641439,4.4854945046954296e+16,48003.069027842306,3.7761725358556626e+27,32737.977715077242,1.8517680401493768e+27,647.4854236735019,5.348318653164681e-06,67419.33814937639,2.3581031094102028e-07,32828.37965046014,3.097229017935287e-05,78738.20508597489,0.0002800943150569802,22442.563965039044,1.0200506997165118e-10,6.123394814715241e-18,0.11120382031615707,1.1163489099227854e-11,0.06787685361144549,0.932123146377391,,5.977900534723946e-12,2208886.1932243044,8.946128080299567e-11,1.2543789168655509e-11,metal,metal,intact
1.9410299196067575e-07,70758.04212931436,0.016934500434887506,48022.082389045965,5.285363377306573e-17,70256.00101997804,0.2728881807483096,47620.759637895215,0.0036372478591382706,2.7824734421918534e-06,9516429.511392862,0.06775628825188143,0.06110088550526124,0.05265478896231646,0.1257309077278763,78.72434837988968,0.0003052992810179158,5.269657586242173e-10,1.1904911698900756e+29,15125.584042497358,504673465633039.7,25932.1889073865,2776134429752100.5,40131.583634633294,1.8300174616029265e+27,27004.806457614897,3.1752190472325135e+26,1252.3037457423925,9.121727269437128e-06,55568.4109419077,1.3646504496957056e-07,17739.106017858692,1.1931551833764104e-05,76860.32025538245,0.0007753040619314867,39942.696362081086,0.0005001230808031938,2.462580025378056e-13,0.48402448730363223,4.097118894460565e-06,0.43031111192001,0.5696847909610956,,1.2969376446897246e-07,128091.78120514141,0.00019755464799818732,0.0003025684328050065,metal,mixed,mixed
2.6519852324701636e-07,70875.10337184591,0.04022535772520918,19908.35535096705,1.455889935212386e-17,70565.45075082665,0.09501420543142862,27527.77933518012,0.003954435002709995,5.783059745396747e-06,1462908.7685424008,0.025282966470613833,0.01267562096433876,0.0714444750888424,0.04615309369303902,8.64249564474089,0.00045035617847081,4.719089573521822e-10,8.517843593352827e+28,17676.95354250732,332248967467324.94,25900.400317012645,2.513947204582215e+16,43514.14252394586,9.717539497577117e+26,34218.05433869622,1.4956695983248895e+27,721.183435919457,5.3058644941681865e-06,57127.55355015781,6.5300460401568e-07,8576.43510799855,6.370306904285925e-05,70916.10923268681,0.0007158807934235315,16332.829925287904,8.989141655081806e-09,4.462740495317958e-18,0.39645317708907934,2.4120319216454547e-08,0.1775180621644339,0.8224819137152467,,9.240839783849408e-11,14.942487064984427,8.286012427417873e-10,8.160540412340018e-09,metal,metal,pinhole
2.3735251521070382e-07,68842.09516519077,0.07332144204576854,19746.163028842115,3.345732500452695e-17,70116.81911746583,0.13456311234409224,125050.40765693759,0.0025490532085886124,1.2379118798795468e-06,6542091.845927802,0.09672945842598162,0.03474410217718693,0.06293489564954466,0.4604658541201106,47.5163963348928,3.3333598097899936e-05,6.847347858220383e-10,1.150554361642348e+29,20074.143831693564,379267893068237.7,25492.817041822418,2.5506485779618984e+16,48087.56729283248,4.8828049601841266e+27,22407.062057778767,2.355806744867368e+26,1140.7638736188292,3.933498226527361e-06,69506.81360090802,6.65989585532423e-07,18118.07971711293,5.5151579697317065e-06,90553.27069482158,0.0008690759948747987,7823.20665171312,0.0011224919719219377,7.282303501122237e-12,0.6108359071725604,2.3973528162456286e-06,0.059752374146986975,0.9402452285001968,,1.8735913754230984e-08,5603442.701474187,0.0008934498939569561,0.00022904207796498152,metal,metal,intact
2.1573578899674636e-07,67803.05611618636,0.02963191561822031,12681.000452097958,4.5679916351796386e-17,69216.8569158077,0.16465425001372946,123869.25843772502,0.0035275664175175147,7.80681000555565e-06,3431452.9171197233,0.02243275339853414,0.03718752212437829,0.018807576480025887,0.04288690809049826,88.84798151841575,0.00017675412758782564,5.482343914367933e-10,1.1915717964768177e+29,24004.09196968193,777487716115700.0,28919.928414512862,4.375794081652396e+16,49429.30548795518,1.6006960217387942e+27,26425.01463652004,2.3737989310654413e+26,939.64791438895,7.844722645509352e-06,41329.73001259346,6.040121192299884e-07,39145.701200550655,1.5306713640574205e-05,97038.57025564776,4.508773823799956e-05,34960.002362417625,1.8348952065300665e-05,1.3437783005054213e-13,0.3339263700356232,1.1229692235255667e-08,0.4539409403088279,0.5460590484614798,,3.3687603713666674e-09,758846.5166116486,1.5596682157335557e-05,2.7522699079651086e-06,metal,oxide,intact
1.8787205464255607e-09,64446.296823108176,0.00399324236989476,47648.82653256193,5.449010201211077e-17,70400.02209272012,0.3824583128929209,73972.62214026353,0.0008532450304904117,7.666945193665173e-06,1246692.190299336,0.016206518519590787,0.01124999493568219,0.00012847359700799747,0.3005547478379545,89.01103956956635,0.00026676248288610364,4.0712406380084624e-10,9.354811403293584e+28,17449.920159693967,794887556010542.5,28555.631379438877,3.93186393717615e+16,48381.38954694085,7.006238846584017e+27,30417.99696012014,1.5057175140113572e+27,896.3323202672964,4.084491752634694e-06,67200.67914610724,6.509002199933785e-07,30028.807103671777,9.855847688116704e-05,89745.42220919617,0.00013134133131563328,36397.73101892018,3.4318962364804907e-09,2.1830437370916254e-15,0.2676584546450044,6.289055337955382e-11,0.001780853090387585,0.998219146846722,,3.62987721514926e-12,1242145.6100429501,3.337079775200016e-09,9.481646128047459e-11,metal,metal,intact
2.8452264108693045e-08,76485.27492390554,0.08718694725958953,43016.05836670546,5.321348965614246e-17,70983.09184090278,0.3884120700618032,81647.23120895665,0.004849326591939854,4.466940453032877e-06,1762736.6638492967,0.0009139824729438741,0.09264139484119689,0.031743330918890686,0.3204235329525203,82.95626463666706,0.0001235835070647455,9.690707516353353e-10,1.0954777904917667e+29,24320.10392702544,612363661823825.5,27522.198307661853,2.2873531528628628e+16,40895.4563347159,6.927557097609838e+27,32762.194748944246,1.943436471828162e+27,690.6246114751898,6.106945440980756e-06,65348.063684668174,2.959366949673002e-07,5848.947820665229,9.09972476571213e-05,95227.12107219215,0.0006514532670197768,9395.579707031233,8.737064588671734e-10,4.0962951645304753e-17,0.35024399469141854,1.003552726466519e-10,0.06346420727907667,0.936535792620568,,1.0196034212023895e-12,1523281.5436253254,7.588467526224919e-10,1.148597062446815e-10,metal,metal,intact
3.983213531026448e-07,75612.71800838831,0.03803394773639532,18771.023278004577,4.2922824776010255e-17,70724.71185341924,0.12164456130265111,86942.23025601603,0.0026752081713972012,8.386200622857683e-06,765782.9839942959,0.05387802418895344,0.015082139952730163,0.07965999463274012,0.2812540179785158,78.19135638930508,3.541207129821809e-05,6.193819415317004e-10,1.1369449470638069e+29,20648.98672755564,510863227153235.06,27574.512267696027,2.8604959357941916e+16,36041.5872472495,9.52513978143129e+27,32984.76428105659,1.9300691830087265e+27,942.880458501241,4.687668876993538e-06,62698.14635442251,4.243258413515866e-07,15950.253646677776,0.00010978611449856506,87263.47415611433,0.0006440046455355122,25650.912915033965,5.057028638783801e-06,1.6614880350429643e-14,0.27123034795155615,2.5752063734562044e-07,0.34416510759727204,0.6558346348820907,,4.1876213838952626e-09,2271.380110868672,1.3959184138131159e-06,3.661110224970685e-06,metal,mixed,mixed
2.5245600677196768e-08,69388.54612086469,0.0805404319872221,27591.437901935813,4.346733169666225e-17,70672.37450072341,0.23095677800047054,164711.18926995492,0.0030566620415528045,7.354081594420894e-06,955809.5037989721,0.044247961550837996,0.003643581624752356,0.09679978284557139,0.20400501710149277,9.537960185918108,0.0003770206854606324,6.179823413053402e-10,8.077346417112776e+28,15228.38898086446,814063101248643.0,25211.36312000367,3.4835376808061332e+16,49918.48410961144,6.29022597721765e+27,24194.07873334069,1.5494617524895808e+27,1081.5300194386166,6.419592531015872e-06,47853.31557728319,6.63646030645516e-08,9944.078428577612,4.03098123643033e-05,86572.96013766428,0.00045452931008802515,36883.31258372645,8.743982921693755e-06,2.038326611845922e-11,0.17316259982286666,1.4496176917117025e-08,0.0007124495009787939,0.9992875360028444,,4.844191181971313e-10,954225.962186242,7.47798777242193e-06,1.265995149271825e-06,metal,metal,intact
3.0211843510800734e-07,70987.430824489,0.09952649985721958,15531.67609738405,3.205684051654194e-17,70832.11614259143,0.16827038412072726,78528.75489067424,0.0035841542718490316,2.0543175394709175e-06,8312748.668983901,0.003689804791026149,0.0468499212619942,0.061780713254860356,0.2208911187560506,37.915398368087864,0.00033287415578614975,7.048118239346361e-10,1.1400081653802742e+29,20978.300730982057,280171336177191.03,29877.70658190821,1.4492821526527332e+16,37684.1191839336,5.066420187981072e+27,28117.05848716357,1.403412831394763e+26,1165.780525672997,9.107363671399752e-06,50066.477538141335,6.357755717900537e-07,15491.743825949894,0.00012994438286932324,87160.87262855767,0.0003024738781875793,19403.16821056189,0.0008304789188255436,4.288572483561965e-13,0.6472971770774545,2.942922683300698e-07,0.6312073852857027,0.3687923204220288,,6.719362089024089e-08,96260.25398756123,0.00047675926427452186,0.00035371965455102173,oxide,mixed,mixed
1.6807813552659985e-07,71048.68000033191,0.08651176272971056,7930.028325105958,7.24018063432476e-17,70288.9149339846,0.22960699935128476,100438.90720601127,0.004559032753987889,4.434899906265797e-06,3406678.602222463,0.021780580656420273,0.08502392646077893,0.015482044681433334,0.26062989976495726,48.81629301874327,0.0001747710808101034,5.176838797382384e-10,1.1262613980278859e+29,24351.05639178428,480087190660972.8,26599.202679399747,512287651413814.0,45702.47527266278,6.547144169766086e+27,25680.3980296748,1.4786346402591124e+27,1188.9035584944177,3.524504181733075e-06,49319.20271189758,1.294077867403284e-07,38058.13683623945,8.638056130777867e-05,95789.48100043414,0.0009534124625056092,32867.433284743674,0.0005763517311642787,9.30029557323432e-12,0.28402028354387093,2.107670190155099e-07,0.12983371273018507,0.870166076502796,,1.9380517192861483e-08,2485552.102532276,0.0004976434503184487,7.870828084582992e-05,metal,metal,intact
1.143200571510208e-07,61796.758167497035,0.01528578177250172,19193.569843629462,1.9363227578135995e-17,70062.0654686812,0.32545148149817243,162692.90057252636,0.0011161672680191823,3.514175266701668e-06,6433402.864671019,0.007623934801331725,0.03110937068491096,0.020502528013953678,0.4264091352974838,95.4799095022066,0.0003157130289669631,7.574332309280214e-10,9.552038342560578e+28,18832.71460663021,731681522910806.5,26505.672155414177,2.9625540129523388e+16,44285.52953381771,8.485547406942696e+27,22157.58660431357,1.853125590414387e+27,581.4831725413876,3.5394282678255773e-06,63433.8781188376,8.544612870316436e-07,24261.031470791735,0.00011198074933729285,90021.57582440025,0.00032060699021953427,29550.430808159723,1.8825150444172146e-11,9.039743112392923e-21,0.31906100571790297,5.97498418331245e-11,0.5381838871983715,0.46181611274187867,,1.6517269047770246e-13,526.1446178714456,6.0827633436202966e-12,1.274238710055185e-11,oxide,mixed,mixed
6.822337357138379e-08,60637.54921725261,0.09158656534287347,3510.006164980349,1.1557428349237203e-17,69850.1521787427,0.32211983569795444,90540.10063436175,0.003965062505607349,3.206967621124516e-06,8854814.39315357,0.029805224641832412,0.012894434521427606,0.04964566341730796,0.15583696728907448,6.668603462653916,2.9264916491438604e-05,9.359229432683334e-10,1.0101979729297357e+29,20097.676060194583,200874944189247.25,25024.176512477945,2.5797316155465984e+16,40059.41696148262,5.891508669172679e+27,25648.548838417133,1.4760694045828534e+27,940.1243281573817,6.937708753989789e-06,46608.36615778783,8.090191039943059e-07,35908.29619683358,9.901840193927251e-06,99397.5943614463,3.655545989540127e-05,6879.768832715932,1.3144717058283381e-05,1.2825045439463077e-14,0.5045075725070878,2.03212871671554e-08,0.6549597944239607,0.3450401852547522,,1.0151665669357836e-09,224221.07773553318,9.08382200813846e-06,4.060895050144921e-06,oxide,mixed,mixed
2.6091458742567523e-07,70582.74022057377,0.012863224553941715,18051.616414007975,3.124598179071244e-17,69535.87749977656,0.3769036974366941,48190.76714606156,0.002663234129242164,9.433927813636266e-06,9661198.34182789,0.025817268479221524,0.017113882075749324,0.07951272028838566,0.2787829025290766,61.923823508868885,0.00033374348651805474,3.513520353261307e-10,9.959796388355713e+28,24842.20423108095,273888242338394.88,28377.151000483715,2.8632054556083412e+16,39090.45193270947,2.731284299529488e+27,24793.735114405637,6.236673428168614e+26,1075.7322826409595,9.257156328052064e-08,43550.14253228099,1.413668069069783e-07,45551.89940803841,1.6126438633232605e-05,83838.14796770741,0.000342155984294071,29189.039498368198,3.69887298973892e-05,3.1040405576434745e-14,0.3311677553018466,8.056563860936018e-07,0.42415665069084885,0.575842543652765,,3.0855064476375195e-08,7244.099067795536,8.729349011236805e-06,2.8259380886152393e-05,metal,mixed,mixed
1.1294652332963506e-07,76656.19119646953,0.08231687638938551,46684.03268930192,5.503610710974035e-17,70434.29549715683,0.1151803295307114,130855.8775673017,0.0020211709902678717,4.139368829688483e-06,7336378.441798903,0.02466409009274781,0.020745270724668637,0.07624326296738974,0.4456069589603522,49.8659357644325,0.00015476753303056008,4.29677240814359e-10,1.1861568881667813e+29,16639.167560031186,106011929083679.77,29090.743461531132,5.907164885527928e+16,39640.201401078804,1.278324402212166e+27,39892.23636245556,1.1731111913791429e+27,1239.0138038709433,1.5015310528112834e-06,55736.265869346586,4.614917993651447e-07,24464.791068797655,2.4598269422520054e-05,95857.07294947827,0.000710883514653987,26124.322684369843,0.006565961964779932,8.560133151998807e-11,0.580006765715974,4.694395442513704e-06,0.10060167741844947,0.8993936281861081,,6.285460099905254e-08,5683549.108810819,0.0056881391455419475,0.0008778228192379842,metal,metal,intact
4.1816001560106584e-07,66045.61766546135,0.014234201458702172,11464.506435385278,6.285209867458673e-17,69204.75950304583,0.0818615111040644,58250.00792403984,0.0014891073916542413,5.010789466575691e-07,6697690.970925886,0.03150728735448849,0.07962220773863964,0.07891711072476294,0.4013241713424739,32.300809471315546,0.00031869231150352266,6.079075957533353e-10,1.193860873181647e+29,21324.004047372102,723101761754141.4,26424.83492509014,2.0259742706873424e+16,36283.81378806664,5.007409050537366e+27,28574.49418974929,5.233136803597407e+26,706.1257558525688,1.3658514573161746e-06,49747.84026225324,8.898028024459399e-07,11476.095335882568,6.435645131884088e-05,95152.93418806349,0.00024006014916234768,31950.389815176528,2.1248800947767925e-07,1.4978897392618004e-17,0.5842738261470528,2.6340009740361525e-08,0.4912203732046965,0.5087796004552938,,1.64963868056375e-10,11522.794548229422,6.006250894354695e-08,1.5242550053413228e-07,metal,mixed,mixed
1.5993647617374794e-08,79084.54303496673,0.07574029160863309,38534.929352851825,5.019827701782966e-17,70496.07211952412,0.23379965025051452,69950.69667246276,0.0037220736549381807,5.510486456075513e-06,2907289.021357978,0.00630891379724397,0.0429923428488012,0.09578986142822322,0.32366867664663407,69.08852005777304,0.000156979931558467,9.397033504589812e-10,1.0676186160158261e+29,18588.131202726214,263636736144212.16,27141.427238935998,4.393240177231146e+16,46906.00831611635,5.996237382131452e+27,38099.44453195943,8.523875435087889e+26,628.9625195592052,3.175459235270614e-06,45786.014564530036,7.15204402466832e-07,12309.020897884584,0.0001306260696268811,99587.823473316,0.0008198522659867583,22396.71191388475,2.1352492108319818e-11,1.9424526010526216e-18,0.4122117190988884,9.297805280270957e-13,0.029422424367116062,0.9705775756319541,,2.273468428990455e-14,2713320.456741999,1.817182748580785e-11,3.1806646225119673e-12,metal,metal,intact
1.9583363531456525e-07,78538.39158552718,0.004832016688786924,22466.73779610055,6.267581703773024e-19,70701.27383901077,0.36008141225810053,150947.39822441532,0.000985166019521195,2.3487008550579988e-06,1770278.4105127077,0.02019425845003815,0.058021792403831506,0.06215816229311091,0.35791037106932994,40.88068650880027,0.00023453712256203379,8.811965687830283e-10,8.702590880217682e+28,22478.648309327047,399460736118069.25,26176.23966224903,4.031373561799868e+16,40707.491068420706,3.109180833186417e+26,36202.39720106828,1.4772038174351011e+26,812.1379670264421,5.431699770113399e-06,63814.614372449854,4.766674332393327e-07,38160.792512443106,5.613323983087449e-06,79747.81524513208,3.059303687554771e-05,38219.42288354766,2.8202316318080577e-07,1.9992568436764517e-16,0.18291675243266853,2.0081053034573804e-08,0.5280051988914222,0.471994781027525,,1.3834356323328782e-09,2416.936363581743,9.376901107101704e-08,1.8825415210978874e-07,oxide,mixed,mixed
1.762629642708299e-07,79854.29696149053,0.02436462302363717,18305.213098551183,3.774655823130253e-17,69945.32238179946,0.2153931339430249,100096.90637294998,0.0018606854126860298,8.988222156389628e-06,7522807.419529451,0.04822429639207935,0.02583392967491196,0.019714728439528643,0.025544475855707408,3.269631282777771,0.00023700174867617734,5.488367357892335e-10,9.97706393015752e+28,17927.587941427042,128703341515080.94,28064.57978297733,3360039837303779.0,37811.743750293805,4.7237219015650444e+27,22307.77452695753,1.5031637657893695e+26,1119.2842433125368,6.115525579388049e-06,65241.17954648104,4.957464239822731e-07,46249.0066923355,0.00013259103843864812,89718.29471187055,0.0005142929542461928,17022.134631717967,0.00030702372361748924,1.4830782021255443e-12,0.4717280664407408,9.868433753317281e-08,0.4970173321695366,0.5029825691461259,,2.258110076216481e-08,1192097.740038324,0.00024761486214480515,5.940886147268409e-05,metal,oxide,intact
4.148985007709885e-07,67616.99035332385,0.03477270984576547,18957.056532816252,4.8123585833236644e-17,69350.88625469065,0.28387812742191126,65715.73196859685,0.0013709334453408527,3.345505482575557e-06,9655284.488673463,0.03322629960296052,0.031534234443252346,0.03982430693621316,0.03627359877535532,50.0281529066201,0.00010148736100306327,4.202855078161633e-10,1.0014746639495933e+29,23978.542887987467,566739149166048.2,27692.24718387654,8610669786522356.0,44264.53609036295,7.796109828898986e+27,34295.943640568155,1.4965163632949657e+27,615.5362453435747,4.580067279968554e-06,42666.28958299427,4.403257737163856e-07,37426.24831084745,7.073862786297077e-05,81005.66008390907,0.000868228822180761,35788.80385493922,2.50171290335557e-09,1.4345189986501722e-18,0.17563597023860186,3.662396256268475e-10,0.4893029147317146,0.5106970849020458,,1.2813957347990143e-12,56812.04632357305,1.1017394426299105e-09,1.3999734607256595e-09,metal,mixed,mixed
1.0263757740048734e-07,75412.40228024338,0.059814040813818296,48311.32038706576,6.51950431975539e-17,70566.17689229388,0.25351047902093804,157048.1317308525,0.0023695344208507574,9.78116622859498e-07,5473367.165972846,0.09854105144757745,0.05433970238784305,0.09409037800018485,0.4286934631573804,68.2877150504957,0.00037908411390055166,5.510173617558896e-10,9.566778430446507e+28,16482.576319987635,100170664508936.64,25091.42547584347,2.2976462129551636e+16,42074.84242709667,5.682433959754849e+27,31292.18132338509,2.3873028308557687e+26,1257.3493228664574,3.923785537597172e-06,62460.95585071245,6.026029625496312e-08,18635.912598819534,1.0064052029481054e-05,90585.32908679632,0.0003547623832854621,5820.426696142838,0.0019303064598990487,1.1317421255704102e-09,0.3195620723356091,5.418933014144037e-07,0.0002340014403725579,0.999765456666326,,2.8731908750750195e-08,5465993.385769037,0.0014538586852408236,0.000476447774658225,metal,metal,intact
2.7137380517174487e-08,60601.78822004625,0.055397710661940915,12343.254156940911,6.213177174471589e-18,69082.24041811074,0.0829939112571684,77182.9886822059,0.0013865412449758272,5.299481997947117e-06,5006636.951389173,0.04222497563083087,0.06896298824913351,0.03654141142180258,0.08528673961386175,57.495725093732084,0.0003039657093388216,4.1654927756095454e-10,1.101129542320197e+29,20799.593351682837,493382708168391.44,25041.35416125631,5.7753552679842664e+16,49467.33137615055,7.990175266369481e+27,28166.145872864847,1.4732584542005316e+27,657.3882809173518,7.124968566710469e-06,51988.922649941225,7.710565931370362e-07,14425.231950770347,0.00012055091390434115,77251.7074210132,0.000559248601782161,24486.80314308108,6.575913149253153e-10,2.771598962236579e-19,0.47258989515406014,2.1830857482878398e-10,0.36483969784260195,0.6351603019390896,,2.58737581969666e-13,1005.895332128323,9.832671157196495e-11,5.592646033533503e-10,metal,mixed,mixed
3.033157097189896e-08,70034.0213436622,0.051400394808810014,17260.270229674763,1.5548714207526868e-17,70809.48811447406,0.37933760901610136,161881.84470810828,0.0006268125890530731,7.571214915542351e-06,3906534.319241805,0.0750333236176286,0.04461482904245227,0.06143559735886261,0.4047938619027867,97.5378866859124,6.600374317650609e-05,3.145716196076301e-10,1.0963547521140485e+29,23059.257418447767,415796233240714.44,28223.65430411522,5.332159719681995e+16,49751.30069412696,1.7758043948024406e+27,31052.57262431138,1.688609977163336e+27,731.9461245155223,3.538614754391569e-06,57510.555180709045,4.180768552810927e-07,28282.164723416703,3.995856840979521e-05,78284.07658450383,0.0006366658294286184,6070.303017274324,6.777821475746996e-08,1.676183147704341e-16,0.26298534877715063,1.1442164127259499e-08,0.4324304881984886,0.5675695003593473,,4.891936057382558e-12,84739.54775504825,3.0619771003310935e-08,3.715844375415902e-08,metal,mixed,mixed
1.467256778619799e-07,60789.492617514996,0.028675944105493085,33015.087659490244,6.86134489099354e-17,70158.44860525365,0.20575550773900847,145407.53553488868,0.0022055063819906027,8.601965500170552e-06,7496539.723257132,0.08811836061409661,0.056856674821300204,0.005451580592848874,0.20565924417407278,71.30072909602202,0.00040457274811410285,4.74204755065222e-10,1.1520293648374297e+29,15263.831385282496,467525446934511.56,26785.376774481145,5.297750132510285e+16,39807.21914225767,4.9333633010371593e+27,35833.50021992172,1.1475258963625297e+27,1214.9215660718687,2.2684450676951505e-06,48348.745507844535,8.662614958261049e-07,17514.487893755475,7.270883274799404e-05,72839.63026016478,6.968781507365836e-05,19853.724719018595,0.0013697469848124658,2.998606459704733e-10,0.6717702486643932,8.408886736303672e-07,0.009021177529011002,0.9909779815823154,,3.972082918440534e-08,7321870.86283699,0.0011618850828355072,0.00020786190197695856,metal,metal,intact
9.643099260714886e-08,64889.43512618782,0.09331746804735376,3306.340443159889,2.3998152304178434e-17,69805.94675839155,0.20345559972766464,97955.97147308291,0.0027439541167724917,2.5693479713579745e-06,5070802.242918058,0.06680949966897921,0.08604629900627675,0.021276787444264464,0.4366855627346328,49.58023087420221,1.0149078699050175e-05,6.355723424967331e-10,9.717475538489495e+28,24236.53066002875,262519435793659.4,26471.038746365062,4.752470924713001e+16,44512.921906754564,3.604079262175222e+27,20915.105408409938,9.455205652011676e+26,1182.7908598605693,5.783737604557495e-06,40861.743003145864,1.5464735058789968e-07,11272.088183216974,6.295062560541543e-05,87945.25593562715,0.0005227056109198046,5884.530756428178,0.0008165994516077716,1.9968593023145156e-12,0.43115796085724256,1.8335262916172704e-07,0.3486318532151646,0.6513679634322063,,1.7222713538554436e-08,1665982.0308967123,0.0006174934882345844,0.0001991059633731872,metal,metal,intact
1.7037090646061934e-08,62716.165364224325,0.017083391445657615,43358.24083341639,3.2779443375501007e-17,70258.86950345249,0.33316857774561276,94170.06846390397,0.000821312929771847,4.225276022560891e-06,3240368.932889175,0.09229171959874441,0.016587350424164645,0.05912978579641213,0.13796711547228574,31.23058505759204,0.0003668654894925219,6.250619489570174e-10,1.0534012776290317e+29,15780.953992773131,287069461686491.5,29304.843286888943,5.167308859054456e+16,37320.879895861035,6.330067187918058e+26,35880.63614734156,5.634829101261809e+25,1146.173049531977,9.080516526996847e-06,42528.62384994692,9.60130669431118e-07,41142.280358051685,0.00011340404324862934,79041.05861957495,0.0008128007010763582,8048.688762633774,0.00019581601208242845,1.9907628943816644e-12,0.48331511633750046,7.225977127500828e-08,0.17402770270004678,0.825972225040182,,8.505033499263296e-09,1986945.1886629926,0.00015589111191872504,3.9924900163703416e-05,metal,metal,intact
1.2098782702312244e-07,64476.121934959214,0.073776149047713,32686.296622353086,6.705817729486693e-17,69530.2147222369,0.1656711395738636,81671.09087061149,0.0018550796588319336,5.7698684016530485e-06,9872037.245601414,0.022300028014766535,0.009199258385114338,0.016080331621675926,0.1080722524195388,24.58393118803834,0.0004377687261353966,8.044346217884272e-10,9.104664802147235e+28,20517.960371548637,701602102041620.9,29113.515241978348,3.0909918038134828e+16,38151.802388881035,9.184854474831104e+27,35441.111249454356,1.9665353522065386e+27,762.2147559981771,1.6128497082599114e-06,52266.8356373065,2.7267852434269923e-07,22493.767501719085,7.757394791078235e-06,73628.73837579778,0.0009521854559201602,5727.790881624461,1.5767294482252746e-07,2.625083437815441e-16,0.39027329899340096,5.111853003096138e-08,0.686595734463536,0.31340421441793404,,5.417005769707001e-11,163148.70478395338,1.1869929684746627e-07,3.897364797506119e-08,oxide,oxide,intact
2.6718574047378487e-07,65727.18141558087,0.06911787001751979,47225.941350266774,4.83516455938648e-17,70092.1511701848,0.1994852265076692,86116.02787853632,0.0005128839654164402,3.437801989086393e-06,38925.58998499939,0.0005996626036377532,0.026254965873684047,0.05019841811029285,0.17311010158767445,59.397295222017675,4.81962006070773e-05,4.926484194953516e-10,1.1678461675721632e+29,19777.171194855324,59029112936441.03,26163.71772134819,3.5693857934329732e+16,45617.06537767004,5.249879936881956e+27,25007.639160380906,1.5158901400114743e+27,999.8997347212776,2.3867321575357086e-06,54052.97844798616,7.929462022825148e-07,16517.389615109776,4.7612200672162214e-05,80221.21412553807,0.0007473854070147367,32391.414801923613,6.88587363801777e-06,8.869641576538482e-14,0.10708839038103021,1.4243151879684465e-05,0.6471298117970818,0.3528559450510385,,5.211832175313214e-09,342.8660019426305,4.258325580060369e-06,2.6275480579574005e-06,oxide,mixed,mixed
4.658607336261023e-08,64259.67194599478,0.09699770862788802,5106.20017060642,4.724088723017151e-18,69023.80510581336,0.3923380164006732,89513.48887141487,0.0035562195381213233,2.8577659551100327e-07,5419718.470542853,0.09426828703667708,0.010427421399410166,0.09981187331865699,0.37993644252244657,96.35186210425675,1.606436719691015e-05,7.092049296461096e-10,9.065051696990528e+28,21076.931321751938,371799285280542.5,25623.711356961263,1688052236037121.5,37012.11798595306,4.963416002052985e+27,23263.84631545569,9.847687324417684e+26,1163.945327955898,9.181146860838622e-06,43199.69228810502,8.83522891778537e-07,37015.925298449554,5.8023266067322136e-05,82486.09480115093,0.0008204545934134361,23730.28968999471,0.0004854199343521557,2.871587550233783e-13,0.5602217196395376,1.8159723597333224e-07,0.1512859825737668,0.8487138358289972,,9.320834710332457e-09,3487188.5358749796,0.00036815955037658687,0.00011726038397556884,metal,metal,intact
2.12793903651693e-07,68127.62295306723,0.002513108500568478,34840.64451390658,5.906196961634658e-17,69662.46188071845,0.2907824419356859,154583.50535774868,0.004692084727437391,8.644353897497344e-07,712323.8432306533,0.023813773687983146,0.032959901853732314,0.0840578803721484,0.4204993665613672,85.73331526380174,0.00038937084082524384,8.187360490773566e-10,1.0722544448228812e+29,19472.299251635457,699169042084675.2,26737.581699094193,1.3258750144912548e+16,49657.36743533674,3.0809959437507006e+27,37728.02739254797,2.787776897015183e+26,1234.2021801084352,7.955206929230906e-06,54596.64526571115,9.989778688950153e-07,5779.737380848006,2.217780735065768e-05,78240.3945437566,0.0008773788789412575,15906.33927492809,2.227356200334068e-05,1.1383547656627394e-10,0.44087505182337294,5.688815832910953e-08,1.4140093618106511e-05,0.9999858030182237,,4.776561534291229e-08,712268.7572911554,1.913673164027174e-05,3.1368303630689386e-06,metal,metal,intact
2.492719499926331e-07,74236.75170446241,0.043517412175210234,6859.272099008466,6.29287063386844e-17,69386.01419306498,0.18595150001568034,169035.2510057489,0.000673003873647512,3.9066696285220756e-07,2233464.692870864,0.04501564937079178,0.08028057466695224,0.08391165565326465,0.4381180631656623,29.143182659239553,0.00025350690606497546,9.071995874390613e-10,1.0074444827007432e+29,19871.078236738518,129946123071494.58,26820.111733942133,1.9844886265991068e+16,46121.63658783768,8.519630472603724e+27,36744.67686511192,1.113507413985034e+27,704.7999057313671,8.964400648571518e-06,46915.25616674493,7.05033331744643e-07,9430.681282574613,7.295525488209778e-05,86725.74670848265,0.00020952866324857903,15707.342723185298,1.7439128522398925e-07,7.997388691158546e-17,0.4431875142804482,2.975315206695527e-09,0.3731470352752671,0.6268529617494176,,5.091702050556204e-12,570380.6023405824,1.1974222561028622e-07,5.4649059613703035e-08,metal,mixed,mixed
1.0553511518874241e-07,73896.53001333962,0.0009022469749689112,35453.665294819,5.114090332515929e-17,70218.56192210634,0.3887158424057798,157812.31986576546,0.00410447231628285,7.907311952875775e-06,2869080.3487634286,0.08626739100801632,0.02383461466394918,0.0825613893735824,0.3246249545849312,38.17941729723137,0.0001641554253175981,8.786124280948285e-10,8.214352809067793e+28,17332.41506226856,619867261025505.1,28818.05577245113,2.696203803698621e+16,44478.03800132097,4.974204924628764e+27,30272.93931368043,5.4487434685001766e+26,1220.738146384961,8.94739246993643e-06,62260.41542906519,5.012026768942806e-07,8726.770766390702,9.224336141125017e-05,85313.73248102146,0.0008677157975317012,17996.562519104467,6.444526330493777e-06,1.5477408991775917e-11,0.5187572148759402,3.22418878926635e-09,1.41507403473896e-05,0.9999858460354638,,1.7420661316294238e-08,2868966.765501759,5.202886850837867e-06,1.24163947965591e-06,metal,metal,intact
8.589238828592836e-08,72781.89308760787,0.05648043814642913,33116.44700787301,3.224855404633635e-17,69536.44977356045,0.28821220119623814,38748.72991637411,0.001299202406456929,3.616955403401522e-06,5294836.503791807,0.06736782822275796,0.0843728914244345,0.09689376762409699,0.3936753549154942,91.49525880633637,3.583596624040537e-05,6.130109790749141e-10,9.705525343268489e+28,15716.40476042176,502781926684522.06,27541.436899576278,2.1196948640112296e+16,37659.16836688982,9.45974061931455e+27,36653.603958017135,1.5064691133678032e+27,606.0674260729511,9.137191801996913e-06,58267.823838407305,6.583029943476345e-07,32235.22379366095,9.48700558793542e-05,96640.23881703897,0.0009259436875962695,10678.155663753889,5.564557643997104e-10,1.0945826780539118e-18,0.20102672838948843,3.7854702056832174e-10,0.39490183235476733,0.6050981672666856,,3.02352102139071e-13,798630.7938223174,3.2058123349840514e-10,2.3587453090130525e-10,metal,mixed,mixed
2.4362451938767935e-07,64765.48825263271,0.06613333746073906,47965.357679729954,7.101260089879538e-17,70588.61480819932,0.2753454707542255,167483.87869442086,0.003688913060863051,2.3372160275177646e-07,1548349.7378569138,0.013744951902614065,0.08834986677845265,0.0074150686142885145,0.07024500052685302,10.649035942235116,0.0001024773277220578,8.76319217848558e-10,9.526896035168646e+28,24211.980650142414,700222075271163.1,27858.36395354733,2620934988139749.5,49449.85770131716,9.347829644114788e+27,39728.70447789553,1.2811644383872582e+27,1023.9804627418944,7.81635174271854e-06,55429.9301300795,2.1671946780047535e-07,23827.6824997718,2.1677242791278624e-05,78887.29905783948,0.000614640444652879,8444.651254622142,1.794559266629133e-05,2.3523000576227602e-11,0.25683228536245023,2.7134411729452944e-08,7.173982085822532e-05,0.99992823304473,,2.0124256924622936e-09,1548056.2322761244,1.5980274331217657e-05,1.965318335073673e-06,metal,metal,intact
3.4637728431751893e-07,61750.885079322274,0.09422183386197354,35262.22661872008,3.8765444910981336e-17,70380.70626281702,0.2941440033886219,99041.32199045994,0.000718024030919696,9.578649567926253e-06,7789165.3728060415,0.04840320508537466,0.013446392544047898,0.07756457457001362,0.1972224278055079,27.316846037191237,0.0003254575496241363,9.933677601943233e-10,1.134160463962899e+29,17198.031330889364,312816316957373.06,29564.7173136652,2.6872837913767804e+16,35261.711185502354,6.43776379725912e+27,33219.499491252056,1.3373266944827463e+27,1078.3747588868885,2.6465481583294484e-06,61526.044842347204,2.4668094889889793e-08,29144.569736094036,1.769702921264083e-05,98081.35426221587,0.0004783125744400721,23610.044937241557,0.0009444084163144363,1.0001964436751164e-12,0.2025749521601578,1.1512610734873477e-05,0.42770910084264196,0.5722793865466232,,3.5043973481454607e-08,9489.565209040635,0.0002421320596621956,0.0007022763566522407,metal,mixed,mixed
6.647082424478243e-08,72703.37914082203,0.01369536697410596,43113.52988317007,3.889253788160447e-17,69278.86069306475,0.13694971666110445,59920.09118291001,0.0023754236075229024,5.345683130630481e-06,3234816.998380191,0.06442605761771499,0.012052781165414988,0.0008630501496104992,0.45909685215492246,68.9260040185011,9.010528992247832e-05,9.33491796572863e-10,1.029225360795976e+29,20664.36147099916,665286160831944.9,27244.437037369844,5.370377575965834e+16,47453.88987138489,6.743785228943113e+27,35250.254292482365,1.0823757868942992e+26,1124.6608911839767,3.0974967123184394e-06,69661.16768990137,5.377304409170493e-07,32300.051385735747,1.863938056269524e-05,85737.33464518815,0.0003801893957345637,26816.806507189176,1.1061235302593851e-05,5.660291763014467e-14,0.4369472331697738,2.740381329918628e-08,0.46364791822473744,0.5363520543714491,,3.0862734418437835e-09,694829.8389503815,9.44565616404401e-06,1.615579138549841e-06,metal,oxide,intact
9.34972644645489e-08,62532.30841559642,0.049691033564480416,25581.450129828554,1.8767746815484232e-17,69313.82224100278,0.21937415990863862,28631.814780411034,0.0035351615370930005,1.273121125097737e-06,1042716.3318128332,0.07722593856816568,0.03326148652529754,0.03331467245665091,0.4999722052893771,23.853302536235667,4.9134717473707935e-05,8.646574908395807e-10,8.769282252897443e+28,19530.064880837806,68352772453926.586,25072.343465798975,5.964639558790561e+16,46956.83032592947,4.7660098352785647e+27,29263.50643356757,9.149572686586745e+26,886.9077496243674,9.07603424664031e-06,44342.685767023206,2.50348238136225e-07,9506.842185534104,7.874121684443135e-05,93144.90286448435,0.00060765480176303,29733.885735522275,3.359140145084981e-07,2.8062273476216116e-16,0.2760968189652503,9.535744039241182e-09,0.48738682969761665,0.5126131607666393,,2.7419398702888367e-10,17409.572446673512,1.6782036598379365e-07,1.6809364852470448e-07,metal,mixed,mixed
1.265909429006013e-07,78950.04306037404,0.0051302898157093565,6570.1477037265095,4.9047295670111156e-17,69906.48732202509,0.37305082087828173,24804.387092455185,0.0022278419734737378,4.069284119580937e-07,4786140.083390442,0.08194367311719677,0.05155548156169366,0.06687830877254479,0.13885558093298742,34.04359425530145,0.0002913935492035802,6.856512320032376e-10,1.0827027397062007e+29,16629.59745721462,359154676462934.0,28864.102142794796,5.247193573916743e+16,49252.16819884967,3.339525350780498e+27,24098.01815460534,1.2835754292053256e+27,614.421633115195,5.569879613471219e-06,46483.20973783524,4.0131197752931265e-07,41958.74530730096,6.422445717457435e-05,89187.22800068803,0.0009117169788744638,28543.944209474706,3.180585674745436e-10,3.603548744693365e-18,0.09745733171946475,1.5819334336539166e-11,0.013053756758612145,0.9869462432255686,,1.213205930145272e-13,4632455.627696035,2.535295988518499e-10,6.452896862269366e-11,metal,metal,intact
2.0847865249292262e-07,67175.67245484887,0.07587953394950277,30566.279869218273,3.309473114877139e-17,70580.76737480328,0.1673980328251124,78804.73019421968,0.0049102138210220855,5.887078939672246e-06,9036311.580783771,0.07841155643470339,0.05217485022776118,0.06675676345254894,0.2845883411411098,37.54019166356653,0.0003945839784922746,7.905290371806646e-10,9.858482547808483e+28,15329.811861780274,291667316594674.06,26564.508708380203,643672797149712.2,40492.78852567334,6.667188594622094e+27,27237.337471655985,2.589000930842397e+26,775.1218521597469,7.549614956704979e-06,59746.72462013271,8.013957041308771e-07,17020.947279988628,1.736782230012862e-05,96813.98783862487,0.0001135482338479135,19012.37418778972,2.1384929077435002e-07,1.8667378012045232e-16,0.5744476232211285,1.0157233558634002e-08,0.3977696253098942,0.6022303645328724,,1.225759227582435e-10,68142.58017169077,6.987241113569032e-08,1.439768796386597e-07,metal,mixed,mixed
3.7769361538423185e-07,67041.03324351658,0.050400256782456826,22333.555842503316,3.877810512388103e-17,69275.13791096656,0.32771478700793605,62809.692958430205,0.0036345305655002096,1.5230239382133734e-06,5185987.737041384,0.06485469047119684,0.09547500355861743,0.04642860457933129,0.46756546850460956,64.95976610182439,0.0003171041073060435,9.56041262857803e-10,1.132969756483389e+29,19078.756533876745,797029621406084.1,29553.206622205336,1.1676846064686614e+16,49591.44097750128,2.505925871717959e+27,33129.05865741147,8.076673686015509e+26,630.2000969148498,6.548387248489634e-06,46072.909492841274,5.260220208554469e-07,44519.149458077365,6.222331814588364e-05,96423.24749162141,0.0003632009344156045,20203.172971955442,3.819670606533511e-09,2.557104929610605e-18,0.10938696236333784,8.343275263154312e-10,0.4975871615234905,0.5024128376421821,,2.6363098423062025e-12,367233.2961075396,2.2261898088033285e-09,1.593480797730183e-09,metal,mixed,mixed
1.7069598407657933e-07,79786.10875939424,0.004735058453555721,3382.5708959782905,3.6196114472842115e-17,69736.58695715472,0.22441688754955413,38942.49266052389,0.0011279090649562776,9.791617873660701e-06,1821838.1288948997,0.0010117220003468986,0.013321053364210316,0.07476106336718155,0.4821174735298055,2.8054854523818635,0.000359530680580172,6.574122808122135e-10,1.0048628651291967e+29,19595.461444704633,561733222446608.75,29907.721949559367,5.3767297684795576e+16,48041.576399181475,3.599484828664442e+27,21115.18796524836,8.622108571947693e+26,819.1585172874836,7.895460267259622e-06,53442.01555589572,1.372919198005787e-07,37118.980705520036,4.1566526936008887e-05,87657.82038102724,0.00012223701177020433,27262.325457113628,3.72194573524289e-08,2.596975799980763e-16,0.11480138834292733,1.7450108711561233e-10,0.8874181934977331,0.1125818063277659,,8.362538332384367e-11,12188.789504099144,2.996521819931955e-08,7.254239153109345e-09,oxide,oxide,intact
3.4252284150878496e-07,65972.68001534832,0.044553502041518374,36395.354314247495,6.41274771875849e-17,69410.65083656137,0.13421405855295487,144408.99752166783,0.002896890471013779,3.8524432205756154e-07,7437610.026277625,0.09839182084157748,0.052604727145113044,0.0910909476178695,0.11915070390591269,19.26053059507974,0.00046154425817516716,5.243544601714816e-10,9.27253359694071e+28,22388.202211977416,104114831684797.36,25545.08296240316,1.148405565349363e+16,39386.41760855941,6.637021956693097e+27,32026.833480799025,1.3244267216054692e+27,632.5107764241839,2.8570641466825284e-06,47351.34643049418,6.418283725889465e-07,23526.159815863317,5.1502301124193866e-06,80403.78706834989,0.00017872292133161628,36611.436833755644,4.486797555405096e-09,7.454718097846762e-19,0.3581107585279777,4.90910861084356e-10,0.3753508671683306,0.6246491323407585,,5.922739227327385e-12,1046941.6733105,2.499294319162611e-09,1.987503236242485e-09,metal,mixed,mixed
3.478958358902664e-07,69192.63865925703,0.04237636475718883,39663.05577399324,4.666086975190832e-17,69007.61624075913,0.34664618127843383,59572.27703479549,0.0018346502464182833,4.306928156491346e-06,842778.5277609887,0.07346343887440375,0.07353951575423041,0.0019679280097600472,0.4498677622959989,53.023653960213245,2.035246944454267e-05,6.280433370072899e-10,9.720232253355565e+28,17889.75604968589,472162911593221.94,25529.69157864326,1.6111708372693256e+16,45392.30839596482,8.418458163936555e+27,20642.13961277654,1.4025846074841177e+27,896.417341888854,6.463732162916542e-06,61436.61085258202,3.1366435115482124e-07,19877.148854527506,0.00011599743667544874,89859.38276187496,0.0004235738817118065,29682.344953016956,1.097131092452454e-06,4.964966815512915e-15,0.22058836513718746,1.6836302945811246e-08,0.5625617669698749,0.4374382161938221,,7.41111104364569e-10,40126.414616809634,7.045733038898176e-07,3.925577885626365e-07,oxide,mixed,mixed
2.6936601225040117e-07,61864.830012559854,0.04132888977505498,1393.8300612487114,1.764341739701052e-17,69330.68314077407,0.2161931526144708,43746.41938646693,0.004661094203973759,8.651084227789769e-06,2041684.4055113986,0.022405064804497925,0.027054260729152596,0.0438738773537265,0.3360984431258479,89.4589514334481,0.0004653304847035404,9.577513870023956e-10,9.45171055319676e+28,24505.591619315535,434343075139942.7,28011.89440784701,4.3535088949233736e+16,36853.67539644675,8.762789607510649e+27,26522.23600742468,1.6943173119493283e+27,1148.7782192873954,7.823851659614864e-06,45008.87014172444,7.905085211265273e-07,45909.58463725719,4.0740525756675385e-05,77099.05470966591,0.000842355458351632,35351.00629224116,1.8294472430876965e-05,1.6458913767426053e-14,0.3862980606930016,1.3054545098275428e-06,0.37073356055637047,0.6292651339891198,,3.199506663209641e-08,92.21422489930332,2.448212796342231e-06,1.5846259634534735e-05,metal,mixed,mixed
3.281203066429056e-07,64040.46865910735,0.025248398226879135,49302.414666479286,4.783250318720699e-17,70114.28729473015,0.3062065253312256,109830.01741806733,0.004488553269977729,7.468251653289807e-06,8349858.955209233,0.04845331408962024,0.09740679670330893,0.06936584496478271,0.2644370892523721,56.75945786245461,0.00032842580723270806,9.64711438050078e-10,1.0896111639217581e+29,24553.166596946445,21188159001345.863,25222.59529895454,1.865187004150616e+16,44044.56610997399,8.840893268617848e+27,22421.42311357756,9.660347846953375e+26,632.1381277882913,1.5102461405577206e-06,65056.01833430726,3.197400427475838e-07,34471.14635841102,8.88955836042902e-05,80975.25075304291,0.0007176001808880583,38823.215207191075,3.0530499411216744e-10,1.8271364623996348e-18,0.18076708048523288,2.389103080726541e-11,0.291991745365498,0.7080082546106109,,2.562772752279383e-12,3134266.8399371705,2.1545471231607866e-10,8.985028179608879e-11,metal,metal,intact
4.741904942385881e-08,73339.76495464792,0.05742414266991286,25828.385983840668,1.9468253565112105e-18,69413.38015070838,0.10694367748446702,160683.24649497215,0.0036271210647044624,6.497142102547957e-06,1839207.5645106288,0.001595059628216851,0.06947574936478267,0.09615970807208445,0.09896176404069344,11.038388704598727,0.00022739709865344382,4.706628764722428e-10,9.537116241108719e+28,17893.273766801154,317951589280718.7,29633.015937440487,1.0371333767965092e+16,47390.77148666057,5.750807603185749e+27,36330.197242568895,1.0254462205318553e+26,795.4500603256316,6.8558332172252525e-06,41998.17337748358,7.496350849125258e-08,22202.64625668216,8.569975916158953e-05,95587.58307628086,0.0006920382315911692,30095.81179491494,2.3969074179005278e-08,1.1680491589376843e-16,0.13627043077097728,7.363784718589161e-11,0.5359101220226429,0.46408987790371925,,1.238834259820227e-11,128488.8202338702,1.4946924437060776e-08,9.022149741944502e-09,oxide,mixed,mixed
3.1384081673165473e-07,61701.84133972165,0.028998000115388087,22148.84691048845,7.311347682998134e-17,69308.27132293432,0.2904934669749037,156705.69284186128,0.004390663640631698,1.7581704135650672e-06,3061493.845467781,0.06943580542601722,0.05106849382038086,0.010392418833307661,0.40887010044782957,98.13236371188204,0.00021102992301108635,9.597140286196967e-10,8.183969934008634e+28,17070.38363861356,716227064490893.8,28656.17719989863,3.104057763098645e+16,36724.18886966048,6.234219792036948e+27,22544.64449381803,2.8706296193454416e+26,766.199653632796,4.057400795192954e-06,45488.25716761781,8.328566737633876e-07,42985.99312082172,7.616118206835686e-05,87400.50133281213,0.0009166275555699296,33912.619709766994,7.965707543015819e-07,2.8874885670330245e-15,0.21195677932578874,6.222694808486734e-09,0.23073633435692537,0.7692636594203799,,3.3165478072612094e-10,1646570.4583176172,6.666226633680799e-07,1.2994809093350196e-07,metal,metal,intact
2.562807479497686e-07,72163.6101423969,0.08512306034604411,23883.597189999575,1.466594841994876e-17,69277.41455782381,0.13160694963164743,58569.455938698506,0.003804206901629397,4.458812406159489e-06,1894771.4637599713,0.040633604227518494,0.08242164008087818,0.019566720923105383,0.039511317982941524,83.10921872888918,0.00024279089995463916,8.065427846112331e-10,1.1619802189436598e+29,22682.72689040048,197739521258766.97,27608.89744173236,5.462292149043862e+16,48060.47841537703,4.8968512464880836e+27,38400.016292346176,1.8783952076842422e+27,1006.7396381718054,3.503071327625509e-06,48715.721130096026,4.442078914298405e-07,30227.366432407245,7.173722447604866e-05,80837.642763856,0.0005893051532091672,28944.219915593432,6.101486037362374e-06,3.759726254756934e-15,0.3160871939086359,1.6257419540066525e-07,0.39858770675821736,0.6014121306675871,,3.5491632119558576e-09,565.9165492859246,9.779684654417057e-07,5.1235175719206685e-06,metal,mixed,mixed
9.751102102075482e-08,72831.8581068281,0.04884427732891993,21351.907492596783,5.204288992805e-17,69284.96403467955,0.12689846038117936,125733.40821386348,0.004655070459171455,5.0943694839309945e-06,404971.7476401802,0.040605415421269324,0.04995895689912184,0.015935017475840047,0.17252802222888364,88.27535936133152,0.0003357191280065931,6.191817585366667e-10,1.1930600792183774e+29,19434.87565363279,267696305412400.22,27714.372897581936,4.3095577822018344e+16,40150.94913199001,5.394150928534071e+27,21632.031077585998,6.309762606498562e+26,901.7652055996064,3.0606914251916995e-06,67905.68006943748,7.996450440157903e-07,30248.1515851399,0.000110561122997375,81436.38751856812,0.0004710704928789263,39689.386174026775,1.6754042702891532e-06,4.5563308271769676e-14,0.18842714622242637,1.7069198225195442e-07,0.24778992906054048,0.7522099002474772,,7.126708256666044e-10,208193.2694336221,1.4428846273672824e-06,2.3251964292187084e-07,metal,metal,intact
3.6503730254316993e-07,69491.23627760677,0.06027489626069011,8440.346830319257,7.36402277105957e-17,69995.74422081759,0.2074581339617002,136921.2106422481,0.0027997492061036665,5.2699013492943286e-06,7657170.272962203,0.005849013087561519,0.08203222889155908,0.029097381072106226,0.28910541920632876,77.68103159449085,0.00011250401786035819,5.026137586074757e-10,1.0518967528673292e+29,22563.936982130577,612987859794800.9,25888.467004267146,5.5889386344344536e+16,46044.249542948,7.785064778698633e+27,33978.97719300356,6.998929572364063e+26,830.5735946421067,5.595256052012176e-06,67474.43701196002,2.654021637278224e-07,14965.396779763663,0.00010388134093421055,81546.276571641,0.00028396510322640676,33056.58540822583,5.042087507847582e-06,1.6990591641548776e-14,0.45647997258805073,1.7795075003047842e-08,0.4524583129406856,0.5475416692642393,,2.4050538057419753e-10,1764595.9138729628,4.103053071372501e-06,9.390344364750811e-07,metal,oxide,intact
1.0948336965862372e-07,69266.97093303206,0.07269871591722289,24960.506812621687,3.7336587389659835e-17,69622.77925203471,0.09153663081076847,85169.70829342981,0.0030302833794182806,8.961731309530038e-06,2971657.490153955,0.03201516726201489,0.025240412058889754,0.029765945280228027,0.3076795221187856,3.8681347662713716,0.0004934282734629723,7.016864709135671e-10,1.1380191918644846e+29,17273.94990270549,595334091718882.4,28067.558974583506,2.19845141706382e+16,41243.76618536044,7.897515349448879e+25,25230.981664451374,1.9551768268858535e+27,713.0770124047892,7.588136058341739e-07,43392.44796160015,5.186837396909842e-07,21186.801247115414,8.341973717026708e-05,78535.04189435786,5.945044503387032e-05,5115.5307408435865,6.874577464690611e-08,1.6180163116923602e-17,0.31314500255531724,2.3878838382555766e-08,0.0500372928769743,0.9499626832441875,,2.853570707320812e-10,6.898401683143995,2.8372043108802617e-09,6.590857033602586e-08,metal,metal,pinhole
3.0997663395560636e-07,72920.4450025099,0.06968161487839221,8699.362993657476,5.370664949598175e-17,70211.11628545688,0.31039578573897797,30108.198013992034,0.0028347762776472964,6.304766790368145e-06,3744712.5071662976,0.05930059311367398,0.058296812123719594,0.03603871574658534,0.35231430035868616,74.67237158654434,8.522906658674318e-05,3.2363928519246544e-10,9.651342157116965e+28,24548.028202053414,512062062191562.2,28602.175985458176,4.362148217800034e+16,48712.82592984908,8.75665880203716e+27,29081.134302765644,6.139872478467439e+26,853.0280975717158,3.814203180881069e-06,52688.16649945212,5.807097413854281e-07,23466.350020186233,5.476627429994626e-05,76949.39863400973,4.359457197573854e-05,15802.197979958477,6.606437691215404e-07,7.331892900781596e-16,0.4021651089379277,6.311021296744891e-09,0.3591137245537403,0.6408862691352384,,1.5600641285612608e-10,6638.315948097874,1.8246269908633696e-07,4.781810700352034e-07,metal,mixed,mixed
3.5453717894421074e-07,67770.40817529365,0.08108906470939323,9530.771459726293,3.527680555575922e-17,69098.78895255714,0.3640382545088389,72471.7111254051,0.002562521520972468,1.919398121074396e-06,3417640.1262567234,0.08734069492725903,0.006334806614168377,0.07084499828703725,0.1922078376829865,49.38449178477038,5.4439116087041935e-05,4.669292268335561e-10,9.115648918487999e+28,20054.491305658936,444755701603446.0,28435.879203526893,3.77336669346875e+16,42845.860827119104,2.597252325923241e+27,29743.079219882085,5.219727876114499e+26,903.2955114792103,8.677995138971234e-06,46444.304202722364,4.457575893751432e-07,6869.0121146027095,0.0001252371661537478,94218.45645493698,0.0009044579195323942,9721.061412907451,2.625149587993356e-05,8.130158379199992e-15,0.5019202353177431,5.988649392285171e-07,0.30584380424451374,0.694155596890547,,3.4017006302113447e-09,9234.820157413165,6.202458137500686e-06,2.0049037742432874e-05,metal,mixed,mixed
2.039162383331031e-07,63508.853096965206,0.09468500752416814,39741.43528184803,2.2384638368576923e-17,70644.28875099597,0.09673521550442202,121904.66897719096,0.004672385784955969,9.841707276511919e-06,4460739.888842074,0.06611795920410864,0.0248537515211103,0.08611237989487477,0.229958112723215,75.88683990131742,0.0001508852857804382,4.5328120129799887e-10,1.0077311554874548e+29,19965.785754113833,255823350314792.12,27938.40554749322,4.3803013463447384e+16,43871.17011185623,8.067993847360719e+27,25391.09819667651,4.968287390218576e+26,963.189001489432,2.26365314455422e-06,65668.09204788259,2.3564850897614203e-08,46198.719545861604,0.00010909110565791539,78123.05403386992,0.0003562251227230088,36297.467251461545,1.2600512468727303e-05,6.882014259695872e-14,0.09120264701148072,2.553814268820554e-08,0.42759699631329634,0.572402978148561,,1.864479176781765e-09,537547.9621810693,7.943267347901628e-06,4.657245120825675e-06,metal,mixed,mixed
2.9071252425246895e-07,71350.02685760849,0.07008789279349921,29234.443017205176,9.531023041966098e-20,69241.90106564191,0.3054972572062913,158608.3377648713,0.0038251133900316704,9.806122706638576e-06,2646237.7219065824,0.035746495921131514,0.05086852729167752,0.07359247386030802,0.06043528091143373,89.76357519934682,0.0004720510350542025,4.755690498837758e-10,1.122051511502191e+29,18506.304217481687,299520381824702.25,25289.38915039076,3.261165258252884e+16,38325.63771055692,1.8016675767781092e+27,20675.896190975,1.7676256425795717e+27,1193.6821679250702,2.935627827049702e-06,47738.287381341754,1.145934702367701e-07,29289.8664374379,0.00010930362938724712,96196.83276441158,0.00034350082092466543,6792.472897820873,0.0006504205003868243,1.5076540526999206e-12,0.2714932866773378,9.40899807548257e-07,0.40054331239274693,0.5994557467074456,,1.2946303024620577e-07,11192.714692071539,0.0001963885404932182,0.0004540319598936061,metal,mixed,mixed
3.7879415565756253e-07,75111.56864876041,0.01909310343057997,39180.265484504685,5.58198379646159e-17,69296.6064395677,0.2804658954475841,96548.0007328642,0.0035611619133176092,4.0838888318139426e-06,4897151.719526146,0.04808617030483357,0.06886609381276113,0.004720095411779332,0.17588949432377435,49.01716328634357,0.00017614688339809178,9.028645416010294e-10,1.040703378680003e+29,23309.01934425046,111313991618664.62,29990.92068239935,1.5033596627120942e+16,45261.5068403467,4.9273017939108304e+27,37663.77397993591,5.879531226480054e+26,1155.2785971691142,3.768318219178108e-06,63317.86212779506,7.955900280157086e-07,35501.858234807514,5.3850913173147994e-05,71339.85517569548,0.0008153865829330365,14201.824276520938,0.00030711087013450723,3.677415843335599e-12,0.5367204676099536,2.626245345052926e-07,0.13190050735538222,0.8680992300200833,,3.748004967898105e-08,3533848.6057692976,0.0002647090421318268,4.2401828002680433e-05,metal,metal,intact
2.698506104995077e-07,65342.08742916166,0.06482727677527285,5444.1250605447685,4.010267238914454e-17,70600.79097505237,0.3170665950135743,103650.3429616186,0.001099239290794726,6.7786138409555565e-06,6805974.0789198475,0.06328786764851657,0.07755982884732979,0.0844605334020545,0.3282966113364152,58.20030064847744,0.00019171962330812525,8.598933428888701e-10,1.0297912661453107e+29,16835.368591465027,152906630963426.34,28654.29999609391,3.004590946601084e+16,48862.561331509816,2.3847904974204697e+27,38833.90730595403,4.2099281307813615e+26,1011.6989639146742,9.326671126839629e-06,50778.76988547528,8.652871319053821e-07,48618.23131051733,0.00011830118345132846,83813.10167674467,0.0008404082137912716,14583.210577661108,0.00028492528505630907,4.2836498572668966e-13,0.44966538006919266,5.357629849081853e-07,0.42738651832322144,0.5726129459137936,,7.721179437890993e-09,123039.22226699382,0.0001106457131255202,0.00017427957193078886,metal,mixed,mixed
1.3233479643793196e-08,73365.41590592694,0.08009812018697232,17927.832370661123,5.0120659321540776e-17,69459.59560474442,0.26697888858003854,87177.9105118598,0.0012073284559551245,5.393725912270887e-06,9300089.653360337,0.08936604582619871,0.014966153125424955,0.062080847192579565,0.13536023738004976,72.1954206916345,0.0003364357962691963,7.102515553042238e-10,9.739589355862275e+28,19127.298740126425,803878377863869.6,29645.832446999786,3.3598129747186264e+16,41616.07308232835,7.236002655609077e+27,34270.072430621774,1.9977214917978523e+27,799.5260812695179,6.300120045599208e-06,53939.15062914656,1.3881575399246868e-07,28345.90164451489,7.99604801361424e-05,87438.66765495448,0.0008438905883451865,23895.9690393301,3.2797347016892424e-07,1.1172865853444956e-15,0.2780616167741992,1.5892901604249627e-09,0.33758720647180546,0.6624127919389045,,6.669141364754797e-12,2761863.822995088,2.409047018774813e-07,8.706876829144294e-08,metal,metal,intact
4.206733555801113e-07,75267.32299274422,0.03726828985004148,37507.43208334779,4.429129842638759e-17,70224.3230478446,0.3571265989762378,150510.44338073378,0.004417659625081817,8.014733643471572e-06,4393728.099892087,0.06081265510786827,0.0756828089575546,0.04615770656981654,0.3383560216973848,6.129778746957894,0.00012821926497672372,5.675335020771033e-10,1.158943811601751e+29,20133.057374740147,410869881750180.4,27963.31157762221,2.9562529605101016e+16,48311.657472579376,4.048308365018618e+27,22476.083311299677,8.21461529336058e+25,1086.936371223284,3.994676537568733e-06,56753.862538138754,4.250576484450209e-07,29741.374687951473,9.389059060281107e-05,81779.09044375802,0.0006900577672738775,25451.19371003803,0.0002195962550694964,4.757637878858748e-11,0.44241786699549274,1.6583103130360713e-07,0.013437641546393207,0.9865621926225755,,1.9978575157759033e-08,4254418.005061693,0.0001790594411468488,4.05368139226476e-05,metal,metal,intact
2.55313573722975e-07,65641.06241248398,0.011925946137451347,18169.032933840164,3.522135789665676e-17,69921.81689241139,0.37786810861193887,34343.69210721718,0.0011972434225283202,5.715792391360041e-06,5702460.7414228115,0.0414176912240596,0.0644388163418677,0.05877281184298806,0.4761867242114784,66.7230385056917,0.0003803293417736837,3.631443764796853e-10,8.881437355962063e+28,16030.923605281114,353274998982218.8,27944.668147220167,5.738882012377127e+16,45712.517331411844,4.9183565876605765e+27,38963.227354459086,1.4465684657007965e+27,1253.870046678704,8.59087631205608e-06,46685.254261270864,1.405528234701902e-07,36301.81868417245,6.0125931178269134e-05,91858.302050156,0.0008185471460995178,26002.339652693616,0.00012471082038651124,7.467706140842984e-14,0.3759813873317282,4.4543359904633415e-07,0.36226781231527094,0.6377317422511299,,4.884400988942596e-08,3580.079727949296,2.541283027080245e-05,9.929799011570879e-05,metal,mixed,mixed
4.072041960148524e-07,79620.324779839,0.08896736353980102,42339.28330209831,9.545981860030891e-18,69322.20030999501,0.3703012256096929,160529.2154695225,0.004017198103970113,7.451827345174684e-06,7510368.324915172,0.05118900300240966,0.041807506118379516,0.04938640340727796,0.3376390286981171,7.376691086451289,0.0004687305957058384,6.772179157872875e-10,8.960623006491462e+28,20016.67398624561,221634061387880.72,27923.799916846492,4.568366353679078e+16,39623.142293340796,2.4808052365815203e+27,33861.286030617826,1.656798905118884e+27,727.510209356642,2.218554227333933e-06,52468.08534240359,5.96618002762317e-07,40337.47142787108,7.846570824557254e-05,82596.83169561095,0.0001426487686884891,36119.75713094308,4.4637005213922574e-08,7.674108082448999e-17,0.251636818233015,5.847522401004466e-10,0.5673645154540181,0.43263548396122964,,7.753020691029985e-11,64643.799199013374,2.1962728257259165e-08,2.267427695666341e-08,oxide,mixed,mixed
4.131022294600578e-07,69068.30395278284,0.03757890527412691,26714.85612955052,7.537850732367686e-17,70186.42373307947,0.2341162964036868,101078.26771500724,0.0006651907723375292,5.5276971567042764e-06,567308.2096499016,0.011508853071577351,0.07397398708958218,0.08308039571386112,0.2901389333770983,31.1804426552537,0.00018584329471043421,9.554117518309683e-10,8.255886130763605e+28,19834.89690042161,749324433196558.6,28763.74802843291,1.6785194468213748e+16,40289.22610010028,4.314726473226871e+27,25604.452072730826,1.6937309082314365e+27,755.9811571880351,4.43953155612221e-06,62399.96159871355,2.3181117028576752e-07,29196.4376887705,5.666825331365377e-05,99307.45438772075,0.00012650014560918526,18161.04232755623,1.626147809224593e-07,5.077525020838559e-16,0.09490970442764637,6.964060066508562e-08,0.5961519401490202,0.40384799021037915,,1.831173326094744e-10,1053.0260430120784,5.5065763781424646e-08,1.0754901714103465e-07,oxide,mixed,mixed
2.574347095257997e-08,64336.06609147036,0.06797600523746118,23932.838982204063,3.7621872727038153e-17,69573.64125478684,0.32028872159020055,39457.61974859178,0.002192986329555436,9.316192309338788e-06,4706217.593861006,0.024783066172878836,0.09840927231381942,0.0921030862913768,0.29414227789152253,61.71923583620561,0.0004253358489493796,8.25751958981108e-10,1.086148101913569e+29,15156.203095513534,162635472895377.53,26587.322014531605,4.297374915426537e+16,49801.85987991818,7.35621536927699e+27,36726.59338010997,5.077024583582249e+26,1059.1608947613051,6.568374991092719e-09,66065.2698282178,7.484527579667473e-07,11333.329861147999,0.00013352405914807494,70211.0782682139,0.00023690963173748168,32228.157214872408,5.3681035071693876e-06,1.4659885029791773e-14,0.5991631179520764,1.0940786290938521e-05,0.49310384492353987,0.5068852142901692,,4.68178926089411e-10,85168.64658930684,2.3091581232041617e-06,3.058945383965226e-06,metal,mixed,mixed
1.482795532779233e-07,74662.151768892,0.052259276820798777,24768.30376944398,4.052223126883522e-17,69152.45076253601,0.19361160156654128,84312.94228994947,0.001535335297078184,2.0105505072726497e-06,9343401.322108442,0.0019708658980437392,0.08511107482212864,0.09757207156594132,0.2530619599922287,2.5249448037550275,0.00039938126900480886,7.533529435449344e-10,1.0289456778805169e+29,23557.538704532566,411861079397434.3,29963.524959418755,2.343451650277572e+16,47813.6144727683,7.644573300243204e+27,34656.804659590955,2.001813066508445e+26,1202.0138066050756,8.600258106022104e-06,47974.74169492231,2.4761522242044473e-07,34879.46250733809,9.003121399870582e-05,89058.87171714855,0.0001731566954992314,31613.54864554291,0.0008556378580581311,1.3679920775387971e-12,0.4916685044900718,4.804113315001873e-08,0.33413109922542095,0.6658688527334459,,1.3108584870467058e-08,3528510.8234438607,0.0006549129474525188,0.0002007249106056123,metal,metal,intact
3.446148326600294e-08,64280.621137520706,0.07148978389970088,19645.10195240946,7.081859918762631e-18,69004.14808930347,0.34829255328499387,159248.59887506985,0.003856973460274449,5.770618212528316e-06,9556884.24541396,0.07644686316343788,0.00016465556083153455,0.017317753970833384,0.09049984799354707,5.640919457724062,0.00023241393407406687,8.938647534518296e-10,1.0189314789548868e+29,22713.84493581407,556862465622232.06,29783.26849560673,5.348979374614133e+16,35609.86767956905,1.7614729278961045e+27,29018.90716268913,1.0608021904465683e+27,960.2730439925974,8.486316370841057e-06,47182.27748721356,3.527545297798803e-07,10219.43012713608,5.8629998079773516e-05,72624.7328718815,0.0001012375684330044,27153.407360995916,5.758125546894231e-05,4.89434045198197e-13,0.5857141331665924,1.741762388665945e-08,0.18951066397277383,0.8104893186096024,,2.1152182445751174e-09,5915973.717547111,5.0928323843136434e-05,6.652931625805875e-06,metal,metal,intact
1.2570783316809144e-07,65445.29092572452,0.03626803195700209,28211.03173366295,2.1527201058996095e-17,69719.60138560184,0.32803406841714805,75239.861956428,0.004087698535007612,3.766847724588219e-06,1014872.6535410904,0.014257138573498352,0.0886428600274463,0.020258381967274048,0.03849739786318932,31.922763225365127,3.464476794096394e-05,4.02746033660928e-10,1.0120432598392053e+29,16245.702869387314,24606346904113.324,26511.803942005394,9720754232691802.0,39306.085227648466,6.103309468110648e+27,31906.008907591,1.0038379918913883e+27,640.0005701128986,6.459679700228836e-06,59956.4393414197,2.639560270709264e-07,20572.886086350685,3.4494448214573006e-05,88003.16180421853,3.268798245351224e-05,8038.804433176462,6.27801401795162e-10,1.856470893141091e-18,0.13830055277254447,2.2043809625687825e-10,0.5398091125663398,0.4601908872132223,,3.496080094310633e-12,27949.46747227766,3.6316831901114653e-10,2.646330827840155e-10,oxide,mixed,mixed
1.7216244277854207e-07,77604.9329447267,0.04300383464818848,19100.82130375264,7.162926620732555e-17,70500.2645910495,0.2849531387888257,143849.05525844562,0.0021629717375365775,5.278271461603361e-06,6686930.877587728,0.030492826538406497,0.07811447180658848,0.030554971889897305,0.43452604183187366,41.737092627321175,0.00045949419885142113,8.609787472160439e-10,8.631403411029289e+28,16386.002514100997,603374789679795.6,27373.901691238127,4.244726246323331e+16,38370.94517620471,1.2114993521281486e+27,36516.14165839605,1.7753336684184983e+27,613.7064729982555,4.653993902208394e-06,48296.96369098222,6.968597826863728e-07,27867.211996956827,0.00011879196436310826,87874.94608859529,0.00010878338710462625,36596.591508235884,8.296869896256848e-10,5.0399874456707605e-19,0.2831845724113813,1.248109831340288e-10,0.41552834994139765,0.5844716499337914,,1.6545755105108441e-12,2262.8573491479947,2.086549903173957e-10,6.210319993082891e-10,metal,mixed,mixed
1.792900815915759e-07,67200.55259511617,0.0772056146941162,12421.391956891926,5.78074891511185e-17,69169.26456430728,0.2601077001712976,63601.56229579266,0.000689271203256303,6.794073221403844e-06,3015874.1516379965,0.0806707581340056,0.008820162082022475,0.05555371149594081,0.07794502224765697,93.65065772999019,0.00011697502394961997,6.686838682877958e-10,8.197845909858498e+28,16285.005793174309,70035616645046.56,27174.69598716413,2.036409258377399e+16,48765.92285451471,3.2729231789500434e+27,39020.371511915306,1.8074523339666908e+27,881.647729637705,3.1516631271447507e-06,69719.85892055841,1.9981274090617734e-07,28153.00222682186,0.00012183749562607369,87670.32168408683,0.0005670911754641206,10331.298342770675,6.445465537399246e-06,4.1291761380114154e-15,0.2440791908644042,2.590248395210064e-07,0.23123074834261176,0.7687689926325489,,3.808324392937043e-10,1507.5351473801934,8.823844695802257e-07,5.56308106781902e-06,metal,mixed,mixed
4.144872586823584e-07,63803.33900358069,0.03354143664634469,5540.422530131593,4.208517983055825e-17,69885.15150016703,0.2648677334966354,142064.69723611866,0.0038431292966148054,1.951602766916347e-06,7944873.425308552,0.0923589808918697,0.09629476044200672,0.009020819218528967,0.1323254475979696,1.5295717478866533,0.00032587249537646045,8.096676350286759e-10,9.87525260480395e+28,16769.684191305005,125272051611790.72,25183.657947608775,2.8997729968212908e+16,38552.692907992314,7.625279694441128e+27,30925.210900282196,1.6209805802131934e+27,994.2366322248905,4.662558810925023e-06,46863.78110217342,8.295544964606101e-07,17567.33612752364,2.6155731181569514e-05,77821.80939614038,0.00045796633045526973,32817.89309472676,0.00020411420717244102,2.2858882541502243e-12,0.6297129706734775,2.2818765042867097e-07,0.049346479321162984,0.9506532924911866,,9.902188129889884e-09,7007663.316412482,0.00016192590143488796,4.2188305737553055e-05,metal,metal,intact
1.4305101596846658e-07,75889.32644927924,0.08601377453183823,36205.79733390472,5.183946999361473e-17,69943.53235279894,0.3616729821826026,100622.639064417,0.0045377647133043025,4.077949269945119e-06,7552990.8108525695,0.072613139808821,0.037942354218626094,0.05380589260089618,0.2331523966304972,72.5433887007058,0.0003048069940820032,3.944675428254808e-10,1.177903888321225e+29,24632.352099259035,520964909471379.0,27981.28345336933,2.851333820183167e+16,41158.70065332947,3.9373358310520634e+27,38471.66230656587,1.1369627673435995e+27,720.5114753080699,9.173936157198834e-06,52327.78244040361,6.488268012514956e-07,16811.915721823232,0.0001230948146844069,96909.82056075444,0.0007833987709693763,17934.823675222087,5.155014797760867e-08,1.3981238982112018e-16,0.5035951307748675,8.498194204668902e-10,0.3633512493266533,0.6366487498235274,,2.005527730654981e-11,2039109.0094833223,3.786305555986193e-08,1.3687092417746735e-08,metal,metal,intact
1.1605623065157739e-07,78431.28281173774,0.02299869196764986,35163.196174333585,3.103416066349556e-17,70277.19344457873,0.17432856584683204,165958.2536353357,0.004867837837726924,9.671417209417911e-07,9477897.655362057,0.028465216169850635,0.08966150551365933,0.04366060292874277,0.4134714019563261,62.57007031044032,0.0001846229194451602,7.694149457857838e-10,8.130467707673503e+28,19033.608068262456,531813842449859.2,28963.792615956303,5.730504044115804e+16,43362.39989415195,9.240332783883281e+27,20216.069618607697,1.6155095595339022e+27,648.0619664454638,4.050004338099625e-06,57842.09250735329,1.1658557256293765e-07,26288.48352534014,1.5051884204699964e-05,77766.5402495486,0.00019549052954769106,26522.178819442306,2.212576978236378e-10,1.062616401492283e-18,0.1953645983914486,2.5210910388919437e-12,0.056377070180616114,0.9436229298168629,,3.467117455038646e-13,8291549.865130637,1.839031141236657e-10,3.7354583699972094e-11,metal,metal,intact
1.4703117450131225e-07,69576.65008800065,0.05819765503327753,35109.333273818556,5.109133084425944e-17,70279.87773934782,0.08483633842950389,27467.75248157556,0.002821349603881023,9.085740530250087e-06,8755674.040420078,0.019769364050633755,0.028697956772882168,0.07673418202822894,0.3099596672927639,1.2611181896641661,0.0003629204573214621,5.565981731122366e-10,8.907180291524725e+28,22747.86198576835,575090728305705.4,29267.743369617165,1.8253145621319404e+16,42057.18754021093,5.71866921713443e+27,20626.956184158043,1.9789573203436707e+27,1045.5419385231166,7.242711982402451e-06,58886.91825308933,7.448062298760653e-07,5710.264385573351,9.220391729188337e-05,91631.99628445324,0.00028781861379805125,7700.658500268293,4.0624489470320814e-06,2.189040882679275e-15,0.6943789283190408,6.677836210626237e-08,0.18483173286062052,0.8151682003610174,,4.926218431189698e-09,157.58469015757066,6.210201016883928e-07,3.441428845343689e-06,metal,metal,pinhole
4.0248391368302613e-07,77769.09157148375,0.027413593557596153,17639.485621629683,9.086302949148551e-18,70895.58886286913,0.3399933937816321,104954.17062756588,0.0016674854049599582,1.3299556607642887e-06,1085402.965317992,0.09165340596307915,0.02429414406643831,0.06017608930007922,0.4212385112736946,83.9733416422962,0.00046340328626722074,5.764218280702919e-10,1.1440959626607688e+29,21974.74902291831,695373597423887.8,28372.070003414425,4.827834201800617e+16,47334.955557099034,5.734170453464362e+27,39912.084171515875,3.270951797396571e+26,1085.4517888350642,4.1593111912114836e-06,63696.682443697646,9.545477338800501e-08,36404.31707082077,7.623459168029915e-06,87883.30285915785,0.0009751686403908356,5263.992562214765,0.00013889577933882282,4.737739919215344e-13,0.1416304874782424,1.3860727666313738e-06,0.26729708764672466,0.7327015262805088,,1.421332411734121e-08,466102.8970799342,0.00010549455896868258,3.340122037014024e-05,metal,metal,intact
2.1247933712627957e-07,66252.55465471125,0.05547252483575266,34859.297460517875,1.8126063489048653e-18,69863.97944578093,0.2617251530061337,45810.87834754317,0.0042428416155051735,2.7220728692102356e-06,506603.0271971084,0.009712032300272887,0.09948235107318992,0.026479385088418694,0.3503722699669391,79.29641505201951,0.00027623082102260003,8.292937936235302e-10,1.1089891643786755e+29,20826.921053978138,787286133334382.4,28032.031353508235,2.4508069008986496e+16,38712.243416548976,4.1139411431091683e+27,32501.45965429462,1.3898708044224557e+27,727.8538059250773,1.8841037047239732e-06,58844.02248315865,7.179436106423875e-07,33580.60499247798,1.4533487918521957e-05,76725.73155606126,0.00043424486830680295,38300.664731928686,2.3315180013625956e-09,2.2531597620906686e-18,0.11547391763835532,1.2801346377915439e-08,0.5108204693554265,0.4891795178432271,,9.730950740988397e-11,22.45179038388612,5.058302559077584e-10,1.8256877454548372e-09,oxide,mixed,mixed
2.8583106630127815e-07,67328.38400014541,0.023603511285207535,39018.853352553546,6.658406400262912e-17,70122.7827026774,0.09329423651134747,142197.3034676825,0.0044608750191352554,5.856157617665754e-06,8351178.228526215,0.08888662085273492,0.04556712766929466,0.007672829111169301,0.34492378164948434,81.77842234255455,6.275249831390582e-05,7.170634850233142e-10,1.1648920183302877e+29,19423.268787897654,477287407930658.56,29548.460066952844,5.637819467702652e+16,44143.25574852963,8.293071342798524e+26,25577.902124514603,1.4606052988599523e+27,1032.5115316983204,4.5064651026083905e-06,43274.06378610384,6.575978248026097e-07,9484.013536185957,4.389004937932491e-05,72802.9703867921,0.0008416232295158796,15009.239432009967,0.0002274958053636394,3.370000054348947e-12,0.6571194682651493,2.0828549633474466e-07,0.11455649406557845,0.885443297648925,,3.419317659139381e-08,6273643.951934531,0.0001915198750945733,3.597593026906609e-05,metal,metal,intact
2.8815000976559663e-07,77312.63361401786,0.018762204968049454,35248.36854910149,7.090244523307631e-17,70638.85765601942,0.3854348859630943,105293.42283842874,0.0024602851506030565,9.594800206775793e-06,1665668.5843330242,0.014114784032392715,0.035032604069321543,0.054555318019091595,0.450759218384342,20.446811279504935,0.00043586570564082145,7.775562609512058e-10,1.062780299842417e+29,21777.05625220244,648618347125836.8,27032.04493251867,3.4059149123144684e+16,41352.7552208583,6.900256366547616e+26,24914.649092582673,8.736476598894518e+26,677.6984445241906,1.0292958304060195e-07,40551.935667971375,9.812571893992048e-07,25615.01974583061,7.968167471082916e-05,70287.5732674382,0.0007959181293782234,25510.481034214183,5.6595795612933545e-09,3.396635786145215e-17,0.25382904684083685,4.8781645020566525e-09,0.6556680433681138,0.3443319517537218,,5.435017418587091e-11,24820.074392166985,3.59711479576833e-09,2.0624647655250243e-09,oxide,mixed,mixed
6.262705200279714e-08,79728.93527230929,0.05083232223874565,8967.175325279386,5.478580750662478e-17,69049.89223092426,0.35329260011819297,125477.91833667931,0.0027291124531786527,5.4565705346768696e-06,8007178.438712707,0.012785308205802036,0.07086794761351475,0.02282697623742953,0.21793450818938734,5.284205797519266,8.953680789541282e-05,9.225112552700548e-10,8.169245230796623e+28,19395.74642070622,10218751343029.578,28289.939761841033,4776524802923265.0,39060.26037292538,3.192149849782856e+26,27087.183278772678,1.945131231576573e+27,794.4948339658778,2.617535835400228e-06,61825.39580664085,9.256853613559086e-07,36183.69104316633,3.857133941399143e-05,82726.55645384561,0.000357339629111607,9600.546419240743,1.944574331503155e-06,3.939905514798074e-15,0.402124886133183,2.1133593293190256e-08,0.6782479624938121,0.3217520163725947,,2.352613492113123e-10,351960.15634103754,1.4436085107403792e-06,5.009658207627759e-07,oxide,oxide,intact
1.5996981822957645e-07,66995.58208374678,0.035797688107807736,12514.307063580136,7.469951435129906e-17,70710.4795028326,0.3319376663240384,23438.374907176592,0.001350557697422798,4.3972095605896814e-06,9824400.388055233,0.026647992715112475,0.07808812756595317,0.08770221099158534,0.1524990654066352,51.684749241458476,0.0004696425445069366,5.337495783432509e-10,1.0972670329933296e+29,20346.292189720887,333884749381809.94,26914.014960089335,5.344060981362963e+16,41522.309383896005,7.378943287616662e+27,30215.24076926778,1.1059242303708005e+27,650.3150410475984,8.708323347815042e-06,54009.01763867575,9.822326703880311e-07,37935.853793922804,7.035879224899105e-05,82844.72908107498,0.0005819753742325734,22911.26730345733,1.930422558738295e-08,1.378195219347274e-17,0.27507048873101514,1.2829521125037066e-09,0.47754360708977056,0.5224563916272774,,3.238535662404679e-12,93292.68375630733,7.162875249737502e-09,1.2141350337645446e-08,metal,mixed,mixed
2.760024895529342e-07,64731.11234309365,0.007307073308537809,48964.73062903771,4.219092906927092e-18,70775.72153980946,0.08033100432675687,119058.05831189032,0.004852506201023243,2.0637564483104245e-06,6843028.94942865,0.0164167804589876,0.056944800528622094,0.05953997278483482,0.09330883421438987,81.92502308054601,3.9898823212244225e-05,3.226009266932224e-10,9.986926102461074e+28,22821.423744655927,753813044444187.1,26889.395924588895,5.410668634628211e+16,44594.93785865576,5.8278406416754104e+26,35968.118016386616,1.95604073200829e+27,596.2545387289522,5.151173848219219e-06,49369.07866855246,3.1060763046980765e-07,42931.54745779333,4.087693689061404e-05,83049.49486869734,0.000626235487522082,6522.386840060071,1.391879689386167e-11,4.3011989297324856e-21,0.08608856213655844,3.365361946281844e-11,0.49057519718029313,0.5094248027860533,,4.5231692835442006e-12,14532.69847175061,4.5096495937629415e-12,9.409147300098727e-12,metal,mixed,mixed
4.174014741636168e-07,60102.26947042481,0.05658759576919893,13668.893246024081,4.019990073885631e-17,70611.63119887376,0.21189594781294918,76812.00824025262,0.00270390417732095,1.823317013784909e-06,5555745.782465351,0.0018668921226838446,0.010046451078855526,0.02340081418956504,0.3917561698997306,97.32131039528124,0.00036531115101607324,8.314316092860418e-10,1.0451206033490934e+29,20613.66392666715,327424007154673.06,28932.585586523175,1.313503944193465e+16,49378.576510070314,9.8251657829858e+27,28035.468364218108,1.2024008926431408e+27,579.8995428888318,1.3377281326295739e-06,60047.764909302074,5.190774828751889e-07,24605.700317040948,0.00012560993355599027,76087.4118248202,0.00046874383405576676,22580.966474125296,2.038452932616859e-10,1.239538801628471e-19,0.24778511466391584,2.0340555977809716e-10,0.7186844016566205,0.28131559813997403,,2.2486583186136886e-13,20191.289109629502,1.452679640311381e-10,5.85773292305478e-11,oxide,oxide,intact
1.1658960503236547e-07,73151.76095436691,0.08296660881722365,6217.390169507998,7.799132855115301e-17,69751.85996956627,0.36261686475656857,91386.89037826084,0.0016436065360321286,9.685588452087732e-06,1806037.9275729428,0.08343554595341363,0.03942142161572413,0.04153909144734759,0.040411184045550455,1.9006855819044493,0.0003675864744959848,3.888203199058392e-10,1.1965688424191107e+29,19413.97681135145,583113043439419.0,28685.300441763717,3.461309630131284e+16,45148.01167757604,5.365530402840674e+26,28870.230302721662,8.719728676704088e+26,1047.6673708869102,6.400420229960234e-06,45880.55075151998,6.179224018482085e-07,30575.47522294636,0.0001028338064790598,87812.54122796074,0.00035218103784588064,32299.610769173927,0.00021549490156025415,8.395343718467855e-13,0.3618433433836522,8.629771640644448e-07,0.4355714101892375,0.5644277268335983,,1.7489988513350458e-08,17394.517543929738,8.783336155026149e-05,0.00012766154000999266,metal,mixed,mixed
1.310190359320216e-07,74910.22347697435,0.07205139501115734,49540.69893513553,3.840670509317172e-17,69425.24662886752,0.2975353649659854,32579.794363836336,0.00303925520888887,4.919741968397754e-06,1283024.6631747019,0.05522176432389364,0.004576034523331477,0.03747484606277862,0.40529608774610604,82.77626491657698,0.0004945175547496916,6.439518824224647e-10,1.1924839870434775e+29,23888.213597672177,113274980010859.38,26519.364743652044,3.1311141974248404e+16,37135.654792509304,3.56918315423414e+27,20542.73637261838,8.972792951707596e+26,1220.2676930570901,4.976363541098776e-06,48587.269318191626,6.122232830046996e-07,46943.65662865619,5.6703210504358745e-05,83864.7316095125,0.00034680446176647557,28778.96856787798,0.00011282885125845665,4.061963810166094e-14,0.33296303173377706,1.6774422680094673e-06,0.18874573117379742,0.8112525913839346,,5.803726547805152e-08,46.65349573652109,8.391565352688741e-06,0.00010443728590576791,metal,metal,pinhole
1.1331748084444825e-07,64921.28981360912,0.018279878041321446,39883.980071679485,4.266742181659135e-17,70098.73067852722,0.17971406648817395,131506.56876497844,0.0034178559327050577,5.385856525137881e-06,6996231.148401657,0.024838853806948974,0.04802954709096593,0.09281879158970509,0.4518069601602434,24.979259705738425,0.0004784254165341158,9.812822370087294e-10,9.124157807811691e+28,15663.45877460738,129532408789641.61,28235.701411543,6829366670634945.0,47268.96942841077,1.9061330699883786e+27,25796.754581972455,1.4185622634457022e+27,1178.7626049270807,5.4870593723259425e-06,42987.37943399986,8.2599442742895e-07,17204.502111684436,7.154426786980731e-06,95294.94720231541,0.0008447912041896575,31919.06374219492,0.00028185695738407667,3.583421606167681e-11,0.6540174133434898,1.5208019482718303e-07,0.012391132720624106,0.987608715199181,,2.3378653442863453e-08,6794348.276030196,0.00023469894554597415,4.715801183810252e-05,metal,metal,intact
2.7034530767803453e-07,61768.19342106752,0.09396009145039624,31079.157314027678,2.6778831640062575e-17,70741.15619386185,0.14488268312690877,99243.22354241926,0.0012476437787872555,8.753586599451882e-06,5561490.897687332,0.06827324292511701,0.0288859702906932,0.025588420754983528,0.2640167046993795,97.05972713888256,5.095015553174043e-05,6.448301035583845e-10,1.1566547608771251e+29,21769.78434223989,165867356942485.03,26629.32329556945,5.471866602279877e+16,40835.23470976913,4.5149404824646615e+27,37881.80648274111,1.746616045741929e+27,1056.6881884869872,6.475217085064628e-06,52872.08523389546,1.1008353381384475e-07,40701.7729142577,6.788227309981354e-05,81970.94845033814,8.819395424855058e-05,10749.844959724356,0.00022290924431533357,2.395579233568243e-13,0.25853040193781707,3.314103189016573e-07,0.29887488475792906,0.701124783831752,,1.6764399333363305e-08,6386.589566378202,5.471085223640473e-05,0.00016819839207892883,metal,mixed,mixed
7.535830047043249e-08,69850.72699255799,0.00042864617014608546,29745.2557688206,3.6789536070760916e-17,69900.15119175032,0.3755328816187437,34234.68787804365,0.0012374015522310978,4.5668870977765636e-06,447243.38817138295,0.031484813068167826,0.03122559543976155,0.03410773315334046,0.3409374708221055,41.34775074655497,0.00031642034994431586,7.045099013450142e-10,1.0937323793578944e+29,21438.97950343382,809163389222989.9,25315.98048856369,5.608228159323001e+16,37085.79240029547,5.46890131570967e+27,27817.605825260267,9.178533585234125e+26,747.4426021752944,3.6365632205262747e-06,46523.185233413424,8.911536468934519e-07,18323.204302289356,2.4811190422775377e-05,76573.63794680078,2.7692373795290197e-05,27511.231033536187,1.4494300361633084e-09,8.565172614654478e-17,0.22178754759057112,1.2134856959612164e-10,0.10074907558958425,0.8992509242890669,,4.4796949892474534e-11,353407.2264624994,1.2954362525893874e-09,1.53993783573921e-10,metal,metal,intact
5.0405565009172876e-08,61287.94030082475,0.018144195282243494,28340.32539679764,6.941718742963539e-17,70025.21349538065,0.23333780599463194,137134.27256001355,0.0018189717018842334,8.818846461004627e-06,6912298.3899580175,0.058761607254385305,0.017575316025271005,0.0855093086909639,0.2625272856103374,27.11662771228362,0.0002734619429953787,7.178754052195837e-10,9.907145779292778e+28,23697.964633089563,570723910790482.6,29772.086188286474,8855652488671080.0,38426.778035669784,7.592797166656767e+27,23143.33007094099,4.986545135272422e+26,751.9808667089699,1.5976706905084624e-06,49863.3518684306,6.2727800116124e-07,36341.874288643776,3.568717094426012e-05,82320.21513883502,0.0007280380954273431,31065.266967225914,9.715146082304807e-08,7.84868454634675e-16,0.30442057014821966,1.0697546619861376e-09,0.2956720635178815,0.7043279354123639,,3.124900746087323e-11,2678903.5044328985,7.46189455643681e-08,2.2532515258679966e-08,metal,metal,intact
2.419538620649076e-07,72956.87704116404,0.0236933972597437,4447.577060745434,1.27695100775988e-17,69524.45965208359,0.36886703895698997,162251.40105908256,0.0007456920138232869,3.897786286978984e-06,367140.86932142056,0.022807300278754314,0.058381412471548814,0.0739079321962147,0.2402683373077591,77.44475669289619,0.00011991375325021981,6.721384558793834e-10,1.0039240506540048e+29,22995.014373602113,286253077835029.3,26728.072050046587,1.811303312995564e+16,38607.46964453881,5.425274573092962e+27,28069.759152795814,9.615776111474178e+25,751.398785713473,2.66007497793498e-06,42830.812804814246,1.0375387704517123e-07,13979.379214397346,7.673382635661219e-05,79551.67369028844,0.0007393590239806698,33331.076216170695,1.6906986613400906e-07,3.547855801392668e-16,0.09667411220200088,7.237613289076744e-08,0.43377302799376316,0.566226899630104,,9.86152516702606e-11,497.89900779157915,4.4891310914085916e-08,1.2417855521992315e-07,metal,mixed,mixed
3.8532564547809414e-07,61270.247275550915,0.06433086092916865,26907.342146380786,7.051412600007555e-17,70783.97623515413,0.19582324852898594,124889.01386518024,0.0027604769078774195,8.446922329553839e-06,3078612.4938518996,0.018038089625748332,0.06357124339607859,0.05082367092951418,0.3134098711532906,20.750642705896094,0.0001815400349402051,9.540741346282023e-10,1.164179056933887e+29,15890.191289664373,759514702043356.2,28227.052645569733,5.833017621923294e+16,38897.95854974441,2.0544307508804518e+27,29240.11866993492,8.551734598681824e+26,1116.97695419904,5.117036808503914e-06,49477.65182261593,7.185305397117414e-07,6162.5718606559685,0.00010528763737329475,84991.77075546744,0.0004522935827248151,36207.236213674,0.0016588924677373414,1.4980837879849727e-11,0.5725165200428619,1.8266898643488974e-06,0.41043472676488957,0.5895634465452461,,9.316166928069485e-08,808057.9859536398,0.0013170715393209626,0.0003418209284163788,metal,metal,intact
3.781093885188372e-07,73904.03914948771,0.04629332218483275,14356.084313151081,8.968353832029008e-18,69517.13014758295,0.08751947768727664,57586.734467925424,0.0005822769915760943,9.61294162869243e-06,8191979.950616586,0.05362069708120362,0.035895040711517695,0.02300580313861662,0.2132206664670966,27.519348248370893,2.4808038242444385e-05,7.799808369850784e-10,8.26213586989019e+28,23606.919038621003,654970572172584.2,26242.884795750604,3379181663895494.5,48971.027714325566,3.0472702848056195e+27,26508.209862290827,1.760092647838378e+27,1192.4785592037128,1.856570706164453e-07,65286.71072510365,8.610628546830544e-07,15396.477147446867,6.483491002749402e-05,96582.98475272904,0.000995945811771977,15362.392193000687,0.0005730414610334137,1.557771620085155e-14,0.6836777255040494,8.15511071261905e-06,0.013524784487327829,0.9864670604019595,,4.860202182838404e-08,1.5471727982303978,4.114112079014851e-06,0.0005689273489543989,metal,metal,pinhole
1.6270401153490868e-07,65611.13904183329,0.0625622296742731,13609.033837974912,3.5019089425818645e-17,69073.87242449248,0.35881603997698974,166171.08063435965,0.003127206084248081,2.670788323093014e-06,7472464.925250727,0.09600182279480358,0.035758566990014416,0.017122506715824975,0.4657633586180273,29.048824785316835,0.0003104894187311778,9.011481649920327e-10,9.759170348640134e+28,20861.506544886604,757027982241163.9,28936.017673589602,2.4824583854778764e+16,47700.244255997044,6.781908393044462e+27,22841.594301463745,1.455897096851498e+27,787.1138432523096,1.341475097238623e-06,53767.73802971265,4.1407165647351495e-07,19907.2600898499,0.00011889653551824876,81259.08266111853,0.0008802529451535126,10951.136477009211,9.843735343782171e-07,5.552715118755134e-15,0.4455620358494429,9.634161537578275e-09,0.1428190444705037,0.8571809458953349,,4.4241969319796936e-11,5171652.928858125,8.163977910096884e-07,1.679757433685287e-07,metal,metal,intact
8.941870193734576e-08,63467.80477099168,0.06626319561576804,4611.488997490082,2.337434725393056e-18,70897.89485999636,0.1856780285119027,155103.6586046185,0.0043269128359914345,8.47773495690975e-06,4499973.206116452,0.08680850944496638,0.02693040185704323,0.021360852263795565,0.4907508424207797,80.81494679945666,0.00017280629263004263,6.128128896580447e-10,1.0690210782755051e+29,18452.444522102567,146793083590727.12,25967.35408209683,4.336237424257825e+16,41937.671642508765,5.050938053802573e+27,38539.37851565427,1.3496600875901737e+27,1243.3717802682083,6.339294516371268e-06,69386.48597371568,4.792477413715577e-07,23793.875892858865,1.4175533461883372e-05,78130.60035170887,4.809817777097599e-05,37591.94238578432,0.0007218420263331849,4.6889326972115456e-11,0.528669001370658,2.722454816157496e-07,0.05168641360755003,0.9483133141469683,,2.3273277792638323e-08,3980509.8802789934,0.0006196041044457395,0.00010223792188744532,metal,metal,intact
2.0170117004736986e-07,72320.94988449365,0.06421189539132419,37217.99231763164,7.29646620152263e-17,70507.33878222018,0.08432886435490762,34489.89531742092,0.0025023417040646256,7.2609795712688865e-06,2352201.292442052,0.04130928920303763,0.08786158484993933,0.0072603878026323305,0.3264438994248007,42.853596831557134,0.0004958998805514838,4.695988729044593e-10,1.0205093277279829e+29,24284.836897312493,279845656368812.12,29828.301678254786,4.33830775412635e+16,46614.288017534695,7.412787269847556e+27,39229.500558015236,1.9050007635575387e+27,1244.2723966149726,7.135031263739746e-06,56646.06998223856,7.754707930233343e-07,21940.514716479083,0.00012130636885308692,70794.28151206598,0.0002303958217902729,30626.200292682708,5.668176648775667e-05,3.394263085444254e-14,0.5132651603337105,4.044501381984818e-07,0.16500192222391424,0.8349976733259474,,2.7097199305903155e-08,92.63594045572547,6.152575679161302e-06,5.052919080859537e-05,metal,metal,pinhole
5.385676781450779e-08,66194.44922620678,0.0708743810499761,11211.467273354348,4.859845486222901e-17,69899.29916188924,0.08368168075918332,107726.61181015732,0.004624891071505108,4.8403835598310245e-06,8257367.291487352,0.09946472210587895,0.0936838662292481,0.09031292701485542,0.047430201196002233,31.859328377096393,6.834950154853311e-05,3.276550643660819e-10,8.32952207083948e+28,15575.19385859504,195102743649550.16,29452.300925296353,4.866924301760319e+16,47879.93522960167,1.8685359033008185e+27,33857.42392874437,1.263401811920894e+27,1147.3812444911773,4.554264194546448e-06,46247.17633264103,7.72156893903405e-07,22978.701021151686,9.26773605009796e-05,72376.14040327173,0.0008078991420398962,38066.910588418235,0.00025063631890596386,2.0300592418616304e-12,0.6395048056754165,1.1738320482806006e-07,0.13255800069174886,0.8674418819250461,,7.125845068161743e-09,5359919.271886852,0.00016845470664209552,8.218161226386834e-05,metal,mixed,mixed
9.527773960649042e-08,61425.991313559076,0.047732462895182654,29644.841771699,2.265210864832706e-18,70112.63967184658,0.21256242167220785,157205.71099860664,0.0008362094309747718,4.377182840990345e-06,7095824.750675569,0.04940756338326039,0.004096481809398027,0.04020163024749647,0.3744966945738277,54.686855235385636,0.00012225194378088318,9.974387718646054e-10,1.1555957665164349e+29,22599.21274716449,639072036921410.4,27472.293142437156,1.0174564849328778e+16,40384.51470639099,6.84656095046762e+27,39975.56795576823,1.305703237809251e+27,1075.1255360967834,8.383067859840791e-06,60257.22956768639,8.939104197521705e-08,5942.292445562606,0.0001320452752468014,95021.59519860029,0.0008728051600925897,29146.24621515821,0.00039951534701307965,1.8934239057444746e-12,0.4158308065718116,1.0974376964620526e-07,0.28637299576433817,0.7136268944918923,,5.595825371203391e-09,3198786.897261181,0.00034671437106082966,5.280097595224999e-05,metal,metal,intact
3.72674108188515e-07,73319.47956190174,0.02477626906545681,39928.84615826433,2.6713862196791994e-17,69215.10132675889,0.3490863500519876,135472.82290803053,0.004280681614506172,6.989542752863359e-06,4202666.596583939,0.05100089889097469,0.03650653725566448,0.025221301826357664,0.4356593676311053,76.85207852984504,0.00016733264644689486,7.945094915195893e-10,1.126439616132737e+29,16750.292994431034,793048659586553.1,26291.756779673276,6146090954228321.0,42179.176068587636,7.158549600018069e+27,25413.759256802376,1.410498321830674e+27,798.2005739295327,9.02275326587499e-06,52286.11624538185,1.6742755018108428e-07,49501.37715253319,5.8746117121063597e-05,86170.81483904361,0.00027125292785347703,27233.4130883911,2.3424590159581976e-07,2.8821182306380677e-15,0.11193590498639408,4.2883497572915675e-10,0.23476190811882014,0.765238091452345,,2.104955276121838e-10,2259361.6308861333,2.009972338988234e-07,3.324866769699635e-08,metal,metal,intact
3.624693666022146e-07,71090.7324180571,0.04329165178550734,27905.915655460474,1.0136884355730638e-17,70213.59075662267,0.1606323425875302,126440.88002712677,0.0011443282014742262,4.603042172466092e-06,5424134.912914982,0.03972416077235188,0.08165565550660912,0.05513508658091165,0.3880953952071974,3.9874762751685453,0.00025134530040320946,4.007892581343136e-10,1.0184811703542809e+29,17972.872125711274,482558838181595.9,25633.39533302248,5.95062224769862e+16,46590.95639721746,9.160021527707108e+27,26133.91280431438,1.857378805239426e+27,1062.9834190300776,8.660585971852909e-06,47080.67512982286,5.821410831001086e-07,25818.949594115413,7.823710772840527e-05,81497.41524233784,9.423210875710699e-05,35573.30916383938,0.00020077823224722905,6.459600890003624e-13,0.5176998444054055,5.541974597171999e-08,0.45109365420533065,0.5489062903749233,,6.7058225110029095e-09,1128823.193791836,0.00014684171881995423,5.393651342727482e-05,metal,oxide,intact
3.6510041255674784e-07,70382.16887235503,0.017351923543590334,39252.00906455244,3.5759044259038316e-17,70251.2411053172,0.3935627174128633,96298.92195174303,0.0035687616610452673,7.952263716754771e-06,8068725.684612538,0.043176665609221246,0.09619300350344316,0.08871233598434551,0.11108024991054759,67.58348073949155,1.665631401284232e-05,7.473875498676154e-10,1.1533865728814292e+29,17876.89229736363,607838079402320.9,25173.131101608156,5.2159841366904936e+16,49612.89235725895,4.486208713385532e+27,29706.030880265775,8.846159863428583e+26,1206.7611437683631,6.914282474995031e-07,42777.364202635355,1.620074715203426e-07,35754.23849695521,8.267786882157502e-05,93308.57185522192,0.0003926600633385743,31657.753870990484,0.0005553786021664619,7.28416857938564e-12,0.419835079505867,3.0711246131001706e-07,0.1505833446887797,0.8494163481987591,,5.0326891743138744e-08,5148201.48471274,0.00040688237304560093,0.00014849622912086098,metal,metal,intact
8.581733637580034e-09,64949.87694029483,0.032963652017135095,44105.3353567982,5.703346218241914e-17,70519.95450279048,0.22051630736048794,129161.43632690731,0.0021228095098694806,9.420704091646753e-06,1645172.7216976264,0.08401147368440233,0.02931885483226689,0.06378970043019924,0.05462281706989239,78.87290805448082,0.0002893347475222852,8.049093621020707e-10,8.951658337740886e+28,18774.220052508455,447997133560236.1,26490.076831253675,4.319107399974876e+16,47542.59805254173,6.561760807477686e+27,27162.330892199974,7.789601035718835e+26,1000.2744476371366,7.012296854841689e-07,67512.20657811595,1.580930258283325e-07,27082.005227666174,3.3163601622981286e-05,84129.166641129,0.0005397101501235825,14806.009289759499,6.657554551874473e-07,6.327693855304463e-13,0.2144825387720035,1.560080830661844e-08,0.0027219719776031257,0.9972780124215886,,8.805068963062889e-11,1634297.9239521143,5.475198383114702e-07,1.1823561687597703e-07,metal,metal,intact
7.407285278076458e-08,75144.73040284547,0.0751548969566016,28153.990227500643,6.611514936058682e-18,70668.35022153858,0.30437376567625507,163846.90516005873,0.0018534937611589372,4.8668686913470616e-06,7249773.629079113,0.054066919664979535,0.07675928007089115,0.07328535961323776,0.46169254920231856,20.989519703823984,7.881448124421744e-05,5.226224838292474e-10,1.0683100845268936e+29,19179.47522980551,375119696927301.4,29656.087136724305,3.2940519226988956e+16,46317.85514934206,1.789637471856405e+27,24377.841487021873,2.5498516965622178e+26,757.424990658527,7.025341238585965e-06,60020.69443475982,7.895733278936174e-07,42140.404229043714,3.065398001827583e-05,80427.75006461781,0.0009820022221217882,12278.64961522463,1.574689921856929e-07,2.1496972440234966e-16,0.2865703065670679,1.4640886055470702e-08,0.5134782889622648,0.48652169639684906,,2.8887593525163157e-11,213129.03132759454,7.846791375930035e-08,7.900107842639256e-08,oxide,mixed,mixed
4.946226776552571e-08,70615.32810047136,0.06950329933752304,39762.455580635644,5.060446025996831e-17,70132.60105909944,0.2044127078429474,69151.70905651816,0.0021534210593929528,4.8778421746486045e-06,3652628.1427455926,0.09061788448140584,0.05028751543719135,0.07022454267368078,0.21430021706249008,56.05513729782358,0.00011759273999682836,9.409332230818862e-10,1.1628404457504745e+29,21460.727112143446,91371516360165.36,29393.225088406278,1.7909796069680024e+16,45249.16185492332,6.152403819631847e+27,26850.009897901535,1.4505274157443207e+27,1132.7865965807691,6.080377877735327e-06,43231.94459079109,3.633297374738489e-07,21355.774663134263,0.00012017668632275546,83276.38743902808,0.0004971666165334279,14100.28378689102,8.187598225107946e-05,2.524328444446578e-13,0.44992723539972124,4.109977338181666e-08,0.40102279276949193,0.5989771661307346,,3.707726470197004e-09,504254.7565729233,4.9097856574858353e-05,3.277812567622111e-05,metal,mixed,mixed
3.5238097021431067e-07,79526.2001792914,0.06959620529584863,21474.58887086677,5.917281333283001e-18,69548.34916796935,0.1456303164527294,76886.2506838959,0.0030467604527847367,9.339186493644876e-07,1738668.2148569673,0.012332834644770568,0.006967032130133021,0.012688597591477863,0.3403834434314748,34.251657579181156,0.0004901770882925261,3.2113050678350095e-10,9.919006482203379e+28,18512.335790831217,573492096150938.4,25407.91886390257,2.328146437924244e+16,35204.301988967025,9.255206677671934e+27,33517.792424715786,1.0141844159628659e+27,769.3583314848887,4.796625126750033e-06,50540.39733963627,5.521304668401152e-07,6549.3637652704765,1.0446805028525171e-05,95692.11865130461,0.0008345789862061193,28436.304154522015,5.270976859239307e-08,2.2850212938366288e-17,0.42807833460303873,1.8020210514545586e-07,0.6425823924644711,0.35741742733342374,,1.3546774838767783e-10,1242.6067553666796,3.039521979175385e-08,2.231454880063922e-08,oxide,mixed,mixed
6.364284208527761e-08,77690.0236569449,0.0875486662502331,31552.298789222936,2.6054076099166986e-17,70306.42291901878,0.317574823103484,76189.39123935961,0.003284532104695029,8.269023195619843e-06,3552927.244378462,0.05010406630793239,0.07750221956397939,0.05675792713584811,0.2590036587172954,4.218239305642323,9.686708579613465e-05,3.5549773512078394e-10,1.1311636891028416e+29,18085.32330602587,433559256847742.56,27560.31217142014,5.090842016126082e+16,49879.72423448375,7.018159585349829e+26,27301.025406649263,8.81711622630277e+26,910.5695204861331,6.250201366967506e-06,54482.653533679164,2.0412096862102888e-07,41087.514060763344,0.0001340524776312199,94711.07664960888,0.0005715354918461026,30901.249804839787,2.5819189326806688e-06,7.659573908454986e-15,0.20557204820130984,1.5865997742532786e-08,0.5953683390587258,0.4046316450752765,,7.983188652630395e-10,44664.92812035835,1.264825528847428e-06,1.3170934038332407e-06,oxide,mixed,mixed
3.8465576468601595e-08,67457.77983277112,0.08029196768496429,4379.354451907454,3.450085054602496e-17,69707.1008607759,0.2933559958675732,84511.59075894009,0.0024349489544971134,8.639744621516124e-06,1251744.0926712023,0.057779682173883795,0.05679698493033369,0.03697902695953381,0.359340529419858,88.70521332206836,0.00021486900886411188,4.07040568918143e-10,1.184871287367548e+29,22762.988621585268,251622952130052.66,27047.16863531323,5.9135726177295464e+16,39407.68128802551,7.340261984223618e+27,24882.458223650843,1.1760760435355025e+27,800.1995206192133,9.109439166284783e-06,57265.06840387806,4.2142369596442354e-07,28046.092191948926,0.00012507001359838188,80586.31081813785,3.170845980587873e-05,16413.862426979525,2.2066308162416415e-07,8.088452197381342e-16,0.1996669340700066,3.6682152075814272e-09,0.4253578601888772,0.5746421361429075,,4.704004685637361e-11,6214.102915582664,8.26287356713307e-08,1.3803434595283346e-07,metal,mixed,mixed
3.833707412283552e-07,68197.05021272578,0.09810337973213,31366.387242011308,4.3397017736624654e-17,70275.59489784016,0.29656650755894304,63467.780430186926,0.0031608304635732942,7.6571224269873e-06,8146421.997080076,0.033012263309546284,0.074973172891907,0.02428001498980353,0.15987650130599357,63.92949155140741,0.00029827012761797457,7.418547020246273e-10,9.829369890224944e+28,16982.1905917306,644367122373834.0,26583.43992010762,4.819033836274317e+16,44944.2134395994,4.3772128160757136e+27,26026.790578382614,1.2219080167952342e+27,1088.2192001381366,8.296604422853876e-06,47296.91915920643,2.7998295212179075e-07,18312.212706128783,0.00013041085742062557,99086.55058598125,0.0005341509246317368,6565.5727678583735,0.00011943388282305327,1.176075164902855e-13,0.5196923255899147,2.203596823798748e-07,0.4753713245497043,0.5246284550906133,,2.1926505171851096e-08,8349.51458784736,3.682476997948542e-05,8.260911284356786e-05,metal,mixed,mixed
2.3131441142999634e-07,72872.15546447755,0.06621105686345784,19236.654070936132,6.215843911156348e-17,69773.62725576044,0.31150825198370125,43644.25206763242,0.0021800077212692235,3.626474930538573e-06,7189145.480791039,0.07713439840226859,0.05241525798760877,0.010088765249012189,0.4702840759248846,94.41874206178144,0.0002566490586813481,4.137542312846883e-10,1.047460318856688e+29,17477.769463883924,409582140502529.5,26766.53029599108,1.6898340382296276e+16,44927.08274943025,9.326878042838589e+27,25485.918526979607,4.0488776928947165e+26,637.8578929159195,3.2661799991549936e-06,46653.46005476782,7.912027009963232e-07,22696.60415015966,0.00011079325990180622,73971.30600641042,0.00024330893656835038,18218.93057427287,4.033246899301553e-09,6.333660396766695e-18,0.39419339881126686,9.723333671388702e-11,0.5236320819713993,0.4763679179313673,,7.563008869036294e-13,653345.4978708847,2.8163804317264246e-09,1.2168664675751287e-09,oxide,mixed,mixed
4.173352045413733e-07,63402.27292077393,0.006920197744443866,41358.88034591571,8.587823509694158e-18,69711.5980207427,0.08116268920208333,118026.26248270362,0.0008698785827133043,2.955317331652093e-06,2814930.351215474,0.04087031335538352,0.005379024858468216,0.016474994066396447,0.4547461333339837,55.41264609355596,0.00034163158075059617,6.914216921984762e-10,9.415245812121654e+28,17230.311749091117,546236518950406.4,25137.951153334347,3.60532009513684e+16,39897.63867875755,9.624407567373992e+26,29763.17675390764,1.511888578068853e+27,708.405232881883,1.4303190720502829e-06,40392.33203910895,6.143498552435318e-07,27591.877615678408,5.816974981337533e-05,76326.84285961038,0.00046780644851269543,27442.589197619258,1.3580197175825732e-08,3.728244902651349e-18,0.25997208034808716,9.253147098113806e-09,0.21157564541477586,0.788424345332077,,3.6143226436124314e-10,196.36726306030758,1.9673034460930923e-09,1.161289372973264e-08,metal,metal,pinhole
1.5630656171471657e-07,73795.58413480537,0.0663707962025069,43501.860343464454,1.751308092312393e-17,69644.26146947892,0.1080068636877334,147599.7422849682,0.0014486928870215952,9.482171135161723e-06,8103575.947772006,0.06845295605927952,0.0789318208905706,0.09554600710691792,0.33170420352665403,57.545002393231414,0.0003796534655983113,3.4774091847547573e-10,9.184055926851885e+28,17281.25802336346,666862231652130.2,25971.88405313887,1.0892507757425928e+16,39762.61676280427,3.917602089278467e+27,25085.71253199367,7.458834088170559e+26,810.9840314173928,7.1892614675943605e-06,54130.22623278148,9.374232108809432e-07,25921.264252873163,7.558858250377924e-05,75134.36885940116,0.00033227575266933407,19954.962938772274,8.802601263929354e-07,1.3977234293802395e-15,0.5130267898622193,7.1900135588876276e-09,0.38846296951450876,0.6115370232954777,,2.3213311621647324e-10,95703.91640939692,2.8338048905235126e-07,5.968796373405841e-07,metal,mixed,mixed
2.4438776397723336e-07,69441.8582332266,0.08220055375063336,29565.560421438655,6.095294522532639e-17,69184.01062695133,0.1061813694292818,40671.77100775263,0.003077830386893655,5.923189545771406e-06,1319150.015377562,0.08570805769437323,0.034226675393538804,0.028440423971923173,0.027679256274728496,9.278862535861094,0.0001247923286483898,3.733144480931764e-10,8.775370218005861e+28,22004.896730655168,385692221791790.75,25101.50688937082,3.1746819917406464e+16,43499.34606550104,4.55933738566366e+27,32578.730099618035,7.220175623086927e+26,1104.6793753511984,3.4306204797649827e-06,52650.205495824164,3.375472440524069e-07,21703.33242704373,6.454982379784622e-05,73631.32197584711,9.227103347122208e-05,32153.3777225257,3.6984400226118926e-05,1.390124825684849e-14,0.3139164258001916,2.462017672734112e-07,0.1342698661331196,0.8657298876651129,,1.6313436710812187e-08,70.3228149736136,2.2788485530977827e-06,3.470555167302114e-05,metal,metal,pinhole
3.699650909940675e-07,78188.22212244572,0.05202046325778951,24558.882541967374,5.839010114914537e-17,69170.53480405571,0.21746118554352228,50060.99547903275,0.0032877417578705934,7.471724883629556e-06,113892.01678744049,0.05852945062403779,0.047356241869653176,0.006799329317469819,0.15800718713161327,8.012580315103069,3.651798473355246e-05,7.757401878519911e-10,1.1242418697424676e+29,22792.262623192677,520351104466075.1,27278.97863857485,3.4012930061946356e+16,43334.94920955287,6.279419793244418e+27,34482.41043679584,7.754156652481483e+26,1224.4867024555895,8.49303304357278e-06,44030.277732484334,3.8617154600432576e-08,34579.91948916629,8.620265164967611e-05,95537.34434580298,0.0004950901243539396,34257.14525956835,3.2693452955376786e-05,1.8695373599006486e-13,0.041874069164265094,1.1278180809272815e-06,0.28957713480216296,0.7104217373797561,,7.257602779009609e-08,51.498556878109795,7.333623927268761e-06,2.5359829028108026e-05,metal,mixed,mixed
2.2613333026530576e-07,73961.96530411627,0.01780321390509847,36052.096552120835,3.5341088731966146e-17,69800.05807756532,0.16286358557383654,47945.415141142614,0.0034264371724989726,2.7941705357464167e-06,3701826.9481271766,0.006195215584263144,0.0914071822605333,0.0881188516855778,0.02909501203794429,18.47530236748607,0.0003979140527587429,4.039762781005482e-10,1.0306023327748557e+29,17655.868204450737,540602065998092.25,25642.552852043642,3.2696512495537496e+16,36947.582807928564,6.938673626571193e+27,34822.53073766838,1.172070913102345e+27,1001.2617514237058,5.8849755968403104e-06,59299.127598502295,2.590782495077976e-07,11130.214034276218,0.00012779350583218578,83316.10429016655,0.0008505507176229108,28137.35281322341,6.835759038598924e-06,5.7054537649261056e-15,0.4311893358256435,1.7320783884037888e-08,0.482241452431888,0.5177585302473282,,6.066825183818447e-09,57279.55494634722,2.8014102556572082e-06,4.034348782941716e-06,metal,mixed,mixed
1.5012169615045974e-07,72698.83210673812,0.03319134415019352,3653.225173808608,9.795527788642331e-18,70743.06956345018,0.23649450601665534,29804.28799862568,0.0027367565296759237,7.335157874315798e-06,7588542.604370954,0.06124679095893015,0.09796359160802415,0.009336261884481452,0.04853083820754713,28.757899596588388,0.0002992763402260436,5.745959912846179e-10,8.932014878643272e+28,24259.936698455655,798556834336788.2,28638.660310485346,4.373069947621189e+16,36589.7535080977,2.1947283583924003e+27,25867.085314426553,6.616937684123373e+26,577.4591110901788,1.7387901652781112e-06,57089.56325021548,6.283140184271047e-07,45173.693241909954,6.167801194857505e-05,97457.52633937311,0.000821084408387598,22871.114881180772,1.4508781240613532e-09,1.1847681599321503e-19,0.09536973494839393,5.15351831637208e-08,0.08967159444427933,0.9103283540205374,,9.61501255188926e-13,32.3744603928595,3.6918618236214275e-11,1.4139595058251388e-09,metal,metal,pinhole
1.840470059512388e-07,77140.15349619118,0.07675344811887683,34278.20721362125,3.996863265230036e-17,70199.72661233395,0.31720963846291245,145092.84131755197,0.001809722513465057,5.499930031848977e-06,1651466.0830036835,0.09546102175826973,0.03491000023684873,0.0982108600996078,0.17469441569774527,74.79387186310178,5.666214897661691e-05,5.930843370186337e-10,1.187863967333257e+29,16658.109351926727,806803694592899.2,29893.78915318717,4.686764631490795e+16,41411.412408079916,4.7937127911478376e+27,28215.496996930684,1.811304151909497e+26,996.489902240933,5.213507843650235e-06,40657.253516840006,5.294291767334673e-07,29588.459225237762,7.361016981973432e-05,79813.44358835982,0.00020856042781831546,36220.72410389947,0.00010627420151961697,3.3042474660913265e-12,0.31939599043578565,1.4778133518406147e-07,0.09871791575815149,0.9012819364605134,,4.671922534057873e-09,1248021.7959943668,7.935687216880699e-05,2.6917329350809984e-05,metal,metal,intact
2.603789520846192e-07,78765.79980160827,0.028542208371389245,5497.786351926977,6.046365619934181e-17,70596.4261963623,0.3665689396008086,37175.041780281164,0.0009164678862334711,3.3285382898542855e-06,4840815.91630392,0.014797851516333876,0.034084206178975125,0.02018922324162582,0.20630039549267606,16.309271676852475,0.00012060824046167174,3.705915845960472e-10,1.0034016284015426e+29,18020.91896092077,557777809652635.7,25960.64377218684,9495175953807264.0,36730.69968618448,7.118625655560276e+27,20477.961085788815,5.086909642646491e+26,818.6402655751966,2.931457612541035e-06,56354.384960614356,3.995040809517993e-07,8977.672883447212,6.56552863759159e-05,97783.81454993799,0.0006127890495641538,6939.388346091025,8.434237737197535e-07,6.819869716823963e-16,0.5007279279489385,1.9260352768731064e-07,0.6313743172361331,0.36862549016033896,,3.3872326374080825e-10,2963.619215056059,4.0931311560241505e-07,4.341106581173385e-07,oxide,mixed,mixed
8.001945868306975e-08,71520.73493753247,0.03838675533283684,49782.81572633387,6.559481548324524e-17,69794.00896338664,0.2831299298253869,106690.57295094886,0.0011101841018393611,5.430738619565402e-06,8413086.524767365,0.09720924596399035,0.0026971202688554764,0.0850830895067943,0.3443546743009225,52.83280313646424,0.0003023578323108778,6.266941034426274e-10,9.797798646652451e+28,23512.07283305849,102774448234059.88,27317.457068773114,5.628901810744883e+16,45176.713197221216,3.205185783627657e+27,20263.762423194476,1.002738940566186e+26,909.8796889825252,3.829628393978088e-06,69019.29582659568,4.6643907595035124e-07,36256.391049741826,0.00010225517862920678,83408.38521114389,0.0004881242113741318,31370.937869656293,7.93335325096133e-06,6.714909703660115e-14,0.4086905375916319,1.4433660778467067e-08,0.16202095335419942,0.8379790322121399,,5.136210331701171e-10,5286504.360800434,6.172207148857359e-06,1.7611461021039704e-06,metal,metal,intact
2.1941344356027277e-07,78726.7062428252,0.0798981261704091,34620.83817562362,2.763073544187666e-17,70648.71927696351,0.15181938853056406,95139.61090945436,0.0042169898498945315,3.872849647952018e-06,8796361.184429254,0.05194458758135629,0.041053103062689666,0.02817536648487297,0.18035604834839278,30.75715683079444,0.0003234690533120771,7.399532305770697e-10,1.1066932188743567e+29,19368.822810950456,577789272851246.4,29025.406761863615,4.634635296439339e+16,48986.24782089332,2.973554046618632e+27,35739.478113468744,1.0696948133636044e+27,599.3146452300153,4.940779439626872e-07,45913.67444250551,9.260777139372712e-07,18918.94278971874,9.459299621779843e-05,72964.67143633556,0.0009322953742240606,31267.11159935289,7.673613449825856e-11,1.0976074912121953e-19,0.46290355931861094,9.027558682291767e-12,0.5354991874524706,0.46450081253850184,,1.353779374959226e-13,672679.8368245598,5.346139454403484e-11,2.3274739954223725e-11,oxide,mixed,mixed
3.493788065124925e-07,77465.00847775704,0.08821284067795429,7275.059135036612,7.342106882972865e-18,70367.57938902547,0.3522670370546786,140274.10871093292,0.0008881642023896995,5.655345637456307e-06,2432098.9284231253,0.07548233306388136,0.09172608444720812,0.011332200948936708,0.1690217098281421,59.73573487079889,0.00045635438432994684,3.163902368866089e-10,8.278294115805823e+28,23747.246667696672,516806960465086.1,29541.956502508227,1.1980356535556794e+16,48199.30244362341,1.2110152509402943e+26,25101.52169453531,1.1749685424613946e+26,1215.9149160317925,3.9841733338974175e-06,59633.594015461604,7.269256539376767e-07,12794.695830827408,7.498949677740484e-05,82215.04307649416,0.0008706942168196422,31141.836858529427,0.014784000286318762,5.151593366761738e-11,0.5287802541991666,3.265100215811889e-05,0.5034845697569186,0.49648277924092343,,2.8105139630896207e-07,145408.6924616673,0.008707529476733774,0.006076470809584988,oxide,mixed,mixed
8.735782867442459e-08,72466.13531641306,0.04761570775996563,26795.927534183258,6.927281472037251e-17,70880.77149539188,0.19029847802868066,123012.77181144916,0.0022516445303941,6.239998752090413e-06,587979.141596253,0.0864779711064685,0.018931664237800107,0.00928424718176966,0.13262419399353978,84.64726571612928,0.00043928676558021646,3.8941051686033403e-10,1.1171024596047755e+29,16610.566255573776,151561286274831.75,25627.88558541194,1.5394234191452518e+16,47148.90381038474,1.4837268244826383e+27,26386.70446360427,6.857179007106112e+26,890.7792056129242,5.775404948517419e-06,41147.46142817763,7.325406013806497e-07,26763.27319528167,1.967610862623863e-05,83611.95316075262,0.0005828252567123832,24977.048224259303,2.8642071474980437e-06,6.267471223144597e-14,0.22507427677634118,6.060376665586493e-08,0.2935770178099478,0.7064229215862855,,6.845060515016211e-10,249025.89047938868,2.393289884336706e-06,4.709172631613378e-07,metal,metal,intact
2.614339300013065e-07,77971.9612986686,0.0919703123867681,17768.561620970122,5.726318070412742e-17,69806.46230273512,0.1497299020697364,113393.65891464437,0.0011650257567616456,1.5782160668551726e-07,7701948.236624472,0.00887762657964435,0.050392152679735985,0.04482475917967834,0.2595982526845064,24.499991379340926,0.0001612797210263919,7.722090363452569e-10,8.570236872527074e+28,18323.207644140217,430992246581492.6,25188.626288302075,5.871377866468373e+16,44638.24211719528,9.152432888553235e+26,20311.798353737093,1.2951814758942308e+27,1051.924509443474,1.3057142280543636e-06,55077.40584709744,2.817839324613026e-07,41391.46082371836,0.00010508262688646225,90430.61879896041,4.1813081557417525e-05,34488.27452527547,0.0035557250930262543,1.1351869170544691e-12,0.3894780116927612,3.1209934876398877e-06,0.15784908891192606,0.8421477900945865,,2.5792491302478438e-08,5190578.650086182,0.0031278826082796894,0.00042784248474656483,metal,metal,intact
7.29028554498122e-08,67635.7411330798,0.03390266862262643,22997.582461679267,2.494667248923926e-17,69101.54930706236,0.20801296021967425,161656.632153213,0.0018284374712608702,8.732973239508626e-06,4317975.655525401,0.013044415661475964,0.0875413754419174,0.07668875883328646,0.30834150076223127,56.27052637961255,0.0004352891444032601,4.0933176253983833e-10,9.749827265304825e+28,23204.945501900973,656025683289449.1,28941.13780081548,1.69353667749512e+16,47322.39335853753,3.799691179382486e+26,20723.190893602263,1.4638595764625534e+27,673.0527966960942,3.5148734809683365e-06,46283.9456434244,6.390751841942622e-07,36846.177608036414,4.445435998549377e-05,82606.32907869136,0.0008484430606633869,8227.078896318359,5.712164980230575e-09,5.2057276850001655e-18,0.194742417373115,1.1537159233596626e-08,0.5467635039173598,0.45323648454548077,,1.593390587036833e-11,690.5194403579848,1.006268468221343e-09,4.7058965120092325e-09,oxide,mixed,mixed
3.229945157753768e-07,71506.58206862096,0.08094649383258325,45105.53736985643,3.4404956213215265e-17,69480.89829640546,0.09710355540190546,130114.71898948804,0.0021492687956915215,3.7472248330509747e-07,8640798.540226648,0.07702913390182528,0.011580056583217603,0.055033747844425975,0.11679260644510586,10.581131156053182,0.00021581346774546638,5.910850512055166e-10,9.52090585876671e+28,19727.969747788957,45866123250252.51,27010.359497093286,2.572033137962472e+16,44580.07762957706,4.817841946633573e+27,36342.26437155004,3.526452419879249e+26,663.9154956893099,2.768943372714289e-06,46302.225285867826,1.0075027475643618e-07,6360.09982573265,0.00011510466848452202,73954.07205353354,0.0009373462511673214,18307.40321812105,8.247194407922251e-09,2.0501500129956555e-18,0.39897094108796427,1.5683301501904643e-10,0.3622922845669208,0.6377077152762463,,5.200284113903358e-12,2513979.9735190673,6.34495311176511e-09,1.9022412961571416e-09,metal,metal,intact
1.5796391244228876e-07,69952.5133865985,0.09839589991761055,22551.232850294895,7.761620118479602e-17,69905.06406937366,0.2351755336822196,70519.58593625342,0.0029555880621265217,6.5703287222031975e-06,9967419.214544713,0.08072173131221698,0.0628393706489,0.05193789187196923,0.15472837345991514,18.755381558956266,0.00013990239073354612,7.537119503270035e-10,8.510300242293835e+28,23782.827972829306,274616140462402.1,28996.118820102038,4.407987835193018e+16,35214.10110607896,8.579256948045804e+26,36919.975608114975,5.926354532733611e+26,670.6727296355187,1.1241110404314282e-06,57662.726480714315,5.048815359992267e-07,47502.79120448166,7.972939810307584e-05,70500.71184485889,0.0006833441091031026,37851.58636644681,7.937296664469684e-08,1.6730662102766987e-17,0.15558427348605017,1.1065339710084289e-08,0.18544770320988319,0.8145522857247771,,4.637754802709261e-11,1025.1712065983083,6.402164807241438e-09,7.29708018374554e-08,metal,metal,pinhole
2.326947823054678e-07,75514.93330345534,0.06669385396406599,21877.75357719937,5.247045357046305e-17,70318.81613640607,0.18168251459906307,69544.68144972842,0.001515840396104902,2.3818043832325594e-06,3983724.669478317,0.06800390857588007,0.09004267488326916,0.06342271712420908,0.4269807977699747,67.76238641927657,0.0004440227403996123,4.014880628156883e-10,1.0396735913990443e+29,18841.611636878963,343849852671256.8,28926.085575254085,4.173344200052206e+16,38806.19196467358,5.071983273049543e+27,21300.87478144618,7.71462751238205e+26,892.6848041655778,1.7357739731176617e-06,62152.6010411999,6.760689438515898e-07,12116.47405848545,5.0196710768032306e-05,77161.42459439176,0.0005617380856312101,14799.247306263514,1.0330019960837565e-05,4.474525831977586e-15,0.5319615021024214,4.557723809887081e-07,0.3602319255899545,0.6397676186376646,,1.4568844048992659e-09,14830.188811014152,2.7412052884613287e-06,7.588814672376236e-06,metal,mixed,mixed
2.26913080539538e-07,61722.03786201746,0.09493033871028617,24906.875288845284,4.6806945508695924e-17,69421.78819907221,0.22275886163703307,59755.01569783417,0.0008989889872324504,9.70671455641684e-06,3310041.271546813,0.03961211750905126,0.05955238023283226,0.08964896978367863,0.22792508928386948,74.21806622398552,0.0004379629433414288,4.331926331482414e-10,1.1462476527480188e+29,16104.261212379522,605935947473559.0,28259.089375785927,3.950869946183969e+16,38905.63907563105,9.022882187660253e+27,32079.391806729094,7.060012239895226e+26,732.9836150480604,1.0323516036896908e-06,64523.20512873505,1.0697115983765676e-07,34029.36848707131,9.956159168779871e-05,99786.11847523009,0.00038865203484872554,16544.970476435064,1.977843048648341e-07,6.896548449980067e-17,0.11403189846288027,1.277866304255308e-07,0.31869850726640686,0.6813013649469628,,8.033184702977745e-11,60.891214232104964,1.0441192559271955e-08,1.8734311230556215e-07,metal,mixed,mixed
2.205387276871428e-07,79966.24921685099,0.08780956987258098,8548.416140368383,3.656265215453652e-17,69696.62681112294,0.26789258899239304,92154.46578611106,0.0034978740940464527,2.427612386012482e-06,3738554.1615463747,0.020483998855981546,0.04652467166678858,0.057416749141493376,0.2828248680651176,19.073451482317925,5.927282460635481e-05,6.208583102895421e-10,8.458791331142021e+28,23900.255782746233,537025850147244.06,27895.447881686472,1.8339641026887604e+16,45361.13744090761,9.81044996224405e+27,26145.476850381983,6.354969670188763e+25,1071.5165667040517,4.375064622140088e-08,50830.10532552732,4.0943982664343497e-07,43670.063514463654,8.874757393279876e-05,89982.31956378574,0.0008248971880098798,19544.55860322214,0.00011432876465923141,4.597335451092985e-13,0.34853634904084974,5.810102822089141e-06,0.25949499478533716,0.7404991951118408,,3.649833097768226e-09,1810958.3889568218,9.586061983467116e-05,1.846814482456025e-05,metal,metal,intact
3.644381993945452e-07,63192.86857899035,0.0907122424255217,7238.317303220507,3.4035694221002425e-17,69916.63266781838,0.21240774897861325,102778.85575543194,0.000594650895956311,2.0080265494576897e-06,823356.1045427902,0.044071806113611944,0.02741307619419451,0.038127386032264725,0.3014755016697317,30.83612149035838,0.00033736310323269645,5.662042067210263e-10,8.833659991033482e+28,24827.38856934883,576297478087272.4,25594.702519764396,4.832153928805591e+16,45533.86162992684,2.74256622630718e+27,30317.624254649312,1.1344182267860841e+27,1097.167678018929,9.359554120604053e-06,43141.99000321668,6.163910727152407e-07,12412.967571465819,4.807618932584108e-05,73010.53658162046,0.00016710587980969314,6114.295466492728,0.0007092304462261527,1.0990149401344232e-12,0.3635736496404541,2.8046402784929973e-06,0.5533227712914182,0.4466744240683034,,3.0150985912665224e-08,10767.957948747538,0.0003916462459029127,0.00031758420032324,oxide,mixed,mixed
7.022976195578553e-08,72603.10659934636,0.08443745522016217,18235.574542409362,7.148263159631313e-17,69345.68438746175,0.2923918640184808,115611.20153472462,0.003664071241392151,9.866996233796934e-06,5771690.718025609,0.02727485440545792,0.023452665025906403,3.123178767672084e-05,0.3754317547143442,72.99698819447495,6.3781068659355e-05,8.504650955361236e-10,8.46383052658509e+28,23017.102414063607,480861975547520.1,29365.97840524871,1.419202025269391e+16,44910.82764124633,5.412114366244568e+27,31258.96414123631,1.5247717519395257e+27,889.8592959308573,6.849492544324535e-06,52430.13267284481,8.024010696035454e-07,15867.644864323232,9.519494211465553e-05,78383.26462341359,0.000308371133897697,24835.324575219805,3.6119268087950043e-06,6.525858568501841e-14,0.5700329427666445,5.241485522676689e-09,0.2115080429032835,0.788491951855231,,1.6235417933300449e-10,3487919.8854238978,3.3892520655670233e-06,2.22674743227981e-07,metal,metal,intact
4.076676273965054e-07,70948.18290843748,0.002420138021811704,6418.579367223316,7.395197365200613e-17,69463.39244287224,0.3001742382165819,92911.51092706178,0.003846341158380953,4.8937402068421e-06,7629797.175003882,0.08175593459417224,0.05147658274217724,0.0851089505747698,0.1779640144644929,91.01452255185285,0.00015624125771687678,4.488142655353643e-10,9.812790323777403e+28,15114.484455219783,178243780385612.94,28478.02726383069,5.0559482033613416e+16,48516.11603086593,8.529534390347526e+27,31204.686382160962,1.508974786836435e+27,895.1896202385185,2.9879788008531585e-06,54968.14549456134,7.207469011277728e-07,40195.7484407379,3.2652922887582367e-05,99805.9702914356,0.0005636548993016827,16503.473216060072,6.939722996803986e-07,2.8952849996384944e-14,0.41128634798277347,1.6758657666249775e-09,0.032106214918172817,0.9678937834059614,,5.199700766224636e-10,7018831.669544944,5.37686651858302e-07,1.5628564782209663e-07,metal,metal,intact
4.199768708195628e-07,73351.6421536636,0.009224229476744103,5397.669436829621,4.9541280450413086e-17,70271.09381803853,0.3958532364162622,84936.1588014694,0.004727932875475309,8.179097434581917e-06,3462176.6587607246,0.026245366253227053,0.04522355925539742,0.06788369784295742,0.08769665109983224,35.5610065727448,1.465089177880725e-05,6.670859660270348e-10,1.1545786605722025e+29,17308.285302595814,488444512278238.25,28566.866393057862,5.8830364470182776e+16,48843.76439067649,8.258911479294233e+27,27932.730889771534,7.634373132485672e+26,1150.5111980029285,9.093987162468142e-06,43931.614915747254,4.501519680243586e-07,27575.03879682009,0.00013242319882966446,82661.43125024362,0.00013885463350774745,29318.38469455694,6.365422777265502e-05,1.9401230635380634e-12,0.4507178308376221,1.3730987808879633e-08,0.1187557702666113,0.8812442160024008,,2.0631027147261065e-08,2562379.5873089493,5.36291638413378e-05,1.0025063931317224e-05,metal,metal,intact
1.2925479508509174e-07,62011.41754833679,0.02890766602787348,36542.35836287161,6.899316122639864e-17,70584.99748255912,0.0882615819397563,118410.80553875279,0.003473940281089734,5.608511169415359e-06,2564026.114383476,0.0096758093815544,0.03395571918550378,0.04607984139411104,0.22867119831611438,86.49120345513343,0.0004530985379302961,4.553340945729995e-10,8.123118337894266e+28,21218.157515874573,711468370199590.1,26037.56374949897,3.0301985998142716e+16,36513.111076599576,1.6469803801030918e+27,20393.63005444448,1.8847476021405622e+27,1142.5620407208087,5.618503241942153e-06,61030.995182711056,6.780469096299122e-07,42940.72829363017,1.3868762264113084e-05,74501.92284133109,0.0003666752071869294,7763.282500807589,0.0003387342120469254,6.457914876865697e-12,0.40305248315718595,2.9562832288714325e-07,0.16237494400650176,0.8376247603651754,,3.9216362538355085e-08,1726334.5750749058,0.00030305246328961544,3.568174875730998e-05,metal,metal,intact
4.0001629841575365e-07,78712.06036468089,0.07745528497655861,20113.607294815152,3.0690672115639987e-17,69793.65664593728,0.2642479245471143,134556.95815940393,0.002050985562453573,7.130457754114302e-07,2401969.5363021633,0.05582370744543071,0.04193615538601308,0.02728623946464314,0.4980050412659193,94.59257874194581,0.00014146966767100876,8.584290386540162e-10,1.1445332178163706e+29,20732.987009013443,230589270392888.3,26577.144271806534,3.86284739031212e+16,47956.91269947318,2.8917466620844637e+27,24715.315266420952,4.703359476192677e+26,731.1535307644846,7.341203347105149e-06,65125.94052263834,5.790136183571199e-07,21424.777373861565,9.437751547436222e-05,88768.32352809413,0.0006652752533959161,6627.58981267622,2.230991296223265e-07,1.4806909057446554e-16,0.3092901996705016,1.3086221444644026e-08,0.48650134938778006,0.5134986375259984,,3.193128295650905e-11,373936.71465585096,1.7052220948722215e-07,5.257692013510436e-08,metal,oxide,intact
3.2583468467925096e-07,64123.63616931334,0.002299609207363702,32002.16008297011,6.832665291191767e-17,70660.59302470327,0.271395393840621,95401.6510662152,0.0041402716286883575,8.406408561694623e-06,2282951.08860192,0.04894205417757615,0.045411259177271554,0.09131193347835087,0.4076019545472545,94.91376602763538,0.00031609337257415445,4.32664226538334e-10,8.559812480457576e+28,22665.34605054556,296259036673244.75,28581.549161122697,4.115280482671536e+16,41192.92742196237,9.586936993596217e+27,21880.807016537194,1.439325063882853e+27,783.647323233105,5.055391539362859e-06,53600.49785601314,5.032277036811489e-07,8526.727582988105,2.549966055948954e-05,78819.72404067838,0.0003603835729861418,35489.79034002594,1.979211168765881e-08,1.1998145526352045e-15,0.43314390055594243,2.761497393448326e-10,0.07281191969467005,0.9271880800291802,,1.486913153753743e-10,1896831.2631947824,1.58632148298009e-08,3.928896857857911e-09,metal,metal,intact
3.896952015987325e-07,77047.6454519008,0.07553037505785248,45248.04920738464,7.73611069532066e-17,70129.66638160887,0.17367673483901955,112511.26392153364,0.004310279189170707,1.7219177229843478e-07,5487112.071607385,0.03175983354880648,0.0553383636940108,0.07841381324234077,0.12705365750902817,47.138216504443065,0.00030346587111616227,4.6394478597743163e-10,9.14683708804668e+28,24706.75068676687,685033032824295.0,29328.23321564452,3.0856646123399756e+16,46199.470629614065,7.977258160214066e+27,34900.92842770893,2.6224497334356685e+26,1203.4565907880758,2.43404992037361e-06,45181.21684985006,1.975340441378643e-07,37798.30372865795,2.0827293601084324e-05,70765.77070546908,6.567306005509777e-05,27714.01379450917,0.0013209636144380747,2.3580939058552103e-11,0.38973697921863176,3.73910751302577e-07,0.003435934053805378,0.9965636920354433,,3.4727476842885996e-08,5437817.536007397,0.001101633677963549,0.00021932993647452563,metal,metal,intact
2.470280686806777e-07,61366.848959576695,0.07511600860252218,20918.144695910338,1.955498778277861e-17,70443.76720748913,0.22998599301438655,116756.30987708228,0.0009328071020463017,1.8453282705996256e-06,1260138.6213592158,0.06930233554817782,0.055894988151857616,0.03036645565293168,0.12100176800086632,47.76573318821401,0.00038455933991449523,4.659669830812406e-10,9.045871209648149e+28,15203.769444294248,351710283875944.1,27637.635219984142,5117646742252317.0,48459.47287167494,6.401046778177508e+27,32875.56953658233,1.6470423645452685e+27,1214.1539338888226,2.4428287646323e-06,67063.32772117319,1.6579131905639955e-07,34949.016516803684,4.142822033227715e-05,97826.99292697401,0.0005230586763945598,35401.867860045226,0.0017224650300951246,1.3356313179210611e-11,0.22769110735085435,4.461596629164207e-06,0.16765133911960756,0.8323441992837634,,2.3461512212875088e-08,796009.2077458114,0.0014022100074622098,0.00032025502263291483,metal,metal,intact
1.091854195301804e-07,63292.459080883666,0.09921373567093715,21174.797443963977,1.431032309242049e-17,70325.37079049181,0.2887824134744033,163168.93376086658,0.0023586020907898214,5.733554043022176e-06,7539041.404723346,0.03734982629368313,0.07097093045917038,0.08245246290910929,0.0689866664040615,44.145495609447266,0.0004091805846857752,6.58714971703458e-10,1.0071660180504578e+29,18442.68797096167,178803748776385.5,25240.685548528643,2.4570981244081028e+16,45777.28452362197,2.3011732612803543e+27,34873.04028254338,6.925702566502738e+26,702.7461968725712,6.006480298613702e-07,42382.58343981872,3.7997226600201906e-07,15892.426966227838,0.00012869668902453955,89688.58669303077,0.0007013108999861305,30855.807418350872,5.354634957102857e-08,2.417249002423074e-17,0.4390706375117033,6.007508472709474e-09,0.4499597290058299,0.5500402649866615,,1.7721185901701095e-11,4997.955226595362,9.126936539412814e-09,4.4419413031615754e-08,metal,mixed,mixed
2.3759484970955496e-07,79740.63331225925,0.00951491532865353,38695.26414037083,1.9968237009114598e-20,69843.05838019749,0.1463120662720692,64026.48349223084,0.0006424485889128756,5.5757768383766875e-06,7379122.022880275,0.049028971457151814,0.016328793604228963,0.08358526355158416,0.1076131589593359,6.599967695202589,0.0001591143774249661,8.835901470104932e-10,1.0944566325407652e+29,16298.28708983818,782385203580628.5,27078.843673966894,4.401629951960792e+16,46060.58018661719,2.5736455464894706e+27,38017.45854596622,1.826285070809403e+27,993.6075858407078,3.2901310047725613e-06,59619.88458712602,1.880980526571305e-07,15478.36424333852,2.4658036218558412e-05,97750.74913074519,0.0003550025920495791,10091.819597929269,3.5940590016443594e-06,6.582030395294055e-18,0.45032068323914404,2.937111431725416e-07,0.001386452639896208,0.9986132536489608,,4.382283689311686e-09,0.014147319047710088,2.728956585758787e-09,3.5913300450586006e-06,metal,metal,pinhole
2.029864643801143e-07,63434.46660607988,0.042761347900591426,43622.58755295431,3.3376141857218716e-17,70851.26487010306,0.29210303562485945,130475.34004082784,0.0032523352012428864,6.330127330075557e-06,5589472.478767107,0.08282551128880535,0.005036001992368218,0.017771074104969357,0.2861835492536808,39.08901145896153,0.00037663205080800945,5.450947650172078e-10,9.227195087316458e+28,18133.423072848276,499258197910455.8,27839.226934737962,2.2651148931931616e+16,43975.331427957615,6.641333580570475e+27,24971.29638325773,6.089205567410208e+26,609.9486542491397,2.025408929361312e-06,66284.56699907291,4.081900024273023e-07,45592.86520998796,9.194438483876189e-05,79318.64888734129,0.0003079049987264888,23262.202998200057,1.0240205607011794e-10,2.3628963791141683e-19,0.08366993919072144,2.1070886582847666e-11,0.517902376200214,0.4820976237787152,,9.102029174812287e-13,199267.02111360847,6.405472821502303e-11,3.834732785509491e-11,oxide,mixed,mixed
1.9763883477854855e-07,66206.49501217934,0.036766518314509,18503.186529351144,2.5255097783173015e-17,70746.07282345697,0.34991418499514165,79251.31621325928,0.004552525253496859,3.404079377154369e-07,6328838.443041879,0.01133149498027602,0.021520667525400317,0.04838050022074919,0.2782219501971797,68.50364361546838,0.0004545371911412244,3.953368206002579e-10,1.0733822928165122e+29,16055.679742973161,492657700573899.4,27230.381966583976,4.80850628934187e+16,45131.16540667804,5.546684001553632e+27,28801.537342067633,1.521425688252794e+27,1100.7484240341305,2.8295246300254317e-06,44663.77911064639,3.4587686512425754e-07,31463.90620581716,0.00012717901869974515,88082.56773779422,0.0007324293157073721,9537.09815921752,0.0001737342330036664,2.9522144212905614e-13,0.45970981188134347,6.433503785281821e-08,0.0727763423856762,0.9272235932792859,,1.1293982898271061e-08,5366784.374117912,0.0001586123231281427,1.5121909875523686e-05,metal,metal,intact
2.517358741249156e-07,78578.68813293231,0.061369061975992976,21001.34882100832,3.2570441935629556e-17,70910.4359543599,0.22773887370641926,55188.15548425123,0.0025404336536316947,4.065220594229567e-06,7466976.045013968,0.051229081578877685,0.09874132924405861,0.05177809124228278,0.12307794834017625,6.810894012698712,0.000212575721003354,6.365723078814946e-10,9.235157333929363e+28,21949.66116322493,159825345057909.56,26012.463906729325,1.9304860126564908e+16,40776.552462553904,2.9451686695425013e+26,28288.65409829253,8.332420210279566e+26,1097.3213669511547,6.566428677641979e-06,41794.77934638124,7.639813510772736e-07,8823.584179926496,7.133587275870738e-05,86768.59648091518,0.00040091948950861546,13890.201973145255,0.00024385516112421682,4.5180073135567604e-14,0.6712838089855102,1.989293526928442e-06,0.22481147936156148,0.7751865313449114,,7.02484146671677e-08,505.603033073429,2.404289374989959e-05,0.00021981226737431724,metal,metal,pinhole
3.00974013363896e-07,70673.54081370296,0.05243661172674194,2184.9144783942684,3.746933751502671e-17,69986.83111998887,0.13290832220141616,52361.24567279265,0.001035489872250546,6.620832181329612e-06,2589434.281072727,0.04361006910014539,0.016171352062689968,0.08853286036113156,0.4652630447032612,70.89652987418027,0.00020771305464818425,4.6324650143307113e-10,1.1405263277518605e+29,21093.469133203707,363254710919007.25,27054.781130985382,4.957690303369632e+16,44978.15301821679,2.535954635045855e+27,25037.053323062035,2.7124704070198976e+25,671.932698684522,4.4601403753804435e-06,41614.7514823054,9.556265894954063e-07,49396.61720872265,3.210136255380602e-05,96398.62426213258,0.0004399414816776753,10116.450548893254,5.0148563684250775e-08,4.8099527619394654e-18,0.10548468943653884,8.207606141865761e-07,0.14484206960576168,0.8551571096336241,,1.4225730076850405e-11,3.737383030548208,9.944691452995343e-10,4.9154094538951243e-08,metal,metal,pinhole
3.577049833386353e-07,66737.46071203053,0.0727679178824556,14881.760061655054,5.023994296449478e-17,69020.7722052756,0.3991141016679253,145113.56805004855,0.0008467249056289686,4.3864835547298245e-06,3277148.559742071,0.02539367667429973,0.00779459995432125,0.07078668771396855,0.25803434206068465,94.53366755526177,0.0003541172994048981,9.775548239162553e-10,1.1430301882670626e+29,19869.412216350953,686597338416084.9,25199.82559348218,3.5065681066101548e+16,43813.026953004795,2.552267098311879e+26,37175.53799311759,7.517871033038544e+26,1069.377624066271,4.068544724746107e-06,69986.52588997925,2.4243185126799357e-07,22606.220853990802,5.186860096503545e-05,77275.1421842614,0.0009149520277452038,27888.540827694604,0.005882338483884255,2.8846626057644414e-11,0.3644382869504342,1.0862837964377868e-05,0.38210761389604453,0.6178815232659912,,8.01329285441295e-08,950068.0943553229,0.0048741022063238685,0.0010082362775603862,metal,metal,intact
9.938789873842919e-08,63766.56510178555,0.0432032357897049,32930.91565710261,1.4061592038593282e-17,69740.10115113216,0.3264896933955625,124386.58283762325,0.004678267473614732,9.882948743399816e-06,1456647.3920491934,0.04245435548478935,0.09861067827681391,0.04955220959327921,0.020344209551108054,6.172421207587641,0.00026817903948632367,5.044215481715663e-10,8.747428116113321e+28,24365.888967815146,587873851327166.6,26640.210752084815,2.3630087644972376e+16,36215.63633447311,6.380398155001854e+27,33636.34870538468,1.1267392378976002e+27,583.8062324454166,8.730867572607143e-06,66206.05111868969,2.577215192026283e-07,32865.5871247031,0.00013253052332427254,78002.11683031749,0.0004905702903854218,20133.879730087898,2.1629742813963898e-11,2.2901661758491403e-20,0.06552051163960895,6.021858350406347e-11,0.3869661751245767,0.6130338248152047,,7.346896200023521e-13,199.5279316959862,2.237224854223933e-12,1.9392517959739966e-11,metal,mixed,mixed
2.112143697638132e-07,68566.20003705565,0.025034232249001465,9378.973573371924,3.624344018708325e-17,70545.28328899418,0.1516142029520297,103368.4648231692,0.004643924242217481,9.416459734337707e-06,5511576.342317212,0.004399563312108567,0.08898648665229425,0.08075070846894006,0.29815128227570464,35.86511932726509,0.0004973542486556566,8.574118193282525e-10,1.1982975682325878e+29,16453.682501073952,47630798666294.125,25922.05299348619,1.8572300120993548e+16,35401.070504246396,4.981178683957092e+27,28653.20345283294,1.2192008257606334e+27,648.8766087082306,2.5551415788982913e-06,48405.02864691522,5.648013514959483e-07,22175.529200015393,1.8920852492778624e-05,91161.62728001202,0.0005192513610335943,5335.141596225656,1.9633881703617175e-09,1.7302963008865326e-18,0.33943899377520687,4.374662379791503e-08,0.7115474742223171,0.288452482031059,,1.6671736983236746e-11,116.7798741765133,3.546330838078414e-10,1.6087550865538762e-09,oxide,mixed,mixed
2.9551679531602144e-07,69338.16577246974,0.06930008924961821,13852.521055767147,2.239374711327996e-19,70733.18991324112,0.371846019277812,152430.84243333532,0.004074484890327926,2.992092811590102e-06,6007001.867210158,0.020638900084682187,0.08268351786179677,0.08761911555106092,0.2967692578068377,5.67438778006845,0.00018725231477769626,3.976047774263799e-10,8.145809273138074e+28,17009.12254561101,381583321471463.4,28878.442921444537,2.466454965956942e+16,49091.12258583096,7.736975406003629e+27,35644.673605688295,1.6742586063960945e+26,1044.913476548801,6.590632786120714e-06,59815.99663006925,4.207047900863998e-07,40930.41009333721,0.00012940731813208182,93870.86924823746,0.00047433405328542656,21658.324335734582,5.905976555979968e-05,1.217211895819036e-13,0.4072019800277053,2.321150049509076e-08,0.4207890705575721,0.5792109062309274,,3.2839916778236894e-09,1378067.1353477438,4.2057116395695464e-05,1.7002649164104217e-05,metal,oxide,intact
3.6791811578237476e-07,72857.14662740266,0.019455897441068817,23156.410115853352,6.801013664656751e-17,70984.54923279567,0.34724396716192335,24338.787247612352,0.004520352300335068,3.668554681447947e-06,3189050.8812339506,0.0748884921501268,0.06398209014215084,0.01189713852740661,0.04466155606409515,58.91693339874939,0.0004949042829887158,9.20221429295928e-10,8.295827199261937e+28,15859.44736258783,158092740598304.12,28757.084792119822,5.455522321282456e+16,35828.74319299774,1.6825204240343812e+27,37766.86023532567,1.8747448307840705e+27,754.5434164848915,4.207700395487713e-06,53315.04922220095,5.052826605999307e-07,38481.19903810238,4.9504397555921545e-05,71252.94649784626,0.0007315936301963118,5382.576506396124,1.1955077926250877e-07,1.488464263346833e-16,0.19739930692736762,1.3583652281410578e-08,0.44171425086425103,0.5582857355520967,,2.61895631253459e-10,53019.47200430867,5.360444501921928e-08,6.59463342432895e-08,metal,mixed,mixed
3.938171726976417e-07,72443.26728043801,0.0011447794637601027,44503.17543312179,3.238529099178859e-17,69018.49546197901,0.17921973769480098,131697.62078637903,0.002457399269153857,6.346614496870632e-06,2960033.8784798966,0.05167168463301497,0.09101150832283202,0.08599131371882965,0.24917175235217826,28.0973140908508,0.00045201566146624663,8.213808871915163e-10,8.389341116200312e+28,17290.219865220395,780212554422326.1,25496.641165528392,4.019046749123873e+16,39007.983752206055,1.8577556224081087e+27,29797.479988510757,8.488121418985034e+26,1112.5815456729508,3.255270674314784e-06,45229.5916254802,9.025328148098997e-08,43969.22285471861,6.727450085763982e-05,88552.47502150804,3.580068311905042e-05,6832.877926295573,3.6112506821927216e-05,7.16155514004241e-12,0.19663889375831006,1.5059612162388203e-08,0.012720856273108917,0.987279128667279,,7.046791778474068e-08,2865998.244929498,2.776302192216912e-05,8.349484899758097e-06,metal,metal,intact
3.206422376774523e-07,67850.84070771013,0.011304404530642267,18103.91678364672,4.095479539271331e-17,69203.81686910376,0.2897584965291807,92752.86895259356,0.003939524646891039,7.11776522418998e-06,9834171.29689173,0.09376808669805109,0.051139475548657456,0.09927689204284983,0.2856376164779067,38.48161327630652,7.557241257573425e-05,5.460185361933657e-10,8.470806953095508e+28,15178.952068376871,456711956934300.9,26684.010312796556,2.4656308516877344e+16,42537.993284549615,6.758221527901437e+27,39281.740234516146,1.9878314864884852e+27,1028.8428855991906,2.201409735724721e-06,67996.55677873861,3.786128615754367e-07,14337.334524707798,0.00012754984822134686,91908.75512570381,0.0005018308425397598,26979.948378954636,3.16873804963881e-05,2.6291075494359436e-13,0.5867226075758503,4.725755187316956e-08,0.18400024734010617,0.8159997054023418,,6.134029304923942e-09,5486424.373408676,2.2268293588417426e-05,9.419086907970677e-06,metal,metal,intact
2.3162989714851062e-07,70645.38067097552,0.048699296678250834,19920.020903414814,5.644406214681677e-18,70073.44176614902,0.36080962628291857,66393.22242335501,0.003495638736546299,6.587408890971344e-06,8112925.705925406,0.05510406486522369,0.04436111518015919,0.06707653768708557,0.1527107741756926,66.80647782778037,0.0001160501548413616,7.131919453235422e-10,8.379995570448133e+28,20306.560145795916,704174931370499.2,27349.83217405042,4.153794095213369e+16,41567.55355167975,3.55881503238425e+27,34754.68546267752,6.733226177210115e+26,995.0025891221683,2.5087109375799033e-06,45614.79248380702,4.360710360001784e-08,13427.833396820452,2.6382983350860062e-05,93571.69026925,0.0002953824350596802,39855.77840527004,1.5921756366571973e-05,5.454145435810314e-15,0.30288937211889333,2.6455086327516874e-07,0.31215524826310026,0.6878444871860366,,5.895850693933809e-09,1960.8742921646337,1.935050698108984e-06,1.3986705668462989e-05,metal,mixed,mixed
2.167895356702431e-07,66445.88643488463,0.022841045463307067,44331.528247216986,6.667895167151e-17,70920.67170280492,0.11058028651222804,93607.96808937025,0.002113222095030721,5.969164074899646e-06,6769486.101697941,0.07335695406918585,0.04346219286215833,0.021956850536307894,0.35765511014265844,82.37721508349917,0.00030967092962430566,6.951505456436585e-10,8.707683083398544e+28,21958.37962174836,690041509305917.8,27339.192512626618,5.758169901287692e+16,48917.662677627566,2.7033834319614707e+27,35137.98668913466,1.8610420673325595e+27,834.6829901650068,7.045854430269995e-06,48474.11502157269,5.592598840338511e-07,19284.976251412096,3.779249713790893e-05,77382.9899176623,0.0006060450205332475,22923.802707269653,5.332453752886854e-07,2.18836929208443e-15,0.4976852040579712,2.7480108014252853e-09,0.4015615662096241,0.598438431042365,,2.5839645073795126e-10,1693433.6009588116,4.1177508743194315e-07,1.214702878567423e-07,metal,metal,intact
1.2048324080597634e-07,75161.595395955,0.025585883132417508,11523.339603330913,6.616617769803394e-17,69731.45348113046,0.35253532551666333,21064.576474065616,0.0042573710870378876,8.776208271243842e-06,7406720.373787204,0.06989075962929134,0.02835929156270487,0.08661583895759342,0.26104121618075415,36.036804624498835,0.00023492287953844545,3.4013115054541006e-10,1.0915578662882577e+29,18097.714848748168,232020033836400.06,28990.585435836772,5.661127314348943e+16,48772.58748590031,2.9110815015522613e+27,35489.98897438651,2.4869747263253525e+26,971.1646452852077,5.0842773898819966e-06,59909.708402176344,6.705852534471989e-07,38538.43083665355,5.7850134247502604e-05,93214.60838682012,0.000794417326477309,24932.387166145574,3.157470784536346e-06,3.3997447916343674e-15,0.4608096308871438,3.582702851766438e-08,0.3691137596822254,0.6308862044907462,,1.430463059277179e-09,24077.353602401603,8.104753288025763e-07,2.3469954557337697e-06,metal,mixed,mixed
1.3022619850706692e-07,79927.51891453669,0.03557810379682192,41903.892123493555,2.8282884325126123e-17,69703.3567012589,0.2776724811070102,79074.87342116292,0.004357239063829792,8.782071724996527e-06,4739773.203051182,0.096900892012803,0.007931293069768471,0.07701859637982397,0.2723443075336171,6.282193808033694,0.00014085331576434759,8.270608297512151e-10,1.0694112109402921e+29,18651.40267213459,522692206857761.06,26269.75296006538,5.650261792121496e+16,49351.149965439734,6.508398050094418e+27,34924.69873553898,1.3537280759067615e+27,1263.2753618847505,1.0661759846318698e-06,40079.09231233791,8.877536471030626e-07,24667.880003723858,4.574217226732636e-05,74286.39513243825,0.0008967335935876644,26080.753924339508,0.00025656813507294213,1.9491532240647595e-12,0.6125004763552749,4.4120188057460836e-07,0.3503969442226254,0.6496026145754941,,2.082261617191419e-08,1352171.382966252,0.00018446613600101936,7.210199907192277e-05,metal,metal,intact
1.402509487021019e-07,74588.21376343351,0.08669009510460567,23097.794525402656,2.4686515514788683e-17,69686.65438321166,0.17527276713403073,111887.76834875857,0.0033241640134197173,1.0598950842137845e-06,8283771.075883398,0.030923131334813943,0.08992502054773975,0.09913572714548427,0.31428023053453974,66.32232934317291,0.00045128330377308223,7.416509521192873e-10,8.32170091274175e+28,19819.895870741406,173116063236110.34,29689.994848710994,4.304548370843638e+16,40163.25886100741,6.573210110154704e+27,29967.366330112523,6.375421907339567e+26,769.9783143085175,6.9838461821353745e-06,50176.36376196166,2.37656153715286e-07,22240.458711705433,4.8895940202962426e-05,82074.05228635074,0.0007518035989050265,33250.57875879617,4.620391077095163e-07,2.5769574795458504e-16,0.3602433403121382,1.665973973354934e-09,0.38937703305405313,0.610622965279973,,4.283461545587453e-11,1700794.9091357861,2.985859989978176e-07,1.6345310871169873e-07,metal,mixed,mixed
2.9922738510514305e-07,70319.26315400512,0.0926561181160402,9739.259317778467,2.3596519474167984e-17,70228.34286628236,0.22180837853418794,164101.90331892692,0.004723786348083974,9.04339576293785e-06,7224912.632560839,0.025696461352685784,0.044207042707635126,0.017679206611109253,0.19321731903035005,26.47073327775876,0.000446118710626813,8.393825893016234e-10,1.0828591974097721e+29,16503.207335823117,761522730113383.5,28660.935358076003,4.475675811876181e+16,41464.07900473692,6.532667558802793e+27,23977.80441341109,1.4668436169868657e+27,602.7676143685669,8.237899564636305e-06,40436.66295116808,6.244244413597565e-07,16540.26193370735,0.00010709185395645889,87239.89953531024,7.208938231559661e-05,25600.45545124492,5.327858903907173e-10,3.9774989965697545e-20,0.4294578698309248,6.068874471306175e-10,0.035334418128301126,0.9646655812648116,,1.016265430397146e-12,2.522106126380913,1.0780332780175207e-11,5.220055576105421e-10,metal,metal,pinhole
2.9104360862915707e-07,75185.81188320999,0.09910211492925523,15011.174390251817,5.701570900999221e-18,70836.99753890312,0.15425653941757156,97793.55829539188,0.002543042777910882,1.6725056591311388e-08,3619805.403040377,0.016524315038273223,0.06149368321874895,0.08388130132754096,0.45581719754749617,53.771303371533044,0.000430097939792235,8.422454189880534e-10,1.0362044417226056e+29,20339.854753990046,282562849572677.06,29749.643809191126,1.7159816206122886e+16,43010.95746488039,2.9023269660705225e+27,37346.71267451765,9.471318845062026e+26,1206.399682232796,5.1763866944004114e-06,49668.22162622289,9.64571334589109e-07,8600.066321993883,9.179263865340957e-05,85524.70604375668,0.0005654319685781535,36951.05545344735,0.005162892422653916,5.385848776544536e-13,0.6251960107272875,3.717470752940697e-06,0.07190677607418682,0.9280895064550603,,7.690007617851994e-08,3019105.643493317,0.004276307890040316,0.0008865845326136001,metal,metal,intact
1.022076694305452e-07,78044.82802940215,0.06987806128291282,44935.287719752305,5.008179306751706e-18,69065.76174151839,0.14785802664889575,60078.568549554504,0.0020358132043440834,7.802132299574494e-07,5683860.67933456,0.08261906325627352,0.09689469905215478,0.01900135107027021,0.06750876301040183,60.94836181551847,0.00022601694409785398,7.771625723084219e-10,9.305597197024103e+28,23598.21503143902,323337909514359.75,27395.886111916534,3.426045846515076e+16,47595.61683735365,2.4411610512202404e+27,29664.60108735494,1.531084369124291e+27,902.6576021389699,3.0065050836473986e-06,50567.76666225911,4.2299273038966634e-07,6959.601383572133,0.0001284291992734996,73402.79195070405,0.0009301185369324161,16689.09848839326,1.6743804805841647e-06,2.6291268807867303e-16,0.5579422109048365,1.6080339184117555e-08,0.4076974605978066,0.5923025233218541,,4.0035678446183697e-10,63007.73768188444,5.761260625739908e-07,1.0982544180101739e-06,metal,mixed,mixed
2.1914531836686403e-07,74456.63955297497,0.014602285203214048,4067.0678569352617,2.794206096192994e-17,70031.35635858683,0.3191520822063371,138694.16936960176,0.0021664678327757507,4.686095644349552e-07,1146009.1200566792,0.055580374763622174,0.09033995885689786,0.03027642725198399,0.49853343484732116,1.1757381495127504,0.0003446617770967502,3.810958055147982e-10,8.91343817257808e+28,15148.421189231358,213971649278294.38,29347.05118008144,3.675748071815787e+16,42587.29054726902,8.386479324412427e+27,36891.53265595768,7.963090064403953e+26,587.3804870027798,4.935294788813993e-06,43452.899345028636,1.2259936849904858e-07,11753.98602528365,5.512888958816984e-05,91709.59261752869,0.0008160029524575094,24850.152086138427,1.1384135338678734e-10,3.8792016598286534e-20,0.14815082418401707,6.65741556023173e-10,0.5976190107402205,0.402380988594038,,1.3340828865998768e-13,17703.213570308068,6.393268921998525e-11,4.99086641668021e-11,oxide,mixed,mixed
2.263262222145828e-07,66929.3715960875,0.04006630120991687,6082.086448688866,6.86414918896261e-17,69796.48102408482,0.18730604612446167,33451.046812621236,0.0007337438412698512,3.6365992418993793e-06,9009758.044202104,0.048537711392753834,0.09577423831622876,0.056123602363441175,0.3876823143499044,69.8002320161497,0.00019755179423784392,4.970222249730402e-10,1.1985664239459182e+29,23499.678609416063,563149890656631.1,29815.176583042972,1.2108012070524658e+16,37027.70237971599,8.282799745972006e+27,25041.72498342608,1.906891060457544e+27,909.5570828612654,7.627184486598643e-07,54577.94822485443,8.434294673922715e-07,6756.348811544271,7.233214784312474e-05,96092.36241200872,0.0009353107746537205,24773.933429622397,1.9343048690050738e-05,1.560829227871751e-15,0.6937303456676865,1.782035448955422e-06,0.22130224581232832,0.7786959721522227,,2.1926719824897112e-09,173.31655480660615,1.0255577592777548e-06,1.8317490930772984e-05,metal,metal,pinhole
1.905029742179312e-07,61116.05286619591,0.006404112057800554,8998.599303316838,2.1761993547890043e-17,70221.93262141779,0.34507312921820416,41342.28775333959,0.0027777747544045902,6.506487994759583e-06,779811.9252917334,0.025509014173097797,0.03785451050678804,0.06388562620535451,0.27030774981726285,51.24391117362713,0.0004051696927883129,8.473979161728139e-10,1.0983087550580013e+29,17015.523380134557,216979455767182.84,27139.042930847147,5.1194343444977704e+16,44432.24850814609,3.542292866211317e+26,35380.60747757543,4.399173250248137e+26,617.1053648228544,7.399624219831299e-06,63669.78761651602,2.1864723009692564e-07,22539.57642467117,0.00012265626054296742,90234.32084580882,2.0139370058736182e-05,12467.435137512675,1.0264174233841513e-09,1.2338937763663486e-18,0.09570523975407552,1.911293864931637e-09,0.41387155071187687,0.5861284473768293,,2.2122167416609225e-11,60.221613829194354,1.448745126383106e-10,8.815429107458407e-10,metal,mixed,mixed
3.7129566093119115e-07,71222.1093126002,0.05766841747981901,29840.15521623551,2.9121586592518983e-17,70595.98604888034,0.16516624487165024,52635.02091575157,0.004226829650978772,8.115429237367773e-06,3036092.226627763,0.05883483776659846,0.011500577633977103,0.017535191250235903,0.08022982342452285,19.64327764641618,0.0004832282859120527,3.081014065216863e-10,1.1140455622862306e+29,21845.948658508878,309227201726901.4,28090.62257734417,5.810325071395864e+16,40744.06523153239,2.3579701436072875e+27,38860.937215115584,2.9723694043100964e+26,878.249876879725,5.553166059352336e-07,54759.1709645434,8.707020246811688e-07,12434.04101028585,9.543295380421315e-06,71931.07159065283,0.0002603781050244301,33535.25297396997,1.7035438578878697e-06,8.269374576491125e-16,0.5238189908741796,5.928683852087879e-07,0.13395255300802708,0.8660468541235875,,3.3181775971268583e-09,151.85992318452335,1.60803498161945e-07,1.5427403597259246e-06,metal,metal,pinhole
7.450042576677686e-08,72968.36405568685,0.06223657114935684,20090.22409130265,2.056971369582881e-18,69878.46936706577,0.22502198910152948,82811.57932173289,0.0018971861925148718,2.60207357187002e-07,8509107.742441388,0.03481544408266615,0.06439748537981028,0.035833565706907815,0.1897504057399914,38.5279828952285,0.00031258753718542263,7.970458246049114e-10,1.088963314447935e+29,16666.844353610693,626673511358939.2,25697.63793986636,6487707929238013.0,43054.942261857956,1.995819853872228e+27,30992.22861614456,1.4331100059012027e+27,858.6940078750767,2.7317943942694103e-06,68716.66597091928,2.446546287469692e-07,39778.392307642265,5.224288590335734e-05,92067.89336768523,0.0003686211884369782,11007.498230688016,2.82999163632237e-06,1.691735867226633e-16,0.27982243563021075,3.4898171157484585e-08,0.5689702478685322,0.43102971723329675,,3.682926085396816e-10,104205.9297453087,1.458875179470574e-06,1.3711164568517959e-06,oxide,mixed,mixed
2.033243918820022e-10,79546.53225360524,0.041378103869676594,7852.529834019682,6.448195229934951e-17,70058.63511627924,0.340828106980804,141617.91624466376,0.0015285327360674659,8.346340509404394e-06,7060399.26251114,0.08117077667474445,0.07041300561648874,0.03670222087143848,0.2875078795715261,31.744896743013403,1.7415667461940815e-05,6.66708731898915e-10,9.298010118506807e+28,23623.483789442922,747277838786087.2,28847.427830019176,1.0211483371960762e+16,37794.36794682495,2.2689016308201355e+26,21488.0857949451,7.387376578223896e+26,608.677942144316,1.958297305870477e-06,55594.33325543028,9.885121467959261e-07,14514.819555679522,1.0964669961151845e-05,86548.61028583952,0.0009676119324007223,25389.159701815555,1.4502290533670402e-10,4.0276234217956184e-19,0.5187907325273453,3.308571804743695e-10,0.488299351400987,0.5117006482681556,,1.3058549322615225e-14,372353.5348221034,8.03093034097631e-11,6.471360192694091e-11,metal,mixed,mixed
3.429906987012037e-07,77815.75685152497,0.014727074711469671,47524.92159069767,4.695677664188124e-17,69380.3872476196,0.3930486325971078,72798.78899274621,0.004220841156156251,4.247580634475638e-06,4291941.620774201,0.035312312514775554,0.09567415295311012,0.004691276796352034,0.14391407945791962,77.00356826495445,0.0003614786958824703,5.477483322450076e-10,1.0381243026432814e+29,24980.60879574393,92973458152653.45,25342.715122919788,2.79659380778617e+16,45212.96608436513,9.071576942128478e+27,33672.54447165816,4.795005044209683e+26,794.1869639730284,1.6232719929229513e-06,66634.96197926447,2.975090104703925e-07,42201.9643335886,0.00012371437226511338,84703.46409325534,0.0001970705409706209,29634.342098600362,3.52866319491482e-08,8.812824879956824e-16,0.18097724596019282,6.107027423569385e-10,0.06995741554935506,0.9300425838399421,,6.552043523625715e-11,3630238.3081359696,3.018058414652653e-08,5.1060478026216645e-09,metal,metal,intact
2.8339275987735625e-07,75053.39942697802,0.02329651166566055,2513.076797070546,1.0561213396846685e-17,69265.55609261297,0.28863187939737844,63686.71842785441,0.004443643792671261,7.023320859899701e-06,8206660.234418105,0.0024253736982106457,0.009287268178116025,0.04378354271942275,0.3662171036676551,78.00474890174446,0.0003451084701528861,6.947038326712317e-10,9.584771737745172e+28,20937.735172522713,428305534694090.3,27218.59438990197,5.679012027400781e+16,38945.65095767868,8.036335962568028e+27,28946.818717606286,1.2323287083592543e+27,721.849594714455,2.97442800338288e-06,57438.15336322624,1.2078441426536875e-07,32203.421753647577,5.254896560892311e-05,71191.1404228821,0.0005359514519205697,37479.003906800805,1.598496911173201e-08,1.5219147216428275e-17,0.18330943223252386,8.576002694627712e-10,0.612028171770145,0.3879718273722548,,2.9187335405231146e-11,2243.633078651793,5.766408131923756e-09,1.0218560979808256e-08,oxide,mixed,mixed
4.8064854217824806e-08,79239.15262285332,0.009145036409883423,27425.297937689462,1.947241782677102e-17,70617.86390809671,0.19198954213511382,125211.56628355088,0.0007868461726227946,3.213854857877477e-07,4911567.6943734,0.004544303676708656,0.01650680774387865,0.02182763109287494,0.45354674049163524,77.59687846312453,0.000154154913143465,7.008519015458112e-10,1.1081777742439098e+29,20229.596988005513,518098058493117.1,27747.892238779263,9994118526299900.0,35982.29000740696,7.723106619850179e+27,29181.82833098229,2.0008289936236108e+26,804.3345141139572,5.416596241447325e-06,42467.04920214988,8.288642378812889e-07,48399.08245032668,1.7835058999567735e-05,89969.73032301378,0.000996543193753491,33220.267153318055,3.112286905096013e-07,1.1228060806290153e-15,0.2453788591774453,3.92342377026169e-10,0.03830989783431268,0.9616901017733449,,5.1154003366407055e-11,4528889.1186050335,2.974535493632693e-07,1.3775141146331994e-08,metal,metal,intact
1.6588584329006344e-07,67066.56544587117,0.04342231372106255,27551.466189277417,1.9722994883320104e-17,69791.07886871097,0.12538799120627803,77369.69406063028,0.0026515962453031987,7.619205894188228e-06,8232874.853631442,0.03669984684945458,0.07972259075186626,0.02609475464592525,0.22123286500681796,44.588848824362536,0.00039714214891190626,5.012413189066347e-10,1.0135812730387644e+29,23292.327052089393,726408920272408.2,27387.28630402296,1.932556809674636e+16,41473.94491407506,5.972389407691077e+27,26592.593453037196,1.253845866522553e+27,579.0871819442656,5.642614519475463e-06,51807.59092423969,8.803318648071146e-07,32643.84615096439,0.00012607793113530278,85570.49308173796,0.00032362970887126835,39986.2324309829,5.194051151437983e-11,3.47390778630024e-20,0.23322396480472862,2.0394759445321863e-11,0.38078220138743585,0.6192177985921694,,3.294541869327893e-13,2352.949112630979,1.1028753681248422e-11,4.0911757833131405e-11,metal,mixed,mixed
1.4886140573871997e-07,77787.83536731798,0.020246023967489545,35506.42295145264,1.3602079565458722e-17,70771.08295115127,0.13203337741434287,124007.10813218534,0.0015397925035502702,7.68197282014484e-06,4243751.763983187,0.00902063831027147,0.09275860490175149,0.03238887415137552,0.46384071056824105,8.155340786224269,0.0003533170471620379,6.976829696201742e-10,9.466234725775749e+28,22188.028775378898,261854951120350.1,28578.016206606975,7446767794494695.0,37007.80914323213,2.450945415049334e+27,37643.74064460011,1.9514419809135071e+27,856.4589878269929,3.903448053665371e-06,65185.21481772777,4.5994679517725727e-07,16011.919143266156,5.795691676411237e-06,76601.7139815803,7.891851854030276e-05,36378.126952994775,8.003881085578136e-07,3.105888439456875e-15,0.4510010453630409,8.3928890521556e-09,0.7120781108613141,0.28792188074579694,,5.777406725116479e-10,156303.88198876253,5.834316639524089e-07,2.169564446054047e-07,oxide,oxide,intact
1.0505078805297984e-07,63248.64134570133,0.0002682548793485645,23450.117495206345,6.486046765689718e-17,70563.69009742573,0.16894419576791775,130399.87056143247,0.0006539589711681129,9.073178824454025e-06,2832014.614958003,0.023667252305113545,0.03025834013065542,0.08193573246618757,0.48625637487679757,23.930325062307997,1.0950354481366454e-05,3.7783540474006957e-10,1.1755918044948372e+29,23076.611663092677,808547868837133.2,29873.254031216813,3.2487883726510788e+16,42551.47900135045,2.7666042743723016e+27,27597.231285684997,1.6603852762558438e+27,955.8462675686097,4.994519202979836e-06,47400.69104604585,1.2746054751804975e-08,41468.218953089796,7.915325806558689e-05,95914.07061872083,0.00045684675503868035,39450.3562783641,1.031006209071318e-06,2.1368500234518789e-13,0.061038671199345966,6.533542498887025e-10,0.010814444901286442,0.9891855544453594,,2.876641854537819e-09,2762931.7311681276,8.896326971707808e-07,1.4137351190053714e-07,metal,metal,intact
1.75262214447865e-07,61193.358399976074,0.009666654032187645,20408.01647010208,2.86553860275076e-17,70037.55376199151,0.2972140567280752,37447.28591519742,0.001990832110481843,2.742171225786324e-06,597193.5362237856,0.01858891215988072,0.012777888648630137,0.08373166297857411,0.22306888047910042,81.41929459845767,0.0001131845904466282,8.877009210702114e-10,1.1028857375939012e+29,22151.90466823498,636612637406076.5,27221.11032587271,3.2336475458655356e+16,46921.43143505872,7.27645816058074e+27,20603.47790498439,1.0315960923868963e+27,697.4998650909085,1.6864702224871636e-06,54035.51356820087,8.26562022916684e-07,8508.206102198244,0.00013286067941198763,75101.88722428054,0.0003148592507134929,9561.229908996245,3.3116163127551303e-09,1.670794086001972e-17,0.31619344461788346,1.9964147970072953e-09,0.4678992284934884,0.5321007695100968,,8.689146906390632e-12,93664.78435094748,2.5187565592375575e-09,7.928597535175727e-10,metal,oxide,intact
2.0052046148545997e-07,65216.60500385563,0.024044777733924567,8468.049946785464,6.809893038518377e-17,70521.45513128315,0.10660214880914531,149235.97362675762,0.0033818028666988465,2.157967398597447e-07,6642558.230250513,0.03830394257395215,0.001565035164809061,0.05399501174946671,0.0672092013342232,43.29792270196397,0.0004737054778573826,3.4082173317394725e-10,1.160491197672085e+29,21043.552428610103,225880331952392.53,29862.164999632507,5.116555668845665e+16,48146.91359467653,5.365229405201018e+27,31574.02739723465,1.2379393809958895e+27,938.474301256975,8.749112853994745e-06,66468.42366396777,8.270112522522355e-07,20706.41557378607,0.00011688070223645518,91238.0422708893,5.4872824763211576e-05,8789.307495772124,1.715958853380144e-05,4.750427990226204e-13,0.5725112171665956,2.2084196073062187e-08,0.0026855550634970835,0.9973144228523068,,1.2086561269066309e-09,6602903.305793332,1.5544637929089435e-05,1.6149506047120038e-06,metal,metal,intact
5.1706489598654346e-08,60430.669221839526,0.06597381684427804,40718.878691547805,5.2587064755205337e-17,69972.54804938808,0.11781181536212232,108851.7357192491,0.0013240287582809557,4.203481783421916e-06,235805.88350287804,0.012673671388235462,0.03608789262762061,0.09351066045332015,0.368444941478127,55.81961070788726,0.00033166598921134476,9.266453164851856e-10,8.838363664371309e+28,21156.980753687316,764828174755225.1,25833.825744249305,3.7314801619060696e+16,42827.33217319356,2.4363188077038638e+27,27032.06583021224,1.9029890631666525e+27,1096.4324096194741,6.545094268386576e-06,50435.26630240631,5.72603932558346e-07,30126.08069112491,0.00013230874761572858,73759.19246348053,2.5171776768680376e-05,38462.62336704682,6.168243570691676e-05,1.4119792935020276e-12,0.17690872373743166,7.309483465819567e-07,0.2919969407200943,0.7080023283315591,,5.860676241719969e-09,98831.01276564226,4.95969231960121e-05,1.2085512510904664e-05,metal,metal,intact
1.8163580876429029e-07,75326.37116516376,0.017580644000349713,7988.907750588459,3.743000821115761e-17,69223.6108646586,0.3511606976600878,161349.80871894074,0.0027965027908548024,7.174973290189193e-06,3772042.6475833924,0.022993686850488613,0.08535873659121934,0.042470810973363034,0.11506868764596796,18.200310442600614,0.0002897963823873534,7.138327122517683e-10,8.310846891222984e+28,15303.501252591668,134092488412347.62,28481.840778701815,3.2445733362063228e+16,41885.81932304733,2.654526229478936e+27,30566.67663047404,1.899315306672675e+27,927.0050286765099,2.7158540045111964e-06,53118.77789330872,5.097997981955915e-08,36511.74681499881,1.2459205097248005e-05,85057.03626207524,0.00031970939188184354,6388.570135166372,1.618617351303685e-05,1.0097157883002743e-12,0.13703363074733027,2.9056724365551823e-08,0.04818657915092534,0.9518133917923504,,1.790658781851813e-09,3359004.1896333355,1.3632740381838218e-05,2.553433131198631e-06,metal,metal,intact
3.657548143630897e-07,73528.8928882865,0.0891180817974167,23564.97641257276,5.681133129778939e-17,69581.43218696499,0.20397738969067863,98585.92063813508,0.0010826396407185475,7.197460398204066e-06,7640487.580987926,0.05424073193403208,0.0409121068838486,0.03218222005179294,0.3994839091940619,73.78756215024663,0.00010340769978031802,8.959055317464601e-10,1.0724096563108489e+29,20652.523071407588,361442365074689.3,28316.879933345353,4.77515568206765e+16,37195.14540068885,6.161036678572632e+27,33443.37962738444,4.6051122202773326e+26,973.7302876246915,3.1604932510742884e-06,54274.246384915496,9.381961921117802e-07,5566.251594429372,5.146082246266094e-05,84595.2622086829,0.0004255252332374166,14591.455858468977,0.00012619602504569842,1.2448904485161306e-13,0.6999691680663276,1.7550438494817304e-06,0.37986196993092874,0.6201362750252216,,8.267470795743875e-09,14780.573771802277,3.989225041266914e-05,8.630377463302927e-05,metal,mixed,mixed
1.3220062504852516e-07,66562.1066778849,0.07960111062383411,1370.283261860459,3.4908823568925033e-17,69511.44178643811,0.3977540934640504,20129.92642186624,0.0037137192956960014,4.3506104017611364e-06,4513901.132134394,0.05144238605455656,0.06329824966928145,0.05656452496278762,0.2490183696586963,92.36649680355117,0.00025616248910807624,7.099584834261434e-10,1.0500894702392426e+29,16358.2399765188,747808265271485.2,29951.667881972982,1.4967066251215802e+16,40413.81329236746,5.915445933210053e+27,39649.621997624155,4.095074390602695e+26,1057.451505746712,3.1363733315009626e-07,67347.19651352709,1.6651837379815167e-07,18842.81168861046,0.00011652294693516709,77689.22965262069,0.000695952855719664,28980.00491429184,2.51852404079629e-05,4.700329635350936e-15,0.3737429477816843,7.556628879757775e-07,0.2615713102712497,0.7384279340658624,,6.835349522465149e-09,252.20686469634222,1.887909520417942e-06,2.3297330887544958e-05,metal,mixed,mixed
2.280292888385664e-07,68382.00286575477,0.039289021633801054,42580.18740876456,4.2141929444323855e-17,69054.10285162697,0.20229886317371115,60284.40331336862,0.003249126732164182,2.283210845607803e-06,949009.6089569952,0.09386215308454478,0.031101253930728143,0.016232025126474748,0.012076442396556275,71.04873395425551,0.00017396551882687856,4.782465513427057e-10,9.166448664882891e+28,21422.526742119575,237110021952304.16,25554.028244026817,2.284821520335775e+16,47008.66416356861,3.706283869552154e+27,29169.808207222733,4.8855730057172155e+26,944.0202382762866,4.531169983059258e-06,65313.684921304826,6.23653318988236e-07,11659.945682111704,0.00011387589836009053,73836.90985868093,1.1143090567753668e-05,30348.042875931253,2.50212931222579e-06,6.496209209293624e-15,0.3605407597053235,3.692372235444051e-08,0.4553410311237938,0.5446589319524837,,1.8005042622032827e-09,91574.20488832274,1.6414166619725055e-06,8.607126502532845e-07,metal,mixed,mixed
3.566697640586925e-07,70509.82076939676,0.010964364548442148,39390.40551847049,3.237837410632394e-19,70385.75860209318,0.2764386647392805,70396.58623475008,0.0013027349862567124,3.7956616854750434e-06,3258562.6765353084,0.08917502318301412,0.09389881865315837,0.028516012411145215,0.27406180564710747,78.2738563290518,0.000222885649488355,6.103530419009758e-10,9.825202482239422e+28,24851.143075538843,708500748181907.0,29173.178044982727,3.970314060361934e+16,41748.6430785487,2.6199816191075925e+27,20297.294447525102,3.423984401879211e+26,1213.1079753111092,8.406337761250277e-06,66596.40416722625,4.6822730772496547e-07,25838.590867095176,1.1399970802238573e-05,71522.44219538289,0.0003958171877004574,37653.35512189787,0.000171353370032013,6.5601780749397464e-15,0.47196364884986086,1.4176661966984658e-05,0.05213170256910976,0.9478541207689235,,1.2485419948665878e-07,9.35813919173871,2.4556046652654344e-06,0.00016889776536674757,metal,metal,pinhole
3.68409772790845e-07,67358.53001238088,0.08255764580457835,9794.726443828034,5.062636483214623e-17,70624.79156789438,0.30378645929516024,102489.04109346803,0.0018848974042991714,1.658337816413497e-06,8081859.078353559,0.09355673659725638,0.03466166754166374,0.008909309193600555,0.498516562225646,46.259759334817005,0.0002456287788924428,4.2769417472126524e-10,8.33645321401891e+28,15800.375710903989,373188819661091.6,26796.55010923108,1.1798223215137632e+16,41026.55045703052,6.726391188406262e+27,35065.273272261395,4.815659209324119e+26,742.8135276049471,7.952413786813609e-07,66455.4609644569,1.6395227237501075e-07,17424.93326874816,1.4375829410430253e-05,90164.91751608832,0.0009843380137539125,17742.327177831117,9.387757678879642e-07,2.816807715050055e-16,0.3487841580978385,1.0280240082580427e-06,0.40557015487997095,0.5944288170960208,,7.875437033275836e-11,57126.14316475032,3.8165295934691904e-07,5.571228085410451e-07,metal,mixed,mixed
2.8467164550368915e-07,62336.24947642088,0.010855411595473917,30885.234799733727,4.109436915143799e-18,69652.8759954958,0.20795996222958146,85254.8294633131,0.002480674173287208,9.98276446020699e-06,3869218.454995539,0.08183807399915442,0.071252958118316,0.044384696238986734,0.30987056393536033,13.740341961843173,0.0003561734764907456,6.453179634358338e-10,9.568115205482277e+28,18984.23524092301,773421141742953.8,25384.45070568698,2.1096244596257024e+16,38509.70972329346,5.5552654113559e+27,37810.38097435454,1.910818781202714e+27,741.1242372844937,5.991137356116491e-06,53847.21835966602,5.770031715441067e-07,42889.94673553648,5.680977956036061e-05,97483.32024937352,6.894413519942118e-05,15057.818855209947,1.609823702441759e-08,1.0887877696736659e-17,0.18399339885605057,2.014303463905276e-09,0.18977505312880147,0.8102249448568952,,1.31207944868742e-10,705.6699942418969,1.6985607897741276e-09,1.4399676234643462e-08,metal,metal,pinhole
3.8471369534435957e-07,68525.36756730554,0.07805040607568431,29148.540592756955,2.129387981119511e-17,69324.8218851047,0.28768698620043276,45063.42096842156,0.003984655650336313,6.028236834256371e-06,5395346.667548975,0.009946153011589813,0.06842167331721746,0.03830733254386253,0.4784694950797477,8.59073889925807,0.00011219284099653637,8.110573050827964e-10,1.1314107085133261e+29,19916.005967035795,779306990695305.0,28015.227296127952,5.188206527912368e+16,45186.226986707414,1.488538421960513e+25,35528.51168720283,1.8022309650127995e+27,1042.7570086071255,5.836339920457303e-06,42502.135821567215,2.4094717820737164e-07,39501.29890618303,2.7637905503082817e-05,99737.15362348796,0.0006871826300312687,37211.41697129636,2.096703995716207e-05,8.619018059830932e-15,0.3355252780770298,7.934034982306518e-06,0.21222304226648442,0.7877690236985332,,6.052031893789382e-08,21.060324810224056,2.9277886244185456e-06,1.8039251332743525e-05,metal,metal,pinhole
1.1109137466310066e-07,73441.82723474618,0.08683785714375891,48510.46588882545,7.505624115956502e-17,69272.96772043772,0.2993600023549811,62257.779697718346,0.0007424878810120929,3.9481939519561184e-06,2745990.9932511,0.057062495107995395,0.029248352179644152,0.09519190051163559,0.3020521688596652,15.283993780248952,0.0004912757042228819,8.517490503579862e-10,1.0181622100885832e+29,19899.897231325547,64895395151133.43,29311.425016160436,3.838498420388785e+16,35005.4954276494,8.875050822071613e+27,35286.845654253324,1.0818619304953094e+27,945.0913021490524,1.4924916117975294e-06,51233.36301025858,6.251781723642411e-07,19037.424740049737,4.9129178100503946e-05,71654.17736113352,0.00017666409456166637,31194.213151476437,1.451977388199931e-05,1.952029376633173e-14,0.4413147793305351,1.634133229125957e-07,0.49421106970199297,0.5057887668846843,,1.4058169463905102e-09,32641.78952227729,5.978332992147484e-06,8.541440889851827e-06,metal,mixed,mixed
8.843559989212854e-08,60391.13525786028,0.037917878771965174,35936.12201315269,6.775759629810705e-17,69475.77512614364,0.37095568583067035,158826.92598771607,0.00291530955763254,3.37967475968229e-06,1380009.4341527624,0.0028131142583987944,0.07247670824194617,0.04759545270969115,0.4812189924188393,70.71783623929005,2.5683129077141253e-05,9.383058615244236e-10,9.573242814094233e+28,20588.28551408465,741103381803000.6,26005.219405441843,1.7042855131264832e+16,46532.387253751316,3.032785680038256e+27,39767.81703361265,1.1323547714456646e+26,1239.7169039723435,3.961703900178218e-06,46201.23843480104,5.787604606517552e-07,25048.653436156976,4.800372259076188e-06,99846.57935953891,0.000718661730226472,24098.963506959553,0.0003885442676370722,7.396011890908996e-10,0.4014000112007278,5.032130265011667e-07,0.0003220909712090034,0.9996774058157644,,2.4261137744083056e-08,1378247.2323908545,0.000340790691762215,4.775357587485723e-05,metal,metal,intact
2.9652718122101383e-07,66111.84380360859,0.07699364611755467,47302.59907750214,5.0048813376734475e-17,70817.56145233139,0.1997297447334901,167297.88708287405,0.0033067635042325332,4.95658333711857e-06,9752531.02255265,0.0032840233905465986,0.008540437610347423,0.09467334086047215,0.4676876475029546,83.45229398700361,0.00016014369854148343,9.534114633215998e-10,8.111197663515875e+28,16175.564646373488,214749507644686.1,26350.16488471841,265220879217914.34,36034.460432707485,2.997861560277127e+27,33488.32818558956,1.3642505391460692e+27,941.3339413338913,5.893808399811261e-06,63852.35714746875,4.2380016399866315e-07,23604.04010439481,7.877350975336787e-05,94324.04291218736,0.0001182089191146115,33355.14496665072,0.0001180675308751996,1.8298369022514294e-12,0.5189944062534395,8.753604308808245e-08,0.08888339779033864,0.9111165146736182,,7.17796027667908e-09,7898492.898565683,0.0001043235839225304,1.3743946952669199e-05,metal,metal,intact
4.0529604285170105e-07,74782.09753776698,0.01788697335833167,6698.981453914917,2.9607379659950715e-17,69691.66445156101,0.39657097171311384,84080.07642853263,0.0029308644394034065,3.5089691329955716e-06,832900.455319716,0.09012307277315271,0.07699563077181304,0.05574711001046168,0.25072815958029987,63.997394464774956,0.00014683649750215264,3.785410698646044e-10,9.049794170197474e+28,20854.367366777944,775760232444315.9,25120.892723310273,1250732077154294.0,37990.69886436443,5.646390897254779e+27,22525.744424184104,1.0445438195328845e+27,846.9124350886098,1.007999467720921e-06,67091.31295246775,3.394731011433684e-07,25777.997523314047,5.556162749875518e-05,90086.76402503063,4.0327129128859923e-05,7194.592182057993,1.311350637564862e-06,3.3153471942933355e-15,0.18138774603356664,2.2634617009705294e-07,0.42815613763192484,0.5718436360219051,,1.0291001264848878e-09,23444.571175064855,5.577716557014095e-07,7.535789818634524e-07,metal,mixed,mixed
1.213693012634636e-07,69318.10168075522,0.08587916460117825,47138.0824858087,3.7034413248154575e-17,70153.19773995446,0.18207550729667693,46305.10107729159,0.002366327980169308,2.545035305177458e-06,2847995.786441092,0.06239160979991723,0.0555134006748225,0.040994709157422066,0.4740039503192074,64.39548414849563,0.000311704368069936,6.869955688665292e-10,1.1886639268685827e+29,24430.425527746072,174122085434983.97,25766.46327548834,2.6103608780286864e+16,40815.60906088917,8.339665126185701e+27,28499.957694164572,7.934993423632422e+26,978.6943541332927,8.052115723863133e-06,67543.94097032979,6.845636080769181e-07,31304.79329996384,9.852153936946107e-05,74258.98822893245,0.0008326286573888098,36353.62444510886,6.108348613716907e-06,4.489550241162856e-15,0.3941649120325908,7.914138226044293e-08,0.42361228689323216,0.5763876339653856,,1.8753488043247415e-09,16526.49344500993,2.313406477427048e-06,3.794942136289859e-06,metal,mixed,mixed
1.6056765396169683e-07,75743.73212435324,0.010047471328751513,1575.9726008301495,2.909074154741356e-18,70362.7095018719,0.1910368351307952,82945.9202659238,0.0023875565103921963,5.150550183418104e-06,50931.027678158476,0.096851397902912,0.08074124521387183,0.014414938817679801,0.36349560499025774,93.38772741583462,0.0002650224919756027,5.11455925581454e-10,1.0743094176738943e+29,16542.79130470774,676233551996171.4,28331.88932995781,5359956761281050.0,46109.857647579105,9.962554026992644e+27,35853.906054213636,1.96198227580818e+27,1219.7001792050332,8.399630283927526e-06,64390.29363666118,7.212962552368901e-07,28554.30156684831,4.415949927755925e-05,92250.06741781703,0.0006795051444705585,26405.709131581007,5.286164091808006e-06,1.1971512664629695e-13,0.11900597954268684,2.90616803930241e-07,0.48692995127026356,0.5130697581129324,,1.516536797246582e-08,3636.205969198085,3.108175134393242e-06,2.1779889574147635e-06,metal,mixed,mixed
2.0347963959641128e-07,71721.15053567429,0.02289458364375681,7384.615350257472,4.489410847852672e-18,70890.30728623873,0.10781265557243154,88350.84072614514,0.0032363271140266347,4.853722620961829e-06,5907889.219324181,0.06503768921119477,0.03209691339005755,0.00720220351308265,0.25276003632896443,17.545761355922277,0.00028707558662895876,3.56197730698459e-10,1.176666626437714e+29,20830.747578467217,787654045785691.1,29461.80608309434,3.418132208067727e+16,41216.86878750799,7.936433093169704e+27,25973.026722116003,1.772348172863523e+27,1099.724897441662,6.3829267746581305e-06,50891.635676766346,6.886698456220042e-07,34798.012944724614,1.52036455263053e-05,78474.84383064826,7.607633161034963e-05,38873.88943770834,2.7794241919366218e-05,3.025529136222869e-14,0.5220117868082751,1.1421684970838415e-07,0.47480038482938813,0.5251995009537622,,1.2508350676889629e-08,29782.582086323873,1.2608109453638668e-05,1.518613246572755e-05,metal,mixed,mixed
4.0175635155020816e-07,63640.16991157214,0.015739402006390683,15812.901390359797,3.7833231083708306e-17,70428.67117242038,0.14683555632641965,140811.82916735797,0.004200171897058407,6.268956585588513e-06,473118.1613309478,0.07627185865941814,0.05978723051088491,0.020891201030552774,0.019385637730484358,93.11856377245952,0.00025257628956036474,8.151456789488047e-10,8.434056381770205e+28,20716.09407916996,144124285274019.03,28027.148874172206,68707365970898.81,39041.763554796395,5.49938353618509e+27,24290.84773120381,4.1737721363318056e+26,1010.003107544472,6.615643188594878e-06,58994.30427112403,1.9450427151575038e-07,23040.378346483998,0.0001318491606224343,76761.20816978603,0.00022712711086326988,33171.71367112742,2.2600458855517798e-05,1.6250113448401004e-12,0.1530225366245315,1.9362439359571082e-07,0.10150357445223397,0.8984962319233726,,1.3580384416637775e-08,364038.5337936748,1.8647787316301715e-05,3.952671539216083e-06,metal,metal,intact
2.095754458185728e-08,68747.52330220862,0.07948524955366508,45160.132288096494,5.5313764146849956e-17,69655.09112508834,0.3164739775850205,169824.74259614476,0.0026715446245919763,8.647268528803833e-06,309427.3177414481,0.015976670288534753,0.08391147622308756,0.0723162927261546,0.4151951858281771,59.69741083430694,0.00044187267859107716,3.316066912093313e-10,1.0178184027006135e+29,20632.561310909623,524853958531394.94,29212.217328578783,3.1984926925883012e+16,42201.34786877,3.8133412031161685e+27,39988.36809319493,1.6293600118167988e+27,697.9935013276793,5.421773328153205e-06,66180.63948712022,2.4929607301707823e-07,14597.476628735712,0.0001270575965113144,97724.54180392553,0.0007416165049583902,10526.912478933362,9.156071304135923e-10,7.979813546156704e-17,0.11942385072119835,8.419032509267066e-10,0.14521512422398747,0.8547848749341095,,1.8343879047632657e-12,212673.3976471291,7.378457700622276e-10,1.7776136035136469e-10,metal,metal,intact
1.553245206801545e-07,61340.55073439739,0.011421100504797417,25639.452135682102,5.836827640674148e-18,69576.92956841187,0.29817985447633655,97315.64785470866,0.004094008340217748,5.365560389608612e-06,8186799.760701629,0.020402852132656694,0.040213317667825044,0.008074658522179728,0.4259499416549886,52.88432606544203,0.0003393160939252884,7.714695274688304e-10,8.326837283313891e+28,16369.164891511155,185060098796488.06,26954.82975102556,4805520698015514.0,36924.68096066978,5.325689910272418e+27,28596.728917925193,1.430236247429684e+27,1020.4903690922272,7.967571733297743e-06,41090.10687375313,5.863385619491694e-07,44399.29884679195,8.492493722448586e-05,75864.51390689748,0.00024214962510360203,28011.62888354692,1.5108453161121444e-05,4.4791678028925786e-14,0.4533826066016025,2.8017508968368084e-09,0.5443159198733251,0.45568407732492405,,7.257121143791033e-09,1342924.7359683856,1.3247273327261017e-05,1.8611798338604272e-06,oxide,oxide,intact
2.351742382021089e-08,66436.43293194329,0.038510596906563235,16683.404519259297,4.4823974900889173e-17,69053.10835600503,0.156613802111934,58964.86764390736,0.004300493044344773,1.199168194652362e-06,3511656.2005941668,0.044406319065703234,0.05480230493026195,0.060090139199682015,0.3497923863907528,80.60471605976274,0.00015585447108399877,7.224540886037213e-10,8.072983830913537e+28,19647.625256770938,64073021067040.02,27497.396761446078,2.7826269906589576e+16,40253.0255683608,5.034599645829986e+27,25841.80637120598,2.0927248202500785e+26,788.4734151500674,2.6978220774188957e-07,50144.84848182191,7.244810654005353e-07,34204.85649231466,9.537140964721192e-05,93070.82458138863,0.0007525066739910138,16219.768447338016,1.0528471887297745e-07,2.0011862342610852e-16,0.29430102933082997,6.021562079328797e-09,0.2602668264886445,0.7397331674897933,,2.1354857400457355e-11,1639205.65938199,8.333285514380584e-08,2.195186372917161e-08,metal,metal,intact
8.352452703422506e-08,62940.436934239726,0.0558186336363661,13163.143664707453,3.432791492547385e-17,69771.33944601566,0.29380919808914685,31289.83742494379,0.004110792585371615,9.558600588634261e-06,606863.2719669548,0.0278332385346799,0.027794261342305955,0.03434029957981504,0.1647416403233204,61.47781178802933,0.00012684713844123688,3.964915277542277e-10,8.052181785521365e+28,20623.816092179826,675461305737697.5,29482.74521090411,1963844538151758.2,45523.97758952361,7.245299789540855e+26,31965.149306650637,1.7083709398941062e+27,1157.4879004944469,5.9992496225698845e-06,54408.472129865375,6.411449699692101e-08,25736.23717687433,1.945375536928462e-05,88878.37993055591,0.0008293556124585216,37572.07054925145,1.016211224554943e-05,1.9364297719453198e-14,0.11849069073844921,2.7249054929294746e-06,0.3220900485233505,0.6779072265711567,,2.256329375359743e-08,30.289369039832856,1.4260577177424083e-06,8.736054527807022e-06,metal,mixed,mixed
3.5399186821375296e-07,69592.12178681113,0.054405335444486565,32461.72344394288,6.169565490184907e-17,70183.42344318345,0.12424069532079858,28818.928162855074,0.0047961114999233705,3.1648827053160418e-06,6225381.0565856295,0.03124946259740271,0.0278249225590199,0.09775788247112688,0.035130094326727195,14.925172436511103,0.00013416254587484577,9.293207436734657e-10,8.356334217350043e+28,19851.454228590956,246251303088950.25,29572.291870958776,4922641593811142.0,47621.81448183382,7.065008783329035e+27,23178.91430216882,8.445964430382391e+26,628.2436717172592,8.469100759406088e-06,47150.43310292813,5.115985082980666e-07,20240.577861023143,8.98331846226181e-05,92322.36308541746,0.00010641775635405028,7115.646944033225,6.705503077904178e-10,2.1705994471329138e-18,0.3524372459835568,9.775328219207986e-12,0.2874434031250465,0.7125565968651782,,7.042399500980096e-13,2537115.6879998734,5.223518875201831e-10,1.481984202702347e-10,metal,metal,intact
1.2779893537126843e-07,61450.40339784622,0.07795060531566796,28478.362303035643,4.088298956416268e-17,70937.11295171554,0.3051444385951538,125376.31296389393,0.0015215305467831063,3.4912826078012775e-06,1634480.8548729145,0.07970760146599556,0.0828893424418378,0.007733425293260401,0.33310972801957683,49.982468364490195,0.0003694352517379974,9.787691422270895e-10,9.603876968521832e+28,20988.178877421287,530767689602032.8,27840.678186007604,4.64455128764562e+16,38296.94102788095,8.643052901519451e+27,32825.08777616566,3.3198234093505164e+26,837.5574568953198,3.7867125597537226e-06,49201.39084606867,6.497842668794527e-07,17780.52942924652,5.15837262991177e-05,71402.9442940271,0.00030587504647112637,33861.7133682418,3.0326746910172113e-06,1.2275560818078152e-14,0.3571479589853846,3.299672314052826e-08,0.4445344333634535,0.5554655336398234,,3.3854500842014447e-10,294189.378957272,2.1508303531588726e-06,8.818443378583387e-07,metal,oxide,intact
1.2968765113445292e-07,60146.33844010313,0.001054479969845889,47471.95572815154,5.572678594499538e-17,69698.2603786984,0.2499989797584493,106160.16039659853,0.0015212792360833963,6.962816875540195e-06,8999289.591493022,0.03740893679086446,0.09986753999351203,0.012444537546821066,0.47203235999857146,59.240693710775574,0.00047042709392564383,7.084860739747525e-10,1.0886382077639514e+29,17174.134657667102,766083931708899.9,26670.47768103818,2.6465817736026556e+16,42928.323415642626,4.4398922315757845e+27,37693.24717163778,9.34726159602752e+25,633.5212583616178,1.7986647541699846e-06,52905.58396463104,1.1441540386958071e-08,49606.86923805465,2.3768484895832217e-05,75340.63110707382,0.00083106434217705,20053.027824412893,8.99971723410199e-11,1.891447202213873e-18,0.017851607037358826,2.6790822269053467e-12,0.09381694714477837,0.9061830528525425,,3.6822116814306815e-12,7207608.492770761,7.563846346323127e-11,1.4358708877788627e-11,metal,metal,intact
3.2724545394133073e-07,73639.13213010927,0.08787875304108998,15055.435688705638,4.587687745990392e-17,69140.55751974483,0.12568248849932007,111310.24932503967,0.003392465051254561,4.1376047870256053e-07,6138482.74600671,0.05087946933949402,0.0009954475037952607,0.0033121284457767164,0.3973242235740939,9.736745737693363,0.00033897935970348265,4.128970341117157e-10,1.0461946674468035e+29,21457.932155360133,24087026531126.703,28434.04400553068,5.714120639424183e+16,47020.47576904039,3.194076391838941e+27,35927.91349219918,1.6735311931170542e+27,593.0874021431147,8.774782232291998e-06,46012.700740820525,2.864140749616271e-07,35289.812122857315,9.549542927448649e-05,78867.07424711363,0.00020283307385525362,25887.277804251175,6.189424888599235e-10,7.476145279195466e-20,0.12040123458394515,1.0296455465945353e-10,0.5712765413272072,0.42872345856982835,,3.3418344977273936e-13,51276.11750053777,3.843129965291721e-10,2.346294923307514e-10,oxide,mixed,mixed
2.411901901111115e-07,78366.86831474524,0.027759763078974306,17496.310554915362,7.750296589756643e-17,69578.30794825949,0.2740331536883957,41882.65151419569,0.002718051823933543,5.466337338654482e-06,6363535.532768761,0.03552388392719801,0.06535078259406955,0.011449514987830575,0.02961488965925145,95.0067666481314,0.00010634535448802078,5.886795802112448e-10,1.1751283739627595e+29,19453.90562102427,157086421703902.53,28952.02855294329,3.0371826525362656e+16,47470.98773743954,2.9654627910469525e+27,22997.268631555788,1.9377311533544797e+27,930.0092139400024,2.0123554752766667e-06,65513.32904607925,8.699451937200074e-07,29398.686627299645,8.18623956145991e-05,81963.70328536801,0.0009485907886641763,17599.936925775073,4.300033513773143e-06,5.2219959804749645e-15,0.5109707167997491,6.858346578956156e-08,0.4841706033115547,0.5158293281049796,,1.6338521982275858e-09,51130.927188672336,1.94776893142024e-06,2.352264582352903e-06,metal,mixed,mixed
3.4210298987058916e-07,70562.85775868385,0.010590580027255155,20825.38236705938,8.562611986696437e-18,69051.78534342215,0.2544588632659714,169662.37611669424,0.0022486985884140266,7.340311009281671e-06,727486.4523413547,0.098074116603247,0.08132856253123366,0.06542657087474396,0.09567340345953584,71.24242778906907,0.0002591256505125148,8.567676387912038e-10,8.677276901191144e+28,17843.181752095086,137243048413665.61,27458.98298120704,3.0504752821959564e+16,42697.218667045185,9.932543801870193e+27,21724.9511954056,8.084868546846333e+26,1016.8210989224058,1.5298531879385374e-06,51007.49405045998,2.899078977013339e-07,37822.98541506988,3.299106487149144e-05,81195.47594653026,0.0004018891560538066,11100.90293046549,1.147719700176597e-05,3.5495875417000045e-12,0.16606727467427082,1.6063683184330424e-07,0.018599510385949022,0.9814003289772192,,4.410877717697979e-09,692206.9929807731,8.61621563204272e-06,2.860981369723249e-06,metal,metal,intact
2.99842449434926e-07,77018.27434287698,0.02630351951773227,35841.6280435102,1.799184945679102e-17,69427.05562421659,0.11289646264839134,74205.30161357738,0.0034446731579281884,1.0097891682607995e-06,4745702.481249526,0.009815275858573523,0.09359040589604879,0.08671550703319468,0.4624124869248132,24.804442260536685,6.473161020914762e-05,9.911093441687517e-10,8.844981117219898e+28,19061.845350507367,69220799536210.28,29728.646399169207,2.8760665091368364e+16,43414.58493065466,9.145772023630687e+27,24778.144863345544,1.3934750708517047e+27,774.3436453276803,2.8838016690942407e-06,55384.17207465629,5.421046941472368e-07,43100.45366562783,7.251846946030436e-05,94519.87533067603,0.00037336115710689786,25992.03118926808,5.732820388307154e-08,5.843076957553826e-17,0.21791392610688878,3.146075592269772e-10,0.340010009841024,0.6599899898443686,,4.1698203186414456e-11,1616287.2723154563,4.252837405960519e-08,1.4799829823466355e-08,metal,metal,intact
6.441596403185932e-08,75947.55162254871,0.05406227735025301,17968.155477669337,6.179625992568094e-17,70038.71396361175,0.3811873811410716,160959.4397687353,0.0028292364553408346,1.485793682277394e-06,3459859.719439569,0.0007617577819398502,0.03481438757885763,0.09317152915016647,0.06938912403508751,67.04420825298438,0.00035680325676349517,8.667623286236582e-10,8.795015254851914e+28,19823.245642842554,384158258103111.8,28359.285579711588,1.1224963692014692e+16,41099.580851132254,7.032526778810205e+27,25335.449956921926,1.0112426370577988e+27,1155.8402073167067,9.23271451627444e-07,51585.54836011635,9.758561715458894e-07,10426.9353346948,7.589923166140303e-05,73998.66905574762,0.0005928295333535357,38437.843857199055,0.00019326382068686604,2.0954825176333917e-10,0.6109476876214455,1.0080213492411649e-06,0.0001858000636670384,0.9998131919149836,,6.03221322655322e-09,3451909.4054210624,0.0001683770171287825,2.488680355808355e-05,metal,metal,intact
3.976458351265736e-08,60835.24570269553,0.09791767322750239,36576.78080792648,2.808973152893461e-17,70468.9732653641,0.1787105742991844,101299.49013680824,0.004955295067971594,1.4875915228861513e-07,6525944.640485307,0.04431152381835888,0.09325759725318108,0.09373685530487144,0.3427147656788143,35.47355517439046,0.00020401014983939463,7.987372055428094e-10,9.908753571929614e+28,19575.674392512643,670731164594262.0,28081.93679244854,9640799039467086.0,39230.97251328179,3.634347852368675e+26,27573.220541164686,1.1252346968510905e+27,815.2453405396677,3.755419244381468e-07,65494.55495677651,9.145905171519816e-07,19944.822051361713,8.299656505860534e-05,94785.57783838746,0.0007251191877532788,25754.932493875727,4.682494045512451e-06,1.063862508160437e-15,0.5400329601805557,4.145369903778749e-07,0.18657305747828942,0.8134265279847201,,6.976757099325042e-10,3747855.4844897473,3.393963424956615e-06,1.2885306205558354e-06,metal,metal,intact
4.098280345279232e-07,63036.83244015086,0.016828750192284803,11750.310098776992,7.458857708503287e-17,69165.72338180758,0.10896003608066453,43903.109684353265,0.0032213797910740963,9.007833406207442e-06,8446194.581006592,0.057313590214962795,0.09978629537696534,0.09162889776804739,0.021237839837236816,90.56521565835095,0.0004845919002437208,3.416785556284899e-10,9.38928540922326e+28,16149.00264111202,495093672466727.94,25802.025985712877,9063588406942978.0,36059.204061713564,1.7342014329800842e+27,26168.672451738035,1.8081391361784767e+27,841.2779766818302,8.34390428588987e-06,40324.205042178015,2.905721069112506e-07,11038.640723813303,3.562966714313357e-05,92832.71975480978,0.00031591759313547783,11054.507695901873,4.1902788449298425e-06,4.627977586798816e-16,0.5172008727935514,3.7912666992360464e-07,0.3243308679055092,0.6756687529678209,,4.906821480578879e-09,96.1830297516792,1.1179805205373976e-07,4.078480792876103e-06,metal,mixed,mixed
2.253935800314197e-08,60061.53959819658,0.04572718366464217,29036.75295394322,1.6812263884236893e-17,70573.66169056013,0.17723489482550614,43157.75870835784,0.004003048234620355,2.60588760743539e-06,5216258.902155436,0.0362903340533412,0.049449879402267076,0.0573393618229395,0.24038170532862674,71.79091837596908,0.0003041740561409245,8.751352471400231e-10,1.178153269064989e+29,21932.593725335242,116923999048646.0,26946.740477737538,5.070155388893216e+16,40429.657743598924,3.45036575351382e+27,24868.22821863521,6.793619453689989e+26,866.8209646809061,7.977500543638101e-06,48962.5157194209,8.078512463048512e-07,32599.088059519065,4.554617112070779e-05,97568.23541259726,0.0003810788439631257,34218.06798027563,3.7145155173635673e-07,2.8052499413338197e-16,0.417131600659527,3.2418501206619733e-09,0.51247786009954,0.4875221366586098,,2.168385505684762e-10,79183.72392339764,1.8474480396265914e-07,1.867067477736976e-07,oxide,mixed,mixed
1.5110950134531868e-07,66846.27758746968,0.07918169834945187,12554.373547064495,6.077674743303597e-17,70810.57376379559,0.1166604542613618,91939.18288435414,0.0037743486931556412,4.49940786574996e-08,1093072.1641703018,0.07612789908530034,0.05897236134139752,0.006596711122360701,0.4070034666249949,50.24538939305876,0.0002727477887695205,9.528104045541722e-10,1.0900845125753996e+29,19909.14231376344,805838616567136.0,28813.257648426825,5.853899148940012e+16,49786.29238204859,6.257867179823734e+27,30739.276179392422,1.6553707672341462e+27,1008.3778875520838,1.4755462467305068e-06,41405.86043446818,2.2862912529234308e-07,7665.794335074017,0.00011620803105760539,87511.39506289,0.0004422375788180957,14318.619475693611,2.6668202630672552e-05,1.1259656804187969e-13,0.2959677776165435,1.96594174475984e-07,0.008966425168867004,0.9910333782369586,,1.5957886938977607e-09,1070720.7413760528,2.286169620478121e-05,3.806506425891342e-06,metal,metal,intact
3.444012094450289e-07,73996.48175224342,0.06933631712026854,25015.13539548744,1.7963263555111184e-18,69783.60124731282,0.21803646044268932,25830.612485190875,0.0038935996867529806,5.532227166500233e-06,8570669.036290139,0.0183663230678966,0.019269629106793088,0.03362523348500466,0.1812000440988461,53.957943695601216,0.0003964182268376564,4.759205057926328e-10,8.67394593106293e+28,23186.33517956954,608128908842446.0,27655.254860344096,3.685626871705315e+16,44405.59393357699,8.821071163154193e+27,28048.905895447504,1.481833642011425e+27,725.9805169024379,2.1725773759978265e-07,47484.2970383074,4.503616993016316e-08,7091.917786346852,3.144908427578593e-05,92414.01631252491,0.0009637339914606956,19147.688613729813,4.3554093093201895e-09,1.363025694036954e-18,0.30988186795697853,1.8532081319629583e-08,0.3534189305614237,0.6465810509064949,,1.4569760783004096e-11,222.13697292233826,6.664867192955265e-10,3.688922590024663e-09,metal,mixed,mixed
2.8414891713199293e-07,77583.87932302967,0.005879212539610918,14420.875222848517,3.1951963243318614e-18,70368.02060679691,0.3183049620745073,146216.5279820714,0.004751189732496696,2.2269505613158308e-06,7757933.680346598,0.07538554631982801,0.06976633556433896,0.03496066873436823,0.25510194286059046,44.257373142193586,0.00029975165147047306,5.897227996040871e-10,9.436073394646694e+28,21696.077777123868,649246492534747.5,28452.598035477364,3.4665789627305224e+16,44123.80307993779,2.334269373434323e+27,20800.96424077721,1.9463615796903856e+27,797.6615353873763,7.147418422321681e-07,68430.59558376174,6.216607327535418e-07,39188.76938819752,8.074524421514515e-05,72429.00536499398,0.0007046943238087135,31716.50483597856,2.472493632608769e-07,4.308215215086143e-16,0.3283101563490617,6.263623786758762e-09,0.32093311367006805,0.679066880066308,,2.3529151938295125e-10,2665492.956616545,1.8294751247369016e-07,6.430185078718674e-08,metal,metal,intact
2.94606790800215e-07,74052.96672640304,0.034541095421256995,21066.49697050671,3.912456291095179e-17,69775.52676251957,0.39848686831862357,110683.9262950156,0.004385937786932003,1.7932850553950934e-06,4571696.240930369,0.01866264289045186,0.06374036505504231,0.002283417059120116,0.1958088817948577,33.87790313543565,6.708497990606274e-05,5.617218154232064e-10,8.654263407149642e+28,18486.79872873947,293962139970391.06,27760.491557301186,1.7683156923752574e+16,39122.05827063103,2.6245395697847543e+27,25065.37114281241,1.3588055302207935e+27,1229.47940012635,3.0739577131494894e-06,66564.42639507486,6.361692683890228e-07,43914.937704082986,5.170441820006827e-05,96928.66713275273,0.000537958159733088,34839.55750394204,0.0019318827265366809,3.3805153508751314e-11,0.5029039843377322,1.2750656818533967e-06,0.043905745315606474,0.9560929796187116,,1.1887143644532662e-07,4137110.16931014,0.001762022748202168,0.00016985997833451286,metal,metal,intact
3.664510030216838e-07,78487.34163134018,0.05881140739947171,17446.693477357105,2.5954125264812333e-17,70979.67542592392,0.20371795102768037,141170.89756922424,0.0008022201122140845,2.867313376707593e-06,6658858.2429105,0.014488351823541572,0.04071963894777556,0.08883894537232741,0.024445139053948912,21.72997450671307,0.00010442205456773765,7.803855304700981e-10,1.0414578786873404e+29,22228.409485198048,41045344021870.98,26460.27067204201,2.5678648750228904e+16,44224.43392497707,7.314355850556834e+27,26615.126635729604,8.925976425789307e+26,1119.8298817800546,4.364943476774262e-06,40046.28088249475,9.039573153978349e-07,40733.441290968985,0.00011007407517979814,82921.73381269754,0.0009651310021597365,16997.648189441847,0.0027269946118529567,1.927489960235497e-11,0.5543878137761103,7.419797211776877e-07,0.12682344768917836,0.8731758103311005,,1.9420036466425564e-08,4796278.8463068195,0.0022785927206304475,0.00044840189122250917,metal,metal,intact
2.385828604449376e-07,73926.2247609373,0.0005604954769645917,29479.94465630398,1.501188995760826e-17,69260.78624359642,0.23779768447752853,152261.39597497188,0.0017341851362854916,4.53734500333444e-06,2056498.6392171052,0.03679604144105188,0.0532030082274515,0.09800816028636943,0.10071453767225111,23.302765859196263,0.00024742202246055264,5.841924445680588e-10,1.0483657900424036e+29,19383.344461868783,187593419379245.7,29605.07934123683,1032327677648318.6,41079.07607774727,7.54904654924252e+26,25671.40774650735,3.021364848686748e+26,935.4830083292586,5.227118349616513e-06,44418.37024871043,8.762492631947988e-07,27218.426751075982,0.00012122511530049897,84079.94476819765,0.0007222594935446143,5494.520579530303,1.9064331555182016e-06,2.1635113486942298e-13,0.3901264021928527,4.029364479619314e-09,0.020621672336619327,0.9793783236340162,,1.0239131318018059e-08,1954137.8261541703,1.5409105369878528e-06,3.6552261853034874e-07,metal,metal,intact
2.38217878027321e-07,62084.248945543906,0.048091135633951766,39036.511828371375,2.3734783705781697e-17,69321.47486288285,0.2246964973415177,167940.44444419444,0.0029597049367761767,2.321402826647069e-06,3048749.3332435754,0.03998850564067324,0.0584549835611081,0.014120509852179632,0.05918002145706157,13.41532918689707,3.880869806171475e-05,7.932665477186331e-10,8.919033614692137e+28,24207.732125386814,658157495228633.1,28646.39222245028,1.2012693129006522e+16,38057.92437425126,7.894104219051968e+27,30805.641352490886,9.795946630777414e+26,678.169120893505,1.0476154516016593e-06,51060.72761710214,1.1812683284128217e-07,23375.454992748233,1.0878543192303315e-05,80251.58991776791,0.000708206764484968,6607.793523806087,6.879730256609531e-09,7.366884084398401e-18,0.15220849426781896,9.698652071248932e-09,0.5605590198845466,0.4394409704168013,,2.235263194588052e-11,78384.28984629043,4.129499209243095e-09,2.7502310473664354e-09,oxide,mixed,mixed
1.287304764432658e-07,76130.67297236236,0.05055329442387393,18567.36475636186,6.804996950926904e-17,69616.66461982147,0.3655866850739836,81368.80683261623,0.004057211926599194,8.311772719570122e-06,4767329.326220227,0.017273299004558658,0.07954032333783785,0.09851745363824171,0.09503662174096192,65.90456193784652,0.0004176436121039894,3.3039661677755415e-10,9.340095845540498e+28,24644.392517282053,126492386217682.86,27429.461154299745,2.4302672120497292e+16,44749.81558714574,5.572095213664215e+27,21437.77318160531,1.8540606344284525e+27,863.15177217898,3.442455371046626e-06,64285.815455090415,2.7034518713484383e-07,45680.274315724186,1.3533798186795903e-05,78570.31572171018,0.00032147287231683227,7385.20785892918,1.3798700321074561e-06,9.474361486023979e-15,0.20371756180701292,6.262392396837809e-09,0.3409855611356756,0.6590144326019319,,1.7816792469717073e-10,1310077.0538337966,9.549838759958774e-07,4.248861561115787e-07,metal,mixed,mixed
1.9502222981161286e-07,79374.99497664854,0.0899594387823674,17728.069066209162,1.6951877935502786e-17,70766.35462097086,0.18430383853815654,121654.20081627187,0.0013825895657839273,2.2577815408295076e-06,6056692.040049596,0.03346100895602581,0.02175298938316193,0.02928349691962903,0.2311559848021794,40.321337109752264,0.00014287605696812833,7.675737700946107e-10,1.017347304095292e+29,20400.915920341446,534949605648049.94,29380.264186188964,5.9841740547781976e+16,41291.286576294304,1.3208739787904094e+27,37180.71895762392,3.449122316514315e+26,1036.5494629433103,5.741408111051198e-06,62610.14576731174,1.8350170733098942e-07,14362.537183423396,3.927410757662468e-05,72743.92715559217,0.0003486782477167708,20769.42798376655,0.000560330711071275,5.404647327991795e-13,0.43817501442613416,8.446821726471601e-07,0.5993584551379735,0.40064070017985376,,1.700089390592304e-08,316189.511636238,0.00041615649488130883,0.00014417421618996622,oxide,oxide,intact
2.1805412317877032e-07,74393.2804321344,0.0657856527050487,11390.148495772335,5.888284246879619e-17,70252.43723666252,0.24768738028383913,137935.03853873815,0.004465799913782433,3.936128953605995e-06,6850292.813847712,0.05834704078662242,0.08547831912335817,0.017444712997087716,0.3194190057763413,53.08683538964863,0.0002981074357138118,3.2434361779695425e-10,1.0394833107302628e+29,16340.431001089484,28443759077051.83,28881.35761112769,5.708496020030432e+16,39347.57985731739,9.088367883776145e+26,34809.5007541754,8.215974953044044e+26,1133.6467843769562,1.6240196851177198e-07,68177.9919146193,6.601647792851795e-07,32697.017263398924,8.010647127767073e-05,71907.16145930107,0.00042773393819988564,11423.928947239005,0.0020883367850110524,5.296883003107636e-11,0.5472837101118021,3.017197834249937e-05,0.051851451185887784,0.9481183768357697,,6.494890903682135e-08,5563294.008222585,0.0017327936719926087,0.0003555431130184436,metal,metal,intact
5.123671731178314e-09,61257.04527748782,0.07472883154702196,32615.79811483776,3.971395995641606e-17,69290.11478368737,0.14749435869892177,31159.269636141726,0.00417020379070845,7.058563647352764e-06,9165844.868253853,0.03818694788356147,0.03544378780748254,0.025681114315014655,0.3287819090435841,72.45984422678411,0.0002182606032692231,5.411696408953245e-10,1.0620829162574376e+29,22235.490529398576,43162149424667.47,25836.16845224413,8821513822826904.0,47784.095166771396,8.00380945430881e+27,31148.293754192993,1.5263032973309114e+27,646.4316891233003,8.940824838759023e-06,59329.5708180512,8.122387682943744e-07,38901.95137666821,2.0619562594510092e-05,71682.45176037241,0.0002539617150961512,26480.263690802367,1.211887614457064e-10,2.7587115024002476e-18,0.23614854425449094,1.0141511383171108e-12,0.09051288057235539,0.9094871194266303,,4.296751862900349e-14,7425597.10973215,1.0811591950453363e-10,1.3072841941172762e-11,metal,metal,intact
3.4820174450654284e-07,61968.794809730156,0.096272058763995,4923.486755973498,3.829871780695139e-17,69436.59150566925,0.1336147992320419,26481.806725986236,0.0005458810601065518,8.484498957561009e-06,998895.1931105277,0.0683159645368292,0.09111913791051075,0.02712533057796992,0.4186426042771833,58.724277319403456,0.0004906431748979954,7.117126336987745e-10,8.765966951772077e+28,23738.90431754937,452026004046402.44,27210.12773700561,1.852264535020287e+16,41813.8153930821,6.902658125655428e+27,24728.48778036145,9.930636295426913e+26,695.7860896935897,6.7350847478239944e-06,42795.63167217077,5.060985200124834e-07,13936.143586398422,9.401059665881592e-05,76132.08356602139,0.0002739333490190514,11829.191137597518,2.627892804101259e-07,8.971168136833005e-18,0.26323479755455875,2.848339620934309e-07,0.010345360224152327,0.9896543549418856,,3.1172159966229066e-11,0.07692632638246279,8.593881926901947e-10,2.6192989221743574e-07,metal,metal,pinhole
3.365217019935924e-07,70731.61134047182,0.04157092989535304,37117.6976140607,2.3090550234376435e-17,69747.04124493034,0.22906959108114988,151704.3210706677,0.00436455954670164,7.517567296420251e-06,9640133.097972311,0.05842326333812108,0.04216397854471417,0.012127234060515479,0.4780623348877603,40.662199666447464,0.00029384627451123796,8.821623688229907e-10,1.0004525048844372e+29,21139.10516009932,586383837089081.8,25688.36878114892,3.4419776463584064e+16,37399.69933171038,7.937456781636626e+26,25897.37514461073,1.3477065209660873e+27,833.9282777646076,4.04178108228173e-06,59662.93710974172,9.155636957633468e-07,7963.052196334545,9.581085640733107e-05,80803.3083018483,0.0008936435989119831,12947.048781002803,5.0709538952358635e-06,1.0970098635209009e-14,0.6920308352069919,8.192156680074496e-08,0.5819562688256391,0.41804364925279414,,3.9606573902363156e-09,296048.94113631104,3.3166959978631915e-06,1.754257897372672e-06,oxide,mixed,mixed
3.388718905421477e-07,79318.46431770788,0.022289468730362624,8795.78289186734,7.292160602453695e-17,69131.33714529345,0.36103172866117716,141702.84198399715,0.0010874491580165687,7.006413472006169e-06,2349614.996792448,0.004760139124865396,0.08570280744083739,0.06835237847789982,0.24348782506674407,43.733929045908816,0.00043914904772274747,5.962324663217817e-10,1.0686541650332542e+29,16956.636247207673,452233964189206.2,25363.70452028076,3.234325307970938e+16,47832.06540864398,1.1150016284166903e+27,29146.567155702658,9.400115412411273e+26,991.7965427850821,6.315582906138298e-06,60312.14835736269,7.701041803714662e-07,16929.607750825693,0.00011236854062544409,90896.11950085699,0.0007424509094513393,23299.008778998686,0.00024013731934378023,4.685028375199692e-12,0.47421903498039425,6.631194677223485e-07,0.18610935228525455,0.8138899845952776,,1.1576184325446564e-08,1424675.2430855415,0.00019472767222277542,4.540964712100481e-05,metal,metal,intact
4.126439736474594e-07,74074.48589014383,0.022413012399765325,13749.505703854946,5.96372744605455e-18,69621.06791309387,0.2717357444827765,44751.06377191616,0.004238586416306783,2.7122184437576482e-06,8486384.397217812,0.08203673302661396,0.030937899891623828,0.09204040023117334,0.0770733945765224,43.07141299734429,0.0004927795336670579,4.568992910783319e-10,9.481571000734155e+28,16309.827395409104,587250024494878.2,29852.157418181378,4.863319565930061e+16,44963.650317798776,9.064688226732996e+27,24991.753889390624,1.0232924783025962e+27,972.0239995949153,8.500522465678438e-06,62976.30132047979,1.5991020452504272e-07,17127.44829606849,0.00010648361672749172,71600.02714956088,0.0009381990314795306,17234.518143666784,4.576479533654886e-06,8.721106425231187e-16,0.4323246634883769,3.787975771004028e-08,0.3151715230970368,0.6848284390232056,,2.4034560255691378e-09,10177.835531427738,7.189029372396017e-07,3.8575765964152845e-06,metal,mixed,mixed
2.4595546836215136e-07,60569.788499272865,0.09453585492957262,19819.631839544913,9.449503528814184e-18,70928.3163066864,0.16703067334331767,145291.26613857847,0.003367957183405513,6.858670273938187e-06,9884889.127138158,0.045503751812906314,0.04669315284886433,0.09934337918984751,0.3690964003686203,30.456269874744528,0.0002010115246600787,4.656816213632664e-10,9.84629026181559e+28,15132.809631895921,380416592284626.06,28902.674268837727,7026553921464898.0,40948.53455050642,1.3050210413942738e+27,29849.023825611075,3.33911414647797e+26,1001.8108898381048,8.359785396772989e-06,53733.69735100668,1.2526880636234224e-07,13768.954026636773,7.657237293021828e-05,71724.93437524104,0.00021783224067051287,34015.29384222295,0.00034685208115623335,5.08521176887316e-13,0.4478037053677507,2.4099694389404585e-07,0.4766546336543766,0.5233451253486795,,2.2524142389528128e-08,230875.87074505736,0.00015970580614077886,0.0001871462750154545,metal,mixed,mixed
3.23330195228077e-07,67139.22862624767,0.09292257570284272,44686.7412319757,7.491741676526336e-17,69256.21802723128,0.27031791955811724,46763.71912719971,0.004935744706263356,1.5564952969272113e-06,9176351.370481167,0.00820766599169222,0.09630197307411917,0.03406010202424044,0.4307062961819553,74.07188592462272,0.0001535171348876886,9.873000184150167e-10,1.0542899130627098e+29,22972.197017802646,114253196504055.3,26457.950582111724,1.6497827612193676e+16,48877.08830335046,3.3641536003580846e+27,38110.54058327375,1.7039165327364167e+27,746.8258785949545,2.0309711675427324e-06,45953.85419444686,7.61661137530307e-07,16642.642532074784,1.0115235584309297e-05,99143.86702518545,0.000664282304639022,14408.695385163444,1.192111146779782e-07,1.5718535293789688e-16,0.5618548793568539,1.6946561721730942e-09,0.32810610809689644,0.6718938902084475,,5.2132629977226734e-11,3632347.313791091,9.777805424900294e-08,2.1433060428975267e-08,metal,metal,intact
1.1026282446651612e-07,68087.07275726281,0.04416322431356687,30044.966924428838,7.025116040734728e-17,70456.02708864785,0.11092350090458455,71015.67613439642,0.004084266989452277,9.720391830787285e-06,9956925.502368089,0.036202942916026534,0.07118082454218112,0.0014909072275448756,0.18098346376044075,84.45518307642045,5.124788869418598e-05,6.108002311114816e-10,1.1511580244415397e+29,22304.697750098385,348716436121594.2,29049.899904031874,4.041664404177509e+16,41757.755725320356,9.47367515336501e+25,37145.03861609365,1.6559085881930223e+26,838.3181727128477,3.6746438869718226e-06,68568.84113245117,9.726857119476801e-08,35851.705755010335,7.150219210984178e-05,87315.34879784909,0.00023791911448512484,32254.982665767206,1.4840946296685303e-06,1.1404471426102046e-15,0.2210636892305913,5.938996998298136e-08,0.3084512352863371,0.691548705323693,,3.1450925983537e-09,1737.57997082736,3.2555987035518555e-07,1.1585347593133448e-06,metal,mixed,mixed
3.3605623948194726e-07,66509.91018354661,0.029714966819281808,43877.275124128944,7.903585781442026e-18,69519.61934851618,0.36787839162345,138246.3163664543,0.003187906981445057,6.106872185992816e-06,9072294.784582509,0.050386523435375564,0.06968861540415325,0.02621183655837086,0.28950760144071275,73.73538459330311,0.00010053061446682437,4.59985922173464e-10,1.1758694096174072e+29,23245.831874555704,323027169291912.9,29592.05843812257,5.624001466226411e+16,37592.047557674494,8.420954919533219e+27,25340.37049153492,8.015336806479952e+26,612.0436973898686,1.1983832086248152e-06,49497.70760095779,1.9831444212266707e-07,21546.591605081696,6.8682730420702e-05,86019.7586911241,0.0006699498201063294,33627.84632099066,1.4283520047056999e-10,7.201453402616846e-20,0.2640330473021772,1.380826260798902e-10,0.32245481293696016,0.6775451869249572,,4.170472149245244e-12,4403.448051070854,2.9656203653288904e-11,1.1317899681728108e-10,metal,mixed,mixed
3.273895354836932e-07,78176.58080806943,0.046545584404930826,8629.373455971792,7.629063625421926e-17,69079.73654256103,0.3091270177735793,38228.510205638304,0.0015047212162778583,3.5934488712556287e-06,2309694.3937568357,0.03645856213637803,0.01176713719060777,0.07103544696151104,0.38047003887264985,40.91765809482665,0.00047987251925991437,5.383927770761379e-10,9.670581767332733e+28,19084.716528013283,417193184153525.6,25669.29822672676,4.8904681806715656e+16,49953.90073797561,7.086366661094892e+27,34427.730845003454,2.7013551890326713e+26,819.4958755866664,6.08526169384375e-06,44070.70140665228,9.237050610366364e-07,30338.652166210613,5.5616168612430784e-05,92738.38617654145,0.0009788063070999527,25143.679552401183,4.3994328209791225e-07,7.26724132242156e-16,0.32665097944603966,2.024084892161091e-08,0.5143274599201859,0.4856725198389652,,6.55181684449296e-11,40028.52044779858,2.351453042483258e-07,2.0479797784958644e-07,oxide,mixed,mixed
6.980255365239145e-08,70820.8971667237,0.06656826930293784,40500.9193051546,3.4253549413621858e-18,70003.76329590914,0.25472107596106336,158267.31016926956,0.002099547079712971,4.8055230584862515e-06,867234.4781785914,0.004941047535505844,0.024003433185371275,0.030477192590292617,0.435003414245765,22.007815266913685,0.00041772964109974326,3.442937700154539e-10,9.803922368495219e+28,21914.01236453963,689416740697817.2,26920.65507277217,5578867228576056.0,46715.75261258099,6.518391891880458e+27,37485.33923880203,1.407032110229443e+27,1228.7187754579131,3.04168540511156e-06,59881.74105438747,4.7486145317278983e-07,10522.789532790648,2.0120226625313012e-06,74483.73700885382,0.0008148538457224501,17800.69764188351,0.00026694737424207474,7.842336190876438e-11,0.36141586781756657,1.234671416090638e-06,0.014573443319118161,0.9854253220094656,,9.01142883488967e-09,840019.3339764418,0.0002509147332775591,1.6032640964515647e-05,metal,metal,intact
6.410369234675648e-08,60452.22908470869,0.04612861012731749,1908.318220549109,1.7939236742015006e-17,69848.15983021869,0.12331390648751062,169159.80554827637,0.003311897800647403,9.605814489083885e-06,9586557.914269235,0.011938439616931962,0.09404403518365427,0.07552257943194866,0.4193789431668479,95.82140132707117,0.00043856667922661645,9.984991534390478e-10,9.062788364553044e+28,17563.671738144312,151915316470134.16,25154.845513150703,4.198235322912921e+16,46355.930313056735,1.526640554714482e+27,30221.70334333421,4.250433169662842e+24,748.9749145799569,5.7026242248643895e-06,50758.39216929648,4.115076897095582e-07,47584.87377056092,3.641802311449603e-05,79425.34699296734,0.0008842027990779762,6697.0884397957625,1.8307858235442674e-07,1.6849419724594568e-16,0.2023918755199473,2.6772242909742443e-08,0.44297687004637376,0.5570231031813833,,4.993886044781565e-11,7311.7005248477435,4.322860007658198e-08,1.3984998227784477e-07,metal,mixed,mixed
2.7283465295453125e-07,74418.1911107155,0.09096868549450221,7730.230843744754,3.8341512478635375e-17,69281.20493834092,0.23836743635142404,129030.90957260905,0.0033357194089485673,1.920565437478335e-06,5194643.348736152,0.0966238340077062,0.09607983911996713,0.02406597998814813,0.47731842132042535,57.738790338688496,0.00044860312809031673,5.870118253485501e-10,1.0195594625535018e+29,21392.212767553723,663956415741240.2,25080.86159935601,5.801487541255751e+16,49293.14595406617,6.368657771479719e+27,25150.823761117143,1.6074779017740588e+27,851.8996896354971,6.683060329896275e-06,50386.3458587759,3.8428573758570846e-07,17248.92845455371,2.232859730859383e-05,80695.49960467784,0.0008082336189473813,16626.132850232814,5.665184765953108e-06,1.5585805606419987e-14,0.4420348337402868,5.0750332901511e-08,0.22842310621118161,0.7715768430384855,,1.6713941005702328e-10,2639918.252688625,4.165221607604906e-06,1.4999631583482021e-06,metal,metal,intact
1.7231976234927682e-07,71378.43791605154,0.07923748057533211,12286.139525284678,3.333970377401289e-18,70907.25847675127,0.13080154478667594,122288.43736153298,0.0030284046902650237,9.643779249094609e-06,49856.50454120551,0.043408265528019706,0.033430483858709864,0.057024892804985294,0.1846127129663819,90.93141914904587,0.0003586244563739189,3.355384562034867e-10,9.375322333300457e+28,24347.026144095944,20316307852511.957,27104.90804713666,1.2134429836671364e+16,37910.00361507028,2.52363708122956e+27,34774.5769803873,1.2619841049716101e+26,1144.885240026213,2.538311785562641e-06,51378.596421956616,7.107178509550875e-08,14562.516126217297,0.00010296356652215445,79491.95924005589,0.0007590588962692025,18454.289337087423,3.564996966856622e-05,6.608293746694347e-13,0.045347786445345914,1.4259246547798596e-05,0.4133198981298328,0.5866658426236193,,4.2756534580372054e-08,193.88697629762925,1.2424404945727405e-05,2.3225564722838813e-05,metal,mixed,mixed
2.7155003775518466e-07,61957.65829633037,0.06828119023060716,19971.989748444474,2.5330940315060128e-17,69087.7684129267,0.2868678233753999,103857.47703111717,0.004382103900926925,9.772191899353667e-06,4422381.220714333,0.01184888640964178,0.05616418860178849,0.08549983118748361,0.02135723762376618,18.417407899575323,0.00016219410711942035,9.474957514197935e-10,1.1302404683714429e+29,22323.258467803906,23187675147567.883,28986.77640751296,3.671993173619623e+16,36611.287743138535,5.651774141004164e+27,32400.4589685888,1.445079954605026e+27,1188.2930719558785,8.639362936113112e-06,59071.25684705746,9.125054001775183e-07,41280.28574346446,2.3046011856980332e-05,73363.08527776472,0.0009869094275444116,10651.608674691786,0.0008827006707755872,4.8069051362993746e-12,0.5343900715902475,5.72518715472666e-07,0.4663112595124686,0.533688167968816,,6.736618355435305e-08,487022.1526236024,0.0005855176680599033,0.0002971830027156839,metal,mixed,mixed
9.03339906053703e-08,60972.30438876462,0.05457392821433698,5195.558790136223,5.088291120120352e-17,69819.86485556596,0.15265290407671073,23512.838817425683,0.0018015679296689176,1.6849862758628496e-06,1489095.953911194,0.033636345084182305,0.061276635452784195,0.011079836792074752,0.13607525595514192,81.63625723413875,8.612408914737609e-05,7.248997594162695e-10,1.0529804980213462e+29,24660.03098036578,702694818922719.5,27743.178683891278,5.918921999805904e+16,47572.87707187452,4.2291841596233887e+27,33392.72731620334,2.4177540677221867e+26,931.7495769194197,1.7494235560813368e-06,63230.19867694715,8.379527811462393e-07,6007.9175912115925,2.782587992199165e-05,86304.70272073643,0.0009664523072586065,26056.161867027076,1.6289853358156417e-06,7.980205770337363e-16,0.4863823213603931,4.779934519005268e-07,0.445998797771636,0.5540007242349122,,6.994688687263937e-10,972.3224076764001,5.034808881005085e-07,1.1255044477151332e-06,metal,mixed,mixed
8.56105080770212e-08,65289.27351611546,0.04270431787080463,36365.3596004573,3.6924540743848687e-17,69468.2606478934,0.14849069649058982,118389.62486237263,0.0017480925755024536,8.681718898474908e-06,2338583.733797687,0.011442952447557843,0.0862210976144944,0.03228564075605886,0.4817686966713589,11.659906469585303,0.00029677025119012287,9.668595773783142e-10,8.79912033609494e+28,22132.731630560804,599747641458003.2,25954.54502794418,5.5241639945397576e+16,38570.14308431038,8.919643494993288e+26,31836.29025759233,1.437513485635105e+27,1128.6622021483104,4.020975867624327e-06,61652.4120320293,5.305007102854868e-07,32139.72203983315,3.1165918326282196e-05,70598.95080732,0.00042851432864401533,18807.09814238758,0.00037105926443321537,4.199809664800521e-12,0.3979101495554221,5.724038491484855e-07,0.42068903333160906,0.5793103942645418,,2.3791548194606095e-08,656933.1335245877,0.00030395568478256606,6.710357965064931e-05,metal,metal,intact
4.2327239092312556e-07,65533.542549771475,0.03888160632856803,9128.090259783552,3.546012543031743e-17,70504.05775253853,0.36844762098875505,128063.53660783726,0.0039227859969695675,9.97218240703037e-06,3970841.1009931574,0.04553637958415395,0.039990390057716915,0.03916020665059702,0.11877149968163184,35.07881177520962,5.064407442688317e-05,9.800223251236652e-10,8.09193936479585e+28,15699.56047143612,94749095053938.42,29989.11318873511,5.310645166952961e+16,37569.782259843094,9.749118119008331e+27,36921.43399498846,1.332178202650008e+27,1145.1229598262782,7.802334060915653e-06,65629.6932847721,8.106334908455028e-07,28867.267190727514,0.0001008833557980378,81799.45561870461,7.007240946802629e-05,20965.53214551021,0.0005780397497556792,2.8858128599093497e-11,0.5343978663418498,3.149811603788882e-07,0.08427340622562919,0.9157262787932103,,3.401971604519673e-08,3237766.529738181,0.0004996338132591811,7.840593649649811e-05,metal,metal,intact
3.3018112677409e-07,75876.1756309228,0.042282630076144044,35076.73156774495,2.8056290195309766e-17,70705.03530922436,0.3316264263329579,127113.70024076109,0.004006611450478786,5.818916663118555e-06,7421677.992671656,0.07890021567329265,0.08555164686711612,0.042245897470622865,0.28849614898958753,64.58982738058623,0.000291803583427344,6.401226429932796e-10,1.0664618007245981e+29,23441.044112147538,229331903007428.22,25397.90044417335,1.4669424367307994e+16,46458.206873500516,4.00440537883784e+27,39097.54990556771,4.292120074361507e+26,1065.4124280267097,2.1195284196859553e-06,62518.15073791609,3.055126950172019e-07,16899.838480071616,2.109316429703409e-05,92520.08953366912,0.000943303589499577,38108.37592775353,0.00020481278722646635,4.1534397576549935e-12,0.5203075145360708,3.819240106532074e-07,0.08224705155692101,0.9177525665190684,,1.2956952702178428e-08,5981462.536696,0.00015926828271094386,4.5544504515522495e-05,metal,metal,intact
3.80176601473179e-07,64360.27279691672,0.08855644274394388,14582.12600197669,2.891632099197129e-17,69362.42359629976,0.13510697794426696,157355.06441591875,0.0016412126338952006,9.891010359657589e-06,2194906.13575906,0.06582388484806993,0.0017716492946053147,0.03503436794748862,0.13134262158525598,25.64399683654459,0.00018353386112658523,4.23598461148464e-10,9.08124711058722e+28,19048.27671135569,185568416456386.2,28429.99725261496,3.613435253492509e+16,39223.301443417455,5.43891823149102e+27,30891.96505861034,1.7701504051998825e+27,870.3830984195677,4.981397369273947e-06,59531.95721362527,7.819153193734861e-07,8430.88519823508,3.805300623300999e-05,81030.22709684884,0.0002454819127053925,30711.15745073866,1.2107116984423248e-05,3.821990341523406e-14,0.49997186813877054,4.651531957829172e-07,0.42838750930118263,0.5716120255456216,,1.8381241503106517e-09,9313.666359097251,4.80437015191002e-06,7.302746832513228e-06,metal,mixed,mixed
9.873176638230092e-08,61519.520276465584,0.04371852612782935,5656.907962817696,7.429419659570206e-17,69991.42852692565,0.12408389586789813,114235.28518699559,0.0017714908889841076,5.4869641539506065e-06,3495944.7385491915,0.028989668887883492,0.07505117998902461,0.04419896736531474,0.3043885762351909,2.6474465997355185,0.0004940845524849408,5.846858139620772e-10,1.09105717648481e+29,16025.247356376614,302650950378798.25,28714.042699083486,2.0758719257695584e+16,38261.8349123233,5.779761055814067e+27,30293.450227385947,1.0250350083706569e+27,1139.5867579207866,4.510713199273017e-06,47599.687032057336,3.214142073401626e-07,37215.38401570528,2.001345663420988e-05,97347.68210839608,0.00026916977832218474,15533.82432536432,0.000527361920197014,6.5272523628919235e-12,0.3712481495961198,2.3230684127465432e-07,0.2005816119037197,0.7994181557894391,,1.497080607994498e-08,2083559.306509845,0.0004361206551006505,9.124126509636352e-05,metal,metal,intact
1.3575421164946477e-07,77098.90071470167,0.007605042466454789,9435.636725291022,7.306928576308895e-17,70527.15413743141,0.27722892374717073,137681.07554074968,0.00306080826333396,6.277725339681217e-06,5541280.247628655,0.05511158820922323,0.09518443400368864,0.018192343129821185,0.18599324260882882,84.47282006177511,0.0003551884658943783,4.154760856681653e-10,8.498213887104839e+28,23941.98930122125,278294865300442.5,26301.503278202803,4.1597073207090376e+16,37256.16670125492,9.507999572956831e+27,23992.101425068755,9.532828715326982e+26,987.7728744086139,3.1179578602102963e-06,60729.57711481371,2.849352249608187e-07,37735.12583187028,0.00012500092969446605,83471.68628673599,0.0007501064587080563,21368.187446042648,8.914206574255693e-06,2.2975623318518366e-12,0.3383064089828834,9.635404567270031e-09,0.007043516413071779,0.9929564739515238,,1.9145350437045517e-09,5449559.920125714,7.402950110308263e-06,1.5112564639474305e-06,metal,metal,intact
3.50971986258425e-07,68549.7505514081,0.058411410528182044,28646.555124557846,1.656762036099748e-17,70040.5756686806,0.2759629364976654,101399.8301000255,0.004666272259306338,9.871761757194611e-06,3662356.42332006,0.05011884335877005,0.01706226078227243,0.06512169494055169,0.15773547495791085,4.299037411695805,0.0004993005099835784,9.796056534214655e-10,8.927143233936977e+28,24964.68445062887,596059777362807.6,26903.559518712205,5.601924452987596e+16,35324.61721449328,5.955368251704921e+27,39108.0090702647,8.947046945002015e+26,676.3058807032334,2.227275809287867e-06,43919.46241341685,3.468557494037332e-08,48866.4131496551,4.21973029527988e-05,82170.93414095484,0.0006568941318385794,31300.519287454816,5.192946019830511e-09,5.310607710850711e-18,0.027483134060296368,7.949633370875739e-09,0.2356223930360976,0.7643775990142689,,3.196346944404369e-11,613.3683258176953,8.817653893831845e-10,4.3111806304473266e-09,metal,metal,pinhole
3.980523143413445e-07,65690.91216928854,0.032354992352875436,41026.174815641556,1.5437431475537772e-17,70023.14289713149,0.21119018564011255,52036.68156221614,0.004994309778584687,1.1127706168600126e-06,173704.7210280121,0.09767485712273417,0.08711265225263613,0.08572347522780506,0.2926787271559978,13.47599364704598,0.00024181154250562759,6.236279667125947e-10,9.597192571884592e+28,21401.22784798119,218018075414187.7,27447.340408105425,1.993349500994729e+16,40620.24169250291,4.186725598560932e+27,32926.64473190493,1.2356629207517413e+27,1110.5033934292246,6.977533716584698e-06,41508.78466110103,3.172239040610667e-07,39376.706151489794,6.282813273156424e-05,75782.89884735992,0.0009720496267292171,30967.804156342612,1.6625316171631337e-05,1.7607022301090376e-14,0.10691448043515113,7.658236752669674e-07,0.40820811036185345,0.5917911238144713,,4.13159626744017e-08,1159.33168962295,4.417677777986618e-06,1.2207638393644719e-05,metal,mixed,mixed
2.0956642147755488e-07,72564.0908791509,0.08579159108784315,10049.951042957136,5.342757463178073e-17,70461.7900885756,0.15252635393389752,71445.5086040057,0.003264990751026984,5.324600431798263e-06,457561.63328904787,0.07969889612698867,0.09528468420368838,0.0718028394842851,0.2873056821521325,21.60484851360654,0.0002232995035032039,6.624085258876555e-10,1.084518959109263e+29,22176.761496784224,95836658747353.05,26403.087786566048,7173893471630721.0,46469.39385095481,7.915440804256503e+27,36698.298892576946,8.743466595570804e+26,1242.0399863082903,5.239308858220766e-06,68972.09128203143,7.472716195799987e-07,36599.88697082218,2.3638524799036523e-05,94978.23124502122,0.00015386808420509514,26571.007932963043,0.0001677948866881905,9.062259778650202e-13,0.27833408809569354,1.1035843175254025e-06,0.45869225322003426,0.5413066431956483,,2.9774290233272873e-08,14250.81289098357,7.142042030561726e-05,9.637446638257325e-05,metal,mixed,mixed
3.0271206129240366e-07,65863.185660747,0.011049392527769462,20038.716550197954,7.60198134931232e-17,70019.35772817818,0.3763481157177277,164901.29657322454,0.004517679356207716,2.614145596668615e-06,7031035.132690197,0.06150128483903948,0.06655086416411263,0.006448813661799009,0.22926128366623752,21.301099190543958,0.00013774070628531595,4.3118552596574614e-10,8.436336510649038e+28,23818.298195608382,356893391118604.06,29934.593734674,3.930006919990095e+16,47218.593452925255,3.9081637826394437e+27,20100.183941032334,6.665547186585758e+26,580.1242076806458,3.821442191539149e-06,44840.83648176928,3.539231824892245e-07,20052.944332533792,0.0001277257110846034,90043.95711816492,0.00041714336832194453,39632.18408842482,4.5181384706409183e-11,3.445768062542753e-20,0.2931903649314097,5.741680144827512e-12,0.5661425266224559,0.4338574733718025,,2.789024702769981e-13,150878.3619623383,2.582170673701775e-11,1.9359677969391435e-11,oxide,mixed,mixed
2.597294585731084e-07,74689.0452202015,0.024914532545048336,48860.00850588149,1.2951823035091023e-17,69166.79310736398,0.1535748664755893,159853.6216384037,0.0028932294113318455,2.63327189384629e-08,3339385.88858184,0.04075948780896821,0.010568428789476397,0.022334594919285154,0.11058632642166373,64.72781935510747,0.00026448628409623143,4.687084489547104e-10,1.1740099807537872e+29,21208.78444912951,650963281501320.2,25386.29770891588,4083260362311543.5,37838.20306216826,3.111345214325362e+27,24213.502597716888,1.762990198036972e+27,816.3228504704193,7.5259786533228966e-06,49282.46983004501,6.679979600355228e-07,27453.25556167515,7.104285870368698e-05,79142.09970205656,0.0009231994502672443,11353.264080635681,1.1208438396824564e-06,2.6239935306352184e-15,0.35340821441115783,3.6614346268512377e-09,0.005697796550820267,0.9943021997877454,,7.848396438246995e-10,3298468.1140691065,1.0378183015625665e-06,8.302553811988987e-08,metal,metal,intact
1.3364219839613955e-08,63978.9024489749,0.020525049582606515,44293.093971914146,7.481669624983516e-17,70410.84179704495,0.11840706116757833,53129.52371756943,0.001135377312221744,8.283840132694052e-06,4155713.515657128,0.05495654401867705,0.022639830334477563,0.044477271517103636,0.07561562045680609,82.76072970359255,9.218279843328744e-05,9.413427457871324e-10,8.24277660229404e+28,23530.950029921234,548970352555530.2,29866.98721685861,3494093847413757.5,35048.33161715706,9.534161249196444e+27,28382.941398091007,1.3742165944654178e+27,1181.930097418027,2.1867099323966657e-06,63884.62865844574,6.550199356169204e-07,10002.034263681899,8.653494173681903e-05,73705.58835027409,0.00040972380541303316,21825.385870143924,2.500565516062186e-05,1.1879709394757136e-13,0.5896095661762784,5.043502496585369e-08,0.4894335120718772,0.5105664374930978,,1.9912417459341562e-09,418724.05594839214,1.7577299317357722e-05,7.428355843264137e-06,metal,oxide,intact
2.1856121011458258e-07,76091.43041931791,0.06311920326681217,21537.626751571253,2.330848080637376e-17,69045.13026636718,0.2253056132237093,125822.56898495817,0.0007902209596115305,3.95103715341463e-06,5755516.467361024,0.0006492458414894295,0.07996352142938022,0.0874259259197001,0.20937084359417965,11.574032168150476,0.000410840301310603,8.53778606304987e-10,1.034402579777186e+29,23157.40172840237,523438920560557.5,28398.5031086508,3.800914106055969e+16,35473.88611676989,1.978845939766963e+27,29532.680739468273,5.5746275722519436e+26,713.7002810808177,7.679135940944337e-06,58109.726646275,7.400073402251497e-07,35383.814294358206,4.582789256855357e-06,73252.00636827548,0.0005662237361423956,10627.828859888436,5.322720813885763e-08,3.8266442850851074e-17,0.27970346160464826,2.2832271949696692e-07,0.9144765587134485,0.08552321296383197,,1.123071074205406e-10,136.56596729984835,1.9237213426392932e-08,3.39899947124647e-08,oxide,mixed,mixed
2.524954733527294e-07,69885.69583978133,0.04908546171226745,37110.14566974933,6.836063140009125e-17,70799.77871201305,0.11378459436196246,56799.35085944933,0.004473128002640658,4.7432684072452315e-06,2124382.9860804104,0.013193069502328982,0.01027671253905759,0.04341526663680409,0.13478315012848105,49.153680431987254,0.0002766601961556228,9.62652655353421e-10,1.1277923974557685e+29,19108.589123260957,752917264598111.1,26103.205030286605,5.962409913654392e+16,46012.90397716632,4.325200825686561e+27,39202.33539381424,1.616624502473074e+27,641.047555171085,2.0414262819097646e-06,57908.103162090614,2.15834015789322e-08,22735.359502592422,8.82526922025794e-05,73282.5888214842,0.0001328759916374094,7544.045674327614,5.134057162007802e-10,2.4942717706564278e-18,0.05563860789234543,7.04378654876548e-11,0.525801490040419,0.47419850988914314,,2.0637537684417354e-12,322528.42879009247,4.3681240258588814e-10,7.659331361489203e-11,oxide,oxide,intact
3.827480603573104e-07,64060.624271206776,0.09101808552934836,3030.343582425834,1.9849732946481458e-17,69665.90803160824,0.2698419185985685,24429.340570104083,0.0025353124393342765,2.1234056685279087e-06,2453430.4400580055,0.01792733230048632,0.03411472821776014,0.07522655303393765,0.11743627086761269,50.58673783868372,0.0003177539496017077,9.592807047350282e-10,1.1745987420633233e+29,23452.850580038234,730867321731965.5,26031.137669384683,7558684163376978.0,37279.31999535319,4.0860963742021904e+27,38664.50234322056,9.729226774558281e+26,1042.0297804394509,9.331774944415808e-07,60947.93677383987,3.618212755386753e-08,34091.02905701698,6.534766993312847e-06,70427.4204430523,0.0003260084171366788,5587.9793639618165,3.526420246764096e-05,2.0669894443963587e-15,0.12840304871369465,2.276678027472403e-05,0.19969055371332267,0.8002866795064024,,2.9874039679147095e-08,2.237314590185821,1.3294004395049641e-06,3.393480202813599e-05,metal,metal,pinhole
2.779534358716096e-07,74173.85175279343,0.027001623954664367,47031.74849295099,5.1662784570589676e-17,69641.51295535768,0.15076127325053668,134141.23107500817,0.004710442660205304,3.156054186203544e-07,3195460.2459332757,0.07638342677326763,0.05987663301673604,0.006345551690789581,0.48860064602413894,73.3294592398449,0.0003577214636538059,5.316270034223236e-10,8.440202292415296e+28,21719.329476075563,466609806582392.94,25148.687911507943,2139365563117114.2,35488.09978069574,6.117833927384909e+27,29460.62217168375,1.0365289966740442e+27,801.3740842666298,1.2712182610061245e-06,43494.35473210322,6.617744843407095e-07,47119.53855537086,3.62461868367473e-05,75265.26117952648,0.0002293981642384275,14023.710253621322,3.1202307038016917e-07,2.653799707233879e-15,0.19534161806596104,2.118376696335746e-09,0.018274992959931756,0.9817250049216916,,3.5359979689987615e-10,3064880.3286773623,2.6689148052153597e-07,4.51315898586332e-08,metal,metal,intact
2.4639142377705415e-07,67084.97072004026,0.02410351712331107,1154.8998430754461,2.79134344964998e-17,69610.427677779,0.1636991657924915,86861.86269949764,0.003744759305217579,8.431081595486738e-06,6871282.482056482,0.09494875857361457,0.050683399751313085,0.0870162587898855,0.13917095002475244,20.170568913267527,0.00012759804626385728,8.775961117791753e-10,9.954609276806214e+28,24922.481729198083,683689800915169.9,25985.95638685519,315666753073392.25,48075.398855237596,8.14900223476002e+27,39639.86944552515,4.529959763477103e+26,998.0041614749898,2.854844657667685e-06,51654.938141601866,2.5864854157254795e-07,21893.19182217793,2.545984622959698e-06,77854.860014306,0.0009694898542242316,16266.49158653789,1.3782577736947165e-05,4.1165436592586157e-14,0.4450941832600466,8.221765444092821e-07,0.4080246589642492,0.5919745188592063,,1.9597084880825967e-09,555857.3197378732,7.034014929918458e-06,6.748562807028706e-06,metal,mixed,mixed
2.0732157721335705e-07,75253.55196421577,0.004651673451906204,17705.435978640144,1.4141988277294312e-17,69234.99625988709,0.326830562415044,140133.84605710133,0.0026961247639614287,8.208151613526184e-06,1678561.5362200297,0.08096801193586224,0.0404558119360042,0.012963595474067691,0.4711853831082193,65.58333457524569,0.00010507901173281717,6.091115819738593e-10,8.367872263248202e+28,20945.286558321768,734942774067293.1,28803.282491562895,1.8689896550698416e+16,42797.25018108914,6.248338222662337e+27,33946.13871487585,2.1529256961844745e+26,1091.4516919607659,1.1471096922492329e-06,49255.8641565447,8.753455599994218e-07,26918.98050833085,0.00012028322448088143,90709.01260562292,0.0005315228325807729,30604.748104700015,1.6101986218579913e-05,6.377672698127212e-12,0.4271586144824948,1.0875606130256404e-07,0.011460621917192368,0.9885392693267463,,8.989397041436729e-09,1635064.4200839428,1.3916989376887654e-05,2.184996841692258e-06,metal,metal,intact
1.3365089057693403e-07,68477.85312390671,0.032002408715743155,34525.26733750446,4.6375736735948744e-17,70300.46156784502,0.16592622361164522,133110.47554296645,0.0038731620418817198,6.214697671222204e-06,4063327.6371534164,0.08251563583406933,0.05098171130962287,0.024458231936371373,0.20341475773823095,28.9521116288908,0.00031031652382894755,8.402792515685612e-10,1.0257528877070493e+29,23372.586253924863,389137231536276.7,28824.7698785704,1309071871973545.0,44464.95366333947,3.5001292228722664e+27,33149.537225835826,7.726156704473012e+26,972.8566080127523,4.524830179376765e-06,40154.82424154253,4.946069504667687e-07,36724.359542262115,0.00012228627482364563,84807.02019788706,0.0005169229760728812,7998.536117430876,1.5618520196602955e-05,5.558628301170998e-13,0.36345384914893375,9.908744837817231e-09,0.07087951684237685,0.9291204732488783,,2.4187197386284206e-09,3409206.436658923,1.2977826300983968e-05,2.6406938956189866e-06,metal,metal,intact
2.0351146074689696e-08,79011.94348718657,0.07185310285885001,18829.25663884169,5.652227821415778e-17,69359.1033759356,0.3463089776854131,65756.452094657,0.004270396758290595,1.0884184138627708e-06,9326379.349943655,0.08236322641458187,0.012517891284961797,0.021500081554470606,0.37619554190334664,38.9638794861218,0.0001494275884159216,9.54860046512807e-10,9.743659260596765e+28,15430.955353138346,378296240237693.75,27735.01691993287,1.604156713516265e+16,48743.113680962815,2.828343762935003e+27,31464.165356425354,1.7397018664289755e+27,798.4977496311467,7.876706091352287e-06,56992.793944006815,5.357418751276783e-07,35115.04189629688,2.9579509583658435e-05,96767.23951701436,0.0007774037893500792,9099.21565689988,1.2531523799452785e-07,8.667462411230256e-16,0.36837953066064294,1.076508026433808e-09,0.04506729205424027,0.9549327068692517,,6.837008319341989e-12,8399664.583687639,1.1007506137838073e-07,1.5240176616147118e-08,metal,metal,intact
3.676113784652806e-07,74573.90757068012,0.004080432627852023,22246.9021999362,3.320547929446626e-17,70421.00495974529,0.27985991143995015,107472.64474896954,0.003793373695673331,8.052366775341918e-06,3596579.508281258,0.010657148388570995,0.06340794824711635,0.01074441621937182,0.3337297179639548,75.28801119511313,0.0002746386626035665,5.261701185283661e-10,1.0376377296386608e+29,18338.698123658138,269387744193763.38,29635.847288928246,3.5614163288246316e+16,45917.817985543785,4.715307478294027e+26,28253.66905486842,9.543004571430928e+26,826.5930107458865,2.4559863745354317e-06,52695.42327864522,4.158018195342561e-08,33406.03166089539,3.0111286810266265e-05,79185.00514703263,0.0007844550333403888,27562.73882932809,5.703817030533203e-07,3.414435043083704e-15,0.10501378920892221,3.642377865456634e-09,0.5881329690059052,0.41186702735171704,,2.1047357221411416e-09,437348.1195383771,4.798615514659813e-07,9.052015158733896e-08,oxide,oxide,intact
3.808943581095215e-07,77656.28260728922,0.020687982447781465,12723.24350579764,3.6456056678703254e-17,70708.21918754914,0.30323757872655444,65055.8600999053,0.0014971923773406323,8.580238111454068e-06,8683601.523314565,0.031961507344360984,0.09830441308472866,0.04495057729137337,0.33452949654076525,13.017283998647354,0.0004407676501918069,6.468004791122172e-10,1.1092085821649149e+29,24300.223748457716,745954829866870.1,28957.94885522827,3.983094709062785e+16,38068.68694706052,6.044438706669106e+27,20192.517198314286,1.6773248161814882e+27,1214.3598016463898,3.911901194323951e-06,69234.34819157944,5.54763298004926e-07,36440.034942928185,8.854785313516231e-06,97978.52889462287,0.00030331111137395277,39613.27192915945,0.0003997050975313943,5.509505547344595e-13,0.5821610331738613,3.699548561401137e-06,0.5751712726374485,0.42482502781399,,1.0375170672586232e-07,16238.205416043977,0.00014934071516693655,0.00025036438236445774,oxide,mixed,mixed
3.14879590415825e-07,65592.38702611873,0.06093425906046088,37303.374441905806,1.3152269161321601e-17,70579.61710559245,0.3367820953097082,116206.5074230903,0.004130312309114105,7.693247855289321e-06,9106919.811251445,0.01621004698834446,0.02161027885540108,0.058352279624536006,0.18194558656009524,91.92432833541613,0.0003402940849799084,6.464603991563752e-10,9.200806799850524e+28,23540.312820307714,400799375432816.3,28517.115751577323,1.9087607101717284e+16,45043.28230729321,3.390073649382713e+27,30605.74000358158,1.166476188890812e+27,1184.7266529407057,4.125238974920375e-06,68117.01358310928,3.518359305546685e-07,20918.66402145664,4.7296572162246885e-05,70610.04716843972,0.0002545632011375794,14237.515731000087,0.001331341108579048,8.077400275357174e-12,0.5731898723216539,4.394839191520381e-07,0.3420580423757934,0.6579415181402875,,5.269636190435653e-08,3317580.92790998,0.0011367976331865123,0.0001945434753925358,metal,metal,intact
3.1851200394556927e-07,74626.18802200856,0.05601356127999855,31445.31888274654,5.074307805567231e-17,69602.94273622034,0.21182091148085447,130597.9631674869,0.002920306817144404,9.289939631386542e-06,1506877.692063742,0.040446665124696246,0.05075977841381721,0.05289435477919753,0.3893418877203298,78.59516550955641,0.0004209253049837866,5.436706221614741e-10,1.0138148296863614e+29,20159.343300082168,687290497326093.4,25443.9464642416,3.778745105274402e+16,37650.10414747995,3.483545761901914e+27,23616.15251739126,4.660563825303592e+25,893.2798614974956,8.272991175208967e-06,67444.73733757056,6.626440980669952e-07,19847.154827728536,1.9179446875456284e-05,78606.17396569776,0.000730848102531568,31756.1994789962,8.814698414341106e-06,7.289376498503487e-14,0.353989471033951,2.3081122053094102e-07,0.5234775102995138,0.4765222588892657,,3.275256294661493e-09,119322.1132706682,5.931221910468898e-06,2.883476503872208e-06,oxide,mixed,mixed
2.094658328045359e-07,64037.37602191636,0.04080683179979431,46579.77883677898,9.944839442050264e-18,70854.63667462885,0.12936321537288079,64731.489774751026,0.004441380303085678,8.765536134844744e-06,8690056.228862727,0.09558796806770453,0.03146706416199444,0.08790725462204213,0.31196134659735236,56.4529731787054,0.00041428668729835976,5.112555138380416e-10,8.043257873930355e+28,21683.395059072718,789794334291100.9,25807.903842918073,4.7271275486206616e+16,40518.98743811771,3.6730020416872506e+27,29058.167650947427,1.5713739911999932e+27,620.0079015302249,6.260809830861972e-06,52510.60584769253,5.44745805601308e-07,34990.26343818098,5.2406496613623054e-05,85285.11691594878,0.0006084607446808509,27773.59840982325,2.298279196755707e-10,1.6214165093899727e-19,0.21080739843198085,1.2804855669224774e-10,0.27549549549196306,0.7245045043799885,,3.6693047785299905e-12,17679.102468510984,4.088032137264046e-11,1.8894759830293024e-10,metal,mixed,mixed
2.1070771141205108e-07,77984.77927441083,0.0817743453438577,35003.46275292726,3.1655423149872055e-17,70839.373398872,0.32763904600189464,46523.677560469994,0.003342679050583925,7.488164925333662e-06,748902.1500264541,0.004219721068636637,0.04402139305777846,0.06766088773472681,0.31183871742197444,79.78786185768332,9.743367453530745e-05,9.83647992457525e-10,9.51843561944412e+28,16180.614462901307,783018772076073.9,26719.20444488356,3.3657356343205548e+16,46216.7838212608,6.025570447662405e+27,33296.34452838186,7.910158876329658e+25,891.3294064467023,8.536707658391436e-06,42063.715293828245,1.3118988401719718e-07,16782.98943135993,9.157344546993255e-05,71212.12420964953,0.00018133418651867608,10889.0379384641,3.2374850979078833e-07,1.7663837125579892e-15,0.1583415922241386,3.188820424995489e-09,0.562611031988078,0.4373889648231013,,3.635901507852978e-10,5690.961274724204,1.6477981460596892e-07,1.5896869518481942e-07,oxide,mixed,mixed
2.5478286051856867e-07,76873.74675403097,0.061444896304376176,2679.4365449150846,7.417173793991424e-17,69852.78732682811,0.18503697122768512,133010.67195429618,0.004021247424186491,6.442355638812199e-06,5834540.9354460845,0.027598059877673695,0.07201602269003983,0.05771755052721808,0.07038008212484446,30.029872577656757,0.0003888426200250077,4.58860114496752e-10,1.189395815874101e+29,15348.447832281168,446140839650590.56,25477.63838733111,2.880684383578169e+16,46403.55337539892,3.782057631057023e+27,28992.913706503485,6.411543213281752e+26,1212.4332038358127,7.717040845227556e-06,50311.44062348305,4.3755179568806154e-07,18404.951815173423,2.1913121789300187e-05,82527.47802810353,0.00031267426810752287,5028.2939071840765,0.0019898363892231295,1.3359102180037044e-10,0.5590424063018783,3.7311969245799843e-07,0.032092437238043975,0.9679071896422636,,5.586351515512602e-08,5395573.69558638,0.0016669837569300405,0.00032285263229308897,metal,metal,intact
2.4868277344104574e-07,71696.36476056384,0.06182619769120738,2016.314911815213,6.489901558656642e-17,69302.43517587986,0.22599843101360917,64193.87699990759,0.002689743023698572,5.864399607172614e-07,2686416.757101688,0.02199267827085228,0.07454092463919354,0.06258723573091333,0.03020639662412842,13.585941015035388,0.0004026583956350488,6.346955157827894e-10,9.347982434846057e+28,17037.381507548416,26706497082061.797,26373.36695739515,5.220579092115885e+16,49182.283108998,4.10953137843981e+26,36544.28495697884,8.992288923513733e+26,929.1576203195489,4.780725893194403e-06,63358.200818903875,4.709582909185616e-07,23571.05948495148,5.9723784016683414e-05,75472.30911165618,0.0005252189159704428,31541.853168118276,4.7100216644300454e-05,1.0541678571995615e-14,0.3694237904485156,4.57101467045583e-07,0.5077732824083652,0.4922262604901678,,5.752575185102417e-09,42944.07457502872,2.1640835523316525e-05,2.545938112098393e-05,oxide,mixed,mixed
3.9754524875601473e-07,63054.03130531206,0.031152396369408735,38868.3195963706,7.176819781122551e-17,70729.66984128651,0.2431293113407338,137192.47749076714,0.0039083256779928865,8.191112117734719e-07,6718951.380259648,0.03651087251079572,0.05127664205413104,0.09265950919054045,0.3530354629380786,84.29843862810188,0.00026658700033004956,8.2859050745982e-10,1.0941985843513803e+29,15552.821870746931,83937812686382.69,29766.859654026695,5.59636767530755e+16,48304.361967603974,5.215207686793814e+27,24522.533117456944,7.820500987625721e+26,712.1759321701227,9.309844647379506e-06,54229.017313241624,3.4639344202550253e-07,47134.64490867561,0.00013412456530860047,75637.17270371909,6.25917909031366e-05,31151.375535637766,3.445096901741059e-08,1.3442256755477175e-16,0.14047565624805097,4.931693501553247e-11,0.06609822703105084,0.9339017729196323,,2.7726970169548893e-11,5690784.554444307,2.784818242983112e-08,6.602786587579471e-09,metal,metal,intact
9.391980844692137e-08,60500.53064407747,0.09052552033318138,39324.48627501072,5.696398647954966e-17,69976.21776323207,0.301917101550113,74543.80964448205,0.004978549856991836,2.6470556847133993e-06,2422200.6625479227,0.049288929380860484,0.052662835813462476,0.07975646987701254,0.2577316075094051,22.134759936557877,0.00018937561511639126,4.104232644457226e-10,1.1695856113623817e+29,19749.044637585524,291298258695499.9,25192.268947706918,2.475162464849627e+16,45995.402997832934,6.179283536292155e+27,35998.39213723441,1.923419511348133e+27,1053.4832849050135,3.751973905453008e-06,47945.34127501227,9.520366297019974e-07,40254.343575305786,3.968194853671022e-06,79780.66478606634,0.0002598544199973481,35677.71086255576,3.446518160458699e-05,1.932929329002812e-13,0.404044866798638,1.2649158184337128e-07,0.22680433227156957,0.7731955412368485,,2.9835857696830955e-09,1238908.6430898104,2.6519529028643644e-05,7.945652575943345e-06,metal,metal,intact
1.3454955217974197e-07,60469.044358817795,0.06881500587780241,8542.459540920696,4.531207414309878e-17,69937.90955510485,0.13991619994984128,118898.66759804696,0.00301924341684208,1.610967860831771e-06,4284828.174943561,0.0653934949929878,0.00808630457035703,0.07381819674696347,0.27916906611474945,92.98467303649475,0.00042401563457714287,6.225953654767235e-10,1.1657808896948512e+29,21310.27568240836,564914583079988.4,28043.98329186925,5.1102772574261704e+16,44206.83894495487,7.106720932872987e+27,39140.84289699636,1.53571072914513e+27,1040.655094900958,4.183106296325521e-06,58772.820089145025,3.2737347094305804e-07,20751.29860610013,2.713061000016715e-05,89222.94668585833,0.0008535229348166823,27117.07628571814,0.00014175340771171177,9.516500690913392e-13,0.4350651039571073,2.272452092265913e-07,0.09535377868634615,0.9046459940684445,,3.856186092745972e-09,3367320.3843820156,0.00011869997149728447,2.3053436214427302e-05,metal,metal,intact
3.8925269629566554e-07,60369.96884397858,0.07307437151715661,32129.84929066761,6.874218010225567e-17,69832.68819952806,0.23734580669963617,127542.16812721819,0.004532701852031081,2.2162317517523833e-07,3448274.8095976356,0.014809138320425862,0.0002410751223483491,0.08286959778509058,0.25007583414903545,15.355727951410888,0.0003818906757237966,4.1815576855930093e-10,1.01481221679126e+29,19195.60508734078,232952477663199.47,27005.571615570596,9312584322358386.0,48182.8007482215,3.6476687062042353e+27,22179.56709574114,1.6277686051242945e+26,1181.2997880467615,5.087600365718934e-06,60491.00779567238,2.022747130100601e-07,45302.5741208379,1.2938040123548122e-05,98871.68977987471,0.0005415488381574908,23310.23871269497,0.001435403238982549,6.261814760288478e-11,0.30826246259035217,5.727343038065567e-07,0.002438956345990305,0.997560470919706,,5.3765064436649236e-08,3426628.677624795,0.0012946231512255357,0.00014078008775701332,metal,metal,intact
4.2363651404757e-07,68153.94998072075,0.0381933000563846,44595.59657749581,7.663166651385781e-17,69631.903207125,0.12095249952746334,74928.07175471933,0.0009694124513443177,2.588088287967405e-06,6208269.788274878,0.003868909155634979,0.027951967911027827,0.010582829279046533,0.3092147563136212,42.68974698041949,0.00014376332726409816,6.860709041635858e-10,1.1707297377070332e+29,18578.819875907662,969721060686.1989,27489.60403293504,1.9252679298077904e+16,46028.66839326397,4.031196732742644e+27,22395.669391200987,1.2193023472362963e+26,1169.851054711345,9.642682129732448e-07,45343.44225875015,6.64039287041834e-07,26994.94693169885,0.00011659016376273622,76352.52007042845,0.0009293942382788529,34716.75625719207,0.0005500245362832477,5.399385203230733e-13,0.5793118066758408,1.342173579395513e-06,0.808144940346113,0.19185371748030777,,6.34887290329534e-08,52933.05092026572,0.00045152700956295846,9.849752672028925e-05,oxide,oxide,intact
2.3634163241305885e-07,62391.904594654385,0.0008162323253939407,11267.833188932032,9.493813469449575e-19,69506.9220671362,0.2876701661581915,52763.16783566511,0.002566923449256543,8.996291476960535e-06,3819904.6573206773,0.036928301232039926,0.06075603275881345,0.06080297160639388,0.23196646563894918,60.431238387802246,0.00010762447613418781,7.230744189392553e-10,1.0637211668272524e+29,24946.386241421387,318918432444605.4,28626.792610894016,2.506003924481133e+16,47745.037870832115,5.66780082669697e+27,20066.75230342807,1.44243960523182e+27,591.4725069298294,9.198896280176075e-06,50015.101321617505,3.098320476408983e-07,27933.249068476773,2.400604926507778e-05,77455.58505564295,0.00015250421759150515,13848.393069544049,8.857446481412549e-12,1.3432305505410996e-20,0.15175752090264816,1.2688290978559042e-11,0.4232355662917663,0.5767644336955453,,3.841487714002455e-13,5626.99519080524,2.3617717743520063e-12,6.4956747070605425e-12,metal,mixed,mixed
3.3229202143742644e-07,69775.61830504308,0.07729179529695264,13550.247486606928,1.7338409265246428e-17,70449.77439353344,0.20656567701027345,151549.05382631102,0.0007635991701464653,3.0568533636247442e-06,5378013.1226486005,0.05996496593217705,0.026318592984788444,0.08834504185466246,0.07279188060586744,68.80238917904947,0.00016884047812293937,9.273560813152274e-10,1.1719520720741202e+29,15459.270009679243,260803049300348.0,28101.97261297268,4.433514753792115e+16,36837.34466114048,2.779697190842249e+27,24140.25530853036,8.657026946566954e+26,624.3915531023328,9.340795597434684e-06,51910.66399826674,6.75315254489874e-07,30100.82677286104,0.00010810108275684668,70658.41850018836,0.0009505496435503228,31004.416255917302,6.050007934026498e-08,1.6317275041208997e-19,0.24250816236996367,5.9547517961209944e-08,0.014652191698932308,0.9853477487535497,,1.519530454861359e-11,0.08337176655607388,1.0215967709805119e-10,6.039791966316693e-08,metal,metal,pinhole
1.8485107860101257e-08,68100.84941820976,0.044929762630211756,39975.75089297391,5.666353358582257e-17,69896.11390573459,0.10101717438613522,62649.5901214955,0.004144795289632724,5.573895093357012e-07,8172346.15956927,0.019536475986026657,0.08293431670906198,0.048132159003238216,0.4707004912700865,33.55020128816859,0.0004665776136741319,5.537628205806418e-10,1.0218757956625308e+29,16947.667683563384,139168251612948.81,29895.447029405994,2550558464796912.0,41001.49192396178,5.821439134856505e+27,20710.354232867696,1.345780975637219e+27,1240.537568731902,8.42328325945462e-06,69859.6716946412,5.336260491342054e-07,10130.730954944425,0.0001193511468477947,73562.03097029477,0.000593083683782219,31912.48183834241,0.0001470861923218178,2.9092585393624964e-13,0.6503484871694672,3.141044408482102e-08,0.08606179592837844,0.9139381726611776,,4.916959765257695e-09,6658417.276284589,0.00012349861631294368,2.3587576008874132e-05,metal,metal,intact
5.9153462836272084e-08,76332.89446979258,0.05381506648463407,20588.710407413444,5.889766285056739e-17,69845.82571737994,0.1590640299666577,121094.2679921463,0.001701247050001436,1.5120758142900173e-06,3567645.6371806352,0.0658006384859759,0.051679644598803094,0.05994700495407704,0.351568791830233,11.979520085849348,0.00026030716852700267,6.327034933991331e-10,9.152521822546205e+28,18498.224223100162,160469923306451.62,28408.15315523577,9153551248239346.0,46799.097512945154,5.1850363260378e+27,38883.730678436725,1.2160031681783888e+27,1086.1735809748093,8.030630648479972e-06,42264.52231209131,7.6529668958649e-08,26126.969449022443,0.00012675521583671332,97952.93649207907,0.0005869484257314342,14717.53537746443,8.682723595065607e-05,3.8681741419260585e-12,0.24460809150428076,1.703885209940095e-08,0.01438971127492835,0.9856102716862196,,1.902924957577309e-09,3446953.2304076054,7.123175341915298e-05,1.5595482531503092e-05,metal,metal,intact
3.969981851043071e-07,68765.01002849393,0.05868917438927682,7333.363422070623,4.606211018806405e-17,70802.07212378456,0.26634129625583286,35949.22692241964,0.00163155257244026,7.785287122755519e-07,892295.9816076306,0.09642633099647807,0.045393846887787366,0.04809350876530173,0.487470820538304,67.93053462724536,0.00015060718355413134,8.498593847138073e-10,8.008478376983753e+28,17183.458285703095,186591841732815.12,28202.738428615146,6102298057657629.0,35436.65711169697,3.949865148168615e+27,25501.837006744583,1.79501140019543e+27,945.7803053522598,5.866151560642374e-06,66220.64058739763,9.402153739739373e-07,15362.180357268438,1.6870001133218793e-05,73571.20856556334,0.0006895724501067238,30776.4245146227,3.308013706084887e-05,3.0098440444230777e-15,0.3786149426400754,9.695957608681875e-06,0.18695701546601665,0.8130332885763746,,9.052945835005103e-09,186.4253717353566,2.9155583525640373e-06,3.0164578708284833e-05,metal,metal,pinhole
2.754828845314171e-07,74009.45155869775,0.08017187243220436,45438.64760969666,7.220829795600947e-18,69037.49087894837,0.09351791433490442,30820.074254449955,0.0020299621899898855,5.8040505917085465e-06,8741833.285217863,0.01965779163267804,0.01597127711416585,0.04830183759994387,0.13567321168659838,73.14334774077686,0.0003649475260797431,7.271722550234666e-10,9.672116159608836e+28,21069.749904652686,32707427271316.387,28171.29737824786,4.501911053909419e+16,46429.480744645385,7.207622973511948e+27,28419.989181343728,8.116766295116762e+26,1195.9789572750187,8.694155059437168e-06,65557.36904966696,7.547545374539779e-07,16844.663080630467,0.00013100536804276948,76974.74542677496,0.0007673873679929014,32636.00721617421,5.697164579855604e-05,1.6546655923349203e-15,0.6727214376730781,1.7457179768647563e-06,0.06525172748728886,0.9347465267947342,,2.5703950360448178e-08,0.8431790996501731,7.719228496808074e-07,5.619972294887523e-05,metal,metal,pinhole
7.74189950674815e-08,79502.47156191261,0.08660131999092739,8016.887952464371,6.041165268095449e-17,70627.13607900507,0.15643554013967353,155723.7327679521,0.0021784463057388254,6.20903887810495e-06,3645817.91264784,0.09961417081072144,0.06674392208601941,0.003513611486346583,0.3267904341985667,77.37994612371331,0.00028747340338939806,9.402785579991247e-10,1.1493997947093963e+29,16864.15107176855,438292628298860.5,27674.980334775973,3.353862376479227e+16,40661.163498574875,5.223095638221027e+27,22911.641402622485,3.6834072877925904e+26,942.4620064606784,7.416992010264253e-06,68071.63262826094,1.0183918937658848e-07,9628.164915575704,3.213325998605428e-06,76174.75404626984,0.0004606521679134123,19931.854017061523,4.3393686203850255e-05,9.793896972132731e-13,0.32015251306654224,5.734625571480221e-07,0.11591486816067868,0.8840845583767641,,8.2027356570456e-10,2706119.075622458,3.521517553752269e-05,8.178510666327565e-06,metal,metal,intact
3.43921907029992e-07,77567.51618938844,0.09662538066705145,4202.383793299963,7.140287620722199e-18,70415.79296898736,0.26239131882394306,56992.34365950247,0.004040746891602508,3.82487857505632e-06,2716340.550560183,0.0958121105162933,0.047021679728222805,0.03802305522874778,0.03272650541380352,28.84200121904648,0.00037860626835716865,4.157581076088296e-10,8.719795161990768e+28,21927.560611120054,404970888005026.25,26794.450527367215,2736984352888459.0,43429.64407400656,7.141531921091625e+27,39571.158897274174,8.882005111257487e+26,1083.3662021403459,8.864995760788344e-06,52377.264258336596,4.7129666246315143e-07,35067.37829534682,9.926512461669998e-05,92369.94956360466,0.00030602315487824315,9433.621262106895,5.057708146330183e-05,1.0435913924292937e-14,0.3719787054140856,2.0369265378356194e-07,0.1977269319613282,0.8022728643460181,,1.0727112787816761e-08,334.3271274537862,3.6427016411867917e-06,4.693437982211504e-05,metal,metal,pinhole
2.81198610462615e-07,74365.96527386151,0.002800415195192622,29568.670795221668,1.6688992960148263e-17,70426.97438355058,0.27109745403865415,117776.84071926477,0.0009579225903910489,9.365183737591049e-06,7689347.807913106,0.0835159193398447,0.01814472303048665,0.041793940111797066,0.23691113829450475,4.9534536267352625,0.00047147363840112545,3.676897476987355e-10,9.301010970674994e+28,15908.956747776188,767316991765786.1,28749.22853431826,6018491142827924.0,45021.3338368833,3.9237604898505266e+27,20048.55082036717,3.809475995851475e+26,1002.8611382898798,1.1742978369483285e-06,42433.07547892199,7.797605335673645e-07,12522.23871320683,3.394749363444776e-05,75304.90608653038,0.00031179604206395495,15127.0549816176,1.8937995812962047e-05,2.7865965987223067e-13,0.6476098794151068,4.370442806347648e-08,0.18102153881147498,0.8189784174840969,,5.438603224363282e-09,4748538.5716897,1.567410497802062e-05,3.263890834941427e-06,metal,metal,intact
1.9091602846701798e-07,67513.1282626846,0.03121765720961134,48402.04860262725,1.5367842030907312e-17,69934.12448745231,0.08618357735564935,123700.55267182413,0.0026357693255484255,9.331424711831556e-06,5629377.374698998,0.07667642403697911,0.03240537816935776,0.06058754194385048,0.08226372186238264,85.21535586561572,0.0001194909833862977,9.650517479035908e-10,1.1157391606162192e+29,19308.562440416914,569718044682114.0,27549.27214693391,2.681002742958487e+16,36196.38164380636,4.3832500057569684e+26,26368.661522051734,1.2513939620807862e+27,1204.7400038554738,6.178271438427887e-06,43646.7362102698,5.508266416395046e-07,32732.536332778116,8.969141630850918e-05,92593.61699048265,0.0005984244593167258,12143.122775882004,0.0014116225073451767,5.688288793294324e-12,0.5360704437399315,4.798694968858107e-07,0.43868954313349734,0.5613099769970057,,1.3262498404975223e-07,488513.38792542694,0.0008481513103273447,0.000563471197017832,metal,mixed,mixed
1.4333584180938203e-07,67888.6676169623,0.08671946297596186,33561.430081422644,6.46702153093407e-17,70171.16037552661,0.341977066825507,51803.58262869787,0.003100523421981004,1.936853639133288e-06,549983.475114024,0.06402772775120909,0.011176852924711168,0.013940813532844223,0.49064424495886805,35.766804600236725,0.000390493439571407,3.801678292151491e-10,1.0507256238697793e+29,18639.688593354676,206091104299763.38,26299.99210616962,2.5933425430577108e+16,40324.02875471592,8.1204653945255e+27,30545.187599904424,5.709986534558031e+26,1026.1049641990867,3.29312586711905e-06,53677.008310813835,3.594207666135688e-07,29119.845053265562,0.00011780310590554446,86251.57814155208,0.00047598829955686553,19610.589190000224,1.3970601601747328e-05,4.004357013414482e-14,0.19181018983807274,1.5292910982614594e-07,0.562499778016108,0.4375000690547821,,4.011862301874773e-09,36524.20958534594,1.0368230098768889e-05,3.602371502978439e-06,oxide,oxide,intact
4.2605438747328655e-07,71992.3487275978,0.09231674678354052,47316.881822369556,3.7870261828142206e-17,70048.87494764554,0.18918845531855993,129692.50384954436,0.0039993243476996254,7.151840764769009e-06,7277396.108874034,0.006422507597098599,0.07159643401778683,0.05291159506518539,0.1265234923070912,69.13176343421864,0.0004671137136548854,4.1210226759587894e-10,8.592056786537886e+28,20039.94949986122,519801743982664.25,28497.63045418892,3.7138685357223736e+16,41630.47099444719,7.346247627466157e+26,39740.140871070376,1.6645204816725327e+27,1236.5279607992134,9.132663378050147e-06,63115.839145294245,7.070923878360723e-07,28834.001511169095,3.0488726629098305e-05,79275.38901479116,0.0001619963082934222,36838.95528674649,0.009335226327990673,8.292335605515841e-11,0.6184944325331898,1.6159137561936082e-06,0.24094390521724177,0.759054478869002,,1.906158478474532e-07,3711345.226057964,0.00775145482614678,0.0015837715018438931,metal,metal,intact
1.6661080819117068e-07,75374.80015025545,0.012245003604183345,6318.033406899196,7.048644191687948e-17,70131.13714430628,0.3292421614351603,70677.83547874639,0.001153182843108289,4.295065749446827e-06,4989644.592682845,0.05136245528763708,0.04609497773524641,0.08627642151944467,0.0248130282077417,75.66061588332703,0.00041888778648159367,4.2219385879603195e-10,1.1122303253727392e+29,17575.218844619274,66807922181871.11,29350.2682665437,1389886186184441.2,38476.77607792345,1.4268895274079332e+27,31356.67816747849,4.1149808859082375e+26,1021.8071794716341,7.331784601168951e-06,47583.76009378391,1.8273957142071564e-07,30956.97000652061,4.336587825627021e-05,72861.19367855268,0.000685684229175055,13260.631120343884,0.0001046311197902893,1.2478251996465527e-13,0.327153949061566,3.1798404597766957e-07,0.39320098158684597,0.606798700429108,,1.656158295841598e-08,123649.62680432793,4.4663904330849194e-05,5.99672154594401e-05,metal,mixed,mixed
2.641184466132408e-07,78500.16816861782,0.08732945529322175,32356.404446080025,2.2411063876721078e-17,69638.96507681493,0.16183311070257878,29335.92652548643,0.004449751828253327,4.936170677772926e-06,8953894.349664796,0.09905343873387858,0.09496984442613009,0.07937422230113314,0.3037908046226733,34.086477262776214,0.00035065519451892,5.555871492287875e-10,1.1803208418543445e+29,15366.435776951965,684450928990187.8,25012.806385987846,2.8718101662776824e+16,35240.613029244,1.0159970302414951e+27,36021.71393326314,9.092852679644697e+26,1257.9061454934742,6.24256081411483e-06,56705.74234216675,9.006371174424411e-07,24167.176792015,6.187478329103607e-05,88040.80270287441,0.0003710638889283271,25369.59010062739,0.0014146922874663168,1.353998086069065e-14,0.6864995808043738,4.523709807854397e-06,0.02110791254314713,0.978887563747045,,2.193885573146661e-07,3.0421626556753454,5.960417942602316e-06,0.0014087318695237144,metal,metal,pinhole
2.975355353318337e-07,73779.61054336594,0.05692907080212224,16770.580795194513,7.653525644746319e-17,69509.08836023188,0.3322730025840459,155890.12091571247,0.004370653838091542,9.150422524451559e-06,261368.85630078547,0.0439052862908728,0.05008733712191141,0.036460599156149666,0.3413246382100644,56.37284672062004,0.0002703752954442957,3.188400883621475e-10,8.270411771505918e+28,22603.77934106345,43849360415375.75,29489.511332127116,1.29281998767535e+16,41434.68668254617,2.4197031448620072e+26,35719.15218966257,5.0369941188781944e+26,631.3338349759681,7.608791352544724e-06,53524.67874783036,6.115202594694108e-07,27675.315911242917,6.671636811838616e-05,78703.9663456846,0.0005645512081463573,33430.44024374508,1.7156909831694731e-09,1.7813194303029e-18,0.07394509271171022,1.4288518913651068e-08,0.14544496363997467,0.8545550220715064,,2.3110207388137456e-11,2.39131585797237,8.627950572192179e-11,1.6294114774475512e-09,metal,metal,pinhole
7.795578182219315e-08,75071.08769411664,0.04927967606832129,25236.94530857739,1.929699317264618e-17,69728.34727862525,0.13754915077459715,25321.99082520757,0.004480934164715272,1.5053458875231141e-06,6455888.693902107,0.0629116394544506,0.009388686182639633,0.061365557744413435,0.018556642010905244,40.201613440451695,0.00016928722054061282,4.982436279833766e-10,1.0271652976903134e+29,17114.484078410158,67628388457863.805,25935.4322875356,5.4444057237640696e+16,41775.78931700229,7.17786774892397e+27,37913.36842740812,1.5697999368367923e+26,702.4054964833455,6.010087743159653e-06,47622.28299966942,2.4592012135412143e-07,13167.6252548831,0.00012203830521827623,70687.59566849239,0.00029071398551269213,25053.219468832074,7.108810318253956e-09,5.4040354820639064e-18,0.3993050651529448,3.757580830534406e-11,0.4555796048385441,0.54442039512388,,3.5873482756315426e-12,856270.345196245,5.0252371445195105e-09,2.0835731737344458e-09,metal,oxide,intact
1.568380493741233e-07,74652.63395185646,0.018892472770397236,23849.406091292316,4.772066984339347e-17,70736.84166640745,0.2895511520090058,34719.45184673363,0.0010688014077627787,8.235451849882538e-07,240253.86355670102,0.010963550389587396,0.061978899816234126,0.05276993456461331,0.04820070721800147,90.11278898244609,0.00042265642236941693,4.2429546682535676e-10,1.1933944689224514e+29,24750.511177277276,161994927668872.22,25301.063221881857,1.233911102911171e+16,39423.06780569525,7.139933872793697e+27,26807.428338239864,3.283244376966374e+26,575.8116114802496,6.946793710075869e-06,53966.9302350362,7.334259284450987e-07,10447.191268177998,0.00011564957024171233,89094.9209176065,0.000654643337014164,37762.68385030299,8.748074221353089e-11,5.726142168341601e-19,0.17192226120267837,2.2570204032375507e-10,0.20862407149160384,0.7913759282826941,,1.7992020987042472e-13,136466.00416804737,7.357272244267949e-11,1.3908019770851403e-11,metal,metal,intact
1.5074061696863045e-07,73067.33952746794,0.09948843184376045,48377.01470932557,4.911667282876435e-17,69369.39905574081,0.3590940422676966,115336.32003332795,0.0036549279220991133,5.110555348199905e-06,3880092.0566739677,0.01926466320162413,0.05047634200801812,0.0013794379114115721,0.03900183185260782,1.468093418512574,6.661474670931314e-05,7.55670987229719e-10,9.870365629651596e+28,16572.861350424584,345867187301802.0,28781.979184043783,2.719449699909043e+16,42937.83109768548,9.56034499781033e+27,34705.51111630743,1.017967423855077e+27,840.8879978697621,8.319375100352034e-06,46214.147366969024,4.3980255390536906e-07,40114.688453871546,3.655399250017589e-05,80337.19383769817,0.00048050945381859073,29936.661492643034,6.572205048897048e-07,1.2728576843551946e-14,0.2468805455776614,7.246829577787164e-10,0.121268879856773,0.8787311194185441,,1.2136010368598936e-10,2927496.338174001,6.042739454632229e-07,5.29465594264819e-08,metal,metal,intact
1.178784681811463e-07,71148.50898233104,0.0056965801573378725,46050.77264914468,2.0070684790449068e-17,70592.20224410843,0.16666273022307088,133601.92713881144,0.00459985147334116,6.924593315385811e-06,4489447.090508308,0.06387994015571385,0.04252197645962316,0.014549619047033665,0.09004578383016601,11.460213046233974,0.00019360038928178564,9.067750979506817e-10,1.0083665651672403e+29,23004.50648246101,82222361027768.05,26449.202247908193,4.182497980946268e+16,39030.47111507718,8.831138108872185e+27,32856.814923093734,3.7709708119342875e+26,660.2864671835401,8.099473425999033e-06,47245.13263119146,7.574745364912224e-08,33151.41965097784,2.936059980316021e-05,75178.84619791279,0.0008634772221442323,13775.18454446429,1.2154553542142233e-10,1.6484389816150988e-18,0.08863935242150346,6.399244032548725e-12,0.19876890366251404,0.8012310963310868,,2.765580788279924e-12,2649578.5779430754,1.0327718541371354e-10,1.826835000770879e-11,metal,metal,intact
2.273421087888448e-07,77252.68199371052,0.07346448696417505,25949.418992736766,5.639241886782986e-17,70916.21299417409,0.25679790134418,116623.6561467068,0.0019983551546164623,1.5954568030091131e-06,1902267.586174086,0.024048871704444537,0.03224453076684533,0.09694342216049168,0.12389919288906644,3.162798776881717,0.00013724026067182425,5.340504017354597e-10,1.1772604548787294e+29,17489.30807672345,21718872903826.047,26894.99151577867,914091470306352.6,46692.81494188979,6.813962682656657e+27,36870.51873750028,2.6771213127032727e+26,1080.3460182452018,4.892452458288361e-06,41052.35735491465,7.869464525886962e-07,14902.846820231929,1.7207062611006386e-05,93683.80526240953,0.0002239487316860376,15086.848320346888,0.00024530886742801366,4.40752930724639e-12,0.48104026577766623,3.423418068082375e-07,0.0554300500487758,0.9445696076094173,,7.1786676595636936e-09,1668864.5573433358,0.0002060961417411834,3.9212725686830265e-05,metal,metal,intact
3.3379800684372506e-08,76619.99464168592,0.06790796517802368,9291.093421025234,2.0417339180474545e-17,69574.83409745664,0.12103953274269677,83070.24514213999,0.0047988264676042235,5.132667772727765e-06,155201.63501121837,0.08755473033839777,0.0591136152539419,0.01092493095784164,0.1709338120852088,44.88326533064192,0.00014874821866729386,6.776770689717798e-10,8.284904115991265e+28,19763.34014670758,369540100240050.44,26128.14452572462,1.3308571926131752e+16,36340.31406990826,8.13571996049417e+26,38020.915349063005,1.8731639466540055e+27,1230.6909252497055,5.003764642920637e-06,64624.523313593105,5.819930122163541e-07,36106.42943521423,7.780960688625205e-05,81642.68435148947,0.00014939456445139091,10001.473712140123,3.697842542560659e-05,5.775691063203824e-13,0.16399833617710255,6.26564247602471e-07,0.46789007007926275,0.5321093033564896,,1.5403537507059417e-08,17864.898017467836,2.468358265512314e-05,1.229484277048345e-05,metal,mixed,mixed
2.734803393165065e-07,79142.2999905332,0.023915477726412972,4853.3901439938945,7.77776439181545e-17,70361.87757652842,0.1114344019175065,83691.24791021,0.001788163628996988,5.288279418263165e-07,1703759.7122193743,0.049634886426337614,0.02122435012751683,0.07292511300067912,0.14497123301016854,79.16842910181148,0.00022975456382412626,4.1444011992433276e-10,9.63417480567858e+28,21309.216142232806,386440325436528.3,27290.58231374446,3.719276252777997e+16,46850.053496490196,3.0201934248337e+27,30442.519557216383,1.0401038513287674e+27,1025.3684376587107,7.829565844108402e-07,61212.68501922686,1.748681064111861e-07,48000.728396848666,8.612027567524826e-05,89537.56513316996,0.00014708265744977806,18706.095543017767,8.153609091384572e-05,1.1133891942633872e-13,0.16209803316875057,8.787349883553833e-07,0.23043121603011985,0.7695679052348917,,6.763220887216403e-09,878805.9086865789,6.622167798675828e-05,1.5314412927087444e-05,metal,metal,intact
2.3388422864315118e-07,61014.75016718918,0.06452037897595551,11891.384821398127,6.016623253106602e-18,69779.96322131128,0.38484728130734297,128201.90394260401,0.0010961745443414397,2.116781372735046e-06,1979590.2417598097,0.0721768961401819,0.08690893663590402,0.006094965168517989,0.4888009360763429,48.16911701266734,1.8347974769416394e-05,6.969051942155166e-10,1.1949602505039618e+29,24094.078030130964,416247630553700.4,28070.407623654643,1760151196083223.8,35744.2090037714,8.46772115663611e+27,20015.70351922786,1.7288747553457333e+27,1028.3690082127064,9.842909305753642e-07,46471.570684613005,3.3133408390407705e-07,42358.1418866634,0.00013074725995919088,90980.40585611941,0.0006554621941674087,23984.704482764846,0.0002914058254883812,4.727034990373449e-13,0.24616067679932738,1.381889535856604e-06,0.5473681008794608,0.45263051723100334,,1.3003259792573696e-08,140940.37042610298,0.00019224410733860957,9.916171814977165e-05,oxide,mixed,mixed
1.5383911062505884e-07,79293.61229038928,0.0017475624176786458,44458.13505480589,3.482060249381144e-17,69393.04046097821,0.09223911394380901,57439.47118663159,0.0016735610872564356,1.5841388762161368e-06,9773616.665371668,0.09029483274866795,0.09193120212635224,0.02946801075770451,0.05119307624787508,2.3491282499283224,0.0004648553656093449,7.380500798267232e-10,9.877796351828675e+28,23755.799007909274,454931162724130.8,29307.186649667954,4.797464735498887e+16,44562.12882353912,9.768305935665394e+27,35545.65743315695,2.7336753899929836e+26,607.8162036381051,7.5625044108175364e-06,40001.3935123816,9.478374730323784e-08,43743.72915391645,1.7544251459615842e-05,80163.77505045585,0.0005560435909734888,36756.287438424326,3.323529299677147e-12,2.4394685217464804e-19,0.06034166342049733,8.381112301486915e-14,0.004791978571088706,0.9952080214288276,,8.546201180016506e-14,9657568.24674635,2.616910959116168e-12,7.06618340560979e-13,metal,metal,intact
4.121674417143678e-07,65930.77638734499,0.09559317029719692,26212.435675932047,5.382253087191232e-17,70382.39438538474,0.27329546628473245,32061.41181077255,0.0011921358079764906,1.8372898665575675e-07,6983607.846415945,0.021062124574562354,0.025645831049937357,0.03859436241905762,0.011337507027385651,13.975692870197765,2.1873226650328157e-05,9.173660420147844e-10,9.118332780647532e+28,19521.957838068603,7257754247737.77,25178.51232485272,5972642670732515.0,47281.892158424525,7.831404469277455e+27,35560.20347636135,1.7918465986528413e+27,1130.6503101162252,7.76849327370315e-06,44875.54046046726,7.765850442822942e-07,30897.726294712418,4.463551370434477e-05,83692.2581491217,0.000266699786407183,15204.462006731701,0.0004764116641316162,2.4325678002794588e-14,0.5858248513876438,3.651546165694318e-07,0.5933164096580947,0.4066832251872886,,1.6194880729949027e-08,87252.85730419586,0.000284250208305909,0.0001921614558257072,oxide,mixed,mixed
2.8710033212451036e-07,75463.5300881818,0.045607097202880094,17037.994299155238,1.1509131959824942e-17,70670.08606836661,0.1047825733243974,32965.103145906316,0.0012832953173968003,4.404497546307218e-06,9361593.91438962,0.08001632132350545,0.06406214986316013,0.005674850918401393,0.06092838741162848,5.47822956610369,0.0002282371171585949,9.634728903828924e-10,9.782337879726579e+28,23179.76470672848,147111054573648.78,28690.531485576557,5.6920195967805704e+16,43471.386786433766,7.670707427301127e+27,23297.84938187904,4.224722398830554e+26,863.7325594348464,7.698037118564122e-06,60357.7032565628,1.64389398135773e-07,19548.446137883744,9.503230688778196e-05,95443.10922425496,0.0009970244639586727,13936.529583008107,1.741524725627618e-06,7.204609128705373e-17,0.39622933542680555,2.2462747867175595e-07,0.05312900484530069,0.9468707705272207,,3.801628124551027e-10,55.044626705025,4.245053074384548e-08,1.6990741948837725e-06,metal,metal,pinhole
1.45098474898307e-07,63634.543256194804,0.012695549335068576,17160.889346081945,2.700653288582924e-17,69011.31996809207,0.26196000735965813,88944.67613060135,0.0039729673964616725,2.1397255083192368e-06,3117766.400743795,0.06191973264697705,0.015277765093720188,0.005522984054686946,0.49410363710496313,81.04838751940565,0.00026951872557905333,8.078139983684815e-10,1.1282810915132249e+29,19670.289869300937,126767734994875.78,26731.871680768483,3.328696470501899e+16,36566.50765884283,1.3981211224299873e+27,35475.476015965774,1.7112866211658662e+27,735.0274307616703,8.057126997073137e-06,43112.53531410862,6.186808209031453e-07,24715.500538678454,0.00011869838257889106,73182.05351357698,0.00046995770947862305,29492.909942563416,7.688971583366201e-08,7.660773069320112e-17,0.3147702668779475,1.6951947952899863e-09,0.57153602989915,0.4284639684056552,,2.0791365478143916e-10,62703.09993369377,4.976883093569158e-08,2.712088489797043e-08,oxide,mixed,mixed
9.830219226390529e-08,77626.09463508148,0.06568046420820155,41855.07647857482,4.3058770937376694e-17,70537.41780921609,0.10141332327546919,118773.76202751562,0.004035633985719983,6.809738315403374e-06,3839086.555613465,0.03703742141280534,0.015837898775662294,0.03825518624654889,0.4099569267148692,54.220748727346134,9.610453194093223e-05,9.125792090479277e-10,9.551990784874644e+28,22656.906663897615,257723489654994.62,25609.195733040353,1.5500342386271268e+16,43537.77823577226,1.5492089493955267e+27,37436.14799058599,1.7190289593870913e+27,1108.2227914276828,4.1696164653500395e-06,60934.925054364045,9.11612633091663e-07,23672.457659103497,9.008023347669287e-05,94853.71308977928,0.0003786451595811329,27212.016644775547,0.00018582097420287067,2.561438629957424e-12,0.5544488643682621,2.385407441134308e-07,0.2187071842911796,0.7812925771680763,,1.1506396983287744e-08,2191108.32717221,0.00016449279883088626,2.1328175371984414e-05,metal,metal,intact
3.5714723371311065e-07,61574.36662350744,0.016177981010837523,21520.017210494272,7.393968260800856e-17,70354.46005765976,0.12830931911068677,23640.611700971534,0.0011675069523056163,2.0455241588753585e-06,9562359.435234018,0.0707452015645042,0.0630824329887568,0.027651250443237945,0.45642181094121653,37.05639572302485,0.00039292390879287276,4.351885249717825e-10,1.0579738262298828e+29,19404.945862512024,270796979190007.5,27770.43159136743,4344542311362860.5,42161.07495558316,3.422541280386022e+27,30127.168044773876,7.178273176103564e+26,1004.7850901174077,2.349003193061478e-06,63210.84272550143,2.2952066305852754e-07,41183.51589693226,8.933734745702835e-05,85561.64975648452,0.00016050295946977804,11648.8807760216,3.5599387620526445e-05,2.4332744725653352e-15,0.3668177725049155,1.489951268236105e-07,0.15870704073115738,0.8412928102737159,,1.5262326050804625e-08,745.2688146888213,3.0572935293996954e-06,3.254209409112675e-05,metal,metal,pinhole
1.9318212751600678e-07,70348.07774234648,0.08421936997204243,28627.309671010174,1.2421572687681123e-17,69938.46018158409,0.20720039447253707,37036.303875969366,0.0033957831359445107,5.440754447969542e-06,8719829.892097263,0.020025075118317737,0.06048790381035168,0.07630646916622619,0.2675901898157307,94.7034532507044,0.00010944472832621534,4.3725209989290695e-10,9.472085759466492e+28,17506.589427939347,72558452957754.56,29410.89428342414,1.1581699733769288e+16,44448.220328604584,5.163824454876444e+27,27181.70737558653,7.360766087818203e+26,1138.6224780235943,7.261763063407202e-06,42085.31297467013,4.805840438519862e-07,23439.73514658464,7.316031013608959e-06,85957.68619523464,0.0003626100452318163,13680.407571482609,4.169129376905246e-05,6.397266048866484e-15,0.585874453143306,1.9508769262267467e-06,0.42340925914019945,0.5765887899828744,,1.6288548830485768e-08,111.32297570014917,2.917142033973052e-06,3.877415173507941e-05,metal,mixed,mixed
1.638201235927595e-07,60279.26445078881,0.021801268845249078,27700.27303006973,1.651625450674425e-17,70525.54858258076,0.2747712872904839,121329.79565255967,0.0023938610614590576,9.950030579304813e-06,1578128.5097154516,0.02577075201539848,0.03352155807691037,0.026571093505305392,0.49935919733703327,55.013293664431586,0.000285977381034434,5.804346119312898e-10,1.0894145215119675e+29,15381.308736607183,14369699839887.107,29323.057943389318,1.482954574672075e+16,37773.44385074708,5.85371113532098e+27,21072.06975333193,1.2452104749001222e+27,988.5473805898728,9.42744212522388e-06,68400.22491606903,8.826579187102679e-07,26482.167108195903,0.00011484270698299197,95420.61889393277,0.0006282111976488467,14141.6104565367,1.856839275831074e-05,2.562505832295132e-13,0.3860088311860353,7.202260136238896e-08,0.47234664165765977,0.5276532863197388,,6.204544919053551e-09,342737.46395129367,1.5848328860398994e-05,2.7200638979117465e-06,metal,oxide,intact
8.09320475975567e-09,64619.52040315049,0.028787924787002667,19511.25518178962,4.5536737775298976e-17,69146.33390617749,0.20142383422885934,119867.5388986126,0.002285283590626075,2.87572769225936e-06,9857424.468588179,0.08085071415715386,0.05277085731744579,0.0742544027934473,0.20868752326512585,6.92595952826256,0.00047751013698498054,6.780170900203757e-10,1.0745537732389717e+29,17450.491585236214,662041057645867.0,27634.071136640367,3.9076814251186856e+16,46711.017751614105,3.9718681426135774e+27,35320.38627509924,3.1559289796631326e+26,1115.3258268130494,2.7718674885536647e-06,42101.98029532421,9.912876448212774e-07,21001.661888208437,6.75287618360386e-05,85167.19941233714,0.0007882944015294399,21501.495318998666,2.1037088789916197e-05,4.33251326873736e-12,0.6868635440396463,1.1730856926640409e-08,0.002595470037744932,0.9974045182313981,,6.41835913069433e-10,9794305.768698694,1.6654100393804083e-05,4.382988396112114e-06,metal,metal,intact
4.00797403024531e-07,71337.12592617598,0.09224493243039296,32438.75812840314,1.5748141181049032e-17,70125.75461238062,0.31501071608101805,158963.5516896526,0.0025960759796943233,2.40221334550615e-06,2513972.275295737,0.08794603692885274,0.03675020183444296,0.08020335863257741,0.16311244259358756,9.006712425268189,0.0001651597381700977,3.820329552955203e-10,1.1285884075640076e+29,20047.83235718878,308433799798693.8,27071.328392327516,5.4536213958960664e+16,42035.933362589785,8.200084326551142e+27,38212.49311050578,5.2547376302923375e+26,763.3565208832664,9.17141802687061e-07,58205.63261228144,9.568872737527698e-07,42633.92175631084,2.5175967282721286e-05,70333.51201049282,0.0009080675054385497,25065.850000392405,3.737496575009278e-07,6.310796002820424e-16,0.2074832002802737,3.499724312267826e-08,0.43858906369202316,0.5614109013107336,,1.018639275318712e-10,276184.7281961465,2.2151291293592742e-07,1.522367445650004e-07,metal,mixed,mixed
1.3679160562973204e-07,77394.8224138507,0.0347078443059141,41061.0364219871,6.688797395567811e-17,69867.32077288054,0.369188492022313,21635.802596293408,0.0007825756022541508,3.3861214321959855e-06,5319292.489152478,0.044526566408511124,0.058508362352417936,0.04024649852603512,0.4869857390196836,26.045011528845457,0.00038800305357019764,7.483970211701297e-10,8.15146812598449e+28,16807.8047113838,526125542143294.7,29675.61929303233,4.022910693216803e+16,44088.30214798489,7.909193334005401e+27,30956.48950092489,1.3043298198958847e+26,1126.6803480576698,5.6888726949948835e-06,51139.258230449064,4.0771671953243476e-07,37550.924618290854,1.631162185518805e-05,75574.09636369732,0.00014586304503701704,30809.508847949794,3.846077655690177e-05,1.7881399949021267e-14,0.4437709947987058,4.1783762907114395e-07,0.40271059714815216,0.5972889850142187,,6.056541605379757e-09,3883.0477007311965,1.015358520187509e-05,2.830719135502668e-05,metal,mixed,mixed
1.6983949736696315e-07,60403.624661323316,0.03128745595383127,36661.316410590465,4.115991818751649e-17,69949.7002377361,0.3065836814642238,106317.27735608275,0.0016217374063638816,8.156494490345268e-06,6909140.000370123,0.05484227913172323,0.03517582256630982,0.051403929649634264,0.4167497073135505,46.21482964540127,0.00023575817123699895,9.339883425815067e-10,9.255789137292359e+28,24142.474253350927,412847081878949.44,28466.520317687533,2.822508761036055e+16,47734.88938210229,7.82863347568874e+27,33656.999690709985,1.8053511702878515e+27,744.0813663472306,3.859750956103581e-06,49160.7095107642,1.9587826050894982e-07,15200.849237925318,5.729164326052864e-05,97153.65219655781,0.0002848734556770326,19634.170496593913,5.002928767908282e-08,2.547387287787529e-16,0.3742471142508071,4.70097420994517e-10,0.4210980861191191,0.5789019134107835,,1.9008694045367955e-11,1497248.7009210542,3.7836913723008046e-08,1.2192373956074772e-08,metal,oxide,intact
1.8097341373989565e-07,74430.29706576922,0.014911053361595615,11658.281348047747,2.0588693531413296e-17,70946.80024598535,0.35192348237889,73716.03884036708,0.0017920694500642106,6.177460016165049e-06,7810065.901628318,0.08290847281127137,0.008452357572570176,0.05851141035915109,0.09624360533651644,84.78568987691635,0.0004728213661571188,8.37093475480862e-10,9.969920693767438e+28,24225.456765158364,133729701422728.61,27462.39806877082,3.8732365891649624e+16,35363.5727417157,8.53744455330064e+27,28349.436859496753,1.999811517198048e+27,1041.474288286362,6.263236870291354e-06,61935.41325995938,3.2337186688161445e-07,36011.27590945696,8.600429249668197e-06,74987.59596721038,4.907135182063958e-05,28461.625422075846,4.25520221139852e-05,6.797675764315211e-14,0.4299989511490444,7.191631437137059e-08,0.43503205834445924,0.5649678697392264,,7.637971596407362e-09,238218.62808868146,2.1593007213226254e-05,2.0959014900758945e-05,metal,mixed,mixed
9.101526336413286e-08,75521.45915779429,0.011597932447876283,31668.23863921586,7.549091464117915e-17,70752.39309252844,0.3972293305686359,98867.00913848272,0.0039743931961215805,8.331895476133051e-07,9800361.886040155,0.03609901214839881,0.018674280005870313,0.08319579862913085,0.45970353186440965,48.01670252765932,0.00014542969394939586,5.780670905632893e-10,9.942761573354374e+28,15241.041085819847,287705031819131.94,29800.361839728776,1.7622038648083978e+16,36749.25658916643,2.9862790898262216e+27,23323.447727242103,1.917704907632199e+27,894.5681268452928,8.780697118711727e-06,67733.38452347483,6.02912038337913e-07,19492.24651185485,0.00010959257142094117,91664.08867232685,0.0009123516972676966,9009.480244997576,3.0323972756116657e-06,5.391671838227608e-14,0.5744606982703422,4.253975795537376e-09,0.012831326017597006,0.9871686697284271,,1.0550509444991342e-09,9513586.233374722,2.6090456741662796e-06,4.2335160144538615e-07,metal,metal,intact
7.827297908744295e-08,72580.40010328853,0.0645449052605531,36958.252771014035,4.027673996578164e-17,70138.45928935597,0.13901184567646452,104637.8703946282,0.0017433020858460004,7.716978306289398e-06,2781008.071971463,0.05959204746919284,0.0041484419245460214,0.09443265465081233,0.2148651194416306,30.152918056330208,0.00022368869756168592,9.124643400642488e-10,1.1702339152091804e+29,17083.269421002547,320876590785384.8,26982.445086901735,1.8061472522976524e+16,37968.6212553059,2.789499448203155e+27,38928.25030307536,1.7402987186873648e+27,905.2781349286207,9.435259044468812e-06,57569.99129572578,9.73673777746782e-07,28424.906822911296,3.422964634319823e-05,90798.61169818358,6.412111858838269e-05,22169.89264138525,4.660359058711248e-06,1.69180977433278e-14,0.41654039279135924,1.6944307846754463e-08,0.4634338010547171,0.5365661820009752,,8.734002358151693e-10,106315.98189569532,2.478597951143405e-06,2.1817611075678433e-06,metal,mixed,mixed
1.214662224352198e-08,66172.9334550632,0.09047911047609827,28967.513823644545,2.030798828692475e-17,70820.3034663462,0.3769917827407302,144571.27639593903,0.0029900219743273218,9.747361347330865e-06,3210039.2932142904,0.016357155140525978,0.014299850952032785,0.05681715833321852,0.35115667175746135,50.67915558087497,0.0002041241989328893,9.384258387187954e-10,8.096078842151016e+28,17359.562211736436,623552922032000.5,29427.62911619799,4.736087200949094e+16,39287.43394836789,8.971442109587665e+27,28220.026397379686,1.7518037100568805e+27,1178.472450575357,2.900607448445229e-06,58839.901846422385,3.7160736266740414e-07,32796.90890066407,6.970659323746318e-05,94658.99436018713,0.00018050856098446013,25264.897620691958,6.152826883657241e-05,5.397510739499575e-11,0.4084744376542512,5.4032222879011765e-08,0.0027096743363400353,0.9972902716314374,,1.2673420417645897e-09,3190814.631214788,5.613260035619569e-05,5.395668480376724e-06,metal,metal,intact
1.0629185577367636e-07,64862.02056492982,0.025851304370714267,26561.32363065285,7.611769379145144e-17,70269.4788257788,0.2328837506851505,28133.09179290668,0.0029487389930935685,6.603435386193276e-06,7307741.986595318,0.07793531416312244,0.07402274348071837,0.04132589461281026,0.4950536446838918,96.68651040421794,0.0004203865142083014,6.303561376941874e-10,9.533583764383255e+28,21257.723220452262,219846044866127.6,29377.05398267644,4.967495075346584e+16,46370.36612267889,2.498930029726001e+27,39492.120958985484,1.5917211083011473e+27,1201.0791328299806,2.3022587079991395e-06,67869.78495384648,2.5125340559502534e-07,48038.36738004049,4.7127388848344065e-05,88839.27641631276,0.00013796735739364318,18908.005504431938,6.634790735439723e-05,4.042833050524187e-14,0.42031298638408904,8.470850038570437e-08,0.2706804996509239,0.7293194156405757,,2.0588671965153506e-08,8625.280452323168,1.2893664628465589e-05,5.3454242725931646e-05,metal,mixed,mixed
5.958002796251573e-08,69643.10187212542,0.0879542510334297,5841.11636666325,2.7272430912385865e-17,70304.15884739926,0.2530970064706866,126279.40489812466,0.0028536807551627777,5.7231987567929734e-06,3006443.6570049957,0.0837435132518242,0.07534312585017251,0.02455869850406154,0.4238699287481716,73.40951800013598,0.00032790529540090266,9.234119778954029e-10,1.1795683830667593e+29,23164.55649120989,580822034897.2523,28326.198024114598,9749431984271830.0,48289.46504783728,8.636313665599137e+27,39009.07531278457,8.415361417367486e+26,705.3623068144273,2.737725079991758e-06,42954.63502955632,1.6926975077317636e-07,10607.45485649163,0.00010454069114137267,92576.81128797647,0.0006096992780245117,34367.325300687706,1.3460430876653399e-08,3.45844023484488e-17,0.29962290613460685,8.762190666660972e-10,0.4957392116654264,0.5042607874583543,,1.3850248062054654e-12,94773.75737136597,7.037930910290384e-09,6.422499966363015e-09,metal,mixed,mixed
1.678236511478588e-07,71386.3601283879,0.0773319769471979,10254.631221350488,4.7359936824299805e-17,69659.94705310368,0.20199093242978797,104121.06992430676,0.004477428106313736,1.5461882995602112e-06,8886020.994855545,0.013629217379755174,0.025970671376713793,0.0978488584815242,0.46091660048221433,95.25974936955234,0.00036664102061038136,8.60447872501719e-10,1.1910590265463049e+29,21631.250316156085,384578445876019.4,25403.82773375258,5.268100725423761e+16,45315.61582490033,1.408230587007153e+27,24424.22013383415,8.582236683238928e+26,1107.6736267260462,4.399471400972956e-06,64186.204146056654,9.843059880866798e-07,44499.69631312612,3.983013771845952e-05,99879.22971248745,8.02243854608557e-05,30026.22197651111,0.0010423299970321496,1.877085290136488e-12,0.5784818120082689,4.6142158530158967e-07,0.2317352535642364,0.7682642850141785,,2.9672077558674117e-08,4661841.176484933,0.0008592904974987526,0.00018303949953339704,metal,metal,intact
2.9202635718773385e-08,71652.58115197119,0.07257724406249486,27081.041347399558,3.377208368640279e-17,70813.6377210324,0.11436902648196265,60952.24249566564,0.0028170535190008483,9.913545142387432e-06,462085.1051436687,0.03853707251848623,0.003496087181401466,0.08334759465242889,0.3951488318840506,2.7569996228752425,0.0004084589460903925,9.893991541026521e-10,9.022714189365673e+28,23501.917978658224,354393365569050.2,26827.96552977556,1.4406696515343468e+16,43222.37254835614,2.0097499566424907e+27,31459.566804655937,1.6224555995712547e+27,1091.858278337444,8.211199685497585e-06,44793.42097912515,1.15176905799055e-07,40171.44091899395,1.621958261344305e-05,71070.68394907411,1.5862462122510375e-05,37438.36005761989,3.7608760940061988e-06,3.2372873233895276e-14,0.10058374501775293,2.5630323145585918e-08,0.565752468253082,0.4342475061165949,,2.99747658710396e-09,1399.4860042014943,1.8350044309853246e-06,1.925871663020874e-06,oxide,mixed,mixed
1.529130408770778e-07,68875.43978140509,0.06379802895166946,24859.78440830238,2.1215849624985042e-17,70140.24980788925,0.0824224195744286,65461.50910578923,0.0022310942064301433,2.144551284954274e-06,3396350.245661482,0.04813215092016002,0.003070467602119937,0.06637166136941278,0.04675066327660058,17.840130885773874,0.0003852075276221264,5.357740415560224e-10,8.238840971194494e+28,20745.436963584754,62008632130869.33,27594.831986459372,3.173871831889377e+16,44649.07461696117,6.035121377768688e+27,39551.97566237954,1.611020744972641e+27,759.123696762251,7.2323394597345684e-06,51504.65014431986,4.975607521022664e-07,20829.130068064995,0.00013014581675822198,96514.70374229363,3.92019495319376e-05,31782.69132853274,4.543943623524607e-08,2.73373187836769e-17,0.3506949597412562,3.9971559235599127e-10,0.5003372119800851,0.4996627876201991,,2.491130846919241e-11,18517.83860121107,1.9200978347834745e-08,2.6238457887411325e-08,oxide,mixed,mixed
3.406725642538599e-09,61212.41857134957,0.008811308173584975,11019.068464853623,5.843948972174106e-17,69102.86415376588,0.22319102013713804,144302.2817939039,0.004785193461989242,3.196538193185447e-08,1161283.258621976,0.042841285182115545,0.055929583362290904,0.02328403341185662,0.424807229953808,88.3206071471114,0.0001638010630611995,9.957772178845022e-10,8.749149610135381e+28,23149.905648748918,2535027571219.6,25501.102521317178,1.9748902258615828e+16,37234.93132269388,5.2007351099751e+27,29427.098356807295,1.9930096981589712e+27,724.4206517161641,3.052038007706127e-06,61137.71474036964,5.600513654725191e-07,33171.21876446727,2.911873496093589e-05,95070.02135918623,3.8036767623266403e-05,34434.31369216075,1.5528691208626493e-09,1.901005940691226e-16,0.14934534794780263,1.5008294419829133e-10,0.00021251909372578184,0.9997874807561912,,1.650197943157084e-12,1160735.8841160806,1.3633023324937383e-09,1.8956678836891106e-10,metal,metal,intact
3.3769359721895196e-07,68248.5540234164,0.0631463794286064,37653.12238746326,7.743434932538313e-17,70966.06425029652,0.3740082721782874,22162.73645544359,0.004133554995711846,1.0762075490179301e-06,1124676.8121249373,0.04952341431726281,0.027393160049239303,0.08914274514503723,0.17159818634624613,7.241519225804735,0.0002217555364643164,6.16412105783037e-10,8.614555852087893e+28,21166.585064471925,242307403174678.38,25776.57834240582,4.410773570675382e+16,40120.74374610995,4.227693123459973e+26,36975.149763441645,1.3901705089103933e+27,908.0644110755472,6.214115604413218e-06,58466.07389938561,8.667288080186936e-08,9015.539151691684,0.00010802127243096056,80307.22485998829,0.0001943564853002092,32120.915593230682,4.6351562984984575e-06,2.1526778670581804e-15,0.19355364073912804,6.01806349199169e-08,0.5240034888095325,0.47599645100983246,,7.918629368931309e-09,3572.7231456709005,1.6693260878521777e-06,2.96583021064628e-06,oxide,mixed,mixed
2.1101539773236093e-08,61402.688702588166,0.01835782449769666,17530.03591533198,1.6889640779313875e-17,69356.79210895488,0.3693404251957293,111482.88535665239,0.004482896637789965,7.74992348218235e-06,4108594.225908672,0.019820647084423732,0.0967150404972178,0.009626011145573406,0.16245935893698404,69.47348693394444,0.00010950332501365668,7.614943998227631e-10,1.1898816564385585e+29,18265.07894209531,588781063259161.8,26802.557433846043,7410460140191714.0,47531.586253640446,6.484736573981498e+27,20091.817858863764,7.6866338952227295e+25,836.5892808790411,6.810456718765456e-06,67008.61475486301,9.290178607658367e-07,13631.086127877626,2.789671854993019e-06,89653.31282909389,0.0001841350600725738,15616.200384623646,8.625666123488196e-08,3.4086545716341047e-15,0.5485782345171003,1.0736983226522129e-09,0.0830494486546129,0.9169505502716888,,2.5150784891625607e-11,3371707.296133574,7.453086853127654e-08,1.1725792703605423e-08,metal,metal,intact
1.3143798222072657e-07,70373.83258981198,0.08863370999156014,4727.704646990221,6.718858521070499e-17,70549.85864919712,0.13879967968556958,131123.64603632287,0.00398998584701022,3.2127019097791977e-06,5871410.509210742,0.07303232825072332,0.010693022461953187,0.043157140163602475,0.24393050279361272,19.781268719972175,0.00044433746529572404,5.933403782992085e-10,1.1307098968466051e+29,15251.401131757664,751326860517430.6,27759.212635256437,2.1517013530371116e+16,44059.84032522691,5.927268073566657e+27,33085.91847622125,1.5987539633557125e+27,1193.970141774386,4.759011478600151e-06,56071.96359401232,2.486092029053013e-07,19634.39766592034,0.00011128301260147887,70703.59866504245,0.0006916228309761974,37191.81028223314,0.0009944827477196237,6.07686514978335e-11,0.48185495119012056,3.133960524886016e-07,0.018272082273626495,0.981727604330321,,1.9041510238340796e-08,5625680.483441263,0.0008661229621917377,0.000128359785527886,metal,metal,intact
2.667523111505965e-07,62639.91468904103,0.04740428002450996,37866.910547309635,5.609390709709798e-17,69385.82166845398,0.3453974657195497,88507.20833027142,0.004566430643836595,7.377030017987288e-07,2151582.830507072,0.037253318520443855,0.006738251584749547,0.0034569762585700894,0.26000143040746343,54.42845519198247,0.00046724665323942305,5.503656428724368e-10,1.1102983670443851e+29,15482.59813208745,559264407897491.3,25237.299002118845,5876565729990231.0,42902.763962411496,4.4138091901845723e+27,37261.28103113713,1.3730178058006632e+27,684.8589890866914,3.4203299781959024e-06,69742.06864828491,7.28075065033077e-07,40964.97446037217,0.000115366973393697,97717.54025784462,0.00022802450408049795,33653.7599055342,1.5669015921383035e-08,3.156684029604537e-17,0.13529927299343872,2.2125717612444303e-09,0.23148069832633686,0.7685192994610914,,2.5090271111555712e-11,1223561.0367383868,1.4708652541390839e-08,9.603633799921967e-10,metal,metal,intact
2.1338935595946958e-07,62259.851635909756,0.005068761972031041,31022.910087470886,6.612560099638708e-17,69634.75141161076,0.26370486783222047,24771.42741120873,0.0031339212417281887,5.402706850749917e-06,5167191.643817836,0.08036334425452274,0.03700342216680818,0.03313055908124667,0.09381588468801522,99.61887767689831,0.00014748866818063033,3.586829812637518e-10,1.1946022668653098e+29,17398.484177264305,48605220158228.625,25423.52277214014,2.538545305868772e+16,36530.45155808317,9.647060241090584e+27,35344.82045277116,5.8098982756769065e+26,699.6405971742834,7.173644676683799e-06,48076.79288815263,5.4009809896526e-07,22661.116022564176,0.00012078701130768834,84675.22192412222,0.0007938890915365811,20693.586335036598,9.232019908661318e-09,3.3106696011463543e-17,0.35547960425222014,1.961984173013801e-10,0.41023078349670355,0.5897692163070979,,4.733564738813023e-11,999882.799786762,6.6367413965236606e-09,2.5952785121376576e-09,metal,oxide,intact
4.1057134449134354e-07,75380.86706428239,0.051084866359407344,5959.16950587408,5.881355553702542e-17,69953.9171080159,0.3878593933489277,56608.66822955298,0.0038374617864178123,2.8852018429216917e-06,6756701.074493477,0.07838738235644324,0.04885523165119004,0.009957944359815285,0.19259803178896143,65.65614700886478,0.00048757921533045423,5.329262592611631e-10,8.84828891739309e+28,15844.036010023616,267837250444435.72,29511.766716981812,3.918116393518396e+16,45928.49081234129,4.2325436676548344e+27,24473.863387205078,3.0530809610782754e+26,828.6320192518901,5.9790204619251195e-06,41878.057702930455,8.575467568712626e-07,36743.63302249595,6.958539762875447e-05,77427.8299520178,0.0009190892350900913,27605.783255740513,1.9590506850657418e-06,1.5963100147853942e-15,0.3948924430436076,3.948422807684636e-08,0.5114877281921222,0.4885122323236497,,3.1141115919967645e-10,151954.141931356,1.0549027329176065e-06,9.041479521481353e-07,oxide,mixed,mixed
1.9128641484904134e-07,61301.420153290666,0.09368341661004473,29381.81005325249,2.4948736179947577e-18,69500.68115187484,0.1326100263139084,114895.10725646545,0.00493763473924308,2.073752040285037e-06,2607807.8548337286,0.008570144641633779,0.06553744752659812,0.03389564254247681,0.41738230132754256,23.455556373242132,0.00011836920246995445,7.563837805253132e-10,1.1231042914188222e+29,20087.27353517076,594599000407833.6,26202.060468048163,4.4394121993812456e+16,36424.96442446103,7.741152155371979e+27,35201.08401617684,1.7158342450881407e+27,1078.5101261432515,2.3648943942556155e-07,57939.31042778799,3.684213461323976e-07,27482.983523846808,0.00010823041827382484,77330.71725904511,0.0005956822172654818,38400.98192170558,6.36986862389286e-05,7.959655140978432e-14,0.369338575838995,1.824117085985927e-06,0.6931072107254228,0.30689096515749126,,1.476050110040446e-08,73431.41288846974,4.596436561117836e-05,1.7734320627750238e-05,oxide,oxide,intact
2.625505244574549e-07,74290.75038852537,0.042109300855483554,29349.37399758457,4.5087506156195436e-17,70806.73154737793,0.15694083864671518,81850.78789579123,0.001816403854513139,8.490605220755465e-06,1949285.077519518,0.010428019077209116,0.04927925091525567,0.028219740014225,0.03389695939788426,11.378263967934451,0.0001789244310393267,8.728368283892019e-10,1.0221773280025917e+29,15943.266392494259,815805704760570.5,28554.106151063344,5.000712795268515e+16,38235.699825942516,1.1890399885821477e+26,26705.778286316076,2.0667266789988768e+26,629.1582877318748,9.077503027948252e-07,65888.84737783477,1.8423937799394833e-07,5963.038313754364,0.00011072106708893337,94360.88853574653,0.0007875078661024398,17406.847454123774,2.374415499413584e-09,1.0571170990624278e-18,0.29711761967852235,1.3904661876238654e-07,0.19038208584658325,0.809617775106798,,8.651729963144241e-11,1.7429510556722776,1.5839544457108092e-10,2.216020054842503e-09,metal,metal,pinhole
7.255642354581976e-08,67399.13776885266,0.07597405711794232,39530.54512994635,5.824966963854477e-17,69396.32436674481,0.08157064508350934,91674.87301619296,0.0036756375491319815,3.2756834054362987e-06,9248547.12394754,0.051590048463084494,0.046912187377963196,0.07418304312398552,0.321507193059278,14.293124821847528,0.00014842409385292307,7.887329521670384e-10,1.0159505633954319e+29,22219.979826337076,669398467973628.8,27481.310857758708,2.421500051776869e+16,42871.01464499913,4.638356863151203e+27,23546.59060827548,1.0281858556351545e+27,947.08503499478,3.838363335295755e-06,66833.66766526728,9.360000061766758e-07,30443.728444742017,5.284020108114843e-05,83086.51700423777,0.0006238131429980839,29761.10343902842,1.0365843309276008e-05,1.9700492337959877e-14,0.5680877745236913,2.358728021363022e-08,0.3841237068411819,0.615876269571538,,8.940837050115144e-10,2337353.1337015135,7.53103999226198e-06,2.8348033170140273e-06,metal,metal,intact
1.632598392368107e-07,78903.52050414402,0.05893556187003187,46662.75729712826,7.116385987000392e-17,70872.06399703736,0.2790145971469522,107987.57558907535,0.002493004988671615,7.759902342314654e-06,9235937.8915359,0.062113205439247206,0.0675469542157373,0.09560266377218136,0.35647643980948174,71.61545711414166,0.00012189144877718722,8.825515830151874e-10,8.248375429139293e+28,23715.0696756236,698274338949198.6,27934.01171999491,3.818784340468724e+16,38565.19327754859,7.760022923334391e+27,29575.22423030331,1.8347987437242053e+27,722.5746857510757,3.2802288746917323e-06,58371.353142641456,5.233150706421102e-07,44279.42099566407,3.170437110228868e-05,92930.51458851695,0.00024627254255678635,28362.927807010667,2.646718705866733e-08,1.7692535100236916e-16,0.2215192418017735,2.2427644417618465e-10,0.256012345566533,0.7439876542091906,,1.2257248545095508e-11,3964519.8966112947,1.8620568199202194e-08,7.846618859465136e-09,metal,metal,intact
2.612813387764236e-07,73719.58138806767,0.09166407167227376,43637.712800031986,5.4235051318005916e-17,69891.01067064196,0.3374719716040397,138110.35519925365,0.0012016784998980239,6.3513121727153e-06,8629695.752884828,0.0011109736567715151,0.07030993977122385,0.08064468469012198,0.3106283704947765,29.755456753907215,0.00020635971242063175,5.402068570860005e-10,1.0865365558887923e+29,17387.62799052876,45170642482744.71,27491.317872441006,1.2723001367393658e+16,48126.97025127077,7.581564403667969e+27,29499.20959503122,8.262683407332653e+26,575.3262420524145,9.469146017923097e-06,66993.6884820915,7.036073120048751e-07,21333.8271008347,3.599872287640281e-05,99189.2010584872,0.0002045888898112752,33948.66380364132,1.878508805463604e-11,3.320547379144272e-20,0.36872337743359856,3.0104482605659283e-12,0.6071541906499107,0.3928458093470788,,4.5500703738444705e-14,218145.57658290543,1.09632681980684e-11,7.82181985656764e-12,oxide,mixed,mixed
7.495538562853419e-08,67673.86851684033,0.030028797421037763,40250.73358154349,6.581594839166722e-17,70934.97933220143,0.21787313607294667,164406.07758909688,0.0005281934106545678,5.6781272421577474e-06,4528081.103466198,0.09339585775574322,0.04315842833413208,0.008388830172905166,0.21447906021388616,75.78346252252746,0.0003142406860078414,9.136570542309911e-10,9.135154207368032e+28,15651.421371237935,120777885735053.95,26568.535603069722,7945445812547094.0,48399.98266965663,7.996140223908135e+27,24121.502859063552,6.626129717420901e+26,1074.6872536380374,2.0510295328579024e-06,40519.6623749675,2.1188969529367477e-07,30977.69502227466,0.0001039986886624448,72914.41826690656,0.0008783268081443955,18966.821833942857,0.00010042648107448264,1.9845016379389836e-11,0.35288003902862564,7.024722770201594e-08,0.002401604512148329,0.9975983252406239,,1.4370758790465614e-09,4502409.764940178,8.58392146743605e-05,1.4587266400122137e-05,metal,metal,intact
2.7414189077158377e-07,75000.52579697761,0.019257699541654044,16916.819790121946,4.676212910865361e-17,69373.49079547828,0.3923188628535514,157447.54913396647,0.00369665499916902,4.960670846399692e-06,140452.18670116048,0.052247007164646836,0.014166265023884633,0.04287435512520083,0.19814329246601425,59.01554317089276,0.0003148182074675257,9.212910749336656e-10,8.606816125810367e+28,24075.479346898992,421143331336052.5,25677.34520373759,4.014003178136639e+16,40603.94244196866,2.1791779049622656e+26,22240.802777181707,1.940821603054237e+27,790.4670713800433,4.3523936705768226e-07,56395.0908844239,2.2095021899636332e-07,46169.232456154685,1.2890367935653221e-05,71566.07441680496,0.0003879640146289929,38200.03136014088,4.916908961289054e-07,7.577124366832553e-15,0.028237605538386654,1.7639155316247186e-06,0.5165480788743285,0.4834501572101397,,1.6788157065682817e-09,12870.012403250503,3.5559617630433765e-07,1.3609471982456774e-07,oxide,oxide,intact
2.7902561361076004e-07,67187.16735264665,0.08336336630126207,4423.313828603214,3.2692648897547658e-18,70013.3426680622,0.15494370634010496,71481.7359209734,0.0031558331594378273,6.541682802347715e-06,2034427.3592771443,0.0794195221400851,0.01790704717296649,0.037945619382950414,0.3457852752370593,48.58030831305859,5.3862317341457495e-05,4.977203423121817e-10,1.0028621481423746e+29,15288.445493985351,601432503260753.2,25681.860411274814,4.084198486748176e+16,37297.00124503285,6.052005681384924e+27,35190.6635518752,1.5436684101699314e+27,1031.2019096665022,4.186154929759266e-06,59700.103203871666,6.019422003194138e-07,48811.165188700674,6.853747388761399e-05,76183.48821040879,0.0005186180989465303,5653.402512697355,3.595143681266316e-05,3.3077792544301636e-15,0.2815725940853192,1.3020230749676786e-06,0.049927123576863394,0.9500715744000617,,1.2354683041159402e-08,5.722343027832529,6.226150877053084e-07,3.532882172495785e-05,metal,metal,pinhole
3.8196952388778565e-07,66265.28985746695,0.0509412875958747,32557.021004486844,6.236700424308823e-17,70502.42685226793,0.11605101534786624,36886.671057537664,0.004114723254908113,7.787494815154937e-06,3367589.3194862134,0.011063314424263745,0.07710241427543608,0.0665341595594963,0.14461312558270886,28.452045577882714,0.00031994687313725276,8.227784146391106e-10,9.365025673478302e+28,18222.389865877558,106354949481161.08,26764.069919872865,1.953365369609129e+16,46998.342385185715,1.7504909411114632e+27,20179.25296829356,1.7788511697800524e+27,1015.1281531329163,4.706241771178137e-07,40904.616877190194,5.394551899834825e-07,47955.97217379138,0.00011949367639205634,83936.36422698214,5.553251512903315e-05,21101.84741726805,5.429029173675302e-06,4.6647630760390686e-15,0.317434651046868,5.969721161486938e-08,0.5535261630488828,0.44647377725390563,,1.6470961553533768e-08,106.63378138657461,9.239622667550673e-07,4.505066906920235e-06,oxide,mixed,mixed
1.494099100340576e-07,69607.20796810239,0.006843794966279255,9219.920304666877,6.198385755199833e-17,69823.61856252875,0.31671239222550207,67715.10404016558,0.0031139790743528813,9.131403487450324e-06,9261101.319383362,0.04462586692264805,0.07642881729942043,0.06893039915555196,0.42070571744574786,39.69387373926977,0.0004214736889680556,9.447085604253166e-10,1.1731395492885024e+29,23957.32168170874,283333945889016.06,27128.730752519135,4.7470459301130376e+16,45449.561954433164,6.1797515608863054e+26,27880.47612086517,1.8390934357163685e+27,916.3704141706689,4.842697094402449e-08,45209.90471035386,2.2348065579350592e-07,23938.286268108535,2.5323414287405123e-05,73465.95615299515,0.0007685092163965386,11500.93091223527,5.676504461589703e-06,1.3422893739899692e-14,0.4205627065288606,2.421330968796966e-07,0.5141252046557566,0.48587455321114653,,4.12980767800641e-09,299950.06116113334,2.972748583512105e-06,2.703755878077598e-06,oxide,mixed,mixed
4.2268202517380175e-07,77329.89390709918,0.042475841453395606,40445.39558164608,3.024374349298123e-17,69780.67570777138,0.3953683595557692,150982.26603211922,0.0021245454068225984,6.65910847274202e-06,6181071.125153189,0.07731517159939494,0.018532782361241756,0.002759274176707458,0.23545176499594644,26.686635989629043,0.000196663965024773,6.392856082430238e-10,1.1955083678437272e+29,20447.003055923145,77872814807463.39,29763.388762301365,1.6540642819146986e+16,48797.60148523502,8.176728554731069e+27,30971.582503704078,5.1419602797733954e+26,582.3473465596182,9.324353353153697e-06,66077.19243941046,5.131299597727774e-07,9959.500667415112,0.00010472490330653504,81403.66161301243,0.0005151602772599991,26980.932109041994,1.0257731835310463e-11,2.569903167192665e-20,0.47942439069373965,3.0168201136553877e-12,0.5536488688305536,0.4463511311664296,,6.01880389096316e-14,255538.16696692765,6.895626683180142e-12,3.362105152130321e-12,oxide,mixed,mixed
9.981014233549129e-08,70538.08163417083,0.09214353859749755,35698.30141745503,5.270418762188668e-19,69956.16064621139,0.33833937176811296,142790.25564269832,0.003313322600136106,3.3331399210773597e-06,86228.90475828915,0.08479726197449695,0.03624897582104214,0.09272662301968848,0.18356453982153445,21.282660960750178,0.00042188123362806365,9.305547219947822e-10,1.1298251447469127e+29,23343.275005035088,208108164957778.94,28306.50124423458,5.610935417010802e+16,42646.67872773081,4.165580202767047e+27,25167.356943622857,1.4833690793443445e+27,688.0316403360462,4.567954361489344e-06,48659.4312722437,3.762297620733382e-08,49286.987006455005,0.0001288799265229547,98172.84781008476,5.7122786501296144e-06,6232.005258548568,4.0505169118655625e-10,4.0921755768331277e-19,0.004738810078959418,4.198963588364538e-10,0.20464118468846948,0.7953588148916342,,6.893016517619852e-12,8.151345625523899,2.8069603449620698e-11,3.7698208773693557e-10,metal,metal,pinhole
2.6375979942858106e-08,67036.21331546966,0.0049257947367165825,10648.63038679619,9.23734276426906e-18,69656.32334467111,0.18881061573048186,80475.51603230182,0.0026667686682037774,4.09682639931313e-06,1109738.0041336603,0.06222726666769553,0.03808249430958759,0.02375898820205903,0.21363975786900136,70.83272888510967,0.00045871867974500106,8.640692013537103e-10,1.0588222322537937e+29,18624.07334920503,164983710235546.6,29420.593922106622,3.305899968059482e+16,40086.235294855054,7.288749996288758e+27,30377.03672517524,1.9620573124612042e+27,1050.1758296113776,2.6914064353628278e-06,62316.12100332695,5.101651536104585e-07,45060.61760496018,3.519874167002591e-05,88661.5235091771,0.00012118536473180585,39011.87533809351,1.4284864390986762e-06,2.655369681655802e-14,0.23233009142034527,9.035742602313844e-09,0.17443479462663347,0.8255651963376238,,1.0624906928530895e-09,706471.1225868594,1.2161430597520491e-06,2.1234337934662704e-07,metal,metal,intact
1.0497531398887919e-08,68304.02166976812,0.08329027414152787,9521.655748994604,7.976535738658499e-18,69305.38675507704,0.13548118507378598,77577.82093457817,0.001950732685570282,2.3768181537469386e-06,1787619.3437575127,0.03494099546852559,0.029090588605252626,0.09817920218039562,0.22246113808536103,34.59350685530726,0.0002965064144081572,8.511288387270767e-10,1.00013193113177e+29,22751.331440591333,585852955322483.4,27248.418824123888,5.510241822432468e+16,43678.04494737929,7.965586867647506e+27,36162.96770726999,1.37253066580205e+26,838.1935469135949,1.5420089100329406e-06,62792.03187628511,2.733320811575031e-07,6274.188065202377,4.01266909853418e-05,91968.41432654927,0.0008860885319408621,9354.668481552097,1.2874998502363083e-07,1.9073796126023874e-16,0.35990561490169126,1.228915662009794e-08,0.49149982924292407,0.5085001584679192,,1.1118205839952576e-11,76083.03668899083,7.136806060415858e-08,5.738192441947224e-08,metal,mixed,mixed
3.134971968574741e-07,74181.22895832089,0.029335429976162897,38137.4594851507,4.141571883068336e-17,69708.74379199908,0.34297147893250135,92395.73483695403,0.003421325227250722,1.0079260607262157e-07,4815499.210705248,0.08497979907747501,0.08705569218603341,0.0672644108919554,0.30509450811746264,67.35708358578198,0.00017222796804075073,9.844401185572995e-10,8.639329564166808e+28,23667.860862291833,471368974771406.3,26316.816622377846,3.008780253016159e+16,42955.127980579055,8.234453673464572e+27,29802.542385837143,5.4353694237874016e+26,1211.7920029128786,4.419169060221485e-06,57156.551936527496,6.935024448575503e-07,28984.941241386372,5.4896421653614115e-05,82817.51713874267,0.0004419330706798289,9253.94445388296,0.0006714553895218376,5.551938723079817e-12,0.5592503299529874,3.1885818062753235e-07,0.00434815817445812,0.9956515229673614,,3.712024666073473e-08,4759219.949260212,0.0005101809734726565,0.0001612744160491811,metal,metal,intact
3.552656685346418e-07,62555.16080842022,0.03169115729549572,44866.34897233774,5.659459303647297e-17,70789.22391828598,0.2585321221584713,91183.15460612427,0.004292198002879646,4.36438119051039e-06,3711642.636637269,0.08514454990179655,0.06067883807066472,0.07198971290751123,0.21563805430250985,99.43396311220697,0.00017802691158190945,7.449867139743218e-10,1.066262247952178e+29,18374.8744047376,485941003986367.0,26619.07396000818,3.9452673693129224e+16,36624.07997908017,8.586243822499249e+27,34733.107371222235,1.2877336096744417e+27,913.786937883396,1.6748142985814363e-06,65827.11172677253,1.4698372011337203e-07,38817.072259323664,9.506695185913219e-07,88793.12695975442,0.0001960910158408195,27908.1316059544,7.268244778524126e-06,3.002845135787706e-14,0.19476316020805823,3.1613797563610574e-07,0.32613229108639136,0.6738673927756329,,3.645546596578123e-09,1052413.8215381263,4.852520903212494e-06,2.415723875311632e-06,metal,mixed,mixed
1.0995790542659726e-07,62909.486173297366,0.014553194061631896,21645.339394006052,4.547239794433578e-18,69996.2597856526,0.09254586918721176,139004.97715305287,0.001984463368596834,2.984934242349001e-06,8984693.604806779,0.038926982165917515,0.09695018986672074,0.01915908340808056,0.14016618610010856,32.894542908688805,0.00035802987657367454,7.427046905672048e-10,8.818162443977299e+28,18948.119422513017,463917103208591.4,29022.805665281794,5.1455936064357656e+16,43182.25203596485,5.122741398890779e+27,27940.976832466415,4.43051123253163e+25,922.12866557184,2.07510965431597e-06,40126.79487325594,1.0569202019902654e-07,30792.56480875428,0.00012163694810888952,88414.31779482632,0.0008261096844280101,30584.914998312826,5.443600822703003e-06,1.0140834763448497e-14,0.2904738418851434,3.768163247345773e-09,0.37741811901702915,0.6225818772148076,,8.469328644904147e-10,2459486.355854471,4.109374841434738e-06,1.3342259812682655e-06,metal,metal,intact
2.3316059447760365e-07,73026.51635758212,0.04218363212037155,28056.458736243196,5.817524689748899e-17,70777.09653389374,0.2684765036724377,57296.53281844811,0.0015691363345509495,7.599480944279437e-06,6421794.32772139,0.04302476568791602,0.09390745408489316,0.029884728348008597,0.3913956570978476,83.69683944942533,4.736735343982898e-05,5.828433797048856e-10,1.0834979219011887e+29,21906.343972594972,275158720065840.44,26755.039224606204,5018430226752651.0,35568.101348571225,2.4063011430463886e+27,23489.044302002036,1.8016353754723717e+27,1062.2509959276938,1.3980785274325106e-06,46167.913498600465,5.174880883023163e-07,48161.568143548306,0.00010081479507535023,82554.09669724124,0.0003309149988102771,27957.036513063296,0.00010945192400467656,6.859538901972481e-14,0.415413942854274,7.170868270117302e-07,0.309728030772375,0.6902712521407981,,3.167201227092841e-08,1611.483318958714,1.8757236352209373e-05,9.069468765246719e-05,metal,mixed,mixed
1.194808286020828e-07,76218.02070500638,0.08541302970489295,25125.214461717405,3.411044177686619e-17,70514.08086819103,0.39188331188471554,163877.512228069,0.0022014943689067376,2.538943861124319e-07,3376701.8546741786,0.011666683465897852,0.05372373260561393,0.0024756458049515965,0.06117067923369212,60.83212189332272,0.0003076605309130268,3.5774738112701765e-10,1.0276258050442952e+29,18991.491351078475,488925448035028.8,28268.20497058063,1.2789063001320932e+16,37824.55255863722,2.330758460253628e+26,21801.38091812629,5.9416290694370614e+26,905.7272034349405,3.5938079550893056e-06,67131.27601262415,9.53551764483022e-07,49458.93245221872,6.84153418976258e-05,98961.47954686882,0.0005753349177426455,13335.413969686471,0.00017263957950910415,6.301400662072676e-13,0.2957913220614121,8.140452185012698e-07,0.035165386928831345,0.9648337990259502,,5.969183689839389e-09,3122453.9944758024,0.0001605202805867441,1.211929892236006e-05,metal,metal,intact
3.217561721361452e-07,62136.471044532234,0.07647446871567849,49567.52439617065,2.99595144163932e-17,69225.58763620781,0.2693140051403304,83223.97932796819,0.003118648674517837,6.71090125552076e-06,6116446.420066101,0.0755411823847563,0.06564879958673206,0.06583351959844332,0.0913465077896947,18.24529933412805,0.000175655614256362,7.338550899083205e-10,1.1272602941933923e+29,18289.359551537287,196255899149656.28,26157.431860504126,4.2608868261938424e+16,35627.95000474358,4.866125495325336e+27,27131.432794465403,5.283037333065637e+26,761.9017658833666,3.891058124935985e-06,54522.96613465161,8.158988760016377e-07,11424.48562458971,6.157095528094814e-05,78511.75288056693,0.0008378605383534394,19782.210173386957,2.855756320920676e-07,1.9384324682001967e-16,0.580618429614493,4.056286437017405e-08,0.3803555755873324,0.6196443838498032,,5.993750543765993e-10,8015.269860751838,5.4601096165064114e-08,2.3097453592700347e-07,metal,mixed,mixed
6.878477234093845e-09,78893.6492195729,0.01355565554171222,10128.44036712439,6.1431812378819e-18,70554.7855259619,0.12238743475207733,151311.3337752058,0.004525040864039218,4.984712063744186e-06,6164073.43752174,0.017732893178120008,0.0672005143142558,0.08928720638560995,0.2193434039489271,62.79453744794493,7.454477430249873e-05,4.089777582110814e-10,8.370481895140208e+28,19841.468718758333,743495005434957.9,28674.90403714245,4.202024832145117e+16,48932.97245646055,4.196410481823563e+27,28199.828037260995,7.469666803376345e+26,588.6346380691522,4.113591233519786e-06,46887.66808067688,1.6206343556342453e-08,40292.07566302618,4.621876148784708e-05,80007.307664158,0.0007868355314710311,21860.223672568238,1.3150210031632654e-12,2.5575968180817326e-21,0.022414956924129713,1.514165077617018e-13,0.4978403860163911,0.5021596139834575,,1.4531977193836595e-15,405465.68827749183,7.824402176014557e-13,5.325807855618098e-13,metal,mixed,mixed
2.0586494747762514e-07,67644.69088201495,0.06782517567660118,26941.00006858018,3.229911763798908e-17,69892.25556590914,0.239695215234842,161916.42877173526,0.001121555524396147,1.7365898787708999e-06,803321.910331248,0.012457135415960666,0.06701291961210885,0.005862717556435942,0.059867029958100206,53.186886548001915,0.00017173284375872837,5.584494135169283e-10,8.920113349801533e+28,22623.189937741732,110397102877949.95,26444.46618073605,4.700048815594941e+16,46167.191541335895,1.3744324673122574e+27,26658.340434237612,7.0368715424989855e+25,779.3263133710584,8.552397676253004e-06,40111.09056876686,8.465676521690699e-08,46046.049759766756,3.197578223264458e-05,71878.93922659276,0.0008564870632279782,31218.533733393444,9.501092398746142e-07,2.204657307580422e-15,0.039499342654396745,1.606713513183206e-08,0.5729160352216318,0.4270839487112331,,2.3097293646220047e-10,68168.05450685711,7.380527574423269e-07,2.1205648243228735e-07,oxide,oxide,intact
6.334628066708593e-09,68660.63683489096,0.04172786340770461,15962.487544451738,2.2508801485759024e-17,69678.46518927393,0.13652831095846993,69796.91307705163,0.0010001716226138366,1.6092059911469918e-06,186459.17241341414,0.06529632489092511,0.02879762876199818,0.07345481022969577,0.375730937476853,5.052163920855191,0.0003089981711882858,5.256700016989327e-10,1.049918230109557e+29,24513.416740138913,245260218665521.6,25895.27679908469,4.250780548405485e+16,35406.3737310999,3.3487497944344826e+27,23941.316596867262,8.136345238916645e+26,1123.2451307812664,1.893462727182645e-06,48025.031421333835,7.117918993337428e-07,8052.514248287192,1.122260204418313e-05,98272.73143236936,0.0003044579941340684,34062.03036533399,1.1320300207897834e-05,6.705179483204159e-14,0.24183766434682605,6.043019848515134e-07,0.42873884473731905,0.5712605509606962,,1.3832531159208273e-09,38404.96093526459,8.189485255511035e-06,3.130814952386799e-06,metal,oxide,intact
2.3190340509140636e-07,79881.39017834669,0.03443124935647887,36246.3397776736,3.8622883242391844e-17,70297.02042640474,0.2565678965658795,75544.39889377159,0.00232142363393644,4.622953354222206e-06,7543957.1286996035,0.08537761045896465,0.09159424137405811,0.07801439622368593,0.07424897815234288,27.535886052254032,0.00037512928892884394,8.020938026520826e-10,1.0201435314427658e+29,18386.140436069727,788475138309153.2,28536.592592882927,5.828197417733505e+16,42006.96777655881,6.29208592671998e+27,23645.413672086033,8.186064248142498e+26,573.3599641068895,6.608584866743814e-06,49393.955098534105,7.2533974351484e-07,33525.80552317487,6.554148195861844e-05,76882.67337370092,0.000123996613909146,27316.824234229618,3.529973278075021e-11,1.0662238781272341e-19,0.19397107259272228,6.94523170930338e-13,0.29713896035509324,0.7028610396442121,,7.589020107834147e-14,2185988.302036565,2.1840366883167945e-11,1.3459365897582268e-11,metal,mixed,mixed
2.9497242697066314e-07,67798.32541674687,0.06587135575260775,44851.15666421113,7.55380619167976e-17,70078.6842826346,0.36534359215920703,74424.15191108052,0.0008836290187056101,8.720133004699715e-06,1846393.748005509,0.08650433315306962,0.09583008489894691,0.029616958461065986,0.14266566489823163,44.480036880599876,0.0003451841377600083,5.76690321825343e-10,1.1187943064282252e+29,19342.88458350418,239107433671725.5,29474.230956882922,2.2694620138568772e+16,37851.165686275875,4.131515501869963e+27,29550.660865757774,5.6954111502260146e+26,1152.4169243856572,4.8988355361550135e-06,44749.11205138675,9.5074392224912e-07,9661.005100071234,4.878246007336971e-05,96738.75920120924,0.0006664561010847906,19114.97110236161,0.0007795459675197156,1.2783171251857086e-12,0.5336969394874805,6.760169621812346e-06,0.33479032465435377,0.6652029151760244,,6.470802292626904e-08,2708.311875134195,0.000150992788801574,0.0006285531787181416,metal,mixed,mixed
2.4678344547501395e-07,73681.13869913874,0.0551608417655554,23246.785783601503,7.789631583296408e-18,70273.31858294558,0.36591175920492813,163562.13146596903,0.002610534640113297,3.6798823796532355e-06,9746137.257460643,0.09049972302100248,0.07597484305600179,0.007546420212097684,0.4110494455010413,19.99817525608262,0.000488590766727505,8.322714451736551e-10,8.790881333476664e+28,24868.175076854055,234337388912387.62,25562.78095346315,4.926497591735251e+16,40450.341345106324,5.272747353646619e+27,32586.93604439576,1.7171314446892164e+27,1163.602975430297,3.948906464446396e-06,56801.213371843696,4.730328467453484e-08,47746.98928050224,6.83641358296749e-05,95268.77764486721,0.00024910799964417255,20741.76273640566,0.0017956630946445134,1.1808819020966064e-10,0.25239511903859224,1.6905382793837148e-07,0.014127275215813551,0.9858725557303586,,3.103824536895935e-08,9423035.386147406,0.001479718289905216,0.0003159448047392974,metal,metal,intact
3.695454277517891e-07,68296.17854614435,0.03257815126535327,48791.37945766816,4.4998960410983337e-17,69568.52350573808,0.3818806723454351,51785.60524796818,0.0029044939252754454,2.8376981586337664e-06,5501960.29201708,0.035978175048251806,0.02260511452077803,0.04992330794168305,0.2171698260476261,23.003479180381763,1.9992298102637093e-05,8.792239997447509e-10,1.1346220148122229e+29,19130.75344117573,578694897495139.0,25415.2591789956,5.0986184010464744e+16,38401.749351386585,1.3376053444862835e+26,26219.803835785035,1.2476179872835887e+27,900.4987433680785,5.31985918046694e-06,55021.326268827506,6.823924929773094e-07,20086.002837380503,5.3037782854011606e-06,92170.17025338559,0.0009419467148620485,16913.676262169818,9.018781166178529e-06,4.118576873019345e-15,0.5160722272809625,5.9281776890041235e-06,0.48200291550493324,0.5179911563173777,,2.1421083765886427e-08,5842.779953073216,2.936168551723909e-06,6.08261261445462e-06,metal,mixed,mixed
2.508779901225324e-07,72502.19073209955,0.09386681248274491,42490.02278109805,4.143357760580283e-17,69301.79111148175,0.21965090433106116,107029.44616998431,0.0005877842467040801,4.61557064046957e-06,8551782.1876589,0.08243608477976747,0.06734881040996758,0.043046439490920095,0.046314640984037425,45.045592711296386,0.0003824366856284171,3.490999952011106e-10,1.0105035984293199e+29,15057.798755458576,248848148189944.72,26688.366957895578,1.3152506318672808e+16,38347.635084469526,3.6538226648191437e+27,33234.93693949788,1.4010151316167084e+27,1135.491108579953,1.1172260750518434e-06,67780.8517155467,3.3829284223953184e-07,32994.12319180247,5.649547130883382e-05,84257.30369073316,0.0001882194705672573,39313.078818937734,0.0038334427835550336,3.412530188264957e-12,0.5007138194651644,7.224003608601418e-06,0.39683988718716956,0.6031528888092217,,4.057394259582896e-08,157532.9303758669,0.0015042782585074843,0.0023291645250475496,metal,mixed,mixed
4.19806527332233e-08,71771.72300648325,0.036404032927110086,46377.11820487743,6.851060362030448e-18,70089.507170718,0.2709651964485589,120653.01006431105,0.004558620882825439,4.3222509344440056e-06,3926460.1029095277,0.030082743407183626,0.05134455117851949,0.05404384055996926,0.3865037152351661,51.919947361711536,0.00021553827714716474,7.612746535001248e-10,9.229070667039077e+28,22943.45029623012,215545044158101.5,27580.05778140507,5.039195725900948e+16,43604.6747339308,4.0282580339111834e+27,32802.90279386532,4.922191443429644e+26,956.8923236731117,4.3856419564414495e-07,62759.91412860733,2.6128541267744876e-07,30545.17311193785,6.213411922085445e-05,87754.58193534116,0.0006726688333321535,26703.744999001923,2.034108929789961e-06,4.540997980501553e-14,0.3153718885111331,3.171033762656006e-08,0.08399104492223403,0.9160089233674283,,4.994014650488051e-10,3210713.1185245165,1.7377213578495217e-06,2.9638757194043924e-07,metal,metal,intact
2.497454892105521e-07,67550.53499499761,0.053850101556379426,48680.723913956805,6.972155929845151e-17,69533.09522396828,0.3987886348665185,53220.26918556306,0.0018474516361989815,4.633469826463068e-06,5999799.402385763,0.026889037754306067,0.02829871853335303,0.025856920644006003,0.28642299844965546,27.175153418542177,9.350114436971173e-05,8.335377183657027e-10,9.425202364491123e+28,18270.056521048413,436593582282149.25,26634.195608015532,1.0929580272071542e+16,41120.78887206861,8.498264640655715e+27,36148.89252527224,2.8112144305828615e+26,607.1610759783181,8.85648818032378e-06,45731.57041535294,1.9050308069524088e-07,25439.08733890304,8.247708818919856e-05,95383.67305911545,0.00010273915670203266,26623.739974441454,3.868520680422007e-10,2.5591919079829213e-18,0.18089471381660624,3.0692988607269933e-12,0.2515514050941837,0.748448594902747,,9.377518148543575e-13,3138801.980296484,3.462733103469824e-10,4.057875769521827e-11,metal,metal,intact
3.631346129991187e-07,64002.71033747122,0.08285859450918498,33949.18273772923,1.8922891997498566e-17,69317.18736923982,0.2523864494025978,161159.27460819684,0.0010455204768139385,8.33021125668256e-06,6744332.186351811,0.026426259838101828,0.09059703798613106,0.030996899327855102,0.2561700137471487,99.15083746117675,0.0004907450005436969,3.624129539607388e-10,1.1714501802474236e+29,16527.51798163587,300198781000987.3,26254.357728403542,3.6120512436908744e+16,45278.90035059718,5.876037665913202e+27,22959.177437463808,9.440138853311519e+26,1129.3641582820926,8.446487347071921e-07,65588.59398577923,3.5446784446844626e-07,39088.10309833965,9.645719584788708e-05,99069.59074541168,0.0003277260360067315,17428.540287027143,0.0039324108731098395,7.748267272698891e-11,0.44851379532054353,7.183040872646033e-06,0.13290127825685508,0.8670915387022724,,2.9417302415758312e-08,4737032.32451027,0.0032776907124546636,0.0006547201606551759,metal,metal,intact
3.636365725692351e-07,77193.14292231361,0.012075204114821922,6011.771437758178,1.578573563118178e-17,69672.52395112856,0.2580244781848523,89423.39841840656,0.0035084428490796417,2.4472418477038267e-06,5081477.841334831,0.0804073395741985,0.012396191990340368,0.06415492410628855,0.3489427508218286,26.185777573363005,0.00014446720946954873,7.819079742046554e-10,1.135223923390141e+29,15375.786754085724,429604948022509.3,28725.874828199452,1.9652250117645684e+16,47566.90940518862,2.8785740405093134e+27,21741.28012693217,1.1076840804585835e+27,859.4389866824761,1.52819679621695e-06,58227.026121026065,1.1139700104823754e-07,49244.30742114793,4.918967696493946e-05,70994.53173675343,0.00043149119538658196,31087.493304932992,1.6787773419769005e-06,1.9435490717889424e-15,0.1294655530952551,1.1401251282753621e-08,0.46400311430131413,0.5359968742974347,,7.00410169510698e-10,449293.53482018,1.0607813868649387e-06,6.179959551119618e-07,metal,mixed,mixed
1.199097759592062e-07,60872.66302751188,0.013054804551796013,12916.627649967742,3.0951488746589043e-18,70972.15506651645,0.3821870345890604,120942.91199014889,0.004409875620333953,9.141169971382671e-06,8637144.085958552,0.027082108698284885,0.0901359968557218,0.06167308947351152,0.49616487434536083,26.764422154544658,0.00036342850086776025,7.385510085229992e-10,1.1372790716336943e+29,23110.46568486274,633707845617455.4,29164.985685076816,4.063822543190307e+16,36822.58545115672,4.072448560452848e+27,32477.041900360942,7.958763075396865e+26,814.4160746670445,8.16287995546113e-06,51522.88751749713,9.249366278458689e-07,7302.416666707824,7.697816818924388e-05,90737.09378728188,8.792720183614735e-05,20021.40973800501,3.109103243574053e-07,4.565180923883507e-16,0.6836010413721169,2.6369870120906863e-09,0.5487657466932998,0.4512342506697132,,5.901230145284241e-10,22731.066083150134,1.1434547327601664e-07,1.9656485108138867e-07,oxide,mixed,mixed
6.6293488716354e-08,68509.57665631664,0.0765714108996135,38441.302800754806,1.344144502525529e-17,70172.11695852723,0.3108531681459512,169516.81266864314,0.004635762420489542,5.234022817763838e-06,1956667.088554045,0.023077014022126467,0.008668079504408576,0.06925806285711318,0.150101893126221,44.70852618624027,0.00025589337287166853,6.488146717801817e-10,1.1835427390658413e+29,17646.717448404775,506817026253258.6,28753.662108879646,2.6277941169639424e+16,36206.248487427234,4.432928871070224e+26,31861.56594533974,9.311616411052838e+26,604.2556141583331,1.967814717100058e-06,53904.44660191382,7.604306983325383e-07,46854.15325106625,0.00011481277211615503,94917.39975271106,0.0004611455934167687,21334.03508308617,1.0225661687115946e-10,3.1950173490377e-20,0.06131873825189373,1.6836626579329069e-09,0.2836819178721849,0.7163180804441523,,6.357015966144111e-12,15.15337544156332,7.655002466049462e-12,9.460161440510999e-11,metal,mixed,mixed
4.029040655288798e-07,78212.19110203291,0.016404755233633047,46986.712505231284,6.186942862492388e-17,70612.6451728923,0.08001858675589382,97524.36029693243,0.0015740492503194484,1.9660899118542556e-06,3295634.7047381955,0.02863070635456193,0.04459208293402003,0.09084727929946608,0.14207067427595269,81.9987294565464,0.0001140365988188674,3.032426140814155e-10,1.0197101379400554e+29,15276.946964708544,208912348653661.47,26408.24545870269,5.941524966088195e+16,49491.89884724008,1.0033964398584496e+27,25558.93415830068,3.235848253748265e+26,811.2542723249935,9.454532691623057e-07,45501.13812761516,5.971985327184e-07,48721.086825759405,0.00010100577988661214,90407.1515707646,0.0008826282339694688,7351.811834284671,4.884052704288256e-07,8.284307312050456e-16,0.18726388899495278,5.601999641379037e-09,0.3972857569069167,0.6027142374910837,,4.995175419124477e-10,691858.2211015603,3.4681745975102417e-07,1.415878106778014e-07,metal,oxide,intact
5.768942672241887e-08,62168.064212663674,0.00823412065678166,23049.40089327472,2.516145280838805e-17,69567.77728533873,0.23846968403793567,43066.38158817045,0.004789287532981841,4.164585608993758e-06,7800674.14627145,0.007437998085550593,0.0061386089008638855,0.04594367028909502,0.2755468524299716,55.120715955248215,0.0003557702015362502,3.817111744326707e-10,1.0331868462469484e+29,16071.817788672173,629286258421062.4,25358.017465480218,5.550286858055903e+16,42250.236454797414,6.230312656428534e+27,36229.499340767805,9.77667122331116e+26,1084.6919333909564,2.111574901187048e-06,51738.901188675096,6.776191113498585e-08,5534.946688224123,0.00010265690515091154,87145.46122992234,0.00011587370694137536,22533.261358863852,5.276304968557349e-06,1.2475149423308674e-14,0.396382960854341,2.2412014940933255e-09,0.5162420821397323,0.4837579156190664,,3.2835585299290863e-09,1342336.9459755502,4.607241556480289e-06,6.690634120770604e-07,oxide,oxide,intact
2.7490033594407646e-07,73732.9592860981,0.06847978337882821,3889.25935604114,2.833309009384043e-17,70931.05493678013,0.323368865734699,29540.097659982253,0.0026276582646587512,1.88461531696462e-06,7577482.344914356,0.015642676088378354,0.037344083399727154,0.023917379750465925,0.49316301005862806,28.5228140900075,0.00032431760140811793,7.977133272772705e-10,9.691632615772911e+28,19319.02307973442,115071319913139.83,26807.700328576422,8490454226775850.0,46095.57379724453,4.874064999937788e+27,23424.202355518806,1.368573220332139e+27,1251.6279627143836,8.713145426923499e-06,68321.06377070578,3.073816279703603e-07,28227.700010000186,0.00012354286986941028,73723.99546377003,0.0006175828033551671,5223.478420501067,0.00014887735918872234,3.691052383972809e-14,0.5280705440279438,5.566245333227717e-07,0.4877255087528478,0.5122739346226188,,6.060996106391544e-08,1117.1089356365928,4.916223252042271e-05,9.971512666829963e-05,metal,mixed,mixed
1.9694224215673434e-07,68913.92751699741,0.05680563969190546,45804.800394594065,5.751779481542515e-17,69374.007660581,0.31477488487798283,134833.80909030885,0.0038693102364792597,1.1409873595296765e-06,1005712.6046994609,0.020874788637912436,0.03952653955409128,0.0640724620282016,0.3224406030817076,70.31065659976151,0.00040790236477576843,5.152726434095683e-10,8.273580550973056e+28,16721.233184910754,755673893323426.2,27618.42838318167,4.552314656764257e+16,44169.07690628935,2.684611133734381e+27,26314.58026842586,7.657047609201861e+26,861.9896497514029,3.0817539994720273e-06,50631.28441930031,6.666136641412727e-07,41794.88490007174,6.81303842645491e-05,84030.35881014966,7.959122234414547e-05,9918.130365098164,1.4907190267339466e-06,5.3573949838021216e-14,0.17261591358178202,1.895977985666867e-08,0.027716557128613612,0.9722834239116065,,6.870923952902794e-10,943799.4448792511,1.3005255799365692e-06,1.9019344679737738e-07,metal,metal,intact
2.0890207615997703e-07,66780.25185225335,0.04101702529085257,14266.060834204936,4.2786319807791573e-17,69493.63420426601,0.2507787752069567,95159.165443473,0.002970609940891885,8.359779993360405e-06,4865055.417234348,0.029477071824046814,0.062045123185006115,0.06498018017466908,0.17988569630372497,89.90020439243749,6.54771698055642e-05,8.759244806807423e-10,9.588906215394106e+28,15998.597946748116,792108114745187.0,25636.560948682847,2.6361227404564424e+16,42784.86899748118,4.454154255287307e+27,29936.150231926105,7.542289595469345e+26,817.7470893664182,7.280287878665582e-06,69337.4065813465,1.7057977973596475e-07,48761.42081170478,3.510610783469346e-06,89821.59818933043,0.0008893904984229195,17647.602292274274,9.081301884850452e-07,1.9615356076402345e-15,0.13325682891162519,4.1176644754585563e-07,0.4892715670527951,0.5107280211807572,,3.018073823487717e-10,50060.696275898415,3.9238645189623876e-07,5.157437365888065e-07,metal,mixed,mixed
1.4231174330941955e-07,71075.69546406285,0.09760392770217535,7053.799514923288,7.273607098005259e-17,70987.64715138263,0.3439295454419786,72176.01157395316,0.002047150203177144,3.7162741719551426e-06,8223556.785640327,0.04932140060774734,0.02952903610014084,0.08239264231618221,0.3478429736096194,34.869148107754896,0.00013130132683338518,4.899949638588497e-10,8.995126092518132e+28,21380.585414219502,101426911924669.53,29250.75658230908,4.6672785236631784e+16,36179.93651017552,3.4518662645999156e+27,26493.069778641166,1.384401665775825e+27,1064.8650510841583,4.6854837586399216e-06,68706.40481075188,4.302920197975205e-07,28992.144932882926,5.002944083290253e-05,90858.33211445663,1.7593690694194803e-05,16343.145739803524,0.00039241683969201105,3.0709317081084726e-13,0.5171465715658085,3.2467724668321305e-07,0.4702412881738088,0.5297583871489445,,1.4034129066705805e-08,119250.68752986814,0.00017483515549949455,0.0002175816841925165,metal,mixed,mixed
3.39788216132306e-07,78123.1639167509,0.028181311615324892,37744.16507977753,2.5887407988465263e-17,70370.8716822073,0.36709734163931373,78486.7606562416,0.002706564109569609,8.861869585173155e-06,7797205.737680621,0.03242873787318908,0.08051230681936157,0.09302946387114555,0.12355474042010896,57.23828150652678,0.0004952863559876547,9.046372533871234e-10,1.070037054547475e+29,21989.49966088091,285013760237258.9,25942.7527265031,5.197680222699715e+16,40051.39995737497,8.658454106084982e+27,36702.50147387858,1.362259718586972e+27,1191.2282383166537,3.7227954741445225e-06,40460.4476640107,2.914530051862999e-07,8225.717774955054,0.00010593386340104519,95995.60307927888,0.00011167135965810204,32076.50606240907,0.00040701418099356045,1.0089788189469408e-12,0.5744170970406024,1.1842312346013521e-07,0.45259315451640453,0.5474067270604721,,4.512590440166678e-08,347797.90515884664,0.0001992834993159433,0.00020773068167761715,metal,mixed,mixed
2.0122037093152532e-07,74974.12775269117,0.02990657886662855,34497.24739749645,6.976090118789167e-17,70623.60080004256,0.21859657429796558,105769.09515890657,0.0016879048520683023,7.963109345133195e-06,1277818.909130056,0.04762865452693281,0.07915897930757664,0.09418256203513567,0.09256104473177917,51.44485721684495,2.8941800965625232e-05,8.586609046109393e-10,1.0606915413479496e+29,23684.494120292962,472641392997609.56,26338.3240387929,3.3198829603536424e+16,43771.29915090697,3.6606819934483494e+27,38571.339993035,3.064960762285964e+26,1187.3966920734824,8.722914764193165e-06,66682.47505367298,4.6782463678974276e-07,8873.65171303413,2.7927199191994315e-05,79719.95834281112,0.000511940795529003,14538.781814790742,0.0005602293968890231,1.2859592940927138e-11,0.40654092331972513,8.946702534833177e-07,0.20646286472234793,0.7935362406073984,,3.9824225561746184e-08,660866.8268536992,0.0004036426530872816,0.00015658674380174156,metal,metal,intact
3.0871199992766663e-07,65010.50720963639,0.06106288562975937,9162.213831084993,7.70384789386605e-17,69881.17840181352,0.17761209054978067,139205.2876840198,0.0010078974569542004,8.50124852379643e-06,225762.88360176585,0.0068494938622774264,0.049175337782574574,0.03931532668094455,0.30709766757942175,10.735921869505729,0.00010827721618021007,4.21524701341379e-10,9.02923906125657e+28,18360.766198139296,759722793982129.1,26657.080351177767,2.2475624740461724e+16,44898.326762973986,8.636217924740417e+26,35428.50141490977,2.8553769194858898e+26,1013.8465514921859,2.5004788005086105e-06,53405.108180748735,3.3527303544294556e-07,29445.163798173,8.371804736297666e-05,95826.4441416968,0.0007784098620273156,7578.723462010852,0.0001855815300083119,3.898169922905555e-12,0.12475944871350235,1.1038084918285348e-05,0.6439464303106017,0.35604253160447985,,2.5969450914176687e-08,15243.305575825076,0.0001459208989819256,3.966063102638632e-05,oxide,oxide,intact
9.241982045822649e-08,73512.58700736753,0.06709542174553003,38593.439290591836,6.434516641217405e-17,70614.0600452907,0.2667056959512792,80618.96393407325,0.0011315049913720315,1.470190431194094e-06,4630288.648394633,0.0695728717097938,0.027516944242838667,0.07868053548328596,0.47767569300058477,96.79586623131182,0.0003900289526522159,4.816790543974857e-10,8.208396712398349e+28,22671.276091827644,779126204764940.5,25618.65435172888,7887701246511455.0,38243.952101685405,3.891254684460267e+27,27284.049571282827,3.8223736145629e+26,656.0072156531949,3.634063852555504e-06,53708.133768603606,6.549376404209403e-07,11572.257890764398,7.74642284679475e-05,88512.55097360506,0.0006226094335024927,21086.960596343593,8.337694588397895e-09,8.512182065592106e-18,0.48066429684696904,7.034716650507189e-10,0.3989096664014708,0.6010903328950576,,3.289784548122812e-12,901904.8022752984,5.7426204996353005e-09,2.595074088762595e-09,metal,mixed,mixed
3.688907926559675e-07,61808.578886668605,0.01636335943318971,17848.891357169043,2.848370939942214e-17,70488.61768367101,0.38895282732529285,154114.20912280367,0.00285130435304272,1.6367763159906795e-06,395311.69528010633,0.055781725459551595,0.02086220238445476,0.024374700087209593,0.20460147587220742,88.54715479146704,0.0003018168284483191,9.104243164478522e-10,9.493550326669747e+28,18069.45189761127,565819936412042.2,27538.91114500236,2.834065509147071e+16,41660.91706445019,9.212437693147823e+27,33903.12209995275,1.330059758640115e+26,1074.1378975205425,1.2458290933567774e-06,41371.26234093229,6.803660037440905e-07,7472.33056603019,9.202459322855164e-06,99722.37351235589,0.0008461626059395222,24682.392305162775,3.9429503618868835e-05,2.9901353003828425e-11,0.31034911339250726,1.3479791673959114e-06,0.002584302162935835,0.9974143498578966,,1.3979255170485844e-08,392736.14584190666,3.543730815544577e-05,3.992195463423067e-06,metal,metal,intact
2.145480757835855e-07,70087.47235544621,0.06410639351796213,45491.49444225158,2.45526065776143e-17,69336.7883809892,0.23126511523535892,29156.303701275712,0.0048069736711776456,4.996483513315707e-07,6774663.641188358,0.018191706053575285,0.05386352809018963,0.0586576585812981,0.3980402835769814,85.55434863137408,3.7667326918477285e-05,5.735757752132394e-10,8.868801876191065e+28,21737.617369022126,142220714047296.03,28218.133562879782,1.1596776593209024e+16,43825.4068908066,9.36164225626732e+27,22831.552261612742,1.4863684987458427e+27,934.030275750758,6.197568222877539e-06,55534.10270707295,5.1043183225365276e-08,49058.35118594908,7.212526816958546e-05,93472.24141992803,0.0002760667003917476,23944.424958193304,3.006898410091398e-06,7.773969297566541e-16,0.13332907806608962,1.437492067398855e-09,0.508939988427468,0.49106001013503986,,8.17855664248908e-10,891804.3926522613,2.2432252774775424e-06,7.636731326138557e-07,oxide,oxide,intact
3.0910747403132226e-07,70483.7300116681,0.07181334211145152,7083.778101405342,1.0028719352865678e-17,70379.78801082946,0.3832987814899806,82316.17153990536,0.0007370999838592254,6.154592482495216e-06,2061006.199772305,0.04152084620264492,0.03558559947515392,0.08418434824005358,0.17065635167458862,7.8713508366488085,4.2983843691514904e-05,6.027172213883258e-10,8.307669943372528e+28,23328.422741026334,644998139065134.6,27186.92080091546,1.569608830166358e+16,40438.80132195037,4.1418617848016347e+27,39180.42726326194,6.359163537443197e+26,1202.6179534447494,4.876680064956028e-06,67873.60464556943,8.340270623137765e-07,30331.726804660717,8.865813793388777e-05,74827.47443044573,0.0005207718661349208,35930.322897566046,0.0006068845668356713,6.369970440002935e-13,0.46949465623211206,9.040373513638321e-06,0.3679891020190236,0.6320018576074629,,6.496658327761012e-08,546.0183747085632,0.00012259026438709198,0.00048429430244857933,metal,mixed,mixed
9.273571879960657e-08,70057.37387789798,0.007788580558190295,15376.693036689843,1.2038680170548522e-17,70222.01303263138,0.3808507957889889,120502.78880879346,0.003228331924461723,3.883382901377968e-06,6501469.379959495,0.03580751648194649,0.09238076136925674,0.056228644708319696,0.40634334493575813,45.61390786509713,0.00021456887611652392,4.913847665039498e-10,9.983152820444287e+28,19186.177405006252,50529340767920.164,26075.4385882086,1.1855841973143832e+16,41273.38254653782,1.9314137700064382e+27,32003.74958661664,1.4848120944396196e+27,601.9388734793383,6.144313682689473e-06,55498.98145372903,9.808228134345433e-08,41888.92121879271,6.70706255182579e-05,85983.336774275,0.00039182950745681697,13650.746473741972,1.3945401718923626e-10,8.197725742405853e-20,0.05427468336393784,2.0111646274023195e-10,0.4617462073595471,0.5382537924393366,,9.058549411081572e-13,12564.907548663432,4.197169196358575e-11,9.74823252256505e-11,metal,mixed,mixed
3.068720933040852e-08,64979.60103885953,0.05123151499003438,36790.65723563116,6.821064430075008e-17,69722.03434598133,0.38568121770786307,119239.21552509158,0.004916094843051565,8.905121996652918e-06,649928.1683900842,0.04090775640583028,0.0557964102191401,0.04587680840276998,0.2347199030690323,79.57156764775702,0.00015838142298265162,5.370998850691816e-10,8.928625325753572e+28,16202.163327776309,643302187427244.4,28368.58399014652,4.987225614367897e+16,40548.90898448947,5.986090039112815e+27,22970.76440203737,1.831174244274559e+27,1143.0503875076784,4.129581636968386e-06,61460.45162533346,3.7090119541294266e-07,14159.012761908914,4.332131461297957e-05,97134.816297401,0.00085599579529259,29409.323343896664,2.114849139461821e-05,2.321985483946876e-11,0.2825792786612114,1.2938211482236883e-07,0.007183710523916459,0.9928161600939688,,3.265850937523691e-09,639177.3109878572,1.811370571708686e-05,3.0347856775313503e-06,metal,metal,intact
2.6588785708562716e-07,61933.817679531014,0.07541843471297376,32256.18815893321,7.090388227980974e-17,70483.13609328358,0.3575225429240251,64605.60659855567,0.0034031246750700957,5.742914013993256e-06,6373015.145352431,0.002717243026795764,0.031705819317302375,0.015605697097882617,0.3492314567894629,47.236102408607,0.00040570563984580266,3.398804037307421e-10,8.803750818461517e+28,19440.292937050053,733384711680813.5,28544.054304847596,5.538913190169162e+16,35647.52021311617,2.866241865118052e+27,39516.027210661814,1.1449602386530913e+27,873.8432342712085,5.697543792400669e-06,55968.15341503573,4.0204977317609084e-07,37683.09452817736,6.704607946320434e-06,82646.55346685182,0.000962354907960857,32981.37077704599,3.406347799122701e-06,6.5139191869982195e-15,0.3259308854191005,1.7410309656523677e-07,0.7946787905999755,0.20532103529692813,,2.777960450877622e-09,24050.024413524825,2.5533243558525096e-06,8.530234432701914e-07,oxide,oxide,intact
3.603570118637536e-07,75287.82596671965,0.08163140977184123,3639.955887329582,7.445302126254473e-17,69000.31198904067,0.20482491842057804,66995.00457208932,0.003727708752379597,3.3532969035418275e-06,8979169.438921707,0.07270840750611823,0.058819524538765114,0.04984219638176176,0.05245246724097901,1.0181570464754899,0.0003854893332826011,4.944710745957177e-10,1.1881159445314798e+29,15524.014943158612,741924797570025.5,29837.838984984563,4.455830482735677e+16,43489.845393016796,6.006735690740224e+27,31424.494632883434,1.4486581805036965e+27,1095.2123852127957,5.861596548382035e-06,60869.12062473605,2.1019202414904777e-07,46015.82714966222,0.00011803970117656394,81577.93085788834,2.9218350966039678e-05,39881.881482656645,0.0002712440190189813,1.7884643456655007e-13,0.37656902621880733,5.6874783077462756e-08,0.4645435571183822,0.5354563860068348,,2.0573672743428007e-08,108404.01759432905,0.00011646556806712153,0.00015477845095185976,metal,mixed,mixed
7.652763071211986e-08,74138.55275436107,0.058481167578206275,2525.3462311428575,3.174198495717778e-17,69465.06171806858,0.28438945149490774,44738.98780748276,0.004893697328649905,3.1495843079363676e-06,8360242.529360448,0.041092737849467834,0.0037838932250547864,0.06091283769703282,0.11354345920484477,58.66580463707529,0.0002798799929183017,9.749154876445508e-10,1.0782773528976778e+29,22402.228392552417,154465819575407.1,25276.23489399536,2.4956157467280316e+16,45693.12892411487,8.961890453390108e+27,30106.411878141604,1.540336493176527e+27,701.6099457536932,1.2915222409913865e-06,69118.55183635773,7.677568991995399e-07,43348.98425051777,4.992727783541976e-05,82354.11264842708,0.00010009386651687936,6048.248641438258,1.6719024345391958e-08,2.0744008472981125e-17,0.23508041297126855,9.138437590163384e-10,0.515885892880068,0.4841141062060881,,1.5923515754602374e-12,722510.0918957081,1.2026068688238638e-08,4.69295565715332e-09,oxide,oxide,intact
4.13891189823011e-08,65783.06226891544,0.013593396789997447,5052.035175935411,5.402658061657218e-17,70913.80894973542,0.11246978209735498,136057.78997226438,0.002011385494100797,9.937151860415375e-06,5347264.709321851,0.03395089262190554,0.021022708598854727,0.04546380711959111,0.2809614097344355,85.80873385449162,0.0002850079490905934,3.5459637350577616e-10,8.95549430122304e+28,20951.90094089688,771698877309056.9,26277.214685608673,3.536951245977105e+16,37700.149538521015,4.943349918818714e+27,23751.4463037126,1.4047278486201493e+27,1070.9689963979217,7.754687222593365e-06,49219.88626400572,3.930772995623775e-07,40582.853556192276,9.079897049419893e-05,71094.94587149359,0.0008361244255934141,38905.54471159622,4.627647321781062e-05,4.985628839284056e-12,0.4004200889119161,1.3072658679474457e-08,0.031601397315897846,0.9683985896114435,,3.28164127330841e-09,4979558.025594843,4.1487664432624254e-05,4.788808785186368e-06,metal,metal,intact
1.1773701781979065e-07,77167.86876726468,0.09677658157446785,47392.52365804549,7.757377025700093e-17,70445.39813182554,0.2473197150808698,42054.06599785043,0.0006076168065548065,7.999973949565763e-08,4509677.543233786,0.06035602180498593,0.040587855672388796,0.04785894565279778,0.14881966152941473,59.87757454415735,0.0002490499220647986,8.84682366238212e-10,8.034065201393204e+28,18079.115968865604,691337369876825.8,28155.8474413746,3.645047367206662e+16,36865.32247783315,8.987613004761468e+27,38041.10027429984,1.8498465635633138e+27,1204.0083327610528,7.535492747087902e-06,42026.2511443723,9.878071787775789e-07,38454.032552452554,0.00010023424607719775,78648.36141145424,0.0006631179668831019,19462.17828138033,0.0025063712581805493,1.3614567483367955e-13,0.5623339509890164,9.368786655320427e-07,0.43189931057962105,0.5680997525417134,,1.6126905429085717e-08,780756.5803129377,0.0017949406882139753,0.000711430569966574,metal,oxide,intact
8.806122352480581e-08,78039.4509376088,0.01124184106463433,38635.522871685214,3.9924047824144797e-17,70106.72565744945,0.08406599751269007,152641.04329510735,0.000711464711066705,9.303300346366305e-06,4082036.486411292,0.001622726683393846,0.09062246500987439,0.07468463385692045,0.03160197254230225,57.64246931354515,0.0004449157774410865,9.949786386321447e-10,1.048742755181682e+29,21220.811945908205,637814523101571.1,27993.37581214549,2.2378800684908972e+16,43006.188754069975,2.519973066464129e+27,35804.35597121807,5.4787128495274474e+26,961.3706012181981,6.5172206944872565e-06,52210.66751055779,6.310803512305041e-08,18578.907675549828,7.177583283310856e-05,88098.77140338146,7.182262761213071e-05,9727.820328430029,1.6330601698488415e-05,4.773956680523061e-13,0.24013259678866378,7.574231369425682e-09,0.11612083801054744,0.8838791544152211,,1.6332710574838297e-09,3003757.5512301805,1.324858577173762e-05,3.0820159267507955e-06,metal,metal,intact
2.39337425341321e-07,71576.29403518133,0.032738734027632485,27777.063869664384,2.480351263817151e-17,69367.70879902664,0.3734023684270272,95734.56956994663,0.0012262024202322438,8.251487143713503e-06,9503652.373420512,0.0929205187853782,0.09291172057320693,0.0954893741542989,0.166992549815252,33.35894152705001,0.0003399594497741847,4.084983705842853e-10,9.434297735029185e+28,20354.078629634256,158655865423785.4,25798.45888819571,1.4248912729698986e+16,36249.314490935656,7.404449109999764e+27,21397.861804103908,6.650692462532853e+26,1035.3166988205267,1.6195070715359813e-06,63598.71419978277,2.823879057050727e-07,5371.260930417407,4.334025709606607e-06,85643.00135829805,8.961639152429567e-05,12994.41116836566,0.00018210522302021466,2.823199207603049e-13,0.5939631312871987,8.769962081994668e-07,0.38636569397456666,0.613633429029225,,1.0474662598435568e-08,266093.6880951334,6.3185624559974e-05,0.00011891959846024066,metal,mixed,mixed
1.844745125952632e-08,66487.10679416439,0.056223530220776044,17309.471090213458,6.535805446581375e-17,69364.10587187114,0.2793770193092695,39948.326081195555,0.001876415248368992,3.962154662918551e-06,8679046.033735188,0.09877701800449794,0.0629246241767164,0.08894638674691366,0.27210819855310703,46.92461436772611,0.0002470496144803181,8.525544703524228e-10,9.3227672743445e+28,18877.533881149197,307021056691479.25,28276.4692145938,1096293375476113.6,40276.90650210545,4.24773859394154e+27,21873.239378895876,1.7859541574209192e+27,936.7897862906701,4.216468659368503e-06,66005.29625135199,6.517260108673951e-07,11198.687391886184,6.605674328421557e-05,74342.27109811269,0.0003005067611503372,14900.614569451436,4.96217172214366e-06,4.471254774143566e-15,0.637011193305929,1.9589819983618516e-08,0.39189152761768414,0.6081084527924957,,2.678653164811964e-10,317798.76062386314,2.0155298861988327e-06,2.9466418359448277e-06,metal,mixed,mixed
1.7913124676171784e-07,72678.53298816129,0.041503808111038536,42667.96424785232,5.735220492864702e-17,69479.75497848347,0.25744701758489724,113867.27439127151,0.003914175950461885,7.41707590424046e-06,3629535.7222384154,0.005129235074281095,0.07334996401622604,0.09522645740356353,0.12778201703627387,81.22947777329615,0.00030826080013346456,7.277262401629878e-10,1.1654608099165653e+29,19937.682759477997,197503558152873.16,25770.123222023183,4.1194444085682104e+16,43710.668608877044,3.468954558883865e+27,31886.93686609131,1.164655766824051e+27,929.9222665789835,5.965265177211177e-06,54331.71903621321,8.545026339164035e-08,47640.55305899739,5.412166828678982e-05,83540.1242408511,0.00013337714059329632,32540.81199595003,8.037348420952984e-06,1.25417067185377e-13,0.12998937879425035,5.3057533704972895e-09,0.18978735898837773,0.810212635705869,,1.8626423130172755e-09,2117097.8443362447,6.327322938443301e-06,1.710025482509683e-06,metal,metal,intact
3.052945829000235e-07,79169.63488159797,0.027515339563318166,28688.085917491346,6.765900053603394e-17,70082.24738366413,0.11529805850326508,162415.9023315517,0.003848409678511444,5.024727515872235e-06,9991868.088706996,0.07324188741791185,0.08110192443335479,0.05690683888798489,0.3779539651242948,91.66462869371551,0.00013678653702227738,3.1497810110339224e-10,8.686047754522727e+28,22691.71315753833,107384981130463.22,26131.924793613187,1.6684652316483332e+16,37401.61175828944,8.363653175162103e+27,25363.198264900482,1.7521981358111473e+27,654.874435963232,3.149602602214334e-06,61296.77998047469,8.95030206916709e-07,29819.559986843255,7.927633539366844e-06,94431.08201713499,0.0008103325183394298,38149.61416088298,2.1475647009936712e-09,2.469181629313787e-18,0.36864070010065547,1.768765827234079e-09,0.45942212134750027,0.5405778768837339,,3.715059992516837e-12,310358.17521441483,1.0095412158704212e-09,1.13802348512325e-09,metal,mixed,mixed
2.2487393895848336e-07,70227.0634692442,0.09479086212161497,31111.588470301755,1.6049815713145872e-17,70346.38805989648,0.17292616263535865,78025.72237480644,0.0013422698868508574,6.204404992002381e-07,6678741.010630199,0.070971207444281,0.009491593312255754,0.07798468722889364,0.402412061592001,15.888242482809408,0.00033001694767403184,4.2043585700748307e-10,9.26300459347129e+28,15743.790940486719,77388386620424.64,27123.71046296279,3.693164066962698e+16,37166.517964449566,1.812703810028103e+27,26622.578746108396,9.849050796783393e+25,1127.7384105188903,5.016281327393732e-06,48636.63260528242,3.1619188355118353e-07,29842.80002129205,1.9622337493969694e-05,83237.38797171942,0.000637814573179409,35317.44846290865,0.0013202944268616225,1.221871317571226e-13,0.47203033655053167,1.8738702141717712e-05,0.42335177282038494,0.5766294884774732,,6.124404730338214e-08,20701.997762262046,0.0004044172173706764,0.0009158772094909461,metal,mixed,mixed
2.855273778399087e-07,61158.91396294001,0.008692231162228496,42851.35791515836,4.9176214905189146e-17,69619.70256442443,0.2911666243526117,23119.290096778983,0.00083757898563515,2.4670276270345117e-06,13117.110760993979,0.015281174582516143,0.09313272949141015,0.03890804024862763,0.11547113097613204,92.6134955558858,0.00040683863795295524,3.4554651069104904e-10,1.0764525662380565e+29,22556.989326268453,481574878440382.56,29030.99613721895,1.1743588940364132e+16,48577.57831624255,9.279056019110526e+27,36631.557557065,1.1776996555479125e+27,615.8693256797812,5.6534004186702745e-06,57249.47763434656,8.741295344376971e-07,19347.300370038916,6.067423659567692e-05,99213.36845147656,0.000206536489729439,8954.270304428523,1.1455868244932316e-11,2.9754615479490354e-18,0.03209178563045906,1.4709894951546934e-09,0.06782373627616595,0.9321762622528446,,6.593692014967619e-13,11120.033765274191,9.655696613912638e-12,1.8001716310196786e-12,metal,metal,intact
2.506243981755713e-07,64176.14955871304,0.04380687454827629,28394.46228084105,1.1231565977975234e-17,69760.35870671853,0.1990546726458799,85404.27777408669,0.004165540817590461,1.4376501352347807e-06,5984644.761457212,0.045971561058290006,0.059273868991511686,0.08940402822037724,0.37828507806043304,86.56318681914675,7.255913734102959e-05,6.754362841691703e-10,8.505834074248749e+28,19255.86110535898,750365967164629.1,27377.63696757044,3.591604452065404e+16,46287.74841989728,9.897907657518603e+27,22800.734258869663,1.5186085842631908e+27,1208.2528762493898,6.472395632359748e-07,67327.25286685785,7.413104355788739e-07,33788.750998567455,9.658122391841731e-05,94137.78878366492,0.0009610369933916443,25552.548210593606,0.0003163782643854077,4.834685221187037e-13,0.5778589257888463,9.968083357893782e-07,0.2737002043489001,0.726298798842764,,1.807230742071953e-08,2498481.1448489167,0.00023383262941399538,8.254563497141231e-05,metal,metal,intact
3.762096149383084e-07,61677.252809422986,0.03919346530647251,14007.983956670838,5.898678359550095e-17,69555.660354486,0.2627125956700149,123504.09792674627,0.004457849727632985,5.79973658872235e-06,8707432.202504039,0.09318048815591685,0.09536468440960133,0.00874597120750246,0.1271173492651848,58.38917158575529,9.838220002443755e-05,3.062830964556238e-10,1.0560867990984242e+29,16265.645906389334,623058832239743.2,26207.947354015465,2.5004477597842964e+16,48024.72335280039,3.994260787860532e+27,29353.445050001486,1.238941080279721e+27,1164.7839700170157,1.253754293373069e-06,64993.08237731618,9.635493369732776e-08,16152.261947859843,0.00010584451359107108,96547.58229300617,0.0008061774561665298,26791.49053952131,0.0009664225779636364,3.219263341365225e-11,0.41968035813485144,5.910592433430761e-07,0.04615637728732512,0.9538430316534315,,4.189439749089405e-08,7726821.408096092,0.0007671835336070581,0.00019923904435657823,metal,metal,intact
3.842569623914815e-07,77722.75592935548,0.04073708649271081,44747.22418378316,1.2587896868234268e-17,69163.4252426662,0.3346036194609726,112976.36813065589,0.002657419814180644,3.297643600400268e-06,9481002.216846691,0.028330587100617432,0.005917349864398457,0.04571227463241092,0.0845903289018658,83.56926542198501,5.478080842009965e-05,5.988427342412608e-10,1.1162425911389528e+29,20674.08386660018,529054484291796.8,26707.995878176054,3.4105643526899136e+16,43920.99913543751,6.614123339176372e+27,27718.379586510007,2.2380193964876775e+25,1173.641696602763,2.0073759902789254e-06,49059.08579569972,9.836235318170087e-07,30623.4467570008,7.817281125925335e-05,76528.43623054663,0.00011940551088459687,29433.996431879583,0.0012612344164278126,4.5050245690630165e-12,0.6639130377713139,7.475300653044483e-07,0.25905812406166584,0.7409411284082691,,4.3927152173240726e-08,4768864.314155622,0.0011243426168603817,0.0001368917995674308,metal,metal,intact
2.2323734561650931e-07,70264.85388796912,0.04194514587055195,1767.913333535887,1.188830341384726e-17,69094.27033257831,0.3085921308623418,159751.1134399632,0.002888566194773166,3.1586951544359123e-06,1753617.683119308,0.05412246584099219,0.08588479394457622,0.03757929695772335,0.34826268392554544,48.38104160343754,0.00024927729970716995,3.4752188257061606e-10,8.782150768514364e+28,23915.315260755247,440951962515636.8,27306.61967783039,1.986961935141935e+16,42594.7236432129,7.654045695261814e+27,24500.00485868869,1.651605582869428e+27,921.5174380829951,2.3662043817319517e-06,64906.86140815407,9.663537139159572e-07,15059.832293009038,0.00012950589998060195,81874.81450586511,0.0009836457238500758,16150.186629660257,1.5200315505205739e-05,2.2498650103266018e-13,0.45976198619744696,3.533540127223342e-07,0.1308652216003395,0.8691344250456479,,9.66126779062432e-10,1248266.529557546,1.2177926790334824e-05,3.0223887148709155e-06,metal,metal,intact
1.2369624695863022e-07,79777.80488624897,0.05356381845722812,21757.363543429365,5.0467022869223164e-17,69218.24077515758,0.19140781820868547,111998.9674162627,0.0021061996640041143,9.469316686894589e-06,6867305.001678946,0.03860976486922831,0.013906338609479464,0.024979546165885557,0.36748514924579667,80.57608561414243,8.070920030793348e-05,9.47566145007833e-10,1.0959333094736853e+29,17408.804219028738,79193798828809.92,28412.205028004657,4.9341867342479496e+16,48563.79864933187,4.5954509571729024e+27,39424.440096705046,1.8114305323801787e+27,966.272105983112,1.9071463105926518e-06,57403.36330462565,3.2809333483933653e-07,41764.87019622705,8.71083913956274e-05,85226.55922585816,0.0006888316176025143,10204.323954659252,1.850602656889233e-05,1.7804303905184904e-13,0.34396271233276104,2.5943623436124555e-08,0.32140329498443804,0.6785966790719384,,7.353752701853943e-10,2825895.201639154,1.6425692637914908e-05,2.0803339309774238e-06,metal,metal,intact
1.670513404154683e-07,79334.42064169302,0.06356910478311131,46504.35598880691,2.7484011261072498e-17,70859.97660913518,0.19054680585278613,87543.41737914566,0.002943028155815711,7.012453640358849e-06,757731.4187392792,0.030195890348900915,0.026745970470659575,0.04409600732675877,0.47679990241174247,34.335553441251136,0.00019544242715125408,6.6091315066494e-10,1.1498889765612995e+29,19225.355083889644,554406082696136.06,26645.65097229935,5.548231460779492e+16,44106.22181322101,3.21955338079695e+25,39796.761819873704,9.044640142457375e+25,1233.0418836568901,1.9370469915057063e-06,62352.2180693055,4.2784479608184157e-07,35933.61310711749,3.755260093829309e-05,85078.6828357702,5.081186470691316e-05,26851.386473936742,0.0004233979124015994,2.0103553027389118e-12,0.2719105885811624,4.808986169493795e-06,0.549897687635973,0.4500975033778575,,1.6811986991262313e-07,3782.1788274680866,0.000208381633160798,0.0002150162792408014,oxide,mixed,mixed
3.910121175088852e-07,60312.12349268902,0.0770633337055705,36860.39756210716,5.607212215249032e-18,70530.60859340311,0.2128157404768743,105362.67351563674,0.004615074345543044,5.041713904123418e-06,2773120.0130611574,0.013521875548822698,0.014027175837700327,0.01836780339603325,0.4230782699215204,15.66798332091726,0.0001323798875391652,4.475000712934261e-10,1.1056861973780164e+29,18566.566219494733,281572386067386.44,27928.956424144628,2.3288320772484404e+16,41876.60469463628,5.011321636634871e+27,21640.228359669083,1.2600142095083102e+27,1122.5717744869014,4.233906221039605e-07,66859.47388896292,2.8795767059523235e-07,10244.361848940836,5.734786778835349e-05,99638.14110421977,0.0008090877543899796,38809.79478847536,0.0001236875168148312,3.50144826253004e-13,0.4297362694287678,2.2531755229445864e-06,0.7471648252097877,0.2528329216146893,,4.472742349140893e-08,35931.56224093399,9.76606529531656e-05,2.6026863861665603e-05,oxide,oxide,intact
2.746691595751062e-07,64919.85607956372,0.054313847291825826,41173.11536529731,4.539475250243001e-17,69799.55926871227,0.17583118787645274,168881.08550999314,0.004315842251669717,6.423630479815737e-06,2673896.574222955,0.007844919364103562,0.07631348553845259,0.03948249236713782,0.43360948474376837,79.33718523021486,0.00031873738383622385,3.0701629035501507e-10,1.1025291690243643e+29,15707.689227821076,262975822691108.47,27807.197211406477,1.2850482974348818e+16,35187.389376564366,9.447224790502423e+27,36958.930146449406,1.5822685114590558e+27,1072.2353197980715,5.850596827762568e-06,62321.11806168291,3.7747246655412933e-07,42226.76438527411,0.0001297557990657682,93999.35884768696,0.0009573414139224414,23401.634074758607,0.00020305656420881982,5.6516347241110056e-11,0.31019081173096713,1.8062106408579259e-07,0.011485961147724665,0.9885138582312113,,1.764230133111245e-08,2606017.1007185318,0.00017774654992109415,2.5310014287725666e-05,metal,metal,intact
3.875907307169278e-07,64480.29712245015,0.05970659379023774,16341.408396664187,6.949075676496779e-17,70988.26291578423,0.23027563296984804,29964.647783076995,0.003932191712948775,9.192756109575325e-06,7885745.10099527,0.09206380392726542,0.09667868172414222,0.050250035206939075,0.44820483684440265,98.33448114295493,0.0001617858361396906,4.768285110612603e-10,9.545894158587596e+28,21592.238423885636,487324328351114.3,26594.287938378813,2.6671693047773516e+16,47373.64142298484,8.375151331672517e+27,25531.41379323154,5.13545931451746e+26,842.208390804682,4.881101706837005e-06,56930.73665592178,2.771761611407413e-07,10285.438264823151,1.0333945033273871e-06,82968.66553369995,0.000157500703782272,39030.440297107096,9.358071009857176e-07,6.003681499280043e-16,0.5094107428387015,4.446589986865878e-07,0.23574421733121387,0.7642553380097874,,2.851529456093585e-10,7217.533373250628,1.3535426939928713e-07,8.004528315864304e-07,metal,mixed,mixed
2.825361126553991e-07,63271.76862480907,0.025147418536156423,40102.70553985411,2.880965760714276e-17,69865.79350272923,0.1965513640452518,27741.94093737418,0.0010403875946257866,8.622324124898738e-06,6535873.894744596,0.09285317936258825,0.026127270864743347,0.0015659381877738234,0.4196615836847196,58.83989569316239,9.298273932823726e-05,8.06814909886549e-10,1.1376031017112692e+29,16093.931039075595,164037200504573.75,28233.73043161411,1.364730354265362e+16,39328.12530236051,4.699506242469416e+27,30253.226996801663,1.0490029806045774e+26,796.7187664318964,5.8011630057317275e-08,44401.29014030514,4.381317922873162e-07,44784.11161898822,0.00010314394677843506,83577.73186234148,0.0005848462736035016,15659.926732062164,4.462130135581257e-07,8.500521173912827e-17,0.23236664012771963,5.926186185384661e-08,0.055510055139813455,0.9444898855983247,,6.05193494499784e-10,199.84797793320513,2.2044339164857325e-08,4.241686743932684e-07,metal,metal,pinhole
3.3666838960451963e-08,64303.27863441906,0.02127854255161145,48179.23496061731,1.1733775337721977e-17,70135.89632561004,0.2509957688110204,76650.82230303987,0.0029957175288506522,3.4872764864224057e-06,3588872.910017837,0.08364136309247769,0.06330465868762304,0.03011235230275324,0.3017095038109993,87.38894138863107,0.00018012870877600644,5.69742180741465e-10,1.0112818766698487e+29,19613.358543158607,2334175319611.421,26193.35373600236,1.5589585632808448e+16,37340.73506967457,7.168336904966239e+27,21374.44286470912,1.9884302447417457e+27,951.2794674187685,3.3730626464422268e-06,48319.98736288694,4.926685302117608e-07,9305.365383597535,9.738151045047633e-05,70746.89007455563,0.0007715935729301494,14503.109045143874,1.4134876942148047e-06,6.326188315603522e-15,0.5103688600903813,3.9788755958524e-09,0.29631174312355646,0.7036882528975679,,5.976189637266764e-10,1396011.1073296117,1.0663236082368208e-06,3.471640859779839e-07,metal,metal,intact
3.5521233417487145e-07,60212.86576436885,0.018427050487421482,7631.4046630526445,7.692455751912293e-17,69927.49767837692,0.39161806482166256,40210.92038498581,0.0012022194484346592,6.939584664141798e-07,9940612.760398334,0.020270228714127352,0.05462158804720358,0.024642560159066566,0.26821571522672766,97.80252564043414,0.0004364091000399492,6.689680570925485e-10,1.1710887334406103e+29,17370.910363149454,769480903335829.4,29119.730684588616,4.908256863265818e+16,36794.45139690292,9.040816054571936e+27,28721.418158446635,1.781659255684172e+27,880.5093561481588,1.4695966101759913e-06,50522.14575691974,7.972907822120253e-07,47061.92421064827,0.00012426300845338366,72489.01105825769,0.0008521631822064458,9059.844911517175,1.704188566075002e-05,3.1156615154074123e-15,0.39281588764382996,8.247296322830306e-08,0.6440181867648873,0.35598173076214945,,2.623637276605784e-09,168148.29526723217,1.108930888556615e-05,5.952576775183868e-06,oxide,mixed,mixed
2.6029267838447785e-08,76746.16021795411,0.08470897648629426,42283.790285197996,5.227500800061287e-17,70866.38509419553,0.3531287459855139,61645.13789801773,0.002420239236402875,8.062783388923198e-06,2612322.733647979,0.07155852537611676,0.08639296923771829,0.041442234967299395,0.4299051354814965,77.19657434242347,0.00039359223854329293,6.638928990198301e-10,8.585886505460781e+28,16737.974205539416,664733760981005.1,26899.381760565135,5.725585291618519e+16,47679.8931291991,9.403183571016613e+27,31547.355493443083,1.959012727881192e+27,745.4237564435787,3.1045677911112155e-06,49799.0215152492,8.498107432058217e-07,22040.97281016656,1.0712758827212456e-05,81727.9407510162,0.000760307817175846,13445.132425279191,3.0945011492644317e-09,1.7771784326278696e-16,0.3629088441939834,1.8693170144942634e-10,0.06855304380612207,0.9314469560069463,,8.439294708092191e-13,2198714.29142516,2.442341694047949e-09,6.521594552164828e-10,metal,metal,intact
2.3687729733101378e-08,60840.36465165353,0.05936002361620883,11352.772620386811,1.8123978705986117e-17,70925.24486887216,0.39047576263507194,103500.94462596677,0.004744238495706267,8.248320473466466e-06,4562694.384907535,0.07000372722541806,0.07708438650627393,0.057651315233499444,0.1783802223431317,72.78069546987844,0.00011660474029587408,4.2818172353193815e-10,8.532311426078434e+28,24717.754453962778,435310399781875.3,29653.206130717772,7124214030577247.0,49212.24716448903,2.6800955892256924e+27,32607.651474116312,6.7675472265022e+26,1222.5018368630163,4.671983777610842e-06,65463.484810598755,6.087500380104466e-07,37395.09773767636,3.943458072481701e-05,89302.47519944291,0.000316119698827553,25217.665829116453,0.0001168267483572256,8.349674186962713e-12,0.5141905595652438,5.569045351588199e-08,0.04161022504020426,0.9583897192693422,,4.5652501785913186e-09,4101522.8376919725,9.195525618224405e-05,2.4871492174981556e-05,metal,metal,intact
3.3291605636326096e-07,78595.91691115749,0.03286588097975857,4983.843614376381,3.469437751171243e-17,69027.78228622739,0.2781166922259654,50606.33007028719,0.0006602000924665369,2.479201050920826e-06,9259771.01862842,0.03500999789900593,0.05777311242187217,0.026981652818552554,0.12557789463477892,93.20760592692034,0.00024372860977899696,4.82777275963975e-10,1.1512666193799143e+29,17020.779938664095,240291042047610.9,28242.897696717468,4256330210852026.5,43628.14202647708,1.431067070560707e+27,34942.221539291015,3.738177969187179e+26,927.2678359042745,3.966528160431698e-06,44487.493172718394,5.086949316094908e-07,33327.048432934724,2.8532506318234247e-05,94546.43824575195,0.00017732915604655336,10862.714894844314,3.8663904284785066e-05,3.3940942288475073e-15,0.46215263907542137,1.6850835628445974e-06,0.2572350227764648,0.7427632921399724,,5.812981779554266e-09,280.21529645367514,3.6468958449624682e-06,3.50170084398226e-05,metal,mixed,mixed
4.2721076274130167e-07,79865.9396713691,0.040453022118844925,36284.778773524544,1.300482187432682e-17,70961.35522627059,0.19710218631543946,64328.78033003461,0.004859001067238898,4.909999398585637e-06,5959202.859446404,0.04697148631067492,0.03037864260369277,0.06289776652048308,0.20950148573077684,24.120300034502748,0.00021665715227666912,9.308804131546414e-10,1.047795522363094e+29,20437.243627065633,505446270811834.75,28585.706786215662,2.9970227783095104e+16,38021.66719966967,8.542408565245966e+27,33341.160592541884,1.680499265361306e+27,1102.8749741887254,2.1704346079575363e-06,58321.074913504715,9.335141373831905e-07,6424.630332559629,7.890972880413565e-05,98781.10449791641,0.00023495689117490943,8517.014566982522,4.409251340464015e-05,3.1752093487814764e-14,0.678252696899268,1.8047119532349037e-07,0.45082119265095677,0.5491786268778478,,2.6853824762089274e-08,9978.446294720068,1.3017035361209364e-05,3.1075478043430785e-05,metal,mixed,mixed
1.7851435020628884e-07,69132.22661506606,0.03859204967798671,34337.71939538666,6.732745824871806e-17,69615.87428993364,0.24248507711582046,85858.01250079018,0.0032975352670044484,9.559598063719384e-07,9127246.233009595,0.006016363418404759,0.04772745959773934,0.009129435239522336,0.0710509525096523,58.079434103464635,0.00048683746620454275,6.968034045305881e-10,9.356783356967577e+28,16250.225645117054,453511931053905.7,25169.98562250079,4.994232157721743e+16,38216.36858910779,6.567064216674587e+26,26771.775890583605,1.4924696916928851e+26,845.870357320862,1.32486391540625e-06,68246.3494684255,5.612280793271611e-07,25504.340657690263,3.0426102205783736e-05,98675.56793280563,0.00018645971410839317,24646.457093948968,1.0299184563301688e-05,4.775632786840128e-15,0.48710597562060304,1.2223166402969439e-07,0.5491356170111623,0.45086426075717356,,3.2149915703086807e-09,1279135.2195706975,8.848152756654615e-06,1.4510318066470736e-06,oxide,oxide,intact
3.190564120675688e-07,78793.13964391846,0.008070776153677291,41423.420835934565,9.048530844781532e-18,69964.45562058136,0.08779945898120953,129451.02497912277,0.004716961575974239,6.148063955435409e-06,5437451.516535313,0.03882614009136951,0.08844936066965148,0.06699613790065367,0.49424737025216575,99.98125005464038,0.000334787510208929,6.200662960903684e-10,1.0711296716741376e+29,19280.689327021242,449243379884798.56,26379.349529669453,2.0319564705952724e+16,39134.21136106964,6.970347790289722e+27,30507.0747650556,3.18655380861006e+26,1271.6042053622368,6.677046993980014e-06,41454.63562131779,5.988519912296648e-07,11077.508338411437,0.00012034599747189664,98345.30430805513,0.0007928572973503136,32783.62910203636,0.0005027214704785856,1.514643453347368e-11,0.6169791878882946,9.95262700215314e-08,0.07174532037513355,0.9282545800985965,,1.1628158869915464e-07,4549989.048205494,0.00039956188767228707,0.00010315958280629852,metal,metal,intact
3.132174002837344e-07,71831.89869686995,0.033349939355772046,5235.245556838999,1.7112784320417546e-17,69378.63293756812,0.24010946457471077,38147.378190838404,0.0036215038758616847,8.395711220233222e-06,5527308.517731898,0.013372154316848727,0.09218093828383397,0.04683652607067156,0.398177466777692,67.25479082376081,0.00043263850116411146,6.216154347335513e-10,1.1421780210076293e+29,24248.78641117989,514171983815567.4,28774.901892345293,5.2771402837928344e+16,42331.92245392407,1.2975804587923486e+27,21131.224455765652,1.633955083961786e+27,853.7280816048019,1.1591806155069765e-06,44188.01749590962,3.67148288866413e-07,49575.98823408882,2.64341230913728e-05,94297.83862547175,0.0006357603076673757,18767.1508393886,8.632117720332324e-07,2.401561074008321e-16,0.21392430877918142,1.1251385620294356e-06,0.28622487382895956,0.7137740010324782,,2.5872946078896006e-09,12.399977166773104,5.691670236796373e-08,8.062950696652686e-07,metal,mixed,mixed
1.0696725049393547e-07,68349.37093899582,0.035037506451189436,5913.653510092637,4.678123286111247e-18,70841.14403228297,0.14435832318925831,108972.35128151174,0.0021179017429760845,6.318301656761417e-06,2016685.4669512196,0.06658217485628817,0.020034718317449653,0.0261582255136047,0.4428696049419744,91.16403741002597,0.00034849945870856397,6.566277287272201e-10,1.080128619883205e+29,16214.832942849664,811798923995756.1,25460.974875999502,1.8160916870541052e+16,49909.45433915791,4.665941141560041e+27,20964.82402915199,1.2305319057981632e+27,1106.0692404651568,8.516799366636344e-06,60188.22257357935,4.053908394953589e-07,20388.14107942603,2.1730551382941967e-05,94181.1865218801,0.000601477279727085,30338.24632430065,3.849967542478881e-05,1.9658507076505416e-13,0.38845279506668406,1.71063824850843e-07,0.5234338682805084,0.4765659606556667,,4.803739226375198e-09,174558.54473275656,2.7701844272197117e-05,1.0797831152591693e-05,oxide,oxide,intact
1.5539066509869364e-08,78418.6374222243,0.011091862377515008,1470.9743165654832,5.935655062060816e-17,70948.81004299165,0.3615616070490914,102502.7164155932,0.004921261251102583,6.659153292460665e-07,3209714.0184861547,0.059640692506369955,0.020332567514033277,0.0045890870415793645,0.4522419906070098,45.92355285405592,0.0002974548905490081,3.829094233946518e-10,9.646360373597952e+28,20782.818509585195,145533975663313.5,26069.189206904528,1.459982370170445e+16,42407.43116398593,9.867084101464583e+26,27621.61739491664,1.3781106703408095e+27,969.6964834656458,7.006320828805019e-06,58802.63613928453,6.814021736130207e-07,19185.883382617914,0.00010253737687813628,78980.46108432529,0.0004894885646911444,10534.948424397571,2.3575685665009545e-06,2.7063017228317383e-13,0.47809465136858137,4.1844227721619276e-09,0.0028682618633115537,0.9971317339522657,,6.08085082763113e-10,3189806.548928731,2.1577020088781057e-06,1.9986655762284885e-07,metal,metal,intact
2.1407394438876724e-07,64414.24143984496,0.08501109977263771,27744.662758150054,4.8935072812700074e-17,69547.99103289717,0.2847972481732967,72634.32801805713,0.003451534704311248,5.474511575760806e-07,5053679.99661453,0.06782987709170728,0.09717620341765994,0.04846577166880513,0.4601449141571575,7.788368358757047,0.00028880003738390703,3.209888584284395e-10,1.1335302257957382e+29,19325.7055285495,784102880918196.1,25916.54176060838,3.918220687825192e+16,38440.47640880348,7.03976453849448e+25,24312.494013388132,1.224931802421435e+27,1176.3391617246364,3.326522202313262e-06,57204.604882838124,3.879335079973674e-07,33642.32926459775,6.069065536904566e-06,99991.80185872632,1.6039410535909887e-05,29600.471824719396,0.0027429784590720886,7.348572742752324e-13,0.46559295916996235,1.384259508060689e-06,0.511765417481934,0.488233198258558,,1.4336455023537923e-07,446506.99105856306,0.0016654370445609856,0.001077541414511103,oxide,mixed,mixed
9.02130290564745e-10,73676.69706981073,0.028434677052511,2420.3957323918357,8.150373349456524e-18,69541.93235604967,0.11576325149753286,153706.99032134996,0.0037776078926123366,1.4560635203532137e-06,69730.10554762375,0.039044537049002216,0.046756424569225526,0.03632333441151486,0.3372974429643294,2.928632870083627,0.0004138204856047497,8.016637064227155e-10,8.805282651018945e+28,18740.937248660597,355675179788698.3,29601.445825304938,3.865542471785587e+16,44550.85367317461,1.3519635212742943e+27,35265.279871690815,1.8132799792326577e+27,723.764617464604,5.275781593949474e-06,52764.64467868262,4.3517724184599994e-07,26048.523433930743,5.34144128851561e-05,99937.86023219183,0.0009893367762833284,15959.06187107846,2.797814533430781e-10,1.5438358106571403e-17,0.049888568344878315,4.3320024114749457e-10,0.08883023812719386,0.9111697614396057,,1.8218562077324993e-13,56659.06713053854,2.4316698387475034e-10,3.661446946832775e-11,metal,metal,intact
1.0158474719665843e-07,77491.11371085582,0.09754093093789735,23134.987916612135,6.03316105329443e-17,70462.90503152768,0.14202220743390928,122560.00759390475,0.004651911743247077,4.486464052559207e-06,356949.8188613619,0.03838701324219332,0.08827486918581719,0.08987326769315275,0.27796527645455227,7.550519159968178,0.0003970147251504694,7.434788216810967e-10,9.834368428853885e+28,18193.40916409192,754015000455634.1,27679.82745469219,3.842222286059457e+16,37524.576495302295,4.7878083637755056e+27,28924.95751144648,1.5661186825532254e+27,947.6660360457938,4.7346621416749535e-06,45420.4952668972,8.978538923967445e-07,12053.085283314573,5.583637047974196e-05,77951.54003113971,0.0006984013429876126,39095.61760947763,7.515456567294989e-06,1.8797890319500568e-13,0.29167247566538657,1.6779534262400306e-07,0.22198610247828912,0.7780137297263683,,1.5152103083263284e-09,184588.05599117873,5.5215032926331335e-06,1.993953274661856e-06,metal,metal,intact
2.7863324143130082e-08,77837.9479334406,0.022616346264497763,14657.722653398647,1.8034209816402122e-17,70829.33559894178,0.30988584757045085,148918.57625413302,0.001710252263393697,3.562021365823176e-06,6313462.74266481,0.05807135983832488,0.017217320993589393,0.008148505588150784,0.3254623388171514,17.396632152055766,9.514089415411224e-05,4.348466979317614e-10,9.70302922238134e+28,16425.147421937567,805023179126705.4,29262.617290419323,4.522865521117174e+16,37045.08235223634,8.321388939936105e+27,37121.98111261794,2.3065755018707606e+26,925.6241413252752,1.5558533014648952e-06,49628.59532614789,1.9377125113632075e-07,10633.939005960383,3.342653312978206e-05,75710.20668983353,0.000621005791161748,10275.88534120276,4.111569042219858e-06,2.3205392035791814e-13,0.4511368378381467,1.0991683291530486e-08,0.021221356696294113,0.9787786323120227,,2.009014477123303e-10,6025784.844541914,3.7616677749739343e-06,3.49901267245924e-07,metal,metal,intact
3.485898329177465e-07,66016.74479999031,0.02089012465472064,22855.19877043519,2.4211048911716685e-17,69176.32092522855,0.13479967260773165,114420.82754099517,0.0035927952813188464,5.251799872377543e-08,2483892.663968166,0.026317964531575293,0.02197840875088266,0.07117819243698037,0.4912524489137692,15.203387142464525,0.0003497602234388252,8.632927778567631e-10,9.217941489484817e+28,17431.27181189217,156580222143762.84,28136.09875632192,1.788256303384269e+16,40766.8436006608,8.90439197355008e+26,22120.65318121569,1.0121401195708167e+27,715.2638404425122,6.564277243792381e-06,54168.93015938039,7.355242523760993e-07,21598.430698870496,7.973173378878848e-06,77774.8795665457,0.00010905071156720682,35025.335155485474,3.4894793570976134e-07,2.26843260174386e-17,0.32863697986932233,6.7577610306057885e-09,0.39693308873694205,0.6030669045052968,,3.2716808176186285e-10,693078.5449751702,2.8278620160313224e-07,6.616173410662911e-08,metal,metal,intact
9.786193679715715e-08,77402.9490193488,0.014416638201939409,33693.65992207071,2.1448697932838108e-17,69221.5747439163,0.2696830658400048,75705.8506727578,0.0017234805739417625,2.305180876174215e-06,4454598.224309147,0.007092138645251918,0.056327385826074355,0.016569972911927935,0.4528519272724466,5.934246286363167,0.0003937971489766142,4.1965323504193437e-10,9.236864754295482e+28,23232.577676921857,449659208682152.4,26535.227750779828,2.3671114129371212e+16,40325.79236966726,8.567403417528794e+27,34306.778543867134,1.2722090549007002e+27,1116.2197154958117,8.880494479259186e-06,58907.45506982507,6.92533085735344e-07,15739.492243975856,0.0001036252743489999,84531.73684663851,0.0001255552212312398,29517.526061287088,4.9101947707550284e-05,1.688834378497214e-13,0.5740645635747148,2.34812759797874e-08,0.2925156703754084,0.7074843061433158,,5.425448263875886e-09,2119096.7092405492,4.4268215067116965e-05,4.833732640433319e-06,metal,metal,intact
2.986513009617916e-07,68324.1046785356,0.06487478842377212,5735.7833088816715,3.472853030007201e-18,69138.75065981584,0.2317932785822543,119731.73880371587,0.003795938688596714,2.020615560238418e-06,2853841.9418493314,0.0714006365012185,0.08187017563275223,0.0949233275244139,0.058091991742556054,39.91388859657082,0.0003916632070291969,7.841164579572958e-10,1.1994903867790273e+29,17854.30421908088,791518535535746.6,27302.71473292286,1.2274367890096602e+16,49222.52031123884,3.543636344031779e+27,35869.689426487545,1.1691589218174553e+27,1063.542294807611,1.6479129671601452e-06,48206.8161805725,1.8969480243580663e-08,12172.227502764581,2.7540083108948814e-05,85771.26925437819,0.00041307696933104426,29069.02443203094,0.00015365214156529643,1.9445473265857956e-13,0.15505484995443777,3.931562101135288e-07,0.3667107577739319,0.6332888490698579,,1.1738205110846872e-08,335782.4539170324,8.030864289913583e-05,7.33434986661606e-05,metal,mixed,mixed
3.791320317924956e-07,64213.27583247883,0.08542280126318642,47568.884143968025,6.067836292646441e-17,70458.80606466909,0.28021310899785823,153040.2141875734,0.0010495547770068454,6.952827779495003e-06,8668355.962398028,0.025044192113603383,0.021141531670678233,0.00578804995715641,0.09773013035882822,28.390598647538546,0.00030642809044078624,3.041279771819668e-10,1.0085248732867286e+29,22296.603963636993,506258568368399.06,27951.86363352417,2.9299343663893924e+16,45897.84029586749,3.9695351726789205e+27,26865.696007484992,1.2278012893424122e+27,807.8963301890221,3.616034775212752e-06,45825.7456396615,6.201066938694824e-07,33817.604154877146,9.335925276965346e-05,93275.7221250839,0.00034530059222718585,39212.03031965916,3.617968428831249e-06,1.3338820966891991e-14,0.3957102068984824,5.514999220318099e-09,0.5345997139773061,0.4654002805076946,,3.8691020234987926e-10,1412924.838309695,3.2072137428618904e-06,4.107546859693587e-07,oxide,oxide,intact
1.9260058924119015e-07,74774.009700201,0.02546893550988484,49379.933654851324,3.675446527409186e-18,70953.74506729837,0.3033961228219174,110830.84880136378,0.004054881935525058,5.9191614893920775e-06,8616212.319904773,0.07576257934942786,0.0019386701690184934,0.0632574125449995,0.32098543044104827,17.235568872490763,0.00023994991603955607,8.201642162135152e-10,1.1175341623515533e+29,23489.116553391636,532813474089050.6,25261.020178173145,172241404994193.94,48113.78999300755,9.110514665307245e+27,30664.990437151726,1.5160954758605026e+27,756.6391983155391,2.75947815067359e-06,54986.35760338786,8.594857554081329e-07,9795.298496497904,0.0001247152334001012,94835.56109851846,0.000359342496874139,30090.832315468087,7.639074914817606e-09,4.0350971339636166e-17,0.6423361801778207,9.080353316875528e-11,0.28667384907333154,0.7133261508358649,,1.1924948026124654e-11,3589778.8214443354,6.110438002777452e-09,1.528636912040154e-09,metal,metal,intact
4.9013759293926134e-08,60882.72879505114,0.08728245088877724,24637.26567454779,3.755208495155614e-17,69861.63014798137,0.15481221113220345,36377.17749185751,0.002864810255330877,8.970305265101425e-07,612800.3732955987,0.04725020911258296,0.03900052717330397,0.060628527845225905,0.43704255431148586,47.09775143718747,0.0004094638601848775,3.7494907569774887e-10,8.856021395954777e+28,17107.054966519347,786102382216591.5,26418.146774713146,3.7498706482954664e+16,40671.80574447162,2.1061350108930157e+27,32498.091820317066,1.2297569136461305e+27,1207.6725927007224,2.9071748172765617e-06,44900.062204404894,2.9833909462987176e-07,37877.08314335212,5.703359830689188e-05,89027.03204361172,0.0004160676132367002,34899.72954206704,5.552331322638292e-05,2.6011964399218233e-14,0.2087741251980346,6.768060783320143e-07,0.42171678669235246,0.5782825365015691,,1.670480741718363e-08,1887.1840101886771,1.829088314972904e-05,3.723243007665388e-05,metal,mixed,mixed
1.9872629702206944e-07,66400.3575696807,0.057887243530527356,2844.8659586309996,2.99278588205443e-17,69063.91130299646,0.1135665801114022,152822.295073943,0.0007778295685434512,7.100711087747343e-07,1327545.693612144,0.08126126468695996,0.0701260443825551,0.014312602981875326,0.2517412425030195,21.557428043763842,0.0003720439205509045,9.807223887068317e-10,1.1146999069303404e+29,20487.091369915594,316755277922925.3,28381.252434208007,4.17829128883949e+16,38091.911121075434,4.4242668633276663e+27,26683.198816047337,1.4993723097911227e+27,887.3320434376001,8.248782724827828e-06,60192.5394980382,1.3255555824433014e-07,13847.836331708246,3.2931468014845805e-05,97918.28176279258,0.00015879566249669977,34781.451142213955,6.553206882002934e-05,4.9101325424816127e-14,0.21512773947818167,5.49951365328589e-07,0.47862634181100305,0.5213731082376317,,1.9923211191943063e-09,154805.54934884736,4.3783216795322055e-05,2.1748852024707287e-05,metal,mixed,mixed
1.7023341939729244e-07,63458.749623447984,0.06805767131076415,22388.30561160713,6.630622166090104e-17,70336.11666654456,0.2966449201996943,140378.57894936125,0.0031831735612348603,2.8262328463930776e-06,2694269.0532064363,0.05988575677695249,0.09460343070956434,0.07687279062514421,0.4147096981846972,41.448792993157355,0.0004151914228794835,3.380869334227874e-10,8.1561662914362e+28,19353.20664726223,513041550824108.2,26051.971705731754,9891620621106214.0,43648.80214958953,4.810731956256644e+26,20939.5122040172,1.0980571897129586e+27,1009.5122828043332,9.353915110526812e-06,50688.35476010072,4.894557113898632e-07,15655.161029827785,1.0309411542553356e-05,89610.16820962075,0.0007111939247949938,36167.06345974273,0.0004038715389110042,5.5317818988033414e-12,0.4465932171507166,1.2320371568203723e-06,0.09706849166722957,0.9029302762956135,,2.0369690835323097e-08,2076528.302515372,0.0003028092159903158,0.00010106232292068836,metal,metal,intact
1.476275312195768e-07,68686.47878240321,0.029858485933413087,36469.93107314813,3.642282873366328e-18,69432.0616492374,0.2945376526248047,68621.6713544892,0.0007984349006824452,4.665937779432023e-06,8028766.109705498,0.0848227407043459,0.018755836210671215,0.004066655268566416,0.31133166071421897,16.392308868136404,4.946415633084065e-05,4.953264231218772e-10,1.0208620377083443e+29,19620.207678867104,475797180404711.94,25600.241813555243,3.751864410769861e+16,39205.06633980698,9.911399614304868e+27,36582.087538576394,3.5947996823242696e+26,1161.920309768277,3.191369067015298e-06,44087.71188076567,3.7591525812487817e-07,44971.04994125087,6.36445391329069e-05,91790.5102420635,0.0002973725392016652,15030.29866931873,0.00013445157369240297,3.4622566381057797e-14,0.4727897768097903,3.8288074304585513e-07,0.15041777551596197,0.849581841603295,,1.527890600128679e-08,1914.1533534526152,1.847403012162632e-05,0.00011597754357077665,metal,metal,pinhole
1.3185967231041793e-07,75480.52065299648,0.0012739120196723706,34208.14139821086,4.4195523618114746e-17,70977.05148921024,0.15899552282281856,126168.05841437685,0.0038088279926054673,1.8326016570166186e-06,5248883.346267834,0.04168273463364588,0.02971665368664916,0.08088460376736871,0.02829950814634801,13.216533925439723,0.0004603846587147477,4.4311769259466485e-10,1.0644756687454407e+29,24955.793582314323,642644036092291.0,29924.891922322295,3.585843567900243e+16,38341.5836041384,7.872695287061682e+27,38608.19114901745,6.259290185552463e+26,1089.3808218182853,2.021894146774159e-08,47055.43654130841,4.810974571758014e-08,47474.487597701336,6.113656637387145e-05,89113.19610080824,0.0006390897409680715,11206.010567169493,4.125966935776334e-06,2.8791711859929662e-12,0.17508915617225076,1.3217096975603616e-07,0.0005687539674164352,0.9994311138616139,,8.14083164557882e-09,5240246.513522802,3.497287870988049e-06,6.286790647882847e-07,metal,metal,intact
3.489608759925433e-07,78463.43429234614,0.04520008618605888,45875.32532616869,1.6574656575550927e-18,70071.76410103393,0.3241617108252813,67176.3314377114,0.00197283236940111,8.084501756965124e-07,3575200.8993761223,0.034265310804277964,0.005714625138189652,0.08132857630681979,0.043625468919498124,35.32134112372243,0.00032061819801236085,6.840874528868416e-10,8.05110858766371e+28,19957.15282131327,575722971668508.8,25108.611262841965,1.2769868039537322e+16,47077.81761932802,7.662481900004507e+27,27682.927518773366,1.7922054529664627e+26,1136.9624251322678,8.323092002132773e-06,42851.60043990967,8.960103625869741e-07,15231.976339357207,8.216700110052711e-05,88927.38179878265,0.0007570827583551612,21012.86313923201,6.140188442991097e-05,1.1948685408074033e-14,0.5843894741370904,1.7554793600031603e-07,0.4681882204949121,0.5318116039571521,,1.3068955187131215e-08,15076.523240443574,2.2961570481250854e-05,3.844031394866012e-05,metal,mixed,mixed
2.838789549028503e-07,78256.79367940944,0.08933009368940308,7178.30162361585,3.038138973079099e-18,69924.15220211167,0.21510470882798688,149478.40336828076,0.004260350141565174,1.6249983217322007e-07,6413588.038805724,0.010515672745667256,0.01437022603159675,0.031076239755927344,0.3812207913521936,20.860553911888957,0.00018064580338465736,5.517713945601728e-10,1.1107106989464736e+29,21728.744387851606,568765024405764.0,26274.10230645079,2.1167213001825524e+16,42712.86453346639,2.0402179123594423e+27,33309.75922090083,1.3709675992370286e+27,1190.7336693473117,2.466149760731427e-06,50607.65931009148,3.33174552551758e-07,35528.0941737235,4.007903285809738e-05,98121.21748081656,0.0004458410830536546,8330.857496128287,0.004318149396705245,1.654751337495503e-11,0.4749749543480608,1.5378458769804e-06,0.015895736918169343,0.9841027252359537,,8.439418699470178e-08,6176896.354217997,0.004073159775587383,0.00024498962111786215,metal,metal,intact
3.1061325608753763e-07,65753.8798421678,0.00017312619478695938,16493.76815631829,4.1669279263490315e-17,69016.72038128282,0.23920533135865663,55986.652354996884,0.0010589374192550385,4.273279202287135e-06,3765825.5169639084,0.06333217403335883,0.07466105637652792,0.00701073138461393,0.3858273596419049,2.4008912722192495,0.00015514025087100296,5.914790402731509e-10,8.8860649912928e+28,23066.083283459047,524010613702849.25,25489.08486953636,3.973155739582749e+16,44621.89967470267,6.308057783851628e+27,20484.863443819988,1.626096674217289e+27,586.7169471184255,3.0232982595063394e-06,63285.49677600716,7.78480834271766e-07,37143.86163237177,7.602230379237548e-05,83982.12004570925,0.00016926513036090457,29865.730462938445,2.042985251711592e-11,3.621869920012342e-19,0.13088179813341508,4.6532011491904635e-12,0.10442079307233557,0.8955792069230112,,4.181521003368276e-13,2924030.8766225595,1.7210311804730184e-11,3.2195407123857366e-12,metal,metal,intact
2.8644025677463206e-07,79587.52392543924,0.06560969013472101,12628.87088207644,2.982640991190855e-17,70050.87767347616,0.33916685833232296,146598.75209766754,0.004569597704467054,3.020877584060822e-06,1239925.1462017072,0.06603636058604453,0.03001879672015371,0.08043251055931733,0.3802334655643091,43.799860923308735,0.00035292337565640897,6.42725570028667e-10,8.822744096895744e+28,22114.738828733443,336851328333981.0,28724.787697195083,3.848941908362945e+16,44381.03411936035,2.2536076819834492e+27,36133.07808474339,1.8931445998357569e+27,1249.6363949813458,8.79809536761842e-06,55465.2113061081,5.856712322211443e-07,17154.791679347814,2.500309007695413e-05,90481.17927325374,0.00046554927354496483,18672.134031329733,0.001565327917037803,5.335325044422098e-10,0.41323544641590965,1.435261738995838e-06,0.006102486939409067,0.9938960777988519,,9.601261131128583e-08,1220151.402150733,0.0012876350460398645,0.00027769287099793844,metal,metal,intact
9.685658921572101e-09,66681.2089384597,0.0469428160410904,21696.556611520704,6.781585432153011e-17,69173.49676869935,0.2406580846798042,146043.35120665113,0.004604463039803074,8.09853929619546e-06,7074218.288025776,0.08944012271180599,0.010719516373078131,0.01476207889188505,0.38241628775924347,56.661117674000735,0.00039542830069153967,3.371650934478762e-10,1.187321202680307e+29,24803.80577627936,252216881446690.97,25855.85406853153,3256743468330499.5,48413.34208651944,4.466120400012538e+27,37298.18675147582,6.1727730983631495e+26,767.0519982828264,4.0965142911569695e-06,60764.830549984734,9.904461061886627e-07,34413.78371941866,5.370703716839649e-05,81597.74349794329,0.000340329778142443,31454.28230452752,1.883599350447663e-08,1.7296921026245936e-15,0.3894692048174002,1.1311637732200167e-10,0.027777907995460035,0.9722220918914236,,2.54027941024596e-12,6637806.08875336,1.6611961697701142e-08,2.224031806775487e-09,metal,metal,intact
9.581349295210262e-08,68886.62786175394,0.07252266755985526,14671.04620908385,3.562449401051463e-17,69705.52661615435,0.24640979973831612,59679.84653950699,0.0037860801511296845,6.368128851351185e-06,2111879.035888063,0.05190092282894116,0.09958100635757432,0.027810071717283624,0.05887340431139967,32.19820547309223,0.00040431301575378267,5.283509263441576e-10,1.0514566845929138e+29,17597.617427064695,671982499266666.5,25455.370527112875,2.706450884129113e+16,41202.018387921984,6.835631836432744e+27,24023.808269920497,9.590889468942595e+26,1192.7273846804649,6.7098082147623695e-06,47272.56276971448,1.0465867030835315e-07,29634.648409440237,4.532474591049777e-05,89415.72005743063,0.00017472464043670304,30184.158900167185,9.269115047737291e-05,2.0861117418689686e-13,0.24032816888389386,1.0441878617353394e-07,0.4587027391454439,0.5412971564357698,,1.5375153454866006e-08,22605.840977588792,3.503466845085099e-05,5.765648202652192e-05,metal,mixed,mixed
5.198063465559387e-08,67568.46028892483,0.037120083998165125,28917.82863854784,3.120172217529896e-17,70175.23053073593,0.30580853311862,150479.50356944103,0.0019562617048183443,4.527970047033408e-06,636341.0403138569,0.05044817240384486,0.09020379500083377,0.017016047587819286,0.47504725475274234,66.6183279775221,0.00011804978096278143,6.920162023757191e-10,9.178645215849148e+28,16820.05864727887,736870190754428.2,28337.105425671693,4.077693730969291e+16,41172.83142855372,5.377832058977617e+27,25298.981387872907,1.284861903450376e+27,869.7465218675845,3.847674989204273e-06,68615.99356515179,1.5791484337084853e-07,29226.73321862168,0.00013151505258097434,84288.1249642102,0.00046668183645303405,17257.536568463507,8.33018837548119e-07,6.915142196228593e-14,0.11038574821472812,4.217759593274489e-08,0.0578999068865669,0.942100050935837,,1.8550648418274627e-10,555480.5750464528,6.96147678198294e-07,1.3687115934982503e-07,metal,metal,intact
2.1600794743519328e-07,66639.9556877564,0.08240724469608307,26519.520716006587,5.1369161927653464e-17,70335.5445532514,0.12717707257618205,154517.21844486622,0.003376796198044032,4.820414056559566e-07,3843956.4682120285,0.0040713785455477195,0.0281672579700473,0.024770202113867015,0.3585163264337489,12.143858949851769,0.0003956379698863176,7.830744064023498e-10,1.0386207454543338e+29,19292.938020288155,536706792966542.0,29370.71104297407,8435299294967406.0,46602.16046036576,5.536642253115602e+26,30582.3639362103,1.6824723778067365e+27,821.726563946725,8.003243341858392e-07,49015.727737837115,5.270649949896889e-07,42744.79305402164,6.573573595761572e-05,82361.28511963566,0.0007464629993655774,10838.623772574818,1.1540680447526166e-05,9.413234028233454e-15,0.23298398566892592,1.1465373523437388e-07,0.2800564651645559,0.7199434201817089,,1.2037175293195743e-09,1903844.0392947937,1.0694961626847427e-05,8.457188206787388e-07,metal,metal,intact
1.7377448822240743e-07,70295.39716011359,0.04621797254524061,33586.91813016684,1.086289615874362e-17,70662.64727435049,0.33014837509984307,41495.14494794475,0.004323769031495608,3.976558142296054e-06,9790300.378130883,0.015837641973184373,0.08353853335096613,0.043999134874716885,0.4856587655774074,96.2647148488389,0.00044738272614678237,3.1993194995166024e-10,1.0584528624789217e+29,17706.378221792595,604740716581577.0,27038.958664464997,2.1726363886040188e+16,43388.4278772156,7.251964523585943e+27,36450.976931106256,1.0397457075870523e+27,1066.3526515232807,4.060889038127723e-07,69611.13613028085,5.312894743757778e-07,5736.392143747164,0.00011751287973822078,78030.16788819798,0.0007551607438940274,38757.28387642288,1.0589991005314817e-05,5.832549918307075e-15,0.6711603246965765,4.6062536353237596e-07,0.49285468218637096,0.5071448571882655,,5.8575747598169286e-09,13157.12612254724,3.787046568505985e-06,6.802944436808832e-06,metal,mixed,mixed
6.725797393578124e-08,60134.92982810236,0.06000078743356315,29110.5452064557,1.6124484219377505e-18,70945.05933383266,0.1849145463857272,61702.111949492435,0.000517116524346046,9.433434736545557e-07,5748479.505747316,0.053004205224809975,0.027263262717726045,0.04630302896804665,0.4632186770635404,50.358968651726535,0.00014995563370029478,5.715290851376615e-10,1.0546738353590613e+29,18155.897796007783,631825320881224.9,28321.738139007197,4.095903266560198e+16,38749.13914565238,3.503747415074756e+27,38148.690123952314,4.4506816058246e+26,1138.573174456289,8.97780209411975e-06,54896.005229875496,3.1831448345272175e-07,18441.945294502166,7.141691875563617e-05,73301.53881546944,0.00029295314347331487,37330.79349960844,0.00019489821791191384,4.8358664001395685e-15,0.5028400034771967,2.2109097477274782e-06,0.1595827210652227,0.8404150680250295,,1.3435496936034001e-08,94.27383307202416,1.0691743184092635e-05,0.0001842064747278212,metal,metal,pinhole
1.0035766851494934e-07,71305.63505156683,0.02145560025350782,1133.7213512340084,4.6965452345667346e-17,69564.46358055524,0.3527762192765179,64954.74699859108,0.0033630616538929746,2.3911370098902746e-06,2174118.5228315233,0.0789477092261028,0.09086968404817843,0.04694151196445876,0.35512062247463466,35.71427503055096,0.0001923702237113098,3.287512371466379e-10,9.170993585424839e+28,20777.82195085068,329570956884591.25,25926.165937772108,3.638574631255252e+16,41831.80756821886,4.6163498980018184e+27,28965.950270102276,9.811142389372933e+26,1154.2450826556228,7.558126141956051e-06,62242.55259351302,5.897254197335323e-07,39720.21149547505,8.732339617380621e-05,87717.71311842336,0.0004438924817882934,34539.68282377906,8.593067341596837e-05,3.731782394170385e-13,0.38378752272593564,6.915164127077034e-08,0.2633761659303833,0.7366237649179753,,1.2821856398583431e-08,940990.376580814,6.173911162126261e-05,2.4191561794705766e-05,metal,metal,intact
3.408938948532974e-07,76007.20037916431,0.012616289634143357,40858.030607068606,4.9771535264138636e-17,70450.26645941456,0.2959091555313886,152102.49948703373,0.0031536770108430527,6.351563099683462e-07,9899266.95416308,0.08876012484025632,0.0865495938032669,0.03287238570341861,0.20120951438963378,55.198962423340184,0.00020890862730150826,5.823434178476072e-10,8.046527348848679e+28,24109.679474021665,229451951190447.47,25786.570810319186,3.2968297580868664e+16,41804.554153631405,5.904352316076808e+27,21601.09268840002,9.576457912218838e+26,955.0834741969765,5.664420701601401e-06,50128.845478135314,9.222197652355252e-07,24115.352080659035,9.794318782890142e-05,84838.82011331276,0.0002618229618860047,20243.21302757543,1.1099055687561294e-05,1.5953254859779998e-12,0.6179432826851777,6.224637415178786e-09,0.0009740536110652592,0.9990259401642975,,2.7247853464537595e-09,9875283.478404647,8.786424538341592e-06,2.3126311492197025e-06,metal,metal,intact
3.116123915262677e-07,69090.44578946622,0.06363729852985246,25386.305722834673,5.870666714327121e-17,69431.19886108405,0.25876214073191256,96425.13941066248,0.004803562520466606,2.415930700834556e-06,7615587.180881103,0.07316303501903719,0.06796596790372601,0.03145235148213613,0.2690068803142212,86.34427510473365,0.0004274890686136767,6.373335937123909e-10,8.715790260505295e+28,16673.560672991192,13680967041921.695,26702.055212827105,5.369482604493399e+16,38754.583646889914,4.518461551967281e+26,38770.44202816335,4.504088467281368e+26,968.8582564959929,1.9152897362732187e-06,52190.027901243375,9.072037753028078e-07,43525.27190750343,3.854491386400925e-06,78685.02204718432,0.0008278409030330157,35263.832843307864,0.00015211858282651095,1.296045597680535e-13,0.46936454726406424,6.490725211266105e-06,0.5009466269781151,0.49904688229667366,,2.3063620059912144e-08,485874.030819718,9.154633570977548e-05,6.057224711673547e-05,oxide,mixed,mixed
3.3915163357243525e-07,72422.6281074361,0.07300876285563229,1516.7352226764808,6.129070930674238e-17,69341.57344602946,0.283444367562852,51088.56441340927,0.00238163017654069,4.6753276577114744e-06,7088003.404076766,0.06422403629138133,0.019123028444851493,0.09845955248853842,0.38214776709482484,31.29424300405794,0.00041942498987778234,4.791719416827495e-10,1.1870704433167463e+29,24613.924505139013,340353245546246.3,28974.808681351533,3.53011019109831e+16,42905.89857051505,9.017720454050073e+27,31813.979065290394,6.758062571511783e+25,848.7134076483441,2.9213272628871605e-07,60753.07386704865,2.68507401408771e-07,48909.64581648553,1.412095315452397e-05,95641.2329009139,0.00017212145471241143,30473.77918059148,4.26426812540145e-06,1.4965646591880591e-15,0.20888637156614162,3.3136362048809233e-07,0.3508390678898068,0.6491606007465727,,4.279394929563247e-10,4572.403853362163,6.79582061602671e-07,3.584686063798779e-06,metal,mixed,mixed
2.561427704752863e-07,79815.6223051521,0.08750686584936167,31674.53387817824,6.22146769132115e-17,70464.06678114166,0.2645643785921439,112239.53592365647,0.0016649407266645154,8.970112850468267e-06,3693238.496307521,0.03801018017026538,0.05724357008338048,0.06264278393926821,0.38440706560915605,54.65617058044305,0.0003056659883130527,9.35345722314238e-10,1.1256453496325638e+29,16787.66848897818,258534875730722.16,26439.105552638706,1.433540821910424e+16,45053.37898668043,2.3935953280314918e+27,26994.336744134678,1.8911135929798753e+27,581.0460942132918,3.2514364917592535e-06,42409.118275367655,7.516138014429041e-07,49101.37262498387,2.6582192062775268e-05,96288.987691274,0.0006756118674934158,17347.90406589768,6.497967575908186e-11,9.378225423131931e-20,0.059963453877090137,1.8862970228765193e-09,0.4087586124674956,0.5912413856462073,,1.7963856688269607e-13,4130.160746616492,1.635690714792119e-11,4.862276861116067e-11,metal,mixed,mixed
3.6589084114736335e-08,62666.603119006315,0.09596742115125091,10773.454412423487,6.985807016576075e-17,70980.54305303516,0.16777153921653098,78682.21390999437,0.00476368536646885,8.136760506689346e-06,4979032.066679208,0.02170025260129992,0.05182397757901896,0.05412855281678029,0.021773277036326706,92.17277451824842,0.0003084630114620891,5.494922659642752e-10,1.0753784512037677e+29,20149.554808947807,809945798366489.9,27271.951445504197,1.3696810395590118e+16,42763.262244881764,8.999925746797088e+27,30185.329338824187,1.183720206224476e+27,734.2364235977144,3.432812835181647e-08,54875.26846296244,1.3462767753088213e-07,45372.994671566375,7.723037772317773e-05,72066.31271743054,0.0009901853226920191,21939.152626772044,3.856991281098887e-08,1.090452302283905e-16,0.09663970152056896,2.760060336306648e-08,0.4866136962456505,0.5133862761537462,,6.38065492921897e-12,151321.48582737165,2.15462892348832e-08,1.702362357610567e-08,metal,mixed,mixed
1.851800122542733e-07,74932.87523899906,0.05065931940529505,48649.28577503383,4.307781396704659e-18,69483.61631409805,0.33922884315672136,87680.05404560053,0.0020651302164562016,8.512197737069119e-06,8545073.002325658,0.03924170126282624,0.03257569954546109,0.07066501420048603,0.15613220372079714,55.48133371185112,8.562707136708506e-05,5.395362407530423e-10,9.009731892199359e+28,23027.49398794327,210314157496518.38,25559.478449721333,3717993993850930.5,36163.90341403068,5.447349427672597e+27,23398.87532764424,1.1969608702858475e+27,1114.722048722084,6.884204077286309e-06,42720.65894887924,8.136143628075648e-07,24190.307050791707,0.00013447000237070872,71274.5063694016,0.00019862929933008638,29836.501533937128,0.00011835812732589345,9.966480146220129e-14,0.636642688892381,1.331839634949719e-07,0.4033141241708147,0.5966857426452219,,2.1765406017485996e-08,9721.73557135913,2.8363383226382325e-05,8.999474409951113e-05,metal,mixed,mixed
5.4211187766178966e-08,63490.017532117796,0.06722632558394272,10101.576154314,4.4650876589521504e-17,70014.6129154627,0.1943897809473364,28324.469172853293,0.004435242597915353,9.18145054254255e-06,2212748.9565826487,0.0329187090749342,0.04754794236975517,0.08181308418214592,0.1934701952905516,68.70401134291095,0.0003211362026248237,6.8328721429577e-10,8.966075749457058e+28,17792.29961415401,51877765368869.125,26115.693262645567,5.988249236708972e+16,45155.08532335294,7.028465203427874e+27,35034.2647830404,1.8338799937908554e+27,603.1670001888641,1.7775007042316588e-06,49140.05082106352,6.31887073444045e-07,33955.83381493155,2.593029511696445e-05,81354.26952953354,0.0005835242493665269,36660.48524017977,2.7369771534036916e-10,1.1340814429396995e-18,0.12348916321996972,1.1925919738381442e-10,0.4826393422971472,0.5173606575835937,,1.3403076196552755e-13,46164.237471030785,1.3173475823277854e-10,1.4196295710759062e-10,metal,mixed,mixed
4.1874593754637145e-07,67963.04813840076,0.04484318282744217,14954.729966318268,1.0615210822201412e-17,70557.84811463072,0.3120017149774802,99050.09174527336,0.0019785636708441598,5.662351494232427e-06,6886768.855167597,0.03780957558257292,0.02240573363613404,0.0924755826292611,0.21637293132274701,69.25142104598514,0.00033413831380006925,4.4963766256489303e-10,1.0650370361389778e+29,17905.239931674645,255380051030917.62,27017.26069527561,5.494645395483443e+16,49629.1310957009,7.22540079022244e+27,32556.371005023888,5.993076295602878e+23,613.440408733417,4.828279087960734e-07,67976.81310528544,1.6026517913853163e-07,31995.296402258857,1.3997588273031603e-05,74154.20306978124,0.0006504168614622423,28128.76549742048,6.051560830069176e-10,1.7454676235568807e-19,0.12990531885106196,2.2505988901798794e-09,0.3732438770558575,0.6267561206935438,,4.78200132574304e-13,1011.067170943829,6.77150941544954e-11,5.374409888524222e-10,metal,mixed,mixed
3.293030351774759e-07,77535.78617580494,0.050223528887988464,46547.37950068324,1.1118229510789825e-17,69810.70988392898,0.2604118013433027,114529.55953010665,0.0043542163772691145,4.818094157466943e-06,1210801.0572661837,0.057000389004061215,0.045835621866060286,0.036729735279636376,0.17514384970351451,27.346657123962355,0.0004542219378491216,7.353080123990927e-10,8.070853398343537e+28,16112.598281379403,671281617167911.6,27330.838722030698,3.997588180013549e+16,41267.109714511535,4.6764571540009893e+27,34174.03798687738,1.4028345807562855e+25,652.4257358537576,2.5304393651356412e-06,66918.09309151566,7.015674045662497e-07,44935.97261082435,8.425671294208266e-05,97587.91427046372,9.80570689212995e-05,14089.036872845902,2.537352942881958e-10,1.0241319645550462e-18,0.07184953593152979,1.6070350206581994e-10,0.5280038741382272,0.4719961257010694,,3.5511947600892353e-12,59368.105195846714,1.5673570857494843e-10,9.699958571324738e-11,oxide,mixed,mixed
3.662131138990946e-07,67684.83085625432,0.08479249147494586,11958.468272213133,6.337783062399074e-17,70864.6933115999,0.3359725949215527,42845.61419539569,0.0016131428765297799,7.858466879738105e-06,5729640.282908367,0.002699732863998392,0.006436830405236697,0.028877915298161954,0.33042436300782135,82.5611463249509,0.0003469445249128028,4.561705269907717e-10,9.006302198031325e+28,17519.50593965931,584877672079252.1,27360.579263885018,4.330884427219595e+16,36653.39118606516,6.456970453353587e+27,32745.684211738382,1.3831110269571944e+26,787.698675819931,5.756846152059189e-06,60581.23531896889,2.385205281484363e-07,44059.19217795458,0.00011273955858341855,81733.31504053684,0.0004486086268634488,22384.299699097788,4.229891171380989e-07,4.10575203582499e-16,0.17149355515512554,6.035819217186564e-08,0.6748653070110355,0.32513463263077214,,4.5008724317850277e-10,101.66018713380079,1.1980162322123033e-07,3.0318749391686855e-07,oxide,mixed,mixed
1.2295611092126674e-07,62379.38643624568,0.015398015097382409,20508.48190169247,2.8962982268147746e-17,70498.70429577811,0.23962901808275766,136692.80538645174,0.004081545938282638,5.282347903203776e-06,5884121.730468136,0.008396302689278745,0.06767073375880735,0.023884454422901016,0.29432030352133937,54.77539014656442,1.7929121241355582e-05,7.823719499049902e-10,9.80420656718889e+28,20761.62131945275,414959169871854.3,28794.099446917695,2.7666190516405656e+16,41143.26416290761,9.590361879354651e+27,34044.1816840589,1.76535038750424e+27,605.7757363945441,7.711863199475092e-06,56656.91032466896,9.139780298331729e-07,38359.33719941059,6.038118147523585e-05,79221.76088604411,0.0002748309950077296,7483.42903225521,7.493462831637565e-11,1.13953131715798e-19,0.17571497726597587,2.947879613799654e-11,0.6987767617564764,0.30122323821404484,,6.596251459388711e-13,23648.893290999025,4.411638026640633e-11,3.081824804996932e-11,oxide,mixed,mixed
7.118809983622476e-08,76291.0546374118,0.008409607635629588,14044.835039881564,1.7730436177703393e-17,69398.48352901496,0.32874042118227165,148397.2404112572,0.0029777376586581335,5.705003298490583e-06,1073734.5794514162,0.07442778461515767,0.06877219875805168,0.07902174520036846,0.24093444792516372,39.81928223615446,8.834657720349844e-05,3.488351694562583e-10,9.453371740463347e+28,20811.050855951726,97023903048652.5,29040.367907435695,5.559608112574935e+16,35949.21024823274,6.344499009299225e+27,37106.84146913509,1.4242441057433783e+27,877.5825344182742,8.903493724872454e-06,62900.43681822644,7.842147921965914e-07,19759.692685531925,5.931920732043232e-05,91351.12249107703,0.0009760158384094625,6976.964370049552,4.770618827243924e-07,4.911647607385632e-14,0.3300661699591111,7.034089371815423e-09,0.040316874386708154,0.9596831185792024,,2.9268795408343093e-10,966837.9425774706,3.67039926321917e-07,1.1002195640247536e-07,metal,metal,intact
3.564205394299267e-07,70255.31226568045,0.08414151289279781,4166.236259289772,2.3482385020425846e-17,69080.35429957889,0.23151472226386488,49683.46234854431,0.0013331839108211333,9.962243940137842e-06,4449377.876304642,0.03090584343534996,0.04625521020561214,0.05144438489322236,0.02356731717424959,90.2768081508685,0.00047482815504063317,8.137215897093327e-10,1.0617551865333535e+29,19635.77202236126,320275348594770.75,26600.607555847688,2.6438643165557916e+16,48890.18687617803,2.2887406780926527e+27,38545.5837777313,9.039565673804293e+26,1157.9175329755765,7.4663569674874315e-06,61169.61118314405,6.940541185272625e-07,43816.28783828818,1.4676226967196522e-05,86391.41938440093,0.0006382813146219452,38949.547233148216,0.00024540603552751733,3.9421063123177584e-14,0.47792781200918677,3.510834299274895e-05,0.21580982883924948,0.7841550628177578,,4.905929242386792e-08,7.589846251528164,7.263920267558684e-06,0.00023814211525995864,metal,metal,pinhole
3.7448684492734506e-07,69155.69782789328,0.05265077878200775,22619.94520045354,4.248016771019675e-17,70286.85790822447,0.1620902777511868,33782.38398151586,0.002108004108683707,4.186765328185118e-06,4757459.5461790925,0.04992486631199283,0.0613930890657868,0.026336489419624645,0.4407682812501584,73.49104383046505,0.00016840208522969372,3.7141340883988586e-10,9.109801532852156e+28,22701.283953154976,762702844411262.5,25539.136510748685,5.211367800686839e+16,45495.90323084478,2.1573785730452526e+27,29688.463456790534,3.4735032613252574e+25,1064.106017361622,7.765188183469742e-07,42557.59304617539,8.059740660644846e-07,18222.067592876163,7.457711661066088e-05,98497.30197536605,0.0009873592756760485,7017.98730366535,6.069594511802092e-05,6.4093011654710604e-15,0.5786795279453919,1.994488254313141e-06,0.1245111342212799,0.8754868712904658,,2.678569076490541e-08,48.097798139515284,2.8702174934536407e-06,5.7825727624567284e-05,metal,metal,pinhole
3.0418739787958374e-07,76904.34697759141,0.008112686873340163,36102.247823598045,6.054342139012209e-17,70238.77445915925,0.3349919016490593,92034.82678252754,0.003137297204917877,4.7442023553351354e-07,8734773.673538478,0.00830702276158423,0.08666205518814392,0.05580976501684319,0.39575915869862793,26.592011405440754,4.6391120411596706e-05,5.104902144477187e-10,1.1483690584965533e+29,21482.332049166504,710669486161588.0,28057.190523948237,5.5076617614142744e+16,45323.22100253576,3.02135962104853e+27,31174.03746708909,1.6498630481809748e+27,1046.3480546115843,7.313389413942067e-06,68456.7889907286,9.327380039556728e-07,46099.37905134499,1.980507910505415e-05,82792.04935531635,0.0008334293814774526,10150.408229049668,5.552608389875831e-05,6.260994290193722e-13,0.5268264517006597,2.4731748104655654e-08,0.012444609405196061,0.9875553658630558,,1.33984174719282e-08,8490263.707603766,4.707755341096843e-05,8.448530487789883e-06,metal,metal,intact
4.0360194419418865e-07,72259.71602701498,0.011585033742090677,6246.763349367407,6.916341868849166e-17,70075.27742116353,0.34874398550854935,163261.12026718297,0.000844800861387047,8.164972148634879e-06,3482552.312169251,0.09432230830592625,0.08819976458656656,0.05366417959371597,0.48449647103667115,14.428636711980124,0.00032899185131074975,6.01765271443455e-10,1.118331394632556e+29,17204.75359067681,87512815171621.77,28523.674574410798,5794730806985798.0,40299.908000330586,7.716537425387081e+26,32136.566524921855,1.4579684092216963e+27,1186.7612235081276,8.221318302435519e-06,45128.385606819735,8.213003464152481e-07,14706.894453455554,0.0001262801116976414,82288.29086365434,0.0008390197100202094,35281.347871609476,0.00461196025776031,9.327934742057128e-10,0.5801935684296524,2.0521463035156946e-06,0.009772776197554981,0.9902251716561414,,1.8579961753463234e-07,3388351.1442966326,0.0035157837870456897,0.00109617647071462,metal,metal,intact
3.05732837832981e-07,70623.60099799934,0.07552023610476194,11128.991837905322,6.645611030724109e-17,70780.82171350489,0.23469056453343945,55055.61565411575,0.0022871993050793257,1.571140792889455e-06,5335418.809537774,0.07773267434542255,0.06800661264910808,0.00190846165972681,0.41247859616613497,63.181405273420474,1.14147342438624e-05,3.871302178862629e-10,9.32837994657991e+28,17934.34071081816,370522288215407.3,29708.7108301355,1.7957404147667052e+16,39365.52597423528,6.422182839727783e+27,27463.43940803687,6.894409244839975e+26,636.3924748064572,4.076286358869968e-06,59138.85499498874,8.814182061274331e-07,49047.62131133275,0.0001183666117562631,87284.10350031762,0.0007621118080879265,38544.564784437156,1.5391172861744845e-08,4.277370644651928e-18,0.114708329428281,5.1432984801821845e-09,0.36951561473230343,0.6304843801243981,,4.259856923741321e-12,13557.965178355822,5.089993692233967e-09,1.0301179169510879e-08,metal,mixed,mixed
4.255885850798067e-07,60080.73773894709,0.07465799492156602,3175.81161963711,6.074012045041921e-17,70965.89416289981,0.3226490670001483,162108.4647312794,0.0036184296019477744,5.357723831324448e-06,9575032.767198868,0.08502909307299208,0.06313332006180668,0.019348037957901933,0.17882240768252086,7.022867071399051,0.0002216365101263196,8.557872561299834e-10,1.1491367176790061e+29,20173.03861463989,396284358245523.75,27160.979360925397,1.0777210031876328e+16,47129.35916325194,5.885143177317292e+27,34964.19750218075,4.4353224833825485e+26,626.5133713977873,9.401953279297643e-06,53233.91871900608,6.772489169429782e-07,5672.514457844709,6.740100881279423e-05,73429.70591237457,9.083620861959547e-05,12343.371134689105,1.4754054453872775e-08,8.91042406139602e-19,0.6457488356599788,4.654268811139077e-09,0.04529424914549028,0.9547057462002411,,3.491837106517808e-12,91.90772683280757,4.2709192322852976e-10,1.4326962530644245e-08,metal,metal,pinhole
2.1010627607893033e-07,73205.31339511713,0.07382931172862123,8848.564282958872,5.3628473888460933e-17,69209.76917377645,0.2265910573219147,117499.0445212888,0.0024969194541681746,7.183972031558706e-06,1714074.0788136297,0.04024716571077803,0.02601240595206406,0.0025506870711026024,0.33065742571201723,27.789856658637017,0.00018331213416500843,6.158651306066889e-10,8.387352619899955e+28,24010.090007058636,645656486678458.8,26310.944649068824,2.8417523759035336e+16,44673.548354374565,2.6342214312799816e+27,20877.255941550866,8.048115356254622e+26,980.5812423325519,7.083564188867004e-06,55052.53574909354,6.723023031810993e-07,47226.256842010764,3.615106463217424e-05,94893.22580128383,0.0005447970381442798,12679.383621281257,5.263918960974464e-05,4.261609474592343e-13,0.25433942018568706,2.0443292991795117e-07,0.5466130134355986,0.4533867821314713,,4.0951416168083275e-09,245314.94979765377,4.503599463976202e-05,7.6031949699826245e-06,oxide,oxide,intact
2.019158986688855e-07,75769.08869733149,0.024732771924616887,42152.550778865014,2.160684955550308e-17,69889.06396359981,0.22170309852986136,155544.2256718929,0.0019329066191839986,6.872439269019452e-06,905325.0406642507,0.086914778729039,0.03459519420176382,0.019499208572957435,0.35093984837316156,76.02008113067123,0.00021163560783393843,5.618056706591531e-10,8.155093892502745e+28,15643.093727178628,428811733087563.9,27443.207437354027,1.1037069252884538e+16,47110.339361795035,9.190529368908602e+27,36060.16400749613,1.7551380006974455e+27,743.188459099363,6.823222160144756e-06,58156.59956485414,4.980766079275921e-07,22813.503245669086,6.150694765868497e-05,95138.85336065933,0.00037614529525455305,26282.635931320998,4.945835084932802e-09,2.1132860665337417e-16,0.1979783287183498,2.4799598993472195e-10,0.13827781074602616,0.861722189005978,,6.8763263626162746e-12,635750.4358064549,4.146511163823946e-09,7.993239211088561e-10,metal,metal,intact
9.167739524557944e-08,62207.857902177864,0.03188561043998229,24272.932845954914,7.612873161086104e-17,70860.96904766817,0.31282013341443843,31049.95781203673,0.0024751257048141054,6.450825818854063e-06,6337925.3105891,0.09250863059921252,0.030591863422277966,0.062349078009436294,0.056896624530016135,27.711094420473795,0.00016724406457600154,7.632281665735943e-10,8.319801836682301e+28,19278.259736695836,265212327916947.8,25474.033325265133,5.489362543310618e+16,39841.7867322559,4.718439066129559e+27,27967.038101115173,1.704162111428721e+27,707.1503588075489,6.906897893749765e-06,58431.271023232664,5.341468791715e-07,9050.44904494963,8.556389649527753e-05,84940.27282540908,0.0006326377481601156,31846.827164835828,3.435343829345805e-08,5.736135673203476e-17,0.5437376928498208,1.583573660851868e-09,0.4143292197097328,0.5856707787066934,,1.9906087646965873e-11,173031.70502264507,1.5229520427967328e-08,1.912391786549072e-08,metal,mixed,mixed
3.9569663692154517e-07,69215.26348771219,0.06205750918638651,43142.77710760149,3.1446723736204305e-17,69461.69459349108,0.14241282210763145,121107.55966913652,0.0022421782958328344,4.4113668608287676e-07,1183547.2855673903,0.02411628308667362,0.07176657033121082,0.022574079627469542,0.29364405434729507,7.446935283223966,0.00025013008922573915,9.7622621938718e-10,8.578571109653919e+28,18433.554494635806,769818279936972.6,25232.014900893824,5.880000912437197e+16,47305.39276538184,2.4200370783979906e+27,37981.29947884958,1.7484865255497543e+27,915.6478141741808,2.4274038475482793e-06,65215.156736509685,6.955356681525768e-07,19155.461809678676,2.5668346434268112e-05,72151.4185789752,0.0006468634218784507,33833.761097698836,1.3945649610532388e-05,3.7188042883995646e-14,0.3439276473474327,4.351407440852969e-07,0.13419218119638587,0.8658073836628701,,2.2272664357954775e-09,855675.0190925429,1.2099294516046339e-05,1.8463550944860493e-06,metal,metal,intact
2.3540581244811766e-07,63389.15529225409,0.015180717998168468,35784.76443912378,7.824077658488796e-18,70630.23290951172,0.3785698235157715,122129.5805221447,0.003354727790537976,8.70117831655264e-06,5208475.320034667,0.0965659912336032,0.09824975941368165,0.06311742549177095,0.04110152174395319,29.915029671242035,0.0002464990150473192,5.921564122016836e-10,9.507211719365497e+28,22843.354434065004,727214368748306.9,29724.007811087875,1.887066868586533e+16,46516.00732830605,1.518849575689938e+27,20249.373212839884,7.279407033966707e+26,823.949875580424,8.43252373980587e-06,69192.48926783171,4.91735745532536e-07,23262.85887581749,0.00010661453533663749,98297.85389730163,0.0006131289437409912,25934.01996242673,5.811130300263407e-07,1.6301523435394878e-15,0.4095780381772736,6.4280500590264934e-09,0.3598539497295482,0.6401460438424017,,7.490534747940515e-10,283286.1684403404,2.4348004317650616e-07,3.3763298684983453e-07,metal,mixed,mixed
1.351776111540074e-07,73174.36948429552,0.06193202200733226,40917.132726603995,4.319284291196263e-17,70640.93364708881,0.14940134538802732,21278.33648900822,0.002758300503690705,8.412496956046139e-06,8074385.533814902,0.06636527325327495,0.03211681182338173,0.06905841815474525,0.4460992069423975,59.93148879868507,0.00035202162518515847,7.197379494479864e-10,8.911493565831636e+28,17224.48170847021,420916158388829.8,28630.305138557163,3.8903996840099336e+16,42521.642874643694,4.058273607578629e+27,37623.80690303607,1.5762151314841697e+27,1117.8725528151485,1.2075614447788957e-06,55856.974259025585,6.897009097871205e-07,25004.515082691654,7.400227686245344e-05,73043.4711630379,2.410482681997337e-06,35166.911778719565,3.755285510970145e-05,4.4570534662714255e-15,0.6082422701130401,1.929187893061762e-08,0.15250551620249048,0.8474944645056307,,1.0680743149535884e-08,83.4678017335658,1.2492376033421774e-06,3.630361750635927e-05,metal,metal,pinhole
1.391979112026923e-07,75847.4201677413,0.07319418577286392,14195.604083616778,2.164949251628629e-17,70665.82139159285,0.2164072537568858,78179.24489093682,0.0036457165680242676,1.4493795418981432e-06,6297323.490696516,0.06347721505878026,0.038730000493903,0.07739371822226196,0.45633175291418926,33.82499086823123,7.974820498964159e-05,8.218036339206549e-10,1.1721763587694355e+29,20551.722648143557,116023261720544.05,27821.4288445011,3.0155807066382376e+16,46740.04548567243,4.771554894919247e+27,28616.886670983986,1.601169013369727e+27,683.8111108089115,1.8087820686147887e-06,69845.86585414098,9.473000203408416e-07,38021.05124187344,5.60692876505851e-05,84226.93984936921,0.0008877366347606648,12122.12629616163,1.4119762001017413e-08,7.133824224661534e-18,0.2607614670765474,3.2108984468769784e-09,0.4762013710336259,0.5237986257554755,,2.5172063256610722e-12,323131.8225723037,7.8386451453772e-09,6.281116855640212e-09,metal,mixed,mixed
1.0213352132886545e-08,69680.45123301515,0.013835155935204884,27305.130763850833,1.0303543356944885e-17,70651.80242671951,0.19533635204927388,44488.74506436914,0.0022113093129373313,6.637292370847519e-06,5363129.891824985,0.09796601903410088,0.07312462796394795,0.018466891113158874,0.17615977152667536,17.990958278303257,0.00019288129191914,8.43345729414606e-10,9.478145718183593e+28,17147.48238806181,259526859495818.88,29274.689694699242,5.530825044085808e+16,46681.61006453233,1.1290709858673707e+27,25901.48318211548,1.1530240039168787e+27,924.4113292682523,6.193290629711101e-06,64304.33269258794,5.572412275526972e-07,45776.6963736436,1.4093940269842736e-06,76817.65261667264,0.0005426105212503062,5183.303718062388,2.8515743055251926e-07,5.4212200498764245e-16,0.3242146817041846,9.52287256046487e-08,0.4639805329826527,0.5360193717886216,,1.7108513814789452e-10,126870.05689145166,1.2979102561845754e-07,1.5536640493406172e-07,metal,mixed,mixed
1.5952794353218757e-07,70459.35574383868,0.0943680781397446,25995.154225959068,2.070179303386233e-17,69315.71720021397,0.14293667001113075,20317.38035892877,0.00433240960226206,3.197937589409109e-06,9768982.58399854,0.04414051299793571,0.04478337575174664,0.012073189218378967,0.09225863537065146,28.652354995080497,0.00022229964960703667,5.279867850040126e-10,9.195508619601485e+28,16001.751231401304,800918700035630.0,26973.213585773727,1.9405611448982936e+16,42343.334521358076,2.318983955339917e+27,35046.22303156541,2.2036870277036178e+26,644.5858474852004,3.993991624672221e-06,56212.16054840876,8.557153961894618e-07,28487.07034018329,0.00011770719438666914,85333.99259917518,2.4013099522210543e-05,7215.272108812284,3.2624029125679853e-09,1.460358678178775e-18,0.3680582470884276,1.6009231001496312e-10,0.48152668294726675,0.518473316892641,,4.494452868178367e-12,19093.108787659497,1.2264587303288877e-09,2.0359441822390976e-09,metal,mixed,mixed
3.591262018067607e-08,70415.97700920401,0.008383807352657547,33817.80715902899,5.294940453816744e-17,69444.91065749961,0.34565463261815765,92597.27120340767,0.0005394649709889438,2.510375099255151e-06,6473211.2203306155,0.09572773255035576,0.007690344265755648,0.023154143630616283,0.3143096661747131,63.31623300802054,0.00017010100760824748,7.128255517235178e-10,9.313358858175345e+28,18301.216181568197,528062288410808.4,27832.0842032963,2.054450187068046e+16,36446.028307998364,6.943684233434241e+27,33266.1651597901,1.554113572541415e+27,1044.5463649992125,7.579369542975548e-08,46138.12521814518,7.683724539597793e-07,16412.780941294463,5.7732553798214733e-05,94728.88488190783,0.0005704094220408324,28618.08016077935,3.460156593264816e-05,5.091357436995461e-13,0.6139012621299168,1.1128043271303167e-06,0.05410101139889932,0.9458978757967733,,1.6360657326672372e-09,5674748.11984814,2.997159695558881e-05,4.629968977059349e-06,metal,metal,intact
2.2896572764707094e-07,68818.677868763,0.09531327764592186,33233.68193287055,5.798323118814012e-17,69093.0313588554,0.34617296376482926,74841.61227424315,0.002623222746296924,7.679055404252876e-07,2378042.6115438608,0.04656654397374632,0.01836151268607239,0.09630872374326375,0.17328874160761235,6.045818143449658,1.9570968821950278e-05,5.878674237564002e-10,9.013663144248277e+28,23655.60092917675,314606400761846.7,28210.965361368984,4.612235364814409e+16,39579.72178435575,1.4736396644649695e+27,21947.711951850266,1.8244717012186972e+27,616.7042171726011,2.764434858562712e-07,59249.68024325413,4.6585598120183535e-07,11568.501776300829,8.263243148096687e-06,91424.51050377758,0.0009807887728199387,36107.97623318033,4.549393650124021e-09,1.9175505320373e-18,0.34337840862739866,2.5442480781666016e-08,0.5767646871979056,0.42323528735961363,,7.547388148586604e-12,81037.29991624545,2.633805283350113e-09,1.9155883667739083e-09,oxide,mixed,mixed
1.6130334653647357e-07,68167.42867901294,0.059879608296354116,3058.370580873929,6.148299762867764e-17,70142.0910509996,0.31992394092533466,127765.99405646932,0.003948421278937089,7.914117629790525e-06,2955550.826014447,0.010335072242138223,0.01962352271973521,0.05525744719743141,0.1405900043290743,16.786101111417018,7.612826823896057e-05,9.097730824213099e-10,1.0778416767802975e+29,20189.977015418088,35675109502015.19,29060.19551217671,6421383362883550.0,44609.45624042628,3.826594092929703e+26,39591.75534390456,4.664204043995954e+26,679.8422056928287,2.8870477207231175e-06,42341.34733896987,5.496068642075344e-07,13642.113399008345,2.007929692062269e-05,85260.77336443725,8.407567520629571e-05,18081.350430557628,2.208625997861112e-08,2.807999604046198e-17,0.3872880153181262,4.89365699845052e-08,0.49684795111327695,0.5031519999501529,,4.992972442867941e-11,103.69999245779715,5.546989047931935e-09,1.6539270930679185e-08,metal,mixed,mixed
1.2529243370056837e-07,72553.24831492163,0.06508811772875846,44516.97141164488,3.092637384375401e-17,70169.3797032575,0.15836665987244755,88213.32486030452,0.004581115038107767,3.854662116382956e-06,7852862.701847417,0.0507988639679534,0.07517987806839752,0.055922209814562696,0.31691185119157117,49.00847360807788,0.0003598845619518372,4.947065035208437e-10,9.072190071028828e+28,16063.032858908493,189326501700071.44,25829.73576468003,2.3032042995369584e+16,41059.736710355704,3.8053668031249195e+27,31983.6696640872,1.7583192152604655e+26,958.227355009552,2.824744839900883e-06,42233.9228547836,8.945841409853246e-07,15152.38572169283,3.228736130686411e-05,92456.96942690125,0.0005455349242619797,27181.200500434912,1.1879953974589063e-05,2.2334799078433223e-14,0.6422649271628587,2.948959325720206e-08,0.44566822188743693,0.55433174862297,,2.0847280807929844e-09,1232728.4197927038,8.02479838452232e-06,3.855155590066743e-06,metal,mixed,mixed
1.835586676304747e-07,66156.04577632727,0.08144244110405428,13384.298213490873,6.085812569075471e-17,70191.55711091982,0.3550003311070703,160034.99001200567,0.0006962494144498295,8.106696752212112e-06,6955375.648165857,0.023253012526854362,0.06695488207104451,0.015366199566587956,0.04530295743517853,99.76353889037479,1.3222682903466916e-05,4.806972719336743e-10,1.1688360863718346e+29,18394.852532545934,19257473349317.45,29125.64679614136,2.0780247416949732e+16,37422.45115142009,1.5377627423763313e+27,23136.38991370772,8.309802171948356e+26,953.8548718988792,3.6149174447545006e-06,61677.766005400255,1.5352819772647445e-07,12248.181347368296,0.00011845216913439907,70988.1168546171,8.182759813712258e-05,30132.39298077587,0.0009858374166091552,3.921068865419138e-12,0.4287825657081613,1.237858782040074e-06,0.5055728677664999,0.49442589437471807,,1.1262559809227835e-08,844024.7793646266,0.0007466895632121941,0.00023914785339696105,oxide,oxide,intact
4.214815721188452e-07,71294.34543378375,0.03037027152106104,37013.70539815588,3.060815884532583e-17,70151.96282064074,0.22122050894567474,153636.3672912811,0.001703489702621508,6.501948108271592e-07,2494296.0274345605,0.022538268400867586,0.07184831281977083,0.09967944815598732,0.33119766641179177,55.72201950523794,0.0002055035372340814,3.6988676129475727e-10,8.39744561511627e+28,16155.657449506132,393360086314690.7,27183.78906015946,2.4108007845616616e+16,35121.17684572013,9.95501731970936e+27,27901.951583391525,8.678564992136861e+26,857.6325014078436,7.214531430505557e-06,55719.28285537334,6.979348355949237e-07,9147.04145222016,3.7055369973543626e-05,92496.01305252814,5.295816818431203e-05,27618.97500431281,6.680312561557442e-06,3.6980992261680916e-14,0.49367134785302397,3.615083624534748e-08,0.060154227431403556,0.9398457364177601,,1.191213269072873e-09,2143068.3035422256,5.313905898015017e-06,1.366406663542425e-06,metal,metal,intact
3.178210434456091e-07,69516.99222373022,0.02915621309850611,37488.41971621509,1.3870235697043433e-17,69856.6147454384,0.24162102093738902,69277.33204911128,0.0018790714714315003,7.497022969441855e-06,8320095.7729613185,0.04536491389159133,0.060530516873703095,0.0030609637242165408,0.4220229030263971,60.17145643904191,0.00048528852176562474,5.189965499447061e-10,8.29605877355462e+28,17255.29833888962,597699685901976.5,27175.047375656308,2.1936416106525772e+16,39935.31267859712,4.8241093673329424e+27,24956.583635599,1.6983366332936723e+27,792.8981995089516,7.030106340763108e-07,53081.52922107375,2.4672487838633113e-07,13004.301250302866,4.319046930915255e-05,70097.55346887476,0.0004984338581931376,28673.297963294634,1.3877577719504295e-07,1.4393596391574682e-16,0.46384247328760425,1.3741233028317657e-08,0.392682859354371,0.6073171269043959,,2.911444442145478e-10,7713.689806696748,4.784851053061875e-08,9.09272666644242e-08,metal,mixed,mixed
2.9291760150994294e-07,70785.43033155466,0.030868021528923425,14805.959834318726,8.611489116590604e-19,70926.00205427723,0.3187966389864003,60530.67251917938,0.004265393464615779,9.208024663381059e-06,1027727.7141967406,0.015479488046556227,0.009069657732553449,0.028750586419310192,0.12932634749341065,82.09774030173821,0.00022650866725056052,7.58397496086048e-10,1.078723267324365e+29,23129.076181048786,610037496904321.2,26173.445545407434,1.3365288360317232e+16,42144.41646166924,6.331312193111242e+27,29216.973373512374,4.7569650916558754e+26,574.4755239988954,8.650364984659417e-06,65423.881248883044,4.4258934395205714e-07,31726.54801707063,7.425865207256818e-05,81631.68181834134,0.0001939349026469616,17211.576794143395,7.871677287463963e-12,4.882988790379628e-21,0.07312876682351929,2.5479089670617025e-10,0.19989306662362064,0.8001069331215884,,2.8176490098808027e-13,1.8564525803211893,5.082623730649554e-13,7.363414914399007e-12,metal,metal,pinhole
1.2428384546542935e-07,67117.94565344272,0.09608051341780106,31882.485240399375,1.9981058843592868e-17,70904.41293200427,0.3982364903223402,33561.793714255116,0.004174482435457188,6.080453994480959e-06,9533132.923481375,0.03234683177826532,0.0888748765212122,0.08490271487173946,0.027134414779678213,16.192377984463203,0.00017968324332252885,4.046531520468384e-10,1.0842410529601419e+29,20520.15216529691,392075985345159.6,29627.7262995344,3.158617185800374e+16,49311.770301131786,5.694493099623536e+26,23024.833178416382,1.908541725971257e+27,1032.9297078080542,8.52645793488788e-06,61919.91117459387,5.713452113873832e-07,22416.574184308225,0.00011109370371500316,80033.11234248272,0.00018348515456063542,26672.171053004215,2.9410829094849424e-05,5.3231590139636155e-15,0.5921827991752496,1.1101303435796836e-07,0.389820140955684,0.6101797480312818,,1.2747288233026881e-08,266.293669676203,2.13454362757589e-06,2.7276285467273532e-05,metal,mixed,mixed
8.382794155131187e-08,76381.20045202249,0.02941419540067319,27190.23874582914,5.744034146475278e-17,70675.80785810569,0.16009637088633133,40955.99061934913,0.0010207802264004732,2.0366287057407663e-06,3108433.323548988,0.09970011816387356,0.06387658625263684,0.07590660693709195,0.33408125347415024,53.70596799435652,0.00019608867420150227,6.594234418613263e-10,8.404121854745236e+28,19267.65190202981,292821951632152.1,26543.27888650892,3.392203151151383e+16,43091.64886012039,9.921608942766121e+26,38326.12375950154,4.307220252191521e+26,777.7353285079722,7.200100347251811e-06,61748.69754582176,2.392892007590739e-07,8868.091145678773,0.00012218554797934983,85384.31229798205,0.0002484506116940134,15584.508229028657,2.657745610812317e-07,1.3499955625642148e-16,0.37633873945879964,6.5910481648321215e-09,0.3517671211284369,0.6482328722805148,,9.339326372716909e-11,32493.04293519137,7.981014477021216e-08,1.8596441631101952e-07,metal,mixed,mixed
1.9989159429719242e-08,70554.08526573642,0.003358599276683697,26606.455518441,4.40373317992558e-17,69041.68365755351,0.37855814655676995,36175.046601571274,0.0024096296695256614,7.296579647096882e-06,6407438.83110946,0.06157549774131166,0.09249238597585535,0.037616396198643036,0.3631565598593308,50.85723238427201,3.931134112179221e-05,4.921960260949572e-10,1.1639655362968556e+29,23676.02462808971,176004904201297.2,27413.408492350412,4.74064566940192e+16,40576.460833847785,5.585434652165665e+27,29078.55228470296,1.9659956089563693e+27,767.8413508500582,3.0351079315749533e-06,54217.98835105973,7.040556693522475e-07,7038.64077601754,0.00010559806994669633,74649.47447741804,0.00026538022360394266,28936.97714611625,7.273438964206763e-09,1.6641677143161303e-16,0.613680097671233,8.301625007826326e-11,0.10031484334852006,0.8996851565684638,,1.0828816444862573e-11,4953951.847624142,5.7571619271612e-09,1.5162770370455624e-09,metal,metal,intact
2.1132647667492943e-07,76529.34824574136,0.07056909343230824,41917.96924881899,7.186808540011137e-17,70818.2504518024,0.23581463613942177,105098.21536179606,0.0009313899496109077,9.064051260702916e-07,1937026.2957644595,0.019143908321933897,0.09200154113852636,0.00827928997446041,0.18810715546766296,41.88588728018353,0.0002609741936822183,3.619748876704158e-10,9.422696104716505e+28,15543.83832951933,797407152760827.1,25390.145848818225,1.8743836572205944e+16,48109.158899571485,5.135569962613041e+27,34660.67218480426,5.313885410990219e+26,696.5288630250141,5.297304981373758e-06,47411.14608351272,2.0365424374340295e-07,46655.95019185576,0.00010423222571958762,92387.8207464446,0.000527726228349382,30506.991359364136,1.2689000014459526e-08,4.877745430035592e-17,0.059265670642366354,1.3201521311084993e-10,0.14657965434001613,0.8534203455279687,,3.1892138997786364e-12,1349437.041450366,1.0958278931066934e-08,1.7307210833925918e-09,metal,metal,intact
1.7704882314386188e-07,63886.06416387519,0.027995290177888738,40637.947950899,7.640350421470707e-18,69539.67114141992,0.08979629164454743,154939.5877595402,0.0012184511934529734,7.927793710127256e-06,423516.2268724921,0.018921196805043974,0.022894838986042235,0.0512191941996033,0.13367552982150366,19.40001575188443,7.394770518794451e-05,8.896077234831746e-10,8.525722143283652e+28,15795.816222929892,802665762928482.8,26979.442158525722,9286873159138464.0,35960.02347657787,7.429971417361486e+27,21346.80774208509,4.7246629454260905e+26,1171.50845862186,6.43064833390446e-06,65751.49463676506,5.418042980457341e-07,43141.13436214927,8.178923941125606e-06,85446.83396137945,0.00039014615168516396,29646.511751148304,0.0003019348835206654,1.7359604233757877e-11,0.20543756614998276,1.928362284447585e-06,0.18125826984447774,0.8187398017932379,,2.954922338816481e-08,269194.5188875829,0.00026801308656773437,3.392179695293102e-05,metal,metal,intact
3.035765840785086e-07,69281.52503128693,0.025758970776814293,45079.578056932885,7.34441975716813e-17,69195.77218687063,0.330315866049578,143595.00166313752,0.00305332702597977,3.065734009413136e-06,9935398.434359819,0.01756067022950657,0.06606432954382907,0.08790029782991353,0.3321832691141655,25.903165636614325,0.0004984842403672632,7.110897664601559e-10,9.653749445166251e+28,15593.143501131837,208972115656238.5,27703.8646677018,2.160943504765013e+16,44232.828738060234,2.832718583640398e+26,29649.599129869268,6.203193060446011e+26,1087.7837464238155,6.063924490385764e-06,59854.821067340985,6.343573723355755e-07,34504.07586657653,8.575119314744641e-05,95657.84768788025,0.0006529743384430732,13639.11248550648,0.0012496712237226736,4.6359828888716303e-11,0.5722189365852156,3.3105244386100275e-07,0.02142034604426322,0.9785793229032931,,8.33773306581669e-08,9432391.4938007,0.0010314639072989203,0.0002182073164237533,metal,metal,intact
3.447281107397785e-07,75092.69371228735,0.05150336676947443,48239.65525100732,3.3500623925717997e-17,69768.93746705365,0.2817454411523145,89649.25360284909,0.002053703051204715,9.83643361952764e-07,2753281.4718052233,0.03760081433856064,0.08803100070571111,0.06886278443027907,0.39453880469815855,62.18350702467765,0.0003268160605759925,3.259280764339887e-10,1.0614352409777272e+29,17261.812502555516,223688039510744.1,26622.319326107143,5.1311592189831816e+16,48439.3851051603,8.859052418435276e+27,22670.23560913139,2.763092677303435e+26,1034.2778054907913,3.47762991880223e-06,53027.20115256292,4.4333011469728173e-08,23113.585019355214,8.955240151406463e-05,93946.49839004398,0.0005437511161037411,5690.580361632127,5.5585096452607535e-05,1.9769434390195702e-13,0.1766569367350761,5.123482823863108e-08,0.1332321395308919,0.8667678092342799,,3.6765545107877565e-09,1935809.1792117236,4.347924887995136e-05,1.2105847572656177e-05,metal,metal,intact
3.1702801818552715e-07,63107.245869800005,0.05367929464534933,31623.31229720244,1.8592316978687035e-17,69735.33015488,0.17156094398109434,94422.80895916671,0.0021384106275617702,7.876122669436451e-06,2948597.2878350923,0.0664210399676044,0.07738237077412309,0.09008702570268541,0.1906474361383189,62.11911728317953,0.0002789559022669368,7.241488814995543e-10,8.031237444621915e+28,19486.971413504925,105046014144210.92,26754.298219552828,5.746140551312551e+16,49743.88421876015,2.0223830438200404e+27,28556.044426379427,5.549394964872468e+26,1111.7444909629037,5.674773097274974e-06,53268.213939742054,6.137188436110172e-07,26463.73613585566,5.075506657650126e-05,96578.41890890179,0.0003986596569610991,27348.06018522608,0.00018849368139640423,3.403992168777334e-13,0.46146790298544993,5.575888118276197e-07,0.3756463666094453,0.6243530758017428,,2.5710204740863914e-08,20697.114061239845,5.2107433550038245e-05,0.000136386247846366,metal,mixed,mixed
3.308966469780487e-07,75936.51792538584,0.002615625399965471,12991.879657790523,7.419190273585744e-17,70847.82554753585,0.18783342424419613,163504.77333882035,0.002982654419027099,2.246936294163237e-06,1052146.9588747227,0.07879409726573502,0.017969746737214146,0.09044322878931695,0.4445768767945241,52.0834232053765,0.00014382654593055763,9.657980479551306e-10,1.1419104384055358e+29,21994.82652418313,301121862864465.2,27709.57279138844,4.443759772937822e+16,35723.22802808026,3.3115772909724335e+27,22682.173650787496,8.662483625222154e+25,1179.8651276756123,3.08512063475117e-06,66028.87403818993,8.601956171695438e-07,13135.2281878094,4.12516268509784e-05,77568.73881241617,0.0007243986866522017,13747.618044887902,0.00010220993223763027,2.2404248132561441e-10,0.4420116512856332,6.052508786373054e-07,0.00020271009471840696,0.9997966846544031,,1.1912202406548595e-07,1050960.2028503118,8.307126246075837e-05,1.9138669776871896e-05,metal,metal,intact
6.2062632293073e-08,75441.96493015104,0.057153030673809134,45909.798760943726,1.0975326743784258e-17,69376.32946179216,0.2985068942131909,59407.285528022396,0.0014291112987324175,6.673958280872503e-06,1589840.894639749,0.005350728057866454,0.047294660037374606,0.07307308031457417,0.19563410257651265,93.54650473374494,0.0003725182813320532,8.159931687881807e-10,1.1674509488482682e+29,16397.19245200576,509759700925085.56,28620.533431921132,8252196321044533.0,46230.45485231333,1.5766403486454858e+27,21230.813969532897,5.350220669883248e+26,1030.2666610274312,3.2148768066389164e-06,55785.10886752756,7.034882983048127e-08,49665.16181682226,6.762699569260693e-05,83216.04714352569,0.0008179243821692494,7617.0522518656635,6.4641052349126126e-06,9.58517417293106e-15,0.10394840385926121,1.0711814769614602e-07,0.49704854696082007,0.5029513459210323,,3.837785177752564e-09,722.2774599953708,1.549640453699611e-06,4.914464781213002e-06,metal,mixed,mixed
1.3744299726112905e-07,64788.160401825706,0.048958576797865,24588.671099373005,5.2418363863523126e-17,69932.87079526042,0.17466821094444834,112692.06644212184,0.0036614865638835595,3.540608695836489e-06,9633749.73836149,0.039413018488821165,0.00720929346795352,0.03591207093116375,0.019116829661484876,33.09760867880249,0.00020903346664921584,5.03796409811062e-10,1.1734478527005275e+29,18418.912294410315,745483091696492.6,27518.618396840466,4.326063116951976e+16,43907.601892398685,9.706610888696843e+27,32089.88864401658,1.1172221465183691e+27,726.5890378327124,7.150523724068696e-06,51949.86499140644,4.843185014700789e-07,20872.47333362021,0.00010836550588550444,94944.25487153135,0.00029672548245065176,37547.080978611535,5.556411149388237e-08,1.015854768942283e-16,0.4541150689799627,1.882851206269867e-10,0.47269298268650445,0.5273070171252104,,1.454957650506547e-11,1823594.8071738859,4.6190572532868615e-08,9.373538961013757e-09,metal,oxide,intact
1.9238091681681478e-07,76563.64914973303,0.03942457514950171,33294.627533082894,2.0620219085485598e-17,70299.22396172705,0.3285457928371932,100362.7558940269,0.0017382583158955666,1.3744231999437708e-06,7956042.198800948,0.07930528085795575,0.00557046641269627,0.01869845832948767,0.049979412538657376,42.24141834872476,4.706676478340258e-05,4.5165658480416065e-10,8.500785177209245e+28,22019.27952254966,236519204847166.34,27717.95549399636,1.133442033825625e+16,41691.047244522284,6.462848549466424e+27,34191.05733639074,1.0933235945785456e+27,987.2588191936343,8.822798435035177e-06,44688.22638667373,7.433503056217099e-07,16046.16333002112,1.1123098445592024e-05,96349.49817776965,0.00035842645405213043,6210.368999067005,5.30275149912355e-05,1.1122730191908731e-13,0.6238144898382191,7.469635844852332e-08,0.19612811578340245,0.8038718095202392,,2.2701547434143035e-09,4778450.912208501,4.616345811275087e-05,6.86405687848463e-06,metal,metal,intact
1.3998699470943816e-07,76157.51729765162,0.09631822621754728,19673.14882089949,7.19299545517872e-17,69688.52161685438,0.37264282008189475,156900.57099497048,0.0010757054474632198,8.590337006942166e-06,1729200.4005255415,0.06462317863270522,0.03975360492353132,0.09221746955216166,0.41782233759353443,60.3099718192353,0.0004232547244613222,9.987207247067964e-10,1.0750348808519509e+29,19114.432859860794,740596051205426.0,29469.081035854106,456635475877263.1,45986.3729308702,1.4707342526354705e+27,33682.26025250694,6.973565213230886e+26,730.1103242245409,7.2970889489293045e-06,63559.67664792838,6.989284237216598e-07,24780.448934461583,2.6759828170935383e-05,97855.6504009754,0.0006593093274470882,11450.366186794565,2.179275341105262e-07,6.361446349261558e-16,0.26342841876937045,1.9082005816091168e-07,0.3740846234179363,0.6259151857620054,,3.038559685832675e-11,14439.508230374448,7.114313402849388e-08,1.467844000820323e-07,metal,mixed,mixed
2.784579926233643e-07,64396.45295854388,0.020866346225874795,22430.79329369946,2.609212683134538e-17,69777.79133842528,0.11417782864821382,51211.75073266431,0.0036812030670121177,6.553408274716748e-06,533915.256981873,0.0020912493262759363,0.08193048938937028,0.020674511782302875,0.3354713499656652,49.72228088009754,0.00028665795051979954,5.449405537356952e-10,1.180526351306561e+29,24588.91228613611,247775723303668.2,27329.61060194899,4.363056322195997e+16,44951.46178202793,5.931088994141193e+27,23570.303844522765,1.3429574655083614e+27,712.6404835248753,4.644009055651723e-06,52486.57984552093,5.746394080217302e-08,35160.928909273905,2.970365634944227e-05,77524.99822915086,0.0005460637087268748,29391.151676845588,1.5988457364647318e-09,9.918002356229424e-18,0.03209584894190989,6.374850276658938e-10,0.771360711247092,0.22863928811542308,,2.965659536283897e-11,936.2172020568194,9.486797144652504e-10,6.501660219994813e-10,oxide,mixed,mixed
3.1451507045501096e-07,73228.87977253938,0.04750715452339711,23663.224044678023,3.032846508578018e-17,70523.05319686033,0.14408088507518438,53315.67204751309,0.004071011217085606,4.194059514658299e-06,2721308.423613561,0.007788536355970935,0.09915979308271589,0.09176566640325726,0.1458891514685364,11.716865757487291,0.00033614903501895583,7.84568067127395e-10,9.078862542202231e+28,20119.09551590775,34934493312271.113,28546.053082692466,1.5199157508745492e+16,47886.197704513586,8.915878422256768e+27,37578.013102978366,2.6465588219557267e+26,649.8844630439861,7.746610102454876e-06,58942.577742952766,2.0963059660100262e-07,27795.229558407533,1.9093335635776826e-05,88290.44882495078,0.0004911405746101278,11784.223487126825,7.509778688568331e-10,1.9878755211321454e-18,0.13909281616365868,9.192693772100081e-11,0.5090596981353492,0.49094030177272396,,7.867813713989284e-13,223812.5462005754,4.470258264499514e-10,3.039520424068817e-10,oxide,mixed,mixed
3.357449610466369e-07,75832.95774498346,0.01879738234472557,8897.02271893608,1.477435212529808e-17,69846.92746347186,0.22047350135885946,102274.95359043292,0.004453118793281904,3.318775730815499e-06,4210473.499773325,0.05274213677244429,0.08477906620857638,0.003752175078511463,0.3275141466857408,12.570413082735001,0.0002024018776849808,4.419897248747849e-10,9.557402809309723e+28,20385.076599964512,707597921833378.2,26089.382802453943,5.9978277216670264e+16,37740.602053943156,1.635760178119964e+27,34126.73789130358,6.505200213248933e+26,1083.1992625424732,9.907608354597155e-07,50269.707328121185,3.4352730569785575e-07,33930.16769003401,0.00011181015186923769,92997.09691117512,0.0003673361416541344,5450.400969486631,0.00017129237594682215,3.7314837329478645e-13,0.39119130048297146,3.181643175107533e-07,0.519653411347604,0.4803462704880787,,5.273033121511629e-08,549398.3478876201,0.00012654567868014308,4.474669726667907e-05,oxide,oxide,intact
1.381500823120045e-07,64085.35548629209,0.0958450565419744,31284.123597931823,7.789423501619213e-17,69038.37408749711,0.33306649066054034,160708.49438222765,0.004511353209586403,8.121519182638933e-06,3160443.952649762,0.003595653638494949,0.0168486679640441,0.040617922867747513,0.16612729781308996,7.220305977924185,0.00045826177947915555,6.136728072084097e-10,9.278704934940162e+28,17698.000544079514,112190319044225.47,28446.596019679127,5.859083619620943e+16,47634.6688538433,1.239202285121488e+27,21552.446865292346,1.3566273818811143e+27,1003.7864593158589,4.9636771227945875e-06,50667.899887207976,8.115375196215704e-07,31822.374856216968,5.138919003061307e-05,76553.71691258858,0.0007437190422205035,35199.20122492148,0.00012539660523556252,1.8421852361133723e-11,0.4362038316315093,1.4618983391847395e-07,0.027730702087220727,0.9722691517229455,,6.687192710711601e-09,2977171.238282565,0.00011755388355178057,7.842721683781946e-06,metal,metal,intact
1.9429185826979833e-07,66093.60317093518,0.03377769362474078,7708.63048696963,4.0819347123920255e-17,70730.050801518,0.35609367583816615,70926.35032753051,0.0018071419176065716,6.375892159693022e-06,9696764.926134236,0.02925030280606594,0.043232398055602896,0.07586647530625132,0.3290175502087539,79.41640843845539,0.00014799573333163307,5.681890428835365e-10,8.350520988877824e+28,21359.934799343337,406758286297480.94,25144.144577370753,4287040698162308.5,49396.09654447463,3.7995802592140937e+27,31701.450309926753,1.0211469329815232e+27,1200.6783231872164,6.7369062644637265e-06,44561.534965193365,8.311452168300014e-07,38596.9159773389,8.945608066943107e-05,83184.86414689195,0.00033813051967413203,24255.616676671096,0.00045964770149198536,9.86229038858362e-13,0.6318840579020163,9.169528766432893e-08,0.508528648921777,0.49147125938293534,,2.2345295665144107e-08,724249.4968263714,0.00029847534991265173,0.00016117235157933363,oxide,mixed,mixed
7.955262184216979e-08,60538.28597613121,0.09300847954304735,1220.6312721382142,4.244975274878048e-18,69438.80031054573,0.24046365654696605,33060.268807900036,0.0006985777743025436,6.597862989397048e-06,101007.78001387326,0.05107591005902424,0.09904874334591503,0.022244148914858358,0.18543909645834453,12.720340166731061,2.5229712645794747e-05,5.743782312019799e-10,1.0564897255637224e+29,24277.15827336986,725476115072725.1,28979.34088026357,4.465190861132881e+16,35525.146562711285,6.134634967141896e+27,32193.29318827078,1.3414913629598365e+27,852.8835252910817,8.807559779277404e-06,59182.30946654422,5.147126259322221e-07,31224.619602675662,3.668748290537987e-05,74446.8178316068,0.0007914955586251904,9309.732605979949,1.1376274829418035e-06,4.8627408303004706e-17,0.07425558382318702,5.4799934747302964e-06,0.0033832932963868715,0.9966112267101385,,5.5313396156885e-10,0.00112251644808963,1.93841476456057e-09,1.135689068177243e-06,metal,metal,pinhole
1.952274242080309e-08,63523.79869487322,0.05802313164764599,37846.38879937026,4.858838715840641e-17,69827.47678327387,0.25405810484896596,126689.0274756623,0.0032344321667291637,3.4487782419488837e-06,1034427.9813655271,0.07015704891836276,0.04764236297974228,0.09860915648061996,0.4037379745810141,93.7977348077008,0.00032119617176358105,3.967072011500588e-10,9.039373711182837e+28,20197.019448245745,243593324466801.62,28617.607715163842,3.633028756156856e+16,40637.861222699765,3.325142974812428e+27,28781.45919727826,9.276724850539965e+26,1223.2018834365924,4.090731427398951e-07,49649.91300208365,5.845757727357945e-07,44640.275574048195,5.2075782501554464e-05,88451.61325383846,0.0002256815380443711,8961.112651506372,0.00011192136321912877,7.16518958476424e-11,0.31150722140722065,1.703275436651058e-06,0.003401863672845502,0.9965964330517179,,6.156732717307392e-09,1023781.3916235184,8.762206921967864e-05,2.429929399945013e-05,metal,metal,intact
4.6150321807225846e-08,65821.00037641804,0.04184494781591974,1796.653975026649,2.3818809748615578e-17,69514.33811549826,0.22369611615967788,68398.43419856133,0.0025744843493236613,5.016789645325039e-06,5829459.278613002,0.07126707890423312,0.06599877753630021,0.01885630519770933,0.35562901347063824,98.22262089952801,0.00029875806337514556,8.742184913407171e-10,9.247346375116523e+28,19001.97288308717,338289166686566.25,27662.28147941564,5.749315148820225e+16,38597.9350237466,3.6233834523841004e+27,20152.999278615556,1.5928718862845492e+27,635.7254268781669,9.25580731873503e-06,43326.120653663726,7.389185760906989e-07,47925.689429660604,7.546833464986167e-05,96840.8417238291,6.72594281713836e-05,8264.085175724627,5.826774567436318e-09,1.2558452169866574e-18,0.11632311665433441,6.587761692677374e-09,0.15663499233206307,0.8433650010801753,,1.947917888583912e-12,495.84887424990455,5.053448509309387e-10,5.321429716505379e-09,metal,metal,pinhole
8.436435520679915e-08,61912.47486169728,0.09147390627818339,9278.563681956959,4.384863216413707e-17,69455.46102930805,0.1766720742010164,141010.6817529209,0.0022393208128476836,1.3416443170284757e-06,6729816.488762915,0.019403658446082023,0.06223389354204476,0.09707095612627713,0.47247113824800174,92.73436066479141,0.00017424278455156354,9.636000682986933e-10,8.219359209142542e+28,21115.65442733515,127844465970333.83,27528.112892451107,5.305746163258828e+16,46658.23982290154,4.6441465116565134e+26,39613.76735323039,1.5728029418718155e+27,1254.8363458776246,4.458839671839938e-06,51292.871439819166,8.162855100035613e-07,20175.402914741182,8.1138824255691e-05,70536.71581842219,0.0006296748000739152,7091.2089217937155,0.004508781377528708,2.707772411483082e-10,0.6526114775212678,1.481749408672781e-06,0.006828050180443628,0.9931704680701481,,4.194067038439393e-08,6597134.242603011,0.0036986723396233573,0.0008101090379053506,metal,metal,intact
4.1073771923545404e-08,77922.81773219048,0.0900318413848352,7892.667596942733,2.1076478412609754e-17,69453.40705668036,0.13229300089024934,135905.09963085852,0.002769946540246708,4.997388327811203e-06,5239478.0501836715,0.020978032321275417,0.06159989962286275,0.08635889568250696,0.44365212968886575,31.688611457450868,6.06525293764612e-05,3.310263600934809e-10,1.0928317632977192e+29,16530.81447212891,629078957196212.9,26198.022444911294,1.3959448743965004e+16,35297.14811668782,1.5853703807207948e+27,34780.190467112276,1.429048606106795e+27,656.9586161186915,5.374054941038014e-06,58089.46270952573,2.1334398750287657e-07,45139.54471761962,0.00011013843057761665,94629.35359444644,0.0002074209757866696,35236.661121924044,4.243864205291266e-09,1.1379648930519086e-18,0.08287823534995657,2.212852571631275e-09,0.3768812220104219,0.6231187757767255,,3.112577596909361e-12,100.24964119384025,4.3128405606829875e-10,3.812580149222967e-09,metal,mixed,mixed
1.393479500271425e-07,61467.752976109114,0.09781494708084261,20186.58609372125,7.0010166963747e-17,70321.37357793671,0.1982504047583221,132750.64370511053,0.0007567802289764685,8.89617646255565e-06,8944075.032920387,0.06414479080209667,0.02916984571119953,0.09622197959761815,0.13683480190163047,10.233142136484679,0.00019806110966489167,9.74292139621803e-10,9.417679478363481e+28,23924.26649220571,680831391470533.0,25581.422706928384,4.255735787991799e+16,35684.35378532004,7.524689994964103e+27,32265.386839994993,1.9751851629985067e+27,784.0545508407258,1.2980395871857592e-07,65396.812675558474,1.0923148412145052e-07,38719.788361624196,1.6621807733773458e-05,88627.262704508,0.0002228262950931535,10295.949196913349,3.0365335704447597e-06,2.370064827338263e-15,0.1755309810844005,7.656304704660315e-07,0.38771314139072277,0.6122860929788067,,2.054165221614258e-10,7835.005893023263,6.267963441270535e-07,2.409737226317706e-06,metal,mixed,mixed
3.580449513032487e-07,72625.1011890494,0.027324151678865642,43690.20655172036,5.4891365592382214e-17,70217.71553418573,0.09646060959670223,48357.81086093319,0.0026508888479239248,5.559532413416694e-06,4020136.0439545666,0.05782518089249626,0.03191214348289889,0.07531835915912326,0.2547249812316801,48.49536421666091,0.0001644041652685642,5.373513525316619e-10,9.250215095817178e+28,23722.354807956508,402656562490533.44,26525.68949410865,4.460142227455088e+16,36469.06947847151,6.551795361357373e+27,24841.599649655935,7.240341941342533e+26,1221.8532482619191,7.780909355598446e-06,60235.16783205073,4.60379914941025e-07,16198.392784039102,9.052141331652777e-05,84903.06739630274,0.0002521447854216654,35845.62376734447,0.00019848124141802769,7.211775067285601e-14,0.5276564133513961,5.369119835477339e-07,0.30158818941253257,0.698411273675484,,9.72620779101306e-08,661.2395519508193,2.1437999159473208e-05,0.00017704324225855446,metal,mixed,mixed
6.570738201518729e-08,68734.1507697923,0.08410272075529925,36876.34248925339,4.654732472334632e-17,69271.27129064391,0.27215668987451896,153387.2248764814,0.0017275319734252454,7.835759830218462e-06,3938607.2855939413,0.08524326760941994,0.07375408472640019,0.05040222304786223,0.0724228421146921,89.13074502802257,0.0004826168891578533,5.64885554759738e-10,1.1847427724731536e+29,17133.117033214927,167398396871172.72,26145.06974509346,5.0770955891661064e+16,47247.70066974926,9.553086723473614e+27,33991.42640503112,1.890035007976856e+26,1103.6816912378965,7.917777814796689e-06,64712.59110885853,1.926730162395586e-07,32343.22744882684,1.5454409276776445e-05,79462.99223515434,0.0008133611820661549,25826.130566952037,0.0001372360035121509,4.43378379161537e-11,0.3313844654661979,1.8220756189074597e-07,0.006127277397400144,0.993872540395038,,2.1156432583872633e-09,3877798.9797495864,0.00010834226946210035,2.8893734050050557e-05,metal,metal,intact
2.8957533428785423e-08,68485.95914857916,0.005640272869985116,33859.24933165075,3.599363503780806e-17,70144.98967813564,0.08527763779007771,33915.92143599355,0.003146221754375131,5.064912207094956e-06,7365303.353487892,0.007137387639845882,0.015663082171338927,0.05052897987362151,0.17000133567629738,21.166583777960962,0.00015779667061456435,5.139890598860569e-10,1.1072207504423989e+29,15830.121567714774,12894847637859.889,29624.358789492842,2.0871483914963024e+16,47152.01942311104,4.997586326639883e+27,35765.91980990552,1.1120112235608657e+27,634.9539439073953,7.999718238319045e-06,62097.54105113608,9.772303757655978e-07,14758.455589881469,9.870210720724775e-05,78846.22889680667,0.00021533429380383857,22359.879649682985,3.37878872918437e-11,9.833380633934516e-19,0.5339222173677908,1.2528229308010322e-12,0.05784894816093285,0.9421510518378143,,1.6106326768313024e-13,6475785.074046672,3.116938745517588e-11,2.618499836667824e-12,metal,metal,intact
3.6181363257663047e-07,72131.90019555036,0.07115683586897237,6116.148676955245,1.3957217533855788e-17,70655.52174810416,0.20687149476180272,164800.55956040177,0.0039021958493988054,4.49947958413955e-06,4804467.8116303645,0.06762116843345152,0.0012911518287300778,0.0190862212518341,0.2823915088638897,35.24953408129092,5.7945220085979973e-05,6.797863159594832e-10,1.1840862868917793e+29,15038.607305832564,29143108637695.67,28980.18157369668,6281137340822567.0,44278.178931908704,2.9481884396924237e+27,33743.169786463644,6.459710215199113e+26,1232.2416067496442,6.3279583182453516e-06,65367.96010772521,7.277508657890261e-07,29674.183041298216,5.834704735906359e-05,72278.73369402965,1.7723445920721805e-06,25774.785234333125,0.004976086619727088,5.347322038212333e-10,0.5683564453662385,1.7374446353596173e-06,0.01638269507338646,0.9836155674819782,,1.262443104236313e-07,4614407.280082192,0.004530353269151705,0.00044573335057538233,metal,metal,intact
1.7311059649993254e-07,63322.99818506494,0.046695026370005104,14139.932884892567,3.39253425482761e-17,70077.44429503748,0.2113467932237441,53956.090807040564,0.0043056535631040916,6.1263927320348366e-06,8872796.221696557,0.08838957766873365,0.01137809850707238,0.09990401719892432,0.29028809613759543,68.8573205171276,0.0003619398110834451,6.315013265991722e-10,9.579066791295334e+28,19244.491396884594,543173372534149.44,29089.67515386668,1.6423115216157536e+16,40560.19112836393,6.200127394735627e+27,34600.70682089219,1.935324839107517e+27,903.9138029781806,9.7432630778417e-07,54689.18805245539,4.038674100745505e-07,45755.36548373787,6.528074925134364e-05,97371.60984429426,0.00046262767843816054,38343.6436775067,4.406830157169491e-06,2.0646510262775006e-15,0.3294638518585923,5.326541926937205e-08,0.264420657180127,0.7355792895544537,,1.1102194985032195e-09,16969.350468384568,7.683278729658979e-07,3.638502284203593e-06,metal,mixed,mixed
2.3307452371422197e-07,63019.334684550704,0.09998523254138703,23626.932598276664,7.501780247613108e-17,69988.55523899924,0.09019588083752494,95863.34115702526,0.004493115324115855,1.644272794355567e-06,3523974.539256735,0.09828391338670801,0.018843617976460964,0.04636799384646645,0.3218394971269999,88.45313640321207,0.00016067955160543315,6.54423397660874e-10,9.848121933041245e+28,22048.025422571573,553865929781143.0,26927.330951150776,2.58954998809876e+16,40073.500931775925,8.02295508733005e+27,36290.41130792283,4.498803777908588e+26,1121.4580420116854,4.537328417385483e-06,51166.60388262507,7.369118298949252e-07,8146.687217302854,3.9152023681656754e-05,84415.17778763476,0.0009448752923172877,9451.398468598873,0.0004310771907047428,9.50246994483796e-13,0.584616967507613,6.94347670844518e-07,0.2844526167799195,0.7155466888724096,,1.8429790542365985e-08,1420135.21585817,0.00033125989099157293,9.981729971316985e-05,metal,metal,intact
1.5210002619180742e-07,62344.674815840735,0.0743686581789353,9674.931461670896,2.6372224292831272e-17,70226.0069369185,0.24398488020859455,131767.89786558336,0.003201408132217949,1.2985779952897849e-06,2982247.5003818437,0.05810802033912693,0.09220143054172733,0.023636430530068385,0.04025944133276242,1.643761072217414,0.00026388014226657675,9.283987679108136e-10,1.1516714567962342e+29,17543.685624690275,427608366724454.8,29220.423570581854,5.4801122195977736e+16,36377.0572181779,9.83453295863165e+27,20430.854488866953,1.8688709394473584e+27,1236.943584399163,1.1570899782459618e-06,50734.11255922912,6.437390439501081e-07,10844.887116288206,6.914803228848739e-05,84483.157187302,0.000924993819313654,18276.03335199404,0.0016062217713919574,8.783759863605037e-11,0.5490866495699327,4.169874600017364e-06,0.01126530687204081,0.9887305232533592,,4.0208767147969034e-08,2881589.6029484537,0.001323891662749186,0.00028233010864277134,metal,metal,intact
3.6145930521405203e-07,66037.7986211178,0.01763097814756003,16547.963692616453,4.969908316401963e-17,70263.15632440119,0.2633490347843956,47443.276274071715,0.003819860722289584,7.545821246384933e-06,4903023.98519834,0.056171482738258026,0.08956824578196178,0.006995859058790999,0.17393303733201573,66.06593641557691,8.246483802233146e-05,8.920461443806511e-10,1.142738655852709e+29,22950.807661848237,489710592554690.75,25817.25565034899,1.384713635113761e+16,43109.16391434182,2.3419406415128665e+27,31923.958995660978,1.983080227076951e+27,1160.6780058465117,4.783613903513991e-06,66784.31088617642,2.364441206407343e-07,13298.808582860625,6.934395512278082e-05,71113.94703055381,0.00033385498357306806,20345.807283963914,7.770143908887026e-05,9.026505048080335e-14,0.4694395255969721,3.258744537750833e-07,0.4030903571265699,0.5969093169989762,,7.824660859816742e-08,5967.720162872772,2.166041140570513e-05,5.6041027683165135e-05,metal,mixed,mixed
1.1925068802940226e-08,73822.10546124412,0.04894382565851105,32052.66600348149,9.136130234552146e-18,70203.19458199912,0.31525082108677555,162887.4512740597,0.0006394602588176164,5.612885368033938e-06,6834945.155505254,0.08420229070363132,0.008736012662903076,0.09596205958210932,0.01790802531459821,83.48867886664745,0.00030711774106537924,4.169708159337292e-10,1.1466519760315692e+29,15762.905045056714,339098309949280.1,29334.255062881086,4.816190135966127e+16,43788.872082187874,9.796234910115126e+27,39943.056528425106,5.743433149166912e+26,700.7982449840913,5.935933894161282e-06,66410.18819242739,4.7577016476538457e-07,48939.98093061153,0.0001329972123183958,73538.04189746465,0.000289456017240174,19516.62908605068,3.85813774690657e-09,1.488749007417128e-17,0.14224613257260857,3.7488596040700067e-11,0.33010401229890723,0.6698959876636041,,3.27939380176005e-13,1903981.1219267722,2.681941104924236e-09,1.1761966419823343e-09,metal,mixed,mixed
1.3043928219528894e-07,66801.05945812093,0.0420387691232925,15746.174831875896,3.686192661439795e-17,70801.96779607271,0.2704957876663006,116076.84031261767,0.004841789304942444,7.383270902135886e-06,4952339.964787956,0.08768892609219409,0.08746989077197308,0.029139271445053776,0.03677172690870703,96.968881227373,0.0004894166690402735,5.570893283739316e-10,1.1290082760350176e+29,17801.681410858946,330080788476465.6,28740.53358824276,9123675533026948.0,49001.68390781802,1.2250320145629202e+27,37840.54036836079,6.82820734809914e+26,576.9644512383757,1.8299729172582645e-06,65971.95097569864,7.424673318721125e-07,14183.541395383792,3.538457685159279e-05,73114.52223541918,0.0006300548007720495,7254.663172656561,1.2364251658767228e-10,3.8403326724405255e-20,0.42511607069644336,1.3272446555650841e-09,0.24813119459842098,0.7518688040743344,,2.657148050356302e-13,787.136364188628,9.09440020555141e-12,1.1454811638212087e-10,metal,mixed,mixed
2.917859436843605e-07,79568.5135496198,0.027192620632999685,1726.3043249032353,4.710305657151033e-17,69919.92255848473,0.347082124860776,32662.750079615344,0.0015860161486088455,5.546102257789041e-06,9726122.603408769,0.07164205810065792,0.06725050744182634,0.018243795832406703,0.2842894070577123,65.54284148844579,0.0002616332993383224,5.424312177037779e-10,1.1268588123762083e+29,23133.58345508673,502194318848268.3,28391.066021413804,2.740422181409552e+16,41857.688147743414,8.92571091168204e+27,35305.175229452674,1.8781111646913537e+26,1093.9428883992641,4.311536694360386e-06,62568.24896751161,9.929374913403198e-07,36087.17369313335,5.0473686237582306e-05,72522.30938401195,0.0004261868582223649,39819.835668374995,6.587633338691415e-05,1.893507277093267e-14,0.6194363882914729,8.66234222752131e-07,0.21320117180137146,0.7867979619644057,,1.2910285177241981e-08,2334.612826370131,8.835789973828129e-06,5.704054341308602e-05,metal,metal,pinhole
3.1081423236286946e-07,73604.6170710587,0.062728931759948,41732.497195640084,1.7618530128119312e-17,70042.48373927223,0.08879883719910439,71741.10756194587,0.0024254999957284543,4.6518832155368114e-06,8897104.933164738,0.08384787388125321,0.04209690446565531,0.02302663419397043,0.14666555903173897,69.33412992954077,4.067349946900683e-05,3.120767058610408e-10,8.140569982171605e+28,17682.192952825048,136983662218400.78,27099.414028395942,2.3085630912579824e+16,49885.21677418248,9.900797222254323e+27,28912.786775270026,1.6083366389192983e+27,1174.5763474463893,4.321809353816195e-06,49441.89317912009,4.192166900518221e-07,30771.21546664034,7.937776655199943e-05,80075.4721262471,0.0008980795261260793,34636.44865611752,0.00012143974784985535,7.828918889218503e-14,0.5554860591422195,4.880863029332952e-07,0.37814677681165054,0.6218527351020466,,1.0728585047118615e-08,39975.11581780098,3.9862369428886285e-05,8.157737842096906e-05,metal,mixed,mixed
1.8473228140579769e-07,72023.16619062767,0.08608268105886109,34075.05348551012,1.0251686822382765e-17,70959.11403815329,0.1739999958350016,27884.753298928852,0.0025319415659153365,4.514457045707813e-06,3754949.5213371124,0.06910393635751752,0.04279990270868379,0.09369402238515692,0.10381568544984038,44.400806130177784,0.0002771444673135514,3.93481241609775e-10,1.0984195479834828e+29,24910.16955021491,282252984857456.8,28836.88280165781,3.7399335136858424e+16,42679.44179763242,5.73330723317604e+26,32228.38062834168,1.360257155143092e+27,600.1802183561178,2.7103460693612183e-06,46032.3774881839,9.448265021893299e-07,10953.111248277699,4.616390289151044e-06,80899.04274735396,0.0005540900525314452,10808.329102742682,8.015031138753306e-10,2.0916583837429648e-19,0.485377788190167,5.20432740649398e-08,0.3063758339925232,0.6936241139642026,,3.3003586316356605e-12,653.7692842266396,7.038325841508458e-11,7.31119855460246e-10,metal,mixed,mixed
3.1817987470735147e-07,68028.84207492415,0.06694326167255957,15668.323893856013,7.224645613347318e-17,70395.80701621072,0.11637841038705207,155275.20111825207,0.0011514439233478644,7.992743990428457e-07,4831610.741780746,0.07460163330697303,0.09923282084893283,0.0330566161582383,0.05590925587200592,94.07167253233408,0.0004661567613963219,7.406602289538665e-10,9.430850872011834e+28,17821.39918977227,365902425653374.56,28354.561765434944,4.7861224684505544e+16,45556.191219002474,5.63562046350969e+27,31415.527349235985,1.0671079355376594e+27,698.8767274671372,5.403269020562791e-07,63703.237925657886,3.220651995815327e-07,24851.48852587578,3.794774652381797e-05,80651.66472163213,0.00010465712003253104,20431.767083366714,1.682340672086799e-07,3.742678811240984e-17,0.26961461936499237,3.561531280987967e-08,0.40564562788074515,0.5943543365039421,,1.3561593804012671e-11,121696.07633695294,6.868502558173024e-08,9.954904162694966e-08,metal,mixed,mixed
1.5718271561803352e-07,69787.83203761843,0.0628875183348659,34055.047791202225,5.1875464845463845e-17,70493.1849711619,0.3780505958246598,48861.79198229184,0.003411920718552445,6.828769250544561e-06,9225404.80382467,0.02616086474968215,0.08314540764056456,0.016734596920745425,0.37504688701428013,25.25914615899004,0.00018212969875469766,5.216284555227427e-10,1.0653369127372127e+29,17865.32111133837,761226807412678.1,28852.848089837928,4.2379986566918856e+16,45872.072380454236,6.088569646584161e+27,24162.257162894257,2.833134999260936e+26,1218.036740737337,6.233174410414954e-06,54309.12952173631,9.040188083224417e-07,43579.78409646307,7.909953262410417e-05,89632.05458221253,0.00010791650975289,9771.974641003917,0.0001698069366334344,2.7404390255132686e-13,0.6279928259050673,4.529837720710854e-08,0.6573425455730576,0.3426574091285652,,2.415050182275603e-08,64710.01566709881,9.762061704821823e-05,7.218631958521618e-05,oxide,mixed,mixed
4.460534051209045e-08,62748.89704865655,0.016003798579898608,17118.10231384684,2.460366420701425e-17,69258.33771692675,0.3637024672979434,118629.21071176053,0.0009089173713482122,5.176288521968885e-06,9491665.008604052,0.014655475990130507,0.07983879794694561,0.08450443322925615,0.44931880755705716,36.07821365193256,0.0002013410507874786,6.583886873059786e-10,1.035940441378386e+29,22374.329787660576,734154415505836.8,28440.812525780297,4196818594245523.5,47651.3065384192,8.100724207848348e+27,33706.28042501167,1.7870193045000312e+25,1118.8892322857494,3.5789610762482033e-06,43151.58295773579,6.008448326165063e-07,15008.472716960676,9.894488132645e-05,75032.76604403254,0.0005101147849497873,10037.738807138374,8.083538472369859e-05,4.683234501798622e-12,0.6501944085941447,2.6954362073655173e-08,0.020013755852883713,0.9799862171927541,,1.7786305738333704e-09,9052975.947485847,6.614425719181735e-05,1.469112753188124e-05,metal,metal,intact
6.483027120807082e-08,71433.6716166665,0.002919298823237778,17324.623925894866,1.0811673353154286e-17,70748.63654805087,0.09821978318785059,32177.242095163492,0.0033612183111422188,1.4652115011795075e-06,8163353.816082287,0.05249570080930365,0.05600894056150683,0.07175698366191954,0.16007372940855893,41.27114111053975,0.00040041402503015653,7.037198439980073e-10,9.44067363179604e+28,19705.15137673461,239903289445833.25,27751.982892806558,4651755131164623.0,35599.27717678135,8.505370522425667e+27,25770.907257042672,1.2567867230884048e+27,771.9770382638894,6.334512869248152e-07,69305.63715420688,4.316436394716832e-07,20633.18090462883,4.251564992698464e-05,82454.88539725837,0.0004102107468959615,5144.81323304511,1.8055740985979967e-08,1.1226790477116903e-17,0.4469281555169267,1.298818593888017e-09,0.43913146145937965,0.5608685372418019,,4.307934073371429e-11,1038169.665862069,1.1548876155366161e-08,6.5068648306138055e-09,metal,mixed,mixed
3.095683800263356e-07,62970.20920262693,0.003020372651527888,43393.73587818258,3.0855416554545426e-17,69269.00669026122,0.12495673147775624,153222.94906639677,0.0024051910770602966,8.379523863885084e-06,6034497.345010739,0.08602758334335536,0.09650711492768273,0.047291848754494395,0.4670757143966882,2.2625844403406354,0.00019473468351121254,5.973936195318602e-10,8.01527205906369e+28,19013.71573108516,699875488124147.9,25999.611116590775,4.629594543751777e+16,46255.00976327399,1.9239802744843945e+27,20025.42698063548,4.1590152940254524e+26,977.883917347305,8.985650004615695e-06,46697.034520203495,2.694807213616772e-07,39790.42739705084,5.7607385208074266e-05,95761.32157219808,0.000424625554374567,8714.072546980758,8.290686362215683e-06,8.397026491811552e-13,0.32528996827817036,3.248994081837627e-09,0.02513354305012628,0.9748664537008797,,8.03592845363114e-09,5676305.373472637,6.35315771647414e-06,1.9375286457415427e-06,metal,metal,intact
2.901275527557732e-07,60901.202846852015,0.001589601625730935,28774.261891954036,1.8447066329904677e-17,70056.15484452667,0.18944265754915948,108308.83477959964,0.003709537408048963,3.0883318088717107e-06,346516.66825385543,0.010023298682255348,0.02442125529378808,0.010631061657257643,0.06403303108124593,68.11590474972587,0.00019106323229139838,8.659570211461624e-10,1.101426159807194e+29,18546.13283346842,99120046990746.28,27167.763172909144,4.285804631516176e+16,42137.00615094988,3.066437710401549e+27,24231.31726147119,2.1312989726440567e+26,1015.8955800553479,5.1118991179555914e-06,48778.37468521291,4.5682669173540455e-07,46406.23711483567,7.950481796078376e-05,70890.38941848079,0.0006411223402040633,20810.71290742486,2.2088109214608406e-06,1.6273859773145242e-13,0.12463365008755295,2.3995448837574628e-08,0.06695829343613545,0.9330416825684157,,1.6713839812714115e-08,299567.29603949864,2.1023845882600607e-06,1.0642633320077992e-07,metal,metal,intact
5.585820254794097e-08,63924.93930824934,0.03458052981022225,34712.35245484439,6.60342112512029e-17,70716.95250833844,0.30116146705187996,127632.34739735373,0.0016517926436173103,3.683531735423588e-06,927665.1504954165,0.0821382186324922,0.09413356707630018,0.0923208876842771,0.3949635214851488,74.52835191978568,0.0002326369991402648,7.636308057211794e-10,9.629994179513326e+28,20236.300938494554,673351815391666.0,28705.128424376522,3607631162137618.0,49724.52869140181,8.593208393587339e+27,34019.50968986701,4.280292011591678e+26,646.7432631567196,5.797154946244538e-07,57716.12464458503,5.48648803138091e-07,31746.247686422517,0.00011154276848835249,70547.73708481135,0.00049969208072595,20825.22719576118,1.8924159878885536e-10,4.6557307753270425e-18,0.10780352542665679,2.6522952026306717e-10,0.1105549708187774,0.889445028915993,,2.2191149715976767e-13,673892.5065751829,1.3318965466033386e-10,5.6051944128521495e-11,metal,metal,intact
7.237268312982345e-08,71542.31125592947,0.02032277457325359,20865.528101261927,4.959342827549323e-18,69647.76936475484,0.3125629188030547,65439.82425788204,0.0048129177409606035,5.149113815668133e-06,1434741.5794588763,0.04880446841733541,0.04117308206726153,0.09482028536708721,0.22665574035422262,78.06957078563299,3.74187411643309e-05,7.733102159335524e-10,8.644280274782884e+28,23423.265578181672,131542681147139.52,27209.45405947157,1.5814500051512064e+16,44351.299331362214,4.2742231414904013e+27,25471.479230350033,7.095644631827464e+26,1233.7634208966479,7.47218197570522e-06,44014.58874608643,5.669186885087565e-07,18700.16579147593,6.883764485594405e-05,91279.71900798491,0.00021622316839613637,35480.903860947685,2.68470009915921e-05,9.034335846298487e-14,0.4202144441853988,2.8932542466233286e-08,0.4489634557449771,0.5510365153224805,,1.593370564747687e-08,59685.41631422424,1.3641612325377332e-05,1.3205388666214767e-05,metal,mixed,mixed
1.3376886230976372e-07,62862.625759440096,0.040298812518198675,42207.024184469396,3.217316656482959e-17,69585.08840000423,0.3892293871742829,67503.29439348509,0.0043168978518840564,9.838004805654136e-06,8242678.95626911,0.0696936755673842,0.09509056637000247,0.09892480631171503,0.013329457538735408,16.87715681323153,0.0003842587755683224,9.73468848153983e-10,8.810889494030531e+28,23255.183146399424,42309491002435.58,29067.7857820981,3.058800686528936e+16,44332.22211826583,1.035363698558058e+27,21983.92838431744,3.930262476100001e+26,1049.5623854786127,8.571909401191121e-06,59506.022265494976,3.728363755646463e-07,12636.607942448627,6.514283129709895e-05,80712.51854984499,1.8170985770301308e-05,28067.09756515916,6.415365812584498e-05,8.225747729926054e-14,0.5757904756610714,3.21736270640217e-08,0.33363273833805684,0.6663672294883162,,1.6351145732077902e-08,79354.04408766054,1.5944270453055257e-05,4.820938767278972e-05,metal,mixed,mixed
2.478958350859135e-07,62180.515391975285,0.08693379649964159,40795.7787104703,4.358420965934444e-17,69128.6904462856,0.2569874081260529,96738.41648309064,0.0025902196899534736,9.22086502665513e-06,6387095.791938818,0.0703543042732178,0.05427836742134826,0.07219765858964218,0.03753706784005227,95.41755848128041,0.0003831887983628727,7.153359291819417e-10,9.681077383516244e+28,24166.630110034937,310902452595985.7,29209.09307470879,3.659824826848203e+16,39532.29330673472,1.1356718051708254e+27,38733.87473604659,1.4917266325217118e+27,1140.4679256786183,6.688341240404088e-07,40790.67018149395,7.375592878884113e-09,32379.888440989012,1.841734906524705e-05,89566.14872986697,0.00034955228011283315,11892.312831144483,0.0010873110937773326,2.1184452606209726e-12,0.11551909186311132,2.211691596636863e-06,0.36692297409983937,0.633074814208564,,5.9543166881089296e-08,113400.46260157159,0.00040429863130146096,0.0006830124624758716,metal,mixed,mixed
2.43238480491114e-07,73645.8595944101,0.034055832529531344,4657.930348263386,5.354766538318659e-18,70804.8248362091,0.11825288924581998,94818.04395244463,0.0013119096741172414,6.69454833699597e-06,5697227.4076777585,0.005085929622495552,0.06866628351328591,0.06048194855285793,0.2669057894811638,50.72173819414556,0.0002478264102595487,6.494040895228083e-10,1.1787665044860373e+29,20203.87935075679,199725940314782.34,26654.874362667157,3.3849959913936356e+16,36131.869936385054,9.650992535498e+27,31278.230980966102,8.764267335067225e+26,776.2523730424962,7.573134651813882e-06,58585.42157365881,7.876101713588531e-08,9098.092115497577,0.00010917829417674783,90297.39295026702,0.000492986826298708,28303.709600286842,8.37854519300409e-08,3.2469242802455084e-17,0.3168208963569449,4.469747370095562e-08,0.5186057273703474,0.481394227932179,,1.5655271262119574e-10,13.706442101635835,1.000719557597898e-08,7.377825635406193e-08,oxide,mixed,mixed
2.586019668247449e-07,69810.45286866263,0.07848039534437798,7805.999805593066,3.924150467987064e-17,69715.24903603073,0.23533499468555763,90172.61714757605,0.003399222430937972,8.880954817241893e-06,3951015.5660343524,0.03522751994416932,0.05669633237754184,0.005309791794177792,0.27724941637550643,60.56539313688632,0.00044335367446415744,5.999956382648245e-10,8.139083687378576e+28,24177.207142376494,324534643805847.3,26782.002976870528,5.204154808229559e+16,39711.71959915379,6.096593768301756e+27,23403.362361951957,1.7993875847973602e+27,1270.9718593020239,4.249088162705667e-06,48182.53819350813,4.5238586085286313e-07,31421.135920779983,4.1763112715706783e-05,84433.43943409066,0.00011212604398378382,8816.378714179249,0.0011850448950444215,6.363951121640265e-12,0.4918953343830356,3.884162196425671e-07,0.5981006748794382,0.4018989367043422,,7.592530282471232e-08,319481.18820050877,0.0009207683481206026,0.00026427654692381887,oxide,oxide,intact
2.3442722528228943e-07,74812.06681259004,0.05667420470837898,6675.744398322499,5.2632425268005315e-18,69467.43132530415,0.14770567313030372,144783.69077582573,0.0022724626209940446,7.795824380210972e-06,271065.982531435,0.09409907161813415,0.08523284693557526,0.09052247063630883,0.3561371324862943,72.32772560550035,8.695754481367534e-05,4.801024247776995e-10,1.1133062554665522e+29,17602.979797946624,375974063196349.06,26028.453076561935,5718126884098800.0,39550.57279362866,3.3707995851744697e+27,36460.935837015364,1.0271309935429248e+27,729.378344490013,5.25352584411454e-06,59943.44159709171,8.38896228384816e-07,46733.70633907855,4.30011959190601e-06,83372.72580982398,0.0009002772530122739,24383.80326120078,5.656135034477867e-08,1.4998853855724236e-17,0.05405539233121291,2.4614318879781685e-06,0.10680993158495578,0.8931876069831561,,6.363661969665007e-11,0.9651164699161738,7.300045064567001e-10,5.5831345838321974e-08,metal,metal,pinhole
8.09703924346958e-08,73265.26487312547,0.03960460652365459,38247.81051869295,6.331278579303803e-17,70137.35162973283,0.28542370778106224,25134.493190883662,0.002507240189723798,7.530255567769447e-07,9291692.812775437,0.06999125646081988,0.083264611673165,0.06778116526647426,0.18415268592987424,33.214872608255995,0.00022514357773392252,6.729544740455905e-10,1.0808149462640554e+29,23314.003346819758,581873012079286.5,26835.12331844149,1.7053899485884574e+16,48201.539794730175,7.70102767947717e+27,21506.058314576665,7.827025637621003e+26,725.5083693481073,4.3906620013150275e-06,44200.36009081818,9.867504207479129e-07,5081.098864133932,4.059468025491166e-05,87564.08742110056,0.000763891275424023,25111.935027803636,9.677658174393313e-09,6.150469860431635e-17,0.7057812466562995,1.0830699041450291e-10,0.030276040478135577,0.9697239594135573,,2.734199218449191e-12,8594106.519535007,7.478102728199383e-09,2.19955544619393e-09,metal,metal,intact
2.1550059721353834e-07,60759.926678321135,0.039675551529339735,15592.664187271155,7.013234259234225e-17,70215.44904567716,0.2263186572340089,80331.92761564399,0.0014415106207219426,7.082784997083331e-06,5538714.520646232,0.01881359395077614,0.040160409948396,0.033974851081833034,0.11929007932890244,37.502971533384134,0.0004400500251432993,9.921524327822096e-10,1.0553009489906086e+29,21605.57745140443,748841895813860.5,29448.74489816647,4.071883391139227e+16,36010.842228423535,6.643397010616464e+26,23075.900230738567,1.0567499065811098e+27,1027.2242869201414,2.471705926237245e-06,56108.35888734812,4.835350343774184e-07,19432.586119047468,9.67286078735356e-05,93361.36397453418,0.0001419701602596593,39917.084470282265,0.00014106415211053225,1.6983573481078683e-13,0.518701478332205,7.580191830113333e-07,0.5614500050992565,0.43854923688156044,,4.378166868929736e-08,3733.3744856542144,4.9859824457449046e-05,9.12043276530832e-05,oxide,mixed,mixed
4.1290334410346614e-07,74248.47747012181,0.06341503481263498,8653.432164381156,2.192520789172182e-17,69502.63258469745,0.12453295992789237,38492.09012198569,0.001013312273386569,9.719532026143341e-06,6491550.597214159,0.0831936166129712,0.013182911800226382,0.0836185613307877,0.33933230097418715,59.41914328936568,0.00025971036307241124,9.327038773388886e-10,1.1584858249678803e+29,17631.863167765187,678853283909045.1,29007.20388826273,6938239074855747.0,47375.73382321963,2.2775453622890224e+27,25306.80549964468,1.5284725103237038e+27,758.4533893243147,5.799735957467872e-06,64766.495173634525,3.3253216415966326e-07,8396.321442277907,7.261528014851552e-05,98982.76502987226,0.0007056031905998208,12718.543316997453,1.019082113273382e-06,2.402366423239896e-17,0.5075242798182157,8.423503656656479e-07,0.03415129103542598,0.9658478666142083,,1.2498430850162507e-10,1.836657278984412,5.1612593640063695e-09,1.0139208539093755e-06,metal,metal,pinhole
2.3417272008319704e-07,61829.70189319959,0.05263959445690796,20490.037833407743,6.272112960372871e-17,70147.201092478,0.08569798440953379,143738.19766461372,0.004288183911660203,5.833178277725665e-06,6081017.657965552,0.09777921858102591,0.049752490069296613,0.0010781938472739017,0.40660007718888974,47.708392681298434,0.0003764528144380423,5.592170114490752e-10,8.877076479010552e+28,21505.61575736626,191824888784523.56,26500.276088133753,4.916957662900154e+16,38688.14438522786,1.9601305483573243e+27,25943.908451732765,1.2996093750440996e+27,938.2203528753416,5.4793824318179415e-06,44521.47954080625,1.234158273338602e-07,14785.911026080032,9.123662677963411e-05,76040.64985347442,0.0005303599548915029,29328.024320591605,6.946841210667858e-05,2.6472792050737317e-13,0.3673917358736895,8.952860207912227e-08,0.4264119453180227,0.5735879651533752,,8.11868521179555e-09,1268014.558403448,5.1829235435034154e-05,1.7639176671644428e-05,metal,oxide,intact
3.0474001754432176e-07,64718.029717022015,0.08880886444802501,45990.00570858056,4.724997006999788e-17,69828.13863252274,0.09844831150948831,53824.22426849321,0.001987521709370616,4.153064789222624e-06,5325537.558363426,0.0331087922704739,0.048750696779382034,0.034422184571367746,0.3694141496046546,95.89941769451914,0.00013166869207606032,8.798426075776548e-10,8.968704357151774e+28,24199.716211996878,584129480379330.0,27324.072117835396,5.97960179284305e+16,36700.11977968925,2.2704008852949997e+27,27663.48821086433,1.8329980675803626e+26,1005.023298793712,3.315257965403654e-06,47667.49055942333,1.9665400225488033e-07,32941.285935149965,0.00011263855625234495,74116.48094321179,0.0003470127231272184,24794.48763169216,4.45954356312567e-05,6.891254990058097e-15,0.3257551870494453,7.629103839503858e-07,0.23425106806708973,0.7657481690225263,,2.471206721009475e-08,84.86269210324876,3.3704726786277484e-06,4.122496295262895e-05,metal,metal,pinhole
8.120688080969197e-08,70121.04314461707,0.08127613491038428,49066.76800524619,4.6589557325833535e-17,70069.46643913916,0.3237011758533618,133930.10133646108,0.0023777257306066848,9.696119462174126e-06,5652829.279290873,0.07922263701573848,0.08270689031933152,0.0740914554316576,0.2568439908210219,46.02950476678862,0.0002878640143097092,5.211454648575006e-10,8.724301648703972e+28,18162.53884010961,204283584882321.06,27645.941401744487,4.508925012613669e+16,45290.14700790401,8.071370503905848e+27,33050.680186346144,1.9131221450847883e+27,981.9525988130719,6.928329556799805e-06,47330.387981523636,3.423412086489801e-07,14062.38063778846,2.837419689837008e-05,79764.25682401005,7.594281672482167e-05,31839.32017350974,1.3852318734904019e-05,1.31340612181445e-12,0.49748114200827465,6.626435647754706e-09,0.030267194833723185,0.9697327985398412,,5.747752095899591e-10,5223399.378980835,1.0493069994388145e-05,3.3592487405158737e-06,metal,metal,intact
4.095061360033202e-07,76169.29280621001,0.06858863791505176,25427.340642553958,6.018984633422944e-17,69732.09186006445,0.11766057933187288,71212.67842797833,0.002336592968998687,8.211167410729517e-06,2795249.340842507,0.09751379326509522,0.05714048178762412,0.07852166335452618,0.26865157166405623,56.93350552066436,0.00025728872027463203,6.929418105266225e-10,9.463659513522469e+28,22934.131345213314,357732534593082.94,28914.92970783111,2.6091945894730188e+16,48328.85332713211,8.9310505047227e+27,37832.91405460602,1.984203864306637e+27,1242.7885938307124,8.091121088660667e-06,45251.581293695606,1.4740497711332648e-07,41261.8736077043,7.984601718144661e-05,98570.99681423709,0.0009310877871529614,12444.248041952047,0.00044885279420123583,7.33937602289084e-13,0.28677545095330303,6.23068113137559e-07,0.3162947631993213,0.6837046137325656,,3.857924512680453e-08,13899.436393531383,0.00010653934210596257,0.00034231345209527323,metal,mixed,mixed
2.3088430759487295e-07,60544.29880757182,0.05916163226052774,23702.22732307325,1.2305313393888988e-17,69695.0841930184,0.29505749538303283,86571.54547060003,0.0005509402232046378,8.085115950367271e-06,8451077.422387332,0.052816860362373555,0.06188872781538367,0.08110785770301598,0.35739133849769156,36.8020931778164,0.00022089972318357776,6.992333926010122e-10,9.400622704502168e+28,24903.104779564463,322217005275698.4,29181.965389416335,5.286654456342254e+16,38270.479916902164,9.206053129275311e+27,32318.712387126572,1.352693069331737e+26,733.3755737136776,4.197919759876146e-06,64247.761468065655,9.455649550484001e-07,44366.49693238224,0.00011325239528083051,92134.25471362573,0.00026403386274756935,28734.866195558643,3.3076639613619013e-07,3.6183614783399835e-17,0.27786496104176656,4.808327462541276e-08,0.1371066892635761,0.8628932626531493,,8.122574664439438e-11,49.77344311937523,1.04375544303102e-08,3.203288417058799e-07,metal,metal,pinhole
3.451512038191606e-07,70329.18608957983,0.05562938633315359,5883.693404522515,4.8781068479620365e-17,70425.80742486326,0.10720483541894864,91074.90846466957,0.0021971918526439813,3.236303897110378e-06,6340934.076817638,0.043973570789990396,0.05876447451528994,0.0408071207962168,0.4633439190378669,97.90088442379705,0.0003028564298330968,4.6200226357055013e-10,1.0237971516718176e+29,17988.677473900818,72833574587352.38,29702.862790861243,2.251150025996502e+16,41316.187170024175,6.628579722964929e+27,35908.5493629104,4.9503807840184886e+26,983.9235506757807,7.231623369239589e-07,58622.93549683108,9.080990787835294e-07,42294.51872992532,2.284726457434666e-05,88939.87346238684,0.0007894190995881376,19379.292859568348,5.737654537501796e-05,4.781688424374589e-14,0.4643535957999352,1.2633460291899482e-06,0.5103273147488294,0.48967142190514135,,5.591410940689811e-09,72919.83378162212,2.8446096550514635e-05,2.8930448824503326e-05,oxide,mixed,mixed
2.2891155138581108e-08,78697.97378038388,0.05003425883713484,3464.5302434830955,5.59044600429683e-17,70350.42929509754,0.22342582537439248,158502.2648627331,0.0023550087752453614,6.3292149787548675e-06,8030618.717608937,0.08848071057982465,0.055626321279412,0.035314936768762725,0.027385448404156333,3.6398386307800794,0.0004801990072654261,6.172641716103897e-10,1.0374191785216282e+29,16699.059116712346,577635606727601.5,25217.258838393685,4.7818609865814136e+16,40689.273629345626,5.38172713023748e+27,34348.95465779363,1.4892138960324817e+27,801.0215929239489,8.304211727400464e-06,48453.394560268694,7.08390119393393e-07,31036.29183172727,0.00010756743086217544,84392.3834457161,0.0008739018207472616,18047.103948795604,6.312169040334522e-07,8.498792245269434e-15,0.42290154887910913,1.5446333356574253e-09,0.12838805555430152,0.8716119429010651,,1.4455578575985753e-11,5685723.211193556,5.021913178193884e-07,1.2902558621406377e-07,metal,metal,intact
1.8052933946809913e-07,70425.50153570276,0.07827031945404989,29896.36674358857,1.1737677847974463e-18,70509.11260772294,0.13964126589114,42566.515865425405,0.0013309959435811943,6.566832244033594e-06,9131270.816122742,0.02982653550975785,0.08349877080406744,0.052286595546329064,0.09588598617440218,37.27001867903898,2.726860205777264e-05,7.357685685732227e-10,1.0255575030033108e+29,21812.498649427194,257051174353695.7,29949.61220796946,2.3219198232234056e+16,48540.23267789099,9.688906830878033e+27,32155.8073644973,1.8363729990566624e+27,1115.7649661304245,7.402272206924807e-06,43743.887308283694,3.3092656380587624e-07,20475.539055248075,1.1715960282524838e-05,79927.58810258264,0.0007989043274146398,30209.14714196145,1.989861739357241e-05,4.981923441345071e-16,0.5518150652481196,6.036019406992667e-06,0.041432697382066216,0.9585612665985268,,4.817976985857811e-09,1.1512899364060698,1.9121473144333645e-07,1.9707402662129076e-05,metal,metal,pinhole
1.1187413045939318e-07,61399.61974756325,0.04258030918536231,13465.951050624888,6.848128116153381e-17,70241.13010317257,0.09057463745082,111617.9327345964,0.0028254245328058368,7.283387228030372e-06,8127440.430806927,0.03682495952057817,0.09990442599721852,0.06550993727301722,0.327961283185976,29.666370885335603,0.0003220247387001544,7.511339540200915e-10,1.1816273938657779e+29,17952.655441848034,224685848974880.2,28161.79585175585,2.9219035425328116e+16,42814.92546837509,2.8110375357685203e+27,22119.39447265596,1.207173948018938e+27,904.1591728307055,7.726276490717025e-06,62013.805808550234,8.007663499561676e-07,12576.04515145296,5.053639601547003e-05,99670.16564435206,0.00048664321278684715,14843.407950823845,1.2248493371650367e-05,2.518278361941424e-14,0.6378451799858394,6.375863516357995e-08,0.5376840420051568,0.462315894236208,,1.6084677035791646e-09,279506.0537417529,6.408910709170421e-06,5.839582662479946e-06,oxide,mixed,mixed
4.874721904391191e-08,62106.53589411716,0.08635116730308763,31175.677024887576,4.520682499949884e-17,69161.88156904101,0.28901540377320767,150766.4149894535,0.0009377893379701721,6.004016458818245e-06,8462259.143838778,0.09567566543864253,0.025015888957083288,0.055615186065682845,0.25432283091655394,80.2738897299181,0.0001151314886078955,3.7914196031060295e-10,8.412247233842757e+28,21528.200417911987,640941898201075.9,27729.462557438892,2.1375403435329564e+16,49047.239152558905,4.17442136565939e+27,20562.411337715545,6.382202811831927e+26,1172.2773310482382,9.289940473681048e-06,40245.19882960212,8.425587465715788e-07,49541.34198935287,6.695245644063242e-05,87999.41962574687,0.0009939554887349186,6188.026557205866,0.0010053048549435064,1.3945702589258466e-10,0.5686225433173595,1.506237728010547e-07,0.007062863408942865,0.9929369859672844,,4.317020096060405e-09,8317009.272060545,0.000826953541687053,0.00017835131325645342,metal,metal,intact
4.294907323690656e-08,69424.04168629955,0.023830379404731858,39113.53902156846,7.575226372859919e-17,70291.87073899881,0.3047223336216266,167661.01503439873,0.004146457413955568,5.752192752374385e-07,8136462.235278266,0.0720403718802869,0.009584715449405186,0.016371043994980187,0.3614379402221959,90.0234218812989,3.402882891099154e-05,9.965749920374473e-10,9.86207705365795e+28,18645.518282242236,615231630892272.4,27868.478138727016,3.517938943908329e+16,43439.23232629014,4.125627876038281e+27,25747.538999433724,1.3282404974793074e+27,1101.1520216397498,3.6058732360075966e-07,41891.10164087502,3.747122551447215e-07,44850.98802392587,0.00012417063071344328,77888.6391295602,0.0007813079631287517,18577.57489278164,3.582715381406594e-05,4.534504113314464e-11,0.4426745622672907,5.8032353713057954e-08,1.86748443051347e-05,0.9999812671233412,,3.3453850101049912e-09,8134733.7669985695,3.231607666578036e-05,3.5110771482855838e-06,metal,metal,intact
3.50122950657594e-07,63795.99383724006,0.043970190864055965,43258.95477309527,3.156084444138638e-17,70235.47981742318,0.3423505012734718,21463.676916569657,0.002345896957365278,7.407331807248059e-06,5443199.1363514485,0.023773538962904572,0.08034677245961051,0.037240763929631486,0.3705173648590847,94.81169585303132,0.00014658068025072518,8.838581029382351e-10,1.1582428241071693e+29,24786.844156358147,249371621442880.56,28133.15119078553,4.51287224494498e+16,48490.02027426655,3.7395595230766346e+27,28625.999829411074,2.564489726054246e+26,1180.3339841844659,8.965295963238754e-06,52814.586665369345,8.725256174118229e-07,23297.67095386109,3.127225246574776e-05,74199.09456593901,0.000998152835879099,7136.684999259242,6.015040325422572e-05,1.2383892848830239e-14,0.6118841696530952,4.2067392261550965e-06,0.2292871436730885,0.7707086495876853,,5.020342560306912e-08,23.273571015511667,3.3422309499017274e-06,5.680817230432399e-05,metal,metal,pinhole
2.0634437836645134e-07,67241.97732676912,0.033083955371630815,24065.62361028029,4.064310905954902e-17,69249.75920299342,0.20017656028254066,38319.041662063246,0.0020192061543214557,7.56015899818332e-06,4552513.740072958,0.07686044854693794,0.09452886228549594,0.04056151479703663,0.07510018999779844,95.23052436649265,0.0004836774689097313,7.873419016175576e-10,1.17901943504582e+29,15605.12654753145,711883807498249.4,25710.080140782276,2.0107092942627988e+16,42386.49059673873,6.988741625606715e+27,38684.78813302581,4.372273367277887e+26,1134.8857917989815,3.655019538229982e-06,57287.06340476655,8.367659932720319e-07,45270.0600401058,0.00011986755070212265,89482.397530097,0.0002388613083411372,33515.83882152519,6.430336475849887e-05,2.0343205287646898e-14,0.48681666690267716,1.6080847862540353e-07,0.24247534141077537,0.7575244977807462,,1.8943904549327604e-08,484.01254248177975,4.477971252707891e-06,5.9825393505790985e-05,metal,mixed,mixed
1.6482703718711003e-07,71634.39451671201,0.08509396777926992,21955.150311413992,1.70717337084802e-17,69975.70016804266,0.12836280900639807,21812.202317096286,0.003299683295505404,7.308000674010165e-06,4715340.023057528,0.09369011262684859,0.05301849372153674,0.054747209872522816,0.2978228218662052,29.597346324498183,7.843679444925476e-05,9.90663964659592e-10,8.024780971951193e+28,18607.2785586805,81189441122304.84,26044.652243002725,1.6863199054815692e+16,39292.8621423717,8.475581281440548e+27,27834.70231649681,3.663670741608317e+26,1176.7850848378905,2.3422051279933637e-06,68108.94092681333,1.7383629957473954e-07,42348.993309423626,3.5037643047112504e-05,73805.7733527294,0.0003185577105375789,11904.735027415712,8.861030159682597e-05,2.4584807134808735e-15,0.33304821366086623,9.88888837483798e-07,0.020788919582358782,0.9792100915288037,,1.801570411118256e-08,2.9245914381030085,5.828839040892128e-07,8.802741769273676e-05,metal,metal,pinhole
2.448649294519999e-07,66715.85987302785,0.03705091829425477,28102.019663695402,5.357155454043853e-17,69609.99934641048,0.1407276784279341,117917.7639959747,0.0035408607192776716,4.445772366092761e-06,9067704.139868684,0.09098621975509193,0.05345721424303295,0.05256916136723604,0.3364416152104138,48.679415587063836,0.0003464139431865286,8.38980790574133e-10,9.659684118064216e+28,20369.729348125038,327224972385527.3,28570.69479132192,7692428456786208.0,40191.32469081828,3.475333372517817e+27,31942.812327137646,1.953717118738893e+27,1017.5552683788521,2.250760518121999e-06,44806.342937739966,6.335078065497206e-07,35452.1087164717,0.00011291943461549318,93845.11008606163,0.0005603719244674006,28729.16945221344,0.00014450288094835953,6.378571505338096e-13,0.5230800912582169,9.035291808957703e-08,0.23954494364448536,0.7604549660025964,,1.0772320915524099e-08,4321423.745734151,0.0001076919153628902,3.6810965585469324e-05,metal,metal,intact
2.2000108694062432e-07,75701.40633185435,0.07602843521626106,48076.186376478436,4.1084666024001555e-17,70794.90246339721,0.2822422370513277,50896.38062941753,0.001270645986946505,6.034971799114471e-06,1986690.5351532495,0.09933840451723763,0.02897688272533592,0.0817892386951607,0.34329191084733124,86.24776687094523,0.0004621265087042255,3.8395769801231764e-10,9.561624050144753e+28,24294.182281552556,660744846917982.4,29120.385017462533,3220477547342963.0,41394.786430098095,2.83190343837626e+27,22772.969291138004,2.0228027597104403e+26,1149.1461395526928,3.551250770576829e-06,63258.56135552717,6.302220142320541e-07,23319.960480892456,5.29186512839462e-05,86265.86826988756,0.0009011236825250876,17145.04212648682,0.000364735433659518,9.504943968165766e-14,0.4393108750949313,6.27065019842745e-06,0.19376615388829477,0.8062275754615068,,4.1588669559244053e-08,143.66588418868827,1.7386124632387553e-05,0.00034734930902713043,metal,metal,pinhole
4.116816580012093e-07,66884.11258951065,0.04946177480864,43540.243373781654,2.5366837902095015e-17,69756.26711653173,0.08955990453525894,134176.43492572266,0.0031646078166033768,3.5275424916050566e-06,7484742.415117728,0.07356683233147926,0.024768195890782427,0.09950415066723736,0.2929760116451807,71.93327813497108,0.00012598917468957622,7.362647158786529e-10,8.601964079050675e+28,15968.028109348244,288565630317904.44,28718.283935054824,2412154942260298.0,47944.88842937998,4.832142841483629e+27,26729.0770651137,1.0068331179445985e+27,1102.9563925595835,9.215693326561274e-06,69252.82132538504,8.081242403153942e-07,17291.97238034021,7.431702556452408e-05,99944.38447916444,0.0006278278404005179,37351.685193151614,0.00040524418841841864,3.3422389590157015e-12,0.6450951487883124,2.2021260320509214e-07,0.1183615274500985,0.8816382523372982,,1.720968632658446e-08,5399918.3730314635,0.00031461082554953205,9.063336286888659e-05,metal,metal,intact
3.919356434148933e-07,65662.72467303091,0.01856230236203748,35310.75043881762,2.712222461456428e-17,70000.54443760168,0.2744046463994523,35219.94491194098,0.00454994275549273,3.0408780599317524e-06,1853456.270370443,0.0063164625122912165,0.054595657846755664,0.000783999454089243,0.1743481130912977,66.97449368497055,0.0003385797120093079,6.641940575051954e-10,1.014018044398208e+29,24793.22486871805,177304137390034.22,26224.206783856527,2.2093864554152148e+16,41728.367807736955,8.35520784543999e+27,38652.56379475354,1.0533939963943064e+27,778.7306744472271,8.892337755577503e-06,58963.07644377774,7.220269575395285e-07,40052.49743289768,2.932919917706938e-05,71816.81321892941,0.0004083546269856594,21400.68499856801,3.5990270378607144e-08,9.560357657275165e-17,0.18795504129067137,4.558843788110844e-10,0.6832862681121988,0.31671373143191683,,1.7291543006590866e-10,110604.15986980456,3.0357241255911986e-08,5.6330291226951585e-09,oxide,oxide,intact
6.304291592884619e-08,72305.95949104693,0.06303434292063194,15257.669973630807,7.008737299968347e-17,69156.32539948761,0.3401999177850039,149959.78210990765,0.004951724578119834,2.0173454306306278e-07,4649556.554252468,0.05970427952040556,0.007544056078360897,0.082287786029717,0.1909813301564265,12.885401975419988,0.00042990934793460086,3.7446922775318517e-10,9.68780599775691e+28,24412.99527752262,682349048797405.0,27020.74544874384,2.2569197388695064e+16,48659.544893390295,3.408427536863114e+27,38347.06818448465,2.1822561076573834e+26,920.6583936436724,3.6678572321840187e-06,43859.86941216192,5.877429832570591e-07,43278.6159887435,2.9019571025723833e-06,93656.89993761522,7.477408390075361e-05,39072.18506895745,4.730275006912628e-06,8.278129214794104e-13,0.3272300766730281,8.458142420926599e-09,0.00042384039318619837,0.9995761511486716,,2.822010577964552e-10,4644931.372820379,4.022668352013914e-06,7.076066548987134e-07,metal,metal,intact
1.440803790258315e-07,76930.39172105934,0.007916909297550326,34932.20955629423,7.219223356174013e-17,70108.92700313234,0.29496922350378746,59195.13786097481,0.0042047719473390244,2.156702152361941e-06,2294128.3939776663,0.038468609618005384,0.0048922655141777315,0.013060749178292114,0.18882981246758684,36.56924447436813,0.0003309438065002224,3.362925600370832e-10,1.0459816955453272e+29,24932.981630521666,807203478826469.6,29015.271348868584,706281072253885.9,35225.21816998502,9.613311435733532e+27,20532.06304218933,1.3998797597739862e+27,1226.9061385705481,3.5715425708530673e-06,46410.68602626716,8.023042585981317e-08,10731.660448355806,1.6475461595047634e-05,96337.38710945033,0.0009106627566226878,37296.21135298379,8.887899576803804e-05,7.214835164574366e-13,0.2739526478072165,7.705726169815965e-08,0.16169480848222662,0.8383051144605118,,3.685425286544951e-08,1568910.725257129,8.291404661579912e-05,5.964949152238914e-06,metal,metal,intact
3.0458163597681363e-07,71807.80788746139,0.09981333870264743,11072.496360409325,5.4407234745678323e-17,69700.90232800737,0.3370828878662325,39998.06019292104,0.0016042615442185752,4.211647535043717e-06,9437268.324507913,0.02958128833184571,0.04564982892563382,0.017948777385273854,0.10427748899137448,96.60006051664865,0.00021905566068610192,6.041004475456792e-10,9.93958594109057e+28,22965.008170430938,697497002264493.8,26720.358552604426,2053669905191677.2,37188.648952372394,4.745817215357366e+27,20500.4493861664,7.066466287452273e+26,699.8880192530402,6.1480178307333755e-06,56471.81205606379,2.279369569745392e-07,14866.015994285077,9.043424101730263e-05,76459.73314685906,0.000738964379000205,34178.73278285668,1.9872521034202645e-07,3.8948853024796774e-17,0.4149464424451695,6.139512951794157e-08,0.2780248114045343,0.7219751272003363,,5.2293117350920264e-11,383.3784045910668,2.559866202936808e-08,1.7312654831265838e-07,metal,mixed,mixed
3.923403595608048e-07,66329.33934818328,0.08625617548122158,26748.54603581476,2.7784476211772004e-17,70876.53313211408,0.09534819683570854,96095.86382347335,0.004864596113188603,4.5034360753962704e-06,7903770.19856673,0.01879430576389125,0.05704628918450877,0.029543877355104855,0.16848314029696515,7.727635964066577,9.566516524511495e-05,8.312566596816613e-10,8.258431620856363e+28,16237.991579711048,123584458444841.05,27886.57599673327,1.4160251922013644e+16,45226.468271964055,6.809883854491217e+27,32287.957160364742,1.574358867291247e+27,1158.2523476135884,4.301399525997379e-06,67946.86005511254,1.815591448408716e-07,40602.630760543936,0.00012660240079198336,76697.71355511996,0.00021466535136970962,9841.900153512095,0.00037399404928850557,7.121311799225624e-13,0.3957519031176309,9.380311450537826e-08,0.5930606091271304,0.4069392970697552,,2.5754733048688545e-08,648020.7126387431,0.0002839000474275067,9.009400186099886e-05,oxide,oxide,intact
2.414631260416637e-07,65334.8564300317,0.0950894387359193,27060.295506371363,4.0144283249565406e-18,70874.0374823173,0.14885480749141322,63905.89049265674,0.0022603411038415577,7.896954579163507e-06,2444372.8164825216,0.03930761134169527,0.059951044931320877,0.07032530822841739,0.36001268861349656,4.475388087663399,0.00043559054702604455,9.220687881711043e-10,9.80928144788197e+28,16646.480303180553,442590082009781.3,29970.336240628498,8102057095199966.0,40796.7025134578,9.607151979607715e+26,31754.00259124912,5.997133477016495e+26,1110.640874666297,1.02072224012058e-06,56183.321942121824,2.802628878993605e-07,6324.249791018114,8.522819848792268e-05,87379.12135808908,0.00032276062583946413,32698.598180413253,0.00012604659837406072,7.917391932742619e-15,0.42623423059249355,3.2373563211190043e-06,0.016278349607523623,0.9837184130361551,,6.293925726728377e-08,0.5998908084300723,1.3010221063320431e-06,0.00012474557626772868,metal,metal,pinhole
4.186296248279548e-07,64348.630162396956,0.050521674413475805,24984.28221182769,2.5009789666755367e-17,70197.8375290874,0.2156801773390673,107802.77268731302,0.0036848351870297858,9.564356556346777e-06,4921866.942974664,0.05653936801086187,0.041584233398934925,0.009493538686062045,0.04220474679717839,44.84328600642193,0.0002457732981854065,7.879067866178341e-10,9.90217490693932e+28,17068.967465499078,739154035121778.6,25280.756234143675,4.102086213163985e+16,38995.97753043206,3.699949094941522e+27,21033.12323675362,8.35854127733452e+26,682.1235825038027,8.236998591310491e-07,40704.1620083533,8.040286875333531e-07,45676.76799471283,7.63533444375355e-05,77031.45940136389,0.00018556195840005384,39167.440060536064,2.208383659924958e-08,8.254779541506792e-18,0.16154417427373388,2.4711375393966867e-09,0.16493098250303026,0.8350690150258323,,7.381162626282852e-11,174.18086102005157,1.6985617140940543e-09,2.0385274885155526e-08,metal,metal,pinhole
2.0516264808805454e-07,65138.2158986102,0.0063605136878543194,37606.812205552786,3.39886027725737e-17,70779.8258644746,0.196464176119022,52401.95153201388,0.001262024298300985,3.2491224042259654e-06,4401768.632120995,0.09172216824970351,0.004753476773746405,0.002376117101827951,0.37248253121039876,85.87430532342609,0.00030033088041974093,8.94958277502802e-10,1.0388237611895562e+29,20464.2825070026,345099060368266.1,26938.93550566268,3.992807108726328e+16,35719.922994757544,6.477184672215837e+27,37389.859680156806,1.5808940727679304e+27,833.0019558194716,5.494031188340627e-06,43521.878116785876,1.2875183385843842e-07,25109.19564293272,0.00013351700537146533,95961.18441031493,0.0009688166767806644,25163.612685700955,3.365745201707668e-07,4.579613077225514e-16,0.2375229095977274,6.410552190015954e-09,0.5240555724259192,0.47594442116352875,,6.728064215038287e-10,159357.54696056386,2.1591100637505364e-07,1.2066351379571316e-07,oxide,mixed,mixed
2.97041271079841e-07,77954.09607302467,0.09722799018081381,4794.207984108264,5.566976473465922e-17,69030.71632543606,0.24963388128687164,34660.61391286561,0.004122586842689308,5.861392332056498e-06,9615003.64576444,0.01698250211915871,0.09447563041642347,0.05328308162911099,0.47926790561023946,28.180925869069124,8.31199476601019e-05,6.894699610828433e-10,8.001727780074569e+28,24448.170308622244,768532353244459.9,26915.616278099755,2.0211316320087096e+16,37779.6405284312,2.587824532166731e+27,31361.040596938998,1.9432265557111022e+26,583.4998023713003,6.1374908945394095e-06,59785.190846788915,3.8365269520281395e-07,38226.18833912761,5.429612304596935e-05,92744.26381110748,0.0006781256947370454,20630.8361841024,1.5320631395386742e-09,8.09903076831754e-19,0.13345522862003042,2.206082598112089e-08,0.5165930443005675,0.4834069336386065,,8.285558302498777e-13,1319.9221714018686,3.536851919875276e-10,1.1783779475511467e-09,oxide,mixed,mixed
1.7410443041455013e-07,76766.18047212112,0.037250076405100356,18880.543006124397,7.559430042705025e-17,70181.89800957334,0.3249107254637538,157616.34782845437,0.003329937103249647,2.3674096057543777e-06,8098468.879076528,0.00417912976599692,0.08643243558258833,0.07272999279976272,0.08948363830714806,80.09046638204951,3.224566479874656e-05,5.169593821025006e-10,1.1998995018473905e+29,20370.91242394114,335788550737208.75,27040.280145666246,7254504332143310.0,39109.59341584081,2.1768393867053587e+27,37544.780597662786,1.276774030521468e+27,625.2165921724339,8.923721477955291e-06,41010.41497906224,2.233350894835615e-08,45352.16908244459,4.261090518556893e-05,72188.9223524947,0.0001397277171649366,8134.490745511023,2.584958714819266e-09,1.0937304745717023e-18,0.02827999895527228,3.460834157683206e-11,0.5138792639986114,0.48612073596678035,,2.600884838487251e-12,59478.947357553494,1.0057829828951721e-09,1.5791757319240938e-09,oxide,mixed,mixed
1.9318188368802538e-08,65108.157698537005,0.08114827358406841,23524.329757050713,1.5496662467440922e-18,69406.7251664252,0.35365497933085716,139743.7172125148,0.0010550747203410683,7.528794877914521e-06,3795906.552266148,0.09717492661889389,0.020124278636421196,0.08725612032962227,0.2667022497339707,19.00826149171915,0.0004315772292357704,3.6121804179614735e-10,1.0770227435022949e+29,22856.491036348645,131160752161921.06,27350.17855474514,2.663636926346248e+16,49442.524808565635,9.57659140917567e+27,36099.126623998076,1.0780840140994446e+27,780.0933768385735,6.061073696012066e-06,53173.82999904947,3.8839884273085136e-07,20164.508350946315,2.26841996502965e-05,84659.7459222464,0.00033933378091510427,20000.90027465691,3.5217824798432495e-08,9.263091995484607e-17,0.35131819972624684,1.998235444739065e-09,0.42487330701481396,0.5751266909869506,,2.7468749519103106e-12,120627.96396123464,1.5692846860815574e-08,1.952497793761692e-08,metal,mixed,mixed
3.718034657462048e-07,72051.08429430638,0.045077605634466646,33093.40844020246,4.1804994209487846e-17,70534.71774546365,0.22561304744778926,146439.06611911184,0.0014780949079639433,6.840962683495078e-06,4364186.051856775,0.003446508949108939,0.09129036464372996,0.08469334807259898,0.3059909944751284,86.2120987036792,0.00036833454136812194,3.8678475446796856e-10,1.043327941215572e+29,21477.16998858083,764419420224410.6,29566.968143421058,3.954583630392893e+16,45812.739287482334,8.095414117114472e+27,33329.35141924505,9.662565219699119e+26,1034.4284997718573,2.2065972303648337e-06,42337.23696381339,2.7472961390193926e-07,5178.730193722443,3.5479256075074045e-05,76230.35980281481,0.00022681611082069875,34123.169896572566,0.00019141780514712713,6.884089160003544e-12,0.4953294625496416,2.2379081464940942e-07,0.07203635596536295,0.9279634202438225,,5.866829322161917e-09,3647390.9107984994,0.00015491662271986217,3.650118242726495e-05,metal,metal,intact
9.01403167785924e-09,61587.14242318601,0.03511202894614461,9419.96786613897,1.6740042185296937e-17,70266.64958900573,0.33547251215000257,29731.133378702776,0.001562690141723371,3.7378480803596446e-06,9141821.062533382,0.09786385519437803,0.07559715244763283,0.08848928341331873,0.4293094665938853,84.88351121527228,1.3606150664097682e-05,3.3709426696594454e-10,1.0521585624614902e+29,19583.507532147494,26069585783379.61,25069.451318919455,3.5488475094416796e+16,39730.57704486912,7.457601650019176e+27,21565.777698778184,4.341293025759037e+26,669.4245586056514,3.4122830434752722e-06,69956.77061017885,8.646975822619837e-07,6901.545325266561,5.0345534403063854e-05,92894.26896990277,0.0005874573612104786,22076.45838825596,6.871814749570506e-09,5.102171763814428e-18,0.6613814170570042,2.2871395243290484e-09,0.37457869656995885,0.6254213011429018,,6.67824604129257e-13,245092.323085836,2.54847805973515e-09,4.323336689835356e-09,metal,mixed,mixed
3.3127216970512915e-07,76101.3609811001,0.0797743395306955,48536.13607071372,1.025064736484832e-18,70470.4448859116,0.19883397342890063,108527.1311057332,0.0010278849690738192,8.834663108701696e-06,4880671.577823878,0.06119457553085484,0.0677786161150612,0.06033711945382625,0.46948987226248656,33.64605479144319,0.00026085548084142966,4.681424748657373e-10,8.425836496093147e+28,24268.61254112888,145111226826566.97,28733.01183519674,5.89904754852868e+16,41949.74806597002,1.143843945150868e+27,22608.443844677615,1.3812009283890367e+27,1019.658521596717,3.880104606098922e-06,68780.03526777294,3.8041299825606296e-07,28090.86458511021,8.846683616889704e-05,89010.69263922932,0.0001921365837984333,37261.688523828765,0.00010339242816216116,1.0780084715482794e-14,0.4239647240790522,1.0700140944389435e-06,0.07208487341912995,0.9279140565667756,,2.364734029833248e-08,14.430534523486726,2.181643274094201e-06,0.00010121078488806696,metal,metal,pinhole
4.283773799327949e-07,62768.54210090721,0.06396574000009306,40327.410136022045,1.9595173375529294e-17,69110.16120302751,0.1147940788684938,61250.03613117769,0.004498124810201627,3.819603341855819e-06,310869.86759921093,0.028246342737622457,0.029677491557353015,0.07985259272972586,0.16484537219003445,32.17976166715058,0.00037350310847492736,4.864778215847575e-10,1.0066951695749916e+29,17949.11256151834,444956448946254.4,26614.849103926204,2254975216471833.5,44183.151765293485,8.448917261731503e+26,26274.61413768726,1.6715265800493266e+27,1079.253671713871,6.596950000661059e-06,67766.58106666763,5.746922381277231e-07,43454.41643760979,8.694326568956507e-05,86469.25343521137,0.000766715271754481,31342.75395596395,1.68178467961965e-05,1.448028939032334e-14,0.15810477187238295,2.0567300671969644e-06,0.3559988777875248,0.643999065482408,,7.63771634548532e-08,10.765572482074289,1.811770274417727e-06,1.5006076521778771e-05,metal,mixed,mixed
3.031357193190757e-07,73489.15134247145,0.010108508508502794,26299.425240480567,3.2137892407344515e-17,70326.8855085715,0.30629199060371654,147099.95558960823,0.0035319390958193347,5.240948623786845e-06,7892725.930559857,0.08708156778209342,0.02214981933556566,0.09646975418782881,0.4698602817275244,68.39599429315984,0.00037077888669733236,7.999375803768752e-10,9.370451909366358e+28,19716.491892846367,691138831257897.1,28404.463531570476,4608003034687950.0,49061.34161733248,7.945944118299855e+27,37202.45724393164,1.8405324635503857e+27,996.7198002629284,5.673799282231771e-07,49526.35025247172,4.2567321793955785e-08,26153.74227799096,5.800598965859831e-05,92963.51941092753,0.0001242614205917521,7652.481634010194,7.617731979486126e-06,2.275057821506188e-12,0.23970215505499282,9.977257696130752e-09,0.0038370032614188456,0.9961629867613234,,1.7109272536886409e-09,7817474.200826831,6.045142043301775e-06,1.5725899361843507e-06,metal,metal,intact
3.548239465451611e-08,72892.36145359444,0.010390727421143976,37977.9562872275,2.9063694249222555e-17,70618.17045732086,0.355764081403352,20955.157370458914,0.0027355649715671217,8.292275290963214e-06,4616017.644421158,0.0704098516329023,0.003913543960631444,0.0691622986385429,0.012616124597613864,46.773494735653614,0.00037582793737564837,7.954503334158456e-10,1.1761270750410988e+29,24568.12424174384,94331974463391.42,28785.066881197043,5.563934129673741e+16,37871.32661362904,7.360537138410682e+27,29236.29537362694,1.2785187504386944e+27,709.3641340897734,2.232367563635575e-06,40956.358899590654,1.2790926141534446e-07,26012.76509600008,0.00010161955827510306,82242.87058621919,0.0005859116145489803,30676.565096924274,1.9573156618322242e-09,2.375648697248581e-17,0.18169457525232996,1.3169736386813345e-11,0.24155956147921143,0.7584404385076189,,4.816815712720508e-12,2275586.605798507,1.5816354806956817e-09,3.756801811365425e-10,metal,metal,intact
2.406359464200273e-07,72146.0667076479,0.051322705519766525,38308.804027255115,6.225679013554987e-17,69144.99339084563,0.08679951652474063,108053.07837675686,0.004825114035458549,8.610769405110984e-06,9055031.581534704,0.06885693856243025,0.043664540124751,0.06277063285353109,0.4469411871661069,22.792067031995956,0.0004413638828594554,3.849784554086504e-10,9.922406248275288e+28,22058.944687604755,115814724203237.39,29235.252893425833,8582963329210092.0,43204.303352100804,7.341457969905229e+27,26785.425371729663,9.074029910759898e+26,1018.4114551594914,5.72418135649927e-06,42598.201951741525,1.550769776322383e-07,47375.49816035451,0.00012152706605266502,80483.15286676034,0.0009330027663482294,28207.14805254347,4.1239741522072724e-05,2.4914298874779857e-13,0.2947519926088686,1.6042385236498348e-08,0.3333813455148591,0.6666186384427557,,4.322657158854326e-09,2978098.9207302537,3.0698620281603116e-05,1.0541121240469608e-05,metal,metal,intact
3.748637807324627e-07,63746.89193191454,0.09653671500548885,21609.866495254188,2.7737357464216286e-17,70389.84051650022,0.18243538533986198,75367.13726798871,0.004686694417486724,5.633402649111345e-06,2220957.5419867113,0.008078554869566806,0.056482520303983895,0.07821696190111893,0.39227640672719094,12.386276849509164,0.00018988362089836962,3.7357228550621254e-10,8.64865004426119e+28,21577.820981470875,755262698260707.2,28005.049616035816,1.0684370620373906e+16,41105.55061974207,7.84557065867969e+27,31038.671246232054,7.190168758481297e+26,652.9525239657387,2.9631871702468268e-06,47707.44658450365,6.294043298288062e-07,5468.567795461015,8.439531565869814e-06,73238.02912342502,0.0007855520649016681,36439.01937596708,1.4265854236504452e-09,2.274139948883532e-18,0.46665878012132667,6.583595533028666e-09,0.7026642828459386,0.29733571057046587,,8.754082581884573e-12,442.4213701772563,5.084450248558005e-10,9.181403987946447e-10,oxide,mixed,mixed
4.280012083376221e-07,60171.81666521138,0.07223685124129894,33747.250704564714,4.840785613474137e-17,69346.3489969728,0.24556067746053495,121466.02767209255,0.0011613733038559647,7.209944496291526e-06,9717182.423452538,0.06898848369923088,0.05393302974280526,0.05302693639375793,0.16537910356103477,23.66088178483281,0.00012079054191283039,6.789203486710691e-10,8.283013711689028e+28,17728.28273564816,442220240215229.25,25731.663647382553,1.3511725612860404e+16,40745.138634718714,1.6673159212838244e+27,25263.583593492505,9.814195233506912e+25,830.8219516385541,9.15799096222983e-06,41413.64154818267,3.819928206423273e-07,26676.379659664304,0.0001054751923811799,99407.98312249163,7.775740243140342e-05,24287.883360867745,1.4936651764471922e-05,7.733264014405876e-15,0.428803646641087,8.895263722883636e-08,0.3357532612674992,0.6642466497798638,,3.1273165181847337e-09,6438.236952316236,2.6847322628515902e-06,1.2251919501620332e-05,metal,mixed,mixed
3.296943404687255e-07,67150.55029039778,0.07861038205632025,16130.933062426664,6.727970982369725e-17,70033.4007702663,0.10313096770973681,169996.6688473925,0.004120087987509652,6.863554805907786e-07,5043189.257154368,0.055394674365506026,0.018049277531392786,0.010208935774748013,0.08352415430145456,86.73493885215177,0.00020179586593154972,3.023989754520384e-10,1.1568299728343418e+29,21513.284989196978,654163693707676.0,26123.303636965546,1.4786935735764628e+16,43165.72898683804,7.327812462725625e+27,24322.461042471805,4.414057625520616e+26,1099.0834253214052,9.97461704695762e-07,49900.33084252807,7.091106985045886e-07,36207.10555559744,9.183398064631188e-05,79620.37386494005,0.0004555639789015285,25273.754688500223,0.000683080972095472,1.06052816176011e-10,0.49900750499913754,1.3661575566914941e-06,0.0016566208786257973,0.9983420129638175,,1.9125464142686283e-08,5009156.7323637735,0.0006258183446249614,5.7262627470510644e-05,metal,metal,intact
1.6401208212729684e-08,70910.49667027603,0.07424712010207818,49124.55616756196,1.168885963536822e-17,70475.86420391995,0.28129909563530786,90749.27323969838,0.0010380463275214097,4.115635891848591e-06,3546566.569566293,0.06666467088327449,0.07520812087312229,0.09298646107710608,0.2880823199529978,74.27673029956296,0.0003804526087402615,8.969239744833446e-10,9.150313316410817e+28,16683.340455484198,622485270409106.0,29477.375940689904,3.722987177586378e+16,37616.48174355203,3.2563687573982656e+27,34157.18986579778,1.691372830268324e+27,802.6700452700966,8.903689456568827e-07,54717.0847551556,4.628690524737863e-07,9255.478131105128,7.366850803058663e-05,71632.88970438216,0.0005888631750762097,7859.4023283668375,1.4768540352770245e-07,3.449048442482156e-16,0.47435440478842356,6.527253408932063e-09,0.41429817278586323,0.5857018206868833,,3.0242900850651866e-11,380680.06722858024,8.134961813858297e-08,6.633578538911948e-08,metal,mixed,mixed
2.621242762618177e-07,60764.75086649848,0.05627193541575602,30403.69382847754,4.777972190411966e-17,70511.08002797252,0.18310882287086883,153852.27806665134,0.002277507761699495,4.947289237996044e-06,9426552.429986715,0.09219455807692344,0.0856522442848377,0.028324378264266467,0.3928547508346116,10.363093537486918,0.00029459894765935233,8.717641989181898e-10,9.774179493137143e+28,20422.14308262162,363144508641932.1,27204.92672359344,1.5340424018217232e+16,46487.70823109946,3.2238913781874534e+27,38193.29281424204,1.6687628083394043e+27,1248.9413438905312,2.55220373046679e-06,53077.11174761121,8.18247199440068e-07,27993.04970397909,1.1507020682739296e-05,93017.72606350722,0.00060339581049259,27668.10409836438,0.005169713979845364,7.559431170298705e-10,0.6698693453763489,3.1549569357750496e-06,0.007396375458019694,0.9926004695850443,,6.483618325815334e-08,9200133.716044962,0.004104365903797372,0.0010653480760479924,metal,metal,intact
1.0763163374887502e-07,72655.954078606,0.01772842514591769,24717.29059638568,4.8486607416689196e-17,70575.38957820473,0.2226248636905015,113263.3321588762,0.004030074795601444,1.6786160626571923e-06,964551.7199174269,0.08966224784205998,0.0897699848354053,0.0624468224622764,0.28307377134590955,88.79771605992207,4.421548427183209e-05,4.359307407697618e-10,9.175401194946288e+28,21857.37827327344,360456655643367.25,29695.95856165229,6427872661511675.0,41536.395674905085,3.3961634049363086e+27,37406.33241366393,1.1416616350468272e+27,948.2184061084679,1.5771244599039807e-06,55668.356881403495,9.638046239176492e-07,21771.049603835945,2.331314665161489e-05,72502.98300638798,0.00012784621142591782,38258.37957546391,2.9371238260328315e-06,1.477584533405978e-13,0.3519208496929152,8.185684198768483e-08,0.025984334731933807,0.9740155834112243,,1.412096022553556e-09,901260.7623457772,2.2102981527586505e-06,7.26825673274181e-07,metal,metal,intact
2.2246059463546027e-07,71218.91476843979,0.06533913446122058,31498.17139415333,7.33312443995028e-17,70009.32023888853,0.38971930381195774,156258.78457489808,0.001783895662494909,8.945981155338448e-06,7713607.289844983,0.05378325853002088,0.038691744460733105,0.07874199546220007,0.037318173792154234,42.9715071197789,4.494753289361146e-05,4.5111720211447675e-10,1.1218800648499253e+29,15629.096268194366,604667958667682.4,27501.34918802409,1.2381538408350114e+16,48815.345592025325,5.79032475485515e+27,36279.84896640599,1.6744863473006444e+27,748.0801730078284,1.3534287747215613e-06,60822.01518510685,8.063413145466186e-07,49939.73208189717,7.06236266513377e-05,89932.28684080881,0.0006804881771607128,29114.712250011813,1.917084884481857e-07,1.6387774196901733e-15,0.22263339293961398,2.63431137563204e-09,0.2641392031971887,0.7358607941685,,1.8869800836014203e-11,3325807.5181729062,1.4617304706044957e-07,4.5535441387736136e-08,metal,metal,intact
3.939377977637082e-08,72991.33599687609,0.07014314402944023,40651.685314143026,5.950389326319517e-17,70120.54450871877,0.15206353371483783,158080.6685243455,0.004586301677507235,1.4979028200813047e-06,6940484.232264203,0.08325826710517809,0.0182236625910508,0.0974307578736573,0.04252353091463986,99.09950886839867,9.625838904219058e-05,8.952236016084547e-10,9.141441852116597e+28,16195.866239182837,423580054868233.9,25005.979914312094,5.685673564357367e+16,41929.25663351135,1.6192676118790796e+27,34097.10956680321,7.152215181146606e+26,686.8106212161832,1.0584126965028229e-07,49820.90883246313,1.2195979980080695e-07,27528.16397493269,4.929209305736377e-05,86529.14188800969,0.0009032078435759661,34324.76330407335,6.989338065844638e-09,2.0516976766707896e-17,0.18637098175025263,8.29401266559332e-10,0.14242868057058589,0.8575713186000129,,4.620254495391736e-12,4608479.308380683,5.3594718024348864e-09,1.6298662634097516e-09,metal,metal,intact
1.918588877604627e-07,65050.343007245676,0.02316426820206509,25535.119514351394,4.187108198361532e-17,69903.20872294992,0.19219316624784194,105647.82684355827,0.0009779407671816809,3.1361110346793703e-06,5129764.156242787,0.08275245290365729,0.08590155648465699,0.06868275987504602,0.49533197907095405,83.87031532237614,0.00022901269592265895,6.560582035599218e-10,1.0224293513558975e+29,17810.144706415027,459300179464051.75,28000.970009072076,1.5467621897057414e+16,49116.01003098328,2.887175370964921e+27,30349.622636216547,1.888197279616154e+27,1143.7990903345524,4.836674190693151e-06,61492.511198769076,1.127653722362044e-07,37337.41225458678,0.00011201026713433893,99472.77690592407,0.000658257439062739,35530.30133489815,0.0006786923563826492,3.2389919451679437e-12,0.29869867190204064,2.161013756209283e-07,0.2068034294289213,0.793196354469703,,1.9275439822955665e-08,2738923.208963047,0.0004842976280239743,0.00019439472835867494,metal,metal,intact
2.8063666145597707e-07,61840.16727363754,0.021652021760695465,22036.259371940178,4.4446585378554447e-17,70955.27395568215,0.33618053744893744,41079.29849059839,0.003704381436471011,3.7559890272129896e-06,5093884.078338768,0.053149213458892564,0.06744913670469486,0.08169511817922323,0.1617472054739939,63.77573404304211,0.0002542131785740391,4.107859798954064e-10,9.714445736946958e+28,21442.89304317104,680302099423820.9,25565.22498410618,4.5287899557054856e+16,41576.87823157219,1.7223619754110088e+27,23193.733572234483,9.636883434585171e+26,931.1806066496149,2.5871913177322813e-06,48554.31074821785,9.623671359346322e-07,19767.76958304939,5.527867269741258e-05,87849.9127605283,0.0006482267254039996,9651.685464965369,8.803068280443059e-06,3.84958247207452e-15,0.5623328016728383,1.8578324733168088e-07,0.3655117103294531,0.6344881038872996,,8.330240472784743e-09,8094.107319035043,1.7717645632863757e-06,7.031303717156683e-06,metal,mixed,mixed
1.4058973118484416e-07,69632.16982173127,0.022525664456612506,10372.01379231706,2.6532212951322807e-17,69545.2906912465,0.19782767050241593,60792.12158515935,0.003575758518613221,2.2103876029371646e-06,9914660.74841535,0.014550479274695126,0.09481718381615209,0.08008451358345674,0.09290711622934661,85.12151714436908,0.00041256878189902256,3.0036732950214255e-10,8.998549781514872e+28,18207.081473345985,555083832505908.8,27775.922559977993,4.1913876482915544e+16,36230.37790120939,4.916174537535664e+26,23228.917732397196,1.2611883856535266e+27,805.3016693936733,3.3946323398122404e-06,52740.74159335645,5.200506156402511e-07,6833.2302144163095,0.0001317221728741889,92770.36015400107,0.0008256743532363061,6001.906198175296,1.6990788766824036e-06,2.4102977109150684e-16,0.6371442530850804,6.997572221932588e-08,0.4933443381025937,0.5066555919216843,,1.5075788657816916e-09,3623.3448727408604,2.729866754066742e-07,1.4260922012757293e-06,metal,mixed,mixed
3.993190141023126e-07,68268.39815095397,0.026871470555135172,31806.844445568477,1.741921794684953e-17,70096.8740481522,0.29147499439312524,82456.13967017761,0.0016070574041586836,8.559048842557827e-06,9284354.434917953,0.09118047108441898,0.03301909268003451,0.01998504607590121,0.05800695748339077,91.24415333013783,0.00044704120414928083,6.5331221798151e-10,1.0509988011890041e+29,20508.055842491438,606769353120290.2,25452.539025319795,5.281285815755023e+16,40994.6762403795,4.161492987695771e+26,30757.937564836597,1.6869725001144485e+27,919.7477493736028,8.196699250050428e-06,65688.2901787989,3.9762834238901525e-07,49166.23707562061,2.4174049652069365e-05,95379.4428424144,3.4973481561675344e-06,23902.613780148586,3.268834709865755e-05,7.624696304706816e-15,0.32301417827334405,2.9253127637795608e-08,0.148749346861048,0.8512506238858243,,1.5934463583023102e-08,801.5511510531812,2.3015469537449903e-06,3.038680014491256e-05,metal,metal,pinhole
3.9968170559451705e-07,63823.822112453825,0.026420157028940596,41996.231151743224,1.9184407545898315e-17,70751.58967914955,0.16953917219849796,26150.86379907472,0.004824316868560004,6.488241340480607e-06,7327578.23994033,0.016891505834753393,0.08258562824791278,0.0038487242428498097,0.13098937826753418,13.957111548045974,0.0002388822903362155,7.077530607451974e-10,9.137902106086505e+28,17211.537493121028,677281799846672.8,29730.78145140491,1.4547697251653486e+16,49961.485318855506,2.9336747052503135e+27,35666.20685428115,1.0959229143568049e+27,968.2558178723889,9.442037005809143e-06,44292.60119702787,4.867222383889649e-07,33250.085796441446,1.4919251510015318e-05,85471.74739428557,0.0001296792496004033,21225.187639797405,7.631964135175445e-07,6.393375308387261e-16,0.4508234680147842,3.378975835771456e-08,0.5030433191599799,0.49695664705026177,,4.276344424216967e-09,1112.0357286492406,2.3623377743070067e-07,5.269626360868438e-07,oxide,mixed,mixed
3.239557771367568e-07,75314.39306867379,0.02921957623107851,41569.94369146479,3.9809000828528377e-17,69196.59876674741,0.2185344002671199,151670.7162514666,0.004971999145520179,4.050956484000153e-06,9315671.351739746,0.0033226773231506625,0.08175562376213914,0.08951007437364071,0.48357986807647646,14.636421101457739,0.00032488782293781153,3.084584505016891e-10,8.60862544856658e+28,17324.3703372545,508308799201903.56,26383.783524550556,5.8251999414696744e+16,38409.750265340255,5.706329016504115e+27,27423.21431169783,2.917664498017459e+26,979.4569798787554,1.3902791444857876e-06,52950.12177220236,9.308839401610066e-08,29487.773992729584,4.54153978594727e-05,70323.29238882226,0.0007236485253863194,24706.40450761774,3.831133106043377e-05,1.9492011930845307e-12,0.3123374016346742,2.756397789175425e-08,0.02191855099847045,0.9780814214375516,,6.0357588771548716e-09,8851214.916448768,3.1518105625081115e-05,6.793225435352658e-06,metal,metal,intact
3.952222298468031e-07,71496.97359129417,0.008651344554256323,10480.214891333206,3.965684274246052e-17,70095.37417694421,0.36502729455086896,148831.4978909154,0.0011180383206886278,1.1664122993250296e-06,438398.6130287628,0.030653851913196254,0.022932888952053896,0.023409873223758444,0.23818413353156578,95.61640034346506,0.0001349054006370383,3.504438827351353e-10,1.1799013994150344e+29,21173.60800393259,530363700842785.44,28295.92245205927,3.4473093223266e+16,37355.50135358653,7.461557908445919e+27,22717.67367935376,3.8571092708020284e+24,961.5815826814007,7.90307480936423e-06,45649.38533884017,8.440528072393882e-07,32570.87861752181,8.092863282305524e-05,81396.66148283839,0.0006157792650731596,18730.113523669927,2.8390397043087384e-05,1.7559547355311899e-12,0.20960480946729862,2.0865538278160182e-07,0.02541428896703334,0.9745855023775838,,7.525489775741797e-09,414637.11482147314,2.615202839223046e-05,2.238368650856923e-06,metal,metal,intact
2.075751508891594e-07,78544.92324920064,0.07221330141557585,4565.991961369754,7.718122936552687e-17,70386.60542812015,0.2990120382960189,26748.68839905533,0.0027526033030658426,1.2682059800534915e-06,5930626.956388904,0.09982451697140794,0.0333720940890902,0.04454732770242257,0.15336545138015056,2.021578587399082,1.1581688229645552e-05,9.848668902760617e-10,1.1324035308193847e+29,19336.858724552316,305872259350561.56,27116.357667414544,4.002498079923953e+16,35019.87995496145,1.3703836724039437e+27,33478.02432928522,1.5602393361139957e+25,989.5633404042946,3.866748981753153e-06,40379.47630906348,3.362693635554869e-07,10993.964885862668,0.00013382832588960144,94754.02833900586,0.0006779975799618626,9484.609041620268,0.00011624188106498967,5.9575116006272404e-15,0.5210794016962618,1.5227616886922942e-06,0.10629653387077284,0.8937019433675386,,1.809826014233546e-08,701.9996873856287,9.304233103244873e-06,0.0001069376479617448,metal,metal,pinhole
3.064413084422832e-07,74495.8790137421,0.0928950398346458,27607.5262101081,1.567908373354212e-17,70343.9571755117,0.39093463001712464,109685.73449172096,0.002335287538441722,1.6215269060056705e-06,1596771.2426349095,0.02602657542809479,0.044462821331613285,0.09093541293597968,0.0783842748840535,70.18712760025697,0.00021821871202343327,4.624791698175967e-10,1.0125219982073212e+29,15094.33851649238,458427532197599.3,25784.201740887944,4.087220424215606e+16,39601.629736308205,4.252845091310988e+27,33725.82903295291,6.023560702554859e+26,1261.6372564729677,2.9443129280689987e-06,59440.04957464426,8.507001550717349e-07,13512.043814603709,1.2283069255566624e-06,91506.57589078226,0.0008454394811953674,34463.06579831842,0.005116882725716282,2.0243347433817137e-11,0.5006025745226849,2.4027335983560725e-05,0.24645200986542976,0.7535239627985868,,1.286903433024584e-07,753695.9083494327,0.004049951682893412,0.0010669310428228695,metal,metal,intact
3.6266689450856564e-07,71932.71256111671,0.09861263712710316,10593.840461360829,2.7362773815152125e-18,70193.31903990934,0.31187972421064897,62589.392097752876,0.0029104495956566445,5.059188630598443e-06,1553116.5291666307,0.06452221028294176,0.020007168697177873,0.029981894274871447,0.2273511755110561,54.92464630560099,6.909373595843277e-05,5.348835095674461e-10,1.0354032739533148e+29,15821.630353369315,455896099700292.3,25841.194225802017,1.4900983027816918e+16,44842.87496580524,3.43435666540221e+27,30772.206155630804,1.6301252114969573e+27,1208.887513323798,7.604471149879624e-06,68296.39367105647,4.787761351848531e-07,17334.510861662042,8.447746983636255e-05,85873.23593015333,1.3309626285333568e-05,39507.624887099555,0.0002323863129539951,3.160836033567852e-14,0.4089841492638978,1.746652933646125e-07,0.07567443164798356,0.9243253936867228,,7.932273224787299e-08,8.559095908658765,6.878359789305743e-06,0.00022550795316468936,metal,metal,pinhole
4.1547002857141446e-07,78984.0051890462,0.057251355902120826,17878.115465604227,7.650727470109021e-17,70376.30146216856,0.11018336875064132,63178.82208720123,0.0012813989585719536,6.979038945838014e-06,7927101.577812693,0.08595002643410424,0.0008150876552996491,0.08648187517536221,0.21151484825430836,39.35531409689859,0.0004842668560082227,4.795178676153643e-10,9.394422281095576e+28,20725.006666402227,203254574639763.34,29823.453056040642,9929395324300818.0,47354.59615819225,6.202988095324215e+27,32669.458402337237,2.448462761381137e+26,1141.8909749364002,6.167901079203449e-06,68505.13015049961,1.8633736721498368e-07,48523.788488116574,2.258366957915886e-05,86154.99950594814,9.60846557696407e-05,5755.518044120588,0.00036720235238063814,1.5219515607447e-13,0.3629637003421914,5.409437106825723e-07,0.2774065409307088,0.7225929181255804,,2.223025403383217e-08,4671.6678031245465,4.953569864726472e-05,0.0003176666537333734,metal,mixed,mixed
1.048290914469477e-07,74477.81299782809,0.05856934493152921,21109.853923086248,1.3329045090642665e-17,70772.37886039457,0.2807915859864606,28058.31064073041,0.002786266618035799,2.9426107860888406e-06,1889892.7994511449,0.03462020814049817,0.04225459705372634,0.025354250239837377,0.08340688958440488,52.568014568369186,0.00010696192805159856,8.626400176971966e-10,1.0922681061378855e+29,24372.573870636093,550338854809474.4,28045.000240619473,3.758843564797178e+16,48617.407893343756,3.862345081266213e+27,21080.52393417064,1.6352003139272224e+27,573.9497273286855,7.442307539144538e-06,60693.17656402799,9.69619432553837e-07,45018.28978340631,8.777292498886709e-05,88368.24655274823,0.00045883590543759485,35056.94904260831,4.3699481483328094e-11,1.7736254404652488e-19,0.060305357513485106,1.1265678047700339e-11,0.40462601466834464,0.5953739853203898,,2.8140628892712554e-14,503700.7838246729,3.602593264859955e-11,7.673548834728543e-12,metal,metal,intact
1.6081110689555304e-07,76275.75688527194,0.05100884203464719,42777.72486255458,1.0207269364202766e-17,69612.08401153484,0.32148061692244084,25481.19445029516,0.001468861881532866,2.1944933959503877e-06,791018.0368295874,0.06051610999537458,0.002879455052522012,0.09256680002301317,0.20241837079379582,81.15444279303618,0.00027199487902930487,6.436432543201774e-10,9.498466849323069e+28,20294.479420112824,16777476950435.889,29516.91370592932,8971834395762703.0,43275.7420259473,7.475762453857128e+27,31724.686635839316,6.043952820650538e+26,1058.1878257723477,6.5200768554989135e-06,56725.216410450346,5.606767780122332e-08,14019.907718333669,5.62325426203741e-05,89240.77289150609,0.0006865313361488358,19069.767629926915,7.310199188113425e-06,1.5949828180281099e-15,0.1376316113185671,2.833836315082893e-07,0.28274318929690445,0.7172565273194641,,4.164363098145109e-09,72.67642688492774,5.403806238379337e-07,6.7698185642754915e-06,metal,mixed,mixed
1.0754856653106825e-07,69367.51922204322,0.09201878083366247,34611.50303235422,3.009124738235084e-17,69400.3671592547,0.27321025481694816,50390.902074790414,0.004508783219564189,2.6596178815037604e-06,6391593.107355285,0.08904246244101498,0.0368809895767575,0.03194666598027522,0.4530073444881861,48.892578363607846,0.0004640702490864339,8.461554529899609e-10,1.0812188914558662e+29,19519.962420986172,543832853484691.06,26883.794932202218,7751549450235523.0,35088.47831282791,2.8505566654298734e+27,22883.613150826226,4.018784780371507e+26,693.5059873107552,1.18260136080342e-06,61363.10658826404,9.163187260167511e-07,7208.815640722061,0.00010130967453382919,94397.84101277465,0.00038555300833828315,23566.23812896027,3.270213853206292e-08,1.5482505048246807e-17,0.6284978437670437,8.589420837003314e-09,0.37634575086017125,0.6236542405504079,,4.6020844873631265e-11,37844.6990107676,1.144067728181389e-08,2.126146125024903e-08,metal,mixed,mixed
3.639315849333251e-07,75983.61205012561,0.06682128913366181,45537.37051562976,1.779125684599675e-17,69127.30444851909,0.3251825465613746,114127.65254787951,0.0012656806892800822,6.461215977191729e-06,818066.9351970393,0.08864726192337562,0.03907335814745585,0.00667817361779903,0.13743702170194377,34.961971099024304,0.00042718489350987996,6.057983839058661e-10,8.03669280747964e+28,16602.35031298812,793910912727756.1,29660.600687595866,5.382094576667457e+16,41845.892115754286,9.380777115839078e+27,23529.314511553348,7.034674664312162e+26,1246.8053737806715,8.480259404850541e-06,69917.04031072036,3.857644053449185e-07,27025.60007080695,4.661085568051987e-05,88749.26956394174,0.0005265015444453864,32740.532171069317,0.0015951322632245164,2.0238937148522925e-11,0.29321830563172946,3.1591754013675613e-06,0.3920999281576743,0.6078969126669242,,5.453404041830703e-08,204916.16503587397,0.0012288534066752029,0.0003662788565493135,metal,metal,intact
6.157936775866689e-08,65713.60219396866,0.060943983934127574,24198.796633622303,5.560164630599365e-17,70294.00596026157,0.3069483236377987,80274.6708446653,0.0030828708271038786,8.568516952778968e-07,5018492.586265045,0.06432127789846247,0.015419709188021359,0.07947201357870624,0.47586033615881357,75.62296156836051,0.0002388149256386609,4.4626246505735085e-10,8.126733035054638e+28,23765.307405934618,712760802796951.6,26359.975797051,1.3784049187630642e+16,44328.48486584078,1.3309992749002403e+27,23369.2134558331,6.262220614248159e+26,946.1906876164323,7.827392946933194e-06,46098.055002285924,4.0099586241921956e-07,13483.70677247227,0.00011442778663186703,72716.06969798043,0.000756032214546631,11998.155741473294,2.807497466831941e-05,4.037163670878725e-14,0.49806512053599367,2.3625521904624678e-08,0.205263091028617,0.7947368853458611,,1.6206226743605246e-09,2800416.9573561023,2.2468874973772535e-05,5.606099694546875e-06,metal,metal,intact
1.53377744344314e-07,70973.31860062442,0.09746939918630175,44174.60221159264,4.2884944958123223e-17,70941.603377432,0.25596154239254576,147457.3907037326,0.0012533809283847813,5.0392010158811006e-06,4416876.051009993,0.06727696276820345,0.03931679250781894,0.09949078165521322,0.36439291153126363,80.3321895421922,0.00020281321854250848,4.3819113955800827e-10,8.62473699460629e+28,22433.67001742131,226475384407073.22,26345.86304556451,5.8436789514486296e+16,42446.28855412246,2.5640910185304666e+27,37599.90146431687,1.5344651739610028e+26,1133.9248409440852,2.68245919933611e-06,40493.82336304098,2.6681383646345454e-07,22371.61954229909,0.00011496946706291871,92546.81615764156,0.0007075164737949468,36727.20679557141,0.0025648885656760533,8.106614952405898e-11,0.43127882939841505,1.282138090035271e-06,0.05688304052309211,0.9431156773388178,,2.3459084343593785e-08,3801596.434592737,0.0020074202688581014,0.0005574682968179519,metal,metal,intact
1.9916377372488235e-07,65164.43002101708,0.057056232433407614,1684.5240625086744,1.471994487787825e-17,70692.32562077596,0.10144990585309419,67894.05146200376,0.0019050393485669722,7.625217499114599e-06,4170837.241331147,0.03913424724501743,0.035643985969159755,0.04772652046578877,0.10118828795719234,4.384367026054608,5.733875173832478e-05,7.896257150374931e-10,9.611480191986425e+28,15354.988881534513,616432084035240.2,28140.305168592866,1378056562345555.2,43799.38509818583,9.034692213521568e+27,33259.444293018925,9.105863300250865e+26,935.9540832257596,4.2704646502456644e-06,58518.29694437247,8.270488018299467e-08,7010.126912983918,2.0292538897625558e-05,97444.9008700662,0.0006965625009572817,21049.08167901816,2.86979225441454e-06,1.5711571903071572e-15,0.32676401441549663,1.0847108072972606e-06,0.20067286496997339,0.7993260503192193,,1.003306804958662e-09,213.99546931323596,3.6661822278114235e-07,2.5031740316333976e-06,metal,metal,pinhole
3.001748063890093e-07,64192.25368689349,0.09245309936038362,29444.56800063224,4.435810189335499e-17,69825.52041124906,0.27935240633761055,153161.59008857937,0.0031289782329692478,3.7096720782238377e-06,2004563.1682055895,0.0988385421204105,0.04862241373705474,0.0619748885587799,0.11005658195902358,74.36268846385809,0.0004241570570753434,6.261295565702447e-10,1.1942630542491469e+29,20707.494955054615,303633576801545.0,25272.93884680431,2.8164963908990256e+16,40878.42549127408,5.849981798695258e+27,21281.022707628843,1.311974458868929e+27,1011.001209548653,4.859022650357917e-06,55649.52515076511,3.030258141379331e-07,36985.168541797786,1.580800531876332e-07,90269.45806367912,0.0007540811840027777,15838.523677345482,0.0002231001113875854,7.471603893740158e-12,0.2536753694218023,2.9870029646060628e-05,0.062334072552671246,0.9376360574176827,,1.0681093230165214e-08,1704470.6144138172,0.00017748088289099885,4.561922849658656e-05,metal,metal,intact
9.679542740915976e-08,78968.60790653748,0.014862671111751666,20223.849899401794,3.431546774364524e-17,69075.36045648486,0.3746607937872671,123148.24710410585,0.0013637443813236208,3.1288112313416556e-06,4234386.586844129,0.05256111458491963,0.057896719412382294,0.08262311317319888,0.1889683174718176,40.71577720417996,0.0001889379688633219,8.48851918964149e-10,8.267560388140735e+28,22589.09850974864,339648723335924.8,28528.22387616974,4.615260758754922e+16,38832.14507440242,7.957656593296718e+27,29863.702174608556,1.4164607624534194e+27,638.6446176702012,6.726162087546384e-06,52145.570663811624,1.2473503393883957e-07,8770.269192911785,0.00011136004052614584,85131.31857173114,0.0008882243866468428,20095.73933457459,9.767861344296914e-10,2.0222457657754342e-18,0.3057513601183336,6.438974371892778e-11,0.40849559137007846,0.5915044085655319,,5.289597415228244e-13,709471.1530673127,6.349150940480639e-10,3.418710403816275e-10,metal,mixed,mixed
8.884825240185424e-08,63378.72326083102,0.07833131034941085,7464.113878638153,2.741457338469201e-17,69182.3668843928,0.22914353952927285,160298.5544527325,0.0016163960271238017,8.047584330151708e-06,4182363.2601761525,0.010893378144249932,0.021430183307552926,0.057274440474949326,0.4463130236357471,45.109255274149945,9.100136968419345e-05,7.745628198110623e-10,8.235428717027995e+28,22496.51203959956,641945656351744.1,28125.53749660496,3.5235903011509696e+16,47508.43440696805,8.951785596531914e+27,33017.84754229187,5.073230098329802e+25,652.094373923067,8.283955906284654e-06,68833.26680524679,9.286805020825019e-07,26712.544857647546,5.220197914614468e-05,87602.15275303728,0.0008650970385293747,23197.261433575943,1.3728064400481063e-09,1.6866578726386029e-18,0.3110306613191566,2.943356992145317e-09,0.5755312091789447,0.42446878787769826,,5.451191341568004e-13,923.9966512098874,3.844452607688143e-10,9.88361179279292e-10,oxide,mixed,mixed
1.6848681245036e-07,77843.50897379157,0.08390517262144355,46226.44910476563,6.465244082197543e-17,69559.97041465182,0.13848157841273123,42341.70610725087,0.0005909073229402148,2.088582292049805e-06,7390788.279971127,0.03277953316819186,0.00047716683338511385,0.005255631131867235,0.3068928369760643,14.077639322485332,2.239428822217554e-05,4.11698648080963e-10,8.134733181506425e+28,15019.218742350231,390519393552474.94,26746.317864754594,5.568970335299355e+16,49816.90376375626,6.918290544904426e+27,36608.359202981344,9.898595222363471e+26,781.0696280111724,3.7174221908529914e-06,55816.13960588939,1.0231755867708209e-07,19246.149781011405,0.00011997643153236687,76368.32280204403,0.0007009436605622707,32016.463186495337,1.2978097654758674e-07,1.4220100750669002e-16,0.28731783886069046,5.128746762445904e-10,0.5890385328034554,0.41096146668366973,,1.1880594222761089e-11,885818.8442304166,1.1657271468329044e-07,1.3208261864296301e-08,oxide,oxide,intact
1.1259903223090039e-07,68939.93452802116,0.07884992720055257,3899.131789869494,9.430012337363455e-18,70915.20131609,0.15308142764178992,68214.80371994506,0.0009541720570183901,7.81432379652662e-06,7292243.724311201,0.08104832840083522,0.024030375556378367,0.05973025856108618,0.3244482225229163,74.8736020726878,0.00023950558820973593,7.62243206854274e-10,1.1687123456225538e+29,16136.05996967271,350786276181539.56,28509.01338427319,4.268952542472382e+16,45660.048710281946,4.06591581624192e+27,23806.067285644283,1.8466982739706836e+27,806.5370032805483,7.094810434628273e-06,53488.83812479899,6.459676677384698e-07,17706.91819593383,2.149759488235365e-05,91931.55691723555,0.00013491773378613973,14045.005379961302,1.6736221248208306e-06,8.859050051633062e-17,0.5276482789358217,2.887728936267407e-07,0.08156926918860788,0.9184304420384986,,1.0274418769396508e-10,19.256428230339584,2.5527695671382846e-08,1.6480944291494477e-06,metal,metal,pinhole
5.642611858385611e-08,68947.85874610055,0.018616137204247468,44138.4905461437,3.595463263714419e-17,69187.01411929348,0.1773348872620119,52155.012811463894,0.002556694489717648,5.108447496048196e-06,160758.63328118503,0.03168858506627166,0.06116052251624302,0.047357580374753794,0.1623607966724085,29.5048148608118,0.00023644888377304492,3.687084477178004e-10,1.1234428239609564e+29,15334.459027063767,183404650634877.8,28488.137682449727,1.6144543913541844e+16,43034.53476606739,4.564492141890363e+27,23935.30213183266,1.9146159225076838e+27,1171.2710465414618,3.135423518896558e-06,55918.74399766218,8.81025770815579e-08,21507.815130719948,0.00012735444495154006,70156.72807928381,0.0002114886837770175,14694.162789017753,5.949896761763395e-06,6.471042400691298e-14,0.08047252935622526,2.102684216336325e-07,0.5594758191015474,0.4405239706300309,,9.146438173149954e-09,5640.954858653598,3.5503577661353404e-06,2.3995389956280548e-06,oxide,mixed,mixed
2.9378617118648623e-07,63683.433563900864,0.07873399918500708,30691.32303076579,5.4598957869298157e-17,69486.3471442883,0.19715571302382462,69483.39570857423,0.0017968027921336789,7.988301469524507e-06,511215.01376310404,0.06514411136410012,0.06085865264953461,0.013663302259717085,0.11467130247713779,96.16969137116494,0.00041339212590681915,4.4133276714563297e-10,8.303388243307935e+28,23094.739495158494,592151057354563.9,29202.23109409291,3.434645456814036e+16,42430.12118378941,8.900676891594879e+27,29633.868516041992,1.589126924116596e+27,802.1765534277718,5.328804456595271e-06,51879.86647794219,3.490753279414142e-07,49356.677078393186,6.471959352096954e-05,80093.90534441076,0.0009799142738597026,34565.188910357894,1.4622919583762752e-07,5.873193967644974e-16,0.06104712739971655,4.4674496291081753e-08,0.3911514181965522,0.6088485371289516,,1.6982982611216813e-10,1078.4964009334442,4.3157984705924375e-08,1.0307121113170315e-07,metal,mixed,mixed
1.644596860574062e-07,63081.50557433303,0.09887970471920264,20638.668053613354,5.766724791671615e-17,70759.33882375034,0.22736765173654544,37798.715332708474,0.003957667706314315,4.5496445885352435e-06,5948328.660124075,0.07414125590401764,0.06491157032273374,0.03560198186233297,0.4747257805039909,81.48826792593042,0.0002810009431089344,5.548303776859092e-10,8.192076769107292e+28,18211.515879119022,266732060260397.4,25000.69746930326,2.046969354861343e+16,41506.035462579595,7.716717335081573e+27,36674.376346938545,1.621299617103121e+26,1225.7602296351133,4.763671604390481e-06,54501.90225913788,2.2453231211852512e-07,39426.612061440675,8.209961608346398e-05,75806.0982252779,0.0008714499407162484,15714.668343282321,0.00019422886151885805,8.267455257776053e-14,0.4185386243238779,8.567526244436038e-07,0.26519309778480393,0.7348060454625718,,2.5254262136125884e-08,4620.385549326685,3.5560044147268745e-05,0.0001586688173715893,metal,mixed,mixed
1.8655071320524369e-07,79025.8482293022,0.05638413205861336,11783.899819221231,7.376833261675003e-17,70550.3842023612,0.12355943918660242,104491.04993811529,0.004846589436348678,4.146108570113075e-06,4122303.748223719,0.05068233031982073,0.07610550777460484,0.0011190177548118456,0.07151976052349215,15.972636425337518,0.0002331750263217684,3.462998159008573e-10,8.737978388211055e+28,17773.251329284,803541479668930.5,25030.121579832157,1.049701418282939e+16,43944.09432301461,3.761262693962836e+27,39358.70738032271,1.8537579118091943e+26,876.9659290562431,7.0661398137032824e-06,55297.79636624307,9.425217506732832e-07,34146.03187806475,7.472728100434325e-05,91064.77191521855,0.0009711958658852393,38119.32618511273,3.69662731361437e-06,1.31613955064799e-14,0.4018512540083262,1.3230961651516326e-08,0.40573467568081206,0.5942653110882263,,4.5002041446378937e-10,987514.5373097399,2.8720391278795047e-06,8.245881857348654e-07,metal,oxide,intact
4.113140917837328e-07,60592.317263763645,0.016280238888080195,28042.539017752468,2.2081040971212073e-17,69105.01672109384,0.19468001302343688,84385.68862433675,0.0009623784634214499,4.5502303974031344e-06,1420562.2429485954,0.06755221702819157,0.05935983161375122,0.06998381087774459,0.1868813096350643,69.69469245343404,8.409463599870026e-05,4.322123229514423e-10,1.0324076129014371e+29,18127.178678511315,166920704531733.84,26832.5407865328,1.77327390119811e+16,39853.7062724867,3.243964124036802e+27,26959.727115910115,1.2130087110256508e+27,617.8416672902434,7.017119711308757e-06,44949.64041886196,9.79070201023856e-07,46840.539960832764,9.607135985562943e-05,98902.41034340281,0.0008029653319696823,8536.736503066859,1.8967923341223884e-09,3.713120344870031e-19,0.06545094635670926,6.780773507340743e-08,0.1997958699280903,0.8002040622641745,,1.5638848029405364e-11,29.729465407927247,7.775453773371668e-11,1.8190377963886718e-09,metal,metal,pinhole
3.946172758871631e-07,74882.43343786008,0.08277880342483918,41498.18229067978,8.096078291959243e-18,69403.81116427515,0.0943015795684238,75104.05671823348,0.003831239168258548,8.193215639243777e-06,2079138.1452263286,0.060670041765889214,0.057547807625078884,0.035493908901907054,0.42703329613220814,43.44222968377986,8.786849207078584e-05,3.3493123339449477e-10,1.111297372370004e+29,22510.635054692815,465677839793967.8,27819.172978693143,5303937903125855.0,35540.90528125986,5.020852998183818e+27,20235.792362855893,1.8877129496801256e+27,932.7224588241095,1.0602853807834502e-06,51570.48511798087,4.85929658018494e-07,38670.69731117094,3.0902381198606565e-05,92865.64051460661,0.00019141615152880163,24112.304320975752,4.165170332178248e-06,1.0140245865462165e-15,0.25820264072148663,3.59625364468516e-07,0.09389652006477955,0.9061031203098562,,7.060545264055601e-09,17.257117518476946,1.5059245627321708e-07,4.014577875905031e-06,metal,metal,pinhole
4.2203440774594785e-07,64563.15322053594,0.09773045048338003,7510.435748077242,4.3319954817032245e-17,70490.13054399713,0.09186310349087334,128413.62579514332,0.004231030487298297,8.889080179493739e-07,8844933.026464542,0.04357414614462743,0.07784665969900337,0.08975825733807478,0.48669047128086856,91.82874960047612,7.644446328742348e-05,5.435047699196805e-10,1.1820141112667004e+29,18763.99638482494,790072878940765.6,25017.553736512888,1.3501686678656564e+16,36528.65908575822,4.445775962113297e+27,34552.188995167606,1.2940023768488842e+27,1016.5574207947438,1.9898129015560815e-06,66887.57524221353,5.168340117447333e-07,45887.28867193906,0.00013426350282587257,92091.53721839216,0.0003613049985072042,16286.99481707992,0.001002689448656358,6.565751603077692e-13,0.43634561746987677,1.1555996013667358e-06,0.3147946144451682,0.6852042299552303,,2.5913932734916114e-08,3060785.9044482033,0.0007109958931568979,0.00029169355549946,metal,metal,intact
2.523467437488529e-07,61549.193297408056,0.05182564479689649,32401.254992901486,6.687715317631661e-18,69237.01186330864,0.38444335822185827,54716.18445036376,0.004647037576727367,3.657683121248997e-06,2802212.765910734,0.04525185410770099,0.060221991901342954,0.08129083255064823,0.1612956451059355,79.68593675687086,0.00015990408667712614,9.444578450998958e-10,8.520553486378882e+28,21619.464728292976,704574036700883.1,28153.576214785608,5.3239584718871704e+16,37630.39135740246,2.3652867824528656e+27,24497.684903478577,3.0981409641390447e+25,820.4276426039568,6.164294399022711e-06,51781.15566936752,2.885026469199491e-07,39996.46395062408,2.3175495509445775e-06,93584.01810096618,0.0005087798101773031,21772.75632158837,5.898087993311508e-07,1.3770506691184562e-16,0.17420451095367878,2.107123520667987e-06,0.3377366215081671,0.6622612713683121,,1.6354722184411902e-09,267.0467707262095,5.0752039019721434e-08,5.390567603114294e-07,metal,mixed,mixed
6.961179084479435e-09,65245.81285938613,0.07445708937835271,45783.33410668354,5.318337557067209e-17,70547.81362120996,0.21994868859040545,132889.82749044592,0.0009115983939026308,2.489010456481526e-06,9707283.104420481,0.012894581225143245,0.09431877358432504,0.06645868090755926,0.24149482057285607,54.48394166450049,0.0001287544245115078,9.014945882599518e-10,9.183003245525498e+28,22080.477914838702,451031730877026.3,29787.62080907731,2.760275252143367e+16,42632.886165416756,9.488221513239178e+27,37021.796378802544,1.9737006142920667e+27,1167.463614872266,2.1313817181520827e-06,67179.31309421163,3.488813314006517e-07,7277.084671533635,0.00010190075761369209,90936.5249252558,0.00045375177166630677,22229.229438940787,0.00010192547739704046,1.959573165296203e-11,0.6235373954026808,7.727885813580366e-08,0.0012144185251298893,0.998785504196012,,4.968603485659876e-10,9677224.171780996,8.420577431590255e-05,1.7719703081137917e-05,metal,metal,intact
2.0684019323259054e-07,75975.13852775256,0.0941475779441185,47809.13593210877,3.189157132607359e-17,70999.82605381879,0.1057622145401478,137793.6891559192,0.0036710355544300713,6.246067985388539e-06,7258266.109663546,0.08569618821756299,0.08105739469721292,0.004333254687191858,0.10970635454220555,64.76403698883378,0.00047561803740801177,7.668737987111644e-10,9.287125960973034e+28,21348.190574556695,207088097925965.66,27420.53659330237,2.389135700641348e+16,46974.50705891792,5.612837175739018e+27,22593.940483320086,8.224307900319971e+25,675.1050563865192,9.297931367054936e-06,67508.78480790484,4.1599981098413573e-07,16372.227404217994,0.00012461230493832984,76672.18246397679,0.0009510201275298363,23544.848213888185,1.297395926156822e-09,3.7853591723243905e-18,0.4257370122911007,4.598699759085559e-11,0.4394561816571317,0.5605438182968813,,1.8384304099680625e-12,987444.0062331025,8.55058602053625e-10,4.4233732410319706e-10,metal,mixed,mixed
6.114117899204843e-08,75654.56842596068,0.09707116422540293,27979.259094481702,6.312018858606918e-17,70480.53196078278,0.20284047539618794,162610.35700257236,0.0020788980513028656,6.525893563861672e-06,6601970.158796185,0.060095523520425846,0.041715822691287804,0.08156407412828835,0.03145245750246949,91.7621449027081,0.0004997696147617627,9.025493226522859e-10,1.1432838355753439e+29,19153.883931803837,387290856240169.25,29681.134798140934,5.430852489571458e+16,46175.65998545838,7.130231781299499e+27,32161.095187722207,2.982283943805833e+25,665.563497152748,9.209378007798963e-06,65161.53913320223,2.6719055637993786e-08,26240.9805027393,4.7077764115222224e-05,88195.88394555915,0.0005488970082320144,32415.588333734642,2.618347295304376e-09,8.023954268636162e-18,0.0939560026582834,9.78102116230831e-11,0.40308072392624006,0.5969192759759496,,4.562913031038562e-13,888368.6828277769,1.636515040449107e-09,9.818322548552688e-10,metal,mixed,mixed
2.1875527363086412e-08,77342.35580591051,0.03593012643709639,16871.62683882417,6.252558053964577e-18,69912.51559532432,0.2737890195668423,74678.84465420005,0.0011798269951441153,6.298583846612609e-06,578064.0361724226,0.0951179321162676,0.08448513772251048,0.0480021403172555,0.0659302079147643,84.98460247509479,0.0003134478344498089,7.191925088459384e-10,1.185849219800032e+29,18715.671645462957,6500489058860.169,29232.50797499979,2.2222283414803188e+16,35873.03023502604,5.523153077906497e+27,35794.32799700727,1.0584276331489613e+27,1268.8815373820144,4.850410890880836e-06,53864.36937388079,1.0867110207037504e-07,18174.527523547415,4.6104908516056986e-05,84933.45982856533,0.0009992334762503878,28249.631617534964,7.851998989164646e-05,3.1878652330555713e-13,0.1719710139019776,6.493533182371282e-07,0.36190077856619934,0.6380985720804825,,1.0820179552495436e-08,9243.627956561642,2.5983178955579656e-05,5.2536810936066805e-05,metal,mixed,mixed
3.7047624977730807e-07,60283.2523387869,0.022095827222342428,2645.526352548637,1.7239427633550887e-17,70392.85909089744,0.24601186224087168,47490.84730957716,0.0018639787478243637,8.792988740079726e-07,857066.2986988785,0.043325820685021804,0.007446034920915738,0.04869039469695483,0.31783781958144997,20.267529223802672,0.0003007931852844724,3.434804530979417e-10,1.1079276275299226e+29,24682.30867565801,397754854175754.1,25521.499710348886,5.675039327974951e+16,45625.117700819006,1.847672441975478e+27,33593.74476828676,8.171854980825707e+26,965.1560432031802,2.8129885131898503e-06,50107.6943166315,5.831242074627217e-07,15120.739482276924,6.390802770800418e-05,83458.05010065291,0.0007442512510941898,8207.985531965256,9.441376748933425e-06,2.4955097573297514e-15,0.32547926870813587,1.0150856422441486e-06,0.3786361215030153,0.6213628634113425,,1.1879020763811306e-08,383.32183727208326,2.3160434128194297e-06,7.125333336113995e-06,metal,mixed,mixed
1.515410239743306e-08,67863.13268362381,0.0062485101571967605,37764.98151452077,7.06912498639148e-17,69189.33369478262,0.26536309614578846,28851.891127996365,0.0012771647602431904,4.04856731874827e-06,2622375.1612060145,0.0030746581684327474,0.032437713839530306,0.07206355527646806,0.428178399664364,81.8147150159388,0.0003064655014524344,8.734018706232004e-10,9.267151458878343e+28,15406.588854702326,662635798265463.6,26236.07819881363,4.8778080261418696e+16,49840.92169649094,9.130073097291541e+27,21855.17430642328,1.4319186728476952e+26,1098.0657425705483,8.837436521026405e-06,59271.796652764126,7.128153446979843e-07,25355.285529697816,6.8951024598376935e-06,88714.6357827509,0.0001442284168295355,14628.801259082127,1.2646616288878698e-06,1.6331004118295146e-14,0.4659597515664698,9.90133276302606e-10,0.16694830411261474,0.8330516948972518,,2.9347253409911557e-10,1733053.217632784,1.105481101845959e-06,1.5918052704191085e-07,metal,metal,intact
4.4055938616877626e-08,71887.76770089293,0.08523941387427647,31192.319955241845,5.5294924164746963e-17,69497.33520342717,0.2593453656778249,136296.45192522806,0.004426219329426474,3.914610205224468e-06,6636834.991544697,0.032156330964698374,0.02067430679872579,0.054447655024273414,0.07881376055291502,95.73531526901975,6.996724834266795e-05,4.858533280264959e-10,1.0994492442750353e+29,22542.670323377213,440264508943365.6,26959.873046054316,2.3811495094462476e+16,35999.55353476182,4.2117556474499406e+27,23111.95364671047,1.968419718962787e+27,889.1195102723116,6.919526474022694e-06,44263.783459671264,9.801798429478827e-07,6580.972208931938,1.3090896426162008e-05,70131.60206038902,0.00037234655782852726,33181.67079947004,6.945364900914813e-06,1.0853250374437781e-13,0.6759057165986878,1.264306745544184e-08,0.08446536068104607,0.9155346266758866,,4.843584118127062e-10,5431080.578228059,6.132510505580033e-06,8.128543953347798e-07,metal,metal,intact
3.5597694811385556e-07,64545.96901322296,0.05489500275980223,17605.09144820296,2.0498345063877346e-17,69528.32061807903,0.21030948970671715,140704.66219995212,0.003332825422854336,1.7455766633794267e-06,8906806.36392448,0.058656298603277104,0.05369421942486839,0.05352808481492453,0.26291721925785666,77.29683001169148,0.00021217098863870586,7.911815944130451e-10,1.1349173293905748e+29,22646.448954103016,503652666600309.9,25353.83057966398,2.9461452584927544e+16,37115.59883798846,2.560072529367382e+27,27651.375382050457,9.229539517714562e+26,610.6634922997765,3.6994479569213766e-06,69138.77160466943,7.301183015888576e-07,32467.203365673242,6.775645781852812e-05,88359.04957618695,0.0009645786674272315,25321.5126321369,9.26874232407812e-09,9.30813831970757e-20,0.25764348376431667,6.385605623192011e-08,0.07812353119535892,0.921876404948585,,1.6726787401329005e-11,10.724114094607438,1.3259819196382871e-10,9.136144132114291e-09,metal,metal,pinhole
3.527833411079781e-07,70149.26807094773,0.0294780947066804,29219.407486739878,2.1017580723628886e-17,70244.01850784043,0.30049790334291154,22449.312741543126,0.0012898667595960568,3.470230692838954e-06,7835774.728981216,0.060106613616490355,0.030710269966627683,0.006261519354447469,0.08074973933919301,25.51524341731553,0.0004338752899697047,5.786314366475562e-10,9.399026375736057e+28,24406.71280577998,65459400875866.51,26231.66503816526,1559517766300284.2,39167.864839823626,5.723365174269455e+27,34852.36790968851,1.8839012006435077e+27,1250.512694293957,7.659740877288766e-06,45013.81331472601,4.1045560843294563e-07,12927.392170225517,0.00010512926453250731,87042.63568552979,0.00043528532013341516,21668.343735476617,0.0004142038620124349,1.3275347666004435e-14,0.6085974310957258,1.5054900346326473e-06,0.03653080194265631,0.9634676925673089,,9.760095567394049e-08,20.24554575632429,9.653418197041523e-06,0.00040455044381539334,metal,metal,pinhole
1.217325883847024e-07,75126.64346575577,0.030964385104440096,22105.40983541568,3.956113343988349e-17,69008.55729292847,0.19502467270584456,110224.56962052263,0.0028110478598932886,7.377362034530781e-06,8395191.676888863,0.04517273999383752,0.001845426111622526,0.07162343115570974,0.4317321856540949,14.845935556485736,0.000491903902340607,5.222327050835958e-10,1.1969362875065228e+29,24816.4315174538,717984936381847.6,29691.892907722562,4.593839270990721e+16,39999.93705058334,9.082631248468408e+27,20447.9800540774,2.2684127661517077e+26,844.145502956618,5.791559707003985e-06,64102.70485116484,9.650459154858103e-07,21987.122600517814,8.148309520063021e-05,80533.09057583327,0.0008359243897881393,17850.942192891533,1.186447522354425e-06,5.091413491265868e-15,0.573055240068942,5.560473608867374e-09,0.424862468543899,0.5751375258956276,,1.8646415405527234e-10,1869381.9414507984,9.329301279812553e-07,2.5351739437316977e-07,metal,oxide,intact
3.7394410072869934e-07,76963.35507911732,0.0022871998690467904,47726.29757409111,7.174486194959764e-17,69114.82353108317,0.10217145073776829,30220.879505201854,0.0007029350440234103,3.7843089924486203e-06,4337469.036553611,0.01202201664397881,0.09738233851444177,0.0715204568349821,0.23416593190248922,64.32546144875027,0.00022417687515734522,9.179134972658558e-10,8.572836389458358e+28,17099.892166834205,403926523742086.0,25704.613225698016,2346062369216179.0,40857.10536698436,6.82362114977106e+27,33078.34197537166,7.684027153678548e+26,1048.9130500466717,4.61292622025541e-06,67659.79863927182,1.099051503209562e-08,12708.37463512303,4.081179038370029e-06,80284.36099879078,0.00040621849762314486,17815.95815613534,4.870340352387981e-06,4.247722587384399e-15,0.14437109077157895,7.845374042524046e-08,0.5324382366698639,0.4675616848763958,,1.0627393003054569e-08,18946.530141989264,1.7888777651001628e-06,3.0814625872878184e-06,oxide,mixed,mixed
3.343375547895631e-07,61485.906029551435,0.0516619093425464,18649.77367165482,7.080259202974552e-17,70908.46727819613,0.09116611174517733,146869.33466920877,0.0023060691405291274,9.53101862924688e-06,6149271.84745064,0.07497314379994115,0.03741545287421273,0.02112900871377621,0.49674093430918365,32.515300502476485,0.00044292774264776823,7.76678399134035e-10,1.1620484020134798e+29,23419.842170145646,350000017812036.8,27876.70940661028,3.1242646278991844e+16,39143.5104226296,1.1991667004082767e+27,31771.23386749703,7.43592062968945e+26,1056.7891908631611,2.8706156584642646e-06,48499.45169489823,2.140875824221105e-07,32955.92799363502,1.3368459043824631e-05,78621.4072349924,0.00043380555973070953,20658.319814653154,0.001344281685857764,8.850274710291985e-12,0.3734609218479205,2.8612875657203445e-06,0.42380357823135795,0.5761935604810764,,6.075342692392858e-08,1400335.3114103898,0.0010458312799370448,0.00029845040592071915,metal,oxide,intact
1.9819964595216157e-07,67439.94762253627,0.0406057071451393,1622.347487441497,3.934684124234984e-18,69683.97973496807,0.18441838789537074,101623.36246396984,0.002426681669508635,8.071518698228628e-06,1922102.7617790992,0.05232973251277492,0.07414911689429377,0.05549217156237597,0.3901531363384112,4.699732837535476,9.783996197602631e-05,3.648698102313658e-10,1.0019247243077756e+29,23616.265287718117,88668342875461.55,25743.464544555125,3.965219171657142e+16,36958.930495552355,9.469495091943603e+27,23855.32608142238,1.131958438354414e+27,685.5737739019463,4.84581885061143e-06,66122.09012916966,9.588428875285137e-07,20298.587621690567,0.00010770500426617664,96166.65458718286,0.0009587320327124453,9132.049785684958,1.870783277047036e-08,1.2722621742897014e-18,0.326783137201021,1.9643168373939286e-07,0.014785436786099929,0.9852143667822163,,1.7207380596335788e-11,0.7388282583824924,1.7865282770409193e-10,1.852917994276627e-08,metal,metal,pinhole
4.0023826289845436e-08,61687.47842094026,0.0013072022699308883,33419.64422758596,4.362764306294401e-17,70533.57766930705,0.3798469167096804,97169.29712384996,0.0035475396177912996,6.134501995623803e-06,5174390.9462157665,0.009267445521637259,0.0049783165892615935,0.09152379449737799,0.12445583312589438,34.36447611615132,0.0002923831686897149,6.74892003054854e-10,8.990929162269702e+28,24186.1137793866,122182399481197.6,27343.33447635435,3.273457236607609e+16,42477.972012439364,6.07721357742911e+27,24271.85969495511,1.1182439719524375e+27,1044.0516755805115,1.3099710470834843e-08,49719.96250103174,8.41358169794699e-07,31144.673178701396,0.00011525580839123971,86992.5110567354,0.000985518980801247,20939.085931239766,6.588664643865701e-07,4.1696546479490845e-13,0.5238271775765813,1.4408994099636976e-07,0.0022756224810732096,0.9977242334289858,,1.3841041241284751e-09,5146476.3578951815,5.890241031240598e-07,6.984236126251032e-08,metal,metal,intact
1.1553516364655342e-07,72077.29999225211,0.07342515918570548,24292.27386471193,5.158466777484281e-17,70684.61328339535,0.2838161950234742,111769.0856600199,0.0022669812359293294,4.2507342285992266e-06,9336017.380497709,0.0271833715383814,0.02645429879186679,0.0016250287503242946,0.10196279413277361,20.628216815856057,0.00035150750280298754,5.99528481755721e-10,8.479020534469781e+28,20125.590065389857,544417569753894.75,29256.015290346,4.693540617127428e+16,44244.36289960914,8.770986947201359e+27,39672.02588819799,1.3305169178348645e+27,832.1383092100798,4.107861199431324e-06,69043.20226053684,5.34982651472809e-08,31927.148634678906,3.950247496272763e-05,83015.27765138302,0.0005046602375314792,33001.568934995375,1.4668217124283834e-06,7.440495515366894e-15,0.18671776307667798,3.1872896394229523e-09,0.2495852182312199,0.7504147785814904,,6.102489355625009e-11,5005087.978412097,1.3600910404681248e-06,1.0673067196025854e-07,metal,metal,intact
3.885113708243011e-07,74952.5968835376,0.007122909619278332,9638.027713243484,1.1010541491488587e-17,69923.44510819323,0.16982917564062608,168269.15513587356,0.001751031309142865,5.898140469097028e-06,5590631.052248631,0.015560976573262428,0.029937102761978713,0.09723928386388163,0.39866463234947314,62.47416256759774,0.00017928684360849886,4.422356523910164e-10,8.900686839955895e+28,22022.370629010977,693554567019665.5,26678.12794791735,2.5246166504941304e+16,48256.300250356886,4.3825600093824935e+27,34078.7842498658,1.1637177161492626e+27,1101.5777181637482,8.928502553350396e-07,57778.97601306414,8.532632772930504e-07,26803.738666565358,2.289994458942633e-05,99313.60427315067,0.0009479749701827407,20573.890441013107,0.00013312134703231102,2.2553607561897015e-11,0.5770108663437213,4.823546516173119e-07,0.009896935316594992,0.9901025823287535,,1.5527524482144877e-08,5457937.963170995,0.00011395113754409606,1.9170209488214964e-05,metal,metal,intact
4.244629501928922e-08,71709.40826952089,0.035707053923308196,28793.20599371715,4.754272791699481e-17,69498.1335005097,0.3775630071284433,24139.526427337532,0.00151129725536936,1.0308790861355254e-06,7670735.538064938,0.07783593312963556,0.06919992180212094,0.047009314375525184,0.017343765303364324,52.20400087701619,0.00025830313204089177,5.177307801491351e-10,8.344797081345866e+28,17520.71024567649,54058240949818.86,27507.127658224003,1.303419422564601e+16,38171.57050485047,7.195279710353086e+27,37516.52677855171,6.1440122023487875e+26,1038.528846087019,6.046605593581769e-06,60281.20722575255,8.527671724828447e-07,36677.08160178126,8.907745172770749e-05,91898.59012465629,0.0009134793156663969,23112.75702363128,2.0976895672669296e-05,6.4871231040901655e-15,0.5434415792748889,3.306937265367631e-08,0.4014107668397452,0.5985892000908821,,1.387905243378824e-09,445278.3524523461,1.0664551454043614e-05,1.0312344218625682e-05,metal,mixed,mixed
2.2944012584826006e-07,73596.06755142876,0.060639055755406776,13109.862195794576,5.710748151175279e-17,69526.413972606,0.20937847984531455,129586.78947045193,0.004833364425525609,9.108478897031252e-07,2130735.6335422364,0.037661528545411445,0.060012775269833146,0.05813257898990893,0.31275301910035336,66.36345665206284,0.00021378563063766817,4.5045158300492304e-10,9.972081080822692e+28,20694.85981784564,181151620149376.34,25117.9769250866,1.7482134713650624e+16,37153.48123909629,6.993998415732164e+26,22752.69488282208,1.1427579937348705e+27,645.4296721767043,2.9754933416937745e-07,53372.932985871106,4.7246889826081984e-07,43178.853692767225,1.2223614379401274e-05,84628.06148630648,0.0005906519739942825,30392.539134106588,2.0135786810103148e-08,2.6149227501966377e-18,0.08166141487513884,1.295189970756006e-07,0.3684831773867471,0.6315166930942558,,3.9574398346983065e-11,690.3884558396074,3.474015345390586e-09,1.6661771464712563e-08,metal,mixed,mixed
7.699173046880044e-08,72360.57263409467,0.0534179040249058,19053.626643855594,8.819146611956709e-18,69871.6351890939,0.36763149049562033,81245.37559405272,0.004576617325769049,3.900253989392357e-06,9183039.69604295,0.002372990106149074,0.0021439947540541036,0.07925631959140854,0.3182670397663678,78.65245478872693,0.00013359068189233744,5.055935792026473e-10,8.664288852741341e+28,17610.70871700655,107974369252166.77,27914.548384609527,4.655237043116589e+16,37887.12756299034,9.173098350328908e+27,21218.76609636897,1.0747382553163503e+27,622.2852801217227,4.147368226829974e-06,61787.95415211124,1.3041897846958985e-07,13267.646067580257,9.289023710813315e-05,90788.75524808081,0.0009402738696922556,27807.36561001244,4.4150811034052256e-10,3.588335239486104e-19,0.3317188629776067,5.104018495921841e-11,0.5352686396070607,0.4647313603418993,,4.935284404005267e-13,72469.30367790397,2.327712976105848e-10,2.0873681272993777e-10,oxide,mixed,mixed
1.6352362792573618e-07,79479.66992366369,0.049765126171325925,35638.19464149555,6.358138469340449e-17,70791.00480067899,0.23614347639392685,47057.541356053276,0.0015799692368252008,9.012374841146032e-06,2910099.597412114,0.07591680705827167,0.014578652747760554,0.014639027263407262,0.36510047018616887,60.010532109408494,0.00021734637158011766,9.73006453084511e-10,9.21533789497385e+28,21101.352353754948,518755511169973.3,26001.223577985118,9585499568660560.0,40028.16557495313,5.621140805852686e+27,38315.41573831745,1.870224449125985e+27,1137.8820798825113,2.1435380131019417e-06,47543.92995234385,4.5532236054018257e-07,25321.1104079177,8.45950287132736e-05,82954.26146190656,8.660296510697993e-06,7513.138547764338,6.436052612950727e-05,8.193922845660379e-14,0.43553299091332515,5.2485562302414105e-08,0.24518291367369546,0.7548170338407422,,1.4325863285599793e-08,1895.849476899992,1.3526728048982994e-05,5.083379808052428e-05,metal,mixed,mixed
9.704394090891201e-08,65364.01232742249,0.04106073713541826,16612.472216230628,3.7243267756054734e-17,70676.70914209452,0.3132150736071469,58174.57307238243,0.003926743970093684,6.703268186280723e-07,3153927.6091893157,0.032287335636158244,0.06576545249807876,0.0976286524677548,0.2101850507085108,92.38662655894046,7.788982362502593e-05,8.35421876092283e-10,8.187160121745227e+28,15470.613496271108,315682648778966.1,29284.278183120976,4.534377250500655e+16,48167.23066804374,3.682356345946925e+27,38274.850149133556,1.5614675943795725e+26,1255.905810055839,1.9472560603362003e-06,52171.261128676415,4.774185216124675e-07,45956.02680623434,4.671716558243588e-05,75529.61702758049,0.00037945319838616484,38695.51120873454,0.00032289550160744093,5.110555246560807e-13,0.4271877062441702,2.943212137581835e-07,0.178063101877402,0.8219366038013842,,2.048107600370178e-08,1885530.9072259553,0.00024687813251763436,7.601736908980657e-05,metal,metal,intact
3.155507666647439e-07,62227.89144630638,0.04775270565257007,38803.08410060409,4.712314353535739e-17,69542.29379313775,0.20872389245133083,43514.00523527048,0.0015511537806623442,3.2822831121450515e-06,2464179.9921692787,0.07762940396400024,0.02273660810889571,0.060238187886758415,0.19441004373240958,47.37470916466331,0.0002817158210664896,7.507557376933605e-10,1.093453131725222e+29,21893.018312978747,539683396031055.2,28291.092838933062,5.14898000333219e+16,48352.56843790505,1.0425398908852597e+27,32648.938760747304,1.1233313238077944e+27,789.2136236948594,5.261438343898772e-06,67234.80598118667,4.6485918724151886e-07,5007.673585565928,4.210226920712226e-05,96728.59695089093,5.645839499569859e-05,24344.729628501307,4.90942278579515e-07,1.9272759309680694e-16,0.46801373294917853,3.423119404192051e-08,0.2792604597539969,0.7207395060148093,,6.202327906769794e-10,1471.8656859737778,7.548260860991328e-08,4.1545966996960174e-07,metal,mixed,mixed
3.8716435104825614e-07,69466.49749734199,0.03138367444010329,49211.843360818326,1.8502577881322767e-17,70853.15733351074,0.18020440828291606,113075.33569605323,0.0008742077294368088,2.173889730705659e-06,2899379.878654666,0.08014116615908477,0.03133311582062711,0.0279847213250217,0.46517708523076556,27.008890242288537,0.00020328943093800538,7.493309223656145e-10,1.0817539967790943e+29,22367.358116038162,763444016988030.5,29527.86238591854,4.108489201206577e+16,45109.4276810679,3.5768749518392217e+27,30017.738678594185,1.187193628902086e+27,659.1417321277413,5.136294660745519e-06,66519.10730355713,2.0743947329996378e-07,21797.617738036566,2.9863703442815277e-05,80920.12845273508,0.0006570501397214945,32030.42525705288,1.919442203793746e-09,1.6698681088545927e-18,0.19227351621233477,8.535522178086665e-10,0.4865782233839994,0.5134217757624484,,8.774820190450933e-12,51190.66530975713,9.763734905811383e-10,9.430687132126078e-10,metal,mixed,mixed
2.534961301519561e-07,67491.62244799858,0.03047540756572358,46868.54493584024,3.6697286002010295e-17,69642.50739366,0.1782101993061821,118145.29703404309,0.0029683783182702195,1.2996509712105395e-07,6065232.442393129,0.04470725983927288,0.09788435365498722,0.029402885534711532,0.2761419600028337,8.37707032836852,0.00017165620012861259,6.291812875242024e-10,1.0641823473486409e+29,24839.400265220313,328259514229569.6,25909.441360982557,2.3565933220978452e+16,38648.948692622456,3.326030745880956e+26,23788.10002197175,7.33237726229672e+26,680.1730191611463,3.655060705539859e-07,65049.20205868562,4.963179810862668e-07,34614.393270782384,8.315904162401044e-05,77643.9382956776,0.00028284920396307527,5618.768581170058,1.0215232456783433e-07,9.316674513597896e-18,0.22672021513604626,2.3932727864677817e-08,0.4122222922485316,0.5877776838187407,,2.906728852746391e-10,1441187.6578553992,7.492318355729907e-08,2.7229141010535257e-08,metal,oxide,intact
1.8721536290179653e-07,77748.94478617267,0.04641237962116734,35938.52748103357,4.15227767813211e-17,69552.10779658079,0.3029573431604415,50229.789946632925,0.003205485926702151,5.627972370584528e-06,5577456.139051806,0.04867455624556353,0.06811790855081375,0.04075977221290652,0.47971192947308106,86.99901958297791,0.00015170183153111202,8.185190036037039e-10,8.83127161670733e+28,18892.16757711322,154168263233658.1,28684.8562091644,813258671226626.1,40884.63265713714,9.694600977487089e+27,29511.477255479254,3.886621157969102e+26,1175.2338801582991,8.154750743081813e-06,46551.61150035805,9.303170713148741e-07,19988.18666156236,3.4716103793079855e-05,85849.90983068099,5.710556798940926e-05,39387.46562418401,8.554164116813123e-05,1.1822644769323224e-13,0.6320561188507855,6.641668876754463e-08,0.48041607303250333,0.5195838605508079,,1.6537932327797155e-08,47187.585121877775,3.795680424530363e-05,4.75848369228276e-05,metal,mixed,mixed
1.3589494211035088e-07,61062.97776100665,0.00037041504865037694,42955.144588876414,2.1848116704237945e-17,69597.22102632819,0.14991860925468264,40446.15186342169,0.0020309423891756015,9.73489460174272e-06,4532424.159125503,0.07852636934218993,0.06588929916885011,0.022466273626591433,0.15061844247896822,57.82992646919246,0.0004121726238023747,6.149366982603413e-10,8.411307434243892e+28,23797.79166197526,353929889622437.8,28668.21508841207,2.9761009360492372e+16,35803.42226881939,1.3485003949208388e+27,32965.732311169,4.477579827966202e+26,875.2209966575059,5.201316266611588e-06,44149.83528513658,6.962660181482727e-08,44912.7526925772,9.319542475868793e-05,72216.40470213765,0.00032544941877179443,5782.143362066368,7.894667441407515e-08,3.077324910268162e-16,0.11935334837366447,2.6994356502171893e-10,0.4884765255548911,0.5115234741751653,,3.3866391206036797e-09,210361.1052627716,4.4046738236224274e-08,3.4899936177850874e-08,metal,mixed,mixed
2.5319043602726567e-07,76988.65149043789,0.021908491632717186,3574.5696230691005,3.142857652410325e-19,69962.00709798373,0.16912102701336051,65972.67092135498,0.0022187625216230607,1.1578866308580126e-06,6485432.678416018,0.00010698128611767782,0.0545043398062969,0.06819973503632022,0.36226145790280934,8.118704989211118,0.00032627455008637444,5.754308948290454e-10,8.418125819656756e+28,21806.925175092536,56543540445950.72,28594.780475815627,5180385085364626.0,41912.26811095385,9.09376680253108e+27,26228.0288709852,1.2695008391479556e+27,915.0955244214886,9.486928083417143e-06,59739.79921582923,6.635782100295161e-07,9745.606804749532,0.00011816394194873151,87206.14290806418,5.181788014807842e-05,21711.383571555736,1.1414989243000414e-07,3.2873240000174394e-17,0.6107268450272177,3.9290134406465715e-10,0.9693859861223836,0.030614013484715215,,7.042361266186657e-10,135.71076103327317,6.313190248316972e-08,5.101798994683442e-08,oxide,mixed,mixed
1.7595477808011736e-07,69758.12531585146,0.08945686798872274,45714.71599654443,5.514064366960964e-17,70697.00230592562,0.17912820948330432,80091.90027946091,0.0028385812514174964,4.268395409707798e-06,9465064.575454459,0.06718224572890222,0.039838474620129946,0.02352475853681656,0.15548535484578938,59.53972597421252,0.00012148487850928195,7.200325230340554e-10,9.74400123892766e+28,20571.529957866784,433272223811696.5,28096.735702985476,3.154380059275658e+16,42978.248078028104,4.626189698585328e+27,24604.022730851808,1.562897166214591e+27,850.6673250608089,5.821509243189204e-06,57387.87504690702,2.0000931829066925e-07,48227.48843058869,7.741379101304971e-07,75423.97246437316,0.0006734298846353047,27484.117494010825,1.8824691909636014e-06,2.7467350330611553e-15,0.21359702850811016,6.521520223192791e-07,0.5128203166601439,0.48717903118783384,,3.937685025587548e-10,693778.6976651197,1.2559904589701823e-06,6.264787319934192e-07,oxide,mixed,mixed
2.787338615282609e-07,77875.60041512555,0.024229219168825776,12899.416052349876,6.136304352093148e-17,69550.78295946067,0.21460491115081526,164525.89593330276,0.0018891508440237372,7.032627027331136e-06,677562.136139595,0.09708688907193112,0.07444847653575079,0.0450483004987163,0.05194285745852433,88.0549795475307,0.00034221132623379706,3.6026397404043226e-10,1.1017221955021602e+29,21283.272936435707,721773389051068.8,26940.514042808678,3.429241721459146e+16,47606.49515968386,7.4585415297989e+26,33790.15220766551,7.854951050677415e+26,989.0276667624746,3.2013225182147664e-06,48684.15812097266,6.130127464774734e-08,35038.93860323507,0.00011586692011738982,95889.67702899814,0.0005290993072393832,31693.13030154406,9.066818457485897e-05,8.108929132176044e-12,0.08142805533038482,5.920106136081256e-07,0.06967381872283386,0.9303255892665525,,1.2484800000097407e-08,560567.5498393442,6.957001560795141e-05,2.1098168966907557e-05,metal,metal,intact
2.980463002112085e-08,78390.64456861514,0.020131788122700642,31279.263394552407,4.2426181763781875e-17,69042.62344413559,0.22871724639112956,87271.53581382983,0.0028484787679632995,3.006029208528486e-06,2928735.5960227964,0.050296148336956954,0.03828523130694376,0.0832067257257003,0.20428507256075057,72.91353765518078,0.0004771878235251813,5.859542037343369e-10,1.1592325930247386e+29,15164.739616402629,97851827954890.67,25430.068727770056,6772094324985236.0,42364.85576266547,8.805329318498074e+27,32715.580897403946,1.639622929396489e+27,1090.4002981799963,1.4064889708029944e-06,60575.537383705174,7.399419535042418e-07,33700.432209143706,3.87975040218543e-05,86021.13851458783,0.0008493126086694183,11553.130137893375,9.726486070954314e-06,4.1717700952311934e-13,0.44440899523628796,4.0290544409364386e-08,0.0330118468001339,0.9669881129093219,,1.2092044827093997e-09,2700805.2940546228,8.001875585880188e-06,1.7246104850741266e-06,metal,metal,intact
5.7085941857239054e-09,65575.18973138377,0.006502300567402899,9981.781449839926,5.3467095898122894e-17,70308.89964655144,0.36449830153708207,101851.13152405815,0.0007680189005763727,6.281566239149958e-06,625828.0683509286,0.06264845122410762,0.0758132609003431,0.014269610197151741,0.05079272927040833,76.74510404924843,8.16859511052112e-05,4.871698293042898e-10,1.0022682751058655e+29,22357.336124028316,564345441891523.1,26151.295175720516,5.641832550964504e+16,46235.4322310158,8.685371729806522e+27,29333.999188254274,8.227336258265824e+26,661.139129026823,1.7165439112616914e-06,61773.87152804398,7.829029818200266e-07,40548.44282535416,6.68734724872614e-05,79534.94920120508,0.000268313098523399,12777.96713875368,1.5969156692087666e-10,1.0531387068043496e-17,0.07292269630144313,1.6147819999248857e-10,0.09284256948610242,0.9071574303524195,,6.064442069399399e-14,494666.4018856303,1.328445529948534e-10,2.684701392602326e-11,metal,metal,intact
8.05642825640483e-08,65943.86029970812,0.0756759309972694,21257.362417074044,1.880464097181124e-17,70635.62979258051,0.12265538118437441,80777.11548789513,0.0016797703313472584,8.808434451059012e-06,7981920.869823581,0.020744755863810898,0.060198758125386435,0.09874064387267434,0.442479032313871,44.26900042535466,0.0003272632650850259,3.90077778335137e-10,9.964252061562772e+28,22536.038585624377,14920354667756.703,25877.54754436612,2.728254340900704e+16,45756.00484388769,9.75281075115064e+27,34579.49122367473,5.417307548469447e+26,918.6021294509286,8.127927269789521e-07,60461.789866699924,4.499940674834424e-07,41541.083495074694,9.752272493934471e-05,90117.78312159229,0.0006029012945069774,7669.614633526677,2.3102691946082073e-06,3.1984437432011933e-15,0.3679493816711347,3.158735879226853e-08,0.4797492460354732,0.5202507223771681,,2.3114279023790033e-10,33923.2561056099,7.869611388848241e-07,1.5233080557233833e-06,metal,mixed,mixed
4.091096594608461e-07,75563.6664608445,0.0961427406682649,37433.543742218826,4.926671619637185e-17,69247.8448685673,0.15717638220997257,59120.83712396619,0.004402235190082785,7.325059849977807e-06,5738678.279137357,0.09500501916276916,0.01849883758906821,0.049798136497530156,0.40963422384307485,89.58636396927234,0.0003173432712516304,9.245216841324847e-10,1.1839935491938179e+29,17555.705614046245,483295139205747.56,27417.357935332297,1.823599419831719e+16,39870.93899608755,5.042523489324478e+27,22440.480100896897,1.8210470229698442e+27,658.0962128974214,2.410708191003039e-06,64741.642132401525,7.578112652715543e-07,31333.75170038287,4.289319160406176e-05,74352.49669198625,0.0003698876520019599,37674.95528892006,4.54168533734208e-09,4.605223007035611e-18,0.2754001094746733,7.394432032177643e-10,0.29073684788082427,0.7092631513797325,,1.0821370931345752e-11,19988.325364942306,1.1858803881621589e-09,3.3558049491799214e-09,metal,mixed,mixed
5.2591222316973674e-08,79278.26200137605,0.03246050177888371,1878.1227476260588,5.521348856838985e-17,69243.20871863943,0.2828308087591913,78229.29004027866,0.0028753941902544596,7.7276431588745e-06,2559039.8169659674,0.046666644628519605,0.020986806170014163,0.05905789058356809,0.2655814668849059,66.88470508912467,0.0004556359744631001,5.466990421190973e-10,1.1292236893588691e+29,23808.29695064933,108800247360234.16,26669.89624139351,7845004796061019.0,38134.932254161,4.843727471410416e+27,26549.53590447801,1.1565017590922005e+27,924.3985365252532,5.069532495203177e-06,51846.20108318949,3.262569926752839e-07,22858.693316236204,3.354776509338815e-05,72575.19404819993,0.0005021118895936577,29973.64461574681,3.6842229579705286e-06,2.0231493598396134e-14,0.32511882179284185,2.187959105976935e-08,0.5017163068066408,0.49828367131376816,,5.686717067844247e-10,233938.96806509767,2.5545614384710813e-06,1.1296615194994473e-06,oxide,mixed,mixed
2.872391014596261e-07,66281.02263276213,0.019523501844918165,10281.889596405545,7.061668827815653e-17,69106.73661906102,0.21690558653406572,124132.24286752354,0.004942666244085663,7.122661083727553e-06,6462398.417484844,0.0556066536949026,0.007038758993440656,0.059337176118257125,0.09952153637682778,82.99596995530229,0.00011383193889284055,7.789126323506369e-10,1.0109558380993754e+29,15932.695118622923,34039707971931.613,27365.685313479873,3.021268457644489e+16,45395.745030588514,9.299893766585146e+26,23447.331023747585,7.902014814922845e+26,585.1640989141732,6.295956922148282e-06,45086.3447402702,7.136040017929553e-07,19672.348327600856,0.00010720400623405007,97407.98242621409,0.00025604240888828483,23694.379065587735,5.551690268124706e-10,8.586137921126396e-20,0.3708516616322737,2.2997636974617974e-09,0.20266255296035451,0.7973374447398817,,2.2313897838159445e-12,108.68555616383533,2.679621474442207e-11,5.283728120680485e-10,metal,metal,pinhole
1.4576234045529733e-07,75786.28291230301,0.06735266474118266,11609.39269746616,7.674745586090489e-17,70691.16408715695,0.34416313858587133,89091.19823467948,0.004345100176482148,6.096917553065204e-06,7284987.39330815,0.0846115489502896,0.020588967810460428,0.09076809380461624,0.29605658958415504,92.85246202917989,0.0001457463748174055,3.452998228511268e-10,8.47459293387523e+28,20549.029767236178,470521236278179.75,25345.546321051548,2.558734427027351e+16,49147.01160901657,8.318523263768869e+27,36254.320664698826,5.1837294347326244e+26,840.157663261569,8.38867303337216e-06,45154.08092216008,5.243006316635324e-07,37053.35905329647,9.361462707870228e-05,85678.54112441685,0.0001409725472927818,15468.393298741934,8.621463295859528e-07,7.715340997128562e-15,0.3522263199074804,4.947113033493187e-10,0.1827273285960632,0.8172726709092255,,4.295971319003276e-11,4236262.078784777,6.549808681135736e-07,2.0716546147237923e-07,metal,metal,intact
2.0250956156534388e-07,75692.09069252168,0.05509357224798315,41718.290406448905,7.640186234857633e-17,70280.64664619905,0.1556098033855605,47861.66632517563,0.0008139280918611996,1.3098446906076077e-06,1524463.2635999501,0.046344874901350454,0.032773377180145224,0.0939572039752564,0.45528852598393804,67.65006621320205,8.367320186410975e-05,9.148618002924076e-10,1.0469667627860893e+29,23334.069710304277,624288851632477.6,27229.477226568833,3894882969763318.5,46441.83232581639,1.449550467184478e+27,31385.020123575487,3.119082178305263e+26,1130.9656802308168,7.89246575117178e-06,61186.98990964159,9.953411453933976e-07,31666.35921612669,0.0001253466036474712,84863.89769813184,0.00016312946430402866,22097.74666806667,0.00028402616196141297,6.14216183740895e-14,0.4250557593712686,1.2604528587494168e-06,0.33974561837866524,0.6602531211684761,,3.662806017316574e-08,1009.2908023368472,4.664451823985169e-05,0.0002373816437215613,metal,mixed,mixed
1.620975202210216e-07,62683.19759526733,0.026901904300289443,34155.1931073533,4.005182403363109e-17,69947.6962725786,0.15971726256770713,26125.71729344722,0.0017818723016896439,4.123649863518682e-06,8763278.546816228,0.01946602791412283,0.047419596133350124,0.07723373356096198,0.46464584096603656,76.21983916745253,4.255095937584648e-05,4.3910397167755864e-10,8.087189181463117e+28,18140.46697817885,39066802544086.42,26962.335870666764,1.1098806423052676e+16,39196.282323383864,7.439633462096754e+27,27781.993223054626,2.1810970127019754e+26,578.4570548686053,2.607828117933118e-06,53553.465821081394,3.95097260264883e-07,27178.029753844112,4.632633192281537e-05,91247.24988431124,0.0006533627684819437,37723.05722161368,2.2502781215729667e-10,3.861070434855765e-19,0.23191453495941036,2.0592903880390924e-11,0.5045444860803373,0.4954555138990696,,5.265108551019471e-13,968137.5124307266,1.585629466428201e-10,6.646486551447657e-11,oxide,oxide,intact
1.802386650736962e-07,65306.91899035726,0.06527211511031847,37205.64975927616,3.1057595660965464e-17,69668.61853775759,0.30167690511512174,55710.4792881027,0.0011404311782526255,5.360250840374345e-07,9675384.805761253,0.0335481536621195,0.010950625169922273,0.04552270685354699,0.2650450305400292,32.449697453124365,0.00034725166624381806,7.001173375127058e-10,1.0119593078598535e+29,21654.56600924206,732660486128087.9,29193.076246026085,5.316662802177906e+16,45851.47615613487,8.750111726870959e+27,24928.85828196084,1.2424260462396455e+27,891.6394693150093,1.866362684826838e-06,63629.13511396031,3.0103869194787033e-07,28011.834758179244,1.1730049523880966e-05,86859.70978283581,0.00044788878293967893,11269.440548982207,8.344293772783116e-06,2.2795424939029165e-15,0.42143652707681356,5.3914990199569645e-08,0.47531475876021084,0.5246851873247991,,3.823806731024667e-10,1796558.2688742804,6.852367220683891e-06,1.4919265520992255e-06,metal,oxide,intact
3.8812732223573324e-07,67369.67360891515,0.08064020569233463,14560.711641089456,7.030254775116631e-17,70699.48687218355,0.16717271545680962,101957.10023957059,0.002462949751501701,2.698538523103121e-06,7693104.782331195,0.000363898830769146,0.07363661719649012,0.04670087754433962,0.0241729541357345,11.136344929279556,0.00024962612774664396,9.055111830801904e-10,9.621586156910259e+28,20568.127300494318,70853320211183.78,26398.269149819138,1.7206615513811852e+16,38812.582914011386,5.517784707008562e+27,27527.128357103156,9.341810549572644e+26,855.2058133707318,9.247461081028577e-06,46571.478989872274,9.413045867310423e-07,36473.66077486206,9.619603200818904e-05,96689.69643030733,0.0005999762810353125,17689.616571876075,1.3298214622285866e-05,8.419063570157783e-15,0.4443661116009372,1.245222664861829e-08,0.5801151578691697,0.4198848296786037,,1.5052173072251938e-09,84673.64071324607,6.8114912237236795e-06,6.486723398562186e-06,oxide,mixed,mixed
2.2181422574627277e-07,78866.72001114415,0.09376178815407346,39474.73887138126,2.2829899309559094e-17,70261.8028873717,0.2960301415862666,122854.61381872334,0.0032603652388631258,1.3563718745858478e-07,5643592.769157689,0.017083923446597062,0.08676976826592399,0.049088604265072694,0.029331577523858884,22.94206770779686,7.69019340173866e-05,8.868790510528665e-10,1.147846171030533e+29,15970.670165377513,705564807844647.9,25025.420699824976,1.5945847918163712e+16,47846.13245924773,8.138325220819254e+27,25449.2077235135,3.640982627570847e+26,768.8651596578547,4.923886913700288e-06,55622.72025342018,2.7856271875771506e-07,33880.61889820243,9.066600504223656e-05,91586.15610306303,0.0005976024935029182,17052.833351225614,1.2169449192372608e-07,4.982765886219921e-16,0.23713378004671679,3.693469916529867e-10,0.011794613504260792,0.988205386126392,,1.7855201766899346e-11,5488072.022274164,1.0286778159765895e-07,1.8826710326067127e-08,metal,metal,intact
3.88857944609375e-07,62487.920019327714,0.026678480311486494,48738.10549013845,6.8835527524385775e-18,69636.79901295052,0.20600211279945402,38753.591939790575,0.004776232833136988,5.934106274378087e-06,5148219.173805936,0.017858726504418845,0.07277586488051667,0.06876411161395954,0.34744625315438726,39.74773640868529,0.00015155778729803436,6.522271502655904e-10,1.0340244428313877e+29,23409.54381226979,419279228057454.44,26411.212094069437,2.7536032737672948e+16,44718.933347399834,8.666674285890637e+27,24402.81737207902,3.550457181074955e+26,1216.4179266236638,2.381919028055293e-06,47902.83075364101,5.289253596178455e-07,43061.73826673764,9.020881808119747e-05,98698.90850967467,0.0009223496631055714,15274.384262887577,2.0588632691357594e-05,8.129531118134977e-15,0.49188493280016893,1.7264390018421109e-07,0.43658124740702703,0.5634185799490729,,4.692752219477756e-08,146.54028521948402,2.5990084777590903e-06,1.7989624213598504e-05,metal,mixed,mixed
2.8921237297114107e-07,68217.68388942457,0.07994802554894823,16817.052395083192,5.788899181249366e-17,70405.48056868052,0.35166808918005926,164252.39318748453,0.001450940815253428,4.758339366552947e-06,4697041.223542377,0.028884798264086558,0.04612550640237525,0.0020621013118226643,0.44196813371240384,94.01447118133758,0.00028002165627756233,8.719150728202091e-10,8.843666572410775e+28,17733.67658046059,60734808038766.96,28123.24911168325,2.6705457962302988e+16,42514.35659829284,3.833741742064395e+27,25133.909769183552,3.0230586102072052e+26,912.8682999317824,8.017379692963368e-06,69485.8703218095,7.695859012748921e-07,13096.6096374312,2.7205403370569647e-05,86357.27821050861,0.0004221476646043969,20287.450314667607,0.00012472850400286728,1.22877956690637e-12,0.5657488640927234,4.945348601625738e-07,0.2031147905904627,0.7968847148746772,,2.306893037553502e-09,2875994.912063699,0.00011342829155871257,1.1300212444154706e-05,metal,metal,intact
2.582605477817709e-07,76318.13617929674,0.0006918768924660285,29771.628300155186,4.619728742760066e-17,70666.24660841118,0.3796793491394309,115928.99897391672,0.0037848602682128904,1.702929718920991e-06,4112902.9748304994,0.0790179863126294,0.03927344832711943,0.03848930518189497,0.3543230314445217,36.23928964878059,0.0003349495308442933,8.530212999749653e-10,9.339377622449169e+28,23282.777109419083,119188578093087.8,25378.915992066493,1.5775988918362516e+16,48808.235142233934,7.623968831397454e+26,36780.92854244812,1.8944225590123607e+27,714.8475704950179,5.954203202386095e-06,40757.736630563,6.710485151595412e-07,34217.33215136891,0.00012099925264561054,75992.98471304748,0.0006998067747627978,10938.522082593161,1.3935717085629093e-09,1.1799972094612826e-16,0.24914825932575144,7.834314135376679e-12,0.008107414593840564,0.991892585398325,,3.0376514046420426e-11,4035473.582130245,1.173498735605239e-09,2.2007297295767035e-10,metal,metal,intact
7.362751751308017e-08,74345.4398595252,0.0099180090113181,12249.952724225739,6.37012872149767e-17,70538.6485160014,0.09582702296588992,44010.09269193823,0.002130924618091023,8.93219195858394e-06,7124418.924919695,0.04015564741516819,0.05350903426340092,0.002191907517894155,0.044290562278355886,43.65016561802613,0.0001382594294653763,5.654747767450376e-10,8.063020549022694e+28,18463.494476407835,685566016646476.2,25114.604209413086,7621142833756570.0,41488.633656885475,9.845750137206582e+27,20344.849410072693,1.8187086208133287e+27,692.3411623655448,4.819412988586439e-06,45525.349945372844,3.415051233034195e-07,33078.67144908988,3.970694393272275e-05,86921.01190322373,0.0008609294578967959,16004.123296827753,2.8103150640545897e-09,1.0796473441770621e-17,0.23093078807759057,2.574870428841786e-10,0.5427648682735139,0.4572351314689991,,1.6283670282593266e-12,586224.546704454,2.0837588085002745e-09,7.265562555543152e-10,oxide,oxide,intact
1.0012831781106395e-07,71255.37968000353,0.07095093074747541,48189.927681660854,6.393055347683552e-17,70844.00304778777,0.16145391035839404,141829.56455219886,0.002686934837106063,9.998692824255541e-06,8822725.505326554,0.02208471736341857,0.038395627815755166,0.080362560021141,0.12176783319266223,23.146801265136332,5.989550099561428e-05,4.989498049792217e-10,1.1647276463994008e+29,18112.48743266291,736471714467654.9,26876.216848567034,4.4464855332672056e+16,44815.854182959825,2.1501218553824233e+27,39333.38500128768,1.817160151564749e+27,850.9558817465941,6.481607752180607e-06,59397.41594513373,5.625222647793064e-07,34312.098871600625,4.6447890973865776e-05,89145.5256557657,0.0007588845261927763,8110.0585869908855,2.324882925332592e-06,2.8916739916406005e-14,0.4127723201425923,3.956751544538901e-09,0.21411401643766004,0.7858859796055883,,3.029086476939649e-10,4880327.645085563,1.911680862678095e-06,4.1320206265449705e-07,metal,metal,intact
1.9949687648080494e-07,69732.09419587775,0.012455386825937859,9613.117560930677,3.800079324792874e-17,70440.19169926754,0.19256447905578228,49003.97373509548,0.0020583317163545226,6.893897986710803e-06,8774169.800235908,0.0048509288339553674,0.052230112302963656,0.0852988770709588,0.013771537713087681,55.572861943501266,0.0003486607386338462,5.949136108313762e-10,1.0315866790467178e+29,20490.176348290523,80288352843771.17,29756.86479470979,2.1795375410384228e+16,42297.176552570614,2.4246685313492381e+27,32918.09990451945,4.553088840528958e+26,1019.1127791931797,7.940857200796038e-06,51089.09032945954,4.875534950549655e-07,43988.721664847486,2.583408812280524e-05,97327.69615908679,0.000956873750411034,12068.737060422562,1.8350578754144217e-05,1.030252527928941e-14,0.44049893233155313,6.050796858353825e-08,0.47573885342047073,0.5242610860715606,,1.082100163297386e-08,6319.531104530503,3.6948935403015537e-06,1.4655685213842665e-05,metal,mixed,mixed
2.0422978819684982e-07,74032.48324911816,0.07027676496463005,13790.105915132099,6.983360801054786e-18,70103.13716436138,0.37888069123331974,129249.1907988554,0.002645821709376972,6.192745737143364e-07,7992566.728265276,0.09126490781186888,0.002572158649295835,0.00867046303557189,0.4228952883052742,31.987815387917603,0.0004880511582869024,9.09329389648713e-10,9.205122360863898e+28,23033.53881351354,55952057962032.59,29400.44288829965,5.702486359953153e+16,42730.60600275247,8.180202568150266e+27,39810.63210263301,1.59972209786206e+26,885.8935075386732,2.519459044788821e-06,55199.791134464416,6.919961633762551e-07,34893.87354967407,4.474891256432906e-05,75502.19099215833,0.0009816079678877441,36260.84546959846,1.48103787227315e-05,1.3825090649147831e-14,0.44505139873773836,4.828686922326834e-08,0.19889088300714086,0.8011090687059896,,4.155476090186146e-10,4766636.805251171,1.2908574345411971e-05,1.901804377319529e-06,metal,metal,intact
3.8585963812999716e-07,73878.24949971438,0.06898533252718383,18382.750743782206,1.0482956441197995e-17,69738.46881148881,0.35397960005902696,43320.35374095768,0.0025543462763131836,2.201766319183165e-06,6898845.712064168,0.09534698601589323,0.02335756862692868,0.07257679427478775,0.43599768712844966,58.27262452008459,4.362412363511404e-05,9.715718142987557e-10,9.16008094493056e+28,23383.55568354961,454205161647458.56,27803.34740502445,2.2770351027689736e+16,35062.797777656,1.0305119617534166e+27,27372.026167276294,1.663728229007046e+27,750.4865555961217,3.2319987304612166e-06,63178.48318620109,5.474935819637365e-07,10362.971908545018,2.6823944521509994e-06,75443.26198639354,0.0008664960147804716,23854.951702662773,1.6936961384298097e-06,2.988826343510544e-17,0.5542956048188964,1.1456456021131797e-05,0.08811068159584416,0.9118778619481347,,7.176176287561993e-10,32.83128079582405,2.8771804369447844e-08,1.6649243340603618e-06,metal,metal,pinhole
9.306124755797777e-09,72118.36456111394,0.010555886007031954,29683.609722812416,7.593799191364157e-17,69713.10206270537,0.3327468665998928,115159.61529085807,0.0038791587001397367,9.587894075636964e-06,7051955.570109586,0.028777602535654864,0.07906074452310843,0.03612451296812856,0.3420448989082095,26.135611605570684,0.00017342905606830263,4.88450503337789e-10,8.732516260499316e+28,17754.339352496314,495726273763106.25,29153.24474674397,2.7913835931421292e+16,40468.472737564996,8.575228569385573e+27,39717.41284074829,3.344201782378937e+26,1190.348003258117,6.410392869032861e-06,68478.40619774506,5.383503221423692e-07,25402.257584650215,9.994383694311125e-05,74752.68830631225,6.011108345811453e-05,10483.633079314672,7.220524997461042e-06,8.49502436505541e-12,0.5805195752586435,2.1110540550571384e-09,0.0005292929966019528,0.9994707048923439,,1.0830927953610639e-09,7043477.015109104,6.1806095771999846e-06,1.0399154202610577e-06,metal,metal,intact
3.2658578159998897e-07,76836.72712094455,0.06753127418257512,38033.242933967595,6.673942714109274e-17,69191.23905240007,0.30015092815933814,150207.1005183214,0.004668480919697862,1.310089170359479e-06,4270134.048142577,0.06283032355841059,0.05626493181191632,0.027567884913576618,0.38894351117885256,87.6214096211162,6.101874663580163e-05,4.1880587850213217e-10,1.0904692159064555e+29,22527.81827712649,63372014785680.74,28886.927229754583,4.705268309869623e+16,43889.884262705076,8.610588620113005e+27,39462.84317089021,2.2595724877005047e+26,770.9093153403134,6.648471198216963e-06,43354.73051341748,9.762323202978534e-07,31153.242454452222,0.00011744001869848724,74609.48668020271,3.406430553065424e-05,32187.558251125654,1.6450861826591416e-07,2.8921468868782984e-15,0.36305334212129314,2.3241760135617507e-10,0.03108613798332796,0.9689138617842545,,5.0940046896990334e-11,3971289.054377958,1.397412955450527e-07,2.4767322720861463e-08,metal,metal,intact
1.8767395981314438e-07,66468.36737820265,0.03950644576077745,23360.9041594391,6.722353265199239e-18,70620.73391422551,0.1539859436095799,134430.5687624938,0.0023290896664408195,1.2252733650304885e-06,323351.1885426882,0.02920079187826721,0.07828555978721344,0.0029498990720517888,0.24262225191808576,93.93457078315075,0.0001939788258124119,9.144605804804833e-10,9.087175343648595e+28,15959.291395200155,744473051032064.9,25727.10368281284,5.514260156950821e+16,42113.847207895524,1.9432182021160446e+27,21766.534850840602,1.6794737028144352e+27,1262.6453194176302,3.4596906618193904e-06,43080.35499904878,7.522286235357432e-07,38092.19656850999,4.846101565596717e-05,76285.23692248011,0.00015168731917473724,33099.157257146086,0.0009560083664640958,2.783259260998089e-11,0.24757884233448793,6.454113451906555e-06,0.06614465441304644,0.9338488914735016,,9.897175025273896e-08,276747.9822553353,0.0008443867657036191,0.00011162160076047664,metal,metal,intact
2.575493166761636e-07,65389.01164985632,0.09189839356399483,24509.230122037858,2.943540268538797e-17,69349.27644883007,0.265895102348363,137494.3473892486,0.0007494658281617683,3.8638312946543435e-06,8529597.705144616,0.07404994766125735,0.025788493960087793,0.011251624370544487,0.08256474960982343,61.10446935179183,0.0003226713342902638,4.267063687268966e-10,1.0872719262279923e+29,19492.804298615738,182741412691391.72,27915.78275337464,5.425736924214003e+16,37563.138995332796,2.714381076771953e+27,38367.73324506044,8.379797907283937e+26,812.5051075509288,8.689300855538674e-06,57058.19035916454,4.692276672128582e-08,48301.852771900325,0.00013375151077985414,90835.85446002879,0.0008949268013529764,17888.23639428359,1.2510155665383169e-05,4.467428035693593e-15,0.09593487429997274,9.047528748771598e-07,0.29232365219217454,0.7076754430549507,,1.0256655089543489e-09,7748.266281429469,2.9116515947882653e-06,9.598504070594903e-06,metal,mixed,mixed
2.4024173787109555e-07,67722.4548010935,0.03374059881328996,40034.48773069808,6.250154217919359e-17,70792.2301885278,0.25332662203788286,25554.59787533087,0.001394900848458622,6.9940873563569185e-06,3087313.450951922,0.09627924613452908,0.04397689875196781,0.0348491308933296,0.18509665337888642,50.97320441552091,2.4182690579665585e-05,7.568492264539921e-10,9.349718196494082e+28,19655.058672985288,392544315162206.56,29244.714443980283,1.9197082797672068e+16,39972.26514353408,7.611840035352814e+27,29980.658215939096,1.5378791202532815e+27,1008.7606957368785,5.037866939139489e-06,69601.79009403336,9.02699202902254e-07,33720.9115834128,8.806721019197688e-05,91315.99082514588,0.0007827806462671013,13155.403410491856,1.1890843088809684e-05,4.8822613834139434e-15,0.4382248122070492,2.7207459008463553e-07,0.17195196542886815,0.8280477624965417,,5.244045628410748e-09,485.52547491477884,9.991358548141684e-07,1.0891707233995515e-05,metal,metal,pinhole
3.7716737534672435e-07,65146.08310508971,0.08489225907209716,49735.101156529396,5.150130667736291e-17,70127.99468909857,0.39692235562334865,86416.79782266123,0.0016355208649065822,8.027193437196619e-06,780090.3846908851,0.05939155624964912,0.0029864211570102234,0.02263296276085718,0.20291917629528483,54.117989153416154,0.000274045627360085,6.322499765817928e-10,1.0970335898609154e+29,17663.754986220207,548049039395855.0,28178.43415197876,4.488152645159393e+16,38522.88008082395,9.223694052814727e+27,36052.92658890995,3.520662992774827e+26,1159.2254472529812,6.221115749474921e-06,56000.73694256637,6.872805076355724e-07,22947.943961373065,7.762121034718412e-05,83673.36023994682,0.00022089385209838456,29793.890074315943,0.0003509517906567585,2.5503755916899535e-12,0.34250035445450494,1.3520292857583352e-06,0.5448148900945473,0.4551837578761669,,4.641515478766441e-08,16915.470358196784,0.0002190600387459732,0.0001318917519107853,oxide,mixed,mixed
7.922959806808435e-08,69821.7079538427,0.06821579442515818,31411.18580636459,5.269388924819422e-17,70744.19292630829,0.20178343134641802,142541.3559307254,0.0009730341909297911,7.935005428594595e-06,6597589.56651215,0.06676516816275865,0.03364929101989563,0.07835380025272502,0.4155340953120211,19.43697577920875,0.00023751394203226804,9.76111869573535e-10,1.0042649486497586e+29,24675.18679778691,231009726109621.5,26697.42747945583,3.382887782027197e+16,45477.92837693651,9.601193905294166e+27,33834.518448739924,1.3395638127830759e+27,964.3391217877772,2.8087495919829693e-06,51677.344322201825,9.892552643654432e-07,12074.52714674666,2.0984904163830386e-05,77206.42528758218,0.0008859362066360057,13015.925641590919,3.079946284582347e-05,9.83400958360717e-13,0.6530027672126775,1.0846464578156504e-07,0.07282634083422503,0.9271735507011293,,4.229865984399501e-10,5488130.5936836805,2.4911608152785552e-05,5.887854693037918e-06,metal,metal,intact
6.018210973907803e-10,65905.81487731781,0.035298458994808914,48617.2702941051,6.341636121983517e-17,70283.57843918285,0.34144104669610603,132084.14175325487,0.0019373706661022824,9.380004093739189e-06,4224340.763942026,0.06278140962248276,0.05509420724786083,0.03089441019960749,0.3607380904826579,90.68299968162765,0.0004677435933480195,8.444702105776538e-10,8.226434109090785e+28,21236.96221915005,758515518357607.1,25249.47558870353,6683169448533654.0,47663.45820020333,9.334608482577118e+27,21270.33145256892,1.6370254676794319e+27,862.1480206894266,1.4536949162346651e-06,42186.75616434432,3.569431695584217e-07,25168.903459235495,0.00010887283108467728,76997.60927423024,0.0002126428807858819,16731.527885437645,2.2700430341571937e-09,2.066942680018394e-15,0.3503038823887404,6.661117596274569e-12,0.00014928730110415702,0.9998507126922349,,4.485473320953978e-13,4222893.46126649,1.932286108922317e-09,3.3775692523487683e-10,metal,metal,intact
1.4398401558718728e-07,60692.77051895328,0.08370353920729828,5324.7515933012755,4.414150680993096e-17,69328.32913211687,0.39620147808635037,55545.83445638246,0.0041817521609374695,8.921103433929763e-06,4042570.0623222836,0.07652586872031397,0.08336547807539153,0.09380805946547284,0.37885967937535336,7.118685770907303,0.0003477832728343093,9.482491620952629e-10,8.622648928633319e+28,19793.86770208603,694763913174787.4,25747.555469107363,3.374903332148083e+16,43137.68472966885,7.60946063877235e+27,31661.43866302963,1.0655231978472729e+27,807.0308710661994,8.91310099209915e-06,60453.86149522368,1.1409342135655205e-09,18879.768647254758,9.803016877849215e-05,72019.06999748055,0.000394249953769878,16589.60497491576,5.010558499569801e-07,7.119139185131152e-16,0.03239426743336247,1.631775675059501e-08,0.39810013324722904,0.601899850435014,,1.163923298329229e-10,7455.248468126537,1.1461205743986162e-07,3.8644379251711854e-07,metal,mixed,mixed
3.014444177439859e-07,76622.59217481909,0.04663241427883349,41215.86340016278,2.5458396684120606e-17,70064.39519476968,0.21901707209082022,114700.80078873312,0.0016946161208839796,9.999845123645377e-07,6443990.512186746,0.06480039691629642,0.06687720003396237,0.004417501142705209,0.05426523122202722,63.569094385471004,0.00011030520188184172,7.937934397969229e-10,8.872774868203105e+28,15750.235949646456,400282074665681.9,27194.79661952254,5.2374690438872984e+16,39671.619317042,5.25297976546725e+27,25217.5319623767,2.9445620004608483e+26,687.2720730109158,7.640681651220022e-06,41701.684429096254,8.737135055380443e-07,48434.751570494635,2.4352831574563624e-05,87779.19530518833,0.00041145206714278626,20180.58765586071,1.9556543438940862e-08,1.1064678385036125e-17,0.17087093875997555,1.1558015984969398e-09,0.43923810380700407,0.5607618950371944,,1.355399923378499e-11,1091323.832984364,1.4285448780653984e-08,5.271094658286878e-09,metal,oxide,intact
3.813984048054043e-07,75909.6111824959,0.021037579004736816,16227.328457492793,1.4230947881090298e-17,69332.03393825862,0.18131362287525785,149395.04581031227,0.00422426887443108,3.018622959112183e-06,6567027.465744925,0.0471289832666952,0.0772417411161936,0.04473835794423152,0.31289900603613297,28.31790835302422,0.00018140294099220543,4.614510962187409e-10,1.024733258121545e+29,16339.55448191438,571996103303779.4,25993.089065972945,3.598023323601093e+16,39568.653643029844,9.058735552616673e+27,22218.607968403387,4.9201703981969305e+26,1266.8651171916406,3.0108372593738835e-06,41711.95613773781,8.773111004137042e-07,10086.253350836949,8.032674797798186e-05,86627.30518782216,0.0009911294334582442,39577.95038630058,0.0013715646858179138,2.1251095793177745e-10,0.6834547316698137,6.926251819038757e-07,0.005900262460176498,0.9940990449146415,,1.0238744207465988e-07,6466136.636577226,0.0011385597659232982,0.00023300491989461554,metal,metal,intact
3.0717327113199656e-07,64755.74697696819,0.036936010531297525,43949.67091538724,4.961967330498754e-17,70479.24713081233,0.2520244188223645,163023.0716711938,0.003212174008475651,5.195203247607153e-06,8045844.972639806,0.00724103550365816,0.08381120358021461,0.05109951016643202,0.33904586467419734,51.1524112343591,0.00034251665827248124,9.166188965743019e-10,1.0418104834706897e+29,16708.018258998756,591396035786076.2,29185.96758627703,2.849081770540808e+16,49475.30045701136,4.8088134246164594e+27,27330.18227384978,1.6960445406184728e+27,881.8548889990382,8.036363421775047e-06,68534.01404204505,7.591646873480142e-07,25251.715922634117,0.00010752066133940442,71411.8687539439,0.00047642748802680774,11954.475952240435,3.8081928146948705e-06,2.3229996531556534e-13,0.5295677750153084,6.744656024792658e-09,0.02510982427379363,0.9748901689815503,,6.375906017661663e-10,7595873.270735875,3.256193032998365e-06,5.519997816965054e-07,metal,metal,intact
3.6711092819342917e-07,61897.58371545203,0.02604953131359275,25171.401913247635,6.743713860443981e-17,70413.88829560085,0.09965521549705983,112340.22394294624,0.0015022412056577635,2.334575782819577e-06,2651156.752236555,0.023432332274592533,0.033153272472156554,0.02094300405263637,0.1319431527315382,45.44749343839436,0.00045905167459561877,6.227333286648993e-10,9.130075558126605e+28,17495.53427700787,254184884423871.34,27975.345172083988,6585045150646542.0,43382.46119832081,4.269444532844943e+27,30037.8405113806,1.5393392465834677e+27,1224.9585333784635,2.396901440230694e-06,47816.474320457244,3.5805597197670227e-07,15704.683466036931,9.601665087770053e-06,79951.655594816,8.368553551467752e-05,17117.247968871074,0.0019197697961659205,1.6428730660516297e-11,0.4460442796206821,1.927738797875139e-06,0.1504110693961449,0.8495870028650573,,8.002571041058254e-08,1846422.2872155618,0.0017463334028365387,0.00017343639332938177,metal,metal,intact
3.261067645039991e-07,62725.95954470992,0.0042756015835209785,28879.468918679704,2.6968068602413064e-17,70243.5587861085,0.2451563977662124,145893.1924054449,0.0031934491007944263,4.0347733344202e-06,3502700.0499647153,0.0031505312367749393,0.04067152831159674,0.033602422354188095,0.4222734932416985,43.94631440413281,0.00047253921389501743,9.19267380680039e-10,9.96032429966459e+28,16431.303531300433,436937766190875.5,26663.112968982812,977440187394407.5,39612.966641338164,4.6585698724464023e+27,27841.211045124826,2.060458235345011e+26,1105.4348679249665,1.997969885505057e-06,65856.85575998551,8.357597277643354e-07,25584.429539218938,6.627776571363135e-05,93627.9665094871,0.0007765287584819217,30749.001685461604,6.885991180635466e-05,2.005180121135139e-11,0.5232293253799395,2.2712550998606754e-07,0.005779612695957881,0.9942201601785322,,3.739578159824326e-08,3458302.1649609925,6.350512467646437e-05,5.354787129890296e-06,metal,metal,intact
1.7458391549579348e-07,75238.85899989441,0.06871234381959797,16040.69779262598,4.8048771802766865e-17,70590.20132432993,0.21391096548836797,98446.69996903419,0.004984842635965518,1.695720414640744e-06,9787696.967509741,0.046254704425120474,0.07921366881292709,0.03114526355529626,0.26626304940184864,90.4723497357337,0.00013589468775860615,5.156728531694928e-10,1.1226157994192035e+29,15002.91229140198,227843698792637.38,29080.36569810507,3.8239814953973704e+16,48270.289720389395,9.263497121793147e+27,37963.34030053775,1.300172923117011e+27,985.3661387126252,8.740293025838117e-06,65901.29989417008,2.9917338016502375e-07,37456.0330793154,1.3244186777800283e-05,94079.35934897608,0.0005749808590844137,34351.75485320686,2.4846135525404872e-05,1.477717400678651e-13,0.4107325092029847,2.2429199389014786e-08,0.07679903911820399,0.9232009384525965,,9.138770022771803e-10,8111380.3668546425,2.0683199735816972e-05,4.162935789587901e-06,metal,metal,intact
3.474990910119956e-07,73191.33293436708,0.09407679184749504,16059.971811652316,6.956484093680316e-17,69335.09383102758,0.15806650729742353,66841.91636333539,0.0047712318496418715,8.032761000174858e-06,4379177.956261163,0.05209098805594816,0.030447313003541036,0.09325032110648523,0.19838714058941834,24.334786202140403,0.0004609986406157444,8.486715885168284e-10,1.084981331788527e+29,22882.057461820463,278710445775772.66,27986.861293209473,3.2763838708561304e+16,49560.353440302635,1.4154969859101264e+26,32428.800829353084,1.032301605763629e+27,1266.268172022912,5.829339331555474e-06,42897.785205415246,7.742881740236657e-07,5313.499466856965,7.491303121509766e-05,91391.30089900504,9.940329247401933e-06,37507.85528566693,0.0013942716987432125,9.847020940576385e-13,0.6352871101472568,5.736631881458671e-07,0.37225190401807173,0.62774752231874,,3.287924758050482e-07,1356.346720114522,0.0002077000590129933,0.001186571639730219,metal,mixed,mixed
2.4279882639012284e-07,78800.67879659447,0.005368006874322148,35368.12454723649,3.817887367933768e-17,70176.34174086768,0.37580865306205247,147855.23653177178,0.004013781897616434,2.3183299014933897e-06,739507.7270774059,0.09083600629860249,0.028484461283260303,0.0853236675188068,0.3007385516582699,86.86479630327398,0.0004925745436637847,8.245017420743264e-10,8.699048750044776e+28,17151.96441315223,237945173211235.1,28385.518750884603,2.1281530055511976e+16,41960.716006845185,6.865011968358579e+27,27353.872696814553,1.5520770313855147e+27,959.396195897746,4.820390812317164e-06,63052.43220567012,2.0116907839539383e-08,28935.057036315804,6.053838782795797e-05,84551.63160898005,0.0005503187488671579,39149.03300851119,7.616338097905996e-07,1.1116245621165487e-12,0.054909334432091894,7.240837575058489e-09,0.0010218330891367524,0.9989781596700258,,1.7239456529281537e-09,737626.4037639895,6.056197536027517e-07,1.560140561878479e-07,metal,metal,intact
3.08091689158958e-07,67466.57184326056,0.07128300284781547,2149.169536290502,1.2132416222255815e-17,69815.36908886606,0.09383298552702365,89766.67217412007,0.0008563621682558068,5.073065305502615e-06,3323097.585632653,0.06202121502641531,0.019098931926625786,0.03959551246333452,0.2965339630366526,34.50292824094222,5.6092955397844006e-05,9.315671215072367e-10,1.0145526155369895e+29,20922.304206653564,672869069741770.9,29968.556515861896,2.965553261359874e+16,37384.52490440149,8.30844150949437e+27,38858.354357210395,1.319749011015306e+27,1108.9356206766709,1.918355108594293e-06,41758.45894075209,5.76931383949957e-07,41646.16343990375,4.964514695622761e-05,95344.13324355014,0.0009020886762615697,18344.691559140934,0.00027529672447789165,8.423626972288314e-14,0.4037269283210197,8.051323076864496e-06,0.1907763648318932,0.8092155838450299,,2.3585221597879066e-08,244.05728132886418,2.6387712053020818e-05,0.0002489090124248708,metal,metal,pinhole
2.8173574512395507e-07,60926.11048621316,0.03362431219470446,12088.106095663406,3.197919915231334e-17,69675.2159423352,0.3273066282938147,69937.07221975044,0.0017595669526762963,7.587023790124446e-06,8309062.289371535,0.0845800259148828,0.017433824065670952,0.08206613567231912,0.25556238686986676,53.461694973543096,0.00013951794584445967,8.912649748487267e-10,1.1736767828605739e+29,21027.405941994763,5206197736726.963,28035.488514838416,5.195385713017016e+16,40931.500504230455,2.8077496139680423e+27,30389.21762553386,4.843312335399936e+26,1073.2418470957941,2.623764009969928e-06,46790.895673711486,7.550707761194326e-07,43302.93416483841,3.079477088275087e-05,91381.07774295795,0.0008744652551163115,18619.720619624284,0.00025395769957793217,1.1506639332387758e-13,0.5240438728974888,3.6395928582545118e-06,0.2712759601764828,0.7287204002306591,,3.515292765170441e-08,5600.229028271354,3.474684698571935e-05,0.00021921085259221282,metal,mixed,mixed
3.4336197463359604e-07,61335.779703198416,0.0790125416251985,6785.039801417811,6.524259440790856e-18,69877.79541045295,0.2368251175758294,114027.8521701429,0.003754373466952252,4.100711545365731e-06,7736823.484264867,0.012555910232580153,0.0916189821689448,0.06357322167277928,0.22610830230105977,33.049001955246716,0.0004283720661082739,5.059458685753062e-10,1.085684256616942e+29,18938.70405169942,406090601352279.3,26775.290231685092,1.7560055830505902e+16,45833.44299326258,5.705868416753624e+25,34463.63991242708,3.484507427162085e+26,1024.8382653093715,5.537261801653584e-06,64888.9649549452,5.4298735030601514e-08,22891.206675342128,6.821173250385716e-06,91823.57574172669,4.936829495063736e-06,13579.352086110484,0.00025841285620121135,1.2287630537226947e-13,0.2831803896705557,3.7314306836481257e-07,0.6177675222607718,0.38223210459615975,,8.245215718566927e-08,2872.2557134806557,6.802855328616242e-05,0.00019038430291504893,oxide,mixed,mixed
1.2304818609797942e-07,67273.48882142734,0.05811808653458165,38230.99638286499,4.396369511447428e-17,70345.06262087378,0.17500225541952247,139864.8012284992,0.0044209054428344385,3.30404653297723e-06,1494841.7303217188,0.021234146704054904,0.053284883623551826,0.007913102607032933,0.15734575370404827,46.38429093507843,0.00044803677187925384,8.922924609316555e-10,9.026937948161289e+28,23702.973732920746,651317398504867.4,27769.750841703815,4.71224909290372e+16,45243.492541401974,4.3645810503090447e+27,22734.758555379976,1.1992869390310181e+27,943.6120752474501,5.554708572784747e-06,64933.516617645844,2.855223804087431e-07,15581.076716150626,0.00012551752996004504,97187.35559287647,0.00015542138533950327,13872.901363901492,5.291207721010408e-06,3.6083486665054777e-13,0.30123747975728493,3.3523099382279016e-08,0.03584297206794021,0.9641569944089604,,1.0395369797950597e-09,1381056.7129798585,4.840664710223356e-06,4.5054301078705213e-07,metal,metal,intact
5.8152536683573054e-08,78663.65034179692,0.010771387546460601,14838.435706575403,2.0775115485069964e-17,70104.73276678451,0.17659796101456332,54502.69367956252,0.0018690053564521835,9.212399427085964e-06,8263888.864371776,0.018265867842973252,0.06523212361706633,0.0769661175585029,0.4486507155315097,41.66311739031347,0.00015743597031404367,3.268276330449573e-10,9.73149562895514e+28,18004.297453810756,569059839769688.9,28273.339507563673,7995329587487039.0,38693.21450108484,6.527490937254312e+27,37949.0797239578,1.720367354678127e+27,590.8791439502626,6.280874663551225e-06,49342.70757480637,6.461233000051383e-07,40855.57148521138,2.221506882137704e-08,89277.23065210911,9.172282857996502e-05,18541.29798149591,6.146754258893802e-11,1.6591224678214157e-19,0.1410229465564775,7.3282204841769004e-09,0.5578489022877754,0.44215109038400413,,6.798676912754451e-14,267186.962505125,3.5687847836781284e-11,2.577969475215673e-11,oxide,mixed,mixed
3.9313196111751385e-07,65886.43474059716,0.0234372408987477,36487.307503888675,1.3973364215946262e-17,69288.55113355262,0.302251797205467,166497.91470948077,0.003945012348953171,9.173491594115045e-06,4095414.344766158,0.013929782468746623,0.006679891530405757,0.054316434397912505,0.05396218241274823,73.61000080046475,0.00022493650775055245,3.114419670983267e-10,1.1154757522673347e+29,18962.038864754606,351974431827949.94,29555.780415911053,2.3870171778681544e+16,47901.40565720064,1.5449052500050716e+26,28015.387582929267,1.42660914245408e+27,1272.9318063464416,3.4459421198930767e-06,60975.7849349714,1.2625620025187745e-07,33374.696689857345,1.880405509553565e-05,88425.18732408971,0.0001549119030783576,21591.25332530462,0.005286832844016719,1.522656320102323e-09,0.3381902685085179,1.4888875573622973e-06,0.012447854097645846,0.9875506570147969,,3.8739771192180594e-07,3974163.48805851,0.0048859103907319505,0.00040092245328476883,metal,metal,intact
3.061290854207436e-07,73565.00656887604,0.08889704833366728,12209.27720611096,4.612273306264214e-17,69485.38301109163,0.38980337069568904,45705.84606478596,0.0011059049046038476,3.4297591992092367e-06,5300367.281889105,0.07691473959190706,0.028044395756031324,0.08290893143505984,0.35387113668977876,32.67993417716028,9.381670954593272e-05,7.648146859963838e-10,1.1573012718531238e+29,24523.209255017435,87329839084312.08,25257.30269748637,1.8442169825329812e+16,42193.27006314049,6.993868005952654e+27,24631.089782286424,3.242075418705696e+26,865.1903935788669,5.1572089071494934e-06,60669.50560923168,5.276100023241819e-08,12473.280430334225,1.2310574852774119e-05,74846.04398398843,0.00016837743163949549,30882.95995296365,9.084748063145055e-06,1.74112079634873e-15,0.2607771076677326,6.213972214126877e-07,0.266949416855869,0.7330499617469096,,6.865516075438845e-10,1175.1356316541853,9.350807398965301e-07,8.149667323248526e-06,metal,mixed,mixed
8.501640289405897e-08,65507.46014199757,0.0253117628887074,43994.60795276365,3.9207262976439767e-17,69227.20630024024,0.14604492046273504,124678.31492799547,0.0035450157771142656,2.1004559701344874e-06,7106035.007956779,0.06311224268057636,0.06981504765645664,0.09718654186160587,0.3425781380865025,97.70682050549803,0.00015222337634213996,8.683958063196435e-10,9.839034220913867e+28,22127.849393484845,813247828952042.5,27239.99087368946,5.973631056217174e+16,45072.782490137724,7.190055306262455e+27,36427.74805441189,3.701711157461393e+25,1021.0432709856912,8.10553071955961e-06,56418.338744713925,8.306836236962641e-08,7551.85257937534,0.000101817941272959,92222.92260348974,0.00017169751444749405,32350.74912358523,1.2047230162896525e-05,7.376264496512518e-13,0.39447238238217147,2.6978277858754056e-09,0.009717704750925845,0.9902822925512466,,1.5041632267957596e-09,6932938.424099019,9.251475190945527e-06,2.7957549719509984e-06,metal,metal,intact
2.978530693468784e-07,71904.02527204521,0.02592535113657197,1029.3342657256549,2.0234118606284447e-17,70681.7634504814,0.16106428484588597,68899.51006554416,0.0006230040975086764,9.475938783923556e-06,4672040.0863651605,0.0037823396352859337,0.05653141701112042,0.0564742804867856,0.15124456673624267,22.28356688919227,0.00048122677338205,8.67053032353445e-10,1.1414648240841668e+29,23563.35414628023,40599580597239.87,27650.80554952593,4.563200870962117e+16,47796.18368046863,3.2883879093950017e+27,23697.179610942443,1.3822254214453487e+27,651.2782452791838,3.3085731879117562e-06,64363.02494436587,5.211441648489468e-07,8937.618405918356,1.05640297093793e-05,70371.24611738572,0.0002997637170561585,19685.893738800078,1.7424524691840252e-09,1.4181953509198437e-18,0.48770411270594455,4.094235358247758e-08,0.45244424723790033,0.547555711819746,,3.0250461659897e-12,7.86828961360237,2.8534918057526247e-10,1.4571032886087627e-09,metal,mixed,mixed
1.5148402045249218e-07,61237.29127219045,0.04861324725325419,18889.49027205361,5.0856444145254715e-17,70314.75478222084,0.12899398842482832,20635.934283600047,0.0034672065850389296,1.104065804375889e-06,9020659.960030029,0.0871679629562342,0.025396374162265135,0.07374936457219744,0.40008078796646057,25.757350439073726,0.00024248427988523416,7.027834423993583e-10,9.592601383498928e+28,21296.829377976996,188386000246610.4,25053.48368582682,1647494267973020.0,35761.61950670957,2.7560435750581164e+27,37089.834352883,5.111511391777105e+26,1252.8257601069217,6.972569306513353e-06,48241.56720833814,8.90130743104795e-07,48269.7662848448,8.372910776010544e-05,75882.57382854699,0.0001627323029330903,11171.842875307382,0.0004023606042812855,1.2136309204112814e-14,0.6255271763915043,3.243329213550319e-07,0.17365925425481527,0.8263404214122632,,8.415419722858545e-08,704.0372591922171,2.6626429569345626e-05,0.00037573417471193987,metal,metal,pinhole
4.27635033884183e-07,69015.4022330446,0.06011268548674451,45953.33939542877,4.1993412145970203e-17,69253.03615499608,0.3078494846666163,93318.14017196925,0.003483050620780819,9.810558483501682e-06,1417687.471313711,0.0395765326419264,0.024579584402748544,0.08821659993270137,0.35273965345416936,3.5181765263843965,0.0001751934074702933,6.375522222405227e-10,9.894283075186343e+28,23821.725250541225,398545476711011.25,25718.8453056658,4.3897588874389624e+16,36333.7068266581,2.1333533602372695e+27,38485.19853156251,1.0983216034564782e+27,666.754356862245,6.955143771153314e-06,44974.76604524561,6.852719602621909e-07,12674.309777005037,9.946443191621613e-05,84210.20987259681,0.0004041407550097912,24497.347296998953,2.367352997198393e-09,9.846074479259508e-18,0.3344768924758364,1.2346816087574604e-09,0.5332369745033735,0.4667630242619449,,5.377906156794599e-11,2848.668629000714,9.676190676038455e-10,1.3997339295945473e-09,oxide,mixed,mixed
3.4014304404466156e-07,69052.5797677445,0.057826478457166375,42713.43501874134,7.108843559863544e-17,69763.49622048232,0.08644472716052042,39146.84038655876,0.001349315575559196,6.409334331952089e-06,8213695.524206746,0.08390552854740979,0.0123077206382851,0.08935776157467225,0.20828315018383295,75.23798045201322,0.00014070210611094656,4.70980785050521e-10,8.938616092310635e+28,22903.31061326595,702367015533329.2,28245.388926001004,3.100484813494907e+16,48699.77797202945,3.07477481000406e+27,28520.984888028164,4.124271780121675e+26,821.2279138619388,6.819232152503528e-06,50459.1217255112,1.871640717166247e-07,19383.24651861203,9.353593686000958e-05,96278.57544717079,0.0008768552259407147,35762.117865357024,6.82415735500937e-07,2.0619742568570006e-16,0.3807879982775681,3.00980516885564e-08,0.24704206760603242,0.7529579022959157,,2.765663524149018e-10,3538.3975244555304,7.354068089873471e-08,6.088750546022022e-07,metal,mixed,mixed
3.2865931138028764e-07,72234.83933410629,0.003138716319500914,24008.44943515748,5.994013783807786e-17,70016.92210666105,0.10358817473620299,83518.6720475127,0.0008636489536145357,9.207554266114301e-07,7262534.27961994,0.0926690130170314,0.037580999987859055,0.09509584299104079,0.2587525949751708,52.656661685222446,0.00017757431104053353,9.463996714810282e-10,8.580153603509305e+28,24034.786868423944,175424953243998.34,26064.06158666357,1.0063346274552422e+16,43735.574076489516,1.2680748544518487e+27,23317.950646530444,5.740538516352868e+26,1226.4326352983853,3.517036546785879e-07,62023.135728146925,6.687487471641771e-07,31600.61256965235,8.688401853162006e-06,75068.96553754705,0.00031012829893448075,24575.524191535333,0.0012147649625209509,1.4768587368785845e-12,0.5999876287042694,4.899411098562923e-06,0.19360322947443087,0.8063918711144705,,1.564175537503307e-07,3903210.172422786,0.0008757682846246222,0.00033899667789632864,metal,metal,intact
3.16458875233031e-07,77134.50151821022,0.06684923795465152,8749.68126100393,7.706919760472984e-17,69457.11562025147,0.33135180714206075,155377.5189054869,0.0005248834276026021,6.532433855196754e-06,3680365.6981236925,0.041263814769052366,0.06623557616969372,0.038890383485162716,0.27069057905645993,22.40571271971993,0.00033315925056972407,8.358689826633979e-10,1.0443811550451539e+29,18668.499757671096,620858134073018.1,28678.452070704476,5696912248120808.0,49999.472441751546,2.7957562653864896e+27,28682.86591982862,1.00948618619945e+27,703.4993683600769,8.014428387255722e-06,56033.897324364516,2.7671551318746605e-07,42605.81022477736,2.6813823045050518e-05,71993.62004863589,0.0007701994986651631,14459.432151754669,1.0844883606979486e-07,1.4572234431749488e-16,0.11361367992535862,1.0058674275329503e-07,0.48141219919524,0.5185877002180171,,8.321523517603184e-12,5380.564943414908,3.515115795624994e-08,7.329767811354492e-08,metal,mixed,mixed
2.1180178752324222e-07,73088.67909840499,0.08268404078339132,1944.718975589354,2.2172694925612262e-17,69928.96248691075,0.1577226719043271,149897.43756740468,0.0030948981767263692,9.82922551358033e-06,4582961.171306172,0.027798203265846803,0.0463984087771498,0.073667076438176,0.41867994043845,26.356135732494213,0.0003858345407464338,4.395866926490838e-10,1.1825973429566234e+29,17788.9279593959,810323286544643.2,26263.51082164324,4.2300881470242504e+16,43457.20874159849,1.763086400472838e+26,20829.583637552594,1.194327067895246e+27,872.3791143339242,8.146676409175776e-06,40220.13985470554,6.153076414550236e-07,24385.015654757895,7.199809613193727e-05,84159.01363534764,0.0001305129616910178,20316.552642964307,2.3549591979624643e-05,2.7747878452118666e-14,0.435582424919489,3.345305268350241e-07,0.47362032050232905,0.526379344967144,,6.639777594376979e-09,1308.339945924831,5.063074548441989e-06,1.8486517431182654e-05,metal,mixed,mixed
2.7530127272841805e-09,78455.03931666787,0.08358577537936573,26394.77228112393,5.250961920007197e-17,70484.98226577965,0.261214440334082,37310.304082533235,0.0030084709370970294,3.5536567754831027e-06,6615797.871585871,0.005502762002001042,0.02355200553413481,0.0006730475512134663,0.3455698081659351,9.173645206645855,0.00035720307569549756,6.417857268490453e-10,8.617054205917986e+28,20106.488258765006,781106566497685.2,28118.74977550552,8360698703061940.0,42003.5323128298,9.491620867111167e+27,21667.05917006905,9.978700499317326e+26,590.3989875276744,2.9550331093545864e-06,46757.00827096109,2.4174405703378803e-07,31869.96450335956,0.00013314031016501278,95614.46236346896,0.0008791410217281376,39660.53217276997,5.399262497115071e-12,8.084823270922064e-19,0.1381626069565114,6.891930960286769e-14,0.007879484780355234,0.992120515219576,,1.2292657374536662e-15,6509667.257381286,5.237841125089221e-12,1.614213720258494e-13,metal,metal,intact
3.369188711103108e-07,76259.13997346279,0.02006598880578794,12027.323366170864,7.380491256797192e-17,70061.2709660311,0.09051898992887848,154843.71844168426,0.002293603129629509,6.837491293482181e-06,5814051.464383622,0.06092490064345369,0.03383440942185684,0.048543992479624674,0.40818202600626174,76.26144618067069,0.00035474704525772203,5.541028710153011e-10,1.072826578335557e+29,16220.04187443628,419719375064051.4,29997.425041899965,3.98572350470388e+16,46746.63235853019,8.220105519981248e+27,26900.121750619513,9.554193210812196e+24,868.6845768197209,5.4539589259046614e-06,62122.677477061115,9.098484999202426e-07,17601.608677750963,0.00011039124954931141,80447.461214679,0.0003974109034363966,12194.019204826938,3.4739976209169584e-06,5.633984991556953e-14,0.566242065188937,1.3272064443672213e-08,0.14325656761095112,0.8567434191169845,,3.1264011325913757e-10,4024539.5697304746,2.9016356814315773e-06,5.723619394853811e-07,metal,metal,intact
1.8198145500358285e-07,72099.68119144771,0.06769566204678275,3718.6654747321822,4.3712040326272194e-17,69724.88828840444,0.15533976869418348,82041.05429815769,0.004879387079382402,2.7626073848109563e-06,7358713.559161806,0.009608108008915007,0.09185471511443213,0.037381037104635056,0.18341283542759837,99.24579679224583,7.346044568285984e-05,6.514777324711044e-10,9.667033222854054e+28,17714.64849803704,619280702032542.1,26812.896100176138,1575820004425152.2,45335.785405612914,4.7023939821352477e+27,34230.92627795009,1.9914659009898256e+27,951.9697821829626,5.810775036011712e-06,63990.113015321884,7.508537311294271e-07,6693.420209904163,8.235312399226333e-05,86607.2614511083,6.174328702441228e-05,13473.634378513882,1.6701710161235117e-05,1.9220245702918153e-14,0.6636949529453643,4.2940083750452566e-08,0.5523495821312064,0.44765037492870996,,1.3813177767129197e-09,607032.4005007948,1.158662944590177e-05,5.115080715333347e-06,oxide,mixed,mixed
4.136598849616845e-07,78600.81218980606,0.02551007766322617,43767.36273522416,7.256536092964694e-17,69660.22219441769,0.2686106507242314,136177.83003796695,0.002615284509526628,9.50027469608602e-06,205.8449430580224,0.04784068894954509,0.0046211754761245685,0.0334917606773044,0.2460491855726635,97.17312490830751,0.00022905275992047002,7.868156119619816e-10,1.1249493761045393e+29,21706.153114072276,656364702632199.5,27596.92781440055,5.402154592977384e+16,38044.67398195294,9.309145422662536e+27,31840.446457457954,1.822989302970189e+27,865.9660911157341,3.3517355340900743e-06,50203.577505030444,7.199912312461763e-07,42063.80983997861,0.00012962121270844887,76412.52370693539,0.0009070601926146213,7973.299812729595,1.8353767745258476e-08,6.954697350526071e-14,0.003105779262122893,4.518639252337396e-05,0.152056020961372,0.8478987926461047,,9.153560670570369e-10,142.10484388459759,1.649367913885513e-08,1.8600886064033473e-09,metal,metal,intact
1.7806052873735148e-07,66832.02942201763,0.059588956761542744,46107.3548672703,6.259708114999448e-17,69472.61864844871,0.36234569459934984,96027.8933656214,0.001172443131927985,7.607280379318289e-06,7176969.436258424,0.0795453713238033,0.05862032124784022,0.05040627208133491,0.08681075680918267,30.32528723436626,0.00024373041831174435,3.133362764757757e-10,9.613599434780548e+28,17997.067652818616,37238488957807.1,27383.075424832437,2.0067755084632064e+16,49981.1751877424,7.687389950214035e+27,34025.85993813823,1.4534351726677525e+27,766.5849852904687,4.6538175567431125e-07,53349.69764473825,9.394083438494217e-07,17379.636876204397,0.00010375458851978718,84325.71566821128,0.0005403193462883969,34658.17001612867,1.1212279339684997e-07,8.290997011493921e-16,0.5584121803279887,4.846230903218742e-09,0.26150183261750914,0.7384981625362599,,1.712546432240671e-11,3064546.4050103202,8.310678620581145e-08,2.9016007191038513e-08,metal,metal,intact
1.4052315434673155e-08,63708.83707416182,0.06202045080053976,15449.886910289693,3.5311212621409465e-18,70148.75353548041,0.09940292548425464,166852.37459246797,0.002805914562496855,6.7541551839974925e-06,4995390.901450272,0.04230750441922611,0.07134753133207823,0.08584029679024704,0.39675267725172697,87.16047495113668,0.00045499392305888844,6.629780752072453e-10,9.7600959837832e+28,22727.685909587697,62474870475774.19,26099.960460935145,5.696856970519735e+16,36992.412855409304,7.695704328399364e+27,23218.191288547605,1.5644189237325152e+27,704.100792651953,2.5768134471273847e-06,60902.67327217397,4.822210033353136e-07,11833.624532249549,4.043832973646879e-05,90394.42291020902,0.0002216548535858067,31587.618732565115,5.212646138626444e-09,2.2794945536846116e-18,0.46687928773778126,1.3979707690187953e-09,0.3341887047151001,0.6658112938869292,,3.042997309254099e-12,1145.5050769759935,5.947101310665033e-10,4.617936007559941e-09,metal,mixed,mixed
3.5321334234789255e-07,62079.26720640892,0.06022786066954644,8197.009720838269,5.804627387981543e-17,69490.60366932179,0.13702373020723108,29018.939711234678,0.0029645819075301214,2.668115348652687e-06,6127141.228018315,0.0014124964337799803,0.08489465108079813,0.05116668706809328,0.2257130109763741,86.03167865326043,0.0004566895129351891,4.73590489812938e-10,1.0367227402404556e+29,16557.15322310529,58810575105123.65,27974.863097316116,5.063140626726143e+16,41338.09139771864,8.718386808488002e+27,38810.69988288992,1.223049679791433e+27,736.1335704127059,1.6654346578570576e-06,47465.54453347942,8.220731320190142e-07,41842.408412044366,1.698995384529023e-05,85707.3809085198,0.0002753035825945271,33400.508566587356,1.0885200988053984e-07,3.600136215533977e-17,0.25740018200329473,7.677967824134401e-09,0.626290242656746,0.37370974966528625,,7.802926577795478e-11,1252.9013990709245,2.8396576750888193e-08,8.045543312965165e-08,oxide,mixed,mixed
2.942505347800422e-07,60341.63518063898,0.09712834376898649,26088.476817047624,5.493218103918532e-17,70968.33072167436,0.3179750587812434,76093.98921808752,0.004050404387220739,4.412100392817193e-06,7161691.375933252,0.05630709849218856,0.07307084859177361,0.06394697025601397,0.23862596998590913,46.69106340388932,0.0001535928241716224,3.846316822932775e-10,1.1960012841558409e+29,18034.202902600544,560928830438509.5,27110.290755602833,5.412418423282461e+16,49648.53759541711,6.599650147088683e+27,22508.593467267103,9.124224360330529e+26,1194.9906676024234,7.986194550035881e-06,66719.90544228381,9.578790937115674e-07,28679.534894275246,0.00010792862870894869,80796.79416155138,8.205176051649108e-05,13982.173735276565,0.0007987313277242399,1.6904633748868594e-12,0.6415211596579669,2.363925663047559e-07,0.43354000488896804,0.5664597587184657,,2.7708546703846638e-08,1033370.3695597538,0.0005130625301858172,0.00028566879753842266,metal,mixed,mixed
1.900599504126159e-07,62276.937744488576,0.0749105956345161,28255.84397287248,7.627525087277381e-17,70814.8507755636,0.36984457985229735,140519.23774985934,0.0015476571186951913,4.429337029046936e-06,4136862.332801023,0.030788232373660615,0.008184607283485612,0.022197291051906334,0.1057684076122424,51.587914884933824,0.00038108307466909496,6.083209273271021e-10,1.1579555176972785e+29,21499.16623373678,401660627972412.94,28052.1027429956,2.314296116050269e+16,41687.94781022552,9.165173651466989e+27,35683.087469824815,2.9252909200379666e+26,940.8459651484853,3.334782058802096e-06,61613.68198627801,7.855968016807452e-07,46339.13783209305,7.62845107737888e-05,73136.99815776716,0.00019993252398513298,5974.721847804786,6.620087921516452e-05,1.2884922761564809e-12,0.34168557365397223,1.4795335572552312e-07,0.10134283776966084,0.8986570142769834,,1.7234883815657493e-09,3286534.1547343843,6.170259645822295e-05,4.498282756941569e-06,metal,metal,intact
1.1734205070346153e-07,63218.72353128333,0.052783060985773414,13528.130947641474,7.252234451356328e-17,70066.54273803005,0.2674036593102635,144083.01348981305,0.0009269965318502032,3.995291827780595e-06,656360.9604641888,0.011789814342786087,0.048445773139571026,0.04002847377616352,0.22054298151836257,18.832932803774177,0.00016779636267038426,4.6495506471579796e-10,1.0464920733965335e+29,23353.32605149232,545884294398843.94,26865.941973837,5.179793828674783e+16,38138.78879010027,3.1209367339442645e+27,22355.330546324432,1.932756448415306e+27,1093.5057682390843,9.570724250582159e-07,60159.822164141486,6.567597895536026e-07,12907.273165117105,5.09561795474675e-05,86431.01180738906,0.0002185497004461438,9965.27748847814,0.0006443215295746414,4.508994226302264e-11,0.3401622618932636,2.5123719693843444e-05,0.060611682555388076,0.9393631937249182,,1.759007260729675e-08,560094.8946071549,0.0005761093756353888,6.821215393925262e-05,metal,metal,intact
2.1949048188415186e-08,69403.25716583275,0.060739165526469026,16941.933462794084,2.4212477288289563e-18,69470.50532600435,0.10939359168625967,46239.25588279712,0.0007730427990293395,5.990575076731066e-06,6216054.001337542,0.00016199160143756932,0.04572787580531827,0.03709259406454549,0.12045003638447968,5.188421706527703,8.477874413505514e-05,6.887125889283904e-10,8.202498654275417e+28,24747.73150741889,720796732841323.9,29520.528169312267,5.72346865152958e+16,40388.238884014085,8.702035736021821e+27,23700.322492927444,8.514034474554243e+26,1153.3921238846278,3.184582770111111e-06,68153.76818982806,6.444996964735741e-07,9824.920070191045,5.9393634136808635e-05,97069.3397883226,0.0009281116487603742,22788.366258010243,9.478844567914823e-07,1.4577517043722767e-15,0.6331370970489566,2.5540197952593507e-08,0.9407017324672278,0.0592982419925742,,1.7556943280656016e-09,23.560147221527856,5.55277304803942e-07,3.926071519875403e-07,oxide,mixed,mixed
1.573679296032971e-07,66963.78034134669,0.09325609799681679,44228.973871035145,6.409231368912468e-17,69910.4110769414,0.15067307087923482,132381.27590722105,0.0006676595729983004,6.902843564779324e-06,255902.94942524552,0.019101239723788025,0.07300036528906029,0.03428557951195507,0.12251071690507644,36.71015341964308,0.00019060478081793871,5.298033371239263e-10,1.1624089350617525e+29,22286.771159717813,74859148991331.5,25265.324267972414,4.498029762147731e+16,37453.79353248171,9.423922730619569e+27,34997.24069894514,1.191890165940376e+27,623.6193435423096,8.999365090310212e-06,56455.64624347581,8.233786532374659e-07,29046.0679762439,9.409271146071842e-05,75924.45984753198,0.0008613115901361004,33685.88928491986,1.358433070162924e-10,5.514081124610697e-19,0.0756164139337131,6.448384254720417e-10,0.5378967026583248,0.4621032966968368,,2.3198502071479146e-12,64.47571008671785,3.474763876755703e-11,1.0109566824873538e-10,oxide,mixed,mixed
9.306235184987292e-08,63609.64986121055,0.06495876238487311,21310.821136978193,7.482347801437694e-18,70310.17514563454,0.09730835213749747,74109.58494056501,0.004768010249558783,1.361703329363285e-06,1064666.9312089332,0.057273207193058985,0.013788015573993853,0.012885177448528986,0.12497394801011634,23.565676431582474,0.00018786085086265782,8.404137638129832e-10,1.0057842968869046e+29,21054.140279237552,463089640648316.6,26322.303424867412,3.144138506665491e+16,47859.14104305218,5.560243772186142e+24,24571.808522062158,1.0548679056509788e+27,808.8817584085014,6.207973376166812e-07,50868.64652748867,1.4439376369762785e-07,16568.96569562753,1.806770882375445e-05,71551.77939729956,0.0009064563252636526,28393.82658966394,7.616607180619971e-07,5.562090721245983e-17,0.17447951635521106,1.7185814934193368e-06,0.07052439985976303,0.9294738815587436,,2.569574907885927e-09,12.30962492330257,3.8477213678317516e-08,7.231835043836796e-07,metal,metal,pinhole
4.03322509960263e-08,76665.21336791335,0.036693100329862643,25651.175490258185,5.984242641114786e-17,69422.35336462835,0.26910113097721267,100780.21803131496,0.001959048374954351,7.091045858796621e-06,6703497.395908472,0.07149230020957202,0.02374743150351949,0.00955327495760706,0.10739958973921908,46.092765068997366,0.0002103679623069436,7.656302682974481e-10,9.488486226518073e+28,18801.291364040662,407827478031816.25,26554.527343460686,1.0833384344071592e+16,38453.22281909637,8.81392674498194e+27,26083.892385086492,1.9204371889908462e+25,1002.5177797549557,6.449974410116698e-06,52333.955559689304,4.587196950088484e-07,26626.795246916117,4.740688332091505e-05,98716.32680176382,0.0006671949927765377,5041.955048853696,1.8078227450104214e-05,3.4626180147324463e-13,0.4877501224849346,1.2253650952880227e-08,0.12169349652385784,0.8783064912224912,,7.408464598689087e-10,4985641.397831207,1.5925610171545815e-05,2.1526172785583994e-06,metal,metal,intact
3.303033492741969e-08,78645.5945226821,0.071694131660069,41801.77996542856,7.585237376102693e-17,69583.38934345919,0.376295165153245,54275.98249998628,0.0014618719190981411,6.382798445512922e-06,1113610.747263499,0.0226998377379351,0.08452137181017845,0.007319805438575863,0.317390500364772,22.359089149693393,6.814324823373594e-05,6.30900615314177e-10,1.1474028708643075e+29,18780.404388312127,657059937650945.8,29417.891559283933,1.4011508422768792e+16,47416.96149232481,3.351408234392664e+27,28360.56010638945,1.0010059574223999e+27,1258.4801991993722,5.628182595613139e-06,45336.47323574043,2.260522764070389e-07,30495.938211204593,3.6869854037483415e-05,94451.27015341035,0.00048526582513024004,21737.88878630109,0.00014087468206920527,8.464610143572687e-13,0.26560347707288384,2.0024130470768517e-07,0.6809965086575829,0.31900329110111236,,1.068232303039757e-08,37744.31012482895,0.00010119769042872376,3.967699164048151e-05,oxide,oxide,intact
9.17537434087514e-08,78312.189350859,0.09975145848604977,20665.67555281061,6.374977304551215e-17,70352.57420793337,0.18537214007941488,110122.19100265624,0.004962829253564061,1.405279074995154e-06,6269404.167926363,0.08669894576745964,0.06836015524557447,0.042506991484756056,0.4019371616796017,97.41396037895902,2.790832026431533e-05,3.339369409061447e-10,1.1043372140658553e+29,24699.19341144758,715358562908285.1,29071.815968963063,2011370321046345.0,48675.098387210106,8.124548208341117e+25,39382.003708086646,1.1885854905313227e+26,805.5925281812586,6.692662611079e-06,54380.873795458436,5.126170591199337e-07,24405.967270947538,1.857048189450387e-06,80196.94687579488,0.0005360881392419026,18418.900337498002,4.478078126456063e-06,2.3881178312745245e-15,0.4172933630699934,1.5668759892185447e-06,0.4693828435162842,0.5306155896077267,,6.966893326270057e-10,417645.27675779373,2.5333718257745485e-06,1.9447063006815144e-06,metal,mixed,mixed
1.5404258809053928e-07,62604.975835774785,0.09486824159020472,39301.59878826958,2.9706406037488095e-17,70529.63892716836,0.14383456451611007,131248.93609128078,0.002724764576661362,7.244420861094882e-06,9113354.96720332,0.04703679088116508,0.011678175278584352,0.06433517481107077,0.43246511991057174,72.0943093207705,0.00018868086736561305,7.595813846082823e-10,9.946678983229703e+28,15045.357746840747,253606868003423.94,28695.997423957622,3.1163477751117e+16,35938.57658528072,2.3714338702325667e+27,26578.390612578256,2.479080730824427e+26,995.4217311971104,7.455304683393372e-06,69538.37049727445,1.7971396615072517e-07,49807.92122203365,0.00013438118068309724,76480.62728537005,0.00027822496898324074,32852.49887286216,0.00019928082028024987,5.048091981550339e-13,0.2855751181712269,9.555533069189136e-08,0.5066044692451744,0.49339543519949486,,1.3022395784133957e-08,670585.0611794802,0.00013455659849861227,6.47242217816376e-05,oxide,mixed,mixed
2.819922156937204e-07,79126.45403741478,0.016737104355691347,33675.37614629819,3.143201291054506e-17,69522.5880067772,0.37077324374066156,119998.25885260108,0.002145721325069871,1.5685216035542232e-06,8470201.95940775,0.04589405474117499,0.07930535333969621,0.05209760831214724,0.15181494939964224,87.06451083816803,0.000263019277134543,5.390288614529885e-10,8.983680787944296e+28,21563.66539054409,343347174482242.06,27669.751921471896,584047808490153.4,39883.58220316679,5.266839654555333e+27,39276.0077339312,7.673013600734287e+26,627.0330753548486,7.3665937131142125e-06,60103.18340380311,5.705613946675405e-07,16101.41526158376,0.00012399738941930712,74107.57624093161,0.0004876615280027086,30285.893686313244,7.981639863972526e-10,9.719100829418441e-19,0.4600934835200921,1.905299365938503e-11,0.3082552059547284,0.6917447940262187,,1.234316726144026e-12,3049613.1178149926,5.940529406615984e-10,2.0411104573565425e-10,metal,metal,intact
3.72866176138411e-07,72263.22424827836,0.04599796766585084,8122.385067193163,1.3543666021896487e-17,70230.69831080294,0.2634029982764455,57191.50359480648,0.002575468086018911,9.125981479780512e-08,5669203.3356167665,0.05451456609901008,0.006026886394903224,0.06949537817589449,0.10310950661035292,46.6371949677686,0.0003309528623840596,9.289344721158476e-10,1.1811302325220579e+29,19693.558303786678,757727235081805.8,26772.728515080165,2.430891043338729e+16,42033.51696858929,5.748727173106235e+27,25725.064907260807,4.695000988702772e+26,1156.6740404529824,8.664732217316704e-06,45728.739380597464,6.095823355264107e-07,16690.465352297535,8.499117391242064e-05,91012.75491233966,0.0006335938959055797,35094.02310924624,0.0009432366158722456,4.8755065906751785e-14,0.591581661024051,4.206651157973063e-07,0.45367471230674916,0.546324867028135,,5.054033322181301e-08,829429.627486961,0.00068315309836552,0.00026008351750672566,metal,oxide,intact
1.5501276303028977e-07,64519.76524230286,0.032524969610987685,35805.64652567042,1.3384310044605928e-18,69837.78061839555,0.16337002585365543,116577.72065208302,0.0005186520269244105,9.628611686992448e-06,8156883.660541638,0.09955909938457443,0.014889580250198056,0.035617513743297975,0.38520091932345735,20.072266242518257,0.0004034151072320521,4.26018087280554e-10,1.1635804050057302e+29,16599.916243429612,556077990532941.56,25130.234829833877,5.0050780901781064e+16,42215.20990115256,9.512504555748525e+27,37227.118754533774,1.5574392366155847e+27,897.83681080215,7.778375896651446e-06,64053.21365527234,1.3974404667922219e-08,40654.29185013355,3.370907096202826e-05,72892.7000543246,0.0006823023971621536,29252.440527098515,3.3492122987228676e-06,9.184430906923239e-16,0.09091277490725104,2.8543236869694273e-07,0.11232298747931507,0.8876767270883161,,5.915246101141958e-10,678.876135547824,2.294720413155166e-07,3.119740257407351e-06,metal,metal,pinhole
3.813289019530906e-07,76354.8764954077,0.07963259575979376,5633.309521309077,6.560171515469033e-17,69451.20876143816,0.255485725534666,116396.57948525157,0.0035797298819302843,5.1876397488953865e-06,5609887.719806995,0.03560879000725761,0.0003907059411148547,0.0192120353550812,0.19377271310202282,94.33065162767186,0.0004806890573665118,7.603573787873131e-10,1.1389103400500596e+29,16012.044483724643,611286718318022.8,27684.928330115123,4.791474323375372e+16,46930.59174139913,5.085171878894536e+27,37253.605073462924,7.61243570222949e+26,1205.4828096212511,3.7319965550166903e-06,60806.89014291942,9.193050836589933e-07,13686.74658265153,2.3176584812210055e-05,74540.79026683669,0.00012054120177076745,9820.029375693592,0.0025364582145086024,3.910352854690146e-11,0.6552353732689481,2.0162128902800137e-06,0.1310576485680783,0.8689403352190315,,5.605777960226265e-08,4130036.4307874446,0.002375153502900543,0.0001613047116080595,metal,metal,intact
2.6839978963566463e-07,65198.84601875802,0.022192916031186147,25847.845651159132,6.116607640900891e-17,70997.10446876046,0.081949975925705,160126.83707955698,0.004428542086872779,9.166082674846346e-06,8438215.042154089,0.05794228294954006,0.08790292128744136,0.01084682025813345,0.3190664378568581,10.908614704611976,3.635915669232577e-05,7.250276301337885e-10,9.99362804316895e+28,15078.101133946791,397221180406017.56,29131.137757137833,2.095641640125271e+16,38860.04248007869,7.485873790981824e+27,20890.80023829209,1.0401922791423492e+25,969.9372047145212,1.6947088088546817e-06,44116.121931656395,2.2280135983025673e-07,47196.52883602593,0.0001000918306709176,74565.45290793283,0.00020548533505562172,12492.754450184762,3.4569324556873124e-05,1.513952100190556e-12,0.2969469046959142,1.5840211187327725e-08,0.060228633671074554,0.9397713504887142,,4.90744523370455e-09,7306466.285444726,2.8880603116082397e-05,5.688721440790727e-06,metal,metal,intact
3.719915201260096e-07,67009.5178502166,0.0052876155556685735,42519.70813118414,2.290441621520525e-17,69089.43519553132,0.09621163859554253,107198.34827484054,0.0038883531898939025,5.685480535187744e-06,3348768.4777416075,0.09818996620486316,0.01212512504217226,0.02108252391811878,0.4958024265873244,32.764292430936784,0.00038218452481501326,8.803885655200527e-10,1.1831456495521419e+29,22480.770820263606,124564857620156.22,29361.863547558864,8735243712635480.0,46155.01248679436,8.043319149091043e+27,35230.826502381824,4.3492266212557906e+26,658.5239575787781,7.1553613462744636e-06,62189.913908016475,1.425817301016563e-07,23149.719484943005,7.386308225485845e-05,74975.50398204055,0.0005037268056847226,37105.59530235631,1.745230856774123e-10,1.1004641886507197e-18,0.16438410467870315,5.634400405148516e-12,0.3584779608610314,0.6415220391333344,,4.160954111785181e-12,1022425.0347634268,1.3791081718021258e-10,3.6612268497199714e-11,metal,metal,intact
2.765785727492873e-07,62293.27648949705,0.03520604855808838,14502.360839400942,5.473546792576392e-17,70232.9571907572,0.08350758098042366,82181.58476310698,0.0037424639213017217,9.902954223968145e-06,5923586.368678786,0.04671739763989995,0.08681499794553349,0.0656666772339382,0.01008909423393148,39.22778046472827,0.0003864362437926234,3.759388144007566e-10,8.742221183301313e+28,19985.739114060336,250249120510207.75,28186.73904824793,4.4216252654383304e+16,45953.76972376938,1.0725748683540094e+27,35743.837022857435,1.5941277920105643e+27,1218.870130334371,6.993993173524022e-06,67373.97195583044,9.053297039836711e-07,5629.379483501582,0.00011302154123931608,84356.06610033392,0.0006680352776455458,37007.543521345826,0.000559140467470073,9.07711686675472e-13,0.6836189323728351,8.534943973227682e-07,0.3353985378406453,0.6646006086649574,,9.800982945043332e-08,48874.62725237329,0.00016244143535551185,0.00039669903211456115,metal,mixed,mixed
1.0843349102404039e-08,68008.59635396283,0.0072005785213200895,44380.98679857789,1.8282045739250213e-17,70862.21078973611,0.3871731222152628,55328.02711048502,0.0008268330096360128,7.445798227208075e-06,9083617.04905545,0.08982222098572719,0.036333659443536004,0.05713571386712113,0.43105025975610395,17.688704478463976,0.00024113138966417298,6.651002161178123e-10,9.29340972410221e+28,16403.470023354123,501682096411002.7,28342.514377388296,1.2604817057825054e+16,42497.77152556786,3.1531257016303535e+27,25197.125702560934,1.558562669604359e+27,1150.2498359284637,2.083492628020774e-06,45864.612476329705,7.648831592398305e-07,7184.6581770038165,3.273724604994759e-05,71301.72717987717,0.0008976053453099297,21993.024574915475,1.9578884011318257e-05,8.128744085281893e-14,0.7026151443776709,3.14083470428534e-08,0.3766617869163969,0.6233381816752561,,1.7235569742828514e-09,2195085.6003062236,1.3780881020198348e-05,5.798002991119909e-06,metal,oxide,intact
2.8851744680942934e-07,70719.93973801781,0.035380508102341154,30920.89089677097,6.84865382683732e-17,70607.69675427735,0.10438266658692297,103242.92068783459,0.004107544591581877,5.161911450551051e-06,8539507.680742819,0.09447813829893219,0.09257322570425608,0.013307883642591466,0.44124957013520094,62.75010082436333,0.00023428742755428,7.681087463866488e-10,9.93316763845516e+28,16792.680471873788,423523008631733.7,29317.10748233419,2.2064313359667268e+16,35868.05867637569,7.573406176528343e+27,36995.75376804502,4.8804667606145185e+26,899.7540787044333,1.0886367450265058e-06,56906.18063248021,9.99344261547584e-07,5112.885681102412,0.00010168877221557404,82394.81546245841,0.0009605323579229032,7284.63834109894,8.154737811581518e-06,1.7972923108752912e-14,0.7149617514892382,1.0490165870201654e-07,0.46531483760070813,0.5346850574976331,,2.1749148088493657e-09,1086461.0187829833,5.236675829500565e-06,2.918061982080953e-06,metal,mixed,mixed
1.4223666243398135e-07,75671.83863768446,0.09566008975972205,22308.93494136345,7.038195087047812e-17,70636.51882750216,0.2768931041361767,168741.25166684442,0.0041500664745753035,6.434844326499616e-06,6662634.4340749085,0.047568312411959364,0.07765192141693593,0.09113555057099469,0.3399712647892394,51.05050364958946,5.301581964310864e-05,6.765980645501113e-10,1.1393011007089845e+29,17427.433329135656,713677188758185.9,27957.07174054216,2649792348140151.5,39992.90906735524,3.21176860732141e+27,27986.081405695604,3.2550785566456637e+25,827.7983552368628,2.5882826556028244e-07,54790.3940012113,6.406739234673453e-07,41330.029973897756,5.8477219409587134e-05,81305.51358753351,0.0002445771288840082,22567.846326191622,6.432580726243624e-06,5.784902109438911e-14,0.32175717532056997,1.48421451946121e-07,0.20130290076727891,0.7986969508112693,,3.91267915551349e-10,3652201.6191683565,4.738502567482522e-06,1.6940781587611025e-06,metal,metal,intact
5.997100147545302e-08,69038.64260146602,0.023262590778282407,44039.55783984447,7.237578005281047e-17,70942.92984244479,0.11733830134056164,127072.30243598907,0.004337532271484959,1.2167530531147327e-06,4545152.55364118,0.09860654710853771,9.323593965363418e-05,0.010265552497668553,0.30344142444105116,65.25953050264674,0.0004750365593051172,3.1947337162237193e-10,8.231027006022755e+28,23871.233011220465,140061861692181.34,27900.737419873687,4.717619038549454e+16,47051.29398638265,9.431305049504116e+27,27262.126116426258,3.207072060915326e+26,1223.8921970989022,1.0948319320206865e-06,57605.395585956314,8.688729874476625e-07,13904.575821208035,0.0001062161398463212,75604.21784947978,0.0006707613428393215,22969.191501551042,5.426158881631502e-05,4.29643942307319e-11,0.6268155810189173,1.372680591134628e-07,0.00039253486910689614,0.999607327862834,,4.733318785069187e-09,4539718.909336044,4.8346097358805826e-05,5.915491457509197e-06,metal,metal,intact
3.73087705152291e-08,63304.68650131301,0.002104642977109941,30740.278978687766,4.727128151664893e-17,69056.07885362273,0.14690708760114707,83381.44249069222,0.0026938339083023978,6.1147794838352335e-06,6936064.264908079,0.07822982039685397,0.07481920216078125,0.016841646652988457,0.48978320915799445,50.48015647130798,0.00011441589215177766,9.776669243988976e-10,1.1176376176303908e+29,19991.867684162702,549487432973535.25,26017.867458819455,1.7462696029310974e+16,39363.67181005182,6.064562280963861e+27,27408.725787185875,1.7099922175139523e+26,876.3162056407085,1.705094288698544e-06,68861.21323559835,8.851689040223175e-07,46702.498052991534,0.00010674605113632954,97232.5992021453,0.0008285077711338573,17632.908196750548,1.4003895048017843e-07,3.7673658877732755e-15,0.36189117081828354,8.825206846653827e-10,0.07157740199036164,0.9284225971271177,,2.426066708068231e-10,5829803.008795368,1.1487910118840476e-07,2.515984929177367e-08,metal,metal,intact
2.8966817314767174e-07,67919.7279715297,0.08136814487190441,27398.38593542638,1.2182528948948524e-17,69670.85668558886,0.33094709720895843,87895.24926053314,0.003612969699340726,4.338486339723246e-06,9974937.91677601,0.00892086395450202,0.04090536056537102,0.017303056178159696,0.10522935388276139,10.09585769486015,5.6030143554930635e-05,5.528267352523305e-10,9.69968120108229e+28,24993.416687815705,273191062470600.84,26558.33966867728,9828139643762772.0,43550.33932335691,8.696234162246289e+27,29377.06081324233,1.2670032170562307e+27,589.2334814044646,5.161557576420326e-06,52841.04996523792,8.932953442882189e-07,49690.71616537117,0.00011030884480085819,83786.01259961781,0.0009177252726513302,6715.423796633221,8.136596292324435e-11,7.359581343831416e-20,0.10557613754553243,2.349361320627835e-10,0.7576220540202813,0.24237794574478252,,3.347884658769608e-13,15341.502256212274,4.8021735506934846e-11,3.33442274163095e-11,oxide,mixed,mixed
6.071846063781012e-08,78279.44294365795,0.00985613863647221,31738.768048520793,9.637893904382598e-18,70364.84899274906,0.38074283859282404,72836.87406989498,0.002013358006504114,9.633628623537645e-06,7024717.805289156,0.03372414573462179,0.03263114390446979,0.09660401521490462,0.31537906082453143,18.647965157859684,0.0004329586768265293,4.534548033270775e-10,1.027303409895418e+29,21621.389332294406,395173550331412.94,29643.741511094526,5.536807231601297e+16,36784.318488932884,7.851130450718418e+27,37069.959491767295,1.7340011919710495e+27,1047.5311643902737,7.502771939265619e-06,40870.536218042005,1.61637310540165e-07,37494.07674825864,5.091829125115815e-06,93379.78334538528,0.000470978276570759,19434.514155395802,7.61467285706101e-06,3.4473286499599444e-14,0.33187441015572594,2.3886271633708616e-08,0.47146576637246124,0.5285342097412671,,2.2568712227545693e-09,879895.004385038,5.142552441444182e-06,2.4721204156168285e-06,metal,mixed,mixed
1.41426014447115e-07,65848.84982627336,0.05334255600895733,3251.923638940764,1.375372738232493e-17,70653.63254079486,0.31128158053273786,25866.787942909657,0.0015986329400265516,7.2760274050792294e-06,2103671.696257029,0.011270812803036958,0.025500715245276948,0.04200869898457245,0.32585939453174256,17.036631502931087,0.00034588742349760495,7.500261346389108e-10,9.059756434793241e+28,16875.57879183578,692055645951126.4,25530.593218828708,1485016849994465.5,36100.53060756297,2.190182858167458e+27,28423.517157626324,1.7939231380859553e+27,1166.947666773972,4.62673578873833e-06,69677.91334094672,9.700858608897677e-07,27394.644995531948,5.902884690452255e-05,83729.4273547242,1.445064269025568e-05,26646.8874781203,2.5651333736180932e-05,6.348314251033967e-15,0.489988180008497,1.2304736572325536e-07,0.08382559206185974,0.9161742848907747,,4.373670824179098e-08,0.7744272831287402,1.16507296299387e-06,2.4486260773187063e-05,metal,metal,pinhole
4.7168994306436365e-08,66742.27109087686,0.0037599793819294096,27222.128649830363,1.550261210886351e-17,69802.84886777772,0.30771426622845477,76533.37174429937,0.0026407873940945247,6.680667686691671e-06,3537118.820852357,0.02131321292589308,0.05967691974060679,0.03128420267097105,0.3055558614813783,24.92417009455919,0.0004063448035470403,9.9589898252764e-10,8.98769860442162e+28,22190.112011153884,177084370351714.38,25437.138006668516,3.3416339502372916e+16,41551.07325200205,3.2676160531896126e+27,21321.434237776954,6.486943328221724e+26,1268.281054324229,5.381357346378675e-06,57018.03211656324,3.1416467712086056e-07,35787.92126687545,3.726023457627664e-05,71780.43824234746,0.0007332512580566913,25412.796533974146,5.062683007280079e-05,1.010249072779572e-12,0.42112255672165255,1.7481752148859685e-08,0.1547236841067549,0.8452762984114932,,2.0385383640387947e-08,2421195.881598892,4.411399541164947e-05,6.512834661151319e-06,metal,metal,intact
8.974243053735079e-08,63069.27970834881,0.0494244818483593,46768.11681474193,2.3928224782712504e-17,69784.12663849395,0.16384028986727875,66763.30083942559,0.0037682660108336293,3.6444280403433912e-06,3179419.0497284513,0.03381719683290035,0.08088023328342636,0.06735009533689354,0.23911780376925765,81.38386023144159,9.041364635937381e-05,8.237088578699309e-10,9.76510748206786e+28,16512.174529322172,567927954444652.8,26635.914468861647,3.784635691078772e+16,35843.76449992011,1.0534914487186652e+27,35404.145413320366,1.071362975130191e+27,1067.1405548812718,4.961716279845946e-06,69090.33882257846,2.559089251850322e-07,30395.69557648394,1.757993954182171e-06,81183.90734697228,0.0008910522775304377,13131.663460919275,3.388633514343001e-05,3.219296743037511e-14,0.3340760775827835,4.79320833529809e-06,0.4590075198558069,0.540987686935858,,1.6443274683312244e-08,17522.02588153029,1.1927796454359596e-05,2.1958538689070414e-05,metal,mixed,mixed
2.9658971604715047e-07,77271.89657412411,0.08763691465679742,24143.537038452258,1.3243801365407187e-17,69250.57125197712,0.10246742558843751,135092.44877564977,0.0042442781856935514,6.617290804378063e-06,6555313.678638248,0.09199406181667238,0.03069004441039961,0.061218252688189416,0.3000588164264352,82.62827716160612,3.0201362117358944e-05,3.25190663815287e-10,1.0838619506955325e+29,16979.182850353798,709417843582875.9,27686.991806431335,2.982939920979683e+16,45675.96447547379,8.160834981820357e+27,24253.387708473398,1.927347696461471e+26,1196.7254986987587,8.475346903387545e-07,51353.490690201084,4.814397736894905e-07,12869.656280675685,8.117280936739644e-05,98250.26073915082,0.00045981564099895707,15556.775842346076,0.0011860109239863036,1.1792926823408979e-11,0.5992494978230298,1.8044143919273338e-06,0.19317851950821788,0.8068196760773901,,2.9736821046121655e-08,3712987.2438578433,0.0009165179818780939,0.0002694929421082098,metal,metal,intact
3.825060636050536e-07,70063.18920195574,0.06333538031556246,13309.374122144638,7.329496461559952e-17,69134.07799202515,0.10514082729998489,51367.890750805964,0.00334732537189379,8.009712846694219e-06,9590921.973682383,0.028550379066648875,0.04375278354378347,0.05795081728073259,0.04156669580748403,71.76395094794258,0.00033811076513657603,6.808409550060147e-10,9.256927604487076e+28,15680.39459532891,437418458695483.75,29179.62127863219,4.625418912130746e+16,45731.65753737204,6.659087176262412e+27,35594.59773329046,9.880450169841668e+26,872.6422560904605,4.4814249590875945e-07,64076.46317541285,9.948963346715399e-08,42671.96180968382,7.04391974032983e-05,77912.08052105096,0.0005779079087429461,34805.14708143956,1.8996360299549286e-06,1.063179210414998e-15,0.20051759039450937,6.667918080021016e-08,0.42916885724586157,0.5708310760749574,,5.763205509723516e-10,3903.19533030465,3.503328267563386e-07,1.5493032031985898e-06,metal,mixed,mixed
1.2244514245041606e-07,69111.9973594631,0.047927203888527364,22207.43211617358,2.5521187227219925e-17,69648.04232762796,0.13403142500113693,31886.05983693403,0.0016585418919211267,6.054228190379631e-06,9685489.697589122,0.04649805764091396,0.024309530857142103,0.059852893353944295,0.16403452748182093,92.23746918159658,9.936936665652067e-05,6.096576935129868e-10,1.104843806996777e+29,20688.912929267033,172501913756362.88,29012.079609690147,3.4735392377216624e+16,38732.361417357264,1.6927906058668332e+27,35148.11828686255,1.3238350951650808e+27,1031.9375092743812,5.587016295254639e-06,54449.773405648644,8.48158050101021e-07,26207.658971171186,0.00013335734346654724,95494.80766458905,0.000484064958289724,16074.584803234653,3.6804206861721636e-05,1.8848605580089836e-15,0.6216942536384278,3.604837099870975e-07,0.13976251893496983,0.8602371205813201,,1.1151684821224854e-08,20.237326318785744,8.410938391646947e-07,3.596311302255694e-05,metal,metal,pinhole
3.838709487888459e-07,68627.48651129226,0.04445042962911868,26265.175940257755,2.5075590322581123e-17,70822.93254848107,0.35070815919598686,142349.20139179972,0.0024018660453747447,9.386734019660274e-06,6963886.13060896,0.056661825509291955,0.06418710537930923,0.07129318935965216,0.01464234517625279,87.49387837705417,0.0002843043009346696,3.679436758480188e-10,9.221028708544097e+28,15563.495063720868,233824171100162.66,27798.005647049653,1.3392299948853532e+16,48848.850799128704,5.809025091651934e+27,38782.49818564526,6.911466225028247e+26,829.7774569358721,6.491049463728198e-06,44364.25325094796,7.243382669523836e-08,6481.941264747951,1.1640708364785369e-06,90149.46177710427,0.0009886723980103303,36545.06757102258,1.794593256630881e-06,1.1706333137067735e-14,0.3608268136461114,2.5834527574270977e-07,0.32578960605007784,0.6742101356046466,,2.0103443388554241e-10,1984584.8636004222,1.24492449353783e-06,5.496687630930509e-07,metal,mixed,mixed
3.505382328087341e-07,74517.0555040833,0.009412169772439935,30361.455223460383,3.941617361521531e-17,70889.59721102455,0.31844057435018774,81033.310368408,0.0031450246888945544,4.025677722346837e-06,3857824.4163520634,0.0012469405082852186,0.08304823778713007,0.011544506051636863,0.22474388973950665,37.40389309986532,8.299076568835795e-05,8.852575705740759e-10,1.0805032321845431e+29,19208.19318762347,150158832073816.0,27826.519437839856,4.480052212085211e+16,46303.72817521838,4.307197368060671e+27,33109.909202663446,7.393619277647109e+25,1089.7544367358173,1.793448239871893e-06,49954.787731879966,2.9273796019287334e-07,21059.78315492371,8.801551872782943e-05,85007.59253209665,0.00039387524782594,34261.573471672134,5.669014461812214e-05,4.0441322834960774e-13,0.4204050954573512,7.650509416883809e-08,0.2535753749880409,0.746424548506865,,1.8744762629552887e-08,2006983.9800421705,4.9877273753756524e-05,6.812870864365615e-06,metal,metal,intact
3.3052511178852513e-07,71027.7564217745,0.0007642983266148169,19322.81875418304,2.926431328198381e-17,70035.82597081286,0.3507677930594851,76369.45186632195,0.000540564770698834,7.991112963450787e-06,6789431.080677233,0.09051023609966999,0.04283792803847096,0.034562772627451735,0.014934882437745513,22.644098581662963,0.00045392424677200975,3.91355430486732e-10,8.392330947342473e+28,17763.494741195325,361844458896907.5,26844.311358646766,3.347061023275722e+16,39271.80988756186,1.935271519069829e+26,28275.81496237155,1.7076217947665147e+27,1023.0294555063823,9.276549907987634e-06,46952.589585791175,5.91120255862284e-07,36896.06487626013,7.520639847231595e-05,93796.97256533033,0.0007203178023432492,16109.511702183876,3.667006161892081e-05,7.90719137345787e-14,0.4732794973612987,8.212582356974821e-08,0.42045089466381486,0.5795490232103614,,4.6909170268314575e-08,215854.6546296614,1.768481314036093e-05,1.8985248478559877e-05,metal,mixed,mixed
3.692824145086321e-07,64152.080099954794,0.044698806819102564,8267.506399412847,2.975905857675489e-17,70576.6650567195,0.17195215046474177,41185.97299283099,0.004295321659216082,2.732522210588309e-06,1692049.792328342,0.02454861593305465,0.05052748795745574,0.044611856141413005,0.4807091869805924,9.36735139844368,0.0002754892019445988,9.680357850914254e-10,1.0772912614913037e+29,20316.17918256838,728060026364431.5,27995.08776358779,3.2846822703998296e+16,44761.85941009075,8.802748699340677e+26,30828.69871800727,1.387835953558103e+27,597.1370656460588,4.481072780178626e-06,67700.2989521579,3.201802969288127e-07,38628.30882637686,2.38433207777042e-05,85823.34408973111,0.00023518590853698217,15764.600139623011,1.2069862937087846e-09,4.045289250772858e-19,0.059217907976334444,5.873416016236437e-08,0.21629567331895205,0.7837042679468875,,6.643195561197632e-12,42.23738111335457,1.6867672978070997e-10,1.0383095639280748e-09,metal,metal,pinhole
1.0819523279337049e-07,67237.35237732378,0.03814628247070441,34415.13991505551,7.516521533401179e-18,69521.01032803659,0.10549012194358652,50598.40242710631,0.002609093952074878,5.759047564873084e-06,1531139.6588712768,0.08953793790242885,0.021813352685392466,0.058888101996416115,0.3637871928251832,87.73899936239455,0.0004406704451212981,5.904351026930168e-10,1.1194508847676182e+29,15735.004011457102,527318122221372.3,29389.82372945682,3.494014802011087e+16,47927.829549823204,8.110750605479285e+27,34376.528870285496,6.879547263131367e+26,922.9096444625949,5.2351002486748355e-06,50359.25183775896,3.6104002603033876e-07,21846.914777965805,2.6014789339528776e-05,79857.8095773834,0.0009343674728828424,17474.37719813335,3.061425265509815e-07,2.6535180674974736e-16,0.28690584992433255,4.982678182369135e-08,0.23104352086219426,0.7689564293110236,,3.237042588792977e-10,1237.8114734961482,4.5965547669330055e-08,2.6017697888165144e-07,metal,mixed,mixed
3.594420691789052e-07,63578.81380375446,0.04360544042479887,19151.921611309266,8.867264827443816e-18,70583.93051566232,0.21486379707892006,136459.2141478603,0.0039631462523030256,8.411053188382419e-07,8924153.142398288,0.015170507282547622,0.010852045857617038,0.08341621476915038,0.38382218212430375,67.85962976744865,0.0003369317806056451,9.155982576191439e-10,1.1611110189268261e+29,21188.131846701996,738464149055641.5,29845.98910344631,4.230525148552964e+16,38538.98200873098,8.623160753058268e+27,33805.86655006582,1.458192195877433e+27,1070.2208111262573,1.927089339034213e-06,63954.82258129693,7.462391772974699e-07,6037.956888774275,9.468462803291923e-05,77595.95117619543,0.00016528923380553913,15357.709532539015,0.00047728948551165946,1.7514498794238892e-12,0.6965102821330277,1.151221256573178e-06,0.06757436701452357,0.93242448176422,,2.0425061017557976e-08,7592684.984952644,0.00042145393707699767,5.583554843466179e-05,metal,metal,intact
1.4790228269987315e-08,73421.96248826399,0.010350571118050777,12579.489139509105,6.889787043763538e-17,69592.09593511716,0.3335332816396655,142600.04017687464,0.002170932244457538,6.397943789008045e-06,4688270.0988165215,0.05394685911015496,0.012992345854825064,0.013315722858402922,0.07629694982056733,74.99190221195002,8.138894285592598e-05,4.4634285166070054e-10,1.0538505209329626e+29,22149.929628003134,551272254647098.75,28194.09938455913,3.3323466301824028e+16,39956.26184106641,5.864525155222915e+27,31635.052533148686,4.2511148843237325e+26,856.9417460447173,5.913366936126628e-06,48870.38180464337,3.8957437582849526e-07,39656.10274783443,0.00011672293938670994,92828.24143749931,0.00028815892387605867,8178.748592701524,2.474258940495412e-07,5.993201242623625e-14,0.2665074689349991,2.4646004086747896e-10,0.00853084338842063,0.9914691563651193,,4.100706797683221e-11,4601749.566671805,2.2740050572479372e-07,2.0025388324747456e-08,metal,metal,intact
1.0635312205092949e-07,69995.9354572114,0.07461693330212507,23783.706774791237,1.1410571187923624e-17,70154.90733969393,0.11110292914718495,22913.815465792464,0.0038923681657606134,5.9016747982265e-06,5978266.830272751,0.07374143798788514,0.09727130732040949,0.08806558589554747,0.11994117152732761,80.18027049386264,0.0002837269189028617,3.2577210843897374e-10,9.8964121485239e+28,22347.090261907,200449536863741.0,26045.233424099497,3.545837350916224e+16,39249.96820721935,3.8459269151810143e+27,28745.336075641848,8.795735784512464e+26,782.537255353956,8.827914473946193e-06,64656.24044359462,7.454806870815405e-07,37610.463107190444,4.3681982971144474e-05,91561.79570415741,0.0008224210386524612,14363.576271083586,1.520007648346643e-07,1.3007398338717903e-17,0.32090910606848444,8.737960387996673e-08,0.20618259237497816,0.7938173202454181,,1.2309769108898115e-10,72.07903209336473,3.978934335387582e-09,1.4802183049927673e-07,metal,metal,pinhole
9.053703045384984e-08,76042.59052253509,0.016528242732100525,23829.544553791704,3.556235061377342e-17,70184.33424972303,0.12129716313328667,108437.40780531995,0.0005056645099172001,4.470503019247944e-06,7158951.309698181,0.07461019732732746,0.019474757015343964,0.08995265670349559,0.06852205802732748,57.03625795840808,0.00014219255903771404,8.859856194388587e-10,1.1556102030391815e+29,18015.56798384373,3418942684719.161,28419.751935720895,3.0835852877377076e+16,49329.14490393456,8.055463885309137e+27,21445.40786572769,1.2403584308032895e+27,1238.306389402732,5.407945105394164e-06,56563.19688651223,7.311960570394942e-07,7119.547061495479,6.798691915991955e-05,74057.22411448219,0.0006715697810741885,19737.570564185204,0.0008294652395514565,8.753231757349913e-12,0.6781580646227616,3.256465687768239e-07,0.11620363162393928,0.883796042729492,,1.0471052877174505e-08,5216063.153753695,0.0006565637809780929,0.00017290145857336357,metal,metal,intact
1.8257979216878092e-07,77519.1545055289,0.009760043867008591,45570.70615493738,3.477742613595217e-17,69404.18911268955,0.2562006066175394,53464.84529351131,0.001923270468578294,7.4294916612554235e-06,5454156.014668692,0.023535840869065336,0.0801254949903223,0.027763047592710467,0.05306871958368505,83.24660149464987,0.00039883782219628786,8.893414420975166e-10,1.0632581965429827e+29,17536.010826653932,772269787933931.0,29219.087441135955,3.1933876165702604e+16,35700.42426633354,2.7266877055793375e+27,29588.484744905905,5.012784892691267e+26,957.657651403616,4.350120912594753e-06,63523.774038760006,1.7211457834882066e-08,39239.27477264991,6.582847261490303e-05,93127.87570409587,0.0007276104144194483,35708.03885012011,3.664378692983246e-06,6.0880341495681354e-15,0.1003737318467832,2.0224090944076475e-08,0.5130824134416487,0.4869175663342603,,6.373570572551699e-09,35483.07547138993,1.5286678755284252e-06,2.1357108174548206e-06,oxide,mixed,mixed
1.7773066441253624e-07,71169.9912431187,0.04408827656585473,30460.753828892764,4.764596701820121e-17,70868.2532892844,0.3207798308587629,129850.64427156167,0.0030498021195917904,4.5784324734166644e-06,139693.02535628958,0.053603778008052654,0.01629572469108188,0.020361173361525566,0.1592329623070151,9.084440411170485,0.0002684406704764148,4.3077662112333864e-10,1.001188442203346e+29,23960.572184877055,55551007245705.625,26548.353800108558,1.6381788683117428e+16,48649.152554047556,5.187126980175508e+26,35628.62329296622,5.87867569792879e+25,1053.0955595648238,8.791441403476505e-06,64150.83767791716,4.519558172236162e-07,33265.3343421639,7.806454069205445e-05,83425.84420171821,0.00019085600610399878,26900.775387473965,7.072370943934468e-05,6.354384966186626e-12,0.11417587618236481,2.4236085964623786e-06,0.1205554777974021,0.8794420985940015,,2.418536911735722e-08,104822.967138699,6.351014351904423e-05,7.213565920300449e-06,metal,metal,intact
6.229764364484251e-08,71871.14997519359,0.05481706878714208,38744.14467455574,1.9781944664768636e-17,69587.16677246465,0.34271369546623565,55681.717279547855,0.000832847213773079,2.8545848221178684e-06,6577533.854240189,0.060205273559858614,0.0006991357350521597,0.02891533249981884,0.273044217580444,37.14116945477986,1.8869873411584e-05,7.298106210889203e-10,1.0672546753278895e+29,20329.01988094293,289538178170129.4,26933.682471043583,4.760442284426149e+16,36680.24300596009,4.57136493369323e+27,24104.336285518584,3.709082397283623e+26,991.5041055170494,2.329195922430599e-06,57812.35660380074,1.4353837166671741e-07,30671.693743949923,2.4393062946652195e-05,94671.51151931616,0.00018915947596883192,28576.35640537929,2.083185389718548e-05,9.0053046163696e-15,0.3202515620970351,2.443674371162618e-07,0.38057011392209567,0.6194296417104672,,2.532853543725692e-09,12758.474124379482,7.040734399071846e-06,1.3791119498113635e-05,metal,mixed,mixed
3.2886336084645777e-07,63239.54876368408,0.004490745193886445,12772.986710988887,2.259513496955356e-17,69915.50689942048,0.37439546893470305,166360.55821194546,0.0025819179076929724,1.9252217308317755e-07,5224272.817081321,0.02990759031884661,0.07657936101323896,0.0005732538147127541,0.424496272736016,92.0053350535769,0.0003145297579671801,7.815747222076774e-10,1.136758713477605e+29,16370.51263459176,621632610116228.8,29159.42555144554,5.849783638993815e+16,44538.01884362877,8.795475542045732e+27,25257.425437019003,3.469659796708479e+26,1197.6389313652144,3.8865076389955136e-07,49888.732747815535,2.2577837964676177e-07,31558.429337886584,1.5815572482081007e-05,90340.91951772122,0.0008006521619963972,17505.87961544311,0.00014269537870818043,1.370751877775179e-10,0.41747350237562075,3.435222789415617e-07,1.2173001560004437e-05,0.9999874834761611,,3.687647879201756e-08,5220112.912257391,0.00012741920681176819,1.5276171896412246e-05,metal,metal,intact
1.0421088296714065e-07,64650.96801873484,0.06648613426597001,6903.582619609742,1.2914842077276859e-18,69720.47429614648,0.09783294057823161,28407.838681892907,0.0009650298733870698,9.762035786203103e-06,3999242.3770082016,0.000434163106598435,0.09301459819845481,0.09838038006114042,0.11198129356581983,33.69928552291238,0.00031195288015507816,9.611757293670668e-10,9.410366115189421e+28,16581.034750636467,76117791713809.11,27106.44771373897,5430613784039994.0,41444.448255555064,6.39042384917314e+27,30869.096595448773,1.612891896572183e+27,586.287665031836,6.629091404309896e-06,64472.33944722867,5.732487199494917e-07,41103.63966982109,9.257051433730006e-05,92703.41271006914,0.000324901454366672,31418.914853112437,1.822549411203845e-11,9.442636433619947e-21,0.09293031727581375,2.7935952577805726e-09,0.5233568343585143,0.4766431628478905,,3.0279521875323223e-13,0.037563921261974956,1.5631593615279024e-12,1.6662334750510547e-11,oxide,mixed,mixed
1.6715227079952024e-07,78922.98671989534,0.03433415254609178,6373.3157931009155,1.4506043808390903e-17,69446.21855889073,0.24282706302619872,58021.34825463873,0.004974420883406626,1.9409143821997822e-06,4005545.8067154163,0.019955610909648088,0.07348415369960205,0.015617574410739929,0.1414486496127098,11.215387574128515,0.00018435366083156316,6.553499134816893e-10,1.0991310844763254e+29,22783.24795065412,510403028730410.06,26111.106189099035,2.8269143367858916e+16,46643.112719378754,3.1490544063747634e+27,30793.395974555493,1.0833546719135258e+27,1146.3101420803114,5.567671827129212e-06,53430.38655586856,6.866835911444461e-07,26910.678927734447,8.595009453342167e-05,88223.09053971889,0.0006102354239834148,18499.378865783576,5.1897839865997523e-05,4.2846598682139386e-14,0.5227873045803916,5.5513159552196015e-08,0.6626587964696846,0.3373411480171559,,1.9598933882630226e-08,84722.84584786628,3.36398951950259e-05,1.825794467097162e-05,oxide,mixed,mixed
3.4118884686784195e-07,62432.51301578854,0.030657281888624224,27812.9824006346,1.6199586155412392e-17,69136.69455407806,0.18704076752890997,165573.99355473556,0.0009976475849944244,9.665251226882718e-06,1193963.12625507,0.02592853417906465,0.046431602182215724,0.022041516831496546,0.47448937335972713,71.50418857416854,2.282593192652549e-05,6.069055411445154e-10,1.1976468242494979e+29,20601.846946294943,241244127001960.66,25336.442027189092,2.74721904125318e+16,49858.15305443663,8.15128413980802e+27,22005.26494693036,1.8966623062044755e+27,667.0671315493764,3.2443283995998274e-06,64495.45290797809,3.179743570363267e-08,47567.18948654688,7.087816849482583e-05,90960.4072625355,0.0006478177345300777,14942.940060008223,7.267427991945838e-10,2.086104980641238e-18,0.015346665262802494,4.176930503868472e-09,0.40875578806952617,0.5912442077535434,,3.747209981840049e-12,386.50166613465245,2.0977134881208797e-10,5.169714503824958e-10,metal,mixed,mixed
4.161248431652461e-07,64593.38824128507,0.03751553692766292,8362.133950510499,6.142715480358233e-17,69133.71512467532,0.2438355515243137,44906.68821391012,0.0007158461997251895,4.5812803799426525e-06,1912068.7187543036,0.08588668929024675,0.0661344137591818,0.015121053092806308,0.15086916520752985,84.08534054716745,0.0003644591049729836,8.688425586870403e-10,8.246906683968282e+28,24054.858556105406,143371641582696.34,28826.117351628378,5.4768813738863e+16,36600.25799677753,1.1090622358168202e+27,30855.02460377816,1.787338047440433e+27,1217.6514785877011,5.608164293711564e-06,41558.12164199491,3.8603893984689996e-07,11862.140077824444,4.58980499865991e-05,94493.5870390132,0.00017952825976860526,39341.80254643073,0.0013676822739111488,1.363661082791107e-13,0.426008816259171,9.980004999000533e-06,0.06284198916357328,0.9371480308314277,,2.0684513505698005e-07,14.441676756771859,3.4185946975861854e-05,0.001333496326935287,metal,metal,pinhole
2.2849198373216506e-07,61090.345381128835,0.09808676272460844,2422.1956382962708,7.407943786717429e-17,69435.8810746022,0.3193872797584037,129981.99303769234,0.002002431508950431,6.764589548228716e-06,7874231.435213485,0.04602367556252733,0.016674928057136388,0.00048611434533671853,0.47293089591225934,30.99951177731619,0.00041845804964383947,3.669177963138214e-10,1.1448755862298926e+29,21534.25883464465,276278351881884.16,25573.381805339362,2.6017213319096536e+16,40647.72151061113,1.5052966830558067e+27,36567.965152401935,1.2047725302420796e+27,975.6623886859472,7.430554425189242e-06,57753.990364098245,9.346913918138704e-07,26825.357938157533,4.415714702356091e-05,76426.25955739475,0.0005056886489518156,16769.538590916407,0.0005099247419888763,1.4962988595691157e-12,0.5837392800878319,1.1556631788613146e-06,0.6138461676271636,0.3861526767096574,,1.268401011648527e-08,593557.2968371335,0.0004221508418424068,8.777390014646949e-05,oxide,oxide,intact
1.8881098434718793e-07,78066.13280064758,0.015495828463014885,26362.689538217455,4.5958661926906326e-17,70884.62028279602,0.1883726001314725,132305.7626051921,0.0038157641437127745,4.788672622364676e-06,5675951.171308289,0.07053588999372774,0.048947429711754614,0.0325476302777359,0.057049380985318456,78.35286681507887,0.00023383490538941815,4.933759153809995e-10,9.199667914996074e+28,24768.528039832767,729693316018925.2,27002.69169745175,2.7643234848057164e+16,39444.27916995411,9.942187900398331e+27,29402.40383082891,1.61979376244002e+27,676.8839516816131,5.970355638834362e-06,59165.92211509436,2.3494499243610602e-07,26372.014589543374,7.112325809578908e-06,87030.29974913485,0.000773803335531876,12742.994904830794,2.4104848633498816e-09,1.0643940599461284e-17,0.2275898680538554,1.0114557157450126e-09,0.32002499541423957,0.6799750035743046,,3.111974497561013e-12,1962352.050128843,1.8534147794366992e-09,5.570700839131824e-10,metal,metal,intact
5.6888653783580405e-08,76780.78753060875,0.0818606641263821,10870.26839455543,5.420049437582913e-17,70553.20224478406,0.24896387136694353,33961.54575040713,0.001583233716833106,1.1762246176661036e-06,663711.7242344696,0.03444256817037175,0.05901681644804721,0.0227226553085868,0.21205860547262895,40.49556284058298,0.00024508258981726847,6.807243789389429e-10,1.1550169026916575e+29,18698.35362354179,635154100720174.6,26021.866036845524,5.2544878495930904e+16,37686.05825095565,2.0330189473877306e+26,21520.15683181544,1.1922554785073652e+27,1210.2100775583376,8.267067598382875e-06,45297.464344084445,5.151499759079638e-07,38297.84179660456,5.074629431276967e-05,91114.25595027316,0.000858526340284303,19315.875878554736,0.00012550041593985964,5.384047521015849e-14,0.26489792058993444,3.679364815665562e-06,0.40582330894033447,0.5941730116948498,,4.5197885675448264e-08,250.432686640584,3.231840484629348e-05,9.318201109356616e-05,metal,mixed,mixed
2.2513548170696708e-07,60228.5798805475,0.09176912895148434,21843.71102363587,5.827431479551469e-17,69068.81866801262,0.12888519855128333,27332.99063228607,0.002599224414116226,3.579662638283042e-06,9987533.630228646,0.01670155736572326,0.07002822484020321,0.07815318035105522,0.24670223058467144,87.90873211196886,0.000230429513290572,4.5440968261285687e-10,8.207675706134558e+28,21240.368358171036,618538850733740.5,28490.184811751104,2.0449758860362412e+16,48957.085045413434,1.5512429314762294e+27,39404.4168074457,1.2174766269133057e+27,1120.4078477162732,7.320390301807688e-06,64685.10202547658,6.387555743155438e-07,38423.43066212971,9.424049161315881e-05,97005.0589578144,0.00011466514452250104,31006.413614681936,7.765361573424762e-05,7.304968914876446e-15,0.5714768287082077,1.659443315946495e-07,0.4475502883841481,0.5524495456715204,,2.3200413134831967e-08,91.31579449658959,5.369557305485139e-06,7.228405842876248e-05,metal,mixed,mixed
3.3327670134911466e-07,68702.1924997266,0.0074559079166869845,47863.04373843475,7.451618406700999e-17,70570.69910357641,0.35655089056177147,48719.82304586595,0.002184127449909221,7.180654970702676e-09,684888.9783180177,0.0961683714546895,0.05733768504239914,0.03246844223835593,0.377179784455865,43.15797941614789,0.00033193707663107527,9.507008636863845e-10,1.1399066392378606e+29,19027.462660613324,298330493274499.25,28738.231166073758,4.940439384501565e+16,49019.59347170907,9.712347644322451e+27,37466.25933945401,5.8361990150933966e+26,971.760049239768,6.747361498340548e-06,47007.12049525216,9.721155242911525e-07,38752.999734347504,8.043927699869448e-05,99277.55785393303,0.0006621350293558311,10454.359376786784,1.2685856348525672e-06,1.855981125076752e-14,0.23762720953268235,6.557920882987446e-09,0.0004932075004769342,0.9995067859416021,,1.5171989145317201e-09,684078.0940627945,1.03256167088059e-06,2.3602396397197724e-07,metal,metal,intact
2.6315080867810556e-07,62930.99434510327,0.049213487680395886,3825.7820945291264,4.252806339224688e-17,69002.99035382022,0.24151479552375243,165794.7179229425,0.0020888253975864775,8.143675057896978e-06,2871420.616094502,0.08140468433815896,0.04496304125278193,0.016993555739061104,0.2537234720898848,96.02062301566163,2.4638101785951307e-05,3.9498725590309695e-10,8.670492551414991e+28,16324.03480969027,382105790221056.75,25892.95402266759,4.855035439249644e+16,44071.62072467017,1.626731816956586e+26,33570.637142187144,9.051147981393777e+26,1076.4093808223604,2.244754771449047e-06,58635.72810353052,6.565230099206902e-08,16992.20791321973,2.9922638155666754e-05,94240.59626787585,0.000660192417161986,35417.366921467314,0.002190084717344239,6.792800431820408e-11,0.23928026589234636,4.272314943784875e-06,0.12683183421096647,0.8731638934740898,,6.655990263194637e-08,2069946.903427117,0.001836194003908859,0.0003538907134353797,metal,metal,intact
3.926143684979226e-07,65267.20284228278,0.05753050667961304,15878.914674964084,2.9514282555831597e-17,69154.33149955964,0.37001149993245136,94946.18224853525,0.0013390670570457778,2.441849008375639e-07,9904064.189447578,0.08804049889554573,0.05297206869653493,0.014903347471583365,0.07984773946636395,47.57487517998743,0.000387459958307319,5.867155725520786e-10,9.242568516587457e+28,18811.85963224058,752136419666699.4,25299.108184488552,3.87976212750894e+16,35672.005347617334,7.291810874732449e+27,26408.47799503994,1.3086017713687328e+27,917.612523532961,5.127219296582906e-06,63505.57931924191,7.655234410536257e-07,39026.23090682313,3.8315158861192343e-05,90338.36351650354,0.00013538689370337116,13386.149083059543,0.00020978093884617256,2.7136563290858032e-14,0.47526708112623944,2.607927102080635e-07,0.3850710373173546,0.6149287018899352,,4.675625352471171e-09,2299687.0639184536,0.0001529116585753598,5.686928027081277e-05,metal,oxide,intact
2.6445995284760063e-07,77115.21010847438,0.08210351471626631,41295.08470310038,7.473256052068546e-17,69817.31498811851,0.17609320720712185,126821.05045501888,0.0030043886356764075,5.426899119285336e-06,1345470.4534562423,0.06697950337394837,0.05330689184174561,0.05940549659224475,0.09087198167323758,75.46020808721526,0.00026189477267030993,6.473955494262685e-10,9.282376418553101e+28,15426.103337833109,391639785038455.75,26609.587129264022,2.8123407182029452e+16,35135.67956014658,1.8332948766166265e+27,20325.571806780637,1.9646852875626923e+26,785.2344293954912,1.2794334888055285e-06,68285.64306307661,3.609086991572159e-07,7979.805164941475,2.2036063392782475e-05,82714.9678865791,0.0005625968319703357,10575.862981118786,6.720414134535233e-07,1.9980517672601763e-15,0.33699479072966215,3.04969305049169e-07,0.4302508542692936,0.5697488407614013,,7.220291494852605e-10,31191.056245323587,2.9706187935616536e-07,3.7497953409735796e-07,metal,mixed,mixed
1.8619172715023982e-07,62650.177881401396,0.04549056135446586,29927.264974179572,2.481126713546084e-17,70950.95538700139,0.2054310900830511,154284.789563691,0.003978608505617966,3.5888040927163297e-06,6075156.418674047,0.05684856929620558,0.0012004191438221624,0.045270151028358595,0.14760567691045307,39.44018509891987,0.00035010526171124526,7.295368409099442e-10,1.1385892894944425e+29,20452.272206941,464687011660427.56,25157.47573263507,4.276197577609273e+16,35307.540805851386,1.716763370661803e+27,25597.88109210408,9.292633657193896e+26,741.8660780545599,6.665479453475894e-06,50970.78425181547,3.4764817457249783e-07,8667.900075001598,8.427585173752162e-05,98466.17105583256,0.0008833516725779539,28871.572201933475,3.325774494821356e-07,2.1386167473680396e-16,0.49808528946694763,5.775154656136297e-08,0.41722047011111696,0.5827794721373364,,5.582064834324051e-10,21328.14343110265,1.2390757897125282e-07,2.0866987051088277e-07,metal,mixed,mixed
1.8794306121343908e-07,73742.50916179082,0.07153643662346186,24123.67246721216,6.382709400264423e-17,70769.37311652795,0.24625616132504646,99350.65605186515,0.003800025815387536,8.674047784346082e-06,4795656.334514426,0.014987903504882095,0.0343840450283878,0.0659829577942645,0.3860348141318526,29.809891560762182,4.56264184788533e-05,7.26871522177403e-10,9.456265665617926e+28,22465.969512171607,92136184562452.75,29533.44826982038,4099255617667776.0,39479.09290306136,7.440856048177742e+27,21196.564985048746,1.108732957145011e+27,1059.7806042671634,4.356521707987181e-06,50800.739681671206,8.174227088483033e-07,26071.440126353715,9.822419354296638e-05,98835.59667180364,0.0005281802808337951,14749.534695534488,0.00012809248949022505,1.0334170205530247e-12,0.542283988773292,1.0434187091766091e-07,0.3868769331780884,0.6131229624800406,,7.618490844247039e-09,1426939.2039703962,0.00010517013451102735,2.2922354979197697e-05,metal,metal,intact
2.2990913725320276e-07,76806.9215457916,0.052471127893710515,13008.545070807966,4.0773693653669423e-17,70237.38677505523,0.2577362614868838,165935.70377120687,0.0047123892287330976,2.55821650624967e-06,6795553.115572902,0.06133765583553791,0.05548173676597404,0.03325197694489052,0.15361459578537243,37.0064843802556,0.0001828145508931194,3.066314302395464e-10,8.452523894971977e+28,22444.28653217852,366543870184957.2,25794.53492759219,3.651752509324409e+16,37441.435418205605,4.020288160622067e+27,39052.964936450924,5.495791524678265e+26,1165.9013734128175,8.765951433921812e-06,48817.05514949325,3.0604028510233257e-07,14245.10099247851,6.637511965967152e-05,72605.15475501529,0.0004150424082432415,28509.764404594258,0.0011908395353360218,4.636600748606399e-10,0.5396602716280721,2.101450244596308e-07,0.0017000711568587751,0.9982997186981168,,4.376535018854578e-08,6766050.9306183,0.0010119265709440952,0.0001789129643919266,metal,metal,intact
2.71749208863942e-07,66678.93582344563,0.06918708104095889,49413.37188939821,7.515598383748356e-17,70303.65409098228,0.14498124971310739,26974.544522435874,0.004599020946710315,7.06140398064491e-06,3870934.9236159013,0.0021974577960198072,0.06545453305398453,0.0662332485315606,0.376585906052325,1.30789514052824,0.00021395635976453916,8.344822437476414e-10,1.0400062962444467e+29,19461.760670360378,552999576572641.44,25949.055522831528,2.654772521041797e+16,47485.79672987726,1.990424690799229e+27,35019.428083063336,5.609488466017085e+25,901.0349114624205,3.7080852595610163e-06,67599.8495344205,5.533585833385211e-07,46297.85724521795,3.7358078776643266e-05,87536.56558326803,0.00041838378033634717,30416.507703806878,2.9625456723032813e-07,8.874535540453084e-16,0.2701761091212834,1.0714063835614383e-08,0.8907903835208679,0.10920960576506819,,2.1947838683216727e-09,1732.149870175257,2.0963631083442886e-07,8.661825639589927e-08,oxide,oxide,intact
1.8561244748675822e-07,68444.85995185722,0.045857283726440996,37944.86487436187,5.981883977412398e-17,70437.53257627517,0.3563349491027023,68507.16639890124,0.0012212059877009798,9.497516498402195e-06,9868216.82155922,0.03408444751702161,0.08406934735618908,0.042184393683625844,0.11610897693700467,72.76852804652022,2.1342844736599023e-05,8.027066528990558e-10,8.02354834569706e+28,19661.471577009637,719700538888512.5,28807.60438522879,3.4560002431822148e+16,48731.46372339018,9.85275968993809e+27,34250.36008904714,1.0468650819458765e+27,1177.2309617618073,1.6605495240493544e-06,44724.83112433137,6.375897324495686e-07,5187.846489305224,4.5930672340435885e-05,83052.49581030554,0.0009492944120649182,27844.26154513256,0.0002828931069661264,8.843267643257481e-13,0.6998507881479367,3.688331632994002e-07,0.49557670547834276,0.504422925688494,,7.414733167903984e-09,770157.4742941298,0.0001774593485804241,0.00010543375838570227,metal,mixed,mixed
3.3478282787765813e-07,62854.017313944874,0.027960718789312843,38888.927209171925,6.523349065036108e-17,69282.2123207071,0.27859683945268854,66531.31188235979,0.004732916758423135,9.854217297899507e-06,3149448.3545302763,0.07914880856590717,0.016717401181065957,0.039973304180005303,0.08129727227110893,56.543687492069914,0.00030132026532814064,3.181639173148735e-10,8.942614625905623e+28,18253.11405645045,85994835629845.58,29926.3618371636,4.0597397391915336e+16,43257.656070330784,5.320176010694579e+27,32953.108550022065,1.0186334427951012e+27,737.8597130843448,8.181589211341246e-06,66159.54233988495,2.9438955622058597e-07,23697.184659309707,3.864008511892713e-05,94163.4752918847,0.0004031836225897636,6460.134307667928,2.5838188784065024e-08,1.5335610886830693e-16,0.25139773150251976,2.835183955260051e-09,0.47595335506973396,0.5240466420950821,,7.97156938763053e-11,265265.3285909545,1.695452171666243e-08,8.883667067402596e-09,metal,mixed,mixed
9.458099341122652e-08,77228.75636593212,0.07640789585821456,30541.65494674768,3.261509012599024e-17,70878.83144414322,0.33799809297082956,133387.25401708885,0.004899344206051164,2.3502291468699765e-06,4356163.563236046,0.06709984626623969,0.008294825157002556,0.03879788414276027,0.121348088166418,61.374898145837776,0.00023103747715897042,5.816298160972506e-10,9.605489465192914e+28,23216.62330552304,80021485208919.23,27134.635060564626,3.809315559880743e+16,49763.91046038615,1.6779688891708386e+27,24452.354538481235,1.31581416838195e+27,729.0258639584805,1.3700346316643332e-06,44616.31382685695,3.7399057147285104e-07,31069.624433430068,1.591656367629863e-05,80128.42093595346,0.0007612972824171778,16040.754349542234,2.980499039853457e-08,1.8189231067679243e-16,0.237266953579111,1.1185255433524229e-09,0.1557682295277368,0.8442317693537378,,8.33893804496263e-12,2931264.157143432,2.5768005836223726e-08,4.0369845623108456e-09,metal,metal,intact
3.7993196098010294e-07,66767.24585996632,0.005538575879895754,39591.820041393934,3.8502776967220726e-17,69113.12033636692,0.1259764474780512,22662.23895355755,0.0036021761781462693,9.449299278161034e-06,7847860.148088705,0.08558333952343493,0.026580678817858062,0.04120295310911695,0.44718690176639875,30.554137584088995,5.844368287171049e-05,8.474432706636459e-10,1.1668543231260197e+29,17344.162170310323,311688609039154.06,27884.556972684037,1.4361185864779486e+16,40246.475951470486,6.768767888201871e+27,20953.900704577172,1.8447404113405792e+27,956.0453722538514,8.662673556292437e-07,56551.79712124984,1.7503757447916834e-07,28761.14484055096,6.493130474542921e-05,83634.45063305985,1.9124395311055824e-05,25924.771932568474,1.030285244333738e-06,6.232898808417413e-16,0.3578447571866883,1.9537074715113938e-09,0.23662895037799925,0.7633710476682932,,5.849082817154674e-09,3558.0751611914984,1.531223644316966e-07,8.771628799020413e-07,metal,metal,pinhole
3.2400489268884156e-08,72287.50615684057,0.0651413483257219,1070.5674721932405,5.604848370355358e-17,69984.65335620762,0.10853131692995832,169300.3437226769,0.003503200951627562,6.041996678572379e-06,299979.3411054303,0.013233538002412486,0.01936119868192413,0.06338416080601203,0.4586338055207729,83.7827234228267,0.00036101941519673145,7.216078796701461e-10,9.617873154270692e+28,24873.962833560676,376368431737408.4,29799.94784155772,4948566996181217.0,47074.692227428495,9.783213835405323e+27,29380.758994604796,1.035750791977575e+27,803.5786302218728,7.489484806699529e-06,63400.912780846076,5.8083473504154745e-08,23967.98835642337,6.975303237865936e-05,78040.7192634213,0.0007643797507736206,30521.28070320082,5.846136504219597e-08,6.244226259169715e-15,0.05066184405228427,6.327463388579137e-09,0.09129660148133394,0.9087033921912028,,6.679826975254511e-12,242578.3903299218,5.234742064198902e-08,6.113944400206947e-09,metal,metal,intact
2.079070115988526e-07,79446.85436358054,0.0987244937045472,45322.7162644125,3.298431458195372e-17,69229.15376240262,0.34352808291639897,158442.94298001318,0.0024683165314593083,5.412841582096606e-06,6233021.71263309,0.02444791082659516,0.0160341126635874,0.06538920044305703,0.13339136258982706,52.454588233871874,0.00039233434694544046,4.747540865297731e-10,1.0339944999425887e+29,24028.912598299226,202325303264142.56,26452.626252324153,2.416652413256866e+16,42615.07300293582,3.0993141811185787e+27,29035.73593418129,1.7689117901259634e+26,791.3406234360306,7.852955704906324e-06,59093.033378536595,4.2950858362678287e-07,45459.26323696862,1.8264715489624606e-05,96624.36226187929,0.0004791211008640674,36897.98318271706,8.523522785002775e-07,4.956430503271729e-15,0.2179038992212218,3.651905381739777e-09,0.30086841812113346,0.6991315782269611,,1.420606992567477e-10,2616873.973929203,7.225102944161135e-07,1.29841984084164e-07,metal,metal,intact
5.4559337751581596e-08,71959.03767611523,0.0951437035422899,42897.02150285778,2.2299771407179815e-17,70052.19032780016,0.34141931017877053,81197.6374649737,0.00453053751561819,9.520693620453915e-06,1875701.872158079,0.028191859834886618,0.08063651296413998,0.08108207722231499,0.1454910899901746,77.79790872675656,0.00019715869859704822,7.056127888781257e-10,8.451737732155014e+28,24319.348638741838,636352197799695.8,25761.37332934894,5.2672553897365544e+16,38485.82199621503,6.145392270070981e+27,28334.934935450252,1.1204754188266362e+27,673.6716586702412,1.4226040429665243e-06,46378.643932679704,5.638545901302636e-07,28530.437531343538,8.663302664986409e-05,97681.79384714211,0.0002941345960788366,36802.37271564093,9.63177650241423e-10,7.812936414172304e-18,0.1881991973291704,6.70091856799802e-11,0.4416904572104475,0.5583095427225434,,2.324778400611187e-12,222221.87900142517,5.977374162338583e-10,3.6544023400756477e-10,metal,mixed,mixed
2.853086737108091e-07,61137.99666691374,0.09273309367716895,46173.61038635122,1.6425181899815433e-17,70974.63866161433,0.3072905644169859,54064.21527065519,0.004932044092522748,2.910008631650369e-06,7767307.469168496,0.07474561883501257,0.002252188825823526,0.05639485279285023,0.016363140521273207,76.4672752004649,0.000280762123323021,6.284099412188695e-10,9.068632962967261e+28,16812.50358729571,335339071996069.6,26184.61649754135,2.0586950340520172e+16,44008.56542586876,6.602680745092321e+27,38716.85545518851,1.57837151690605e+27,653.5664756926599,5.5069717963739885e-06,51115.05108952529,9.858881114488427e-07,10796.537580558705,4.48846419233105e-05,91532.99365737994,0.0005070468264455124,23688.669015442094,2.269723208167912e-09,2.5963872679842525e-18,0.6045467448401672,2.9711564932720527e-10,0.4689449891824291,0.5310550105204552,,5.774632146752293e-12,701571.3110032526,1.5076705399889281e-09,7.620526681789838e-10,metal,mixed,mixed
3.3745341763219014e-07,75580.20476005152,0.017440498536834707,39446.90429052721,6.992747948902972e-17,69556.66531319964,0.20111656711228726,86177.07245121022,0.0014828473525295815,7.1073818869506e-06,7637522.219217666,0.06877877390725767,0.09893095608678135,0.09792128808227388,0.4501580564534573,88.16733183789712,0.0001330099846565834,8.933315826824046e-10,1.085462162849286e+29,15811.67321304001,100712237184639.78,26495.42521810653,1.2448650624590398e+16,49163.51188461378,8.245280678958352e+27,38079.86871902723,1.7885439093945858e+27,722.8987882828095,8.304462058185157e-07,56885.9728818969,2.5232432114063243e-07,16744.9377793624,0.00012792512710444752,98379.78568281679,0.0006936629799071348,24190.205488072927,1.1957889832080653e-08,9.494999423003519e-17,0.39065598765647425,3.796058716872398e-10,0.2164057218801953,0.7835942777401987,,7.0156072720348324e-12,3803412.5229319194,8.071443645172903e-09,3.88644618690775e-09,metal,mixed,mixed
1.0853790460677495e-07,69232.53895710484,0.08152597578024824,46859.41396402229,1.8413616362027902e-17,69594.95578132189,0.24685791066960172,88651.07980908795,0.003270988980414291,6.163745498565101e-06,3023872.9117368227,0.010232670963157418,0.06169606308291726,0.02546794895181464,0.26180212657282453,67.20448824991732,4.972844334999539e-05,6.242706386451579e-10,9.033009655251906e+28,17241.055136464012,537890128022155.6,27080.256197705734,1.628831816331765e+16,35631.82829140005,3.296957823513055e+27,33191.735407849876,1.8621548798993362e+27,690.5066169820169,7.030292465959694e-06,40826.25702842135,7.00795633106341e-07,39322.19090958205,0.00010209578527949084,96224.38045644469,9.303123978967848e-05,20527.5309160432,3.5017467358321713e-09,9.309221406749627e-18,0.16907570450889559,7.437674420009769e-11,0.6817980829650302,0.3182019169605931,,2.2107983226632673e-11,23117.546202812264,2.163660917017812e-09,1.3380858188143593e-09,oxide,mixed,mixed
4.041578299657313e-07,73050.49242203239,0.03828105615675652,22678.001461009055,4.161985988051773e-17,70687.35318397894,0.2856674103606614,85614.22241629886,0.0006767138732518265,3.530130966208352e-07,1613422.2552478728,0.032837672221408584,0.07849963991990869,0.06509462170323463,0.4389819124612779,76.67673283390135,0.000362468039432694,3.727500413934808e-10,1.0280071179560053e+29,20217.457821580014,189698498158586.2,26909.13935189753,1.9073142990402e+16,41073.33928193111,8.292729845054124e+27,35162.68464109063,1.9178966723654302e+26,773.2200418356849,8.07237869524361e-06,52394.80384720554,2.1550389664175238e-07,16438.994283859225,7.565980831194358e-05,78772.28412225666,0.00024180604594807394,16584.621445752815,1.1500408904087638e-06,4.4407245751062787e-16,0.23189052870611251,1.1744650323969513e-08,0.4630989180720526,0.5369010701832971,,1.2511206011352317e-10,250704.6052532908,7.974732982963972e-07,3.5256759211236664e-07,metal,mixed,mixed
2.425415610150613e-07,70472.8527934133,0.0036275051596964653,1287.9896283156681,5.676342204228086e-17,69748.88494185399,0.27779435049317375,149053.33475903256,0.00086616923453671,6.4108986229500205e-06,2541691.0390042807,0.07606129229454049,0.07263497899238969,0.02600500163242063,0.06647469585249295,96.13247203893681,7.150547474052212e-05,8.168074050914386e-10,1.0090480920210138e+29,15496.372014768083,728972172570658.0,27148.192625230957,4.641982791537447e+16,38644.731160679534,7.538581969608301e+27,30070.09249365863,1.420285868438238e+27,1199.9884439671866,1.7276043017356183e-07,58688.18917574649,1.4768997267490635e-08,22080.133226892238,3.5841119433403506e-05,94015.09963777737,0.0008056350385065701,15165.240264511569,0.00028864417639621053,1.1683485616932678e-10,0.12657226589404344,2.364000547933643e-06,0.002130098246728688,0.9978675377527234,,4.3510701668023154e-08,2518572.2158352593,0.00023808652032647018,5.055765606974035e-05,metal,metal,intact
4.0038784667884833e-07,62567.53352880859,0.007846903056489026,12137.119454653093,5.395599390072548e-17,70090.57951920405,0.32168881039174735,105945.59774495718,0.001065131725150876,9.111988716096139e-06,6043679.109378199,0.0417831361359018,0.040067044512342456,0.06578907555665668,0.41298233712025656,6.423779510189942,0.0001852166186979861,4.451339001156687e-10,1.1086015592817612e+29,20025.739174439597,659690787683332.0,29536.08118649467,4.344493108908141e+16,46562.3573976772,5.457349106457693e+27,21784.447226094962,3.96701043111273e+26,1092.883928218909,3.2177760240639613e-06,47751.09665876944,4.472361775101211e-07,42817.30370226619,2.0449734874025663e-05,82886.39505141694,0.0006256113737858193,16399.800269377276,0.0002438909957568869,3.0167633538109383e-12,0.43228893496631293,1.697717174391664e-07,0.24019893250000085,0.7598008977282817,,2.0663626666349867e-08,3125875.6178819044,0.0001990176477477509,4.487334800913601e-05,metal,metal,intact
3.3351959707770887e-07,64266.84668164922,0.03774574212480816,28538.70106699992,2.3365095251568257e-17,69651.27208071026,0.344539460938599,73397.60272252945,0.0005748503038444253,8.664008445982014e-06,9371644.22611512,0.031129720800350966,0.023014790909981944,0.053134317241491494,0.3963381418974125,24.67694890230239,0.0004990070252536372,3.385482706114495e-10,9.753002184235725e+28,24047.35296678803,301657926073842.44,25751.547347745443,1.5639121034500796e+16,35037.406933945465,3.983318674467077e+27,24669.043658787203,1.0634591058112352e+27,691.5633815305313,3.3446702380005753e-06,41241.96468342691,4.322063924201842e-07,24063.87816701663,7.309379322341187e-05,96976.42120472332,0.00025761102076460795,22779.09952841848,1.0677755142490593e-07,1.5989333405122938e-17,0.3771785093346849,1.280283025356099e-07,0.11351348670771809,0.8864863852639795,,1.303385378782245e-10,32.43977816735479,5.034294952847269e-09,1.0174325647205866e-07,metal,metal,pinhole
2.9202941541946347e-07,70683.2912575324,0.04824158762941868,49997.1360203488,4.121716505117621e-17,70454.38409953279,0.2030075709720059,159074.2607794599,0.003992176281681871,6.076133907084385e-06,3287566.227880967,0.07434009717797047,0.0890658132452577,0.05062775445176472,0.3840336984364179,87.98604269577238,0.00025525763653333244,6.049106501087119e-10,1.1213996956027766e+29,23841.787087327037,494200460389929.0,27359.51791492651,1.77755148697009e+16,46843.795287017376,9.433207233560834e+26,35090.79295441061,1.0728839192438634e+27,718.212717667718,8.176672699435738e-06,48973.92094761245,3.2982561537425146e-07,27235.538953403146,6.447970795266372e-07,70406.08289099032,0.0005804963019284158,35813.415342878616,2.705761780405e-08,1.1059394383033997e-16,0.2260259376537961,2.3024828807835218e-08,0.44300679160178846,0.5569931853733827,,8.524011019544641e-11,424042.496303357,1.663705894590041e-08,1.0420558858149589e-08,metal,mixed,mixed
2.6561067247091703e-07,75354.95714437838,0.07753708643567436,30286.96727912111,4.6330304281573995e-17,70339.43456323445,0.08726292826364061,56240.93249633312,0.003765222525739026,3.2284324482693406e-06,7964054.382280736,0.09005540748164813,0.08364989588198843,0.0036911143631235144,0.2335825310687997,15.466778053446156,6.529678151872741e-05,9.260886097100887e-10,1.1918341715313861e+29,23587.302828073538,243176471749286.88,26286.905502568057,1.014194317461833e+16,43081.822160209515,8.452298241255078e+27,32691.16519262497,9.71011061473396e+26,864.2583118081783,2.1947459192420503e-07,43250.37418295231,7.068180644920917e-07,34661.35907350224,0.00010463364988001838,96158.53851388856,0.0007727741298429654,29011.525635206104,1.175773433044743e-06,6.037824070459768e-16,0.43448303188309995,3.0138434103844023e-08,0.4145504061613029,0.5854495637002631,,4.0581291127911747e-10,40767.39674405072,4.031176495304649e-07,7.72655783514278e-07,metal,mixed,mixed
4.520202742981558e-08,73129.22197509269,0.004315358220769786,15189.938893229188,5.967417358396458e-17,70827.4048904888,0.3010745139154607,110909.54770555018,0.002946624010201323,3.0709590464611398e-06,4475421.699104512,0.02741615206298028,0.09703958201570895,0.0028394519272471816,0.3679756305938913,17.817565405139124,0.000457696837300707,8.558989625389234e-10,1.0047465795122537e+29,20754.675703616133,722192033135344.0,27314.705099113486,5.778872168141003e+16,36265.19786251929,6.701947724061652e+27,28511.067848804596,1.685938248108259e+26,839.1728415465761,5.964249427142827e-07,41940.59769740478,2.964559229724629e-07,37268.54665876148,5.461214937167061e-05,87462.35533654632,0.0002702217202924528,35994.7915884369,1.9561568101257135e-07,1.0731918273155498e-14,0.24075958372121037,1.1014467824055553e-09,0.023036374607837057,0.9769636242907161,,1.2799187624224477e-10,4251109.6886142725,1.7031183526982508e-07,2.530384574274627e-08,metal,metal,intact
3.7561208995047867e-07,79980.6363858205,0.083437978690081,37395.01368315356,6.156194044282264e-17,69855.44064855465,0.19855785606919646,67629.53712895495,0.0013074365442816008,2.5247732073652934e-06,201642.6579794079,0.09598986367263655,0.061738911273926986,0.04040015163537971,0.10236653544182667,91.35799476572208,0.0001627139539875446,6.010185181538364e-10,8.958010190426889e+28,24478.171964537163,119341279798985.58,28768.307465102072,5.257831943254643e+16,46332.54797491527,4.8591924571348486e+27,38398.124645482065,3.6170679239505024e+26,784.6186841283757,1.158961756060241e-07,62071.048062804104,9.070578656694743e-09,7809.952100647063,3.759037955393775e-05,92628.53182995738,0.00018797516837219897,8695.217111402055,8.955131288437445e-08,4.027461191050687e-16,0.030431138838169017,1.0749215114058921e-06,0.4241106526838093,0.5758882723946791,,6.783878130571605e-11,10064.830196832347,4.462091807675421e-08,4.493039480762024e-08,metal,mixed,mixed
3.45626956253157e-07,72758.78138384203,0.09969513729986787,7019.266103455869,2.7153273561821206e-17,70756.87804920138,0.2493275344484832,103076.3699610819,0.0030346895530297706,3.2560575664698823e-06,2392330.5318799247,0.06243498543473317,0.07940983046907574,0.06794271612429395,0.23028627056548184,43.222375745812776,0.0002700240606210929,3.926419057101096e-10,9.676745621656272e+28,22095.869455649135,358338040115667.5,25851.808330415974,5598563624486197.0,44838.0402401572,2.04268658746013e+27,33407.99989193619,8.085030825884256e+24,623.0145448194278,3.468685099522485e-06,63922.91691714824,5.580781258500086e-07,44302.837565838454,9.02914798208044e-06,74401.61370224388,0.0005589631082164567,37895.23007451146,5.664188518603344e-09,5.598436771524448e-19,0.07653245965554209,3.6789589643803656e-08,0.1562393132199581,0.8437606499904523,,2.8724469252391507e-12,29.80752793790811,2.094088895714924e-10,5.4547796290318515e-09,metal,metal,pinhole
1.756740840383633e-07,76434.27386094292,0.07524690227004677,3776.5256946226036,6.266354335748276e-17,69820.70630880457,0.08589813105479349,82653.25950573903,0.0034341385137428913,7.733436557874286e-06,9154420.386619499,0.02211106965942895,0.0690549710069607,0.00850718707040681,0.07910786591490455,9.678979841705155,0.0004960951080586643,3.297774128936727e-10,1.1890360590324051e+29,22411.020799669743,425343815360364.3,29959.39788737017,5.35840521782871e+16,42831.281990344476,3.632335224493579e+27,22622.212071977465,1.6044480533232717e+27,761.0059774741422,8.198922325248425e-06,51193.36604100297,8.881186569893162e-07,39883.42552278269,4.84747008553628e-05,86088.59189735283,0.0007033801226077367,8290.503350612524,1.5990276567950547e-07,1.2577448970006757e-16,0.3483758622558271,1.0928449683603277e-07,0.48173999803477097,0.5182598926807322,,6.520920763931946e-11,1810.0342238054625,4.368168966309211e-08,1.1622107601641336e-07,metal,mixed,mixed
1.4262516599117688e-09,62510.27415710431,0.09312908110631227,30786.908045470995,4.750378337315172e-17,70285.29736608981,0.3860186722368449,168076.0801274081,0.0027121603315420225,5.205083535107402e-06,4628453.35122028,0.01770623074626505,0.08049096080256903,0.024846522705914108,0.2324398044563153,39.52577692780189,0.0002510339495333305,3.523848361580195e-10,9.82018201695116e+28,19739.141884241333,739725839031044.0,26212.27083735084,6618797767619858.0,41603.84798926416,9.479513248580526e+27,25986.88876576857,5.5311323554297986e+26,898.6684794364564,4.751971503288398e-06,54110.47056137628,1.7178804343169466e-07,45824.81977559898,3.4341684201705114e-05,96120.84453259064,0.0003700204038290335,17080.23857126043,1.450865580807742e-07,1.4930396381042392e-13,0.1849374908765978,1.4291014293224772e-10,0.0003877521663777975,0.999612247690712,,5.859780651081841e-12,4624448.236755878,1.2722886224575685e-07,1.785769583501734e-08,metal,metal,intact
1.2705131009353044e-07,77298.57144390792,0.04712635890848104,39821.428101704405,6.247216048328093e-17,69789.25464893905,0.3137063164370869,39247.5413932651,0.001245561128097487,9.540031210770083e-06,9381659.999936093,0.00446739290783147,0.0005999828015357615,0.05809599557651245,0.3594467692283459,30.299984519978377,0.00012439269653914813,5.708216755433081e-10,1.033578835329901e+29,20067.1674638291,368661768974555.6,25983.187023061306,2.5355055777897596e+16,43863.15309565241,1.2067594166338328e+27,24644.53674204651,1.0422952272554122e+27,1262.3034325433266,7.343717103550957e-06,53578.930425805134,6.527322977388171e-07,21223.328339513057,3.8947616889589234e-05,72986.5798680333,0.0004948487875077195,19821.310123002353,0.000188075770043082,1.7506431921819635e-13,0.6640416077298648,2.663988581528355e-06,0.6747007865768716,0.3252965494345469,,8.616319802745753e-08,230.6344499837862,5.2396777577107084e-05,0.00013567899246597493,oxide,mixed,mixed
7.091443017193026e-08,64220.23559752573,0.09891832210507695,32801.70414009041,1.2008280595561335e-17,70995.22092667794,0.35825360994827904,46683.47545911325,0.0007951714735604385,2.938653527526397e-06,7202209.8172333585,0.025420072317271718,0.08463998225431549,0.07914736213326172,0.2108357466898143,59.18961596822771,0.0003637800540135829,8.156686390525657e-10,1.1698726312730171e+29,21039.09637922307,418373356655055.1,28595.65656218089,4398093710143966.0,39658.75749908938,2.650623768245664e+27,28441.952199964595,1.4660118743380538e+27,827.9277334317694,1.0441742566957443e-06,40274.88803281244,1.3531610995838595e-07,8095.739479814723,3.2381206531673396e-05,77731.96902311825,0.0007805650122415832,39737.56184222744,1.6049056004077816e-06,2.2022338469020719e-16,0.425323560273842,2.587550210555567e-07,0.43480779278418613,0.5651919484607929,,3.878091994757516e-10,372.276849593014,1.618957189886027e-07,1.443009881419179e-06,metal,mixed,mixed
7.035230246070005e-08,74085.78534145672,0.04795307624591881,30794.897831188766,2.4382632327872025e-17,69262.10946541384,0.3944870667335822,156635.1626636316,0.003072246850416622,4.880620068694818e-06,7348769.542889855,0.002944777674427017,0.08989208176622022,0.04884200610537263,0.35468555611751695,35.44769834196419,0.00025165361535848857,8.453858549695675e-10,9.325552197080234e+28,20879.28468652395,484471516571249.9,29054.485489656032,2.5147682220944256e+16,45648.79492485631,3.973515602582172e+26,26973.24859946843,1.5508783152242306e+27,665.39603121188,2.485811107103576e-06,54352.12707267518,9.181311883606061e-07,18470.33944428128,7.117046676093379e-05,97092.97034949044,0.0003178960965757221,37924.2921802192,4.351147197405256e-09,6.062587950829764e-18,0.492398324549283,2.3648588885448763e-10,0.6771673575134827,0.32283264225003144,,8.042528683500545e-12,91036.69779232627,2.5690998040549056e-09,1.7820473933503505e-09,oxide,mixed,mixed
2.4185272131640387e-08,60338.53175250323,0.0855328358182042,48458.7199044475,3.581468049193637e-17,69124.37066035905,0.3868685155048789,37861.89204269468,0.002087279699810417,6.063256732989479e-06,1202803.347525602,0.00021633519944509952,0.04352542478508548,0.06979816018165654,0.033344004894198205,62.6327993672495,0.0002070827721070299,8.138642263214781e-10,9.795141178666891e+28,15984.8453799508,408429157550787.3,29916.45154690921,1.1931005797250688e+16,46545.48109860995,1.1569557456735549e+27,24389.844323665748,6.298050147260459e+26,1173.4364700250578,6.357827278044869e-06,55393.47503975024,6.799042695094432e-07,29892.54662491954,1.3610061389602384e-05,93924.53612028065,0.0003648855022758184,23468.88004926173,2.6347418130465646e-05,4.8194608482389786e-14,0.37169728576300454,1.829115220235485e-07,0.5572656738881834,0.4427341432002946,,7.613416692943136e-09,1098.4487502841996,7.49477441481789e-06,1.8852643715647757e-05,oxide,mixed,mixed
2.1489921726104996e-07,79410.5606060979,0.05473225896437377,40056.564824738554,2.624491142684803e-17,70647.2258950567,0.3865149512972486,83889.68371387683,0.0023036275031794633,3.183139668786904e-06,2248332.712820436,0.09184919057762608,0.0702035800181596,0.003921819770301863,0.4896963670668717,91.40816883477734,0.0002745630759091654,4.722030517059697e-10,1.0698430135165113e+29,24890.029669596,121204640522799.58,25739.810292494705,5.6168079873984456e+16,35283.4514813694,5.692492183043187e+27,27517.227254379133,1.0799686718911976e+27,867.5331769491862,1.4864296762678296e-06,55122.470394872376,2.8354188733785743e-07,9369.5440148068,7.730393402535043e-05,88310.44116830264,0.00024759368578508535,34862.94464763217,2.373450414174604e-06,4.9623645453978545e-15,0.3711089661612721,3.552430690048181e-08,0.5222890200040886,0.4777109444716045,,1.025278998041728e-09,133158.25455977675,1.4757400960548753e-06,8.977103181197288e-07,oxide,mixed,mixed
3.2554125808416405e-07,79611.66155387516,0.040512035234078765,39154.806269672496,3.718666837924064e-17,70188.43430709967,0.2871210314584043,98652.02110989769,0.0032900761883761596,4.342059435952201e-07,2701383.785625492,0.07287296293232617,0.06455340077845177,0.05092571664061287,0.2816630072017972,21.90670526578227,0.00039833827622805994,7.329850977723778e-10,1.006272672636045e+29,16462.274816036934,814503130615939.6,26488.810358267197,5.15461637223665e+16,35916.68870585618,6.214959230554826e+27,26358.608469863575,6.532652648621161e+26,711.3003282657213,8.61167588468981e-06,62862.82419282009,9.20186674780329e-07,6089.2242932937115,0.00010300218315999723,83763.61368588818,0.0007067564686949896,32313.900141588198,4.3272247816452174e-08,5.4183846148554685e-17,0.5414269200584026,2.10780357574855e-09,0.16326450376916996,0.8367354941230265,,4.10791897437327e-11,1718372.6846019505,3.371668369058298e-08,9.555564125869192e-09,metal,metal,intact
3.851599562531423e-07,61617.1006040324,0.028351278625470575,40348.59395307471,4.557535319324257e-17,69759.36359362256,0.17336623532394096,109852.88157996103,0.001891957892479527,7.141646904492656e-06,5896105.374273107,0.09247513678612591,0.035962209317073196,0.021665976675237963,0.4514751668884424,34.71898494570661,0.00043131195983572336,4.4434726045707087e-10,8.730248443530492e+28,21197.315486825384,475151164570771.2,26256.141778070894,3.2525754121154224e+16,43994.72725012805,6.011987361909521e+27,22782.42605996011,6.001912593733189e+26,1038.0046063361033,2.0187842255754122e-07,43755.42355451687,7.534672977039554e-07,42473.25076601633,5.451906264332386e-05,95003.08181836277,4.280608826917591e-05,11517.826089191329,0.0001119009383050423,6.281760063105213e-13,0.4644903114743349,6.760575057639412e-07,0.37187070322256827,0.628128620719926,,1.0576025951075397e-08,1657161.368220976,8.548524620072663e-05,2.641569210431567e-05,metal,metal,intact
3.9479045159949037e-07,61994.50012152598,0.019908438469318064,27360.580427431014,4.94740882040343e-17,69231.29957609353,0.1435156615638854,99834.9886462181,0.0022591007140504264,3.6024401884134826e-06,5254650.886629192,0.05476643896364193,0.017754186879025774,0.06856384715350393,0.3160920909337946,27.9898959418519,0.00010211648774452417,9.721683758317688e-10,8.105675082099567e+28,20391.248514784333,138075135160833.56,27056.813683239863,1.9618621640404596e+16,38384.82411656851,9.802101943933548e+27,28088.230232057984,1.1554564962686129e+27,791.5922458158719,6.860033106283272e-06,64561.74818321831,7.294757027264985e-07,44138.07673893729,7.345614744041578e-05,96871.7650174413,0.000796313237311835,9221.178133148918,4.717604055093696e-07,6.561937273662455e-16,0.2600057700103291,1.6287315975928264e-08,0.5072251101158294,0.49277487359685446,,3.293504026983073e-10,240428.51628440723,2.8204629085944373e-07,1.8971411464992586e-07,oxide,mixed,mixed
2.485283696908756e-07,76224.24261151733,0.02648244337928995,24709.40334129255,8.302334354139077e-18,69199.72440594732,0.383720339533388,84993.66183220634,0.0036530369132265674,5.121587414308243e-06,1331224.9786197466,0.03435294833488436,0.037057284158647334,0.043587576421410694,0.41035475327588433,79.98554504479857,0.00029352328378310803,7.585669027614771e-10,9.582039107378815e+28,18951.75454970197,473991873488482.75,29396.94823753984,1.0621639355552344e+16,44396.84943483726,9.674491763596402e+27,24070.369859498845,1.734212072105692e+27,671.2354263759893,4.951588548258861e-06,55321.96652680158,5.682005883480775e-07,18956.905557444865,6.432182980100371e-06,98535.1987745938,0.0008758971478391594,27052.796479033317,6.355703208626365e-10,2.9617911988157443e-18,0.24312905716129155,1.5400607282041265e-09,0.5632603161629349,0.43673968229700433,,1.8055156154339321e-12,80397.81113820605,4.455871336323119e-10,1.8998318723032457e-10,oxide,oxide,intact
1.4164391472881645e-07,76069.57933823358,0.06464896712984637,21420.314245039855,6.028411000088597e-17,69978.88877005328,0.39478776772282576,128746.61307119104,0.002156426736974799,8.913527687029207e-06,8784527.41814841,0.09133126475113587,0.07077891882618795,0.019821276082007677,0.03250431713154493,9.883507703856779,0.00021684565935379077,5.640659921216684e-10,1.1501856359723567e+29,21822.7092161131,250869021186291.8,26991.819401968136,3923310672215003.5,39827.16532533938,5.408984149938552e+27,33024.9870926025,1.4354703168845493e+27,776.92260679337,7.939449866619654e-06,69554.0423459096,1.453860594817913e-07,46367.12568958469,3.0172020859099572e-05,95085.48406240868,0.00020033863399358166,26140.773281148668,8.635662015774893e-07,2.7476909449177562e-15,0.1482073385839128,9.543552815076353e-09,0.4265366214780765,0.5734633689783706,,7.583949550533477e-11,859855.5534045295,5.145484809704022e-07,3.49017720607087e-07,metal,mixed,mixed
3.073907315657292e-07,67938.99598706924,0.08848984301709821,14744.354158741084,2.3550104923954214e-17,69319.84746279176,0.2865384041519189,51508.27348859027,0.0006347258046433081,8.879995662421106e-06,2477805.2180276457,0.06376735498983042,0.09886309639815519,0.07456564854386744,0.1305123469564069,63.01672794564917,0.0002547363404537712,4.907735128110773e-10,1.036961721863225e+29,18859.510329247485,370269362517162.6,25324.775302557424,5.8188813125394024e+16,35775.927360157424,2.8518048908986403e+27,29304.309065539113,8.252933498793221e+26,670.228178122825,7.127851002639761e-06,59587.90506143944,6.079224804545562e-07,37954.74558982831,7.852331277014254e-05,74906.28821333469,0.0005172464196739908,29272.584077689753,2.775625296477914e-07,6.171469341149908e-18,0.14252824197452899,2.3880637990861616e-07,0.02391219362204495,0.976087567571575,,6.401113059170881e-11,0.16423300145423944,8.342803968828537e-10,2.7672824925090854e-07,metal,metal,pinhole
1.3858142401821692e-07,67989.25661314398,0.09445598861926714,15156.319222436781,4.642565372124577e-17,69151.61431107474,0.25897929924209395,148152.18958715696,0.0006021825738544103,3.0350213664053073e-06,6191153.125221857,0.08432278799987586,0.06236406939625058,0.08092274215301068,0.3738019869384943,3.397975244031362,0.0004368805943835016,3.097308106073437e-10,9.190220074096822e+28,21788.663414358503,342658149073841.2,26531.273134333263,4.218429262560531e+16,47960.57474849062,1.913105933120549e+27,38519.70357128368,1.8292913057262143e+27,640.8449152585491,4.471673626604731e-06,62982.80539199295,8.151386364906821e-08,22319.125660244204,5.3051383331982704e-05,86863.39677376754,0.0002101176362373652,16821.36247035586,1.540774774330537e-08,1.7127985421389747e-18,0.16666859464746026,2.0958541890411554e-08,0.10737872387710284,0.8926212551643552,,1.6157094574519173e-12,452.735959600243,1.07536584553456e-09,1.433238189777081e-08,metal,metal,pinhole
4.066965333804837e-07,69977.07391427962,0.05611140669857107,32890.175121069246,3.1307829304495353e-17,69931.0487509733,0.16248795468869823,72016.66873706295,0.0011876523215650018,5.089625147950725e-06,1606331.7867490414,0.04481675934708069,0.07473567049252078,0.048961493572361806,0.016592725121736207,13.842318015860059,0.00024042111671481522,8.366453581072022e-10,9.85318836387512e+28,24658.114298926823,718226605586121.5,26070.698602834895,2.6185083278533148e+16,44861.407621845094,6.796751292488633e+27,36392.62286578579,2.3242787446983902e+26,693.379081820493,4.728068582975054e-06,42148.74351588368,9.176997951050994e-07,32032.909587950347,6.621388536947669e-05,70028.4665661176,0.00043763203832978507,35126.36344189994,9.571356926254775e-09,1.0720497035477963e-17,0.19823813308470095,8.628569076378993e-10,0.39155891983911306,0.6084410792980299,,1.2650859096879401e-11,2574.1970496320782,2.1312591080910064e-09,7.4400978181637684e-09,metal,mixed,mixed
3.4157710594372303e-07,72396.80352595646,0.017058976062856824,49618.76790282418,4.9357446737495085e-17,69388.06213626049,0.32460084830426855,85797.14893784604,0.002792137247196208,5.695998082602441e-06,4143921.2785499264,0.06369367670270408,0.06477038355203228,0.08902685266831016,0.01777956026530259,58.4441698717508,0.0004018792881483376,7.319821828436546e-10,8.067587153639623e+28,16997.712248152904,193983146594929.16,29597.663545330495,8929097223725939.0,45014.82355298428,1.1714517570963789e+27,32218.412277959007,1.4740959556873316e+27,595.096012374797,2.7485054401096055e-06,43873.37771399588,5.925521898136487e-07,48492.676640922116,4.119159173797581e-05,84733.02414354606,5.378499159862177e-05,8671.44352633044,6.578576337585901e-11,4.2311343684321597e-19,0.06570843989294123,3.2078044560111036e-12,0.2669721997126293,0.7330278002841629,,1.3039729692671765e-12,1577785.2815600405,4.546245356658576e-11,2.032330980927325e-11,metal,mixed,mixed
6.908261243134349e-08,69704.59979226583,0.04681173265887716,11992.335024067712,5.279228546885037e-17,69872.23848982264,0.3552745444037196,127369.83697516788,0.0042719558829891115,2.490871543325835e-06,1378484.7177441488,0.0798583123762596,0.038502447964477035,0.09450151801171712,0.08897160387161365,66.16982544974573,0.00012519174823400424,9.05335543678398e-10,1.0165613949901122e+29,18687.38652650588,341250297308194.7,26848.168942097724,1.7250405688617034e+16,38081.067792866874,1.415349336062835e+27,30481.861919970863,1.312112648474292e+27,1231.5542115483508,1.1921323002837768e-06,55217.92331170537,7.028997440619824e-07,20948.872542708577,1.9311551130628685e-05,71360.80409222415,0.0007146172503974453,39253.03453150205,0.0005106135341542529,1.513177062109706e-10,0.4343092428006377,3.359772322279456e-06,0.005208684773780534,0.994787955453897,,3.964906217142581e-08,1355548.1724297912,0.00040144573759116713,0.00010916779656308575,metal,metal,intact
1.3458829539629082e-07,75024.32080448947,0.05952497265765209,16650.644233406376,8.380626597592437e-18,70642.53165447054,0.1063277029085895,33227.84700573519,0.003085672913389433,2.4526966035088706e-06,1151182.1862229991,0.04279006073071645,0.058109039251915705,0.08686789328300347,0.48783284114841946,97.93542278543728,0.0004966314534736131,5.774507028064813e-10,1.1165569141830656e+29,18597.556817770495,272148738202218.56,27026.267748879658,4.0375268237974424e+16,46820.0698337235,3.7114670005264383e+27,32782.84286626761,9.946390667808788e+26,686.2123109161006,5.712062756008576e-06,59204.2643911137,8.565756007811113e-07,42498.106185887154,9.908954128936195e-05,76255.17427667778,0.0007481310070906697,12877.223750284837,2.556656462901748e-09,1.2739175189199879e-18,0.10369841197377899,1.6681143711306303e-09,0.3157761728528251,0.6842238254790607,,3.3372120652645338e-12,917.1880983054431,4.3987087782890276e-10,2.1167855850728454e-09,metal,mixed,mixed
2.689178311374339e-07,66604.3337328741,0.0608134794625293,42108.125677210424,7.523042698637672e-17,69968.55774169798,0.16484660119632816,123304.74038479217,0.0013682048485755705,9.231322065500742e-06,8334010.048424849,0.009508665805773144,0.07683104966668661,0.06118386062128411,0.06336837975893343,61.55885125200548,0.00040383799583703267,8.695271196423495e-10,9.09539188677325e+28,20169.254515922785,164122408374789.53,28106.23533322712,4.838577385946629e+16,36081.52838582099,5.9588263026005585e+26,21970.110175207796,1.2238084963349684e+26,897.5646670736752,7.361463292517915e-06,51460.410329533144,8.983719563036077e-07,29385.020192540967,3.046690094810629e-06,72457.9877458771,0.0002770321818772711,8767.239502490167,5.3719331614070776e-05,7.023453256984132e-14,0.5315913683895717,1.5278815522150547e-06,0.526084815610774,0.4739136565076738,,1.352317058951316e-08,24103.03616954241,1.7723429429239726e-05,3.599590218483105e-05,oxide,mixed,mixed
3.537013110407967e-07,78084.15607749004,0.013230382701737691,27470.81165128927,3.013266800452081e-17,70848.10913915567,0.1805146113127153,45545.01006243582,0.0005543817697133834,8.719645586842888e-06,6248159.045863852,0.09740825446959751,0.013912759317577737,0.05218914536490446,0.19884705373333553,53.49623309651878,0.0003289184675534509,5.147098208573456e-10,1.1470761863775126e+29,20412.423056836666,8337196857089.337,27094.72580728589,4552367885157518.0,42682.77711327563,5.294575918731633e+27,27153.326106462566,1.397137383175192e+27,1109.689943142387,9.285476456285499e-06,42740.515616028584,9.613686717698144e-07,12756.502485886722,0.00010241184785556847,73849.38758644086,0.0007656977489492444,14260.76045984345,0.0001371623506460959,1.9528551356953118e-14,0.6632457340304524,1.2500300978184823e-06,0.1102440783658865,0.8897546716040158,,2.715784051799916e-08,128.383039791431,4.661923162883709e-06,0.00013250042748321218,metal,metal,pinhole
3.6083359427405465e-07,75638.68087585295,0.062390821098888306,33251.76887185562,5.429590327007061e-17,70719.59555592561,0.13790416113970852,83900.50682702125,0.0007538845699358338,3.399898161544939e-06,7721793.596895525,0.035126895265109606,0.055105477861868146,0.043402321833076504,0.19685671036834598,60.77307964169944,0.00019179860707329495,9.493508975616146e-10,1.0264146438863368e+29,19543.746530916535,109560792456344.77,25294.917607363575,3.3129613325797176e+16,48367.391662343114,3.8531498083830614e+27,31074.752223234645,5.3852224457695914e+26,874.2653975210408,5.546094702551388e-06,60417.51284262634,2.7108921384792485e-07,48378.36753937508,0.00010857438731432083,83343.7605762382,0.00025045434567893334,6423.365768494726,6.217587922099825e-06,4.334825894723673e-15,0.2376010607806748,2.591041081389206e-08,0.5204250802049681,0.47957489388462105,,6.08815775479362e-10,56239.81206944468,2.808703595469651e-06,3.408884326630174e-06,oxide,mixed,mixed
2.554605972701241e-07,63916.335867391484,0.06155440010375245,32529.04337007271,7.202468334485768e-17,70317.94751861448,0.17273398957625125,123438.72198291117,0.003105683750954089,4.7080074300366805e-06,1293833.9714106694,0.07060847829957247,0.015391894136326984,0.0726565544758464,0.026087745747199298,41.00011872010218,0.0002132219444062453,3.7692857525279345e-10,1.0704746026731143e+29,16888.050933767994,716786603003556.0,29142.058747645056,8693241599066157.0,48445.468084026776,2.2412964063417228e+27,23660.726814966325,3.916198969396685e+26,707.6170238168087,7.207575787232817e-06,68371.32983595217,5.005077822809917e-07,8154.9949144456095,0.00010143191317517335,80516.13769093803,0.0006164811623752573,35598.86021790789,2.199020202118447e-08,6.767378716755116e-17,0.3524776795900197,4.521025878692847e-09,0.4406139180178019,0.5593860774611722,,3.27591660922081e-11,44483.76653316404,1.1209275949376206e-08,1.0780926071808266e-08,metal,mixed,mixed
4.774487022610616e-08,71669.8570867781,0.08973465324014583,19438.904941403798,7.137278667427541e-17,69971.21892317203,0.25266187608283125,144894.35921070393,0.003749272565374238,1.1905404273263916e-07,9211239.872066272,0.06188007915496061,0.030834172039312827,0.031647523837471846,0.17729945076128883,21.806691305794967,0.00040782651717980606,9.435242561442304e-10,8.429581037261724e+28,24422.637386972376,205578098668519.62,28424.22020456723,4.2134132996694136e+16,35428.94404817723,6.685107088439033e+27,25820.526946643877,1.5850370940347082e+27,612.2803382103084,5.519320028745945e-06,54938.228698637766,9.937605848673703e-07,14129.948818610226,0.00010048690017332122,88630.32720985953,0.000549862337543325,38372.67846716123,3.6485983484434325e-09,4.000931650726719e-19,0.5604002737917401,1.250318754943184e-10,0.2839023396076512,0.7160976602673168,,4.825088434101262e-13,4037639.5627620937,3.0182326913238583e-09,6.303656571195742e-10,metal,metal,intact
2.453593483702092e-08,65992.6155946621,0.0913095238578448,20784.101164645213,2.691187359302326e-17,69983.54664710541,0.15599064396556406,124721.52794962135,0.0033505334712214297,2.5972387909787955e-06,6170546.262887702,0.08167339000530414,0.0451745337581348,0.015307206973546499,0.11183994390308015,48.06443717687463,0.0003439178716352436,4.05220943250757e-10,1.1409342229600169e+29,15872.483836087433,776344209732169.4,27402.736888767497,2.1575517422217668e+16,45564.428449660576,1.0662091899547145e+27,38120.16738949386,4.200493579393942e+26,1254.3642822382262,5.3945843720893675e-06,60538.49186574331,6.199850993234888e-07,13193.89788923846,0.00011348597099762103,86121.39715565855,0.0009266140700169474,31515.91892258868,0.0010681342019566533,4.1207637626133975e-11,0.6287254264622791,3.839040017730036e-07,0.022592912084210437,0.9774067040117879,,1.5347290158985048e-08,5845647.870747189,0.0009129683555078929,0.00015516584644876044,metal,metal,intact
3.5162595382483954e-07,65439.83346105663,0.019309957530985935,39625.45366918399,2.6641185846635835e-17,69961.0037963608,0.3927172884988654,165400.0202809677,0.004188108173892941,6.941925377252995e-06,9040118.173357792,0.02910233960513043,0.004436973325049314,0.054956356628079656,0.32969583698915644,26.254235451087474,0.00044566364995712507,9.518722764659955e-10,8.10305442317664e+28,17587.317760950376,696078934548755.2,28775.292658696377,2.8875104418674668e+16,46866.54052537042,4.522910233430184e+27,28135.36821086228,6.479146095119102e+26,1227.6387014167678,2.1483660070004317e-06,62930.793728622775,9.59290982223356e-07,39273.55166731636,3.159322708186636e-05,91146.06427214894,0.0007746345217658893,38967.169015800006,0.0007628667100768044,6.789671426189574e-10,0.648094796700095,5.057825530738494e-07,0.0008600678504537622,0.9991394263669933,,5.431340189095558e-08,9010280.628108786,0.0006953339543887575,6.753275568804689e-05,metal,metal,intact
2.759588144126323e-07,75816.82896051166,0.07068598852979513,25072.75684558657,5.2194277302516115e-18,70045.78019684837,0.0826006593640486,21773.968619916162,0.0010904883571786757,7.314243397902818e-06,7748618.640162851,0.07116137790049284,0.05415570629460525,0.027085585587932264,0.4056012834751304,41.52636982127761,0.00037387494322677745,3.0132637914529933e-10,1.0996194623127996e+29,15067.224521152615,602964862925157.5,29149.176746897545,3.0362375968236796e+16,42458.164290788794,8.724599295694058e+27,36366.87826178368,3.128222124333591e+26,1023.3190180388171,6.758087084850487e-06,56961.2517683234,4.535430179745842e-07,27095.697496251065,8.677340167917419e-05,91048.69358464284,0.0003827091855699028,36704.543787349554,3.97858654805945e-05,1.186782589750716e-16,0.5100121625437047,6.182411824333951e-07,0.0023819151947854244,0.9976174665640322,,5.005679017385139e-09,0.050715339344334524,3.8279704060075515e-08,3.9747585776534427e-05,metal,metal,pinhole
2.630815527778108e-07,63860.40243443706,0.06349863454613396,43079.34487737339,3.273296627867856e-17,69287.52080013457,0.08075470903313417,126566.65754151312,0.0012938796885513786,1.1229831662722428e-06,1369658.3231972696,0.005525339227685259,0.017667859894937517,0.05823785591094469,0.43968097494837666,55.29688200025351,4.0938611807801124e-05,4.257802638077605e-10,8.812858259280372e+28,19605.049609189424,29884164016866.734,26367.518867218623,3.0660622484246176e+16,43614.742670763146,3.051218435319329e+27,38994.17867804966,1.3673428154876838e+27,908.8994473441694,6.707325217590487e-06,68753.6977618665,3.263263156680773e-08,11906.026744820338,0.00012439891289663812,72698.79588408141,0.0008110263088772463,28338.64345947258,1.374156091250031e-05,2.3298255131455293e-14,0.1300395044489412,9.861892880393524e-08,0.4588163033166451,0.5411835980644262,,2.028099172433079e-09,308003.9476003419,1.1734847667992629e-05,2.006713244507681e-06,metal,oxide,intact
4.0366647685611705e-07,76477.42807582853,0.030234922795865826,45384.20239692459,1.5973321404884747e-17,70603.27828131196,0.20991441560369267,20833.28012173992,0.0018248411470456294,2.18239166399713e-06,9451393.552582612,0.021170363291917887,0.00590091985594002,0.07228091692338878,0.3934821965199754,98.51001865392246,2.9937868108005465e-05,6.815927841453735e-10,1.1901917300287015e+29,22610.28888172272,309699164283916.3,29775.200834834657,4.5876993339466584e+16,38191.29969397819,9.622722405785322e+27,21461.04710040375,3.367805140691718e+26,860.8950398331629,9.41630648123671e-06,55768.50549553828,3.126123202587237e-07,11349.477260099284,0.00012111743881415901,81084.38895868599,0.0009776543415475276,22210.70723402139,6.796304166006002e-07,1.1868618362487567e-16,0.5422477110592431,1.3305338135023086e-08,0.38603833487874684,0.613961651815915,,9.594368535779271e-10,4521.854659464771,1.472913111864817e-07,5.323391054141185e-07,metal,mixed,mixed
3.120369817308485e-07,78352.52353085385,0.056976950410863154,16313.000580769842,1.9233325154481798e-17,69353.2904752891,0.12766929870060179,102140.0836484091,0.003488532652578091,7.649254452149393e-06,3056605.3241544343,0.0040032612031725735,0.043339797510956596,0.07649173176446851,0.23065975149161624,49.26191594116008,0.0003715374064721186,7.85575617900835e-10,8.446566017925025e+28,18616.38739256289,542275955126328.56,25865.430678857745,1.2591513223719344e+16,43575.77588602676,8.203053705333923e+27,23868.266849197425,3.955456070855952e+26,1189.3227898445236,8.820997326987576e-07,42308.738023631704,9.491321797344387e-07,35226.350011035545,7.319070680461666e-05,80878.0412863433,0.00041267584969604886,9273.39379848379,0.00028452505084159904,1.4736393471658538e-12,0.5139982895821945,9.82647516182372e-07,0.5320301085645966,0.46796890878788727,,2.7820425190418545e-08,288761.5844880876,0.00020443078411348166,8.009426672811739e-05,oxide,oxide,intact
7.595649961365165e-09,63675.81027215067,0.0341514747024427,20380.391062174815,6.397787004038012e-17,70706.41060724536,0.10388634643328715,35358.81403653569,0.004369861252698759,7.868928351203457e-06,8019156.237810687,0.08549276932442018,0.05526485403879355,0.07613601681432768,0.04498850032031851,96.48906879121064,0.00027603332586101137,3.100666235996417e-10,1.0758172455546863e+29,23390.69896057411,305097546820196.3,28348.737212626602,2.004158630387765e+16,38768.01759450671,1.8975712542486117e+27,26280.552636657118,3.4119041867563975e+26,1198.3697343609474,7.257346914885392e-06,51252.4965310822,3.76226775791083e-07,35674.94073345186,9.980201349245866e-05,89917.94558882792,0.0007218435921077848,13528.059939147939,2.139101692760674e-05,2.7017717545220803e-14,0.5209190805219279,1.182239073782873e-08,0.3329820168857373,0.667017971291872,,3.500185896292224e-09,107330.5483572719,6.734791962305108e-06,1.4656224965301631e-05,metal,mixed,mixed
3.413823714841461e-08,77214.08923808736,0.059302028553854455,31831.858755580375,6.299160263899349e-17,69727.08847351522,0.0944642987803709,93999.54305187381,0.0031984339781329866,6.7215237640349055e-06,4167933.448278668,0.012925536176064886,0.07573884806230438,0.09338951040872634,0.17917352834318556,50.198791664229226,6.33336640393902e-05,8.380499230991216e-10,9.53027283336315e+28,15443.54996305832,30628455191040.496,27863.157890547394,5.173016115023755e+16,37249.50452771928,5.116201047022598e+27,31326.98208230899,1.7830729260719207e+27,835.6974296483528,7.99252384859591e-06,64799.947757519396,8.624328072502224e-07,11721.74196055155,8.759680093633806e-05,85794.44682903332,0.0009180870128817607,15410.950753490297,3.444795279913306e-07,1.769449226717774e-15,0.5573756402094842,2.8548107311090095e-09,0.3989315439196762,0.6010684532255129,,7.168605680558419e-11,876051.1688078399,2.384810411543961e-07,1.059984868369345e-07,metal,mixed,mixed
2.514540100346378e-07,66544.42443028365,0.0676198565545415,14435.676827800951,1.4574286298449082e-18,70375.04219213799,0.15860809503170353,134652.89672098015,0.0009492804863529765,6.816863810187067e-06,4039562.5919803334,0.029404190033056058,0.0024813500631624516,0.00024249508036945446,0.45422239589337726,56.03182682427529,0.00010861998969365217,9.111963173058199e-10,8.006391599915243e+28,22201.711857234037,533142672390277.8,28314.993964254278,2.7022791247069236e+16,36140.93304839247,5.532834511308188e+27,22030.025512892513,1.26559548900431e+27,664.1369988480698,2.1739151119742932e-06,44469.32369689552,2.806536606014538e-08,6183.370477203043,7.704937070132084e-05,79395.93012810624,0.0008037095244210349,38017.693438954455,2.611143279255883e-08,1.4175598535181065e-19,0.19476485595452916,5.2523746686211546e-08,0.0015794439992987586,0.9984205034769544,,2.0452674261957854e-11,0.008974821353829411,4.045028115367179e-11,2.6070982511405158e-08,metal,metal,pinhole
8.766772554463267e-08,79675.52176494896,0.0038936818368984633,40167.299176098546,9.315816611839769e-18,69600.17713634764,0.36819227849666747,143293.53031397721,0.001022599444658615,3.024136938466643e-07,4875620.781375707,0.006669441405938356,0.03183058749904302,0.004882874101912335,0.16742527681667402,4.787555209837411,0.000426806157139622,4.5542779784530056e-10,1.0350812114466151e+29,18186.863722327726,155164766013742.1,28301.193568459243,1.6631814104777208e+16,40024.748621547085,4.091646721546332e+27,36192.86436061461,1.3350368768350304e+27,1080.5403903286438,2.289578419220009e-06,58742.42734358428,5.696066858501245e-07,31277.471211904623,8.172707341974404e-05,70829.76350100132,0.0002013207920329131,6326.8161382232975,3.0369521019980395e-05,4.135705056604184e-12,0.4822173672469477,4.0708659133185824e-08,0.0006838985736333464,0.9993160607177075,,6.085182023150999e-09,4868258.331636111,2.9051233008113797e-05,1.3182880118665973e-06,metal,metal,intact
2.135839727622206e-07,76512.463659228,0.004565044940949355,13920.804904162356,5.297232618110404e-17,69875.50206592308,0.37221988251190247,27132.429430384254,0.00495029583634354,8.231559194051337e-06,2021404.9900980347,0.02435675267718649,0.08731481559192138,0.06152035208267871,0.2990537364464527,29.262543434633635,0.00010567983386016216,7.916856300991727e-10,1.043038853394087e+29,18043.53905826257,222216896592439.78,26850.22173430977,3.2272068372158984e+16,38208.21657722535,9.989810544094894e+27,27116.49893858921,7.130387310624075e+26,643.7244380868593,1.1023555670329306e-06,43965.613728112316,3.0022894933384997e-07,10327.628410275303,0.000123204383763235,98514.76350268575,0.0006041824662672464,13259.22976983084,5.454909804323814e-10,8.932158929268053e-18,0.3032488005637212,6.864122014588364e-11,0.2709450118758206,0.7290549880555381,,1.9955417131273628e-12,906794.6067462238,4.2264931136895223e-10,1.228416690634292e-10,metal,metal,intact
3.352181382540347e-07,74553.8729902878,0.081996438651613,35025.28690675529,1.9950569104335533e-17,70086.88933494168,0.22103101567037725,130726.90855288845,0.0027654076066436946,1.0470000890218114e-06,1401975.5590568706,0.012152968952143147,0.04148392951575638,0.08691143036216196,0.05053625781319154,27.86254131582279,0.00012398298969045228,5.85173137177075e-10,1.131690601462178e+29,21835.151869588728,52972523332229.23,29247.406468014895,1.7337449264819156e+16,42096.36991466548,2.3224754320742207e+27,31521.739575021285,6.949811312389724e+26,893.9828543967137,4.609751529780121e-06,66254.9006953514,2.787295555714695e-08,43782.841546765856,0.00011377792486015851,78952.23580076772,0.0005761449512259154,23133.204310751295,1.8215500109885437e-05,3.14099188273963e-14,0.050012917030648245,1.5366384541116532e-07,0.36311785752178005,0.6368819888143745,,3.0748284165330377e-09,407366.72920790216,1.4076443225251513e-05,4.139056884633924e-06,metal,metal,intact
4.9993547572230044e-08,73010.2156598103,0.0457617721851349,35644.738686852135,3.2876951214482016e-17,70605.38657374511,0.260923232217261,165089.95697684458,0.0008150398847830107,4.294400668244525e-07,6156300.7314986475,0.00876295781100614,0.059467094347790926,0.012391823969815575,0.4400180440972618,76.34321871554872,6.2343575569267e-05,6.708902285386603e-10,1.1539577810475294e+29,22811.823292298166,290188504709271.3,26426.87365511268,3042597088004524.0,49925.39659824611,5.964894655298212e+27,37861.706356484916,1.3774795196698025e+27,997.4069300521476,2.441091893907036e-07,46349.518195697565,9.67718709315877e-07,9552.230581312033,4.5074489890748575e-05,76918.15304866711,0.00014628191037511295,34585.35803141308,2.648837971697175e-05,4.0726862736273575e-12,0.661427290421201,5.303132734786451e-07,0.000567234422317016,0.9994322352644095,,4.2067908870519327e-10,6140765.13099326,2.4351910454067126e-05,2.1364692629046247e-06,metal,metal,intact
2.807233973682234e-07,79425.85806806746,0.047241771179372935,38946.611343220706,6.012491444262326e-17,69338.0422996467,0.33861166691035455,49810.78085592139,0.0017767284550289524,6.515806614235994e-06,2888140.1673552706,0.06310341054234599,0.06920536184479419,0.041691309286846105,0.36651021740470957,65.95891123745122,0.0004011142234072354,6.272849982398412e-10,1.1006994151450738e+29,15534.809728898861,615948017864406.6,28198.81722447788,9217804404445000.0,43314.0980274751,7.046742611137823e+27,26044.318764080403,1.2100844569432772e+27,792.107839513679,8.374630504033747e-06,51013.00993159636,4.2686166288688044e-07,6247.95011988843,6.252896428849299e-05,83115.43242106924,0.0004934291234245478,10405.36957312817,1.4724545100773237e-07,4.999504148481642e-16,0.46550678484756863,4.039611642734991e-09,0.5113500986910636,0.4886498972693247,,8.426207833042471e-11,134663.69643191548,8.453567848531945e-08,6.270977252241292e-08,oxide,mixed,mixed
2.2142334117129844e-07,78014.84222719823,0.061724870948763444,38434.932054986195,3.6605949198130446e-17,69371.51357844581,0.24444971228874468,44394.50280209283,0.0028848660577809266,6.47283222216407e-06,5784678.323393758,0.00575534939536092,0.02946182851354782,0.02744448080706566,0.09440669305918371,45.689764690472416,8.653142914746785e-05,4.965045714215325e-10,1.1598762521890198e+29,22508.627095887794,71642099271907.56,26080.822626861966,2.4043913336692852e+16,39485.132222499415,6.123228616513129e+27,37364.122381565205,1.471967891902437e+27,638.8910564688803,5.419113356514345e-07,51315.95202187737,4.465719882196242e-07,9896.244351937068,5.953562129894781e-05,73168.41910918975,0.00021911384004742838,12860.466488291806,9.418837896448026e-10,3.019683120681745e-18,0.4774366436254983,1.9322163050717696e-10,0.6216529462050016,0.37834705360177695,,1.9016808801122243e-12,411277.68134992314,7.719218078373868e-10,1.6996198180741583e-10,oxide,oxide,intact
1.619711707164823e-07,72480.43882935194,0.08838343510335944,34236.66437174446,1.3356538303386924e-17,70764.81127890098,0.20908613454546676,165254.18418132694,0.002235281192654368,9.78501923513393e-06,3820558.3822088265,0.048878216265475255,0.07254395711357302,0.0013045953852526123,0.20692449592774104,42.483642622700096,0.00039991737918183953,8.009719115955398e-10,9.998895314727291e+28,23087.587198022717,150428981203006.06,27475.047913438568,4.984761101580878e+16,46782.381531584586,2.161162163545384e+27,22224.810631703604,1.8679865244776412e+27,1244.9942067315233,7.275911379496001e-06,56520.355895363115,2.326629139257155e-07,34272.35560662934,0.00010893314728783366,75744.4919873558,0.0009155123679657391,11089.116602846767,0.0046517762032721715,6.431177600061739e-10,0.39048663476339446,9.529988675278206e-07,0.028373859229260286,0.971625187771872,,5.842869515917733e-08,3575123.156406535,0.004067041493883111,0.0005847347093890605,metal,metal,intact
2.5674807603574037e-07,69347.4586426494,0.08616489397844415,18691.11747127795,3.075982453851973e-17,70893.52948930828,0.127803045060386,45466.37975978042,0.004096756730273451,9.75098921279304e-06,9447162.007785542,0.06790616812252197,0.06368238108196726,0.00853625691441387,0.21265381838288985,40.06193675912171,0.0004009108082511673,9.364360279564156e-10,9.158404103509955e+28,18538.28538575927,770583693565549.0,29791.664406305288,1.1178726691004882e+16,36812.39511216425,5.480976724330614e+27,38945.93282583851,7.77846263028717e+26,746.299597117881,2.3152956594415957e-06,60620.324905802554,2.644183906935294e-07,22558.093166678416,0.00010438818391946694,89363.35636366198,0.00035071885396294113,39422.421022701725,1.728502849502689e-07,3.0309357027446764e-17,0.37187364585573224,1.5709082066342755e-08,0.077042850203748,0.92295713408717,,1.1722993753319075e-10,155.8992780641114,8.181830789617466e-09,1.6466845416065145e-07,metal,metal,pinhole
3.461005544332551e-07,79212.92950202191,0.05188175853603423,45044.51414333317,2.5691742187515104e-17,70760.82847684839,0.364368590277906,71839.04102390737,0.0015532881958573918,2.892957734160124e-06,979972.3789991263,0.06970620566127617,0.0678968794570461,0.016150001933031153,0.13961942351286524,74.03916372829364,6.171082301921622e-05,6.879358661775029e-10,1.0799140217736104e+29,15239.96874251846,552227664726319.5,28089.472393123833,4.165510779205272e+16,40222.01685561151,1.817842572228708e+26,31680.467551507907,1.2962611877877234e+27,822.3047457050562,6.436921071774964e-06,40970.25616498116,7.169948970233478e-07,15806.116973631528,1.4808082417002183e-05,72781.49191335874,0.0003845243475309461,15927.156335206915,1.2462894720576975e-06,9.570912925677634e-16,0.3215283858141039,6.247682086090206e-07,0.3229637423328514,0.6770356328989401,,2.7416408593876264e-09,901.9450001988832,2.6875751875408816e-07,9.775319533036094e-07,metal,mixed,mixed
2.5752692482552235e-07,69543.76097506293,0.08705502498043746,29321.655285089146,2.936944666727056e-17,69046.352773973,0.3958390140800227,40272.27601724655,0.0015305480155715279,1.3582302577682988e-06,6812113.666438183,0.03872721567528234,0.062192173414970714,0.09970129771092182,0.10020184721730252,29.34184474201767,0.0004788755251551466,5.079813265425084e-10,1.1459942744295495e+29,18234.029728001235,668052835597578.4,29580.626854463113,1.1462320252890626e+16,43750.98489375005,2.2255096586556575e+27,36113.73693074744,2.431019529070854e+25,1077.632381298588,3.3822490991177705e-06,62832.68344745274,4.0434210096233846e-07,9322.339520838997,0.00012333735783693687,97254.81005982176,0.0006110553395807983,28861.959773826187,0.00023153394834836804,1.7839899716598083e-14,0.5821832230417266,1.367606062799176e-06,0.42665261356015755,0.5733460188337798,,2.8621684026851125e-08,942.7742291135503,2.7080612712236682e-05,0.00020445333563613136,metal,mixed,mixed
2.821441235550656e-08,67292.69903031521,0.055270836866857714,18616.45318555936,6.453314826983115e-17,70598.09273633762,0.21343695093515114,79955.97944484548,0.00121301587245372,9.409681268008135e-06,2413156.536269899,0.013812546112514352,0.06828933810919524,0.006200457908462776,0.15862916381377679,43.5252488118826,2.3350736996287164e-05,7.181557236942154e-10,1.153115735403438e+29,17626.26244822763,59996714864294.57,26331.715577582087,1894646311120135.0,39524.091643997795,6.360332350784849e+27,33548.784589543386,3.4011898402436355e+26,1161.2407322404083,3.885740961213258e-06,40731.91550588855,9.964788813873938e-07,8353.356452605829,6.352349759724601e-05,97526.60086766788,0.0004304652306501393,6285.17206223953,0.00012488460985596292,1.1222260473242905e-12,0.5782293695018716,1.6915269829515082e-07,0.5290009239461406,0.47099890690116114,,4.508543067682089e-09,369598.3767983082,0.00010329823830288192,2.1586371553081006e-05,oxide,oxide,intact
4.083962596223032e-07,65473.2253061253,0.0723888497299997,28535.700321527256,5.720908512558345e-17,69954.62514945415,0.3395788373252634,39501.607294654306,0.003176741996096817,8.225738869286568e-08,6515182.523114166,0.07259540708930386,0.0837735468263317,0.025711904695878286,0.2430689746002347,24.046196597482517,0.00043190229770419356,7.520048998840185e-10,1.1664351777699221e+29,22252.86924941938,306386624973233.4,26136.03641261275,2.3504981855866628e+16,45977.83821964194,4.9070111310814845e+27,23823.99143231792,9.828638651387337e+26,655.1319465531154,1.8152746843823014e-06,44233.198708568096,1.199709490498952e-07,8314.580906697654,0.00011407486553287109,91209.79528654375,0.0003743708667604644,5411.652872110111,3.655441545557988e-08,1.1391851933477292e-17,0.3593121058785781,1.0146650609156681e-09,0.08411898962246488,0.91588100936287,,7.825914786632521e-12,5258995.544651391,2.937120910470992e-08,7.18320635086996e-09,metal,metal,intact
1.1913551051586368e-07,77068.85069556259,0.04311834509197427,1335.6119471142147,5.92161072101578e-17,70160.08048084321,0.2304534329223133,108776.86439691766,0.001314799969234205,5.971341922922417e-06,8385625.968862467,0.010151984221559966,0.04240515983336404,0.04196171053816365,0.1871671140681636,37.753467361933,0.0003519785845154062,4.604284205193312e-10,1.1438630490375609e+29,24493.293159916724,135934641195738.81,29509.235606130824,4.292333278868176e+16,41593.411147940235,7.544670669808221e+27,22184.67625666186,1.6244805454056872e+27,948.9617082509766,7.590753638083743e-06,61111.394619516796,4.364793309129782e-07,39938.36863017974,6.335575926537661e-05,86328.66483340094,0.0008306484588281393,10383.986505426321,4.311805535463103e-05,1.4867725207126715e-13,0.4007295300862287,2.6364393406403764e-08,0.46660358891642684,0.5333963847191798,,9.479410999345401e-10,1736358.3596174172,3.5711587981412756e-05,7.406467373218276e-06,metal,oxide,intact
1.1166454214421532e-07,64634.93486615596,0.019676363255546163,7125.316753531695,6.170469598322943e-17,69812.69279863953,0.13817361272563883,131398.74513176066,0.0006179288957229227,3.849990535618644e-06,1620935.5940692069,0.08924387883274362,0.0877960433510456,0.03009031261359646,0.23521051033297824,73.92278868479835,7.752449768290017e-05,7.454871999974573e-10,9.019076679478094e+28,18299.384620531247,312389256297540.75,27255.437250782514,1.597891689492087e+16,36074.71726168986,1.0809557840550225e+27,31013.448688039247,1.2482142978626468e+26,1122.4924762099358,6.506277424864341e-06,52087.066608596215,9.358059567697685e-07,9721.919971143925,8.251956401676889e-05,72229.35591573751,0.0007121734591529125,13201.54912133516,0.0012138146211705084,1.4982290603910144e-11,0.5116024975665243,2.27222194764397e-06,0.17833550173992885,0.8216622260381234,,3.925141683397654e-08,963465.2650911467,0.0009135482990631,0.00030026632210740833,metal,metal,intact
2.637620183756966e-07,76689.5111747625,0.09738510767061194,42396.367007381195,6.11530657984904e-17,70416.85679069786,0.2929767583429149,91495.44540077286,0.004964864035866845,4.726838152443706e-06,8869420.252769103,0.07581115713245133,0.03812500653507511,0.06801794697823517,0.3717520581646094,74.6439970895002,0.00044951423485507336,3.5708114787137273e-10,8.291357353969424e+28,23474.456749786572,426196811420046.5,25595.40093378406,1.971127259502464e+16,40211.48963720906,3.756207206967515e+27,26197.085353853152,3.97165036742074e+25,914.572131901007,8.118268347958606e-06,41560.15688840629,7.831407663872916e-07,25131.96472231447,7.410924384014863e-05,75952.32798714888,0.0005523209098129375,18372.966581564637,1.5762012436076165e-05,3.7358349869024356e-14,0.5616174284233962,1.9867072361471835e-08,0.398194051369474,0.6018059287634534,,2.075971826775938e-09,1733761.1062864636,1.0749818930415036e-05,5.012193505661129e-06,metal,mixed,mixed
4.26565260714538e-08,75727.6572559339,0.03305730980840664,16392.972024711937,1.2554775181672744e-17,69591.30720590508,0.18378774581404722,104344.28135013176,0.0036922239687507993,8.748235349982629e-06,2322333.962694658,0.07395267379653973,0.07626251070400954,0.015843871275400774,0.473189416250615,12.839972302591992,0.0002827948718362804,7.967831815532226e-10,1.1614356013031163e+29,24576.148628486553,12188465415421.984,25541.62605598138,5.887183894889133e+16,36883.954178351196,9.379962564522292e+27,22280.022241883926,1.5453974078564774e+27,619.4178522465444,5.873978781614722e-06,41971.875204626485,7.978037470520321e-08,43515.70972758612,0.00012856433266045456,97998.27166752829,0.000684097100918448,13060.453525508565,8.94353836523021e-11,1.567648023041916e-19,0.030606589430947122,7.405529803909039e-10,0.3111434398170373,0.6888565594424096,,2.8340862458024927e-13,2508.338731006302,2.2026621991678756e-11,6.740876166062334e-11,metal,mixed,mixed
4.1964555564003366e-07,74722.55452129246,0.015796898403153695,19367.328581739574,1.0385459831932052e-17,70797.82156291463,0.3025424638868066,119363.06587689194,0.001464066816760284,2.980848524794131e-07,938218.3094659442,0.04742892317139419,0.003225754382005871,0.06186255274521398,0.30296351342365024,17.293995031027308,0.00020831352377053967,7.647187198242675e-10,9.789591841505781e+28,15589.061432547658,688528973401606.9,25413.672219660377,3158989766448441.5,47710.20486701378,4.207568577681791e+27,38747.386006908346,4.5634821527066855e+26,959.6215321721465,5.340072064870955e-06,57484.16580587215,8.242605042088491e-07,26573.39041904565,0.00012250333125498738,75643.31629498926,0.0007409671422307986,7314.9193538652435,1.750581019097998e-05,8.025185894634716e-14,0.30804390628681905,1.4224108192548062e-07,0.05884974035218088,0.9411501174067372,,3.003493580436216e-09,817587.6875232363,1.5417966961290367e-05,2.087843229689614e-06,metal,metal,intact
1.1075793845365088e-07,69166.04498789826,0.02047628986847431,33466.75710979804,1.304282907792355e-17,69295.21179363035,0.1683238975473333,151201.2331522504,0.0013576955496989612,1.337918235993094e-06,9545867.60265772,0.05891519695205377,0.08858360121820869,0.07096660707056318,0.11260828033340778,1.762545924314724,2.640943516329829e-05,5.582710884189558e-10,1.0215811280247134e+29,17831.671958545474,796157364516641.5,25517.976064170634,4.903341202903181e+16,40828.89889205263,5.470695902741296e+27,36013.26142223828,5.784476703132489e+26,906.8406355979972,3.3607044324912023e-06,66542.46693869824,6.425049513377406e-07,13798.72648174778,2.129221920654111e-05,74657.33965163815,0.000838904236364705,17732.099119895134,1.0443927511299694e-05,5.6192883011638756e-14,0.6231675820001972,4.851738737775069e-08,0.06469397382516227,0.9353059776574503,,7.555794917764196e-10,8105814.427778411,8.048652629929375e-06,2.395274881370319e-06,metal,metal,intact
2.441936501525554e-07,62020.801182381016,0.06276515413161105,37586.55077841273,6.305870748283098e-17,69677.97596528885,0.09132559793805015,50962.36622014845,0.004997148607017008,6.785672381533644e-06,378682.72505417996,0.07223959134174521,0.06509441330071566,0.06663424233365763,0.21833392849178315,42.590923142608695,0.0003679814827727625,9.51070490502338e-10,9.291614237214789e+28,21671.771654212647,694089087546706.5,25613.209097584007,3.1103793193277764e+16,45752.114691919945,6.771696961292471e+27,29822.242272966763,1.161653122900955e+27,593.4635254257349,2.8450502807061287e-06,55884.02974372564,8.302825648958936e-07,11935.775746697662,5.541334243529699e-05,77315.73667555739,0.000596669788450713,32445.827484288548,2.971593453932925e-11,3.200098195823433e-19,0.20656146392730665,9.899008816071973e-11,0.4476778886956312,0.5523221112053786,,4.838021529398102e-13,30013.2670247938,1.660659026184391e-11,1.310934427748534e-11,metal,mixed,mixed
5.4492157494870056e-09,65541.20873089881,0.08930263222993838,6446.907000561031,5.686458508322189e-17,69440.52133276513,0.170632608245518,32894.75230541817,0.0014762513753609461,1.789236270473047e-06,6354356.118578258,0.015035844716792346,0.015770252319251162,0.04290789046124452,0.19003181309803938,89.31818939417771,9.914383456334317e-05,4.822866135563392e-10,9.542688901522189e+28,23523.882802308544,44607794708544.055,28513.029931351324,5.227351201811041e+16,49296.31102828839,7.801247451667765e+27,39849.29762000743,5.324886555981565e+26,879.7473235519994,8.135171343415572e-06,42671.73196477675,3.539693292223237e-08,27343.68861246777,2.8593922961876904e-05,90514.4490201406,2.831884967105682e-05,12525.900984341151,4.4594550388897763e-07,7.126071477498055e-16,0.16770207684478533,9.204674170779796e-11,0.37595408258237034,0.6240459173255828,,6.175037968045934e-12,2120331.7037025276,3.934171192481514e-07,5.252838464082624e-08,metal,metal,intact
3.9643428961307647e-07,64686.18536223,0.09570699689957635,23320.295421798855,3.811332911908765e-17,70249.29622117558,0.34064252070907386,115846.68377868657,0.0032759457773273385,8.279688965065281e-06,2082128.5008604627,0.07514186210243395,0.08098452310905795,0.07482748914419937,0.4250674056814515,4.652586848949992,0.00046300493293510524,6.659708797061933e-10,1.0979977855879584e+29,23437.64626277684,4685037433479.572,27601.644303162655,5.575638115567874e+16,35176.28561794157,8.737556351079362e+27,37520.979427685714,1.92074018276774e+27,1210.8454801630053,2.096720157988543e-06,69901.77050661691,3.347495332613126e-07,17074.801390019482,6.268351189478448e-05,95947.21024363782,0.000553978142721506,24023.0353403171,0.0024125097576647705,3.36940282785523e-11,0.40132106768798076,5.844814108895794e-06,0.2919738918841656,0.7080202633017254,,8.555480574323255e-08,808998.3465533599,0.0016895816686011613,0.0007229280890636092,metal,metal,intact
3.6057495128963505e-08,77701.99786165074,0.014063702163877142,3275.912924484737,1.0763669086416858e-17,70738.43273903547,0.2512103169183989,62425.08749006916,0.0009421540837745756,3.4177169385932476e-06,5842685.080419719,0.01844195649811504,0.03020076334242717,0.05427869635733676,0.36995375981641676,45.332069132484854,0.00018798132371405926,9.94100725744268e-10,8.720887117967733e+28,24157.238858401113,600573965413029.6,26692.16892201104,3.699980346405678e+16,37904.02529912931,3.7429989042947865e+27,21931.45214465764,7.10603107159655e+26,823.0436802708153,5.468331823787431e-06,68654.73221847412,8.998002111848738e-07,19059.724974902645,5.274675210646059e-05,78078.15582180177,0.0007097391335622983,21953.58565067861,2.657308135777056e-07,2.0708480272390932e-16,0.5357798140311196,1.22190565995739e-08,0.5544823656444041,0.4455176221365393,,7.260034718368473e-11,22017.565571380204,1.2334958001993157e-07,1.4238123355777404e-07,oxide,mixed,mixed
2.007012131578382e-07,73382.20684455578,0.07774368038493708,32990.48373884513,5.5407980169124324e-17,70721.62512542077,0.19604302078117386,117343.35493383782,0.004924343987092426,4.311361281501388e-06,90460.02642031663,0.010734461084012586,0.0035876273003794465,0.0860165656205922,0.48515587720981607,64.17174455702994,0.00010096055380952616,6.600322442563032e-10,8.335624348241924e+28,22109.981301159238,179880246134433.6,27567.268744769688,2.7138803574566004e+16,48694.03934367808,9.881598471779236e+27,24836.567562912034,1.3514700126246144e+27,1162.789537614263,1.4358732730824896e-06,40660.138960690136,9.515099213795858e-07,34719.32712554141,9.129781194628059e-05,98162.06170301608,0.00017524320700611023,27396.152910934135,2.7799910796205724e-05,1.4808096306091056e-11,0.14982944646097884,3.2104939224359558e-06,0.023414891835514984,0.9765818976705626,,7.09558333465896e-09,85733.44637126633,2.494567353621658e-05,2.854237259989145e-06,metal,metal,intact
1.9332364395431692e-07,70811.62217043397,0.005971683623907441,2302.249307300199,6.50782797007002e-17,70956.37792928507,0.22227472394960812,61499.20071707544,0.0008931700082229356,9.060442027409971e-06,6307626.724239802,0.06546914076149292,0.01740024005925223,0.020058906247384902,0.3996157743319915,20.52722976288406,0.00047094423482494714,7.395855099981922e-10,9.319236412867293e+28,15391.483432009622,478554839702411.6,29578.61424753313,3.502096734081283e+16,38112.45750921076,8.398852715449797e+27,25807.377650431117,1.1006124161551966e+27,694.4849138448094,8.935210393178457e-06,49960.11235284134,5.651115733412692e-07,30847.020030747775,6.134564338544818e-05,90636.1178690118,0.0009209190365594874,25475.349782120047,2.2431681511859267e-08,3.007431567661811e-17,0.29055531756345604,1.728399796023694e-08,0.3649643613827935,0.6350356213332086,,1.4127782235535789e-11,10138.628180064703,7.181582208352601e-09,1.5250099303506665e-08,metal,mixed,mixed
3.242377706196136e-07,69904.69812522263,0.03488436956621684,18407.26827948464,3.2472762839053806e-17,69959.93102164913,0.1932890511770531,79109.17192715715,0.0005671972781750931,1.092315838523623e-06,986739.9420815475,0.08725105301339799,0.02467244156939587,0.03133139859669362,0.49261039423134123,38.277287021888135,3.953684528334266e-05,5.202053507693802e-10,1.0964683280545968e+29,18917.19171922842,539147647606639.56,27283.52049842199,3.191753668129998e+16,45365.5165395447,9.410491605541636e+27,22082.331661491113,7.474620022891065e+25,1260.668750991872,5.437770875821218e-06,69454.94876067308,1.338882000107794e-07,42757.32953214239,8.774832401430149e-05,75336.65797841312,0.00044045940232539265,32907.66891438875,0.001292352368742747,1.552307416993289e-12,0.18724213718957938,2.4083242441788258e-06,0.4894085015708374,0.5105890901049184,,5.300592838115482e-08,84279.55411773213,0.0008559054537775888,0.00043644691496515817,metal,mixed,mixed
3.2028312206149793e-07,68400.71348832721,0.05009714372008047,40551.92196572926,3.610468762247117e-17,69495.15717069719,0.09302164030471238,167010.89322109686,0.0016883414223855084,9.510741167727193e-06,7978335.417028848,0.006755177715658102,0.0685542440750795,0.06604011064449962,0.4580400212111475,42.34778494311823,0.00017836825749265937,4.852272757066508e-10,8.854988898580354e+28,24380.884878635326,39866017656018.1,27848.562721326434,1.0537691706288688e+16,37971.559390638686,3.2314165579095225e+27,38299.23371990444,7.533268333826531e+26,825.0042900531196,5.181243475186277e-06,40207.849556877634,9.215799695775657e-07,41686.70985195462,9.376911695723088e-05,86707.30681597847,0.0004832956041690799,26349.491861270006,2.7787656910357843e-06,8.088723741589068e-15,0.3783442354919378,4.210345035668324e-09,0.6096198903520407,0.3903801054376144,,9.970632930907246e-10,216244.40772411687,1.7250310744667855e-06,1.0537346165689988e-06,oxide,mixed,mixed
2.7749924172803227e-07,63727.11059594304,0.05349685653950154,30090.39084792987,3.383366907181131e-17,69200.36567555973,0.12658665831941895,22350.73597933892,0.0038606128209814476,9.247610774717765e-06,7458967.618462588,0.07170401852202066,0.07214059704936351,0.07434753132586204,0.2917973927184401,25.683949017748077,0.00011547839715220836,3.5318193611067144e-10,8.481532861463789e+28,15294.177667821674,638904291702316.6,26363.88651074072,5.934108724331624e+16,45943.079474712984,5.505123637592075e+27,34329.95171407414,1.94918697154569e+27,911.9096930434571,1.976753212864157e-06,62491.97391738802,4.13007736137263e-07,29343.897072424897,0.00011369092638935251,72084.30530404953,0.0005091557960162788,24405.47290560163,1.2910688547860516e-06,3.1146497526598583e-16,0.4291519505196369,2.9080002378804003e-08,0.17265795913637239,0.8273420117836253,,1.05805511591206e-09,292.76002898623295,7.146544184627227e-08,1.2196034129397793e-06,metal,metal,pinhole
1.11906155168601e-08,62594.83955459028,0.031809850061639985,16160.557941393603,2.2646335103068035e-17,69633.51098931403,0.12023507465622738,139519.79311013455,0.002341222510148435,9.654511487537266e-06,5136077.227478419,0.08028605608546388,0.0904621543138738,0.011781844869558548,0.1092469920261544,2.1830561347380297,0.000378184356444869,5.131665706799994e-10,9.98867440676495e+28,15463.04679139098,293212803407496.5,27264.22402833518,4.8784994019028296e+16,41784.88467165425,7.925833642391641e+27,34417.77554051006,6.098640478940154e+25,976.7264556062707,8.606546026057233e-07,51706.31936792907,3.0875381039623043e-07,25670.12493407993,6.105265710414808e-06,91610.21476259586,0.00015059622758993563,36075.80385577404,3.2096125908576203e-06,2.7953111350377666e-13,0.4015878712221453,1.330056671381973e-08,0.036900904603378956,0.9630990820960543,,1.6162613899523582e-10,4688059.5353429485,2.6035079905529348e-06,6.061046003046856e-07,metal,metal,intact
